# Made in Blockbench 5.2.1
mtllib materials.mtl

o rear_mounting_plate
v 0.09375 0.161875 0.97625
v 0.90625 0.161875 0.97625
v 0.92875 0.18437499999999998 0.97625
v 0.92875 0.815625 0.97625
v 0.90625 0.838125 0.97625
v 0.09375 0.838125 0.97625
v 0.07125000000000001 0.815625 0.97625
v 0.07125000000000001 0.18437499999999998 0.97625
v 0.09375 0.15625 0.9818749999999999
v 0.90625 0.15625 0.9818749999999999
v 0.934375 0.184375 0.9818749999999999
v 0.934375 0.815625 0.9818749999999999
v 0.90625 0.84375 0.9818749999999999
v 0.09375 0.84375 0.9818749999999999
v 0.065625 0.815625 0.9818749999999999
v 0.065625 0.184375 0.9818749999999999
v 0.09375 0.15625 0.994375
v 0.90625 0.15625 0.994375
v 0.934375 0.184375 0.994375
v 0.934375 0.815625 0.994375
v 0.90625 0.84375 0.994375
v 0.09375 0.84375 0.994375
v 0.065625 0.815625 0.994375
v 0.065625 0.184375 0.994375
v 0.09375 0.161875 1
v 0.90625 0.161875 1
v 0.92875 0.18437499999999998 1
v 0.92875 0.815625 1
v 0.90625 0.838125 1
v 0.09375 0.838125 1
v 0.07125000000000001 0.815625 1
v 0.07125000000000001 0.18437499999999998 1
v 0.5 0.5 0.9762500000000001
v 0.5 0.5 1
vt 0.0625 0.9375
vt 0.9375 0.9375
vt 0.9375 0.0625
vt 0.0625 0.0625
vt 0.0625 0.9375
vt 0.9375 0.9375
vt 0.9375 0.0625
vt 0.0625 0.0625
vt 0.0625 0.9375
vt 0.9375 0.9375
vt 0.9375 0.0625
vt 0.0625 0.0625
vt 0.0625 0.9375
vt 0.9375 0.9375
vt 0.9375 0.0625
vt 0.0625 0.0625
vt 0.0625 0.9375
vt 0.9375 0.9375
vt 0.9375 0.0625
vt 0.0625 0.0625
vt 0.0625 0.9375
vt 0.9375 0.9375
vt 0.9375 0.0625
vt 0.0625 0.0625
vt 0.0625 0.9375
vt 0.9375 0.9375
vt 0.9375 0.0625
vt 0.0625 0.0625
vt 0.0625 0.9375
vt 0.9375 0.9375
vt 0.9375 0.0625
vt 0.0625 0.0625
vt 0.0625 0.9375
vt 0.9375 0.9375
vt 0.9375 0.0625
vt 0.0625 0.0625
vt 0.0625 0.9375
vt 0.9375 0.9375
vt 0.9375 0.0625
vt 0.0625 0.0625
vt 0.0625 0.9375
vt 0.9375 0.9375
vt 0.9375 0.0625
vt 0.0625 0.0625
vt 0.0625 0.9375
vt 0.9375 0.9375
vt 0.9375 0.0625
vt 0.0625 0.0625
vt 0.0625 0.9375
vt 0.9375 0.9375
vt 0.9375 0.0625
vt 0.0625 0.0625
vt 0.0625 0.9375
vt 0.9375 0.9375
vt 0.9375 0.0625
vt 0.0625 0.0625
vt 0.0625 0.9375
vt 0.9375 0.9375
vt 0.9375 0.0625
vt 0.0625 0.0625
vt 0.0625 0.9375
vt 0.9375 0.9375
vt 0.9375 0.0625
vt 0.0625 0.0625
vt 0.0625 0.9375
vt 0.9375 0.9375
vt 0.9375 0.0625
vt 0.0625 0.0625
vt 0.0625 0.9375
vt 0.9375 0.9375
vt 0.9375 0.0625
vt 0.0625 0.0625
vt 0.0625 0.9375
vt 0.9375 0.9375
vt 0.9375 0.0625
vt 0.0625 0.0625
vt 0.0625 0.9375
vt 0.9375 0.9375
vt 0.9375 0.0625
vt 0.0625 0.0625
vt 0.0625 0.9375
vt 0.9375 0.9375
vt 0.9375 0.0625
vt 0.0625 0.0625
vt 0.0625 0.9375
vt 0.9375 0.9375
vt 0.9375 0.0625
vt 0.0625 0.0625
vt 0.0625 0.9375
vt 0.9375 0.9375
vt 0.9375 0.0625
vt 0.0625 0.0625
vt 0.0625 0.9375
vt 0.9375 0.9375
vt 0.9375 0.0625
vt 0.0625 0.0625
vt 0.0625 0.9375
vt 0.9375 0.9375
vt 0.9375 0.0625
vt 0.0625 0.9375
vt 0.9375 0.9375
vt 0.9375 0.0625
vt 0.0625 0.9375
vt 0.9375 0.9375
vt 0.9375 0.0625
vt 0.0625 0.9375
vt 0.9375 0.9375
vt 0.9375 0.0625
vt 0.0625 0.9375
vt 0.9375 0.9375
vt 0.9375 0.0625
vt 0.0625 0.9375
vt 0.9375 0.9375
vt 0.9375 0.0625
vt 0.0625 0.9375
vt 0.9375 0.9375
vt 0.9375 0.0625
vt 0.0625 0.9375
vt 0.9375 0.9375
vt 0.9375 0.0625
vt 0.0625 0.9375
vt 0.9375 0.9375
vt 0.9375 0.0625
vt 0.0625 0.9375
vt 0.9375 0.9375
vt 0.9375 0.0625
vt 0.0625 0.9375
vt 0.9375 0.9375
vt 0.9375 0.0625
vt 0.0625 0.9375
vt 0.9375 0.9375
vt 0.9375 0.0625
vt 0.0625 0.9375
vt 0.9375 0.9375
vt 0.9375 0.0625
vt 0.0625 0.9375
vt 0.9375 0.9375
vt 0.9375 0.0625
vt 0.0625 0.9375
vt 0.9375 0.9375
vt 0.9375 0.0625
vt 0.0625 0.9375
vt 0.9375 0.9375
vt 0.9375 0.0625
vn 0 -0.7071067811865476 -0.7071067811865476
vn 0.5773502691896268 -0.5773502691896263 -0.5773502691896243
vn 0.7071067811865476 0 -0.7071067811865476
vn 0.577350269189626 0.577350269189626 -0.5773502691896255
vn 0 0.7071067811865476 -0.7071067811865476
vn -0.5773502691896251 0.5773502691896257 -0.5773502691896266
vn -0.7071067811865467 0 -0.7071067811865483
vn -0.5773502691896258 -0.5773502691896258 -0.5773502691896257
vn 0 -1 0
vn 0.7071067811865481 -0.7071067811865469 0
vn 1 0 0
vn 0.7071067811865476 0.7071067811865476 0
vn 0 1 0
vn -0.707106781186547 0.707106781186548 0
vn -1 0 0
vn -0.7071067811865477 -0.7071067811865474 0
vn 0 -0.7071067811865476 0.7071067811865476
vn 0.5773502691896271 -0.577350269189626 0.5773502691896243
vn 0.7071067811865476 0 0.7071067811865476
vn 0.5773502691896257 0.5773502691896257 0.5773502691896257
vn 0 0.7071067811865476 0.7071067811865476
vn -0.5773502691896252 0.5773502691896261 0.5773502691896263
vn -0.7071067811865467 0 0.7071067811865483
vn -0.5773502691896258 -0.5773502691896255 0.5773502691896258
vn 0 3.2834692040670065e-16 -1
vn 0 0 1
vn -1.4914834923595707e-16 1.4914834923595707e-16 -1
vn 0 0 1
vn -2.589441456851677e-16 0 -1
vn 0 0 1
vn -1.4914834923595707e-16 -1.4914834923595707e-16 -1
vn 0 0 1
vn 0 -3.2834692040670065e-16 -1
vn 0 0 1
vn 1.4914834923595707e-16 -1.4914834923595707e-16 -1
vn 0 0 1
vn 2.589441456851677e-16 0 -1
vn 0 0 1
vn 1.4914834923595707e-16 1.4914834923595707e-16 -1
vn 0 0 1
usemtl m_318723fc-ca87-c40d-e50f-4df18cb44342
f 1/1/1 2/2/1 10/3/1 9/4/1
f 2/5/2 3/6/2 11/7/2 10/8/2
f 3/9/3 4/10/3 12/11/3 11/12/3
f 4/13/4 5/14/4 13/15/4 12/16/4
f 5/17/5 6/18/5 14/19/5 13/20/5
f 6/21/6 7/22/6 15/23/6 14/24/6
f 7/25/7 8/26/7 16/27/7 15/28/7
f 8/29/8 1/30/8 9/31/8 16/32/8
f 9/33/9 10/34/9 18/35/9 17/36/9
f 10/37/10 11/38/10 19/39/10 18/40/10
f 11/41/11 12/42/11 20/43/11 19/44/11
f 12/45/12 13/46/12 21/47/12 20/48/12
f 13/49/13 14/50/13 22/51/13 21/52/13
f 14/53/14 15/54/14 23/55/14 22/56/14
f 15/57/15 16/58/15 24/59/15 23/60/15
f 16/61/16 9/62/16 17/63/16 24/64/16
f 17/65/17 18/66/17 26/67/17 25/68/17
f 18/69/18 19/70/18 27/71/18 26/72/18
f 19/73/19 20/74/19 28/75/19 27/76/19
f 20/77/20 21/78/20 29/79/20 28/80/20
f 21/81/21 22/82/21 30/83/21 29/84/21
f 22/85/22 23/86/22 31/87/22 30/88/22
f 23/89/23 24/90/23 32/91/23 31/92/23
f 24/93/24 17/94/24 25/95/24 32/96/24
f 33/97/25 2/98/25 1/99/25
f 34/100/26 25/101/26 26/102/26
f 33/103/27 3/104/27 2/105/27
f 34/106/28 26/107/28 27/108/28
f 33/109/29 4/110/29 3/111/29
f 34/112/30 27/113/30 28/114/30
f 33/115/31 5/116/31 4/117/31
f 34/118/32 28/119/32 29/120/32
f 33/121/33 6/122/33 5/123/33
f 34/124/34 29/125/34 30/126/34
f 33/127/35 7/128/35 6/129/35
f 34/130/36 30/131/36 31/132/36
f 33/133/37 8/134/37 7/135/37
f 34/136/38 31/137/38 32/138/38
f 33/139/39 1/140/39 8/141/39
f 34/142/40 32/143/40 25/144/40
o thin_wall_housing
v 0.07999999999999999 0.14375000000000002 0.81375
v 0.9199999999999999 0.14375000000000002 0.81375
v 0.95 0.17375000000000002 0.81375
v 0.95 0.8262499999999999 0.81375
v 0.9199999999999999 0.85625 0.81375
v 0.07999999999999999 0.85625 0.81375
v 0.049999999999999996 0.8262499999999999 0.81375
v 0.049999999999999996 0.17375000000000002 0.81375
v 0.07999999999999999 0.13 0.8275
v 0.92 0.13 0.8275
v 0.96375 0.17375000000000002 0.8275
v 0.96375 0.82625 0.8275
v 0.92 0.87 0.8275
v 0.07999999999999999 0.87 0.8275
v 0.03625 0.82625 0.8275
v 0.03625 0.17375000000000002 0.8275
v 0.07999999999999999 0.13 0.9724999999999999
v 0.92 0.13 0.9724999999999999
v 0.96375 0.17375000000000002 0.9724999999999999
v 0.96375 0.82625 0.9724999999999999
v 0.92 0.87 0.9724999999999999
v 0.07999999999999999 0.87 0.9724999999999999
v 0.03625 0.82625 0.9724999999999999
v 0.03625 0.17375000000000002 0.9724999999999999
v 0.07999999999999999 0.14375000000000002 0.98625
v 0.9199999999999999 0.14375000000000002 0.98625
v 0.95 0.17375000000000002 0.98625
v 0.95 0.8262499999999999 0.98625
v 0.9199999999999999 0.85625 0.98625
v 0.07999999999999999 0.85625 0.98625
v 0.049999999999999996 0.8262499999999999 0.98625
v 0.049999999999999996 0.17375000000000002 0.98625
v 0.4999999999999999 0.5 0.8137499999999999
v 0.4999999999999999 0.5 0.98625
vt 0.0625 0.9375
vt 0.9375 0.9375
vt 0.9375 0.0625
vt 0.0625 0.0625
vt 0.0625 0.9375
vt 0.9375 0.9375
vt 0.9375 0.0625
vt 0.0625 0.0625
vt 0.0625 0.9375
vt 0.9375 0.9375
vt 0.9375 0.0625
vt 0.0625 0.0625
vt 0.0625 0.9375
vt 0.9375 0.9375
vt 0.9375 0.0625
vt 0.0625 0.0625
vt 0.0625 0.9375
vt 0.9375 0.9375
vt 0.9375 0.0625
vt 0.0625 0.0625
vt 0.0625 0.9375
vt 0.9375 0.9375
vt 0.9375 0.0625
vt 0.0625 0.0625
vt 0.0625 0.9375
vt 0.9375 0.9375
vt 0.9375 0.0625
vt 0.0625 0.0625
vt 0.0625 0.9375
vt 0.9375 0.9375
vt 0.9375 0.0625
vt 0.0625 0.0625
vt 0.0625 0.9375
vt 0.9375 0.9375
vt 0.9375 0.0625
vt 0.0625 0.0625
vt 0.0625 0.9375
vt 0.9375 0.9375
vt 0.9375 0.0625
vt 0.0625 0.0625
vt 0.0625 0.9375
vt 0.9375 0.9375
vt 0.9375 0.0625
vt 0.0625 0.0625
vt 0.0625 0.9375
vt 0.9375 0.9375
vt 0.9375 0.0625
vt 0.0625 0.0625
vt 0.0625 0.9375
vt 0.9375 0.9375
vt 0.9375 0.0625
vt 0.0625 0.0625
vt 0.0625 0.9375
vt 0.9375 0.9375
vt 0.9375 0.0625
vt 0.0625 0.0625
vt 0.0625 0.9375
vt 0.9375 0.9375
vt 0.9375 0.0625
vt 0.0625 0.0625
vt 0.0625 0.9375
vt 0.9375 0.9375
vt 0.9375 0.0625
vt 0.0625 0.0625
vt 0.0625 0.9375
vt 0.9375 0.9375
vt 0.9375 0.0625
vt 0.0625 0.0625
vt 0.0625 0.9375
vt 0.9375 0.9375
vt 0.9375 0.0625
vt 0.0625 0.0625
vt 0.0625 0.9375
vt 0.9375 0.9375
vt 0.9375 0.0625
vt 0.0625 0.0625
vt 0.0625 0.9375
vt 0.9375 0.9375
vt 0.9375 0.0625
vt 0.0625 0.0625
vt 0.0625 0.9375
vt 0.9375 0.9375
vt 0.9375 0.0625
vt 0.0625 0.0625
vt 0.0625 0.9375
vt 0.9375 0.9375
vt 0.9375 0.0625
vt 0.0625 0.0625
vt 0.0625 0.9375
vt 0.9375 0.9375
vt 0.9375 0.0625
vt 0.0625 0.0625
vt 0.0625 0.9375
vt 0.9375 0.9375
vt 0.9375 0.0625
vt 0.0625 0.0625
vt 0.0625 0.9375
vt 0.9375 0.9375
vt 0.9375 0.0625
vt 0.0625 0.9375
vt 0.9375 0.9375
vt 0.9375 0.0625
vt 0.0625 0.9375
vt 0.9375 0.9375
vt 0.9375 0.0625
vt 0.0625 0.9375
vt 0.9375 0.9375
vt 0.9375 0.0625
vt 0.0625 0.9375
vt 0.9375 0.9375
vt 0.9375 0.0625
vt 0.0625 0.9375
vt 0.9375 0.9375
vt 0.9375 0.0625
vt 0.0625 0.9375
vt 0.9375 0.9375
vt 0.9375 0.0625
vt 0.0625 0.9375
vt 0.9375 0.9375
vt 0.9375 0.0625
vt 0.0625 0.9375
vt 0.9375 0.9375
vt 0.9375 0.0625
vt 0.0625 0.9375
vt 0.9375 0.9375
vt 0.9375 0.0625
vt 0.0625 0.9375
vt 0.9375 0.9375
vt 0.9375 0.0625
vt 0.0625 0.9375
vt 0.9375 0.9375
vt 0.9375 0.0625
vt 0.0625 0.9375
vt 0.9375 0.9375
vt 0.9375 0.0625
vt 0.0625 0.9375
vt 0.9375 0.9375
vt 0.9375 0.0625
vt 0.0625 0.9375
vt 0.9375 0.9375
vt 0.9375 0.0625
vt 0.0625 0.9375
vt 0.9375 0.9375
vt 0.9375 0.0625
vn 0 -0.7071067811865482 -0.7071067811865469
vn 0.5773502691896255 -0.5773502691896261 -0.5773502691896257
vn 0.7071067811865476 0 -0.7071067811865476
vn 0.5773502691896243 0.5773502691896243 -0.5773502691896288
vn 0 0.7071067811865476 -0.7071067811865476
vn -0.5773502691896251 0.5773502691896243 -0.577350269189628
vn -0.7071067811865487 0 -0.7071067811865465
vn -0.5773502691896263 -0.5773502691896261 -0.5773502691896251
vn 0 -1 0
vn 0.707106781186548 -0.707106781186547 0
vn 1 0 0
vn 0.7071067811865476 0.7071067811865476 0
vn 0 1 0
vn -0.7071067811865472 0.7071067811865479 0
vn -1 0 0
vn -0.7071067811865477 -0.7071067811865474 0
vn 0 -0.7071067811865482 0.7071067811865469
vn 0.5773502691896261 -0.5773502691896253 0.577350269189626
vn 0.7071067811865476 0 0.7071067811865476
vn 0.5773502691896242 0.5773502691896242 0.577350269189629
vn 0 0.7071067811865476 0.7071067811865476
vn -0.5773502691896247 0.5773502691896252 0.5773502691896276
vn -0.7071067811865486 0 0.7071067811865466
vn -0.5773502691896264 -0.5773502691896261 0.5773502691896248
vn 0 -3.116415507719738e-16 -1
vn 0 0 1
vn 1.430239001127415e-16 -1.4302390011274177e-16 -1
vn 0 0 1
vn 2.4671622769447914e-16 0 -1
vn 0 0 1
vn 1.430239001127416e-16 1.430239001127416e-16 -1
vn 0 0 1
vn 0 3.116415507719738e-16 -1
vn 0 0 1
vn -1.4302390011274177e-16 1.430239001127415e-16 -1
vn 0 0 1
vn -2.4671622769447924e-16 0 -1
vn 0 0 1
vn -1.4302390011274168e-16 -1.4302390011274168e-16 -1
vn 0 0 1
usemtl m_0e44b5f4-a416-a68e-b389-59feb60cdf54
f 35/145/41 36/146/41 44/147/41 43/148/41
f 36/149/42 37/150/42 45/151/42 44/152/42
f 37/153/43 38/154/43 46/155/43 45/156/43
f 38/157/44 39/158/44 47/159/44 46/160/44
f 39/161/45 40/162/45 48/163/45 47/164/45
f 40/165/46 41/166/46 49/167/46 48/168/46
f 41/169/47 42/170/47 50/171/47 49/172/47
f 42/173/48 35/174/48 43/175/48 50/176/48
f 43/177/49 44/178/49 52/179/49 51/180/49
f 44/181/50 45/182/50 53/183/50 52/184/50
f 45/185/51 46/186/51 54/187/51 53/188/51
f 46/189/52 47/190/52 55/191/52 54/192/52
f 47/193/53 48/194/53 56/195/53 55/196/53
f 48/197/54 49/198/54 57/199/54 56/200/54
f 49/201/55 50/202/55 58/203/55 57/204/55
f 50/205/56 43/206/56 51/207/56 58/208/56
f 51/209/57 52/210/57 60/211/57 59/212/57
f 52/213/58 53/214/58 61/215/58 60/216/58
f 53/217/59 54/218/59 62/219/59 61/220/59
f 54/221/60 55/222/60 63/223/60 62/224/60
f 55/225/61 56/226/61 64/227/61 63/228/61
f 56/229/62 57/230/62 65/231/62 64/232/62
f 57/233/63 58/234/63 66/235/63 65/236/63
f 58/237/64 51/238/64 59/239/64 66/240/64
f 67/241/65 36/242/65 35/243/65
f 68/244/66 59/245/66 60/246/66
f 67/247/67 37/248/67 36/249/67
f 68/250/68 60/251/68 61/252/68
f 67/253/69 38/254/69 37/255/69
f 68/256/70 61/257/70 62/258/70
f 67/259/71 39/260/71 38/261/71
f 68/262/72 62/263/72 63/264/72
f 67/265/73 40/266/73 39/267/73
f 68/268/74 63/269/74 64/270/74
f 67/271/75 41/272/75 40/273/75
f 68/274/76 64/275/76 65/276/76
f 67/277/77 42/278/77 41/279/77
f 68/280/78 65/281/78 66/282/78
f 67/283/79 35/284/79 42/285/79
f 68/286/80 66/287/80 59/288/80
o continuous_chamfered_outer_frame
v 0.08124999999999999 0.1375 0.78875
v 0.9187500000000001 0.1375 0.78875
v 0.95625 0.17500000000000002 0.78875
v 0.95625 0.8250000000000001 0.78875
v 0.9187500000000001 0.8625 0.78875
v 0.08124999999999999 0.8625 0.78875
v 0.04375 0.8250000000000001 0.78875
v 0.04375 0.17500000000000002 0.78875
v 0.08125 0.125 0.80125
v 0.91875 0.125 0.80125
v 0.96875 0.175 0.80125
v 0.96875 0.825 0.80125
v 0.91875 0.875 0.80125
v 0.08125 0.875 0.80125
v 0.03125 0.825 0.80125
v 0.03125 0.175 0.80125
v 0.08125 0.125 0.83375
v 0.91875 0.125 0.83375
v 0.96875 0.175 0.83375
v 0.96875 0.825 0.83375
v 0.91875 0.875 0.83375
v 0.08125 0.875 0.83375
v 0.03125 0.825 0.83375
v 0.03125 0.175 0.83375
v 0.110625 0.1825 0.83375
v 0.889375 0.1825 0.83375
v 0.91125 0.204375 0.83375
v 0.91125 0.795625 0.83375
v 0.889375 0.8175 0.83375
v 0.110625 0.8175 0.83375
v 0.08875 0.795625 0.83375
v 0.08875 0.204375 0.83375
v 0.110625 0.1825 0.80375
v 0.889375 0.1825 0.80375
v 0.91125 0.204375 0.80375
v 0.91125 0.795625 0.80375
v 0.889375 0.8175 0.80375
v 0.110625 0.8175 0.80375
v 0.08875 0.795625 0.80375
v 0.08875 0.204375 0.80375
v 0.11624999999999999 0.19625 0.78875
v 0.8837499999999999 0.19625 0.78875
v 0.8975 0.21000000000000002 0.78875
v 0.8975 0.7899999999999999 0.78875
v 0.8837499999999999 0.80375 0.78875
v 0.11624999999999999 0.80375 0.78875
v 0.1025 0.7899999999999999 0.78875
v 0.1025 0.21000000000000002 0.78875
vt 0.0625 0.9375
vt 0.9375 0.9375
vt 0.9375 0.0625
vt 0.0625 0.0625
vt 0.0625 0.9375
vt 0.9375 0.9375
vt 0.9375 0.0625
vt 0.0625 0.0625
vt 0.0625 0.9375
vt 0.9375 0.9375
vt 0.9375 0.0625
vt 0.0625 0.0625
vt 0.0625 0.9375
vt 0.9375 0.9375
vt 0.9375 0.0625
vt 0.0625 0.0625
vt 0.0625 0.9375
vt 0.9375 0.9375
vt 0.9375 0.0625
vt 0.0625 0.0625
vt 0.0625 0.9375
vt 0.9375 0.9375
vt 0.9375 0.0625
vt 0.0625 0.0625
vt 0.0625 0.9375
vt 0.9375 0.9375
vt 0.9375 0.0625
vt 0.0625 0.0625
vt 0.0625 0.9375
vt 0.9375 0.9375
vt 0.9375 0.0625
vt 0.0625 0.0625
vt 0.0625 0.9375
vt 0.9375 0.9375
vt 0.9375 0.0625
vt 0.0625 0.0625
vt 0.0625 0.9375
vt 0.9375 0.9375
vt 0.9375 0.0625
vt 0.0625 0.0625
vt 0.0625 0.9375
vt 0.9375 0.9375
vt 0.9375 0.0625
vt 0.0625 0.0625
vt 0.0625 0.9375
vt 0.9375 0.9375
vt 0.9375 0.0625
vt 0.0625 0.0625
vt 0.0625 0.9375
vt 0.9375 0.9375
vt 0.9375 0.0625
vt 0.0625 0.0625
vt 0.0625 0.9375
vt 0.9375 0.9375
vt 0.9375 0.0625
vt 0.0625 0.0625
vt 0.0625 0.9375
vt 0.9375 0.9375
vt 0.9375 0.0625
vt 0.0625 0.0625
vt 0.0625 0.9375
vt 0.9375 0.9375
vt 0.9375 0.0625
vt 0.0625 0.0625
vt 0.0625 0.9375
vt 0.9375 0.9375
vt 0.9375 0.0625
vt 0.0625 0.0625
vt 0.0625 0.9375
vt 0.9375 0.9375
vt 0.9375 0.0625
vt 0.0625 0.0625
vt 0.0625 0.9375
vt 0.9375 0.9375
vt 0.9375 0.0625
vt 0.0625 0.0625
vt 0.0625 0.9375
vt 0.9375 0.9375
vt 0.9375 0.0625
vt 0.0625 0.0625
vt 0.0625 0.9375
vt 0.9375 0.9375
vt 0.9375 0.0625
vt 0.0625 0.0625
vt 0.0625 0.9375
vt 0.9375 0.9375
vt 0.9375 0.0625
vt 0.0625 0.0625
vt 0.0625 0.9375
vt 0.9375 0.9375
vt 0.9375 0.0625
vt 0.0625 0.0625
vt 0.0625 0.9375
vt 0.9375 0.9375
vt 0.9375 0.0625
vt 0.0625 0.0625
vt 0.0625 0.9375
vt 0.9375 0.9375
vt 0.9375 0.0625
vt 0.0625 0.0625
vt 0.0625 0.9375
vt 0.9375 0.9375
vt 0.9375 0.0625
vt 0.0625 0.0625
vt 0.0625 0.9375
vt 0.9375 0.9375
vt 0.9375 0.0625
vt 0.0625 0.0625
vt 0.0625 0.9375
vt 0.9375 0.9375
vt 0.9375 0.0625
vt 0.0625 0.0625
vt 0.0625 0.9375
vt 0.9375 0.9375
vt 0.9375 0.0625
vt 0.0625 0.0625
vt 0.0625 0.9375
vt 0.9375 0.9375
vt 0.9375 0.0625
vt 0.0625 0.0625
vt 0.0625 0.9375
vt 0.9375 0.9375
vt 0.9375 0.0625
vt 0.0625 0.0625
vt 0.0625 0.9375
vt 0.9375 0.9375
vt 0.9375 0.0625
vt 0.0625 0.0625
vt 0.0625 0.9375
vt 0.9375 0.9375
vt 0.9375 0.0625
vt 0.0625 0.0625
vt 0.0625 0.9375
vt 0.9375 0.9375
vt 0.9375 0.0625
vt 0.0625 0.0625
vt 0.0625 0.9375
vt 0.9375 0.9375
vt 0.9375 0.0625
vt 0.0625 0.0625
vt 0.0625 0.9375
vt 0.9375 0.9375
vt 0.9375 0.0625
vt 0.0625 0.0625
vt 0.0625 0.9375
vt 0.9375 0.9375
vt 0.9375 0.0625
vt 0.0625 0.0625
vt 0.0625 0.9375
vt 0.9375 0.9375
vt 0.9375 0.0625
vt 0.0625 0.0625
vt 0.0625 0.9375
vt 0.9375 0.9375
vt 0.9375 0.0625
vt 0.0625 0.0625
vt 0.0625 0.9375
vt 0.9375 0.9375
vt 0.9375 0.0625
vt 0.0625 0.0625
vt 0.0625 0.9375
vt 0.9375 0.9375
vt 0.9375 0.0625
vt 0.0625 0.0625
vt 0.0625 0.9375
vt 0.9375 0.9375
vt 0.9375 0.0625
vt 0.0625 0.0625
vt 0.0625 0.9375
vt 0.9375 0.9375
vt 0.9375 0.0625
vt 0.0625 0.0625
vt 0.0625 0.9375
vt 0.9375 0.9375
vt 0.9375 0.0625
vt 0.0625 0.0625
vt 0.0625 0.9375
vt 0.9375 0.9375
vt 0.9375 0.0625
vt 0.0625 0.0625
vt 0.0625 0.9375
vt 0.9375 0.9375
vt 0.9375 0.0625
vt 0.0625 0.0625
vt 0.0625 0.9375
vt 0.9375 0.9375
vt 0.9375 0.0625
vt 0.0625 0.0625
vt 0.0625 0.9375
vt 0.9375 0.9375
vt 0.9375 0.0625
vt 0.0625 0.0625
vn 0 -0.7071067811865491 -0.707106781186546
vn 0.5773502691896273 -0.5773502691896267 -0.5773502691896233
vn 0.7071067811865507 0 -0.7071067811865444
vn 0.5773502691896292 0.5773502691896292 -0.577350269189619
vn 0 0.7071067811865507 -0.7071067811865444
vn -0.5773502691896285 0.5773502691896287 -0.5773502691896202
vn -0.7071067811865495 0 -0.7071067811865456
vn -0.5773502691896272 -0.5773502691896268 -0.5773502691896236
vn 0 -1 0
vn 0.7071067811865472 -0.7071067811865479 0
vn 1 0 0
vn 0.7071067811865476 0.7071067811865476 0
vn 0 1 0
vn -0.7071067811865478 0.7071067811865472 0
vn -1 0 0
vn -0.7071067811865475 -0.7071067811865477 0
vn 0 0 1
vn 0 0 1
vn 0 0 1
vn 0 0 1
vn 0 0 1
vn 0 0 1
vn 0 0 1
vn 0 0 1
vn 0 1 0
vn -0.707106781186548 0.707106781186547 0
vn -1 0 0
vn -0.7071067811865476 -0.7071067811865476 0
vn 0 -1 0
vn 0.707106781186547 -0.707106781186548 0
vn 1 0 0
vn 0.7071067811865476 0.7071067811865476 0
vn 0 0.7371541402007414 0.6757246285173464
vn -0.5221093770553125 0.5221093770553118 0.6743912786964463
vn -0.7371541402007408 0 0.675724628517347
vn -0.5221093770553111 -0.5221093770553111 0.674391278696448
vn 0 -0.7371541402007408 0.675724628517347
vn 0.5221093770553112 -0.5221093770553119 0.674391278696447
vn 0.7371541402007418 0 0.675724628517346
vn 0.5221093770553128 0.5221093770553128 0.6743912786964452
vn 0 0 -1
vn 0 0 -1
vn 0 0 -1
vn 0 0 -1
vn 0 0 -1
vn 0 0 -1
vn 0 0 -1
vn 0 0 -1
usemtl m_76fe1310-617e-aaff-3199-fb99e6ada4f4
f 69/289/81 70/290/81 78/291/81 77/292/81
f 70/293/82 71/294/82 79/295/82 78/296/82
f 71/297/83 72/298/83 80/299/83 79/300/83
f 72/301/84 73/302/84 81/303/84 80/304/84
f 73/305/85 74/306/85 82/307/85 81/308/85
f 74/309/86 75/310/86 83/311/86 82/312/86
f 75/313/87 76/314/87 84/315/87 83/316/87
f 76/317/88 69/318/88 77/319/88 84/320/88
f 77/321/89 78/322/89 86/323/89 85/324/89
f 78/325/90 79/326/90 87/327/90 86/328/90
f 79/329/91 80/330/91 88/331/91 87/332/91
f 80/333/92 81/334/92 89/335/92 88/336/92
f 81/337/93 82/338/93 90/339/93 89/340/93
f 82/341/94 83/342/94 91/343/94 90/344/94
f 83/345/95 84/346/95 92/347/95 91/348/95
f 84/349/96 77/350/96 85/351/96 92/352/96
f 85/353/97 86/354/97 94/355/97 93/356/97
f 86/357/98 87/358/98 95/359/98 94/360/98
f 87/361/99 88/362/99 96/363/99 95/364/99
f 88/365/100 89/366/100 97/367/100 96/368/100
f 89/369/101 90/370/101 98/371/101 97/372/101
f 90/373/102 91/374/102 99/375/102 98/376/102
f 91/377/103 92/378/103 100/379/103 99/380/103
f 92/381/104 85/382/104 93/383/104 100/384/104
f 93/385/105 94/386/105 102/387/105 101/388/105
f 94/389/106 95/390/106 103/391/106 102/392/106
f 95/393/107 96/394/107 104/395/107 103/396/107
f 96/397/108 97/398/108 105/399/108 104/400/108
f 97/401/109 98/402/109 106/403/109 105/404/109
f 98/405/110 99/406/110 107/407/110 106/408/110
f 99/409/111 100/410/111 108/411/111 107/412/111
f 100/413/112 93/414/112 101/415/112 108/416/112
f 101/417/113 102/418/113 110/419/113 109/420/113
f 102/421/114 103/422/114 111/423/114 110/424/114
f 103/425/115 104/426/115 112/427/115 111/428/115
f 104/429/116 105/430/116 113/431/116 112/432/116
f 105/433/117 106/434/117 114/435/117 113/436/117
f 106/437/118 107/438/118 115/439/118 114/440/118
f 107/441/119 108/442/119 116/443/119 115/444/119
f 108/445/120 101/446/120 109/447/120 116/448/120
f 109/449/121 110/450/121 70/451/121 69/452/121
f 110/453/122 111/454/122 71/455/122 70/456/122
f 111/457/123 112/458/123 72/459/123 71/460/123
f 112/461/124 113/462/124 73/463/124 72/464/124
f 113/465/125 114/466/125 74/467/125 73/468/125
f 114/469/126 115/470/126 75/471/126 74/472/126
f 115/473/127 116/474/127 76/475/127 75/476/127
f 116/477/128 109/478/128 69/479/128 76/480/128
o recessed_instrument_fascia
v 0.1125 0.1875 0.80875
v 0.8875 0.1875 0.80875
v 0.90625 0.20625 0.80875
v 0.90625 0.79375 0.80875
v 0.8875 0.8125 0.80875
v 0.1125 0.8125 0.80875
v 0.09375 0.79375 0.80875
v 0.09375 0.20625 0.80875
v 0.11249999999999999 0.184375 0.811875
v 0.8875000000000001 0.184375 0.811875
v 0.909375 0.20625000000000002 0.811875
v 0.909375 0.7937500000000001 0.811875
v 0.8875000000000001 0.815625 0.811875
v 0.11249999999999999 0.815625 0.811875
v 0.090625 0.7937500000000001 0.811875
v 0.090625 0.20625000000000002 0.811875
v 0.11249999999999999 0.184375 0.8212499999999999
v 0.8875000000000001 0.184375 0.8212499999999999
v 0.909375 0.20625000000000002 0.8212499999999999
v 0.909375 0.7937500000000001 0.8212499999999999
v 0.8875000000000001 0.815625 0.8212499999999999
v 0.11249999999999999 0.815625 0.8212499999999999
v 0.090625 0.7937500000000001 0.8212499999999999
v 0.090625 0.20625000000000002 0.8212499999999999
v 0.1125 0.1875 0.824375
v 0.8875 0.1875 0.824375
v 0.90625 0.20625 0.824375
v 0.90625 0.79375 0.824375
v 0.8875 0.8125 0.824375
v 0.1125 0.8125 0.824375
v 0.09375 0.79375 0.824375
v 0.09375 0.20625 0.824375
v 0.5 0.5 0.80875
v 0.5 0.5 0.824375
vt 0.0625 0.9375
vt 0.9375 0.9375
vt 0.9375 0.0625
vt 0.0625 0.0625
vt 0.0625 0.9375
vt 0.9375 0.9375
vt 0.9375 0.0625
vt 0.0625 0.0625
vt 0.0625 0.9375
vt 0.9375 0.9375
vt 0.9375 0.0625
vt 0.0625 0.0625
vt 0.0625 0.9375
vt 0.9375 0.9375
vt 0.9375 0.0625
vt 0.0625 0.0625
vt 0.0625 0.9375
vt 0.9375 0.9375
vt 0.9375 0.0625
vt 0.0625 0.0625
vt 0.0625 0.9375
vt 0.9375 0.9375
vt 0.9375 0.0625
vt 0.0625 0.0625
vt 0.0625 0.9375
vt 0.9375 0.9375
vt 0.9375 0.0625
vt 0.0625 0.0625
vt 0.0625 0.9375
vt 0.9375 0.9375
vt 0.9375 0.0625
vt 0.0625 0.0625
vt 0.0625 0.9375
vt 0.9375 0.9375
vt 0.9375 0.0625
vt 0.0625 0.0625
vt 0.0625 0.9375
vt 0.9375 0.9375
vt 0.9375 0.0625
vt 0.0625 0.0625
vt 0.0625 0.9375
vt 0.9375 0.9375
vt 0.9375 0.0625
vt 0.0625 0.0625
vt 0.0625 0.9375
vt 0.9375 0.9375
vt 0.9375 0.0625
vt 0.0625 0.0625
vt 0.0625 0.9375
vt 0.9375 0.9375
vt 0.9375 0.0625
vt 0.0625 0.0625
vt 0.0625 0.9375
vt 0.9375 0.9375
vt 0.9375 0.0625
vt 0.0625 0.0625
vt 0.0625 0.9375
vt 0.9375 0.9375
vt 0.9375 0.0625
vt 0.0625 0.0625
vt 0.0625 0.9375
vt 0.9375 0.9375
vt 0.9375 0.0625
vt 0.0625 0.0625
vt 0.0625 0.9375
vt 0.9375 0.9375
vt 0.9375 0.0625
vt 0.0625 0.0625
vt 0.0625 0.9375
vt 0.9375 0.9375
vt 0.9375 0.0625
vt 0.0625 0.0625
vt 0.0625 0.9375
vt 0.9375 0.9375
vt 0.9375 0.0625
vt 0.0625 0.0625
vt 0.0625 0.9375
vt 0.9375 0.9375
vt 0.9375 0.0625
vt 0.0625 0.0625
vt 0.0625 0.9375
vt 0.9375 0.9375
vt 0.9375 0.0625
vt 0.0625 0.0625
vt 0.0625 0.9375
vt 0.9375 0.9375
vt 0.9375 0.0625
vt 0.0625 0.0625
vt 0.0625 0.9375
vt 0.9375 0.9375
vt 0.9375 0.0625
vt 0.0625 0.0625
vt 0.0625 0.9375
vt 0.9375 0.9375
vt 0.9375 0.0625
vt 0.0625 0.0625
vt 0.0625 0.9375
vt 0.9375 0.9375
vt 0.9375 0.0625
vt 0.0625 0.9375
vt 0.9375 0.9375
vt 0.9375 0.0625
vt 0.0625 0.9375
vt 0.9375 0.9375
vt 0.9375 0.0625
vt 0.0625 0.9375
vt 0.9375 0.9375
vt 0.9375 0.0625
vt 0.0625 0.9375
vt 0.9375 0.9375
vt 0.9375 0.0625
vt 0.0625 0.9375
vt 0.9375 0.9375
vt 0.9375 0.0625
vt 0.0625 0.9375
vt 0.9375 0.9375
vt 0.9375 0.0625
vt 0.0625 0.9375
vt 0.9375 0.9375
vt 0.9375 0.0625
vt 0.0625 0.9375
vt 0.9375 0.9375
vt 0.9375 0.0625
vt 0.0625 0.9375
vt 0.9375 0.9375
vt 0.9375 0.0625
vt 0.0625 0.9375
vt 0.9375 0.9375
vt 0.9375 0.0625
vt 0.0625 0.9375
vt 0.9375 0.9375
vt 0.9375 0.0625
vt 0.0625 0.9375
vt 0.9375 0.9375
vt 0.9375 0.0625
vt 0.0625 0.9375
vt 0.9375 0.9375
vt 0.9375 0.0625
vt 0.0625 0.9375
vt 0.9375 0.9375
vt 0.9375 0.0625
vt 0.0625 0.9375
vt 0.9375 0.9375
vt 0.9375 0.0625
vn 0 -0.7071067811865538 -0.7071067811865412
vn 0.5773502691896267 -0.5773502691896285 -0.5773502691896221
vn 0.7071067811865476 0 -0.7071067811865476
vn 0.5773502691896191 0.5773502691896191 -0.5773502691896394
vn 0 0.7071067811865476 -0.7071067811865476
vn -0.577350269189622 0.5773502691896206 -0.5773502691896347
vn -0.7071067811865522 0 -0.7071067811865428
vn -0.5773502691896281 -0.5773502691896285 -0.5773502691896207
vn 0 -1 0
vn 0.707106781186548 -0.7071067811865471 0
vn 1 0 0
vn 0.7071067811865476 0.7071067811865476 0
vn 0 1 0
vn -0.7071067811865474 0.7071067811865478 0
vn -1 0 0
vn -0.7071067811865478 -0.7071067811865474 0
vn 0 -0.7071067811865538 0.7071067811865412
vn 0.5773502691896277 -0.5773502691896271 0.5773502691896227
vn 0.7071067811865476 0 0.7071067811865476
vn 0.577350269189619 0.577350269189619 0.5773502691896394
vn 0 0.7071067811865476 0.7071067811865476
vn -0.5773502691896213 0.5773502691896217 0.5773502691896344
vn -0.7071067811865522 0 0.7071067811865428
vn -0.5773502691896285 -0.5773502691896282 0.5773502691896207
vn 0 0 -1
vn 0 0 1
vn 0 0 -1
vn 0 0 1
vn 0 0 -1
vn 0 0 1
vn 0 0 -1
vn 0 0 1
vn 0 0 -1
vn 0 0 1
vn 0 0 -1
vn 0 0 1
vn 0 0 -1
vn 0 0 1
vn 0 0 -1
vn 0 0 1
usemtl m_318723fc-ca87-c40d-e50f-4df18cb44342
f 117/481/129 118/482/129 126/483/129 125/484/129
f 118/485/130 119/486/130 127/487/130 126/488/130
f 119/489/131 120/490/131 128/491/131 127/492/131
f 120/493/132 121/494/132 129/495/132 128/496/132
f 121/497/133 122/498/133 130/499/133 129/500/133
f 122/501/134 123/502/134 131/503/134 130/504/134
f 123/505/135 124/506/135 132/507/135 131/508/135
f 124/509/136 117/510/136 125/511/136 132/512/136
f 125/513/137 126/514/137 134/515/137 133/516/137
f 126/517/138 127/518/138 135/519/138 134/520/138
f 127/521/139 128/522/139 136/523/139 135/524/139
f 128/525/140 129/526/140 137/527/140 136/528/140
f 129/529/141 130/530/141 138/531/141 137/532/141
f 130/533/142 131/534/142 139/535/142 138/536/142
f 131/537/143 132/538/143 140/539/143 139/540/143
f 132/541/144 125/542/144 133/543/144 140/544/144
f 133/545/145 134/546/145 142/547/145 141/548/145
f 134/549/146 135/550/146 143/551/146 142/552/146
f 135/553/147 136/554/147 144/555/147 143/556/147
f 136/557/148 137/558/148 145/559/148 144/560/148
f 137/561/149 138/562/149 146/563/149 145/564/149
f 138/565/150 139/566/150 147/567/150 146/568/150
f 139/569/151 140/570/151 148/571/151 147/572/151
f 140/573/152 133/574/152 141/575/152 148/576/152
f 149/577/153 118/578/153 117/579/153
f 150/580/154 141/581/154 142/582/154
f 149/583/155 119/584/155 118/585/155
f 150/586/156 142/587/156 143/588/156
f 149/589/157 120/590/157 119/591/157
f 150/592/158 143/593/158 144/594/158
f 149/595/159 121/596/159 120/597/159
f 150/598/160 144/599/160 145/600/160
f 149/601/161 122/602/161 121/603/161
f 150/604/162 145/605/162 146/606/162
f 149/607/163 123/608/163 122/609/163
f 150/610/164 146/611/164 147/612/164
f 149/613/165 124/614/165 123/615/165
f 150/616/166 147/617/166 148/618/166
f 149/619/167 117/620/167 124/621/167
f 150/622/168 148/623/168 141/624/168
o display_seal
v 0.148125 0.3803125 0.793125
v 0.851875 0.3803125 0.793125
v 0.8696875000000001 0.398125 0.793125
v 0.8696875000000001 0.748125 0.793125
v 0.851875 0.7659375 0.793125
v 0.148125 0.7659375 0.793125
v 0.1303125 0.748125 0.793125
v 0.1303125 0.398125 0.793125
v 0.148125 0.37625 0.7971874999999999
v 0.851875 0.37625 0.7971874999999999
v 0.87375 0.39812499999999995 0.7971874999999999
v 0.87375 0.748125 0.7971874999999999
v 0.851875 0.77 0.7971874999999999
v 0.148125 0.77 0.7971874999999999
v 0.12625 0.748125 0.7971874999999999
v 0.12625 0.39812499999999995 0.7971874999999999
v 0.148125 0.37625 0.8090625
v 0.851875 0.37625 0.8090625
v 0.87375 0.39812499999999995 0.8090625
v 0.87375 0.748125 0.8090625
v 0.851875 0.77 0.8090625
v 0.148125 0.77 0.8090625
v 0.12625 0.748125 0.8090625
v 0.12625 0.39812499999999995 0.8090625
v 0.148125 0.3803125 0.813125
v 0.851875 0.3803125 0.813125
v 0.8696875000000001 0.398125 0.813125
v 0.8696875000000001 0.748125 0.813125
v 0.851875 0.7659375 0.813125
v 0.148125 0.7659375 0.813125
v 0.1303125 0.748125 0.813125
v 0.1303125 0.398125 0.813125
v 0.5 0.5731250000000001 0.793125
v 0.5 0.5731250000000001 0.8131250000000001
vt 0.0625 0.9375
vt 0.9375 0.9375
vt 0.9375 0.0625
vt 0.0625 0.0625
vt 0.0625 0.9375
vt 0.9375 0.9375
vt 0.9375 0.0625
vt 0.0625 0.0625
vt 0.0625 0.9375
vt 0.9375 0.9375
vt 0.9375 0.0625
vt 0.0625 0.0625
vt 0.0625 0.9375
vt 0.9375 0.9375
vt 0.9375 0.0625
vt 0.0625 0.0625
vt 0.0625 0.9375
vt 0.9375 0.9375
vt 0.9375 0.0625
vt 0.0625 0.0625
vt 0.0625 0.9375
vt 0.9375 0.9375
vt 0.9375 0.0625
vt 0.0625 0.0625
vt 0.0625 0.9375
vt 0.9375 0.9375
vt 0.9375 0.0625
vt 0.0625 0.0625
vt 0.0625 0.9375
vt 0.9375 0.9375
vt 0.9375 0.0625
vt 0.0625 0.0625
vt 0.0625 0.9375
vt 0.9375 0.9375
vt 0.9375 0.0625
vt 0.0625 0.0625
vt 0.0625 0.9375
vt 0.9375 0.9375
vt 0.9375 0.0625
vt 0.0625 0.0625
vt 0.0625 0.9375
vt 0.9375 0.9375
vt 0.9375 0.0625
vt 0.0625 0.0625
vt 0.0625 0.9375
vt 0.9375 0.9375
vt 0.9375 0.0625
vt 0.0625 0.0625
vt 0.0625 0.9375
vt 0.9375 0.9375
vt 0.9375 0.0625
vt 0.0625 0.0625
vt 0.0625 0.9375
vt 0.9375 0.9375
vt 0.9375 0.0625
vt 0.0625 0.0625
vt 0.0625 0.9375
vt 0.9375 0.9375
vt 0.9375 0.0625
vt 0.0625 0.0625
vt 0.0625 0.9375
vt 0.9375 0.9375
vt 0.9375 0.0625
vt 0.0625 0.0625
vt 0.0625 0.9375
vt 0.9375 0.9375
vt 0.9375 0.0625
vt 0.0625 0.0625
vt 0.0625 0.9375
vt 0.9375 0.9375
vt 0.9375 0.0625
vt 0.0625 0.0625
vt 0.0625 0.9375
vt 0.9375 0.9375
vt 0.9375 0.0625
vt 0.0625 0.0625
vt 0.0625 0.9375
vt 0.9375 0.9375
vt 0.9375 0.0625
vt 0.0625 0.0625
vt 0.0625 0.9375
vt 0.9375 0.9375
vt 0.9375 0.0625
vt 0.0625 0.0625
vt 0.0625 0.9375
vt 0.9375 0.9375
vt 0.9375 0.0625
vt 0.0625 0.0625
vt 0.0625 0.9375
vt 0.9375 0.9375
vt 0.9375 0.0625
vt 0.0625 0.0625
vt 0.0625 0.9375
vt 0.9375 0.9375
vt 0.9375 0.0625
vt 0.0625 0.0625
vt 0.0625 0.9375
vt 0.9375 0.9375
vt 0.9375 0.0625
vt 0.0625 0.9375
vt 0.9375 0.9375
vt 0.9375 0.0625
vt 0.0625 0.9375
vt 0.9375 0.9375
vt 0.9375 0.0625
vt 0.0625 0.9375
vt 0.9375 0.9375
vt 0.9375 0.0625
vt 0.0625 0.9375
vt 0.9375 0.9375
vt 0.9375 0.0625
vt 0.0625 0.9375
vt 0.9375 0.9375
vt 0.9375 0.0625
vt 0.0625 0.9375
vt 0.9375 0.9375
vt 0.9375 0.0625
vt 0.0625 0.9375
vt 0.9375 0.9375
vt 0.9375 0.0625
vt 0.0625 0.9375
vt 0.9375 0.9375
vt 0.9375 0.0625
vt 0.0625 0.9375
vt 0.9375 0.9375
vt 0.9375 0.0625
vt 0.0625 0.9375
vt 0.9375 0.9375
vt 0.9375 0.0625
vt 0.0625 0.9375
vt 0.9375 0.9375
vt 0.9375 0.0625
vt 0.0625 0.9375
vt 0.9375 0.9375
vt 0.9375 0.0625
vt 0.0625 0.9375
vt 0.9375 0.9375
vt 0.9375 0.0625
vt 0.0625 0.9375
vt 0.9375 0.9375
vt 0.9375 0.0625
vt 0.0625 0.9375
vt 0.9375 0.9375
vt 0.9375 0.0625
vn 0 -0.7071067811865427 -0.7071067811865523
vn 0.5773502691896231 -0.5773502691896231 -0.5773502691896311
vn 0.7071067811865476 0 -0.7071067811865476
vn 0.5773502691896257 0.5773502691896257 -0.577350269189626
vn 0 0.7071067811865476 -0.7071067811865476
vn -0.5773502691896244 0.5773502691896244 -0.5773502691896285
vn -0.7071067811865451 0 -0.7071067811865499
vn -0.5773502691896231 -0.5773502691896231 -0.5773502691896311
vn 0 -1 0
vn 0.7071067811865476 -0.7071067811865476 0
vn 1 0 0
vn 0.7071067811865476 0.7071067811865476 0
vn 0 1 0
vn -0.7071067811865471 0.707106781186548 0
vn -1 0 0
vn -0.7071067811865471 -0.707106781186548 0
vn 0 -0.7071067811865427 0.7071067811865523
vn 0.5773502691896231 -0.5773502691896231 0.5773502691896311
vn 0.7071067811865476 0 0.7071067811865476
vn 0.5773502691896257 0.5773502691896257 0.5773502691896257
vn 0 0.7071067811865476 0.7071067811865476
vn -0.5773502691896243 0.5773502691896251 0.5773502691896281
vn -0.7071067811865451 0 0.7071067811865499
vn -0.5773502691896227 -0.5773502691896235 0.5773502691896311
vn 0 0 -1
vn 0 -5.758044860292542e-16 1
vn 0 0 -1
vn 2.0382752029836507e-16 -2.0382752029836507e-16 1
vn 0 0 -1
vn 3.0031392043960273e-16 0 1
vn 0 0 -1
vn 2.0382752029836492e-16 2.0382752029836492e-16 1
vn 0 0 -1
vn 0 5.758044860292548e-16 1
vn 0 0 -1
vn -2.0382752029836507e-16 2.0382752029836507e-16 1
vn 0 0 -1
vn -3.0031392043960277e-16 0 1
vn 0 0 -1
vn -2.0382752029836477e-16 -2.0382752029836477e-16 1
usemtl m_5f7887f5-04a5-82ff-af11-b6747823da52
f 151/625/169 152/626/169 160/627/169 159/628/169
f 152/629/170 153/630/170 161/631/170 160/632/170
f 153/633/171 154/634/171 162/635/171 161/636/171
f 154/637/172 155/638/172 163/639/172 162/640/172
f 155/641/173 156/642/173 164/643/173 163/644/173
f 156/645/174 157/646/174 165/647/174 164/648/174
f 157/649/175 158/650/175 166/651/175 165/652/175
f 158/653/176 151/654/176 159/655/176 166/656/176
f 159/657/177 160/658/177 168/659/177 167/660/177
f 160/661/178 161/662/178 169/663/178 168/664/178
f 161/665/179 162/666/179 170/667/179 169/668/179
f 162/669/180 163/670/180 171/671/180 170/672/180
f 163/673/181 164/674/181 172/675/181 171/676/181
f 164/677/182 165/678/182 173/679/182 172/680/182
f 165/681/183 166/682/183 174/683/183 173/684/183
f 166/685/184 159/686/184 167/687/184 174/688/184
f 167/689/185 168/690/185 176/691/185 175/692/185
f 168/693/186 169/694/186 177/695/186 176/696/186
f 169/697/187 170/698/187 178/699/187 177/700/187
f 170/701/188 171/702/188 179/703/188 178/704/188
f 171/705/189 172/706/189 180/707/189 179/708/189
f 172/709/190 173/710/190 181/711/190 180/712/190
f 173/713/191 174/714/191 182/715/191 181/716/191
f 174/717/192 167/718/192 175/719/192 182/720/192
f 183/721/193 152/722/193 151/723/193
f 184/724/194 175/725/194 176/726/194
f 183/727/195 153/728/195 152/729/195
f 184/730/196 176/731/196 177/732/196
f 183/733/197 154/734/197 153/735/197
f 184/736/198 177/737/198 178/738/198
f 183/739/199 155/740/199 154/741/199
f 184/742/200 178/743/200 179/744/200
f 183/745/201 156/746/201 155/747/201
f 184/748/202 179/749/202 180/750/202
f 183/751/203 157/752/203 156/753/203
f 184/754/204 180/755/204 181/756/204
f 183/757/205 158/758/205 157/759/205
f 184/760/206 181/761/206 182/762/206
f 183/763/207 151/764/207 158/765/207
f 184/766/208 182/767/208 175/768/208
o amber_energy_schematic
v 0.15749999999999997 0.39656250000000004 0.79125
v 0.8424999999999999 0.39656250000000004 0.79125
v 0.8534375 0.40750000000000003 0.79125
v 0.8534375 0.7387499999999999 0.79125
v 0.8424999999999999 0.7496875 0.79125
v 0.15749999999999997 0.7496875 0.79125
v 0.14656249999999998 0.7387499999999999 0.79125
v 0.14656249999999998 0.40750000000000003 0.79125
v 0.1575 0.395 0.7928125
v 0.8425 0.395 0.7928125
v 0.855 0.40750000000000003 0.7928125
v 0.855 0.73875 0.7928125
v 0.8425 0.75125 0.7928125
v 0.1575 0.75125 0.7928125
v 0.145 0.73875 0.7928125
v 0.145 0.40750000000000003 0.7928125
v 0.1575 0.395 0.7965625
v 0.8425 0.395 0.7965625
v 0.855 0.40750000000000003 0.7965625
v 0.855 0.73875 0.7965625
v 0.8425 0.75125 0.7965625
v 0.1575 0.75125 0.7965625
v 0.145 0.73875 0.7965625
v 0.145 0.40750000000000003 0.7965625
v 0.15749999999999997 0.39656250000000004 0.798125
v 0.8424999999999999 0.39656250000000004 0.798125
v 0.8534375 0.40750000000000003 0.798125
v 0.8534375 0.7387499999999999 0.798125
v 0.8424999999999999 0.7496875 0.798125
v 0.15749999999999997 0.7496875 0.798125
v 0.14656249999999998 0.7387499999999999 0.798125
v 0.14656249999999998 0.40750000000000003 0.798125
v 0.4999999999999999 0.5731249999999999 0.7912499999999999
v 0.4999999999999999 0.5731249999999999 0.7981249999999999
vt 0.0625 0.9375
vt 0.9375 0.9375
vt 0.9375 0.0625
vt 0.0625 0.0625
vt 0.0625 0.9375
vt 0.9375 0.9375
vt 0.9375 0.0625
vt 0.0625 0.0625
vt 0.0625 0.9375
vt 0.9375 0.9375
vt 0.9375 0.0625
vt 0.0625 0.0625
vt 0.0625 0.9375
vt 0.9375 0.9375
vt 0.9375 0.0625
vt 0.0625 0.0625
vt 0.0625 0.9375
vt 0.9375 0.9375
vt 0.9375 0.0625
vt 0.0625 0.0625
vt 0.0625 0.9375
vt 0.9375 0.9375
vt 0.9375 0.0625
vt 0.0625 0.0625
vt 0.0625 0.9375
vt 0.9375 0.9375
vt 0.9375 0.0625
vt 0.0625 0.0625
vt 0.0625 0.9375
vt 0.9375 0.9375
vt 0.9375 0.0625
vt 0.0625 0.0625
vt 0.0625 0.9375
vt 0.9375 0.9375
vt 0.9375 0.0625
vt 0.0625 0.0625
vt 0.0625 0.9375
vt 0.9375 0.9375
vt 0.9375 0.0625
vt 0.0625 0.0625
vt 0.0625 0.9375
vt 0.9375 0.9375
vt 0.9375 0.0625
vt 0.0625 0.0625
vt 0.0625 0.9375
vt 0.9375 0.9375
vt 0.9375 0.0625
vt 0.0625 0.0625
vt 0.0625 0.9375
vt 0.9375 0.9375
vt 0.9375 0.0625
vt 0.0625 0.0625
vt 0.0625 0.9375
vt 0.9375 0.9375
vt 0.9375 0.0625
vt 0.0625 0.0625
vt 0.0625 0.9375
vt 0.9375 0.9375
vt 0.9375 0.0625
vt 0.0625 0.0625
vt 0.0625 0.9375
vt 0.9375 0.9375
vt 0.9375 0.0625
vt 0.0625 0.0625
vt 0.0625 0.9375
vt 0.9375 0.9375
vt 0.9375 0.0625
vt 0.0625 0.0625
vt 0.0625 0.9375
vt 0.9375 0.9375
vt 0.9375 0.0625
vt 0.0625 0.0625
vt 0.0625 0.9375
vt 0.9375 0.9375
vt 0.9375 0.0625
vt 0.0625 0.0625
vt 0.0625 0.9375
vt 0.9375 0.9375
vt 0.9375 0.0625
vt 0.0625 0.0625
vt 0.0625 0.9375
vt 0.9375 0.9375
vt 0.9375 0.0625
vt 0.0625 0.0625
vt 0.0625 0.9375
vt 0.9375 0.9375
vt 0.9375 0.0625
vt 0.0625 0.0625
vt 0.0625 0.9375
vt 0.9375 0.9375
vt 0.9375 0.0625
vt 0.0625 0.0625
vt 0.0625 0.9375
vt 0.9375 0.9375
vt 0.9375 0.0625
vt 0.0625 0.0625
vt 0.5000000000000001 0.49999999999999967
vt 0.017605633802816996 0.004385964912280715
vt 0.9823943661971831 0.004385964912280715
vt 0.0625 0.9375
vt 0.9375 0.9375
vt 0.9375 0.0625
vt 0.5000000000000001 0.49999999999999967
vt 0.002200704225352144 0.03508771929824561
vt 0.017605633802816996 0.004385964912280715
vt 0.0625 0.9375
vt 0.9375 0.9375
vt 0.9375 0.0625
vt 0.5000000000000001 0.49999999999999967
vt 0.002200704225352144 0.9649122807017542
vt 0.002200704225352144 0.03508771929824561
vt 0.0625 0.9375
vt 0.9375 0.9375
vt 0.9375 0.0625
vt 0.5000000000000001 0.49999999999999967
vt 0.017605633802816996 0.9956140350877193
vt 0.002200704225352144 0.9649122807017542
vt 0.0625 0.9375
vt 0.9375 0.9375
vt 0.9375 0.0625
vt 0.5000000000000001 0.49999999999999967
vt 0.9823943661971831 0.9956140350877193
vt 0.017605633802816996 0.9956140350877193
vt 0.0625 0.9375
vt 0.9375 0.9375
vt 0.9375 0.0625
vt 0.5000000000000001 0.49999999999999967
vt 0.997799295774648 0.9649122807017542
vt 0.9823943661971831 0.9956140350877193
vt 0.0625 0.9375
vt 0.9375 0.9375
vt 0.9375 0.0625
vt 0.5000000000000001 0.49999999999999967
vt 0.997799295774648 0.03508771929824561
vt 0.997799295774648 0.9649122807017542
vt 0.0625 0.9375
vt 0.9375 0.9375
vt 0.9375 0.0625
vt 0.5000000000000001 0.49999999999999967
vt 0.9823943661971831 0.004385964912280715
vt 0.997799295774648 0.03508771929824561
vt 0.0625 0.9375
vt 0.9375 0.9375
vt 0.9375 0.0625
vn 0 -0.7071067811865476 -0.7071067811865476
vn 0.5773502691896248 -0.5773502691896278 -0.5773502691896246
vn 0.7071067811865476 0 -0.7071067811865476
vn 0.5773502691896121 0.5773502691896121 -0.5773502691896533
vn 0 0.7071067811865476 -0.7071067811865476
vn -0.5773502691896166 0.5773502691896136 -0.5773502691896473
vn -0.7071067811865539 0 -0.7071067811865412
vn -0.5773502691896292 -0.5773502691896292 -0.577350269189619
vn 0 -1 0
vn 0.7071067811865491 -0.7071067811865459 0
vn 1 0 0
vn 0.7071067811865476 0.7071067811865476 0
vn 0 1 0
vn -0.7071067811865459 0.7071067811865491 0
vn -1 0 0
vn -0.7071067811865476 -0.7071067811865476 0
vn 0 -0.7071067811865476 0.7071067811865476
vn 0.5773502691896265 -0.5773502691896238 0.5773502691896271
vn 0.7071067811865476 0 0.7071067811865476
vn 0.5773502691896122 0.5773502691896122 0.577350269189653
vn 0 0.7071067811865476 0.7071067811865476
vn -0.5773502691896145 0.5773502691896172 0.5773502691896458
vn -0.7071067811865538 0 0.7071067811865414
vn -0.5773502691896293 -0.5773502691896293 0.5773502691896186
vn 0 -6.287988812036291e-16 -1
vn 0 6.287988812036291e-16 1
vn 2.13890046887447e-16 -2.1389004688744808e-16 -1
vn -2.13890046887447e-16 2.1389004688744808e-16 1
vn 3.1412145701153846e-16 0 -1
vn -3.1412145701153846e-16 0 1
vn 2.1389004688744754e-16 2.1389004688744754e-16 -1
vn -2.1389004688744754e-16 -2.1389004688744754e-16 1
vn 0 6.287988812036282e-16 -1
vn 0 -6.287988812036282e-16 1
vn -2.138900468874478e-16 2.1389004688744672e-16 -1
vn 2.138900468874478e-16 -2.1389004688744672e-16 1
vn -3.141214570115386e-16 0 -1
vn 3.141214570115386e-16 0 1
vn -2.138900468874475e-16 -2.138900468874475e-16 -1
vn 2.138900468874475e-16 2.138900468874475e-16 1
usemtl m_5f7887f5-04a5-82ff-af11-b6747823da52
f 185/769/209 186/770/209 194/771/209 193/772/209
f 186/773/210 187/774/210 195/775/210 194/776/210
f 187/777/211 188/778/211 196/779/211 195/780/211
f 188/781/212 189/782/212 197/783/212 196/784/212
f 189/785/213 190/786/213 198/787/213 197/788/213
f 190/789/214 191/790/214 199/791/214 198/792/214
f 191/793/215 192/794/215 200/795/215 199/796/215
f 192/797/216 185/798/216 193/799/216 200/800/216
f 193/801/217 194/802/217 202/803/217 201/804/217
f 194/805/218 195/806/218 203/807/218 202/808/218
f 195/809/219 196/810/219 204/811/219 203/812/219
f 196/813/220 197/814/220 205/815/220 204/816/220
f 197/817/221 198/818/221 206/819/221 205/820/221
f 198/821/222 199/822/222 207/823/222 206/824/222
f 199/825/223 200/826/223 208/827/223 207/828/223
f 200/829/224 193/830/224 201/831/224 208/832/224
f 201/833/225 202/834/225 210/835/225 209/836/225
f 202/837/226 203/838/226 211/839/226 210/840/226
f 203/841/227 204/842/227 212/843/227 211/844/227
f 204/845/228 205/846/228 213/847/228 212/848/228
f 205/849/229 206/850/229 214/851/229 213/852/229
f 206/853/230 207/854/230 215/855/230 214/856/230
f 207/857/231 208/858/231 216/859/231 215/860/231
f 208/861/232 201/862/232 209/863/232 216/864/232
usemtl m_5ff86a96-2691-c751-cc70-013f4c15d904
f 217/865/233 186/866/233 185/867/233
usemtl m_5f7887f5-04a5-82ff-af11-b6747823da52
f 218/868/234 209/869/234 210/870/234
usemtl m_5ff86a96-2691-c751-cc70-013f4c15d904
f 217/871/235 187/872/235 186/873/235
usemtl m_5f7887f5-04a5-82ff-af11-b6747823da52
f 218/874/236 210/875/236 211/876/236
usemtl m_5ff86a96-2691-c751-cc70-013f4c15d904
f 217/877/237 188/878/237 187/879/237
usemtl m_5f7887f5-04a5-82ff-af11-b6747823da52
f 218/880/238 211/881/238 212/882/238
usemtl m_5ff86a96-2691-c751-cc70-013f4c15d904
f 217/883/239 189/884/239 188/885/239
usemtl m_5f7887f5-04a5-82ff-af11-b6747823da52
f 218/886/240 212/887/240 213/888/240
usemtl m_5ff86a96-2691-c751-cc70-013f4c15d904
f 217/889/241 190/890/241 189/891/241
usemtl m_5f7887f5-04a5-82ff-af11-b6747823da52
f 218/892/242 213/893/242 214/894/242
usemtl m_5ff86a96-2691-c751-cc70-013f4c15d904
f 217/895/243 191/896/243 190/897/243
usemtl m_5f7887f5-04a5-82ff-af11-b6747823da52
f 218/898/244 214/899/244 215/900/244
usemtl m_5ff86a96-2691-c751-cc70-013f4c15d904
f 217/901/245 192/902/245 191/903/245
usemtl m_5f7887f5-04a5-82ff-af11-b6747823da52
f 218/904/246 215/905/246 216/906/246
usemtl m_5ff86a96-2691-c751-cc70-013f4c15d904
f 217/907/247 185/908/247 192/909/247
usemtl m_5f7887f5-04a5-82ff-af11-b6747823da52
f 218/910/248 216/911/248 209/912/248
o lower_control_recess
v 0.141875 0.2175 0.80125
v 0.858125 0.2175 0.80125
v 0.8712500000000001 0.230625 0.80125
v 0.8712500000000001 0.33875 0.80125
v 0.858125 0.351875 0.80125
v 0.141875 0.351875 0.80125
v 0.12875 0.33875 0.80125
v 0.12875 0.230625 0.80125
v 0.141875 0.215 0.80375
v 0.858125 0.215 0.80375
v 0.87375 0.230625 0.80375
v 0.87375 0.33875 0.80375
v 0.858125 0.354375 0.80375
v 0.141875 0.354375 0.80375
v 0.12625 0.33875 0.80375
v 0.12625 0.230625 0.80375
v 0.141875 0.215 0.81125
v 0.858125 0.215 0.81125
v 0.87375 0.230625 0.81125
v 0.87375 0.33875 0.81125
v 0.858125 0.354375 0.81125
v 0.141875 0.354375 0.81125
v 0.12625 0.33875 0.81125
v 0.12625 0.230625 0.81125
v 0.141875 0.2175 0.81375
v 0.858125 0.2175 0.81375
v 0.8712500000000001 0.230625 0.81375
v 0.8712500000000001 0.33875 0.81375
v 0.858125 0.351875 0.81375
v 0.141875 0.351875 0.81375
v 0.12875 0.33875 0.81375
v 0.12875 0.230625 0.81375
v 0.5 0.2846875 0.8012499999999998
v 0.5 0.2846875 0.8137499999999999
vt 0.0625 0.9375
vt 0.9375 0.9375
vt 0.9375 0.0625
vt 0.0625 0.0625
vt 0.0625 0.9375
vt 0.9375 0.9375
vt 0.9375 0.0625
vt 0.0625 0.0625
vt 0.0625 0.9375
vt 0.9375 0.9375
vt 0.9375 0.0625
vt 0.0625 0.0625
vt 0.0625 0.9375
vt 0.9375 0.9375
vt 0.9375 0.0625
vt 0.0625 0.0625
vt 0.0625 0.9375
vt 0.9375 0.9375
vt 0.9375 0.0625
vt 0.0625 0.0625
vt 0.0625 0.9375
vt 0.9375 0.9375
vt 0.9375 0.0625
vt 0.0625 0.0625
vt 0.0625 0.9375
vt 0.9375 0.9375
vt 0.9375 0.0625
vt 0.0625 0.0625
vt 0.0625 0.9375
vt 0.9375 0.9375
vt 0.9375 0.0625
vt 0.0625 0.0625
vt 0.0625 0.9375
vt 0.9375 0.9375
vt 0.9375 0.0625
vt 0.0625 0.0625
vt 0.0625 0.9375
vt 0.9375 0.9375
vt 0.9375 0.0625
vt 0.0625 0.0625
vt 0.0625 0.9375
vt 0.9375 0.9375
vt 0.9375 0.0625
vt 0.0625 0.0625
vt 0.0625 0.9375
vt 0.9375 0.9375
vt 0.9375 0.0625
vt 0.0625 0.0625
vt 0.0625 0.9375
vt 0.9375 0.9375
vt 0.9375 0.0625
vt 0.0625 0.0625
vt 0.0625 0.9375
vt 0.9375 0.9375
vt 0.9375 0.0625
vt 0.0625 0.0625
vt 0.0625 0.9375
vt 0.9375 0.9375
vt 0.9375 0.0625
vt 0.0625 0.0625
vt 0.0625 0.9375
vt 0.9375 0.9375
vt 0.9375 0.0625
vt 0.0625 0.0625
vt 0.0625 0.9375
vt 0.9375 0.9375
vt 0.9375 0.0625
vt 0.0625 0.0625
vt 0.0625 0.9375
vt 0.9375 0.9375
vt 0.9375 0.0625
vt 0.0625 0.0625
vt 0.0625 0.9375
vt 0.9375 0.9375
vt 0.9375 0.0625
vt 0.0625 0.0625
vt 0.0625 0.9375
vt 0.9375 0.9375
vt 0.9375 0.0625
vt 0.0625 0.0625
vt 0.0625 0.9375
vt 0.9375 0.9375
vt 0.9375 0.0625
vt 0.0625 0.0625
vt 0.0625 0.9375
vt 0.9375 0.9375
vt 0.9375 0.0625
vt 0.0625 0.0625
vt 0.0625 0.9375
vt 0.9375 0.9375
vt 0.9375 0.0625
vt 0.0625 0.0625
vt 0.0625 0.9375
vt 0.9375 0.9375
vt 0.9375 0.0625
vt 0.0625 0.0625
vt 0.0625 0.9375
vt 0.9375 0.9375
vt 0.9375 0.0625
vt 0.0625 0.9375
vt 0.9375 0.9375
vt 0.9375 0.0625
vt 0.0625 0.9375
vt 0.9375 0.9375
vt 0.9375 0.0625
vt 0.0625 0.9375
vt 0.9375 0.9375
vt 0.9375 0.0625
vt 0.0625 0.9375
vt 0.9375 0.9375
vt 0.9375 0.0625
vt 0.0625 0.9375
vt 0.9375 0.9375
vt 0.9375 0.0625
vt 0.0625 0.9375
vt 0.9375 0.9375
vt 0.9375 0.0625
vt 0.0625 0.9375
vt 0.9375 0.9375
vt 0.9375 0.0625
vt 0.0625 0.9375
vt 0.9375 0.9375
vt 0.9375 0.0625
vt 0.0625 0.9375
vt 0.9375 0.9375
vt 0.9375 0.0625
vt 0.0625 0.9375
vt 0.9375 0.9375
vt 0.9375 0.0625
vt 0.0625 0.9375
vt 0.9375 0.9375
vt 0.9375 0.0625
vt 0.0625 0.9375
vt 0.9375 0.9375
vt 0.9375 0.0625
vt 0.0625 0.9375
vt 0.9375 0.9375
vt 0.9375 0.0625
vt 0.0625 0.9375
vt 0.9375 0.9375
vt 0.9375 0.0625
vt 0.0625 0.9375
vt 0.9375 0.9375
vt 0.9375 0.0625
vn 0 -0.7071067811865397 -0.7071067811865553
vn 0.577350269189625 -0.5773502691896275 -0.5773502691896248
vn 0.7071067811865476 0 -0.7071067811865476
vn 0.5773502691896198 0.5773502691896224 -0.5773502691896351
vn 0 0.7071067811865397 -0.7071067811865553
vn -0.5773502691896215 0.5773502691896215 -0.5773502691896343
vn -0.7071067811865397 0 -0.7071067811865555
vn -0.5773502691896215 -0.5773502691896215 -0.5773502691896343
vn 0 -1 0
vn 0.7071067811865476 -0.7071067811865476 0
vn 1 0 0
vn 0.7071067811865476 0.7071067811865476 0
vn 0 1 0
vn -0.7071067811865476 0.7071067811865476 0
vn -1 0 0
vn -0.7071067811865476 -0.7071067811865476 0
vn 0 -0.7071067811865397 0.7071067811865553
vn 0.5773502691896257 -0.5773502691896257 0.5773502691896257
vn 0.7071067811865476 0 0.7071067811865476
vn 0.5773502691896215 0.5773502691896215 0.5773502691896344
vn 0 0.7071067811865397 0.7071067811865553
vn -0.5773502691896215 0.5773502691896215 0.5773502691896344
vn -0.7071067811865397 0 0.7071067811865555
vn -0.5773502691896215 -0.5773502691896215 0.5773502691896344
vn 0 -3.3048499337679086e-15 -1
vn 0 1.6524249668839543e-15 1
vn 5.220740159883174e-16 -5.220740159883196e-16 -1
vn -2.610370079941587e-16 2.610370079941598e-16 1
vn 5.980999459260101e-16 0 -1
vn -2.9904997296300505e-16 0 1
vn 5.220740159883174e-16 5.220740159883196e-16 -1
vn -2.610370079941587e-16 -2.610370079941598e-16 1
vn 0 3.3048499337679074e-15 -1
vn 0 -1.6524249668839537e-15 1
vn -5.220740159883181e-16 5.220740159883159e-16 -1
vn 2.6103700799415903e-16 -2.6103700799415795e-16 1
vn -5.980999459260103e-16 0 -1
vn 2.9904997296300515e-16 0 1
vn -5.220740159883181e-16 -5.220740159883159e-16 -1
vn 2.6103700799415903e-16 2.6103700799415795e-16 1
usemtl m_5f7887f5-04a5-82ff-af11-b6747823da52
f 219/913/249 220/914/249 228/915/249 227/916/249
f 220/917/250 221/918/250 229/919/250 228/920/250
f 221/921/251 222/922/251 230/923/251 229/924/251
f 222/925/252 223/926/252 231/927/252 230/928/252
f 223/929/253 224/930/253 232/931/253 231/932/253
f 224/933/254 225/934/254 233/935/254 232/936/254
f 225/937/255 226/938/255 234/939/255 233/940/255
f 226/941/256 219/942/256 227/943/256 234/944/256
f 227/945/257 228/946/257 236/947/257 235/948/257
f 228/949/258 229/950/258 237/951/258 236/952/258
f 229/953/259 230/954/259 238/955/259 237/956/259
f 230/957/260 231/958/260 239/959/260 238/960/260
f 231/961/261 232/962/261 240/963/261 239/964/261
f 232/965/262 233/966/262 241/967/262 240/968/262
f 233/969/263 234/970/263 242/971/263 241/972/263
f 234/973/264 227/974/264 235/975/264 242/976/264
f 235/977/265 236/978/265 244/979/265 243/980/265
f 236/981/266 237/982/266 245/983/266 244/984/266
f 237/985/267 238/986/267 246/987/267 245/988/267
f 238/989/268 239/990/268 247/991/268 246/992/268
f 239/993/269 240/994/269 248/995/269 247/996/269
f 240/997/270 241/998/270 249/999/270 248/1000/270
f 241/1001/271 242/1002/271 250/1003/271 249/1004/271
f 242/1005/272 235/1006/272 243/1007/272 250/1008/272
f 251/1009/273 220/1010/273 219/1011/273
f 252/1012/274 243/1013/274 244/1014/274
f 251/1015/275 221/1016/275 220/1017/275
f 252/1018/276 244/1019/276 245/1020/276
f 251/1021/277 222/1022/277 221/1023/277
f 252/1024/278 245/1025/278 246/1026/278
f 251/1027/279 223/1028/279 222/1029/279
f 252/1030/280 246/1031/280 247/1032/280
f 251/1033/281 224/1034/281 223/1035/281
f 252/1036/282 247/1037/282 248/1038/282
f 251/1039/283 225/1040/283 224/1041/283
f 252/1042/284 248/1043/284 249/1044/284
f 251/1045/285 226/1046/285 225/1047/285
f 252/1048/286 249/1049/286 250/1050/286
f 251/1051/287 219/1052/287 226/1053/287
f 252/1054/288 250/1055/288 243/1056/288
o tactile_key_1
v 0.165 0.25125 0.77625
v 0.226875 0.25125 0.77625
v 0.230625 0.25499999999999995 0.77625
v 0.230625 0.31000000000000005 0.77625
v 0.226875 0.31375000000000003 0.77625
v 0.165 0.31375000000000003 0.77625
v 0.16125 0.31000000000000005 0.77625
v 0.16125 0.25499999999999995 0.77625
v 0.165 0.245 0.7825
v 0.226875 0.245 0.7825
v 0.236875 0.255 0.7825
v 0.236875 0.31 0.7825
v 0.226875 0.32 0.7825
v 0.165 0.32 0.7825
v 0.155 0.31 0.7825
v 0.155 0.255 0.7825
v 0.165 0.245 0.7993750000000001
v 0.226875 0.245 0.7993750000000001
v 0.236875 0.255 0.7993750000000001
v 0.236875 0.31 0.7993750000000001
v 0.226875 0.32 0.7993750000000001
v 0.165 0.32 0.7993750000000001
v 0.155 0.31 0.7993750000000001
v 0.155 0.255 0.7993750000000001
v 0.165 0.25125 0.805625
v 0.226875 0.25125 0.805625
v 0.230625 0.25499999999999995 0.805625
v 0.230625 0.31000000000000005 0.805625
v 0.226875 0.31375000000000003 0.805625
v 0.165 0.31375000000000003 0.805625
v 0.16125 0.31000000000000005 0.805625
v 0.16125 0.25499999999999995 0.805625
v 0.1959375 0.2825 0.77625
v 0.1959375 0.2825 0.805625
vt 0.0625 0.9375
vt 0.9375 0.9375
vt 0.9375 0.0625
vt 0.0625 0.0625
vt 0.0625 0.9375
vt 0.9375 0.9375
vt 0.9375 0.0625
vt 0.0625 0.0625
vt 0.0625 0.9375
vt 0.9375 0.9375
vt 0.9375 0.0625
vt 0.0625 0.0625
vt 0.0625 0.9375
vt 0.9375 0.9375
vt 0.9375 0.0625
vt 0.0625 0.0625
vt 0.0625 0.9375
vt 0.9375 0.9375
vt 0.9375 0.0625
vt 0.0625 0.0625
vt 0.0625 0.9375
vt 0.9375 0.9375
vt 0.9375 0.0625
vt 0.0625 0.0625
vt 0.0625 0.9375
vt 0.9375 0.9375
vt 0.9375 0.0625
vt 0.0625 0.0625
vt 0.0625 0.9375
vt 0.9375 0.9375
vt 0.9375 0.0625
vt 0.0625 0.0625
vt 0.0625 0.9375
vt 0.9375 0.9375
vt 0.9375 0.0625
vt 0.0625 0.0625
vt 0.0625 0.9375
vt 0.9375 0.9375
vt 0.9375 0.0625
vt 0.0625 0.0625
vt 0.0625 0.9375
vt 0.9375 0.9375
vt 0.9375 0.0625
vt 0.0625 0.0625
vt 0.0625 0.9375
vt 0.9375 0.9375
vt 0.9375 0.0625
vt 0.0625 0.0625
vt 0.0625 0.9375
vt 0.9375 0.9375
vt 0.9375 0.0625
vt 0.0625 0.0625
vt 0.0625 0.9375
vt 0.9375 0.9375
vt 0.9375 0.0625
vt 0.0625 0.0625
vt 0.0625 0.9375
vt 0.9375 0.9375
vt 0.9375 0.0625
vt 0.0625 0.0625
vt 0.0625 0.9375
vt 0.9375 0.9375
vt 0.9375 0.0625
vt 0.0625 0.0625
vt 0.0625 0.9375
vt 0.9375 0.9375
vt 0.9375 0.0625
vt 0.0625 0.0625
vt 0.0625 0.9375
vt 0.9375 0.9375
vt 0.9375 0.0625
vt 0.0625 0.0625
vt 0.0625 0.9375
vt 0.9375 0.9375
vt 0.9375 0.0625
vt 0.0625 0.0625
vt 0.0625 0.9375
vt 0.9375 0.9375
vt 0.9375 0.0625
vt 0.0625 0.0625
vt 0.0625 0.9375
vt 0.9375 0.9375
vt 0.9375 0.0625
vt 0.0625 0.0625
vt 0.0625 0.9375
vt 0.9375 0.9375
vt 0.9375 0.0625
vt 0.0625 0.0625
vt 0.0625 0.9375
vt 0.9375 0.9375
vt 0.9375 0.0625
vt 0.0625 0.0625
vt 0.0625 0.9375
vt 0.9375 0.9375
vt 0.9375 0.0625
vt 0.0625 0.0625
vt 0.12500000000000006 0.8749999999999999
vt 0.030534351145038195 0.7708333333333333
vt 0.2194656488549618 0.7708333333333333
vt 0.0625 0.9375
vt 0.9375 0.9375
vt 0.9375 0.0625
vt 0.12500000000000006 0.8749999999999999
vt 0.019083969465648873 0.7833333333333332
vt 0.030534351145038195 0.7708333333333333
vt 0.0625 0.9375
vt 0.9375 0.9375
vt 0.9375 0.0625
vt 0.12500000000000006 0.8749999999999999
vt 0.019083969465648873 0.9666666666666668
vt 0.019083969465648873 0.7833333333333332
vt 0.0625 0.9375
vt 0.9375 0.9375
vt 0.9375 0.0625
vt 0.12500000000000006 0.8749999999999999
vt 0.030534351145038195 0.9791666666666667
vt 0.019083969465648873 0.9666666666666668
vt 0.0625 0.9375
vt 0.9375 0.9375
vt 0.9375 0.0625
vt 0.12500000000000006 0.8749999999999999
vt 0.2194656488549618 0.9791666666666667
vt 0.030534351145038195 0.9791666666666667
vt 0.0625 0.9375
vt 0.9375 0.9375
vt 0.9375 0.0625
vt 0.12500000000000006 0.8749999999999999
vt 0.23091603053435114 0.9666666666666668
vt 0.2194656488549618 0.9791666666666667
vt 0.0625 0.9375
vt 0.9375 0.9375
vt 0.9375 0.0625
vt 0.12500000000000006 0.8749999999999999
vt 0.23091603053435114 0.7833333333333332
vt 0.23091603053435114 0.9666666666666668
vt 0.0625 0.9375
vt 0.9375 0.9375
vt 0.9375 0.0625
vt 0.12500000000000006 0.8749999999999999
vt 0.2194656488549618 0.7708333333333333
vt 0.23091603053435114 0.7833333333333332
vt 0.0625 0.9375
vt 0.9375 0.9375
vt 0.9375 0.0625
vn 0 -0.7071067811865476 -0.7071067811865476
vn 0.5773502691896253 -0.5773502691896295 -0.5773502691896226
vn 0.7071067811865459 0 -0.7071067811865491
vn 0.577350269189623 0.5773502691896272 -0.5773502691896273
vn 0 0.7071067811865476 -0.7071067811865476
vn -0.5773502691896253 0.5773502691896295 -0.5773502691896226
vn -0.7071067811865459 0 -0.7071067811865491
vn -0.577350269189623 -0.5773502691896272 -0.5773502691896273
vn 0 -1 0
vn 0.7071067811865476 -0.7071067811865476 0
vn 1 0 0
vn 0.7071067811865476 0.7071067811865476 0
vn 0 1 0
vn -0.7071067811865476 0.7071067811865476 0
vn -1 0 0
vn -0.7071067811865476 -0.7071067811865476 0
vn 0 -0.7071067811865476 0.7071067811865476
vn 0.5773502691896266 -0.5773502691896266 0.5773502691896242
vn 0.707106781186546 0 0.7071067811865491
vn 0.5773502691896257 0.5773502691896257 0.5773502691896257
vn 0 0.7071067811865476 0.7071067811865476
vn -0.5773502691896266 0.5773502691896266 0.5773502691896242
vn -0.707106781186546 0 0.7071067811865491
vn -0.5773502691896257 -0.5773502691896257 0.5773502691896257
vn 0 0 -1
vn 0 0 1
vn 0 0 -1
vn 0 0 1
vn 0 0 -1
vn 0 0 1
vn 0 0 -1
vn 0 0 1
vn 0 0 -1
vn 0 0 1
vn 0 0 -1
vn 0 0 1
vn 0 0 -1
vn 0 0 1
vn 0 0 -1
vn 0 0 1
usemtl m_1ac2b107-2d28-0bb1-807d-ddb51a629807
f 253/1057/289 254/1058/289 262/1059/289 261/1060/289
f 254/1061/290 255/1062/290 263/1063/290 262/1064/290
f 255/1065/291 256/1066/291 264/1067/291 263/1068/291
f 256/1069/292 257/1070/292 265/1071/292 264/1072/292
f 257/1073/293 258/1074/293 266/1075/293 265/1076/293
f 258/1077/294 259/1078/294 267/1079/294 266/1080/294
f 259/1081/295 260/1082/295 268/1083/295 267/1084/295
f 260/1085/296 253/1086/296 261/1087/296 268/1088/296
f 261/1089/297 262/1090/297 270/1091/297 269/1092/297
f 262/1093/298 263/1094/298 271/1095/298 270/1096/298
f 263/1097/299 264/1098/299 272/1099/299 271/1100/299
f 264/1101/300 265/1102/300 273/1103/300 272/1104/300
f 265/1105/301 266/1106/301 274/1107/301 273/1108/301
f 266/1109/302 267/1110/302 275/1111/302 274/1112/302
f 267/1113/303 268/1114/303 276/1115/303 275/1116/303
f 268/1117/304 261/1118/304 269/1119/304 276/1120/304
f 269/1121/305 270/1122/305 278/1123/305 277/1124/305
f 270/1125/306 271/1126/306 279/1127/306 278/1128/306
f 271/1129/307 272/1130/307 280/1131/307 279/1132/307
f 272/1133/308 273/1134/308 281/1135/308 280/1136/308
f 273/1137/309 274/1138/309 282/1139/309 281/1140/309
f 274/1141/310 275/1142/310 283/1143/310 282/1144/310
f 275/1145/311 276/1146/311 284/1147/311 283/1148/311
f 276/1149/312 269/1150/312 277/1151/312 284/1152/312
usemtl m_97b53b7c-9216-aba5-ec7d-e1154951dd8d
f 285/1153/313 254/1154/313 253/1155/313
usemtl m_1ac2b107-2d28-0bb1-807d-ddb51a629807
f 286/1156/314 277/1157/314 278/1158/314
usemtl m_97b53b7c-9216-aba5-ec7d-e1154951dd8d
f 285/1159/315 255/1160/315 254/1161/315
usemtl m_1ac2b107-2d28-0bb1-807d-ddb51a629807
f 286/1162/316 278/1163/316 279/1164/316
usemtl m_97b53b7c-9216-aba5-ec7d-e1154951dd8d
f 285/1165/317 256/1166/317 255/1167/317
usemtl m_1ac2b107-2d28-0bb1-807d-ddb51a629807
f 286/1168/318 279/1169/318 280/1170/318
usemtl m_97b53b7c-9216-aba5-ec7d-e1154951dd8d
f 285/1171/319 257/1172/319 256/1173/319
usemtl m_1ac2b107-2d28-0bb1-807d-ddb51a629807
f 286/1174/320 280/1175/320 281/1176/320
usemtl m_97b53b7c-9216-aba5-ec7d-e1154951dd8d
f 285/1177/321 258/1178/321 257/1179/321
usemtl m_1ac2b107-2d28-0bb1-807d-ddb51a629807
f 286/1180/322 281/1181/322 282/1182/322
usemtl m_97b53b7c-9216-aba5-ec7d-e1154951dd8d
f 285/1183/323 259/1184/323 258/1185/323
usemtl m_1ac2b107-2d28-0bb1-807d-ddb51a629807
f 286/1186/324 282/1187/324 283/1188/324
usemtl m_97b53b7c-9216-aba5-ec7d-e1154951dd8d
f 285/1189/325 260/1190/325 259/1191/325
usemtl m_1ac2b107-2d28-0bb1-807d-ddb51a629807
f 286/1192/326 283/1193/326 284/1194/326
usemtl m_97b53b7c-9216-aba5-ec7d-e1154951dd8d
f 285/1195/327 253/1196/327 260/1197/327
usemtl m_1ac2b107-2d28-0bb1-807d-ddb51a629807
f 286/1198/328 284/1199/328 277/1200/328
o tactile_key_2
v 0.26812499999999995 0.25125 0.77625
v 0.33 0.25125 0.77625
v 0.33375 0.25499999999999995 0.77625
v 0.33375 0.31000000000000005 0.77625
v 0.33 0.31375000000000003 0.77625
v 0.26812499999999995 0.31375000000000003 0.77625
v 0.26437499999999997 0.31000000000000005 0.77625
v 0.26437499999999997 0.25499999999999995 0.77625
v 0.268125 0.245 0.7825
v 0.32999999999999996 0.245 0.7825
v 0.33999999999999997 0.255 0.7825
v 0.33999999999999997 0.31 0.7825
v 0.32999999999999996 0.32 0.7825
v 0.268125 0.32 0.7825
v 0.258125 0.31 0.7825
v 0.258125 0.255 0.7825
v 0.268125 0.245 0.7993750000000001
v 0.32999999999999996 0.245 0.7993750000000001
v 0.33999999999999997 0.255 0.7993750000000001
v 0.33999999999999997 0.31 0.7993750000000001
v 0.32999999999999996 0.32 0.7993750000000001
v 0.268125 0.32 0.7993750000000001
v 0.258125 0.31 0.7993750000000001
v 0.258125 0.255 0.7993750000000001
v 0.26812499999999995 0.25125 0.805625
v 0.33 0.25125 0.805625
v 0.33375 0.25499999999999995 0.805625
v 0.33375 0.31000000000000005 0.805625
v 0.33 0.31375000000000003 0.805625
v 0.26812499999999995 0.31375000000000003 0.805625
v 0.26437499999999997 0.31000000000000005 0.805625
v 0.26437499999999997 0.25499999999999995 0.805625
v 0.29906249999999995 0.2825 0.77625
v 0.29906249999999995 0.2825 0.805625
vt 0.0625 0.9375
vt 0.9375 0.9375
vt 0.9375 0.0625
vt 0.0625 0.0625
vt 0.0625 0.9375
vt 0.9375 0.9375
vt 0.9375 0.0625
vt 0.0625 0.0625
vt 0.0625 0.9375
vt 0.9375 0.9375
vt 0.9375 0.0625
vt 0.0625 0.0625
vt 0.0625 0.9375
vt 0.9375 0.9375
vt 0.9375 0.0625
vt 0.0625 0.0625
vt 0.0625 0.9375
vt 0.9375 0.9375
vt 0.9375 0.0625
vt 0.0625 0.0625
vt 0.0625 0.9375
vt 0.9375 0.9375
vt 0.9375 0.0625
vt 0.0625 0.0625
vt 0.0625 0.9375
vt 0.9375 0.9375
vt 0.9375 0.0625
vt 0.0625 0.0625
vt 0.0625 0.9375
vt 0.9375 0.9375
vt 0.9375 0.0625
vt 0.0625 0.0625
vt 0.0625 0.9375
vt 0.9375 0.9375
vt 0.9375 0.0625
vt 0.0625 0.0625
vt 0.0625 0.9375
vt 0.9375 0.9375
vt 0.9375 0.0625
vt 0.0625 0.0625
vt 0.0625 0.9375
vt 0.9375 0.9375
vt 0.9375 0.0625
vt 0.0625 0.0625
vt 0.0625 0.9375
vt 0.9375 0.9375
vt 0.9375 0.0625
vt 0.0625 0.0625
vt 0.0625 0.9375
vt 0.9375 0.9375
vt 0.9375 0.0625
vt 0.0625 0.0625
vt 0.0625 0.9375
vt 0.9375 0.9375
vt 0.9375 0.0625
vt 0.0625 0.0625
vt 0.0625 0.9375
vt 0.9375 0.9375
vt 0.9375 0.0625
vt 0.0625 0.0625
vt 0.0625 0.9375
vt 0.9375 0.9375
vt 0.9375 0.0625
vt 0.0625 0.0625
vt 0.0625 0.9375
vt 0.9375 0.9375
vt 0.9375 0.0625
vt 0.0625 0.0625
vt 0.0625 0.9375
vt 0.9375 0.9375
vt 0.9375 0.0625
vt 0.0625 0.0625
vt 0.0625 0.9375
vt 0.9375 0.9375
vt 0.9375 0.0625
vt 0.0625 0.0625
vt 0.0625 0.9375
vt 0.9375 0.9375
vt 0.9375 0.0625
vt 0.0625 0.0625
vt 0.0625 0.9375
vt 0.9375 0.9375
vt 0.9375 0.0625
vt 0.0625 0.0625
vt 0.0625 0.9375
vt 0.9375 0.9375
vt 0.9375 0.0625
vt 0.0625 0.0625
vt 0.0625 0.9375
vt 0.9375 0.9375
vt 0.9375 0.0625
vt 0.0625 0.0625
vt 0.0625 0.9375
vt 0.9375 0.9375
vt 0.9375 0.0625
vt 0.0625 0.0625
vt 0.3750000000000001 0.8749999999999999
vt 0.28053435114503805 0.7708333333333333
vt 0.469465648854962 0.7708333333333333
vt 0.0625 0.9375
vt 0.9375 0.9375
vt 0.9375 0.0625
vt 0.3750000000000001 0.8749999999999999
vt 0.2690839694656488 0.7833333333333332
vt 0.28053435114503805 0.7708333333333333
vt 0.0625 0.9375
vt 0.9375 0.9375
vt 0.9375 0.0625
vt 0.3750000000000001 0.8749999999999999
vt 0.2690839694656488 0.9666666666666668
vt 0.2690839694656488 0.7833333333333332
vt 0.0625 0.9375
vt 0.9375 0.9375
vt 0.9375 0.0625
vt 0.3750000000000001 0.8749999999999999
vt 0.28053435114503805 0.9791666666666667
vt 0.2690839694656488 0.9666666666666668
vt 0.0625 0.9375
vt 0.9375 0.9375
vt 0.9375 0.0625
vt 0.3750000000000001 0.8749999999999999
vt 0.469465648854962 0.9791666666666667
vt 0.28053435114503805 0.9791666666666667
vt 0.0625 0.9375
vt 0.9375 0.9375
vt 0.9375 0.0625
vt 0.3750000000000001 0.8749999999999999
vt 0.48091603053435117 0.9666666666666668
vt 0.469465648854962 0.9791666666666667
vt 0.0625 0.9375
vt 0.9375 0.9375
vt 0.9375 0.0625
vt 0.3750000000000001 0.8749999999999999
vt 0.48091603053435117 0.7833333333333332
vt 0.48091603053435117 0.9666666666666668
vt 0.0625 0.9375
vt 0.9375 0.9375
vt 0.9375 0.0625
vt 0.3750000000000001 0.8749999999999999
vt 0.469465648854962 0.7708333333333333
vt 0.48091603053435117 0.7833333333333332
vt 0.0625 0.9375
vt 0.9375 0.9375
vt 0.9375 0.0625
vn 0 -0.7071067811865476 -0.7071067811865476
vn 0.5773502691896275 -0.5773502691896275 -0.5773502691896225
vn 0.7071067811865476 0 -0.7071067811865476
vn 0.5773502691896275 0.5773502691896275 -0.5773502691896225
vn 0 0.7071067811865476 -0.7071067811865476
vn -0.5773502691896275 0.5773502691896275 -0.5773502691896225
vn -0.7071067811865476 0 -0.7071067811865476
vn -0.5773502691896275 -0.5773502691896275 -0.5773502691896225
vn 0 -1 0
vn 0.7071067811865476 -0.7071067811865476 0
vn 1 0 0
vn 0.7071067811865476 0.7071067811865476 0
vn 0 1 0
vn -0.7071067811865476 0.7071067811865476 0
vn -1 0 0
vn -0.7071067811865476 -0.7071067811865476 0
vn 0 -0.7071067811865476 0.7071067811865476
vn 0.5773502691896275 -0.5773502691896275 0.5773502691896224
vn 0.7071067811865476 0 0.7071067811865476
vn 0.5773502691896275 0.5773502691896275 0.5773502691896224
vn 0 0.7071067811865476 0.7071067811865476
vn -0.5773502691896275 0.5773502691896275 0.5773502691896224
vn -0.7071067811865476 0 0.7071067811865476
vn -0.5773502691896275 -0.5773502691896275 0.5773502691896224
vn 0 0 -1
vn 0 0 1
vn 0 0 -1
vn 0 0 1
vn 0 0 -1
vn 0 0 1
vn 0 0 -1
vn 0 0 1
vn 0 0 -1
vn 0 0 1
vn 0 0 -1
vn 0 0 1
vn 0 0 -1
vn 0 0 1
vn 0 0 -1
vn 0 0 1
usemtl m_0e44b5f4-a416-a68e-b389-59feb60cdf54
f 287/1201/329 288/1202/329 296/1203/329 295/1204/329
f 288/1205/330 289/1206/330 297/1207/330 296/1208/330
f 289/1209/331 290/1210/331 298/1211/331 297/1212/331
f 290/1213/332 291/1214/332 299/1215/332 298/1216/332
f 291/1217/333 292/1218/333 300/1219/333 299/1220/333
f 292/1221/334 293/1222/334 301/1223/334 300/1224/334
f 293/1225/335 294/1226/335 302/1227/335 301/1228/335
f 294/1229/336 287/1230/336 295/1231/336 302/1232/336
f 295/1233/337 296/1234/337 304/1235/337 303/1236/337
f 296/1237/338 297/1238/338 305/1239/338 304/1240/338
f 297/1241/339 298/1242/339 306/1243/339 305/1244/339
f 298/1245/340 299/1246/340 307/1247/340 306/1248/340
f 299/1249/341 300/1250/341 308/1251/341 307/1252/341
f 300/1253/342 301/1254/342 309/1255/342 308/1256/342
f 301/1257/343 302/1258/343 310/1259/343 309/1260/343
f 302/1261/344 295/1262/344 303/1263/344 310/1264/344
f 303/1265/345 304/1266/345 312/1267/345 311/1268/345
f 304/1269/346 305/1270/346 313/1271/346 312/1272/346
f 305/1273/347 306/1274/347 314/1275/347 313/1276/347
f 306/1277/348 307/1278/348 315/1279/348 314/1280/348
f 307/1281/349 308/1282/349 316/1283/349 315/1284/349
f 308/1285/350 309/1286/350 317/1287/350 316/1288/350
f 309/1289/351 310/1290/351 318/1291/351 317/1292/351
f 310/1293/352 303/1294/352 311/1295/352 318/1296/352
usemtl m_97b53b7c-9216-aba5-ec7d-e1154951dd8d
f 319/1297/353 288/1298/353 287/1299/353
usemtl m_0e44b5f4-a416-a68e-b389-59feb60cdf54
f 320/1300/354 311/1301/354 312/1302/354
usemtl m_97b53b7c-9216-aba5-ec7d-e1154951dd8d
f 319/1303/355 289/1304/355 288/1305/355
usemtl m_0e44b5f4-a416-a68e-b389-59feb60cdf54
f 320/1306/356 312/1307/356 313/1308/356
usemtl m_97b53b7c-9216-aba5-ec7d-e1154951dd8d
f 319/1309/357 290/1310/357 289/1311/357
usemtl m_0e44b5f4-a416-a68e-b389-59feb60cdf54
f 320/1312/358 313/1313/358 314/1314/358
usemtl m_97b53b7c-9216-aba5-ec7d-e1154951dd8d
f 319/1315/359 291/1316/359 290/1317/359
usemtl m_0e44b5f4-a416-a68e-b389-59feb60cdf54
f 320/1318/360 314/1319/360 315/1320/360
usemtl m_97b53b7c-9216-aba5-ec7d-e1154951dd8d
f 319/1321/361 292/1322/361 291/1323/361
usemtl m_0e44b5f4-a416-a68e-b389-59feb60cdf54
f 320/1324/362 315/1325/362 316/1326/362
usemtl m_97b53b7c-9216-aba5-ec7d-e1154951dd8d
f 319/1327/363 293/1328/363 292/1329/363
usemtl m_0e44b5f4-a416-a68e-b389-59feb60cdf54
f 320/1330/364 316/1331/364 317/1332/364
usemtl m_97b53b7c-9216-aba5-ec7d-e1154951dd8d
f 319/1333/365 294/1334/365 293/1335/365
usemtl m_0e44b5f4-a416-a68e-b389-59feb60cdf54
f 320/1336/366 317/1337/366 318/1338/366
usemtl m_97b53b7c-9216-aba5-ec7d-e1154951dd8d
f 319/1339/367 287/1340/367 294/1341/367
usemtl m_0e44b5f4-a416-a68e-b389-59feb60cdf54
f 320/1342/368 318/1343/368 311/1344/368
o tactile_key_3
v 0.3712499999999999 0.25125 0.77625
v 0.43312500000000004 0.25125 0.77625
v 0.436875 0.25499999999999995 0.77625
v 0.436875 0.31000000000000005 0.77625
v 0.43312500000000004 0.31375000000000003 0.77625
v 0.3712499999999999 0.31375000000000003 0.77625
v 0.36749999999999994 0.31000000000000005 0.77625
v 0.36749999999999994 0.25499999999999995 0.77625
v 0.37124999999999997 0.245 0.7825
v 0.433125 0.245 0.7825
v 0.443125 0.255 0.7825
v 0.443125 0.31 0.7825
v 0.433125 0.32 0.7825
v 0.37124999999999997 0.32 0.7825
v 0.36124999999999996 0.31 0.7825
v 0.36124999999999996 0.255 0.7825
v 0.37124999999999997 0.245 0.7993750000000001
v 0.433125 0.245 0.7993750000000001
v 0.443125 0.255 0.7993750000000001
v 0.443125 0.31 0.7993750000000001
v 0.433125 0.32 0.7993750000000001
v 0.37124999999999997 0.32 0.7993750000000001
v 0.36124999999999996 0.31 0.7993750000000001
v 0.36124999999999996 0.255 0.7993750000000001
v 0.3712499999999999 0.25125 0.805625
v 0.43312500000000004 0.25125 0.805625
v 0.436875 0.25499999999999995 0.805625
v 0.436875 0.31000000000000005 0.805625
v 0.43312500000000004 0.31375000000000003 0.805625
v 0.3712499999999999 0.31375000000000003 0.805625
v 0.36749999999999994 0.31000000000000005 0.805625
v 0.36749999999999994 0.25499999999999995 0.805625
v 0.4021874999999999 0.2825 0.77625
v 0.4021874999999999 0.2825 0.805625
vt 0.0625 0.9375
vt 0.9375 0.9375
vt 0.9375 0.0625
vt 0.0625 0.0625
vt 0.0625 0.9375
vt 0.9375 0.9375
vt 0.9375 0.0625
vt 0.0625 0.0625
vt 0.0625 0.9375
vt 0.9375 0.9375
vt 0.9375 0.0625
vt 0.0625 0.0625
vt 0.0625 0.9375
vt 0.9375 0.9375
vt 0.9375 0.0625
vt 0.0625 0.0625
vt 0.0625 0.9375
vt 0.9375 0.9375
vt 0.9375 0.0625
vt 0.0625 0.0625
vt 0.0625 0.9375
vt 0.9375 0.9375
vt 0.9375 0.0625
vt 0.0625 0.0625
vt 0.0625 0.9375
vt 0.9375 0.9375
vt 0.9375 0.0625
vt 0.0625 0.0625
vt 0.0625 0.9375
vt 0.9375 0.9375
vt 0.9375 0.0625
vt 0.0625 0.0625
vt 0.0625 0.9375
vt 0.9375 0.9375
vt 0.9375 0.0625
vt 0.0625 0.0625
vt 0.0625 0.9375
vt 0.9375 0.9375
vt 0.9375 0.0625
vt 0.0625 0.0625
vt 0.0625 0.9375
vt 0.9375 0.9375
vt 0.9375 0.0625
vt 0.0625 0.0625
vt 0.0625 0.9375
vt 0.9375 0.9375
vt 0.9375 0.0625
vt 0.0625 0.0625
vt 0.0625 0.9375
vt 0.9375 0.9375
vt 0.9375 0.0625
vt 0.0625 0.0625
vt 0.0625 0.9375
vt 0.9375 0.9375
vt 0.9375 0.0625
vt 0.0625 0.0625
vt 0.0625 0.9375
vt 0.9375 0.9375
vt 0.9375 0.0625
vt 0.0625 0.0625
vt 0.0625 0.9375
vt 0.9375 0.9375
vt 0.9375 0.0625
vt 0.0625 0.0625
vt 0.0625 0.9375
vt 0.9375 0.9375
vt 0.9375 0.0625
vt 0.0625 0.0625
vt 0.0625 0.9375
vt 0.9375 0.9375
vt 0.9375 0.0625
vt 0.0625 0.0625
vt 0.0625 0.9375
vt 0.9375 0.9375
vt 0.9375 0.0625
vt 0.0625 0.0625
vt 0.0625 0.9375
vt 0.9375 0.9375
vt 0.9375 0.0625
vt 0.0625 0.0625
vt 0.0625 0.9375
vt 0.9375 0.9375
vt 0.9375 0.0625
vt 0.0625 0.0625
vt 0.0625 0.9375
vt 0.9375 0.9375
vt 0.9375 0.0625
vt 0.0625 0.0625
vt 0.0625 0.9375
vt 0.9375 0.9375
vt 0.9375 0.0625
vt 0.0625 0.0625
vt 0.0625 0.9375
vt 0.9375 0.9375
vt 0.9375 0.0625
vt 0.0625 0.0625
vt 0.6250000000000002 0.8749999999999999
vt 0.530534351145038 0.7708333333333333
vt 0.719465648854962 0.7708333333333333
vt 0.0625 0.9375
vt 0.9375 0.9375
vt 0.9375 0.0625
vt 0.6250000000000002 0.8749999999999999
vt 0.5190839694656488 0.7833333333333332
vt 0.530534351145038 0.7708333333333333
vt 0.0625 0.9375
vt 0.9375 0.9375
vt 0.9375 0.0625
vt 0.6250000000000002 0.8749999999999999
vt 0.5190839694656488 0.9666666666666668
vt 0.5190839694656488 0.7833333333333332
vt 0.0625 0.9375
vt 0.9375 0.9375
vt 0.9375 0.0625
vt 0.6250000000000002 0.8749999999999999
vt 0.530534351145038 0.9791666666666667
vt 0.5190839694656488 0.9666666666666668
vt 0.0625 0.9375
vt 0.9375 0.9375
vt 0.9375 0.0625
vt 0.6250000000000002 0.8749999999999999
vt 0.719465648854962 0.9791666666666667
vt 0.530534351145038 0.9791666666666667
vt 0.0625 0.9375
vt 0.9375 0.9375
vt 0.9375 0.0625
vt 0.6250000000000002 0.8749999999999999
vt 0.7309160305343512 0.9666666666666668
vt 0.719465648854962 0.9791666666666667
vt 0.0625 0.9375
vt 0.9375 0.9375
vt 0.9375 0.0625
vt 0.6250000000000002 0.8749999999999999
vt 0.7309160305343512 0.7833333333333332
vt 0.7309160305343512 0.9666666666666668
vt 0.0625 0.9375
vt 0.9375 0.9375
vt 0.9375 0.0625
vt 0.6250000000000002 0.8749999999999999
vt 0.719465648854962 0.7708333333333333
vt 0.7309160305343512 0.7833333333333332
vt 0.0625 0.9375
vt 0.9375 0.9375
vt 0.9375 0.0625
vn 0 -0.7071067811865476 -0.7071067811865476
vn 0.5773502691896275 -0.5773502691896275 -0.5773502691896225
vn 0.7071067811865476 0 -0.7071067811865476
vn 0.5773502691896275 0.5773502691896275 -0.5773502691896225
vn 0 0.7071067811865476 -0.7071067811865476
vn -0.5773502691896275 0.5773502691896275 -0.5773502691896225
vn -0.7071067811865476 0 -0.7071067811865476
vn -0.5773502691896275 -0.5773502691896275 -0.5773502691896225
vn 0 -1 0
vn 0.7071067811865476 -0.7071067811865476 0
vn 1 0 0
vn 0.7071067811865476 0.7071067811865476 0
vn 0 1 0
vn -0.7071067811865476 0.7071067811865476 0
vn -1 0 0
vn -0.7071067811865476 -0.7071067811865476 0
vn 0 -0.7071067811865476 0.7071067811865476
vn 0.5773502691896275 -0.5773502691896275 0.5773502691896224
vn 0.7071067811865476 0 0.7071067811865476
vn 0.5773502691896275 0.5773502691896275 0.5773502691896224
vn 0 0.7071067811865476 0.7071067811865476
vn -0.5773502691896275 0.5773502691896275 0.5773502691896224
vn -0.7071067811865476 0 0.7071067811865476
vn -0.5773502691896275 -0.5773502691896275 0.5773502691896224
vn 0 0 -1
vn 0 0 1
vn 0 0 -1
vn 0 0 1
vn 0 0 -1
vn 0 0 1
vn 0 0 -1
vn 0 0 1
vn 0 0 -1
vn 0 0 1
vn 0 0 -1
vn 0 0 1
vn 0 0 -1
vn 0 0 1
vn 0 0 -1
vn 0 0 1
usemtl m_0e44b5f4-a416-a68e-b389-59feb60cdf54
f 321/1345/369 322/1346/369 330/1347/369 329/1348/369
f 322/1349/370 323/1350/370 331/1351/370 330/1352/370
f 323/1353/371 324/1354/371 332/1355/371 331/1356/371
f 324/1357/372 325/1358/372 333/1359/372 332/1360/372
f 325/1361/373 326/1362/373 334/1363/373 333/1364/373
f 326/1365/374 327/1366/374 335/1367/374 334/1368/374
f 327/1369/375 328/1370/375 336/1371/375 335/1372/375
f 328/1373/376 321/1374/376 329/1375/376 336/1376/376
f 329/1377/377 330/1378/377 338/1379/377 337/1380/377
f 330/1381/378 331/1382/378 339/1383/378 338/1384/378
f 331/1385/379 332/1386/379 340/1387/379 339/1388/379
f 332/1389/380 333/1390/380 341/1391/380 340/1392/380
f 333/1393/381 334/1394/381 342/1395/381 341/1396/381
f 334/1397/382 335/1398/382 343/1399/382 342/1400/382
f 335/1401/383 336/1402/383 344/1403/383 343/1404/383
f 336/1405/384 329/1406/384 337/1407/384 344/1408/384
f 337/1409/385 338/1410/385 346/1411/385 345/1412/385
f 338/1413/386 339/1414/386 347/1415/386 346/1416/386
f 339/1417/387 340/1418/387 348/1419/387 347/1420/387
f 340/1421/388 341/1422/388 349/1423/388 348/1424/388
f 341/1425/389 342/1426/389 350/1427/389 349/1428/389
f 342/1429/390 343/1430/390 351/1431/390 350/1432/390
f 343/1433/391 344/1434/391 352/1435/391 351/1436/391
f 344/1437/392 337/1438/392 345/1439/392 352/1440/392
usemtl m_97b53b7c-9216-aba5-ec7d-e1154951dd8d
f 353/1441/393 322/1442/393 321/1443/393
usemtl m_0e44b5f4-a416-a68e-b389-59feb60cdf54
f 354/1444/394 345/1445/394 346/1446/394
usemtl m_97b53b7c-9216-aba5-ec7d-e1154951dd8d
f 353/1447/395 323/1448/395 322/1449/395
usemtl m_0e44b5f4-a416-a68e-b389-59feb60cdf54
f 354/1450/396 346/1451/396 347/1452/396
usemtl m_97b53b7c-9216-aba5-ec7d-e1154951dd8d
f 353/1453/397 324/1454/397 323/1455/397
usemtl m_0e44b5f4-a416-a68e-b389-59feb60cdf54
f 354/1456/398 347/1457/398 348/1458/398
usemtl m_97b53b7c-9216-aba5-ec7d-e1154951dd8d
f 353/1459/399 325/1460/399 324/1461/399
usemtl m_0e44b5f4-a416-a68e-b389-59feb60cdf54
f 354/1462/400 348/1463/400 349/1464/400
usemtl m_97b53b7c-9216-aba5-ec7d-e1154951dd8d
f 353/1465/401 326/1466/401 325/1467/401
usemtl m_0e44b5f4-a416-a68e-b389-59feb60cdf54
f 354/1468/402 349/1469/402 350/1470/402
usemtl m_97b53b7c-9216-aba5-ec7d-e1154951dd8d
f 353/1471/403 327/1472/403 326/1473/403
usemtl m_0e44b5f4-a416-a68e-b389-59feb60cdf54
f 354/1474/404 350/1475/404 351/1476/404
usemtl m_97b53b7c-9216-aba5-ec7d-e1154951dd8d
f 353/1477/405 328/1478/405 327/1479/405
usemtl m_0e44b5f4-a416-a68e-b389-59feb60cdf54
f 354/1480/406 351/1481/406 352/1482/406
usemtl m_97b53b7c-9216-aba5-ec7d-e1154951dd8d
f 353/1483/407 321/1484/407 328/1485/407
usemtl m_0e44b5f4-a416-a68e-b389-59feb60cdf54
f 354/1486/408 352/1487/408 345/1488/408
o rotary_control
v 0.605625 0.2825 0.77375
v 0.600433484396647 0.30187499999999995 0.77375
v 0.58625 0.31605848439664697 0.77375
v 0.566875 0.32125 0.77375
v 0.5475 0.31605848439664697 0.77375
v 0.533316515603353 0.30187499999999995 0.77375
v 0.5281250000000001 0.2825 0.77375
v 0.533316515603353 0.263125 0.77375
v 0.5475 0.24894151560335298 0.77375
v 0.566875 0.24374999999999997 0.77375
v 0.58625 0.24894151560335298 0.77375
v 0.600433484396647 0.26312499999999994 0.77375
v 0.615 0.2825 0.7825
v 0.6085524725571261 0.30656249999999996 0.7825
v 0.5909375 0.3241774725571261 0.7825
v 0.566875 0.33062499999999995 0.7825
v 0.5428125 0.3241774725571261 0.7825
v 0.525197527442874 0.30656249999999996 0.7825
v 0.51875 0.2825 0.7825
v 0.525197527442874 0.2584375 0.7825
v 0.5428125 0.24082252744287388 0.7825
v 0.566875 0.23437499999999997 0.7825
v 0.5909375 0.24082252744287386 0.7825
v 0.6085524725571261 0.25843749999999993 0.7825
v 0.615 0.2825 0.805
v 0.6085524725571261 0.30656249999999996 0.805
v 0.5909375 0.3241774725571261 0.805
v 0.566875 0.33062499999999995 0.805
v 0.5428125 0.3241774725571261 0.805
v 0.525197527442874 0.30656249999999996 0.805
v 0.51875 0.2825 0.805
v 0.525197527442874 0.2584375 0.805
v 0.5428125 0.24082252744287388 0.805
v 0.566875 0.23437499999999997 0.805
v 0.5909375 0.24082252744287386 0.805
v 0.6085524725571261 0.25843749999999993 0.805
v 0.6075 0.2825 0.811875
v 0.6020572820287429 0.3028125 0.811875
v 0.5871875 0.31768228202874277 0.811875
v 0.566875 0.323125 0.811875
v 0.5465625000000001 0.3176822820287428 0.811875
v 0.5316927179712572 0.3028125 0.811875
v 0.52625 0.2825 0.811875
v 0.5316927179712572 0.26218749999999996 0.811875
v 0.5465625 0.24731771797125718 0.811875
v 0.566875 0.24187499999999998 0.811875
v 0.5871875 0.24731771797125715 0.811875
v 0.6020572820287429 0.26218749999999996 0.811875
v 0.5668750000000001 0.2824999999999999 0.7737499999999998
v 0.566875 0.28250000000000003 0.811875
vt 0.0625 0.9375
vt 0.9375 0.9375
vt 0.9375 0.0625
vt 0.0625 0.0625
vt 0.0625 0.9375
vt 0.9375 0.9375
vt 0.9375 0.0625
vt 0.0625 0.0625
vt 0.0625 0.9375
vt 0.9375 0.9375
vt 0.9375 0.0625
vt 0.0625 0.0625
vt 0.0625 0.9375
vt 0.9375 0.9375
vt 0.9375 0.0625
vt 0.0625 0.0625
vt 0.0625 0.9375
vt 0.9375 0.9375
vt 0.9375 0.0625
vt 0.0625 0.0625
vt 0.0625 0.9375
vt 0.9375 0.9375
vt 0.9375 0.0625
vt 0.0625 0.0625
vt 0.0625 0.9375
vt 0.9375 0.9375
vt 0.9375 0.0625
vt 0.0625 0.0625
vt 0.0625 0.9375
vt 0.9375 0.9375
vt 0.9375 0.0625
vt 0.0625 0.0625
vt 0.0625 0.9375
vt 0.9375 0.9375
vt 0.9375 0.0625
vt 0.0625 0.0625
vt 0.0625 0.9375
vt 0.9375 0.9375
vt 0.9375 0.0625
vt 0.0625 0.0625
vt 0.0625 0.9375
vt 0.9375 0.9375
vt 0.9375 0.0625
vt 0.0625 0.0625
vt 0.0625 0.9375
vt 0.9375 0.9375
vt 0.9375 0.0625
vt 0.0625 0.0625
vt 0.0625 0.9375
vt 0.9375 0.9375
vt 0.9375 0.0625
vt 0.0625 0.0625
vt 0.0625 0.9375
vt 0.9375 0.9375
vt 0.9375 0.0625
vt 0.0625 0.0625
vt 0.0625 0.9375
vt 0.9375 0.9375
vt 0.9375 0.0625
vt 0.0625 0.0625
vt 0.0625 0.9375
vt 0.9375 0.9375
vt 0.9375 0.0625
vt 0.0625 0.0625
vt 0.0625 0.9375
vt 0.9375 0.9375
vt 0.9375 0.0625
vt 0.0625 0.0625
vt 0.0625 0.9375
vt 0.9375 0.9375
vt 0.9375 0.0625
vt 0.0625 0.0625
vt 0.0625 0.9375
vt 0.9375 0.9375
vt 0.9375 0.0625
vt 0.0625 0.0625
vt 0.0625 0.9375
vt 0.9375 0.9375
vt 0.9375 0.0625
vt 0.0625 0.0625
vt 0.0625 0.9375
vt 0.9375 0.9375
vt 0.9375 0.0625
vt 0.0625 0.0625
vt 0.0625 0.9375
vt 0.9375 0.9375
vt 0.9375 0.0625
vt 0.0625 0.0625
vt 0.0625 0.9375
vt 0.9375 0.9375
vt 0.9375 0.0625
vt 0.0625 0.0625
vt 0.0625 0.9375
vt 0.9375 0.9375
vt 0.9375 0.0625
vt 0.0625 0.0625
vt 0.0625 0.9375
vt 0.9375 0.9375
vt 0.9375 0.0625
vt 0.0625 0.0625
vt 0.0625 0.9375
vt 0.9375 0.9375
vt 0.9375 0.0625
vt 0.0625 0.0625
vt 0.0625 0.9375
vt 0.9375 0.9375
vt 0.9375 0.0625
vt 0.0625 0.0625
vt 0.0625 0.9375
vt 0.9375 0.9375
vt 0.9375 0.0625
vt 0.0625 0.0625
vt 0.0625 0.9375
vt 0.9375 0.9375
vt 0.9375 0.0625
vt 0.0625 0.0625
vt 0.0625 0.9375
vt 0.9375 0.9375
vt 0.9375 0.0625
vt 0.0625 0.0625
vt 0.0625 0.9375
vt 0.9375 0.9375
vt 0.9375 0.0625
vt 0.0625 0.0625
vt 0.0625 0.9375
vt 0.9375 0.9375
vt 0.9375 0.0625
vt 0.0625 0.0625
vt 0.0625 0.9375
vt 0.9375 0.9375
vt 0.9375 0.0625
vt 0.0625 0.0625
vt 0.0625 0.9375
vt 0.9375 0.9375
vt 0.9375 0.0625
vt 0.0625 0.0625
vt 0.0625 0.9375
vt 0.9375 0.9375
vt 0.9375 0.0625
vt 0.0625 0.0625
vt 0.0625 0.9375
vt 0.9375 0.9375
vt 0.9375 0.0625
vt 0.0625 0.0625
vt 0.0625 0.9375
vt 0.9375 0.9375
vt 0.9375 0.0625
vt 0.0625 0.9375
vt 0.9375 0.9375
vt 0.9375 0.0625
vt 0.0625 0.9375
vt 0.9375 0.9375
vt 0.9375 0.0625
vt 0.0625 0.9375
vt 0.9375 0.9375
vt 0.9375 0.0625
vt 0.0625 0.9375
vt 0.9375 0.9375
vt 0.9375 0.0625
vt 0.0625 0.9375
vt 0.9375 0.9375
vt 0.9375 0.0625
vt 0.0625 0.9375
vt 0.9375 0.9375
vt 0.9375 0.0625
vt 0.0625 0.9375
vt 0.9375 0.9375
vt 0.9375 0.0625
vt 0.0625 0.9375
vt 0.9375 0.9375
vt 0.9375 0.0625
vt 0.0625 0.9375
vt 0.9375 0.9375
vt 0.9375 0.0625
vt 0.0625 0.9375
vt 0.9375 0.9375
vt 0.9375 0.0625
vt 0.0625 0.9375
vt 0.9375 0.9375
vt 0.9375 0.0625
vt 0.0625 0.9375
vt 0.9375 0.9375
vt 0.9375 0.0625
vt 0.0625 0.9375
vt 0.9375 0.9375
vt 0.9375 0.0625
vt 0.0625 0.9375
vt 0.9375 0.9375
vt 0.9375 0.0625
vt 0.0625 0.9375
vt 0.9375 0.9375
vt 0.9375 0.0625
vt 0.0625 0.9375
vt 0.9375 0.9375
vt 0.9375 0.0625
vt 0.0625 0.9375
vt 0.9375 0.9375
vt 0.9375 0.0625
vt 0.0625 0.9375
vt 0.9375 0.9375
vt 0.9375 0.0625
vt 0.0625 0.9375
vt 0.9375 0.9375
vt 0.9375 0.0625
vt 0.0625 0.9375
vt 0.9375 0.9375
vt 0.9375 0.0625
vt 0.0625 0.9375
vt 0.9375 0.9375
vt 0.9375 0.0625
vt 0.0625 0.9375
vt 0.9375 0.9375
vt 0.9375 0.0625
vt 0.0625 0.9375
vt 0.9375 0.9375
vt 0.9375 0.0625
vn 0.6711929486510535 0.17984560855651252 -0.7191353021261312
vn 0.49134734009454006 0.4913473400945381 -0.7191353021261317
vn 0.17984560855651374 0.6711929486510528 -0.7191353021261315
vn -0.1798456085565134 0.6711929486510516 -0.7191353021261329
vn -0.49134734009453973 0.49134734009453784 -0.7191353021261322
vn -0.6711929486510508 0.17984560855651177 -0.7191353021261337
vn -0.6711929486510535 -0.17984560855651252 -0.7191353021261312
vn -0.4913473400945406 -0.4913473400945387 -0.7191353021261311
vn -0.17984560855651346 -0.6711929486510518 -0.7191353021261326
vn 0.1798456085565134 -0.6711929486510516 -0.7191353021261329
vn 0.4913473400945389 -0.4913473400945389 -0.719135302126132
vn 0.671192948651051 -0.1798456085565113 -0.7191353021261339
vn 0.9659258262890682 0.2588190451025218 0
vn 0.7071067811865487 0.7071067811865465 0
vn 0.25881904510251963 0.9659258262890685 0
vn -0.25881904510251963 0.9659258262890685 0
vn -0.7071067811865487 0.7071067811865465 0
vn -0.9659258262890682 0.2588190451025218 0
vn -0.9659258262890682 -0.2588190451025218 0
vn -0.707106781186548 -0.707106781186547 0
vn -0.2588190451025218 -0.9659258262890682 0
vn 0.25881904510252074 -0.9659258262890684 0
vn 0.7071067811865476 -0.7071067811865476 0
vn 0.9659258262890683 -0.25881904510252124 0
vn 0.6649136918213805 0.17816308675993603 0.7253603910778654
vn 0.4867506050614418 0.48675060506144024 0.7253603910778712
vn 0.17816308675993414 0.6649136918213792 0.7253603910778672
vn -0.17816308675993378 0.6649136918213777 0.7253603910778684
vn -0.4867506050614457 0.4867506050614442 0.7253603910778659
vn -0.6649136918213789 0.1781630867599356 0.7253603910778669
vn -0.6649136918213805 -0.17816308675993603 0.7253603910778654
vn -0.48675060506144474 -0.48675060506144396 0.7253603910778667
vn -0.17816308675993492 -0.6649136918213763 0.7253603910778694
vn 0.17816308675993411 -0.6649136918213762 0.7253603910778698
vn 0.48675060506144363 -0.48675060506144363 0.7253603910778677
vn 0.6649136918213789 -0.17816308675993522 0.7253603910778671
vn 5.7301833529040555e-15 1.5353980018928937e-15 -1
vn 0 0 1
vn 4.1947853510111474e-15 4.194785351011131e-15 -1
vn 0 0 1
vn 1.5353980018928986e-15 5.7301833529040295e-15 -1
vn 0 0 1
vn -1.535398001892896e-15 5.730183352904019e-15 -1
vn 0 0 1
vn -4.19478535101113e-15 4.1947853510111135e-15 -1
vn 0 0 1
vn -5.730183352904022e-15 1.5353980018928848e-15 -1
vn 0 0 1
vn -5.730183352904027e-15 -1.535398001892886e-15 -1
vn 0 0 1
vn -4.194785351011139e-15 -4.194785351011122e-15 -1
vn 0 0 1
vn -1.5353980018929004e-15 -5.730183352904036e-15 -1
vn 0 0 1
vn 1.5353980018929031e-15 -5.730183352904046e-15 -1
vn 0 0 1
vn 4.194785351011145e-15 -4.194785351011145e-15 -1
vn 0 0 1
vn 5.73018335290406e-15 -1.5353980018928905e-15 -1
vn 0 0 1
usemtl m_76fe1310-617e-aaff-3199-fb99e6ada4f4
f 355/1489/409 356/1490/409 368/1491/409 367/1492/409
f 356/1493/410 357/1494/410 369/1495/410 368/1496/410
f 357/1497/411 358/1498/411 370/1499/411 369/1500/411
f 358/1501/412 359/1502/412 371/1503/412 370/1504/412
f 359/1505/413 360/1506/413 372/1507/413 371/1508/413
f 360/1509/414 361/1510/414 373/1511/414 372/1512/414
f 361/1513/415 362/1514/415 374/1515/415 373/1516/415
f 362/1517/416 363/1518/416 375/1519/416 374/1520/416
f 363/1521/417 364/1522/417 376/1523/417 375/1524/417
f 364/1525/418 365/1526/418 377/1527/418 376/1528/418
f 365/1529/419 366/1530/419 378/1531/419 377/1532/419
f 366/1533/420 355/1534/420 367/1535/420 378/1536/420
f 367/1537/421 368/1538/421 380/1539/421 379/1540/421
f 368/1541/422 369/1542/422 381/1543/422 380/1544/422
f 369/1545/423 370/1546/423 382/1547/423 381/1548/423
f 370/1549/424 371/1550/424 383/1551/424 382/1552/424
f 371/1553/425 372/1554/425 384/1555/425 383/1556/425
f 372/1557/426 373/1558/426 385/1559/426 384/1560/426
f 373/1561/427 374/1562/427 386/1563/427 385/1564/427
f 374/1565/428 375/1566/428 387/1567/428 386/1568/428
f 375/1569/429 376/1570/429 388/1571/429 387/1572/429
f 376/1573/430 377/1574/430 389/1575/430 388/1576/430
f 377/1577/431 378/1578/431 390/1579/431 389/1580/431
f 378/1581/432 367/1582/432 379/1583/432 390/1584/432
f 379/1585/433 380/1586/433 392/1587/433 391/1588/433
f 380/1589/434 381/1590/434 393/1591/434 392/1592/434
f 381/1593/435 382/1594/435 394/1595/435 393/1596/435
f 382/1597/436 383/1598/436 395/1599/436 394/1600/436
f 383/1601/437 384/1602/437 396/1603/437 395/1604/437
f 384/1605/438 385/1606/438 397/1607/438 396/1608/438
f 385/1609/439 386/1610/439 398/1611/439 397/1612/439
f 386/1613/440 387/1614/440 399/1615/440 398/1616/440
f 387/1617/441 388/1618/441 400/1619/441 399/1620/441
f 388/1621/442 389/1622/442 401/1623/442 400/1624/442
f 389/1625/443 390/1626/443 402/1627/443 401/1628/443
f 390/1629/444 379/1630/444 391/1631/444 402/1632/444
f 403/1633/445 356/1634/445 355/1635/445
f 404/1636/446 391/1637/446 392/1638/446
f 403/1639/447 357/1640/447 356/1641/447
f 404/1642/448 392/1643/448 393/1644/448
f 403/1645/449 358/1646/449 357/1647/449
f 404/1648/450 393/1649/450 394/1650/450
f 403/1651/451 359/1652/451 358/1653/451
f 404/1654/452 394/1655/452 395/1656/452
f 403/1657/453 360/1658/453 359/1659/453
f 404/1660/454 395/1661/454 396/1662/454
f 403/1663/455 361/1664/455 360/1665/455
f 404/1666/456 396/1667/456 397/1668/456
f 403/1669/457 362/1670/457 361/1671/457
f 404/1672/458 397/1673/458 398/1674/458
f 403/1675/459 363/1676/459 362/1677/459
f 404/1678/460 398/1679/460 399/1680/460
f 403/1681/461 364/1682/461 363/1683/461
f 404/1684/462 399/1685/462 400/1686/462
f 403/1687/463 365/1688/463 364/1689/463
f 404/1690/464 400/1691/464 401/1692/464
f 403/1693/465 366/1694/465 365/1695/465
f 404/1696/466 401/1697/466 402/1698/466
f 403/1699/467 355/1700/467 366/1701/467
f 404/1702/468 402/1703/468 391/1704/468
o rotary_index
v 0.5634375 0.296375 0.7725
v 0.5703125 0.296375 0.7725
v 0.571125 0.2971875 0.7725
v 0.571125 0.3146875 0.7725
v 0.5703125 0.3155 0.7725
v 0.5634375 0.3155 0.7725
v 0.562625 0.3146875 0.7725
v 0.562625 0.2971875 0.7725
v 0.5634375 0.295625 0.77325
v 0.5703125 0.295625 0.77325
v 0.571875 0.29718750000000005 0.77325
v 0.571875 0.31468749999999995 0.77325
v 0.5703125 0.31625 0.77325
v 0.5634375 0.31625 0.77325
v 0.561875 0.31468749999999995 0.77325
v 0.561875 0.29718750000000005 0.77325
v 0.5634375 0.295625 0.7755
v 0.5703125 0.295625 0.7755
v 0.571875 0.29718750000000005 0.7755
v 0.571875 0.31468749999999995 0.7755
v 0.5703125 0.31625 0.7755
v 0.5634375 0.31625 0.7755
v 0.561875 0.31468749999999995 0.7755
v 0.561875 0.29718750000000005 0.7755
v 0.5634375 0.296375 0.77625
v 0.5703125 0.296375 0.77625
v 0.571125 0.2971875 0.77625
v 0.571125 0.3146875 0.77625
v 0.5703125 0.3155 0.77625
v 0.5634375 0.3155 0.77625
v 0.562625 0.3146875 0.77625
v 0.562625 0.2971875 0.77625
v 0.566875 0.30593750000000003 0.7725
v 0.566875 0.30593750000000003 0.77625
vt 0.0625 0.9375
vt 0.9375 0.9375
vt 0.9375 0.0625
vt 0.0625 0.0625
vt 0.0625 0.9375
vt 0.9375 0.9375
vt 0.9375 0.0625
vt 0.0625 0.0625
vt 0.0625 0.9375
vt 0.9375 0.9375
vt 0.9375 0.0625
vt 0.0625 0.0625
vt 0.0625 0.9375
vt 0.9375 0.9375
vt 0.9375 0.0625
vt 0.0625 0.0625
vt 0.0625 0.9375
vt 0.9375 0.9375
vt 0.9375 0.0625
vt 0.0625 0.0625
vt 0.0625 0.9375
vt 0.9375 0.9375
vt 0.9375 0.0625
vt 0.0625 0.0625
vt 0.0625 0.9375
vt 0.9375 0.9375
vt 0.9375 0.0625
vt 0.0625 0.0625
vt 0.0625 0.9375
vt 0.9375 0.9375
vt 0.9375 0.0625
vt 0.0625 0.0625
vt 0.0625 0.9375
vt 0.9375 0.9375
vt 0.9375 0.0625
vt 0.0625 0.0625
vt 0.0625 0.9375
vt 0.9375 0.9375
vt 0.9375 0.0625
vt 0.0625 0.0625
vt 0.0625 0.9375
vt 0.9375 0.9375
vt 0.9375 0.0625
vt 0.0625 0.0625
vt 0.0625 0.9375
vt 0.9375 0.9375
vt 0.9375 0.0625
vt 0.0625 0.0625
vt 0.0625 0.9375
vt 0.9375 0.9375
vt 0.9375 0.0625
vt 0.0625 0.0625
vt 0.0625 0.9375
vt 0.9375 0.9375
vt 0.9375 0.0625
vt 0.0625 0.0625
vt 0.0625 0.9375
vt 0.9375 0.9375
vt 0.9375 0.0625
vt 0.0625 0.0625
vt 0.0625 0.9375
vt 0.9375 0.9375
vt 0.9375 0.0625
vt 0.0625 0.0625
vt 0.0625 0.9375
vt 0.9375 0.9375
vt 0.9375 0.0625
vt 0.0625 0.0625
vt 0.0625 0.9375
vt 0.9375 0.9375
vt 0.9375 0.0625
vt 0.0625 0.0625
vt 0.0625 0.9375
vt 0.9375 0.9375
vt 0.9375 0.0625
vt 0.0625 0.0625
vt 0.0625 0.9375
vt 0.9375 0.9375
vt 0.9375 0.0625
vt 0.0625 0.0625
vt 0.0625 0.9375
vt 0.9375 0.9375
vt 0.9375 0.0625
vt 0.0625 0.0625
vt 0.0625 0.9375
vt 0.9375 0.9375
vt 0.9375 0.0625
vt 0.0625 0.0625
vt 0.0625 0.9375
vt 0.9375 0.9375
vt 0.9375 0.0625
vt 0.0625 0.0625
vt 0.0625 0.9375
vt 0.9375 0.9375
vt 0.9375 0.0625
vt 0.0625 0.0625
vt 0.0625 0.9375
vt 0.9375 0.9375
vt 0.9375 0.0625
vt 0.0625 0.9375
vt 0.9375 0.9375
vt 0.9375 0.0625
vt 0.0625 0.9375
vt 0.9375 0.9375
vt 0.9375 0.0625
vt 0.0625 0.9375
vt 0.9375 0.9375
vt 0.9375 0.0625
vt 0.0625 0.9375
vt 0.9375 0.9375
vt 0.9375 0.0625
vt 0.0625 0.9375
vt 0.9375 0.9375
vt 0.9375 0.0625
vt 0.0625 0.9375
vt 0.9375 0.9375
vt 0.9375 0.0625
vt 0.0625 0.9375
vt 0.9375 0.9375
vt 0.9375 0.0625
vt 0.0625 0.9375
vt 0.9375 0.9375
vt 0.9375 0.0625
vt 0.0625 0.9375
vt 0.9375 0.9375
vt 0.9375 0.0625
vt 0.0625 0.9375
vt 0.9375 0.9375
vt 0.9375 0.0625
vt 0.0625 0.9375
vt 0.9375 0.9375
vt 0.9375 0.0625
vt 0.0625 0.9375
vt 0.9375 0.9375
vt 0.9375 0.0625
vt 0.0625 0.9375
vt 0.9375 0.9375
vt 0.9375 0.0625
vt 0.0625 0.9375
vt 0.9375 0.9375
vt 0.9375 0.0625
vt 0.0625 0.9375
vt 0.9375 0.9375
vt 0.9375 0.0625
vn 0 -0.7071067811865737 -0.7071067811865214
vn 0.5773502691896399 -0.5773502691896399 -0.5773502691895973
vn 0.7071067811865476 0 -0.7071067811865476
vn 0.5773502691896399 0.5773502691896399 -0.5773502691895973
vn 0 0.7071067811865737 -0.7071067811865214
vn -0.5773502691896399 0.5773502691896399 -0.5773502691895973
vn -0.7071067811865476 0 -0.7071067811865476
vn -0.5773502691896399 -0.5773502691896399 -0.5773502691895973
vn 0 -1 0
vn 0.7071067811865476 -0.7071067811865476 0
vn 1 0 0
vn 0.7071067811865476 0.7071067811865476 0
vn 0 1 0
vn -0.7071067811865476 0.7071067811865476 0
vn -1 0 0
vn -0.7071067811865476 -0.7071067811865476 0
vn 0 -0.7071067811865737 0.7071067811865214
vn 0.57735026918964 -0.57735026918964 0.5773502691895972
vn 0.7071067811865476 0 0.7071067811865476
vn 0.57735026918964 0.57735026918964 0.5773502691895973
vn 0 0.7071067811865737 0.7071067811865214
vn -0.57735026918964 0.57735026918964 0.5773502691895972
vn -0.7071067811865476 0 0.7071067811865476
vn -0.57735026918964 -0.57735026918964 0.5773502691895973
vn 0 0 -1
vn 0 0 1
vn 0 0 -1
vn 0 0 1
vn 0 0 -1
vn 0 0 1
vn 0 0 -1
vn 0 0 1
vn 0 0 -1
vn 0 0 1
vn 0 0 -1
vn 0 0 1
vn 0 0 -1
vn 0 0 1
vn 0 0 -1
vn 0 0 1
usemtl m_1ac2b107-2d28-0bb1-807d-ddb51a629807
f 405/1705/469 406/1706/469 414/1707/469 413/1708/469
f 406/1709/470 407/1710/470 415/1711/470 414/1712/470
f 407/1713/471 408/1714/471 416/1715/471 415/1716/471
f 408/1717/472 409/1718/472 417/1719/472 416/1720/472
f 409/1721/473 410/1722/473 418/1723/473 417/1724/473
f 410/1725/474 411/1726/474 419/1727/474 418/1728/474
f 411/1729/475 412/1730/475 420/1731/475 419/1732/475
f 412/1733/476 405/1734/476 413/1735/476 420/1736/476
f 413/1737/477 414/1738/477 422/1739/477 421/1740/477
f 414/1741/478 415/1742/478 423/1743/478 422/1744/478
f 415/1745/479 416/1746/479 424/1747/479 423/1748/479
f 416/1749/480 417/1750/480 425/1751/480 424/1752/480
f 417/1753/481 418/1754/481 426/1755/481 425/1756/481
f 418/1757/482 419/1758/482 427/1759/482 426/1760/482
f 419/1761/483 420/1762/483 428/1763/483 427/1764/483
f 420/1765/484 413/1766/484 421/1767/484 428/1768/484
f 421/1769/485 422/1770/485 430/1771/485 429/1772/485
f 422/1773/486 423/1774/486 431/1775/486 430/1776/486
f 423/1777/487 424/1778/487 432/1779/487 431/1780/487
f 424/1781/488 425/1782/488 433/1783/488 432/1784/488
f 425/1785/489 426/1786/489 434/1787/489 433/1788/489
f 426/1789/490 427/1790/490 435/1791/490 434/1792/490
f 427/1793/491 428/1794/491 436/1795/491 435/1796/491
f 428/1797/492 421/1798/492 429/1799/492 436/1800/492
f 437/1801/493 406/1802/493 405/1803/493
f 438/1804/494 429/1805/494 430/1806/494
f 437/1807/495 407/1808/495 406/1809/495
f 438/1810/496 430/1811/496 431/1812/496
f 437/1813/497 408/1814/497 407/1815/497
f 438/1816/498 431/1817/498 432/1818/498
f 437/1819/499 409/1820/499 408/1821/499
f 438/1822/500 432/1823/500 433/1824/500
f 437/1825/501 410/1826/501 409/1827/501
f 438/1828/502 433/1829/502 434/1830/502
f 437/1831/503 411/1832/503 410/1833/503
f 438/1834/504 434/1835/504 435/1836/504
f 437/1837/505 412/1838/505 411/1839/505
f 438/1840/506 435/1841/506 436/1842/506
f 437/1843/507 405/1844/507 412/1845/507
f 438/1846/508 436/1847/508 429/1848/508
o inlet_lip
v 0.67375 0.25875 0.785
v 0.8300000000000001 0.25875 0.785
v 0.8350000000000001 0.26375 0.785
v 0.8350000000000001 0.30375 0.785
v 0.8300000000000001 0.30875 0.785
v 0.67375 0.30875 0.785
v 0.66875 0.30375 0.785
v 0.66875 0.26375 0.785
v 0.67375 0.2525 0.79125
v 0.8300000000000001 0.2525 0.79125
v 0.84125 0.26375 0.79125
v 0.84125 0.30375 0.79125
v 0.8300000000000001 0.315 0.79125
v 0.67375 0.315 0.79125
v 0.6625 0.30375 0.79125
v 0.6625 0.26375 0.79125
v 0.67375 0.2525 0.803125
v 0.8300000000000001 0.2525 0.803125
v 0.84125 0.26375 0.803125
v 0.84125 0.30375 0.803125
v 0.8300000000000001 0.315 0.803125
v 0.67375 0.315 0.803125
v 0.6625 0.30375 0.803125
v 0.6625 0.26375 0.803125
v 0.67375 0.25875 0.809375
v 0.8300000000000001 0.25875 0.809375
v 0.8350000000000001 0.26375 0.809375
v 0.8350000000000001 0.30375 0.809375
v 0.8300000000000001 0.30875 0.809375
v 0.67375 0.30875 0.809375
v 0.66875 0.30375 0.809375
v 0.66875 0.26375 0.809375
v 0.7518750000000001 0.28375 0.785
v 0.7518750000000001 0.28375 0.8093750000000001
vt 0.0625 0.9375
vt 0.9375 0.9375
vt 0.9375 0.0625
vt 0.0625 0.0625
vt 0.0625 0.9375
vt 0.9375 0.9375
vt 0.9375 0.0625
vt 0.0625 0.0625
vt 0.0625 0.9375
vt 0.9375 0.9375
vt 0.9375 0.0625
vt 0.0625 0.0625
vt 0.0625 0.9375
vt 0.9375 0.9375
vt 0.9375 0.0625
vt 0.0625 0.0625
vt 0.0625 0.9375
vt 0.9375 0.9375
vt 0.9375 0.0625
vt 0.0625 0.0625
vt 0.0625 0.9375
vt 0.9375 0.9375
vt 0.9375 0.0625
vt 0.0625 0.0625
vt 0.0625 0.9375
vt 0.9375 0.9375
vt 0.9375 0.0625
vt 0.0625 0.0625
vt 0.0625 0.9375
vt 0.9375 0.9375
vt 0.9375 0.0625
vt 0.0625 0.0625
vt 0.0625 0.9375
vt 0.9375 0.9375
vt 0.9375 0.0625
vt 0.0625 0.0625
vt 0.0625 0.9375
vt 0.9375 0.9375
vt 0.9375 0.0625
vt 0.0625 0.0625
vt 0.0625 0.9375
vt 0.9375 0.9375
vt 0.9375 0.0625
vt 0.0625 0.0625
vt 0.0625 0.9375
vt 0.9375 0.9375
vt 0.9375 0.0625
vt 0.0625 0.0625
vt 0.0625 0.9375
vt 0.9375 0.9375
vt 0.9375 0.0625
vt 0.0625 0.0625
vt 0.0625 0.9375
vt 0.9375 0.9375
vt 0.9375 0.0625
vt 0.0625 0.0625
vt 0.0625 0.9375
vt 0.9375 0.9375
vt 0.9375 0.0625
vt 0.0625 0.0625
vt 0.0625 0.9375
vt 0.9375 0.9375
vt 0.9375 0.0625
vt 0.0625 0.0625
vt 0.0625 0.9375
vt 0.9375 0.9375
vt 0.9375 0.0625
vt 0.0625 0.0625
vt 0.0625 0.9375
vt 0.9375 0.9375
vt 0.9375 0.0625
vt 0.0625 0.0625
vt 0.0625 0.9375
vt 0.9375 0.9375
vt 0.9375 0.0625
vt 0.0625 0.0625
vt 0.0625 0.9375
vt 0.9375 0.9375
vt 0.9375 0.0625
vt 0.0625 0.0625
vt 0.0625 0.9375
vt 0.9375 0.9375
vt 0.9375 0.0625
vt 0.0625 0.0625
vt 0.0625 0.9375
vt 0.9375 0.9375
vt 0.9375 0.0625
vt 0.0625 0.0625
vt 0.0625 0.9375
vt 0.9375 0.9375
vt 0.9375 0.0625
vt 0.0625 0.0625
vt 0.0625 0.9375
vt 0.9375 0.9375
vt 0.9375 0.0625
vt 0.0625 0.0625
vt 0.0625 0.9375
vt 0.9375 0.9375
vt 0.9375 0.0625
vt 0.0625 0.9375
vt 0.9375 0.9375
vt 0.9375 0.0625
vt 0.0625 0.9375
vt 0.9375 0.9375
vt 0.9375 0.0625
vt 0.0625 0.9375
vt 0.9375 0.9375
vt 0.9375 0.0625
vt 0.0625 0.9375
vt 0.9375 0.9375
vt 0.9375 0.0625
vt 0.0625 0.9375
vt 0.9375 0.9375
vt 0.9375 0.0625
vt 0.0625 0.9375
vt 0.9375 0.9375
vt 0.9375 0.0625
vt 0.0625 0.9375
vt 0.9375 0.9375
vt 0.9375 0.0625
vt 0.0625 0.9375
vt 0.9375 0.9375
vt 0.9375 0.0625
vt 0.0625 0.9375
vt 0.9375 0.9375
vt 0.9375 0.0625
vt 0.0625 0.9375
vt 0.9375 0.9375
vt 0.9375 0.0625
vt 0.0625 0.9375
vt 0.9375 0.9375
vt 0.9375 0.0625
vt 0.0625 0.9375
vt 0.9375 0.9375
vt 0.9375 0.0625
vt 0.0625 0.9375
vt 0.9375 0.9375
vt 0.9375 0.0625
vt 0.0625 0.9375
vt 0.9375 0.9375
vt 0.9375 0.0625
vt 0.0625 0.9375
vt 0.9375 0.9375
vt 0.9375 0.0625
vn 0 -0.7071067811865476 -0.7071067811865476
vn 0.5773502691896258 -0.5773502691896258 -0.5773502691896257
vn 0.7071067811865476 0 -0.7071067811865476
vn 0.5773502691896258 0.5773502691896258 -0.5773502691896257
vn 0 0.7071067811865476 -0.7071067811865476
vn -0.5773502691896258 0.5773502691896258 -0.5773502691896257
vn -0.7071067811865476 0 -0.7071067811865476
vn -0.5773502691896258 -0.5773502691896258 -0.5773502691896257
vn 0 -1 0
vn 0.7071067811865476 -0.7071067811865476 0
vn 1 0 0
vn 0.7071067811865476 0.7071067811865476 0
vn 0 1 0
vn -0.7071067811865476 0.7071067811865476 0
vn -1 0 0
vn -0.7071067811865476 -0.7071067811865476 0
vn 0 -0.7071067811865476 0.7071067811865476
vn 0.5773502691896257 -0.5773502691896257 0.5773502691896258
vn 0.7071067811865476 0 0.7071067811865476
vn 0.5773502691896257 0.5773502691896257 0.5773502691896258
vn 0 0.7071067811865476 0.7071067811865476
vn -0.5773502691896257 0.5773502691896257 0.5773502691896258
vn -0.7071067811865476 0 0.7071067811865476
vn -0.5773502691896257 -0.5773502691896257 0.5773502691896258
vn 0 0 -1
vn 0 -4.440892098500622e-15 1
vn 0 0 -1
vn 1.0765799026668185e-15 -1.0765799026668185e-15 1
vn 0 0 -1
vn 1.3356066461656018e-15 0 1
vn 0 0 -1
vn 1.0765799026668185e-15 1.0765799026668185e-15 1
vn 0 0 -1
vn 0 4.440892098500622e-15 1
vn 0 0 -1
vn -1.0765799026668167e-15 1.0765799026668167e-15 1
vn 0 0 -1
vn -1.3356066461656e-15 0 1
vn 0 0 -1
vn -1.0765799026668167e-15 -1.0765799026668167e-15 1
usemtl m_0e44b5f4-a416-a68e-b389-59feb60cdf54
f 439/1849/509 440/1850/509 448/1851/509 447/1852/509
f 440/1853/510 441/1854/510 449/1855/510 448/1856/510
f 441/1857/511 442/1858/511 450/1859/511 449/1860/511
f 442/1861/512 443/1862/512 451/1863/512 450/1864/512
f 443/1865/513 444/1866/513 452/1867/513 451/1868/513
f 444/1869/514 445/1870/514 453/1871/514 452/1872/514
f 445/1873/515 446/1874/515 454/1875/515 453/1876/515
f 446/1877/516 439/1878/516 447/1879/516 454/1880/516
f 447/1881/517 448/1882/517 456/1883/517 455/1884/517
f 448/1885/518 449/1886/518 457/1887/518 456/1888/518
f 449/1889/519 450/1890/519 458/1891/519 457/1892/519
f 450/1893/520 451/1894/520 459/1895/520 458/1896/520
f 451/1897/521 452/1898/521 460/1899/521 459/1900/521
f 452/1901/522 453/1902/522 461/1903/522 460/1904/522
f 453/1905/523 454/1906/523 462/1907/523 461/1908/523
f 454/1909/524 447/1910/524 455/1911/524 462/1912/524
f 455/1913/525 456/1914/525 464/1915/525 463/1916/525
f 456/1917/526 457/1918/526 465/1919/526 464/1920/526
f 457/1921/527 458/1922/527 466/1923/527 465/1924/527
f 458/1925/528 459/1926/528 467/1927/528 466/1928/528
f 459/1929/529 460/1930/529 468/1931/529 467/1932/529
f 460/1933/530 461/1934/530 469/1935/530 468/1936/530
f 461/1937/531 462/1938/531 470/1939/531 469/1940/531
f 462/1941/532 455/1942/532 463/1943/532 470/1944/532
f 471/1945/533 440/1946/533 439/1947/533
f 472/1948/534 463/1949/534 464/1950/534
f 471/1951/535 441/1952/535 440/1953/535
f 472/1954/536 464/1955/536 465/1956/536
f 471/1957/537 442/1958/537 441/1959/537
f 472/1960/538 465/1961/538 466/1962/538
f 471/1963/539 443/1964/539 442/1965/539
f 472/1966/540 466/1967/540 467/1968/540
f 471/1969/541 444/1970/541 443/1971/541
f 472/1972/542 467/1973/542 468/1974/542
f 471/1975/543 445/1976/543 444/1977/543
f 472/1978/544 468/1979/544 469/1980/544
f 471/1981/545 446/1982/545 445/1983/545
f 472/1984/546 469/1985/546 470/1986/546
f 471/1987/547 439/1988/547 446/1989/547
f 472/1990/548 470/1991/548 463/1992/548
o narrow_refuel_inlet
v 0.68375 0.2715625 0.7834375
v 0.819375 0.2715625 0.7834375
v 0.8240624999999999 0.27625 0.7834375
v 0.8240624999999999 0.29000000000000004 0.7834375
v 0.819375 0.29468750000000005 0.7834375
v 0.68375 0.29468750000000005 0.7834375
v 0.6790625 0.29000000000000004 0.7834375
v 0.6790625 0.27625 0.7834375
v 0.68375 0.270625 0.784375
v 0.819375 0.270625 0.784375
v 0.825 0.27625 0.784375
v 0.825 0.29000000000000004 0.784375
v 0.819375 0.295625 0.784375
v 0.68375 0.295625 0.784375
v 0.678125 0.29000000000000004 0.784375
v 0.678125 0.27625 0.784375
v 0.68375 0.270625 0.7865624999999999
v 0.819375 0.270625 0.7865624999999999
v 0.825 0.27625 0.7865624999999999
v 0.825 0.29000000000000004 0.7865624999999999
v 0.819375 0.295625 0.7865624999999999
v 0.68375 0.295625 0.7865624999999999
v 0.678125 0.29000000000000004 0.7865624999999999
v 0.678125 0.27625 0.7865624999999999
v 0.68375 0.2715625 0.7875
v 0.819375 0.2715625 0.7875
v 0.8240624999999999 0.27625 0.7875
v 0.8240624999999999 0.29000000000000004 0.7875
v 0.819375 0.29468750000000005 0.7875
v 0.68375 0.29468750000000005 0.7875
v 0.6790625 0.29000000000000004 0.7875
v 0.6790625 0.27625 0.7875
v 0.7515624999999999 0.283125 0.7834374999999999
v 0.7515624999999999 0.283125 0.7874999999999999
vt 0.0625 0.9375
vt 0.9375 0.9375
vt 0.9375 0.0625
vt 0.0625 0.0625
vt 0.0625 0.9375
vt 0.9375 0.9375
vt 0.9375 0.0625
vt 0.0625 0.0625
vt 0.0625 0.9375
vt 0.9375 0.9375
vt 0.9375 0.0625
vt 0.0625 0.0625
vt 0.0625 0.9375
vt 0.9375 0.9375
vt 0.9375 0.0625
vt 0.0625 0.0625
vt 0.0625 0.9375
vt 0.9375 0.9375
vt 0.9375 0.0625
vt 0.0625 0.0625
vt 0.0625 0.9375
vt 0.9375 0.9375
vt 0.9375 0.0625
vt 0.0625 0.0625
vt 0.0625 0.9375
vt 0.9375 0.9375
vt 0.9375 0.0625
vt 0.0625 0.0625
vt 0.0625 0.9375
vt 0.9375 0.9375
vt 0.9375 0.0625
vt 0.0625 0.0625
vt 0.0625 0.9375
vt 0.9375 0.9375
vt 0.9375 0.0625
vt 0.0625 0.0625
vt 0.0625 0.9375
vt 0.9375 0.9375
vt 0.9375 0.0625
vt 0.0625 0.0625
vt 0.0625 0.9375
vt 0.9375 0.9375
vt 0.9375 0.0625
vt 0.0625 0.0625
vt 0.0625 0.9375
vt 0.9375 0.9375
vt 0.9375 0.0625
vt 0.0625 0.0625
vt 0.0625 0.9375
vt 0.9375 0.9375
vt 0.9375 0.0625
vt 0.0625 0.0625
vt 0.0625 0.9375
vt 0.9375 0.9375
vt 0.9375 0.0625
vt 0.0625 0.0625
vt 0.0625 0.9375
vt 0.9375 0.9375
vt 0.9375 0.0625
vt 0.0625 0.0625
vt 0.0625 0.9375
vt 0.9375 0.9375
vt 0.9375 0.0625
vt 0.0625 0.0625
vt 0.0625 0.9375
vt 0.9375 0.9375
vt 0.9375 0.0625
vt 0.0625 0.0625
vt 0.0625 0.9375
vt 0.9375 0.9375
vt 0.9375 0.0625
vt 0.0625 0.0625
vt 0.0625 0.9375
vt 0.9375 0.9375
vt 0.9375 0.0625
vt 0.0625 0.0625
vt 0.0625 0.9375
vt 0.9375 0.9375
vt 0.9375 0.0625
vt 0.0625 0.0625
vt 0.0625 0.9375
vt 0.9375 0.9375
vt 0.9375 0.0625
vt 0.0625 0.0625
vt 0.0625 0.9375
vt 0.9375 0.9375
vt 0.9375 0.0625
vt 0.0625 0.0625
vt 0.0625 0.9375
vt 0.9375 0.9375
vt 0.9375 0.0625
vt 0.0625 0.0625
vt 0.0625 0.9375
vt 0.9375 0.9375
vt 0.9375 0.0625
vt 0.0625 0.0625
vt 0.0625 0.9375
vt 0.9375 0.9375
vt 0.9375 0.0625
vt 0.0625 0.9375
vt 0.9375 0.9375
vt 0.9375 0.0625
vt 0.0625 0.9375
vt 0.9375 0.9375
vt 0.9375 0.0625
vt 0.0625 0.9375
vt 0.9375 0.9375
vt 0.9375 0.0625
vt 0.0625 0.9375
vt 0.9375 0.9375
vt 0.9375 0.0625
vt 0.0625 0.9375
vt 0.9375 0.9375
vt 0.9375 0.0625
vt 0.0625 0.9375
vt 0.9375 0.9375
vt 0.9375 0.0625
vt 0.0625 0.9375
vt 0.9375 0.9375
vt 0.9375 0.0625
vt 0.0625 0.9375
vt 0.9375 0.9375
vt 0.9375 0.0625
vt 0.0625 0.9375
vt 0.9375 0.9375
vt 0.9375 0.0625
vt 0.0625 0.9375
vt 0.9375 0.9375
vt 0.9375 0.0625
vt 0.0625 0.9375
vt 0.9375 0.9375
vt 0.9375 0.0625
vt 0.0625 0.9375
vt 0.9375 0.9375
vt 0.9375 0.0625
vt 0.0625 0.9375
vt 0.9375 0.9375
vt 0.9375 0.0625
vt 0.0625 0.9375
vt 0.9375 0.9375
vt 0.9375 0.0625
vt 0.0625 0.9375
vt 0.9375 0.9375
vt 0.9375 0.0625
vn 0 -0.7071067811865684 -0.7071067811865266
vn 0.5773502691896281 -0.5773502691896213 -0.5773502691896281
vn 0.7071067811865476 0 -0.7071067811865476
vn 0.5773502691896417 0.577350269189635 -0.5773502691896008
vn 0 0.7071067811865684 -0.7071067811865266
vn -0.5773502691896281 0.5773502691896213 -0.5773502691896281
vn -0.7071067811865476 0 -0.7071067811865476
vn -0.5773502691896417 -0.577350269189635 -0.5773502691896008
vn 0 -1 0
vn 0.7071067811865476 -0.7071067811865476 0
vn 1 0 0
vn 0.7071067811865476 0.7071067811865476 0
vn 0 1 0
vn -0.7071067811865476 0.7071067811865476 0
vn -1 0 0
vn -0.7071067811865476 -0.7071067811865476 0
vn 0 -0.7071067811865684 0.7071067811865266
vn 0.5773502691896256 -0.5773502691896256 0.5773502691896261
vn 0.7071067811865476 0 0.7071067811865476
vn 0.577350269189637 0.577350269189637 0.5773502691896033
vn 0 0.7071067811865684 0.7071067811865266
vn -0.5773502691896256 0.5773502691896256 0.5773502691896261
vn -0.7071067811865476 0 0.7071067811865476
vn -0.577350269189637 -0.577350269189637 0.5773502691896033
vn 0 -9.60192886162295e-15 -1
vn 0 9.60192886162295e-15 1
vn 1.3987061727561038e-15 -1.3987061727560872e-15 -1
vn -1.3987061727561038e-15 1.3987061727560872e-15 1
vn 1.5313421029312503e-15 0 -1
vn -1.5313421029312503e-15 0 1
vn 1.3987061727561038e-15 1.3987061727560872e-15 -1
vn -1.3987061727561038e-15 -1.3987061727560872e-15 1
vn 0 9.60192886162295e-15 -1
vn 0 -9.60192886162295e-15 1
vn -1.3987061727561058e-15 1.3987061727560892e-15 -1
vn 1.3987061727561058e-15 -1.3987061727560892e-15 1
vn -1.5313421029312527e-15 0 -1
vn 1.5313421029312527e-15 0 1
vn -1.3987061727561058e-15 -1.3987061727560892e-15 -1
vn 1.3987061727561058e-15 1.3987061727560892e-15 1
usemtl m_5f7887f5-04a5-82ff-af11-b6747823da52
f 473/1993/549 474/1994/549 482/1995/549 481/1996/549
f 474/1997/550 475/1998/550 483/1999/550 482/2000/550
f 475/2001/551 476/2002/551 484/2003/551 483/2004/551
f 476/2005/552 477/2006/552 485/2007/552 484/2008/552
f 477/2009/553 478/2010/553 486/2011/553 485/2012/553
f 478/2013/554 479/2014/554 487/2015/554 486/2016/554
f 479/2017/555 480/2018/555 488/2019/555 487/2020/555
f 480/2021/556 473/2022/556 481/2023/556 488/2024/556
f 481/2025/557 482/2026/557 490/2027/557 489/2028/557
f 482/2029/558 483/2030/558 491/2031/558 490/2032/558
f 483/2033/559 484/2034/559 492/2035/559 491/2036/559
f 484/2037/560 485/2038/560 493/2039/560 492/2040/560
f 485/2041/561 486/2042/561 494/2043/561 493/2044/561
f 486/2045/562 487/2046/562 495/2047/562 494/2048/562
f 487/2049/563 488/2050/563 496/2051/563 495/2052/563
f 488/2053/564 481/2054/564 489/2055/564 496/2056/564
f 489/2057/565 490/2058/565 498/2059/565 497/2060/565
f 490/2061/566 491/2062/566 499/2063/566 498/2064/566
f 491/2065/567 492/2066/567 500/2067/567 499/2068/567
f 492/2069/568 493/2070/568 501/2071/568 500/2072/568
f 493/2073/569 494/2074/569 502/2075/569 501/2076/569
f 494/2077/570 495/2078/570 503/2079/570 502/2080/570
f 495/2081/571 496/2082/571 504/2083/571 503/2084/571
f 496/2085/572 489/2086/572 497/2087/572 504/2088/572
f 505/2089/573 474/2090/573 473/2091/573
f 506/2092/574 497/2093/574 498/2094/574
f 505/2095/575 475/2096/575 474/2097/575
f 506/2098/576 498/2099/576 499/2100/576
f 505/2101/577 476/2102/577 475/2103/577
f 506/2104/578 499/2105/578 500/2106/578
f 505/2107/579 477/2108/579 476/2109/579
f 506/2110/580 500/2111/580 501/2112/580
f 505/2113/581 478/2114/581 477/2115/581
f 506/2116/582 501/2117/582 502/2118/582
f 505/2119/583 479/2120/583 478/2121/583
f 506/2122/584 502/2123/584 503/2124/584
f 505/2125/585 480/2126/585 479/2127/585
f 506/2128/586 503/2129/586 504/2130/586
f 505/2131/587 473/2132/587 480/2133/587
f 506/2134/588 504/2135/588 497/2136/588
o inlet_lower_marker
v 0.694375 0.233125 0.798125
v 0.8087500000000001 0.233125 0.798125
v 0.8093750000000001 0.23374999999999999 0.798125
v 0.8093750000000001 0.23750000000000002 0.798125
v 0.8087500000000001 0.238125 0.798125
v 0.694375 0.238125 0.798125
v 0.69375 0.23750000000000002 0.798125
v 0.69375 0.23374999999999999 0.798125
v 0.694375 0.231875 0.799375
v 0.8087500000000001 0.231875 0.799375
v 0.810625 0.23374999999999999 0.799375
v 0.810625 0.23750000000000002 0.799375
v 0.8087500000000001 0.239375 0.799375
v 0.694375 0.239375 0.799375
v 0.6925 0.23750000000000002 0.799375
v 0.6925 0.23374999999999999 0.799375
v 0.694375 0.231875 0.80125
v 0.8087500000000001 0.231875 0.80125
v 0.810625 0.23374999999999999 0.80125
v 0.810625 0.23750000000000002 0.80125
v 0.8087500000000001 0.239375 0.80125
v 0.694375 0.239375 0.80125
v 0.6925 0.23750000000000002 0.80125
v 0.6925 0.23374999999999999 0.80125
v 0.694375 0.233125 0.8025
v 0.8087500000000001 0.233125 0.8025
v 0.8093750000000001 0.23374999999999999 0.8025
v 0.8093750000000001 0.23750000000000002 0.8025
v 0.8087500000000001 0.238125 0.8025
v 0.694375 0.238125 0.8025
v 0.69375 0.23750000000000002 0.8025
v 0.69375 0.23374999999999999 0.8025
v 0.7515624999999999 0.23562499999999997 0.7981249999999999
v 0.7515624999999999 0.23562499999999997 0.8025000000000001
vt 0.0625 0.9375
vt 0.9375 0.9375
vt 0.9375 0.0625
vt 0.0625 0.0625
vt 0.0625 0.9375
vt 0.9375 0.9375
vt 0.9375 0.0625
vt 0.0625 0.0625
vt 0.0625 0.9375
vt 0.9375 0.9375
vt 0.9375 0.0625
vt 0.0625 0.0625
vt 0.0625 0.9375
vt 0.9375 0.9375
vt 0.9375 0.0625
vt 0.0625 0.0625
vt 0.0625 0.9375
vt 0.9375 0.9375
vt 0.9375 0.0625
vt 0.0625 0.0625
vt 0.0625 0.9375
vt 0.9375 0.9375
vt 0.9375 0.0625
vt 0.0625 0.0625
vt 0.0625 0.9375
vt 0.9375 0.9375
vt 0.9375 0.0625
vt 0.0625 0.0625
vt 0.0625 0.9375
vt 0.9375 0.9375
vt 0.9375 0.0625
vt 0.0625 0.0625
vt 0.0625 0.9375
vt 0.9375 0.9375
vt 0.9375 0.0625
vt 0.0625 0.0625
vt 0.0625 0.9375
vt 0.9375 0.9375
vt 0.9375 0.0625
vt 0.0625 0.0625
vt 0.0625 0.9375
vt 0.9375 0.9375
vt 0.9375 0.0625
vt 0.0625 0.0625
vt 0.0625 0.9375
vt 0.9375 0.9375
vt 0.9375 0.0625
vt 0.0625 0.0625
vt 0.0625 0.9375
vt 0.9375 0.9375
vt 0.9375 0.0625
vt 0.0625 0.0625
vt 0.0625 0.9375
vt 0.9375 0.9375
vt 0.9375 0.0625
vt 0.0625 0.0625
vt 0.0625 0.9375
vt 0.9375 0.9375
vt 0.9375 0.0625
vt 0.0625 0.0625
vt 0.0625 0.9375
vt 0.9375 0.9375
vt 0.9375 0.0625
vt 0.0625 0.0625
vt 0.0625 0.9375
vt 0.9375 0.9375
vt 0.9375 0.0625
vt 0.0625 0.0625
vt 0.0625 0.9375
vt 0.9375 0.9375
vt 0.9375 0.0625
vt 0.0625 0.0625
vt 0.0625 0.9375
vt 0.9375 0.9375
vt 0.9375 0.0625
vt 0.0625 0.0625
vt 0.0625 0.9375
vt 0.9375 0.9375
vt 0.9375 0.0625
vt 0.0625 0.0625
vt 0.0625 0.9375
vt 0.9375 0.9375
vt 0.9375 0.0625
vt 0.0625 0.0625
vt 0.0625 0.9375
vt 0.9375 0.9375
vt 0.9375 0.0625
vt 0.0625 0.0625
vt 0.0625 0.9375
vt 0.9375 0.9375
vt 0.9375 0.0625
vt 0.0625 0.0625
vt 0.0625 0.9375
vt 0.9375 0.9375
vt 0.9375 0.0625
vt 0.0625 0.0625
vt 0.0625 0.9375
vt 0.9375 0.9375
vt 0.9375 0.0625
vt 0.0625 0.9375
vt 0.9375 0.9375
vt 0.9375 0.0625
vt 0.0625 0.9375
vt 0.9375 0.9375
vt 0.9375 0.0625
vt 0.0625 0.9375
vt 0.9375 0.9375
vt 0.9375 0.0625
vt 0.0625 0.9375
vt 0.9375 0.9375
vt 0.9375 0.0625
vt 0.0625 0.9375
vt 0.9375 0.9375
vt 0.9375 0.0625
vt 0.0625 0.9375
vt 0.9375 0.9375
vt 0.9375 0.0625
vt 0.0625 0.9375
vt 0.9375 0.9375
vt 0.9375 0.0625
vt 0.0625 0.9375
vt 0.9375 0.9375
vt 0.9375 0.0625
vt 0.0625 0.9375
vt 0.9375 0.9375
vt 0.9375 0.0625
vt 0.0625 0.9375
vt 0.9375 0.9375
vt 0.9375 0.0625
vt 0.0625 0.9375
vt 0.9375 0.9375
vt 0.9375 0.0625
vt 0.0625 0.9375
vt 0.9375 0.9375
vt 0.9375 0.0625
vt 0.0625 0.9375
vt 0.9375 0.9375
vt 0.9375 0.0625
vt 0.0625 0.9375
vt 0.9375 0.9375
vt 0.9375 0.0625
vt 0.0625 0.9375
vt 0.9375 0.9375
vt 0.9375 0.0625
vn 0 -0.7071067811865397 -0.7071067811865555
vn 0.5773502691896257 -0.5773502691896257 -0.5773502691896258
vn 0.7071067811865476 0 -0.7071067811865476
vn 0.5773502691896215 0.5773502691896215 -0.5773502691896343
vn 0 0.7071067811865397 -0.7071067811865555
vn -0.5773502691896257 0.5773502691896257 -0.5773502691896258
vn -0.7071067811865476 0 -0.7071067811865476
vn -0.5773502691896215 -0.5773502691896215 -0.5773502691896343
vn 0 -1 0
vn 0.7071067811865528 -0.7071067811865422 0
vn 1 0 0
vn 0.7071067811865528 0.7071067811865422 0
vn 0 1 0
vn -0.7071067811865528 0.7071067811865422 0
vn -1 0 0
vn -0.7071067811865528 -0.7071067811865422 0
vn 0 -0.7071067811865397 0.7071067811865555
vn 0.5773502691896286 -0.5773502691896202 0.5773502691896287
vn 0.7071067811865476 0 0.7071067811865476
vn 0.5773502691896272 0.5773502691896187 0.5773502691896315
vn 0 0.7071067811865397 0.7071067811865555
vn -0.5773502691896286 0.5773502691896202 0.5773502691896287
vn -0.7071067811865476 0 0.7071067811865476
vn -0.5773502691896272 -0.5773502691896187 0.5773502691896315
vn 0 -4.4408920985006716e-14 -1
vn 0 -4.4408920985006716e-14 1
vn 1.860059517696593e-15 -1.860059517696593e-15 -1
vn 1.860059517696593e-15 -1.860059517696593e-15 1
vn 1.92038577232459e-15 0 -1
vn 1.92038577232459e-15 0 1
vn 1.8600595176965902e-15 1.8600595176965902e-15 -1
vn 1.8600595176965902e-15 1.8600595176965902e-15 1
vn 0 4.4408920985005725e-14 -1
vn 0 4.4408920985005725e-14 1
vn -1.8600595176965985e-15 1.8600595176965985e-15 -1
vn -1.8600595176965985e-15 1.8600595176965985e-15 1
vn -1.920385772324597e-15 0 -1
vn -1.920385772324597e-15 0 1
vn -1.860059517696599e-15 -1.860059517696599e-15 -1
vn -1.860059517696599e-15 -1.860059517696599e-15 1
usemtl m_1ac2b107-2d28-0bb1-807d-ddb51a629807
f 507/2137/589 508/2138/589 516/2139/589 515/2140/589
f 508/2141/590 509/2142/590 517/2143/590 516/2144/590
f 509/2145/591 510/2146/591 518/2147/591 517/2148/591
f 510/2149/592 511/2150/592 519/2151/592 518/2152/592
f 511/2153/593 512/2154/593 520/2155/593 519/2156/593
f 512/2157/594 513/2158/594 521/2159/594 520/2160/594
f 513/2161/595 514/2162/595 522/2163/595 521/2164/595
f 514/2165/596 507/2166/596 515/2167/596 522/2168/596
f 515/2169/597 516/2170/597 524/2171/597 523/2172/597
f 516/2173/598 517/2174/598 525/2175/598 524/2176/598
f 517/2177/599 518/2178/599 526/2179/599 525/2180/599
f 518/2181/600 519/2182/600 527/2183/600 526/2184/600
f 519/2185/601 520/2186/601 528/2187/601 527/2188/601
f 520/2189/602 521/2190/602 529/2191/602 528/2192/602
f 521/2193/603 522/2194/603 530/2195/603 529/2196/603
f 522/2197/604 515/2198/604 523/2199/604 530/2200/604
f 523/2201/605 524/2202/605 532/2203/605 531/2204/605
f 524/2205/606 525/2206/606 533/2207/606 532/2208/606
f 525/2209/607 526/2210/607 534/2211/607 533/2212/607
f 526/2213/608 527/2214/608 535/2215/608 534/2216/608
f 527/2217/609 528/2218/609 536/2219/609 535/2220/609
f 528/2221/610 529/2222/610 537/2223/610 536/2224/610
f 529/2225/611 530/2226/611 538/2227/611 537/2228/611
f 530/2229/612 523/2230/612 531/2231/612 538/2232/612
f 539/2233/613 508/2234/613 507/2235/613
f 540/2236/614 531/2237/614 532/2238/614
f 539/2239/615 509/2240/615 508/2241/615
f 540/2242/616 532/2243/616 533/2244/616
f 539/2245/617 510/2246/617 509/2247/617
f 540/2248/618 533/2249/618 534/2250/618
f 539/2251/619 511/2252/619 510/2253/619
f 540/2254/620 534/2255/620 535/2256/620
f 539/2257/621 512/2258/621 511/2259/621
f 540/2260/622 535/2261/622 536/2262/622
f 539/2263/623 513/2264/623 512/2265/623
f 540/2266/624 536/2267/624 537/2268/624
f 539/2269/625 514/2270/625 513/2271/625
f 540/2272/626 537/2273/626 538/2274/626
f 539/2275/627 507/2276/627 514/2277/627
f 540/2278/628 538/2279/628 531/2280/628
o fuel_identification_strip
v 0.19281249999999997 0.8256249999999999 0.7865625
v 0.8071875 0.8256249999999999 0.7865625
v 0.80875 0.8271875 0.7865625
v 0.80875 0.8496875 0.7865625
v 0.8071875 0.8512500000000001 0.7865625
v 0.19281249999999997 0.8512500000000001 0.7865625
v 0.19124999999999998 0.8496875 0.7865625
v 0.19124999999999998 0.8271875 0.7865625
v 0.1928125 0.825 0.7871875
v 0.8071875 0.825 0.7871875
v 0.809375 0.8271875 0.7871875
v 0.809375 0.8496875 0.7871875
v 0.8071875 0.851875 0.7871875
v 0.1928125 0.851875 0.7871875
v 0.190625 0.8496875 0.7871875
v 0.190625 0.8271875 0.7871875
v 0.1928125 0.825 0.79
v 0.8071875 0.825 0.79
v 0.809375 0.8271875 0.79
v 0.809375 0.8496875 0.79
v 0.8071875 0.851875 0.79
v 0.1928125 0.851875 0.79
v 0.190625 0.8496875 0.79
v 0.190625 0.8271875 0.79
v 0.19281249999999997 0.8256249999999999 0.790625
v 0.8071875 0.8256249999999999 0.790625
v 0.80875 0.8271875 0.790625
v 0.80875 0.8496875 0.790625
v 0.8071875 0.8512500000000001 0.790625
v 0.19281249999999997 0.8512500000000001 0.790625
v 0.19124999999999998 0.8496875 0.790625
v 0.19124999999999998 0.8271875 0.790625
v 0.5 0.8384375000000001 0.7865625
v 0.5 0.8384375000000001 0.7906250000000001
vt 0.0625 0.9375
vt 0.9375 0.9375
vt 0.9375 0.0625
vt 0.0625 0.0625
vt 0.0625 0.9375
vt 0.9375 0.9375
vt 0.9375 0.0625
vt 0.0625 0.0625
vt 0.0625 0.9375
vt 0.9375 0.9375
vt 0.9375 0.0625
vt 0.0625 0.0625
vt 0.0625 0.9375
vt 0.9375 0.9375
vt 0.9375 0.0625
vt 0.0625 0.0625
vt 0.0625 0.9375
vt 0.9375 0.9375
vt 0.9375 0.0625
vt 0.0625 0.0625
vt 0.0625 0.9375
vt 0.9375 0.9375
vt 0.9375 0.0625
vt 0.0625 0.0625
vt 0.0625 0.9375
vt 0.9375 0.9375
vt 0.9375 0.0625
vt 0.0625 0.0625
vt 0.0625 0.9375
vt 0.9375 0.9375
vt 0.9375 0.0625
vt 0.0625 0.0625
vt 0.0625 0.9375
vt 0.9375 0.9375
vt 0.9375 0.0625
vt 0.0625 0.0625
vt 0.0625 0.9375
vt 0.9375 0.9375
vt 0.9375 0.0625
vt 0.0625 0.0625
vt 0.0625 0.9375
vt 0.9375 0.9375
vt 0.9375 0.0625
vt 0.0625 0.0625
vt 0.0625 0.9375
vt 0.9375 0.9375
vt 0.9375 0.0625
vt 0.0625 0.0625
vt 0.0625 0.9375
vt 0.9375 0.9375
vt 0.9375 0.0625
vt 0.0625 0.0625
vt 0.0625 0.9375
vt 0.9375 0.9375
vt 0.9375 0.0625
vt 0.0625 0.0625
vt 0.0625 0.9375
vt 0.9375 0.9375
vt 0.9375 0.0625
vt 0.0625 0.0625
vt 0.0625 0.9375
vt 0.9375 0.9375
vt 0.9375 0.0625
vt 0.0625 0.0625
vt 0.0625 0.9375
vt 0.9375 0.9375
vt 0.9375 0.0625
vt 0.0625 0.0625
vt 0.0625 0.9375
vt 0.9375 0.9375
vt 0.9375 0.0625
vt 0.0625 0.0625
vt 0.0625 0.9375
vt 0.9375 0.9375
vt 0.9375 0.0625
vt 0.0625 0.0625
vt 0.0625 0.9375
vt 0.9375 0.9375
vt 0.9375 0.0625
vt 0.0625 0.0625
vt 0.0625 0.9375
vt 0.9375 0.9375
vt 0.9375 0.0625
vt 0.0625 0.0625
vt 0.0625 0.9375
vt 0.9375 0.9375
vt 0.9375 0.0625
vt 0.0625 0.0625
vt 0.0625 0.9375
vt 0.9375 0.9375
vt 0.9375 0.0625
vt 0.0625 0.0625
vt 0.0625 0.9375
vt 0.9375 0.9375
vt 0.9375 0.0625
vt 0.0625 0.0625
vt 0.5 0.6562500000000001
vt 0.0035353535353535503 0.6264534883720929
vt 0.9964646464646466 0.6264534883720929
vt 0.0625 0.9375
vt 0.9375 0.9375
vt 0.9375 0.0625
vt 0.5 0.6562500000000001
vt 0.0010101010101009886 0.6300872093023255
vt 0.0035353535353535503 0.6264534883720929
vt 0.0625 0.9375
vt 0.9375 0.9375
vt 0.9375 0.0625
vt 0.5 0.6562500000000001
vt 0.0010101010101009886 0.6824127906976745
vt 0.0010101010101009886 0.6300872093023255
vt 0.0625 0.9375
vt 0.9375 0.9375
vt 0.9375 0.0625
vt 0.5 0.6562500000000001
vt 0.0035353535353535503 0.6860465116279071
vt 0.0010101010101009886 0.6824127906976745
vt 0.0625 0.9375
vt 0.9375 0.9375
vt 0.9375 0.0625
vt 0.5 0.6562500000000001
vt 0.9964646464646466 0.6860465116279071
vt 0.0035353535353535503 0.6860465116279071
vt 0.0625 0.9375
vt 0.9375 0.9375
vt 0.9375 0.0625
vt 0.5 0.6562500000000001
vt 0.9989898989898992 0.6824127906976745
vt 0.9964646464646466 0.6860465116279071
vt 0.0625 0.9375
vt 0.9375 0.9375
vt 0.9375 0.0625
vt 0.5 0.6562500000000001
vt 0.9989898989898992 0.6300872093023255
vt 0.9989898989898992 0.6824127906976745
vt 0.0625 0.9375
vt 0.9375 0.9375
vt 0.9375 0.0625
vt 0.5 0.6562500000000001
vt 0.9964646464646466 0.6264534883720929
vt 0.9989898989898992 0.6300872093023255
vt 0.0625 0.9375
vt 0.9375 0.9375
vt 0.9375 0.0625
vn 0 -0.7071067811865476 -0.7071067811865476
vn 0.5773502691896258 -0.5773502691896258 -0.5773502691896257
vn 0.7071067811865476 0 -0.7071067811865476
vn 0.5773502691896258 0.5773502691896258 -0.5773502691896257
vn 0 0.7071067811865476 -0.7071067811865476
vn -0.5773502691896292 0.5773502691896188 -0.5773502691896293
vn -0.7071067811865476 0 -0.7071067811865476
vn -0.5773502691896413 -0.577350269189631 -0.5773502691896053
vn 0 -1 0
vn 0.7071067811865476 -0.7071067811865476 0
vn 1 0 0
vn 0.7071067811865476 0.7071067811865476 0
vn 0 1 0
vn -0.7071067811865476 0.7071067811865476 0
vn -1 0 0
vn -0.7071067811865476 -0.7071067811865476 0
vn 0 -0.7071067811865476 0.7071067811865476
vn 0.5773502691896257 -0.5773502691896257 0.5773502691896257
vn 0.7071067811865476 0 0.7071067811865476
vn 0.5773502691896257 0.5773502691896257 0.5773502691896257
vn 0 0.7071067811865476 0.7071067811865476
vn -0.5773502691896257 0.5773502691896257 0.5773502691896257
vn -0.7071067811865476 0 0.7071067811865476
vn -0.5773502691896344 -0.5773502691896344 0.5773502691896086
vn 0 0 -1
vn 0 -8.665155314147486e-15 1
vn 0 0 -1
vn 3.469446951953612e-16 -3.469446951953612e-16 1
vn 0 0 -1
vn 3.5958640473689285e-16 0 1
vn 0 0 -1
vn 3.469446951953618e-16 3.469446951953618e-16 1
vn 0 0 -1
vn 0 8.66515531414756e-15 1
vn 0 0 -1
vn -3.469446951953621e-16 3.469446951953498e-16 1
vn 0 0 -1
vn -3.5958640473689275e-16 0 1
vn 0 0 -1
vn -3.469446951953615e-16 -3.469446951953492e-16 1
usemtl m_318723fc-ca87-c40d-e50f-4df18cb44342
f 541/2281/629 542/2282/629 550/2283/629 549/2284/629
f 542/2285/630 543/2286/630 551/2287/630 550/2288/630
f 543/2289/631 544/2290/631 552/2291/631 551/2292/631
f 544/2293/632 545/2294/632 553/2295/632 552/2296/632
f 545/2297/633 546/2298/633 554/2299/633 553/2300/633
f 546/2301/634 547/2302/634 555/2303/634 554/2304/634
f 547/2305/635 548/2306/635 556/2307/635 555/2308/635
f 548/2309/636 541/2310/636 549/2311/636 556/2312/636
f 549/2313/637 550/2314/637 558/2315/637 557/2316/637
f 550/2317/638 551/2318/638 559/2319/638 558/2320/638
f 551/2321/639 552/2322/639 560/2323/639 559/2324/639
f 552/2325/640 553/2326/640 561/2327/640 560/2328/640
f 553/2329/641 554/2330/641 562/2331/641 561/2332/641
f 554/2333/642 555/2334/642 563/2335/642 562/2336/642
f 555/2337/643 556/2338/643 564/2339/643 563/2340/643
f 556/2341/644 549/2342/644 557/2343/644 564/2344/644
f 557/2345/645 558/2346/645 566/2347/645 565/2348/645
f 558/2349/646 559/2350/646 567/2351/646 566/2352/646
f 559/2353/647 560/2354/647 568/2355/647 567/2356/647
f 560/2357/648 561/2358/648 569/2359/648 568/2360/648
f 561/2361/649 562/2362/649 570/2363/649 569/2364/649
f 562/2365/650 563/2366/650 571/2367/650 570/2368/650
f 563/2369/651 564/2370/651 572/2371/651 571/2372/651
f 564/2373/652 557/2374/652 565/2375/652 572/2376/652
usemtl m_97b53b7c-9216-aba5-ec7d-e1154951dd8d
f 573/2377/653 542/2378/653 541/2379/653
usemtl m_318723fc-ca87-c40d-e50f-4df18cb44342
f 574/2380/654 565/2381/654 566/2382/654
usemtl m_97b53b7c-9216-aba5-ec7d-e1154951dd8d
f 573/2383/655 543/2384/655 542/2385/655
usemtl m_318723fc-ca87-c40d-e50f-4df18cb44342
f 574/2386/656 566/2387/656 567/2388/656
usemtl m_97b53b7c-9216-aba5-ec7d-e1154951dd8d
f 573/2389/657 544/2390/657 543/2391/657
usemtl m_318723fc-ca87-c40d-e50f-4df18cb44342
f 574/2392/658 567/2393/658 568/2394/658
usemtl m_97b53b7c-9216-aba5-ec7d-e1154951dd8d
f 573/2395/659 545/2396/659 544/2397/659
usemtl m_318723fc-ca87-c40d-e50f-4df18cb44342
f 574/2398/660 568/2399/660 569/2400/660
usemtl m_97b53b7c-9216-aba5-ec7d-e1154951dd8d
f 573/2401/661 546/2402/661 545/2403/661
usemtl m_318723fc-ca87-c40d-e50f-4df18cb44342
f 574/2404/662 569/2405/662 570/2406/662
usemtl m_97b53b7c-9216-aba5-ec7d-e1154951dd8d
f 573/2407/663 547/2408/663 546/2409/663
usemtl m_318723fc-ca87-c40d-e50f-4df18cb44342
f 574/2410/664 570/2411/664 571/2412/664
usemtl m_97b53b7c-9216-aba5-ec7d-e1154951dd8d
f 573/2413/665 548/2414/665 547/2415/665
usemtl m_318723fc-ca87-c40d-e50f-4df18cb44342
f 574/2416/666 571/2417/666 572/2418/666
usemtl m_97b53b7c-9216-aba5-ec7d-e1154951dd8d
f 573/2419/667 541/2420/667 548/2421/667
usemtl m_318723fc-ca87-c40d-e50f-4df18cb44342
f 574/2422/668 572/2423/668 565/2424/668
o lower_service_legend
v 0.26125 0.14937499999999998 0.7865625
v 0.73875 0.14937499999999998 0.7865625
v 0.74 0.15062499999999998 0.7865625
v 0.74 0.16812500000000002 0.7865625
v 0.73875 0.16937500000000003 0.7865625
v 0.26125 0.16937500000000003 0.7865625
v 0.26 0.16812500000000002 0.7865625
v 0.26 0.15062499999999998 0.7865625
v 0.26125000000000004 0.14875 0.7871875
v 0.73875 0.14875 0.7871875
v 0.740625 0.15062499999999998 0.7871875
v 0.740625 0.16812500000000002 0.7871875
v 0.73875 0.17 0.7871875
v 0.26125000000000004 0.17 0.7871875
v 0.259375 0.16812500000000002 0.7871875
v 0.259375 0.15062499999999998 0.7871875
v 0.26125000000000004 0.14875 0.79
v 0.73875 0.14875 0.79
v 0.740625 0.15062499999999998 0.79
v 0.740625 0.16812500000000002 0.79
v 0.73875 0.17 0.79
v 0.26125000000000004 0.17 0.79
v 0.259375 0.16812500000000002 0.79
v 0.259375 0.15062499999999998 0.79
v 0.26125 0.14937499999999998 0.790625
v 0.73875 0.14937499999999998 0.790625
v 0.74 0.15062499999999998 0.790625
v 0.74 0.16812500000000002 0.790625
v 0.73875 0.16937500000000003 0.790625
v 0.26125 0.16937500000000003 0.790625
v 0.26 0.16812500000000002 0.790625
v 0.26 0.15062499999999998 0.790625
v 0.5 0.15937500000000002 0.7865625
v 0.5 0.15937500000000002 0.7906250000000001
vt 0.0625 0.9375
vt 0.9375 0.9375
vt 0.9375 0.0625
vt 0.0625 0.0625
vt 0.0625 0.9375
vt 0.9375 0.9375
vt 0.9375 0.0625
vt 0.0625 0.0625
vt 0.0625 0.9375
vt 0.9375 0.9375
vt 0.9375 0.0625
vt 0.0625 0.0625
vt 0.0625 0.9375
vt 0.9375 0.9375
vt 0.9375 0.0625
vt 0.0625 0.0625
vt 0.0625 0.9375
vt 0.9375 0.9375
vt 0.9375 0.0625
vt 0.0625 0.0625
vt 0.0625 0.9375
vt 0.9375 0.9375
vt 0.9375 0.0625
vt 0.0625 0.0625
vt 0.0625 0.9375
vt 0.9375 0.9375
vt 0.9375 0.0625
vt 0.0625 0.0625
vt 0.0625 0.9375
vt 0.9375 0.9375
vt 0.9375 0.0625
vt 0.0625 0.0625
vt 0.0625 0.9375
vt 0.9375 0.9375
vt 0.9375 0.0625
vt 0.0625 0.0625
vt 0.0625 0.9375
vt 0.9375 0.9375
vt 0.9375 0.0625
vt 0.0625 0.0625
vt 0.0625 0.9375
vt 0.9375 0.9375
vt 0.9375 0.0625
vt 0.0625 0.0625
vt 0.0625 0.9375
vt 0.9375 0.9375
vt 0.9375 0.0625
vt 0.0625 0.0625
vt 0.0625 0.9375
vt 0.9375 0.9375
vt 0.9375 0.0625
vt 0.0625 0.0625
vt 0.0625 0.9375
vt 0.9375 0.9375
vt 0.9375 0.0625
vt 0.0625 0.0625
vt 0.0625 0.9375
vt 0.9375 0.9375
vt 0.9375 0.0625
vt 0.0625 0.0625
vt 0.0625 0.9375
vt 0.9375 0.9375
vt 0.9375 0.0625
vt 0.0625 0.0625
vt 0.0625 0.9375
vt 0.9375 0.9375
vt 0.9375 0.0625
vt 0.0625 0.0625
vt 0.0625 0.9375
vt 0.9375 0.9375
vt 0.9375 0.0625
vt 0.0625 0.0625
vt 0.0625 0.9375
vt 0.9375 0.9375
vt 0.9375 0.0625
vt 0.0625 0.0625
vt 0.0625 0.9375
vt 0.9375 0.9375
vt 0.9375 0.0625
vt 0.0625 0.0625
vt 0.0625 0.9375
vt 0.9375 0.9375
vt 0.9375 0.0625
vt 0.0625 0.0625
vt 0.0625 0.9375
vt 0.9375 0.9375
vt 0.9375 0.0625
vt 0.0625 0.0625
vt 0.0625 0.9375
vt 0.9375 0.9375
vt 0.9375 0.0625
vt 0.0625 0.0625
vt 0.0625 0.9375
vt 0.9375 0.9375
vt 0.9375 0.0625
vt 0.0625 0.0625
vt 0.5 0.4765625
vt 0.0038961038961038133 0.4545036764705882
vt 0.9961038961038962 0.4545036764705882
vt 0.0625 0.9375
vt 0.9375 0.9375
vt 0.9375 0.0625
vt 0.5 0.4765625
vt 0.0012987012987012712 0.4572610294117647
vt 0.0038961038961038133 0.4545036764705882
vt 0.0625 0.9375
vt 0.9375 0.9375
vt 0.9375 0.0625
vt 0.5 0.4765625
vt 0.0012987012987012712 0.4958639705882353
vt 0.0012987012987012712 0.4572610294117647
vt 0.0625 0.9375
vt 0.9375 0.9375
vt 0.9375 0.0625
vt 0.5 0.4765625
vt 0.0038961038961038133 0.4986213235294118
vt 0.0012987012987012712 0.4958639705882353
vt 0.0625 0.9375
vt 0.9375 0.9375
vt 0.9375 0.0625
vt 0.5 0.4765625
vt 0.9961038961038962 0.4986213235294118
vt 0.0038961038961038133 0.4986213235294118
vt 0.0625 0.9375
vt 0.9375 0.9375
vt 0.9375 0.0625
vt 0.5 0.4765625
vt 0.9987012987012988 0.4958639705882353
vt 0.9961038961038962 0.4986213235294118
vt 0.0625 0.9375
vt 0.9375 0.9375
vt 0.9375 0.0625
vt 0.5 0.4765625
vt 0.9987012987012988 0.4572610294117647
vt 0.9987012987012988 0.4958639705882353
vt 0.0625 0.9375
vt 0.9375 0.9375
vt 0.9375 0.0625
vt 0.5 0.4765625
vt 0.9961038961038962 0.4545036764705882
vt 0.9987012987012988 0.4572610294117647
vt 0.0625 0.9375
vt 0.9375 0.9375
vt 0.9375 0.0625
vn 0 -0.7071067811865476 -0.7071067811865476
vn 0.5773502691896302 -0.5773502691896173 -0.57735026918963
vn 0.7071067811865476 0 -0.7071067811865476
vn 0.5773502691896344 0.5773502691896215 -0.5773502691896214
vn 0 0.7071067811865476 -0.7071067811865476
vn -0.5773502691896302 0.5773502691896173 -0.57735026918963
vn -0.7071067811865476 0 -0.7071067811865476
vn -0.5773502691896515 -0.5773502691896386 -0.5773502691895872
vn 0 -1 0
vn 0.7071067811865528 -0.7071067811865424 0
vn 1 0 0
vn 0.7071067811865528 0.7071067811865424 0
vn 0 1 0
vn -0.7071067811865424 0.7071067811865528 0
vn -1 0 0
vn -0.7071067811865424 -0.7071067811865528 0
vn 0 -0.7071067811865476 0.7071067811865476
vn 0.5773502691896286 -0.5773502691896202 0.5773502691896287
vn 0.7071067811865476 0 0.7071067811865476
vn 0.5773502691896314 0.577350269189623 0.577350269189623
vn 0 0.7071067811865476 0.7071067811865476
vn -0.5773502691896228 0.5773502691896314 0.577350269189623
vn -0.7071067811865476 0 0.7071067811865476
vn -0.5773502691896372 -0.5773502691896457 0.5773502691895945
vn 0 0 -1
vn 0 -1.1102230246251524e-14 1
vn 0 0 -1
vn 4.463208139196607e-16 -4.463208139196507e-16 1
vn 0 0 -1
vn 4.625929269271486e-16 0 1
vn 0 0 -1
vn 4.463208139196613e-16 4.463208139196514e-16 1
vn 0 0 -1
vn 0 1.1102230246251554e-14 1
vn 0 0 -1
vn -4.463208139196613e-16 4.463208139196514e-16 1
vn 0 0 -1
vn -4.625929269271486e-16 0 1
vn 0 0 -1
vn -4.463208139196607e-16 -4.463208139196507e-16 1
usemtl m_318723fc-ca87-c40d-e50f-4df18cb44342
f 575/2425/669 576/2426/669 584/2427/669 583/2428/669
f 576/2429/670 577/2430/670 585/2431/670 584/2432/670
f 577/2433/671 578/2434/671 586/2435/671 585/2436/671
f 578/2437/672 579/2438/672 587/2439/672 586/2440/672
f 579/2441/673 580/2442/673 588/2443/673 587/2444/673
f 580/2445/674 581/2446/674 589/2447/674 588/2448/674
f 581/2449/675 582/2450/675 590/2451/675 589/2452/675
f 582/2453/676 575/2454/676 583/2455/676 590/2456/676
f 583/2457/677 584/2458/677 592/2459/677 591/2460/677
f 584/2461/678 585/2462/678 593/2463/678 592/2464/678
f 585/2465/679 586/2466/679 594/2467/679 593/2468/679
f 586/2469/680 587/2470/680 595/2471/680 594/2472/680
f 587/2473/681 588/2474/681 596/2475/681 595/2476/681
f 588/2477/682 589/2478/682 597/2479/682 596/2480/682
f 589/2481/683 590/2482/683 598/2483/683 597/2484/683
f 590/2485/684 583/2486/684 591/2487/684 598/2488/684
f 591/2489/685 592/2490/685 600/2491/685 599/2492/685
f 592/2493/686 593/2494/686 601/2495/686 600/2496/686
f 593/2497/687 594/2498/687 602/2499/687 601/2500/687
f 594/2501/688 595/2502/688 603/2503/688 602/2504/688
f 595/2505/689 596/2506/689 604/2507/689 603/2508/689
f 596/2509/690 597/2510/690 605/2511/690 604/2512/690
f 597/2513/691 598/2514/691 606/2515/691 605/2516/691
f 598/2517/692 591/2518/692 599/2519/692 606/2520/692
usemtl m_97b53b7c-9216-aba5-ec7d-e1154951dd8d
f 607/2521/693 576/2522/693 575/2523/693
usemtl m_318723fc-ca87-c40d-e50f-4df18cb44342
f 608/2524/694 599/2525/694 600/2526/694
usemtl m_97b53b7c-9216-aba5-ec7d-e1154951dd8d
f 607/2527/695 577/2528/695 576/2529/695
usemtl m_318723fc-ca87-c40d-e50f-4df18cb44342
f 608/2530/696 600/2531/696 601/2532/696
usemtl m_97b53b7c-9216-aba5-ec7d-e1154951dd8d
f 607/2533/697 578/2534/697 577/2535/697
usemtl m_318723fc-ca87-c40d-e50f-4df18cb44342
f 608/2536/698 601/2537/698 602/2538/698
usemtl m_97b53b7c-9216-aba5-ec7d-e1154951dd8d
f 607/2539/699 579/2540/699 578/2541/699
usemtl m_318723fc-ca87-c40d-e50f-4df18cb44342
f 608/2542/700 602/2543/700 603/2544/700
usemtl m_97b53b7c-9216-aba5-ec7d-e1154951dd8d
f 607/2545/701 580/2546/701 579/2547/701
usemtl m_318723fc-ca87-c40d-e50f-4df18cb44342
f 608/2548/702 603/2549/702 604/2550/702
usemtl m_97b53b7c-9216-aba5-ec7d-e1154951dd8d
f 607/2551/703 581/2552/703 580/2553/703
usemtl m_318723fc-ca87-c40d-e50f-4df18cb44342
f 608/2554/704 604/2555/704 605/2556/704
usemtl m_97b53b7c-9216-aba5-ec7d-e1154951dd8d
f 607/2557/705 582/2558/705 581/2559/705
usemtl m_318723fc-ca87-c40d-e50f-4df18cb44342
f 608/2560/706 605/2561/706 606/2562/706
usemtl m_97b53b7c-9216-aba5-ec7d-e1154951dd8d
f 607/2563/707 575/2564/707 582/2565/707
usemtl m_318723fc-ca87-c40d-e50f-4df18cb44342
f 608/2566/708 606/2567/708 599/2568/708
o left_mount_fastener
v 0.063125 0.47124999999999995 0.7871875
v 0.06999999999999999 0.47124999999999995 0.7871875
v 0.073125 0.47437499999999994 0.7871875
v 0.073125 0.525625 0.7871875
v 0.06999999999999999 0.52875 0.7871875
v 0.063125 0.52875 0.7871875
v 0.06 0.525625 0.7871875
v 0.06 0.47437499999999994 0.7871875
v 0.063125 0.47 0.7884375
v 0.06999999999999999 0.47 0.7884375
v 0.074375 0.474375 0.7884375
v 0.074375 0.525625 0.7884375
v 0.06999999999999999 0.53 0.7884375
v 0.063125 0.53 0.7884375
v 0.05875 0.525625 0.7884375
v 0.05875 0.474375 0.7884375
v 0.063125 0.47 0.79
v 0.06999999999999999 0.47 0.79
v 0.074375 0.474375 0.79
v 0.074375 0.525625 0.79
v 0.06999999999999999 0.53 0.79
v 0.063125 0.53 0.79
v 0.05875 0.525625 0.79
v 0.05875 0.474375 0.79
v 0.063125 0.47124999999999995 0.79125
v 0.06999999999999999 0.47124999999999995 0.79125
v 0.073125 0.47437499999999994 0.79125
v 0.073125 0.525625 0.79125
v 0.06999999999999999 0.52875 0.79125
v 0.063125 0.52875 0.79125
v 0.06 0.525625 0.79125
v 0.06 0.47437499999999994 0.79125
v 0.0665625 0.49999999999999994 0.7871875
v 0.0665625 0.49999999999999994 0.7912499999999999
vt 0.0625 0.9375
vt 0.9375 0.9375
vt 0.9375 0.0625
vt 0.0625 0.0625
vt 0.0625 0.9375
vt 0.9375 0.9375
vt 0.9375 0.0625
vt 0.0625 0.0625
vt 0.0625 0.9375
vt 0.9375 0.9375
vt 0.9375 0.0625
vt 0.0625 0.0625
vt 0.0625 0.9375
vt 0.9375 0.9375
vt 0.9375 0.0625
vt 0.0625 0.0625
vt 0.0625 0.9375
vt 0.9375 0.9375
vt 0.9375 0.0625
vt 0.0625 0.0625
vt 0.0625 0.9375
vt 0.9375 0.9375
vt 0.9375 0.0625
vt 0.0625 0.0625
vt 0.0625 0.9375
vt 0.9375 0.9375
vt 0.9375 0.0625
vt 0.0625 0.0625
vt 0.0625 0.9375
vt 0.9375 0.9375
vt 0.9375 0.0625
vt 0.0625 0.0625
vt 0.0625 0.9375
vt 0.9375 0.9375
vt 0.9375 0.0625
vt 0.0625 0.0625
vt 0.0625 0.9375
vt 0.9375 0.9375
vt 0.9375 0.0625
vt 0.0625 0.0625
vt 0.0625 0.9375
vt 0.9375 0.9375
vt 0.9375 0.0625
vt 0.0625 0.0625
vt 0.0625 0.9375
vt 0.9375 0.9375
vt 0.9375 0.0625
vt 0.0625 0.0625
vt 0.0625 0.9375
vt 0.9375 0.9375
vt 0.9375 0.0625
vt 0.0625 0.0625
vt 0.0625 0.9375
vt 0.9375 0.9375
vt 0.9375 0.0625
vt 0.0625 0.0625
vt 0.0625 0.9375
vt 0.9375 0.9375
vt 0.9375 0.0625
vt 0.0625 0.0625
vt 0.0625 0.9375
vt 0.9375 0.9375
vt 0.9375 0.0625
vt 0.0625 0.0625
vt 0.0625 0.9375
vt 0.9375 0.9375
vt 0.9375 0.0625
vt 0.0625 0.0625
vt 0.0625 0.9375
vt 0.9375 0.9375
vt 0.9375 0.0625
vt 0.0625 0.0625
vt 0.0625 0.9375
vt 0.9375 0.9375
vt 0.9375 0.0625
vt 0.0625 0.0625
vt 0.0625 0.9375
vt 0.9375 0.9375
vt 0.9375 0.0625
vt 0.0625 0.0625
vt 0.0625 0.9375
vt 0.9375 0.9375
vt 0.9375 0.0625
vt 0.0625 0.0625
vt 0.0625 0.9375
vt 0.9375 0.9375
vt 0.9375 0.0625
vt 0.0625 0.0625
vt 0.0625 0.9375
vt 0.9375 0.9375
vt 0.9375 0.0625
vt 0.0625 0.0625
vt 0.0625 0.9375
vt 0.9375 0.9375
vt 0.9375 0.0625
vt 0.0625 0.0625
vt 0.0625 0.9375
vt 0.9375 0.9375
vt 0.9375 0.0625
vt 0.0625 0.9375
vt 0.9375 0.9375
vt 0.9375 0.0625
vt 0.0625 0.9375
vt 0.9375 0.9375
vt 0.9375 0.0625
vt 0.0625 0.9375
vt 0.9375 0.9375
vt 0.9375 0.0625
vt 0.0625 0.9375
vt 0.9375 0.9375
vt 0.9375 0.0625
vt 0.0625 0.9375
vt 0.9375 0.9375
vt 0.9375 0.0625
vt 0.0625 0.9375
vt 0.9375 0.9375
vt 0.9375 0.0625
vt 0.0625 0.9375
vt 0.9375 0.9375
vt 0.9375 0.0625
vt 0.0625 0.9375
vt 0.9375 0.9375
vt 0.9375 0.0625
vt 0.0625 0.9375
vt 0.9375 0.9375
vt 0.9375 0.0625
vt 0.0625 0.9375
vt 0.9375 0.9375
vt 0.9375 0.0625
vt 0.0625 0.9375
vt 0.9375 0.9375
vt 0.9375 0.0625
vt 0.0625 0.9375
vt 0.9375 0.9375
vt 0.9375 0.0625
vt 0.0625 0.9375
vt 0.9375 0.9375
vt 0.9375 0.0625
vt 0.0625 0.9375
vt 0.9375 0.9375
vt 0.9375 0.0625
vt 0.0625 0.9375
vt 0.9375 0.9375
vt 0.9375 0.0625
vn 0 -0.7071067811865476 -0.7071067811865476
vn 0.5773502691896293 -0.5773502691896318 -0.5773502691896163
vn 0.7071067811865397 0 -0.7071067811865553
vn 0.5773502691896308 0.5773502691896232 -0.5773502691896232
vn 0 0.7071067811865476 -0.7071067811865476
vn -0.577350269189624 0.5773502691896164 -0.5773502691896369
vn -0.7071067811865397 0 -0.7071067811865553
vn -0.5773502691896242 -0.5773502691896268 -0.5773502691896265
vn 0 -1 0
vn 0.7071067811865487 -0.7071067811865465 0
vn 1 0 0
vn 0.7071067811865487 0.7071067811865465 0
vn 0 1 0
vn -0.7071067811865487 0.7071067811865465 0
vn -1 0 0
vn -0.7071067811865487 -0.7071067811865465 0
vn 0 -0.7071067811865476 0.7071067811865476
vn 0.5773502691896308 -0.577350269189629 0.5773502691896177
vn 0.7071067811865397 0 0.7071067811865555
vn 0.5773502691896271 0.5773502691896252 0.5773502691896251
vn 0 0.7071067811865476 0.7071067811865476
vn -0.5773502691896222 0.5773502691896203 0.5773502691896348
vn -0.7071067811865397 0 0.7071067811865555
vn -0.5773502691896271 -0.5773502691896252 0.5773502691896251
vn 0 0 -1
vn 0 3.861645303044023e-15 1
vn 0 0 -1
vn -3.4492365813596967e-15 3.449236581359712e-15 1
vn 0 0 -1
vn -1.6917684184764293e-14 0 1
vn 0 0 -1
vn -3.4492365813597393e-15 -3.4492365813596935e-15 1
vn 0 0 -1
vn 0 -3.861645303044008e-15 1
vn 0 0 -1
vn 3.4492365813597393e-15 -3.4492365813596935e-15 1
vn 0 0 -1
vn 1.6917684184764293e-14 0 1
vn 0 0 -1
vn 3.4492365813596967e-15 3.449236581359712e-15 1
usemtl m_318723fc-ca87-c40d-e50f-4df18cb44342
f 609/2569/709 610/2570/709 618/2571/709 617/2572/709
f 610/2573/710 611/2574/710 619/2575/710 618/2576/710
f 611/2577/711 612/2578/711 620/2579/711 619/2580/711
f 612/2581/712 613/2582/712 621/2583/712 620/2584/712
f 613/2585/713 614/2586/713 622/2587/713 621/2588/713
f 614/2589/714 615/2590/714 623/2591/714 622/2592/714
f 615/2593/715 616/2594/715 624/2595/715 623/2596/715
f 616/2597/716 609/2598/716 617/2599/716 624/2600/716
f 617/2601/717 618/2602/717 626/2603/717 625/2604/717
f 618/2605/718 619/2606/718 627/2607/718 626/2608/718
f 619/2609/719 620/2610/719 628/2611/719 627/2612/719
f 620/2613/720 621/2614/720 629/2615/720 628/2616/720
f 621/2617/721 622/2618/721 630/2619/721 629/2620/721
f 622/2621/722 623/2622/722 631/2623/722 630/2624/722
f 623/2625/723 624/2626/723 632/2627/723 631/2628/723
f 624/2629/724 617/2630/724 625/2631/724 632/2632/724
f 625/2633/725 626/2634/725 634/2635/725 633/2636/725
f 626/2637/726 627/2638/726 635/2639/726 634/2640/726
f 627/2641/727 628/2642/727 636/2643/727 635/2644/727
f 628/2645/728 629/2646/728 637/2647/728 636/2648/728
f 629/2649/729 630/2650/729 638/2651/729 637/2652/729
f 630/2653/730 631/2654/730 639/2655/730 638/2656/730
f 631/2657/731 632/2658/731 640/2659/731 639/2660/731
f 632/2661/732 625/2662/732 633/2663/732 640/2664/732
f 641/2665/733 610/2666/733 609/2667/733
f 642/2668/734 633/2669/734 634/2670/734
f 641/2671/735 611/2672/735 610/2673/735
f 642/2674/736 634/2675/736 635/2676/736
f 641/2677/737 612/2678/737 611/2679/737
f 642/2680/738 635/2681/738 636/2682/738
f 641/2683/739 613/2684/739 612/2685/739
f 642/2686/740 636/2687/740 637/2688/740
f 641/2689/741 614/2690/741 613/2691/741
f 642/2692/742 637/2693/742 638/2694/742
f 641/2695/743 615/2696/743 614/2697/743
f 642/2698/744 638/2699/744 639/2700/744
f 641/2701/745 616/2702/745 615/2703/745
f 642/2704/746 639/2705/746 640/2706/746
f 641/2707/747 609/2708/747 616/2709/747
f 642/2710/748 640/2711/748 633/2712/748
o right_mount_fastener
v 0.93 0.47124999999999995 0.7871875
v 0.936875 0.47124999999999995 0.7871875
v 0.9400000000000001 0.47437499999999994 0.7871875
v 0.9400000000000001 0.525625 0.7871875
v 0.936875 0.52875 0.7871875
v 0.93 0.52875 0.7871875
v 0.926875 0.525625 0.7871875
v 0.926875 0.47437499999999994 0.7871875
v 0.93 0.47 0.7884375
v 0.936875 0.47 0.7884375
v 0.94125 0.474375 0.7884375
v 0.94125 0.525625 0.7884375
v 0.936875 0.53 0.7884375
v 0.93 0.53 0.7884375
v 0.925625 0.525625 0.7884375
v 0.925625 0.474375 0.7884375
v 0.93 0.47 0.79
v 0.936875 0.47 0.79
v 0.94125 0.474375 0.79
v 0.94125 0.525625 0.79
v 0.936875 0.53 0.79
v 0.93 0.53 0.79
v 0.925625 0.525625 0.79
v 0.925625 0.474375 0.79
v 0.93 0.47124999999999995 0.79125
v 0.936875 0.47124999999999995 0.79125
v 0.9400000000000001 0.47437499999999994 0.79125
v 0.9400000000000001 0.525625 0.79125
v 0.936875 0.52875 0.79125
v 0.93 0.52875 0.79125
v 0.926875 0.525625 0.79125
v 0.926875 0.47437499999999994 0.79125
v 0.9334374999999999 0.49999999999999994 0.7871875
v 0.9334374999999999 0.49999999999999994 0.7912499999999999
vt 0.0625 0.9375
vt 0.9375 0.9375
vt 0.9375 0.0625
vt 0.0625 0.0625
vt 0.0625 0.9375
vt 0.9375 0.9375
vt 0.9375 0.0625
vt 0.0625 0.0625
vt 0.0625 0.9375
vt 0.9375 0.9375
vt 0.9375 0.0625
vt 0.0625 0.0625
vt 0.0625 0.9375
vt 0.9375 0.9375
vt 0.9375 0.0625
vt 0.0625 0.0625
vt 0.0625 0.9375
vt 0.9375 0.9375
vt 0.9375 0.0625
vt 0.0625 0.0625
vt 0.0625 0.9375
vt 0.9375 0.9375
vt 0.9375 0.0625
vt 0.0625 0.0625
vt 0.0625 0.9375
vt 0.9375 0.9375
vt 0.9375 0.0625
vt 0.0625 0.0625
vt 0.0625 0.9375
vt 0.9375 0.9375
vt 0.9375 0.0625
vt 0.0625 0.0625
vt 0.0625 0.9375
vt 0.9375 0.9375
vt 0.9375 0.0625
vt 0.0625 0.0625
vt 0.0625 0.9375
vt 0.9375 0.9375
vt 0.9375 0.0625
vt 0.0625 0.0625
vt 0.0625 0.9375
vt 0.9375 0.9375
vt 0.9375 0.0625
vt 0.0625 0.0625
vt 0.0625 0.9375
vt 0.9375 0.9375
vt 0.9375 0.0625
vt 0.0625 0.0625
vt 0.0625 0.9375
vt 0.9375 0.9375
vt 0.9375 0.0625
vt 0.0625 0.0625
vt 0.0625 0.9375
vt 0.9375 0.9375
vt 0.9375 0.0625
vt 0.0625 0.0625
vt 0.0625 0.9375
vt 0.9375 0.9375
vt 0.9375 0.0625
vt 0.0625 0.0625
vt 0.0625 0.9375
vt 0.9375 0.9375
vt 0.9375 0.0625
vt 0.0625 0.0625
vt 0.0625 0.9375
vt 0.9375 0.9375
vt 0.9375 0.0625
vt 0.0625 0.0625
vt 0.0625 0.9375
vt 0.9375 0.9375
vt 0.9375 0.0625
vt 0.0625 0.0625
vt 0.0625 0.9375
vt 0.9375 0.9375
vt 0.9375 0.0625
vt 0.0625 0.0625
vt 0.0625 0.9375
vt 0.9375 0.9375
vt 0.9375 0.0625
vt 0.0625 0.0625
vt 0.0625 0.9375
vt 0.9375 0.9375
vt 0.9375 0.0625
vt 0.0625 0.0625
vt 0.0625 0.9375
vt 0.9375 0.9375
vt 0.9375 0.0625
vt 0.0625 0.0625
vt 0.0625 0.9375
vt 0.9375 0.9375
vt 0.9375 0.0625
vt 0.0625 0.0625
vt 0.0625 0.9375
vt 0.9375 0.9375
vt 0.9375 0.0625
vt 0.0625 0.0625
vt 0.0625 0.9375
vt 0.9375 0.9375
vt 0.9375 0.0625
vt 0.0625 0.9375
vt 0.9375 0.9375
vt 0.9375 0.0625
vt 0.0625 0.9375
vt 0.9375 0.9375
vt 0.9375 0.0625
vt 0.0625 0.9375
vt 0.9375 0.9375
vt 0.9375 0.0625
vt 0.0625 0.9375
vt 0.9375 0.9375
vt 0.9375 0.0625
vt 0.0625 0.9375
vt 0.9375 0.9375
vt 0.9375 0.0625
vt 0.0625 0.9375
vt 0.9375 0.9375
vt 0.9375 0.0625
vt 0.0625 0.9375
vt 0.9375 0.9375
vt 0.9375 0.0625
vt 0.0625 0.9375
vt 0.9375 0.9375
vt 0.9375 0.0625
vt 0.0625 0.9375
vt 0.9375 0.9375
vt 0.9375 0.0625
vt 0.0625 0.9375
vt 0.9375 0.9375
vt 0.9375 0.0625
vt 0.0625 0.9375
vt 0.9375 0.9375
vt 0.9375 0.0625
vt 0.0625 0.9375
vt 0.9375 0.9375
vt 0.9375 0.0625
vt 0.0625 0.9375
vt 0.9375 0.9375
vt 0.9375 0.0625
vt 0.0625 0.9375
vt 0.9375 0.9375
vt 0.9375 0.0625
vt 0.0625 0.9375
vt 0.9375 0.9375
vt 0.9375 0.0625
vn 0 -0.7071067811865476 -0.7071067811865476
vn 0.577350269189631 -0.5773502691896413 -0.5773502691896053
vn 0.7071067811865476 0 -0.7071067811865476
vn 0.5773502691896258 0.5773502691896258 -0.5773502691896257
vn 0 0.7071067811865476 -0.7071067811865476
vn -0.5773502691896258 0.5773502691896258 -0.5773502691896257
vn -0.7071067811865476 0 -0.7071067811865476
vn -0.5773502691896188 -0.5773502691896292 -0.5773502691896293
vn 0 -1 0
vn 0.7071067811865476 -0.7071067811865476 0
vn 1 0 0
vn 0.7071067811865476 0.7071067811865476 0
vn 0 1 0
vn -0.7071067811865476 0.7071067811865476 0
vn -1 0 0
vn -0.7071067811865476 -0.7071067811865476 0
vn 0 -0.7071067811865476 0.7071067811865476
vn 0.5773502691896344 -0.5773502691896344 0.5773502691896086
vn 0.7071067811865476 0 0.7071067811865476
vn 0.5773502691896257 0.5773502691896257 0.5773502691896257
vn 0 0.7071067811865476 0.7071067811865476
vn -0.5773502691896257 0.5773502691896257 0.5773502691896257
vn -0.7071067811865476 0 0.7071067811865476
vn -0.5773502691896257 -0.5773502691896257 0.5773502691896257
vn 0 0 -1
vn 0 3.861645303044023e-15 1
vn 0 0 -1
vn -3.449236581359645e-15 3.449236581359706e-15 1
vn 0 0 -1
vn -1.6917684184763937e-14 0 1
vn 0 0 -1
vn -3.4492365813596876e-15 -3.4492365813596876e-15 1
vn 0 0 -1
vn 0 -3.8616453030440076e-15 1
vn 0 0 -1
vn 3.4492365813597124e-15 -3.4492365813597124e-15 1
vn 0 0 -1
vn 1.6917684184764508e-14 0 1
vn 0 0 -1
vn 3.4492365813596687e-15 3.44923658135973e-15 1
usemtl m_318723fc-ca87-c40d-e50f-4df18cb44342
f 643/2713/749 644/2714/749 652/2715/749 651/2716/749
f 644/2717/750 645/2718/750 653/2719/750 652/2720/750
f 645/2721/751 646/2722/751 654/2723/751 653/2724/751
f 646/2725/752 647/2726/752 655/2727/752 654/2728/752
f 647/2729/753 648/2730/753 656/2731/753 655/2732/753
f 648/2733/754 649/2734/754 657/2735/754 656/2736/754
f 649/2737/755 650/2738/755 658/2739/755 657/2740/755
f 650/2741/756 643/2742/756 651/2743/756 658/2744/756
f 651/2745/757 652/2746/757 660/2747/757 659/2748/757
f 652/2749/758 653/2750/758 661/2751/758 660/2752/758
f 653/2753/759 654/2754/759 662/2755/759 661/2756/759
f 654/2757/760 655/2758/760 663/2759/760 662/2760/760
f 655/2761/761 656/2762/761 664/2763/761 663/2764/761
f 656/2765/762 657/2766/762 665/2767/762 664/2768/762
f 657/2769/763 658/2770/763 666/2771/763 665/2772/763
f 658/2773/764 651/2774/764 659/2775/764 666/2776/764
f 659/2777/765 660/2778/765 668/2779/765 667/2780/765
f 660/2781/766 661/2782/766 669/2783/766 668/2784/766
f 661/2785/767 662/2786/767 670/2787/767 669/2788/767
f 662/2789/768 663/2790/768 671/2791/768 670/2792/768
f 663/2793/769 664/2794/769 672/2795/769 671/2796/769
f 664/2797/770 665/2798/770 673/2799/770 672/2800/770
f 665/2801/771 666/2802/771 674/2803/771 673/2804/771
f 666/2805/772 659/2806/772 667/2807/772 674/2808/772
f 675/2809/773 644/2810/773 643/2811/773
f 676/2812/774 667/2813/774 668/2814/774
f 675/2815/775 645/2816/775 644/2817/775
f 676/2818/776 668/2819/776 669/2820/776
f 675/2821/777 646/2822/777 645/2823/777
f 676/2824/778 669/2825/778 670/2826/778
f 675/2827/779 647/2828/779 646/2829/779
f 676/2830/780 670/2831/780 671/2832/780
f 675/2833/781 648/2834/781 647/2835/781
f 676/2836/782 671/2837/782 672/2838/782
f 675/2839/783 649/2840/783 648/2841/783
f 676/2842/784 672/2843/784 673/2844/784
f 675/2845/785 650/2846/785 649/2847/785
f 676/2848/786 673/2849/786 674/2850/786
f 675/2851/787 643/2852/787 650/2853/787
f 676/2854/788 674/2855/788 667/2856/788
o left_side_vent_1
v 0.035937500000000004 0.294375 0.884375
v 0.0375 0.294375 0.884375
v 0.038125 0.295 0.884375
v 0.038125 0.31125 0.884375
v 0.0375 0.311875 0.884375
v 0.035937500000000004 0.311875 0.884375
v 0.035312500000000004 0.31125 0.884375
v 0.035312500000000004 0.295 0.884375
v 0.035437500000000004 0.29375 0.885
v 0.038 0.29375 0.885
v 0.03875 0.2945 0.885
v 0.03875 0.31175 0.885
v 0.038 0.3125 0.885
v 0.035437500000000004 0.3125 0.885
v 0.0346875 0.31175 0.885
v 0.0346875 0.2945 0.885
v 0.035437500000000004 0.29375 0.943125
v 0.038 0.29375 0.943125
v 0.03875 0.2945 0.943125
v 0.03875 0.31175 0.943125
v 0.038 0.3125 0.943125
v 0.035437500000000004 0.3125 0.943125
v 0.0346875 0.31175 0.943125
v 0.0346875 0.2945 0.943125
v 0.035937500000000004 0.294375 0.94375
v 0.0375 0.294375 0.94375
v 0.038125 0.295 0.94375
v 0.038125 0.31125 0.94375
v 0.0375 0.311875 0.94375
v 0.035937500000000004 0.311875 0.94375
v 0.035312500000000004 0.31125 0.94375
v 0.035312500000000004 0.295 0.94375
v 0.03671875000000001 0.303125 0.8843750000000001
v 0.03671875000000001 0.303125 0.9437499999999999
vt 0.0625 0.9375
vt 0.9375 0.9375
vt 0.9375 0.0625
vt 0.0625 0.0625
vt 0.0625 0.9375
vt 0.9375 0.9375
vt 0.9375 0.0625
vt 0.0625 0.0625
vt 0.0625 0.9375
vt 0.9375 0.9375
vt 0.9375 0.0625
vt 0.0625 0.0625
vt 0.0625 0.9375
vt 0.9375 0.9375
vt 0.9375 0.0625
vt 0.0625 0.0625
vt 0.0625 0.9375
vt 0.9375 0.9375
vt 0.9375 0.0625
vt 0.0625 0.0625
vt 0.0625 0.9375
vt 0.9375 0.9375
vt 0.9375 0.0625
vt 0.0625 0.0625
vt 0.0625 0.9375
vt 0.9375 0.9375
vt 0.9375 0.0625
vt 0.0625 0.0625
vt 0.0625 0.9375
vt 0.9375 0.9375
vt 0.9375 0.0625
vt 0.0625 0.0625
vt 0.0625 0.9375
vt 0.9375 0.9375
vt 0.9375 0.0625
vt 0.0625 0.0625
vt 0.0625 0.9375
vt 0.9375 0.9375
vt 0.9375 0.0625
vt 0.0625 0.0625
vt 0.0625 0.9375
vt 0.9375 0.9375
vt 0.9375 0.0625
vt 0.0625 0.0625
vt 0.0625 0.9375
vt 0.9375 0.9375
vt 0.9375 0.0625
vt 0.0625 0.0625
vt 0.0625 0.9375
vt 0.9375 0.9375
vt 0.9375 0.0625
vt 0.0625 0.0625
vt 0.0625 0.9375
vt 0.9375 0.9375
vt 0.9375 0.0625
vt 0.0625 0.0625
vt 0.0625 0.9375
vt 0.9375 0.9375
vt 0.9375 0.0625
vt 0.0625 0.0625
vt 0.0625 0.9375
vt 0.9375 0.9375
vt 0.9375 0.0625
vt 0.0625 0.0625
vt 0.0625 0.9375
vt 0.9375 0.9375
vt 0.9375 0.0625
vt 0.0625 0.0625
vt 0.0625 0.9375
vt 0.9375 0.9375
vt 0.9375 0.0625
vt 0.0625 0.0625
vt 0.0625 0.9375
vt 0.9375 0.9375
vt 0.9375 0.0625
vt 0.0625 0.0625
vt 0.0625 0.9375
vt 0.9375 0.9375
vt 0.9375 0.0625
vt 0.0625 0.0625
vt 0.0625 0.9375
vt 0.9375 0.9375
vt 0.9375 0.0625
vt 0.0625 0.0625
vt 0.0625 0.9375
vt 0.9375 0.9375
vt 0.9375 0.0625
vt 0.0625 0.0625
vt 0.0625 0.9375
vt 0.9375 0.9375
vt 0.9375 0.0625
vt 0.0625 0.0625
vt 0.0625 0.9375
vt 0.9375 0.9375
vt 0.9375 0.0625
vt 0.0625 0.0625
vt 0.0625 0.9375
vt 0.9375 0.9375
vt 0.9375 0.0625
vt 0.0625 0.9375
vt 0.9375 0.9375
vt 0.9375 0.0625
vt 0.0625 0.9375
vt 0.9375 0.9375
vt 0.9375 0.0625
vt 0.0625 0.9375
vt 0.9375 0.9375
vt 0.9375 0.0625
vt 0.0625 0.9375
vt 0.9375 0.9375
vt 0.9375 0.0625
vt 0.0625 0.9375
vt 0.9375 0.9375
vt 0.9375 0.0625
vt 0.0625 0.9375
vt 0.9375 0.9375
vt 0.9375 0.0625
vt 0.0625 0.9375
vt 0.9375 0.9375
vt 0.9375 0.0625
vt 0.0625 0.9375
vt 0.9375 0.9375
vt 0.9375 0.0625
vt 0.0625 0.9375
vt 0.9375 0.9375
vt 0.9375 0.0625
vt 0.0625 0.9375
vt 0.9375 0.9375
vt 0.9375 0.0625
vt 0.0625 0.9375
vt 0.9375 0.9375
vt 0.9375 0.0625
vt 0.0625 0.9375
vt 0.9375 0.9375
vt 0.9375 0.0625
vt 0.0625 0.9375
vt 0.9375 0.9375
vt 0.9375 0.0625
vt 0.0625 0.9375
vt 0.9375 0.9375
vt 0.9375 0.0625
vt 0.0625 0.9375
vt 0.9375 0.9375
vt 0.9375 0.0625
vn 0 -0.7071067811865476 -0.7071067811865476
vn 0.43685202833050857 -0.4368520283305183 -0.7863336509949406
vn 0.7071067811865397 0 -0.7071067811865555
vn 0.4368520283305111 0.43685202833052084 -0.7863336509949376
vn 0 0.7071067811865476 -0.7071067811865476
vn -0.43685202833050857 0.4368520283305183 -0.7863336509949406
vn -0.7071067811865397 0 -0.7071067811865555
vn -0.4368520283305111 -0.43685202833052084 -0.7863336509949376
vn 0 -1 0
vn 0.7071067811865345 -0.7071067811865607 0
vn 1 0 0
vn 0.7071067811865345 0.7071067811865607 0
vn 0 1 0
vn -0.7071067811865345 0.7071067811865607 0
vn -1 0 0
vn -0.7071067811865345 -0.7071067811865607 0
vn 0 -0.7071067811865476 0.7071067811865476
vn 0.4368520283305054 -0.4368520283305216 0.7863336509949402
vn 0.7071067811865397 0 0.7071067811865553
vn 0.4368520283305077 0.43685202833052383 0.7863336509949377
vn 0 0.7071067811865476 0.7071067811865476
vn -0.4368520283305054 0.4368520283305216 0.7863336509949402
vn -0.7071067811865397 0 0.7071067811865553
vn -0.4368520283305077 -0.43685202833052383 0.7863336509949377
vn 0 1.2688263138573247e-14 -1
vn 0 1.2688263138573247e-14 1
vn -1.1648241569837506e-14 1.1648241569837765e-14 -1
vn -1.1648241569837506e-14 1.1648241569837765e-14 1
vn -7.894919286223387e-14 0 -1
vn -7.894919286223387e-14 0 1
vn -1.1648241569837438e-14 -1.1648241569837697e-14 -1
vn -1.1648241569837438e-14 -1.1648241569837697e-14 1
vn 0 -1.2688263138573166e-14 -1
vn 0 -1.2688263138573166e-14 1
vn 1.1648241569837421e-14 -1.164824156983768e-14 -1
vn 1.1648241569837421e-14 -1.164824156983768e-14 1
vn 7.894919286223309e-14 0 -1
vn 7.894919286223309e-14 0 1
vn 1.1648241569837489e-14 1.1648241569837748e-14 -1
vn 1.1648241569837489e-14 1.1648241569837748e-14 1
usemtl m_5f7887f5-04a5-82ff-af11-b6747823da52
f 677/2857/789 678/2858/789 686/2859/789 685/2860/789
f 678/2861/790 679/2862/790 687/2863/790 686/2864/790
f 679/2865/791 680/2866/791 688/2867/791 687/2868/791
f 680/2869/792 681/2870/792 689/2871/792 688/2872/792
f 681/2873/793 682/2874/793 690/2875/793 689/2876/793
f 682/2877/794 683/2878/794 691/2879/794 690/2880/794
f 683/2881/795 684/2882/795 692/2883/795 691/2884/795
f 684/2885/796 677/2886/796 685/2887/796 692/2888/796
f 685/2889/797 686/2890/797 694/2891/797 693/2892/797
f 686/2893/798 687/2894/798 695/2895/798 694/2896/798
f 687/2897/799 688/2898/799 696/2899/799 695/2900/799
f 688/2901/800 689/2902/800 697/2903/800 696/2904/800
f 689/2905/801 690/2906/801 698/2907/801 697/2908/801
f 690/2909/802 691/2910/802 699/2911/802 698/2912/802
f 691/2913/803 692/2914/803 700/2915/803 699/2916/803
f 692/2917/804 685/2918/804 693/2919/804 700/2920/804
f 693/2921/805 694/2922/805 702/2923/805 701/2924/805
f 694/2925/806 695/2926/806 703/2927/806 702/2928/806
f 695/2929/807 696/2930/807 704/2931/807 703/2932/807
f 696/2933/808 697/2934/808 705/2935/808 704/2936/808
f 697/2937/809 698/2938/809 706/2939/809 705/2940/809
f 698/2941/810 699/2942/810 707/2943/810 706/2944/810
f 699/2945/811 700/2946/811 708/2947/811 707/2948/811
f 700/2949/812 693/2950/812 701/2951/812 708/2952/812
f 709/2953/813 678/2954/813 677/2955/813
f 710/2956/814 701/2957/814 702/2958/814
f 709/2959/815 679/2960/815 678/2961/815
f 710/2962/816 702/2963/816 703/2964/816
f 709/2965/817 680/2966/817 679/2967/817
f 710/2968/818 703/2969/818 704/2970/818
f 709/2971/819 681/2972/819 680/2973/819
f 710/2974/820 704/2975/820 705/2976/820
f 709/2977/821 682/2978/821 681/2979/821
f 710/2980/822 705/2981/822 706/2982/822
f 709/2983/823 683/2984/823 682/2985/823
f 710/2986/824 706/2987/824 707/2988/824
f 709/2989/825 684/2990/825 683/2991/825
f 710/2992/826 707/2993/826 708/2994/826
f 709/2995/827 677/2996/827 684/2997/827
f 710/2998/828 708/2999/828 701/3000/828
o left_side_vent_2
v 0.035937500000000004 0.344375 0.884375
v 0.0375 0.344375 0.884375
v 0.038125 0.345 0.884375
v 0.038125 0.36125 0.884375
v 0.0375 0.361875 0.884375
v 0.035937500000000004 0.361875 0.884375
v 0.035312500000000004 0.36125 0.884375
v 0.035312500000000004 0.345 0.884375
v 0.035437500000000004 0.34375 0.885
v 0.038 0.34375 0.885
v 0.03875 0.3445 0.885
v 0.03875 0.36175 0.885
v 0.038 0.3625 0.885
v 0.035437500000000004 0.3625 0.885
v 0.0346875 0.36175 0.885
v 0.0346875 0.3445 0.885
v 0.035437500000000004 0.34375 0.943125
v 0.038 0.34375 0.943125
v 0.03875 0.3445 0.943125
v 0.03875 0.36175 0.943125
v 0.038 0.3625 0.943125
v 0.035437500000000004 0.3625 0.943125
v 0.0346875 0.36175 0.943125
v 0.0346875 0.3445 0.943125
v 0.035937500000000004 0.344375 0.94375
v 0.0375 0.344375 0.94375
v 0.038125 0.345 0.94375
v 0.038125 0.36125 0.94375
v 0.0375 0.361875 0.94375
v 0.035937500000000004 0.361875 0.94375
v 0.035312500000000004 0.36125 0.94375
v 0.035312500000000004 0.345 0.94375
v 0.03671875000000001 0.353125 0.8843750000000001
v 0.03671875000000001 0.353125 0.9437499999999999
vt 0.0625 0.9375
vt 0.9375 0.9375
vt 0.9375 0.0625
vt 0.0625 0.0625
vt 0.0625 0.9375
vt 0.9375 0.9375
vt 0.9375 0.0625
vt 0.0625 0.0625
vt 0.0625 0.9375
vt 0.9375 0.9375
vt 0.9375 0.0625
vt 0.0625 0.0625
vt 0.0625 0.9375
vt 0.9375 0.9375
vt 0.9375 0.0625
vt 0.0625 0.0625
vt 0.0625 0.9375
vt 0.9375 0.9375
vt 0.9375 0.0625
vt 0.0625 0.0625
vt 0.0625 0.9375
vt 0.9375 0.9375
vt 0.9375 0.0625
vt 0.0625 0.0625
vt 0.0625 0.9375
vt 0.9375 0.9375
vt 0.9375 0.0625
vt 0.0625 0.0625
vt 0.0625 0.9375
vt 0.9375 0.9375
vt 0.9375 0.0625
vt 0.0625 0.0625
vt 0.0625 0.9375
vt 0.9375 0.9375
vt 0.9375 0.0625
vt 0.0625 0.0625
vt 0.0625 0.9375
vt 0.9375 0.9375
vt 0.9375 0.0625
vt 0.0625 0.0625
vt 0.0625 0.9375
vt 0.9375 0.9375
vt 0.9375 0.0625
vt 0.0625 0.0625
vt 0.0625 0.9375
vt 0.9375 0.9375
vt 0.9375 0.0625
vt 0.0625 0.0625
vt 0.0625 0.9375
vt 0.9375 0.9375
vt 0.9375 0.0625
vt 0.0625 0.0625
vt 0.0625 0.9375
vt 0.9375 0.9375
vt 0.9375 0.0625
vt 0.0625 0.0625
vt 0.0625 0.9375
vt 0.9375 0.9375
vt 0.9375 0.0625
vt 0.0625 0.0625
vt 0.0625 0.9375
vt 0.9375 0.9375
vt 0.9375 0.0625
vt 0.0625 0.0625
vt 0.0625 0.9375
vt 0.9375 0.9375
vt 0.9375 0.0625
vt 0.0625 0.0625
vt 0.0625 0.9375
vt 0.9375 0.9375
vt 0.9375 0.0625
vt 0.0625 0.0625
vt 0.0625 0.9375
vt 0.9375 0.9375
vt 0.9375 0.0625
vt 0.0625 0.0625
vt 0.0625 0.9375
vt 0.9375 0.9375
vt 0.9375 0.0625
vt 0.0625 0.0625
vt 0.0625 0.9375
vt 0.9375 0.9375
vt 0.9375 0.0625
vt 0.0625 0.0625
vt 0.0625 0.9375
vt 0.9375 0.9375
vt 0.9375 0.0625
vt 0.0625 0.0625
vt 0.0625 0.9375
vt 0.9375 0.9375
vt 0.9375 0.0625
vt 0.0625 0.0625
vt 0.0625 0.9375
vt 0.9375 0.9375
vt 0.9375 0.0625
vt 0.0625 0.0625
vt 0.0625 0.9375
vt 0.9375 0.9375
vt 0.9375 0.0625
vt 0.0625 0.9375
vt 0.9375 0.9375
vt 0.9375 0.0625
vt 0.0625 0.9375
vt 0.9375 0.9375
vt 0.9375 0.0625
vt 0.0625 0.9375
vt 0.9375 0.9375
vt 0.9375 0.0625
vt 0.0625 0.9375
vt 0.9375 0.9375
vt 0.9375 0.0625
vt 0.0625 0.9375
vt 0.9375 0.9375
vt 0.9375 0.0625
vt 0.0625 0.9375
vt 0.9375 0.9375
vt 0.9375 0.0625
vt 0.0625 0.9375
vt 0.9375 0.9375
vt 0.9375 0.0625
vt 0.0625 0.9375
vt 0.9375 0.9375
vt 0.9375 0.0625
vt 0.0625 0.9375
vt 0.9375 0.9375
vt 0.9375 0.0625
vt 0.0625 0.9375
vt 0.9375 0.9375
vt 0.9375 0.0625
vt 0.0625 0.9375
vt 0.9375 0.9375
vt 0.9375 0.0625
vt 0.0625 0.9375
vt 0.9375 0.9375
vt 0.9375 0.0625
vt 0.0625 0.9375
vt 0.9375 0.9375
vt 0.9375 0.0625
vt 0.0625 0.9375
vt 0.9375 0.9375
vt 0.9375 0.0625
vt 0.0625 0.9375
vt 0.9375 0.9375
vt 0.9375 0.0625
vn 0 -0.7071067811865476 -0.7071067811865476
vn 0.43685202833050857 -0.4368520283305183 -0.7863336509949406
vn 0.7071067811865397 0 -0.7071067811865555
vn 0.4368520283305111 0.43685202833052084 -0.7863336509949376
vn 0 0.7071067811865476 -0.7071067811865476
vn -0.43685202833050857 0.4368520283305183 -0.7863336509949406
vn -0.7071067811865397 0 -0.7071067811865555
vn -0.4368520283305111 -0.43685202833052084 -0.7863336509949376
vn 0 -1 0
vn 0.7071067811865345 -0.7071067811865607 0
vn 1 0 0
vn 0.7071067811865345 0.7071067811865607 0
vn 0 1 0
vn -0.7071067811865345 0.7071067811865607 0
vn -1 0 0
vn -0.7071067811865345 -0.7071067811865607 0
vn 0 -0.7071067811865476 0.7071067811865476
vn 0.4368520283305054 -0.4368520283305216 0.7863336509949402
vn 0.7071067811865397 0 0.7071067811865553
vn 0.4368520283305077 0.43685202833052383 0.7863336509949377
vn 0 0.7071067811865476 0.7071067811865476
vn -0.4368520283305054 0.4368520283305216 0.7863336509949402
vn -0.7071067811865397 0 0.7071067811865553
vn -0.4368520283305077 -0.43685202833052383 0.7863336509949377
vn 0 1.2688263138573166e-14 -1
vn 0 1.2688263138573166e-14 1
vn -1.1648241569837438e-14 1.1648241569837697e-14 -1
vn -1.1648241569837438e-14 1.1648241569837697e-14 1
vn -7.894919286223387e-14 0 -1
vn -7.894919286223387e-14 0 1
vn -1.1648241569837506e-14 -1.1648241569837765e-14 -1
vn -1.1648241569837506e-14 -1.1648241569837765e-14 1
vn 0 -1.2688263138573247e-14 -1
vn 0 -1.2688263138573247e-14 1
vn 1.1648241569837489e-14 -1.1648241569837748e-14 -1
vn 1.1648241569837489e-14 -1.1648241569837748e-14 1
vn 7.894919286223309e-14 0 -1
vn 7.894919286223309e-14 0 1
vn 1.1648241569837421e-14 1.164824156983768e-14 -1
vn 1.1648241569837421e-14 1.164824156983768e-14 1
usemtl m_5f7887f5-04a5-82ff-af11-b6747823da52
f 711/3001/829 712/3002/829 720/3003/829 719/3004/829
f 712/3005/830 713/3006/830 721/3007/830 720/3008/830
f 713/3009/831 714/3010/831 722/3011/831 721/3012/831
f 714/3013/832 715/3014/832 723/3015/832 722/3016/832
f 715/3017/833 716/3018/833 724/3019/833 723/3020/833
f 716/3021/834 717/3022/834 725/3023/834 724/3024/834
f 717/3025/835 718/3026/835 726/3027/835 725/3028/835
f 718/3029/836 711/3030/836 719/3031/836 726/3032/836
f 719/3033/837 720/3034/837 728/3035/837 727/3036/837
f 720/3037/838 721/3038/838 729/3039/838 728/3040/838
f 721/3041/839 722/3042/839 730/3043/839 729/3044/839
f 722/3045/840 723/3046/840 731/3047/840 730/3048/840
f 723/3049/841 724/3050/841 732/3051/841 731/3052/841
f 724/3053/842 725/3054/842 733/3055/842 732/3056/842
f 725/3057/843 726/3058/843 734/3059/843 733/3060/843
f 726/3061/844 719/3062/844 727/3063/844 734/3064/844
f 727/3065/845 728/3066/845 736/3067/845 735/3068/845
f 728/3069/846 729/3070/846 737/3071/846 736/3072/846
f 729/3073/847 730/3074/847 738/3075/847 737/3076/847
f 730/3077/848 731/3078/848 739/3079/848 738/3080/848
f 731/3081/849 732/3082/849 740/3083/849 739/3084/849
f 732/3085/850 733/3086/850 741/3087/850 740/3088/850
f 733/3089/851 734/3090/851 742/3091/851 741/3092/851
f 734/3093/852 727/3094/852 735/3095/852 742/3096/852
f 743/3097/853 712/3098/853 711/3099/853
f 744/3100/854 735/3101/854 736/3102/854
f 743/3103/855 713/3104/855 712/3105/855
f 744/3106/856 736/3107/856 737/3108/856
f 743/3109/857 714/3110/857 713/3111/857
f 744/3112/858 737/3113/858 738/3114/858
f 743/3115/859 715/3116/859 714/3117/859
f 744/3118/860 738/3119/860 739/3120/860
f 743/3121/861 716/3122/861 715/3123/861
f 744/3124/862 739/3125/862 740/3126/862
f 743/3127/863 717/3128/863 716/3129/863
f 744/3130/864 740/3131/864 741/3132/864
f 743/3133/865 718/3134/865 717/3135/865
f 744/3136/866 741/3137/866 742/3138/866
f 743/3139/867 711/3140/867 718/3141/867
f 744/3142/868 742/3143/868 735/3144/868
o left_side_vent_3
v 0.035937500000000004 0.39437500000000003 0.884375
v 0.0375 0.39437500000000003 0.884375
v 0.038125 0.395 0.884375
v 0.038125 0.41125 0.884375
v 0.0375 0.411875 0.884375
v 0.035937500000000004 0.411875 0.884375
v 0.035312500000000004 0.41125 0.884375
v 0.035312500000000004 0.395 0.884375
v 0.035437500000000004 0.39375000000000004 0.885
v 0.038 0.39375000000000004 0.885
v 0.03875 0.3945 0.885
v 0.03875 0.41175 0.885
v 0.038 0.4125 0.885
v 0.035437500000000004 0.4125 0.885
v 0.0346875 0.41175 0.885
v 0.0346875 0.3945 0.885
v 0.035437500000000004 0.39375000000000004 0.943125
v 0.038 0.39375000000000004 0.943125
v 0.03875 0.3945 0.943125
v 0.03875 0.41175 0.943125
v 0.038 0.4125 0.943125
v 0.035437500000000004 0.4125 0.943125
v 0.0346875 0.41175 0.943125
v 0.0346875 0.3945 0.943125
v 0.035937500000000004 0.39437500000000003 0.94375
v 0.0375 0.39437500000000003 0.94375
v 0.038125 0.395 0.94375
v 0.038125 0.41125 0.94375
v 0.0375 0.411875 0.94375
v 0.035937500000000004 0.411875 0.94375
v 0.035312500000000004 0.41125 0.94375
v 0.035312500000000004 0.395 0.94375
v 0.03671875000000001 0.403125 0.8843750000000001
v 0.03671875000000001 0.403125 0.9437499999999999
vt 0.0625 0.9375
vt 0.9375 0.9375
vt 0.9375 0.0625
vt 0.0625 0.0625
vt 0.0625 0.9375
vt 0.9375 0.9375
vt 0.9375 0.0625
vt 0.0625 0.0625
vt 0.0625 0.9375
vt 0.9375 0.9375
vt 0.9375 0.0625
vt 0.0625 0.0625
vt 0.0625 0.9375
vt 0.9375 0.9375
vt 0.9375 0.0625
vt 0.0625 0.0625
vt 0.0625 0.9375
vt 0.9375 0.9375
vt 0.9375 0.0625
vt 0.0625 0.0625
vt 0.0625 0.9375
vt 0.9375 0.9375
vt 0.9375 0.0625
vt 0.0625 0.0625
vt 0.0625 0.9375
vt 0.9375 0.9375
vt 0.9375 0.0625
vt 0.0625 0.0625
vt 0.0625 0.9375
vt 0.9375 0.9375
vt 0.9375 0.0625
vt 0.0625 0.0625
vt 0.0625 0.9375
vt 0.9375 0.9375
vt 0.9375 0.0625
vt 0.0625 0.0625
vt 0.0625 0.9375
vt 0.9375 0.9375
vt 0.9375 0.0625
vt 0.0625 0.0625
vt 0.0625 0.9375
vt 0.9375 0.9375
vt 0.9375 0.0625
vt 0.0625 0.0625
vt 0.0625 0.9375
vt 0.9375 0.9375
vt 0.9375 0.0625
vt 0.0625 0.0625
vt 0.0625 0.9375
vt 0.9375 0.9375
vt 0.9375 0.0625
vt 0.0625 0.0625
vt 0.0625 0.9375
vt 0.9375 0.9375
vt 0.9375 0.0625
vt 0.0625 0.0625
vt 0.0625 0.9375
vt 0.9375 0.9375
vt 0.9375 0.0625
vt 0.0625 0.0625
vt 0.0625 0.9375
vt 0.9375 0.9375
vt 0.9375 0.0625
vt 0.0625 0.0625
vt 0.0625 0.9375
vt 0.9375 0.9375
vt 0.9375 0.0625
vt 0.0625 0.0625
vt 0.0625 0.9375
vt 0.9375 0.9375
vt 0.9375 0.0625
vt 0.0625 0.0625
vt 0.0625 0.9375
vt 0.9375 0.9375
vt 0.9375 0.0625
vt 0.0625 0.0625
vt 0.0625 0.9375
vt 0.9375 0.9375
vt 0.9375 0.0625
vt 0.0625 0.0625
vt 0.0625 0.9375
vt 0.9375 0.9375
vt 0.9375 0.0625
vt 0.0625 0.0625
vt 0.0625 0.9375
vt 0.9375 0.9375
vt 0.9375 0.0625
vt 0.0625 0.0625
vt 0.0625 0.9375
vt 0.9375 0.9375
vt 0.9375 0.0625
vt 0.0625 0.0625
vt 0.0625 0.9375
vt 0.9375 0.9375
vt 0.9375 0.0625
vt 0.0625 0.0625
vt 0.0625 0.9375
vt 0.9375 0.9375
vt 0.9375 0.0625
vt 0.0625 0.9375
vt 0.9375 0.9375
vt 0.9375 0.0625
vt 0.0625 0.9375
vt 0.9375 0.9375
vt 0.9375 0.0625
vt 0.0625 0.9375
vt 0.9375 0.9375
vt 0.9375 0.0625
vt 0.0625 0.9375
vt 0.9375 0.9375
vt 0.9375 0.0625
vt 0.0625 0.9375
vt 0.9375 0.9375
vt 0.9375 0.0625
vt 0.0625 0.9375
vt 0.9375 0.9375
vt 0.9375 0.0625
vt 0.0625 0.9375
vt 0.9375 0.9375
vt 0.9375 0.0625
vt 0.0625 0.9375
vt 0.9375 0.9375
vt 0.9375 0.0625
vt 0.0625 0.9375
vt 0.9375 0.9375
vt 0.9375 0.0625
vt 0.0625 0.9375
vt 0.9375 0.9375
vt 0.9375 0.0625
vt 0.0625 0.9375
vt 0.9375 0.9375
vt 0.9375 0.0625
vt 0.0625 0.9375
vt 0.9375 0.9375
vt 0.9375 0.0625
vt 0.0625 0.9375
vt 0.9375 0.9375
vt 0.9375 0.0625
vt 0.0625 0.9375
vt 0.9375 0.9375
vt 0.9375 0.0625
vt 0.0625 0.9375
vt 0.9375 0.9375
vt 0.9375 0.0625
vn 0 -0.7071067811865476 -0.7071067811865476
vn 0.43685202833050857 -0.4368520283305183 -0.7863336509949406
vn 0.7071067811865397 0 -0.7071067811865555
vn 0.4368520283305111 0.43685202833052084 -0.7863336509949376
vn 0 0.7071067811865476 -0.7071067811865476
vn -0.43685202833050857 0.4368520283305183 -0.7863336509949406
vn -0.7071067811865397 0 -0.7071067811865555
vn -0.4368520283305111 -0.43685202833052084 -0.7863336509949376
vn 0 -1 0
vn 0.7071067811865345 -0.7071067811865607 0
vn 1 0 0
vn 0.7071067811865345 0.7071067811865607 0
vn 0 1 0
vn -0.7071067811865345 0.7071067811865607 0
vn -1 0 0
vn -0.7071067811865345 -0.7071067811865607 0
vn 0 -0.7071067811865476 0.7071067811865476
vn 0.4368520283305054 -0.4368520283305216 0.7863336509949402
vn 0.7071067811865397 0 0.7071067811865553
vn 0.4368520283305077 0.43685202833052383 0.7863336509949377
vn 0 0.7071067811865476 0.7071067811865476
vn -0.4368520283305054 0.4368520283305216 0.7863336509949402
vn -0.7071067811865397 0 0.7071067811865553
vn -0.4368520283305077 -0.43685202833052383 0.7863336509949377
vn 0 1.2688263138573247e-14 -1
vn 0 1.2688263138573247e-14 1
vn -1.1648241569837506e-14 1.1648241569837765e-14 -1
vn -1.1648241569837506e-14 1.1648241569837765e-14 1
vn -7.894919286223387e-14 0 -1
vn -7.894919286223387e-14 0 1
vn -1.1648241569837506e-14 -1.1648241569837765e-14 -1
vn -1.1648241569837506e-14 -1.1648241569837765e-14 1
vn 0 -1.2688263138573247e-14 -1
vn 0 -1.2688263138573247e-14 1
vn 1.1648241569837489e-14 -1.1648241569837748e-14 -1
vn 1.1648241569837489e-14 -1.1648241569837748e-14 1
vn 7.894919286223309e-14 0 -1
vn 7.894919286223309e-14 0 1
vn 1.1648241569837489e-14 1.1648241569837748e-14 -1
vn 1.1648241569837489e-14 1.1648241569837748e-14 1
usemtl m_5f7887f5-04a5-82ff-af11-b6747823da52
f 745/3145/869 746/3146/869 754/3147/869 753/3148/869
f 746/3149/870 747/3150/870 755/3151/870 754/3152/870
f 747/3153/871 748/3154/871 756/3155/871 755/3156/871
f 748/3157/872 749/3158/872 757/3159/872 756/3160/872
f 749/3161/873 750/3162/873 758/3163/873 757/3164/873
f 750/3165/874 751/3166/874 759/3167/874 758/3168/874
f 751/3169/875 752/3170/875 760/3171/875 759/3172/875
f 752/3173/876 745/3174/876 753/3175/876 760/3176/876
f 753/3177/877 754/3178/877 762/3179/877 761/3180/877
f 754/3181/878 755/3182/878 763/3183/878 762/3184/878
f 755/3185/879 756/3186/879 764/3187/879 763/3188/879
f 756/3189/880 757/3190/880 765/3191/880 764/3192/880
f 757/3193/881 758/3194/881 766/3195/881 765/3196/881
f 758/3197/882 759/3198/882 767/3199/882 766/3200/882
f 759/3201/883 760/3202/883 768/3203/883 767/3204/883
f 760/3205/884 753/3206/884 761/3207/884 768/3208/884
f 761/3209/885 762/3210/885 770/3211/885 769/3212/885
f 762/3213/886 763/3214/886 771/3215/886 770/3216/886
f 763/3217/887 764/3218/887 772/3219/887 771/3220/887
f 764/3221/888 765/3222/888 773/3223/888 772/3224/888
f 765/3225/889 766/3226/889 774/3227/889 773/3228/889
f 766/3229/890 767/3230/890 775/3231/890 774/3232/890
f 767/3233/891 768/3234/891 776/3235/891 775/3236/891
f 768/3237/892 761/3238/892 769/3239/892 776/3240/892
f 777/3241/893 746/3242/893 745/3243/893
f 778/3244/894 769/3245/894 770/3246/894
f 777/3247/895 747/3248/895 746/3249/895
f 778/3250/896 770/3251/896 771/3252/896
f 777/3253/897 748/3254/897 747/3255/897
f 778/3256/898 771/3257/898 772/3258/898
f 777/3259/899 749/3260/899 748/3261/899
f 778/3262/900 772/3263/900 773/3264/900
f 777/3265/901 750/3266/901 749/3267/901
f 778/3268/902 773/3269/902 774/3270/902
f 777/3271/903 751/3272/903 750/3273/903
f 778/3274/904 774/3275/904 775/3276/904
f 777/3277/905 752/3278/905 751/3279/905
f 778/3280/906 775/3281/906 776/3282/906
f 777/3283/907 745/3284/907 752/3285/907
f 778/3286/908 776/3287/908 769/3288/908
o right_side_vent_1
v 0.9625 0.294375 0.884375
v 0.9640625 0.294375 0.884375
v 0.9646875 0.295 0.884375
v 0.9646875 0.31125 0.884375
v 0.9640625 0.311875 0.884375
v 0.9625 0.311875 0.884375
v 0.961875 0.31125 0.884375
v 0.961875 0.295 0.884375
v 0.9620000000000001 0.29375 0.885
v 0.9645625 0.29375 0.885
v 0.9653125 0.2945 0.885
v 0.9653125 0.31175 0.885
v 0.9645625 0.3125 0.885
v 0.9620000000000001 0.3125 0.885
v 0.96125 0.31175 0.885
v 0.96125 0.2945 0.885
v 0.9620000000000001 0.29375 0.943125
v 0.9645625 0.29375 0.943125
v 0.9653125 0.2945 0.943125
v 0.9653125 0.31175 0.943125
v 0.9645625 0.3125 0.943125
v 0.9620000000000001 0.3125 0.943125
v 0.96125 0.31175 0.943125
v 0.96125 0.2945 0.943125
v 0.9625 0.294375 0.94375
v 0.9640625 0.294375 0.94375
v 0.9646875 0.295 0.94375
v 0.9646875 0.31125 0.94375
v 0.9640625 0.311875 0.94375
v 0.9625 0.311875 0.94375
v 0.961875 0.31125 0.94375
v 0.961875 0.295 0.94375
v 0.9632812500000001 0.303125 0.8843750000000001
v 0.9632812500000001 0.303125 0.9437499999999999
vt 0.0625 0.9375
vt 0.9375 0.9375
vt 0.9375 0.0625
vt 0.0625 0.0625
vt 0.0625 0.9375
vt 0.9375 0.9375
vt 0.9375 0.0625
vt 0.0625 0.0625
vt 0.0625 0.9375
vt 0.9375 0.9375
vt 0.9375 0.0625
vt 0.0625 0.0625
vt 0.0625 0.9375
vt 0.9375 0.9375
vt 0.9375 0.0625
vt 0.0625 0.0625
vt 0.0625 0.9375
vt 0.9375 0.9375
vt 0.9375 0.0625
vt 0.0625 0.0625
vt 0.0625 0.9375
vt 0.9375 0.9375
vt 0.9375 0.0625
vt 0.0625 0.0625
vt 0.0625 0.9375
vt 0.9375 0.9375
vt 0.9375 0.0625
vt 0.0625 0.0625
vt 0.0625 0.9375
vt 0.9375 0.9375
vt 0.9375 0.0625
vt 0.0625 0.0625
vt 0.0625 0.9375
vt 0.9375 0.9375
vt 0.9375 0.0625
vt 0.0625 0.0625
vt 0.0625 0.9375
vt 0.9375 0.9375
vt 0.9375 0.0625
vt 0.0625 0.0625
vt 0.0625 0.9375
vt 0.9375 0.9375
vt 0.9375 0.0625
vt 0.0625 0.0625
vt 0.0625 0.9375
vt 0.9375 0.9375
vt 0.9375 0.0625
vt 0.0625 0.0625
vt 0.0625 0.9375
vt 0.9375 0.9375
vt 0.9375 0.0625
vt 0.0625 0.0625
vt 0.0625 0.9375
vt 0.9375 0.9375
vt 0.9375 0.0625
vt 0.0625 0.0625
vt 0.0625 0.9375
vt 0.9375 0.9375
vt 0.9375 0.0625
vt 0.0625 0.0625
vt 0.0625 0.9375
vt 0.9375 0.9375
vt 0.9375 0.0625
vt 0.0625 0.0625
vt 0.0625 0.9375
vt 0.9375 0.9375
vt 0.9375 0.0625
vt 0.0625 0.0625
vt 0.0625 0.9375
vt 0.9375 0.9375
vt 0.9375 0.0625
vt 0.0625 0.0625
vt 0.0625 0.9375
vt 0.9375 0.9375
vt 0.9375 0.0625
vt 0.0625 0.0625
vt 0.0625 0.9375
vt 0.9375 0.9375
vt 0.9375 0.0625
vt 0.0625 0.0625
vt 0.0625 0.9375
vt 0.9375 0.9375
vt 0.9375 0.0625
vt 0.0625 0.0625
vt 0.0625 0.9375
vt 0.9375 0.9375
vt 0.9375 0.0625
vt 0.0625 0.0625
vt 0.0625 0.9375
vt 0.9375 0.9375
vt 0.9375 0.0625
vt 0.0625 0.0625
vt 0.0625 0.9375
vt 0.9375 0.9375
vt 0.9375 0.0625
vt 0.0625 0.0625
vt 0.0625 0.9375
vt 0.9375 0.9375
vt 0.9375 0.0625
vt 0.0625 0.9375
vt 0.9375 0.9375
vt 0.9375 0.0625
vt 0.0625 0.9375
vt 0.9375 0.9375
vt 0.9375 0.0625
vt 0.0625 0.9375
vt 0.9375 0.9375
vt 0.9375 0.0625
vt 0.0625 0.9375
vt 0.9375 0.9375
vt 0.9375 0.0625
vt 0.0625 0.9375
vt 0.9375 0.9375
vt 0.9375 0.0625
vt 0.0625 0.9375
vt 0.9375 0.9375
vt 0.9375 0.0625
vt 0.0625 0.9375
vt 0.9375 0.9375
vt 0.9375 0.0625
vt 0.0625 0.9375
vt 0.9375 0.9375
vt 0.9375 0.0625
vt 0.0625 0.9375
vt 0.9375 0.9375
vt 0.9375 0.0625
vt 0.0625 0.9375
vt 0.9375 0.9375
vt 0.9375 0.0625
vt 0.0625 0.9375
vt 0.9375 0.9375
vt 0.9375 0.0625
vt 0.0625 0.9375
vt 0.9375 0.9375
vt 0.9375 0.0625
vt 0.0625 0.9375
vt 0.9375 0.9375
vt 0.9375 0.0625
vt 0.0625 0.9375
vt 0.9375 0.9375
vt 0.9375 0.0625
vt 0.0625 0.9375
vt 0.9375 0.9375
vt 0.9375 0.0625
vn 0 -0.7071067811865476 -0.7071067811865476
vn 0.43685202833051634 -0.43685202833051634 -0.7863336509949371
vn 0.7071067811865476 0 -0.7071067811865476
vn 0.43685202833052966 0.43685202833052966 -0.7863336509949224
vn 0 0.7071067811865476 -0.7071067811865476
vn -0.43685202833051634 0.43685202833051634 -0.7863336509949371
vn -0.7071067811865476 0 -0.7071067811865476
vn -0.43685202833052966 -0.43685202833052966 -0.7863336509949224
vn 0 -1 0
vn 0.7071067811865215 -0.7071067811865738 0
vn 1 0 0
vn 0.7071067811865215 0.7071067811865738 0
vn 0 1 0
vn -0.7071067811865215 0.7071067811865738 0
vn -1 0 0
vn -0.7071067811865215 -0.7071067811865738 0
vn 0 -0.7071067811865476 0.7071067811865476
vn 0.4368520283305012 -0.43685202833053355 0.7863336509949359
vn 0.7071067811865476 0 0.7071067811865476
vn 0.4368520283305124 0.43685202833054476 0.7863336509949237
vn 0 0.7071067811865476 0.7071067811865476
vn -0.4368520283305012 0.43685202833053355 0.7863336509949359
vn -0.7071067811865476 0 0.7071067811865476
vn -0.4368520283305124 -0.43685202833054476 0.7863336509949237
vn 0 1.2688263138573245e-14 -1
vn 0 1.2688263138573245e-14 1
vn -1.1648241569837787e-14 1.1648241569837787e-14 -1
vn -1.1648241569837787e-14 1.1648241569837787e-14 1
vn -7.89491928622366e-14 0 -1
vn -7.89491928622366e-14 0 1
vn -1.164824156983772e-14 -1.164824156983772e-14 -1
vn -1.164824156983772e-14 -1.164824156983772e-14 1
vn 0 -1.2688263138573166e-14 -1
vn 0 -1.2688263138573166e-14 1
vn 1.1648241569837582e-14 -1.1648241569837582e-14 -1
vn 1.1648241569837582e-14 -1.1648241569837582e-14 1
vn 7.894919286223036e-14 0 -1
vn 7.894919286223036e-14 0 1
vn 1.164824156983765e-14 1.164824156983765e-14 -1
vn 1.164824156983765e-14 1.164824156983765e-14 1
usemtl m_5f7887f5-04a5-82ff-af11-b6747823da52
f 779/3289/909 780/3290/909 788/3291/909 787/3292/909
f 780/3293/910 781/3294/910 789/3295/910 788/3296/910
f 781/3297/911 782/3298/911 790/3299/911 789/3300/911
f 782/3301/912 783/3302/912 791/3303/912 790/3304/912
f 783/3305/913 784/3306/913 792/3307/913 791/3308/913
f 784/3309/914 785/3310/914 793/3311/914 792/3312/914
f 785/3313/915 786/3314/915 794/3315/915 793/3316/915
f 786/3317/916 779/3318/916 787/3319/916 794/3320/916
f 787/3321/917 788/3322/917 796/3323/917 795/3324/917
f 788/3325/918 789/3326/918 797/3327/918 796/3328/918
f 789/3329/919 790/3330/919 798/3331/919 797/3332/919
f 790/3333/920 791/3334/920 799/3335/920 798/3336/920
f 791/3337/921 792/3338/921 800/3339/921 799/3340/921
f 792/3341/922 793/3342/922 801/3343/922 800/3344/922
f 793/3345/923 794/3346/923 802/3347/923 801/3348/923
f 794/3349/924 787/3350/924 795/3351/924 802/3352/924
f 795/3353/925 796/3354/925 804/3355/925 803/3356/925
f 796/3357/926 797/3358/926 805/3359/926 804/3360/926
f 797/3361/927 798/3362/927 806/3363/927 805/3364/927
f 798/3365/928 799/3366/928 807/3367/928 806/3368/928
f 799/3369/929 800/3370/929 808/3371/929 807/3372/929
f 800/3373/930 801/3374/930 809/3375/930 808/3376/930
f 801/3377/931 802/3378/931 810/3379/931 809/3380/931
f 802/3381/932 795/3382/932 803/3383/932 810/3384/932
f 811/3385/933 780/3386/933 779/3387/933
f 812/3388/934 803/3389/934 804/3390/934
f 811/3391/935 781/3392/935 780/3393/935
f 812/3394/936 804/3395/936 805/3396/936
f 811/3397/937 782/3398/937 781/3399/937
f 812/3400/938 805/3401/938 806/3402/938
f 811/3403/939 783/3404/939 782/3405/939
f 812/3406/940 806/3407/940 807/3408/940
f 811/3409/941 784/3410/941 783/3411/941
f 812/3412/942 807/3413/942 808/3414/942
f 811/3415/943 785/3416/943 784/3417/943
f 812/3418/944 808/3419/944 809/3420/944
f 811/3421/945 786/3422/945 785/3423/945
f 812/3424/946 809/3425/946 810/3426/946
f 811/3427/947 779/3428/947 786/3429/947
f 812/3430/948 810/3431/948 803/3432/948
o right_side_vent_2
v 0.9625 0.344375 0.884375
v 0.9640625 0.344375 0.884375
v 0.9646875 0.345 0.884375
v 0.9646875 0.36125 0.884375
v 0.9640625 0.361875 0.884375
v 0.9625 0.361875 0.884375
v 0.961875 0.36125 0.884375
v 0.961875 0.345 0.884375
v 0.9620000000000001 0.34375 0.885
v 0.9645625 0.34375 0.885
v 0.9653125 0.3445 0.885
v 0.9653125 0.36175 0.885
v 0.9645625 0.3625 0.885
v 0.9620000000000001 0.3625 0.885
v 0.96125 0.36175 0.885
v 0.96125 0.3445 0.885
v 0.9620000000000001 0.34375 0.943125
v 0.9645625 0.34375 0.943125
v 0.9653125 0.3445 0.943125
v 0.9653125 0.36175 0.943125
v 0.9645625 0.3625 0.943125
v 0.9620000000000001 0.3625 0.943125
v 0.96125 0.36175 0.943125
v 0.96125 0.3445 0.943125
v 0.9625 0.344375 0.94375
v 0.9640625 0.344375 0.94375
v 0.9646875 0.345 0.94375
v 0.9646875 0.36125 0.94375
v 0.9640625 0.361875 0.94375
v 0.9625 0.361875 0.94375
v 0.961875 0.36125 0.94375
v 0.961875 0.345 0.94375
v 0.9632812500000001 0.353125 0.8843750000000001
v 0.9632812500000001 0.353125 0.9437499999999999
vt 0.0625 0.9375
vt 0.9375 0.9375
vt 0.9375 0.0625
vt 0.0625 0.0625
vt 0.0625 0.9375
vt 0.9375 0.9375
vt 0.9375 0.0625
vt 0.0625 0.0625
vt 0.0625 0.9375
vt 0.9375 0.9375
vt 0.9375 0.0625
vt 0.0625 0.0625
vt 0.0625 0.9375
vt 0.9375 0.9375
vt 0.9375 0.0625
vt 0.0625 0.0625
vt 0.0625 0.9375
vt 0.9375 0.9375
vt 0.9375 0.0625
vt 0.0625 0.0625
vt 0.0625 0.9375
vt 0.9375 0.9375
vt 0.9375 0.0625
vt 0.0625 0.0625
vt 0.0625 0.9375
vt 0.9375 0.9375
vt 0.9375 0.0625
vt 0.0625 0.0625
vt 0.0625 0.9375
vt 0.9375 0.9375
vt 0.9375 0.0625
vt 0.0625 0.0625
vt 0.0625 0.9375
vt 0.9375 0.9375
vt 0.9375 0.0625
vt 0.0625 0.0625
vt 0.0625 0.9375
vt 0.9375 0.9375
vt 0.9375 0.0625
vt 0.0625 0.0625
vt 0.0625 0.9375
vt 0.9375 0.9375
vt 0.9375 0.0625
vt 0.0625 0.0625
vt 0.0625 0.9375
vt 0.9375 0.9375
vt 0.9375 0.0625
vt 0.0625 0.0625
vt 0.0625 0.9375
vt 0.9375 0.9375
vt 0.9375 0.0625
vt 0.0625 0.0625
vt 0.0625 0.9375
vt 0.9375 0.9375
vt 0.9375 0.0625
vt 0.0625 0.0625
vt 0.0625 0.9375
vt 0.9375 0.9375
vt 0.9375 0.0625
vt 0.0625 0.0625
vt 0.0625 0.9375
vt 0.9375 0.9375
vt 0.9375 0.0625
vt 0.0625 0.0625
vt 0.0625 0.9375
vt 0.9375 0.9375
vt 0.9375 0.0625
vt 0.0625 0.0625
vt 0.0625 0.9375
vt 0.9375 0.9375
vt 0.9375 0.0625
vt 0.0625 0.0625
vt 0.0625 0.9375
vt 0.9375 0.9375
vt 0.9375 0.0625
vt 0.0625 0.0625
vt 0.0625 0.9375
vt 0.9375 0.9375
vt 0.9375 0.0625
vt 0.0625 0.0625
vt 0.0625 0.9375
vt 0.9375 0.9375
vt 0.9375 0.0625
vt 0.0625 0.0625
vt 0.0625 0.9375
vt 0.9375 0.9375
vt 0.9375 0.0625
vt 0.0625 0.0625
vt 0.0625 0.9375
vt 0.9375 0.9375
vt 0.9375 0.0625
vt 0.0625 0.0625
vt 0.0625 0.9375
vt 0.9375 0.9375
vt 0.9375 0.0625
vt 0.0625 0.0625
vt 0.0625 0.9375
vt 0.9375 0.9375
vt 0.9375 0.0625
vt 0.0625 0.9375
vt 0.9375 0.9375
vt 0.9375 0.0625
vt 0.0625 0.9375
vt 0.9375 0.9375
vt 0.9375 0.0625
vt 0.0625 0.9375
vt 0.9375 0.9375
vt 0.9375 0.0625
vt 0.0625 0.9375
vt 0.9375 0.9375
vt 0.9375 0.0625
vt 0.0625 0.9375
vt 0.9375 0.9375
vt 0.9375 0.0625
vt 0.0625 0.9375
vt 0.9375 0.9375
vt 0.9375 0.0625
vt 0.0625 0.9375
vt 0.9375 0.9375
vt 0.9375 0.0625
vt 0.0625 0.9375
vt 0.9375 0.9375
vt 0.9375 0.0625
vt 0.0625 0.9375
vt 0.9375 0.9375
vt 0.9375 0.0625
vt 0.0625 0.9375
vt 0.9375 0.9375
vt 0.9375 0.0625
vt 0.0625 0.9375
vt 0.9375 0.9375
vt 0.9375 0.0625
vt 0.0625 0.9375
vt 0.9375 0.9375
vt 0.9375 0.0625
vt 0.0625 0.9375
vt 0.9375 0.9375
vt 0.9375 0.0625
vt 0.0625 0.9375
vt 0.9375 0.9375
vt 0.9375 0.0625
vt 0.0625 0.9375
vt 0.9375 0.9375
vt 0.9375 0.0625
vn 0 -0.7071067811865476 -0.7071067811865476
vn 0.43685202833051634 -0.43685202833051634 -0.7863336509949371
vn 0.7071067811865476 0 -0.7071067811865476
vn 0.43685202833052966 0.43685202833052966 -0.7863336509949224
vn 0 0.7071067811865476 -0.7071067811865476
vn -0.43685202833051634 0.43685202833051634 -0.7863336509949371
vn -0.7071067811865476 0 -0.7071067811865476
vn -0.43685202833052966 -0.43685202833052966 -0.7863336509949224
vn 0 -1 0
vn 0.7071067811865215 -0.7071067811865738 0
vn 1 0 0
vn 0.7071067811865215 0.7071067811865738 0
vn 0 1 0
vn -0.7071067811865215 0.7071067811865738 0
vn -1 0 0
vn -0.7071067811865215 -0.7071067811865738 0
vn 0 -0.7071067811865476 0.7071067811865476
vn 0.4368520283305012 -0.43685202833053355 0.7863336509949359
vn 0.7071067811865476 0 0.7071067811865476
vn 0.4368520283305124 0.43685202833054476 0.7863336509949237
vn 0 0.7071067811865476 0.7071067811865476
vn -0.4368520283305012 0.43685202833053355 0.7863336509949359
vn -0.7071067811865476 0 0.7071067811865476
vn -0.4368520283305124 -0.43685202833054476 0.7863336509949237
vn 0 1.2688263138573166e-14 -1
vn 0 1.2688263138573166e-14 1
vn -1.164824156983772e-14 1.164824156983772e-14 -1
vn -1.164824156983772e-14 1.164824156983772e-14 1
vn -7.89491928622366e-14 0 -1
vn -7.89491928622366e-14 0 1
vn -1.1648241569837787e-14 -1.1648241569837787e-14 -1
vn -1.1648241569837787e-14 -1.1648241569837787e-14 1
vn 0 -1.2688263138573245e-14 -1
vn 0 -1.2688263138573245e-14 1
vn 1.164824156983765e-14 -1.164824156983765e-14 -1
vn 1.164824156983765e-14 -1.164824156983765e-14 1
vn 7.894919286223036e-14 0 -1
vn 7.894919286223036e-14 0 1
vn 1.1648241569837582e-14 1.1648241569837582e-14 -1
vn 1.1648241569837582e-14 1.1648241569837582e-14 1
usemtl m_5f7887f5-04a5-82ff-af11-b6747823da52
f 813/3433/949 814/3434/949 822/3435/949 821/3436/949
f 814/3437/950 815/3438/950 823/3439/950 822/3440/950
f 815/3441/951 816/3442/951 824/3443/951 823/3444/951
f 816/3445/952 817/3446/952 825/3447/952 824/3448/952
f 817/3449/953 818/3450/953 826/3451/953 825/3452/953
f 818/3453/954 819/3454/954 827/3455/954 826/3456/954
f 819/3457/955 820/3458/955 828/3459/955 827/3460/955
f 820/3461/956 813/3462/956 821/3463/956 828/3464/956
f 821/3465/957 822/3466/957 830/3467/957 829/3468/957
f 822/3469/958 823/3470/958 831/3471/958 830/3472/958
f 823/3473/959 824/3474/959 832/3475/959 831/3476/959
f 824/3477/960 825/3478/960 833/3479/960 832/3480/960
f 825/3481/961 826/3482/961 834/3483/961 833/3484/961
f 826/3485/962 827/3486/962 835/3487/962 834/3488/962
f 827/3489/963 828/3490/963 836/3491/963 835/3492/963
f 828/3493/964 821/3494/964 829/3495/964 836/3496/964
f 829/3497/965 830/3498/965 838/3499/965 837/3500/965
f 830/3501/966 831/3502/966 839/3503/966 838/3504/966
f 831/3505/967 832/3506/967 840/3507/967 839/3508/967
f 832/3509/968 833/3510/968 841/3511/968 840/3512/968
f 833/3513/969 834/3514/969 842/3515/969 841/3516/969
f 834/3517/970 835/3518/970 843/3519/970 842/3520/970
f 835/3521/971 836/3522/971 844/3523/971 843/3524/971
f 836/3525/972 829/3526/972 837/3527/972 844/3528/972
f 845/3529/973 814/3530/973 813/3531/973
f 846/3532/974 837/3533/974 838/3534/974
f 845/3535/975 815/3536/975 814/3537/975
f 846/3538/976 838/3539/976 839/3540/976
f 845/3541/977 816/3542/977 815/3543/977
f 846/3544/978 839/3545/978 840/3546/978
f 845/3547/979 817/3548/979 816/3549/979
f 846/3550/980 840/3551/980 841/3552/980
f 845/3553/981 818/3554/981 817/3555/981
f 846/3556/982 841/3557/982 842/3558/982
f 845/3559/983 819/3560/983 818/3561/983
f 846/3562/984 842/3563/984 843/3564/984
f 845/3565/985 820/3566/985 819/3567/985
f 846/3568/986 843/3569/986 844/3570/986
f 845/3571/987 813/3572/987 820/3573/987
f 846/3574/988 844/3575/988 837/3576/988
o right_side_vent_3
v 0.9625 0.39437500000000003 0.884375
v 0.9640625 0.39437500000000003 0.884375
v 0.9646875 0.395 0.884375
v 0.9646875 0.41125 0.884375
v 0.9640625 0.411875 0.884375
v 0.9625 0.411875 0.884375
v 0.961875 0.41125 0.884375
v 0.961875 0.395 0.884375
v 0.9620000000000001 0.39375000000000004 0.885
v 0.9645625 0.39375000000000004 0.885
v 0.9653125 0.3945 0.885
v 0.9653125 0.41175 0.885
v 0.9645625 0.4125 0.885
v 0.9620000000000001 0.4125 0.885
v 0.96125 0.41175 0.885
v 0.96125 0.3945 0.885
v 0.9620000000000001 0.39375000000000004 0.943125
v 0.9645625 0.39375000000000004 0.943125
v 0.9653125 0.3945 0.943125
v 0.9653125 0.41175 0.943125
v 0.9645625 0.4125 0.943125
v 0.9620000000000001 0.4125 0.943125
v 0.96125 0.41175 0.943125
v 0.96125 0.3945 0.943125
v 0.9625 0.39437500000000003 0.94375
v 0.9640625 0.39437500000000003 0.94375
v 0.9646875 0.395 0.94375
v 0.9646875 0.41125 0.94375
v 0.9640625 0.411875 0.94375
v 0.9625 0.411875 0.94375
v 0.961875 0.41125 0.94375
v 0.961875 0.395 0.94375
v 0.9632812500000001 0.403125 0.8843750000000001
v 0.9632812500000001 0.403125 0.9437499999999999
vt 0.0625 0.9375
vt 0.9375 0.9375
vt 0.9375 0.0625
vt 0.0625 0.0625
vt 0.0625 0.9375
vt 0.9375 0.9375
vt 0.9375 0.0625
vt 0.0625 0.0625
vt 0.0625 0.9375
vt 0.9375 0.9375
vt 0.9375 0.0625
vt 0.0625 0.0625
vt 0.0625 0.9375
vt 0.9375 0.9375
vt 0.9375 0.0625
vt 0.0625 0.0625
vt 0.0625 0.9375
vt 0.9375 0.9375
vt 0.9375 0.0625
vt 0.0625 0.0625
vt 0.0625 0.9375
vt 0.9375 0.9375
vt 0.9375 0.0625
vt 0.0625 0.0625
vt 0.0625 0.9375
vt 0.9375 0.9375
vt 0.9375 0.0625
vt 0.0625 0.0625
vt 0.0625 0.9375
vt 0.9375 0.9375
vt 0.9375 0.0625
vt 0.0625 0.0625
vt 0.0625 0.9375
vt 0.9375 0.9375
vt 0.9375 0.0625
vt 0.0625 0.0625
vt 0.0625 0.9375
vt 0.9375 0.9375
vt 0.9375 0.0625
vt 0.0625 0.0625
vt 0.0625 0.9375
vt 0.9375 0.9375
vt 0.9375 0.0625
vt 0.0625 0.0625
vt 0.0625 0.9375
vt 0.9375 0.9375
vt 0.9375 0.0625
vt 0.0625 0.0625
vt 0.0625 0.9375
vt 0.9375 0.9375
vt 0.9375 0.0625
vt 0.0625 0.0625
vt 0.0625 0.9375
vt 0.9375 0.9375
vt 0.9375 0.0625
vt 0.0625 0.0625
vt 0.0625 0.9375
vt 0.9375 0.9375
vt 0.9375 0.0625
vt 0.0625 0.0625
vt 0.0625 0.9375
vt 0.9375 0.9375
vt 0.9375 0.0625
vt 0.0625 0.0625
vt 0.0625 0.9375
vt 0.9375 0.9375
vt 0.9375 0.0625
vt 0.0625 0.0625
vt 0.0625 0.9375
vt 0.9375 0.9375
vt 0.9375 0.0625
vt 0.0625 0.0625
vt 0.0625 0.9375
vt 0.9375 0.9375
vt 0.9375 0.0625
vt 0.0625 0.0625
vt 0.0625 0.9375
vt 0.9375 0.9375
vt 0.9375 0.0625
vt 0.0625 0.0625
vt 0.0625 0.9375
vt 0.9375 0.9375
vt 0.9375 0.0625
vt 0.0625 0.0625
vt 0.0625 0.9375
vt 0.9375 0.9375
vt 0.9375 0.0625
vt 0.0625 0.0625
vt 0.0625 0.9375
vt 0.9375 0.9375
vt 0.9375 0.0625
vt 0.0625 0.0625
vt 0.0625 0.9375
vt 0.9375 0.9375
vt 0.9375 0.0625
vt 0.0625 0.0625
vt 0.0625 0.9375
vt 0.9375 0.9375
vt 0.9375 0.0625
vt 0.0625 0.9375
vt 0.9375 0.9375
vt 0.9375 0.0625
vt 0.0625 0.9375
vt 0.9375 0.9375
vt 0.9375 0.0625
vt 0.0625 0.9375
vt 0.9375 0.9375
vt 0.9375 0.0625
vt 0.0625 0.9375
vt 0.9375 0.9375
vt 0.9375 0.0625
vt 0.0625 0.9375
vt 0.9375 0.9375
vt 0.9375 0.0625
vt 0.0625 0.9375
vt 0.9375 0.9375
vt 0.9375 0.0625
vt 0.0625 0.9375
vt 0.9375 0.9375
vt 0.9375 0.0625
vt 0.0625 0.9375
vt 0.9375 0.9375
vt 0.9375 0.0625
vt 0.0625 0.9375
vt 0.9375 0.9375
vt 0.9375 0.0625
vt 0.0625 0.9375
vt 0.9375 0.9375
vt 0.9375 0.0625
vt 0.0625 0.9375
vt 0.9375 0.9375
vt 0.9375 0.0625
vt 0.0625 0.9375
vt 0.9375 0.9375
vt 0.9375 0.0625
vt 0.0625 0.9375
vt 0.9375 0.9375
vt 0.9375 0.0625
vt 0.0625 0.9375
vt 0.9375 0.9375
vt 0.9375 0.0625
vt 0.0625 0.9375
vt 0.9375 0.9375
vt 0.9375 0.0625
vn 0 -0.7071067811865476 -0.7071067811865476
vn 0.43685202833051634 -0.43685202833051634 -0.7863336509949371
vn 0.7071067811865476 0 -0.7071067811865476
vn 0.43685202833052966 0.43685202833052966 -0.7863336509949224
vn 0 0.7071067811865476 -0.7071067811865476
vn -0.43685202833051634 0.43685202833051634 -0.7863336509949371
vn -0.7071067811865476 0 -0.7071067811865476
vn -0.43685202833052966 -0.43685202833052966 -0.7863336509949224
vn 0 -1 0
vn 0.7071067811865215 -0.7071067811865738 0
vn 1 0 0
vn 0.7071067811865215 0.7071067811865738 0
vn 0 1 0
vn -0.7071067811865215 0.7071067811865738 0
vn -1 0 0
vn -0.7071067811865215 -0.7071067811865738 0
vn 0 -0.7071067811865476 0.7071067811865476
vn 0.4368520283305012 -0.43685202833053355 0.7863336509949359
vn 0.7071067811865476 0 0.7071067811865476
vn 0.4368520283305124 0.43685202833054476 0.7863336509949237
vn 0 0.7071067811865476 0.7071067811865476
vn -0.4368520283305012 0.43685202833053355 0.7863336509949359
vn -0.7071067811865476 0 0.7071067811865476
vn -0.4368520283305124 -0.43685202833054476 0.7863336509949237
vn 0 1.2688263138573245e-14 -1
vn 0 1.2688263138573245e-14 1
vn -1.1648241569837787e-14 1.1648241569837787e-14 -1
vn -1.1648241569837787e-14 1.1648241569837787e-14 1
vn -7.89491928622366e-14 0 -1
vn -7.89491928622366e-14 0 1
vn -1.1648241569837787e-14 -1.1648241569837787e-14 -1
vn -1.1648241569837787e-14 -1.1648241569837787e-14 1
vn 0 -1.2688263138573245e-14 -1
vn 0 -1.2688263138573245e-14 1
vn 1.164824156983765e-14 -1.164824156983765e-14 -1
vn 1.164824156983765e-14 -1.164824156983765e-14 1
vn 7.894919286223036e-14 0 -1
vn 7.894919286223036e-14 0 1
vn 1.164824156983765e-14 1.164824156983765e-14 -1
vn 1.164824156983765e-14 1.164824156983765e-14 1
usemtl m_5f7887f5-04a5-82ff-af11-b6747823da52
f 847/3577/989 848/3578/989 856/3579/989 855/3580/989
f 848/3581/990 849/3582/990 857/3583/990 856/3584/990
f 849/3585/991 850/3586/991 858/3587/991 857/3588/991
f 850/3589/992 851/3590/992 859/3591/992 858/3592/992
f 851/3593/993 852/3594/993 860/3595/993 859/3596/993
f 852/3597/994 853/3598/994 861/3599/994 860/3600/994
f 853/3601/995 854/3602/995 862/3603/995 861/3604/995
f 854/3605/996 847/3606/996 855/3607/996 862/3608/996
f 855/3609/997 856/3610/997 864/3611/997 863/3612/997
f 856/3613/998 857/3614/998 865/3615/998 864/3616/998
f 857/3617/999 858/3618/999 866/3619/999 865/3620/999
f 858/3621/1000 859/3622/1000 867/3623/1000 866/3624/1000
f 859/3625/1001 860/3626/1001 868/3627/1001 867/3628/1001
f 860/3629/1002 861/3630/1002 869/3631/1002 868/3632/1002
f 861/3633/1003 862/3634/1003 870/3635/1003 869/3636/1003
f 862/3637/1004 855/3638/1004 863/3639/1004 870/3640/1004
f 863/3641/1005 864/3642/1005 872/3643/1005 871/3644/1005
f 864/3645/1006 865/3646/1006 873/3647/1006 872/3648/1006
f 865/3649/1007 866/3650/1007 874/3651/1007 873/3652/1007
f 866/3653/1008 867/3654/1008 875/3655/1008 874/3656/1008
f 867/3657/1009 868/3658/1009 876/3659/1009 875/3660/1009
f 868/3661/1010 869/3662/1010 877/3663/1010 876/3664/1010
f 869/3665/1011 870/3666/1011 878/3667/1011 877/3668/1011
f 870/3669/1012 863/3670/1012 871/3671/1012 878/3672/1012
f 879/3673/1013 848/3674/1013 847/3675/1013
f 880/3676/1014 871/3677/1014 872/3678/1014
f 879/3679/1015 849/3680/1015 848/3681/1015
f 880/3682/1016 872/3683/1016 873/3684/1016
f 879/3685/1017 850/3686/1017 849/3687/1017
f 880/3688/1018 873/3689/1018 874/3690/1018
f 879/3691/1019 851/3692/1019 850/3693/1019
f 880/3694/1020 874/3695/1020 875/3696/1020
f 879/3697/1021 852/3698/1021 851/3699/1021
f 880/3700/1022 875/3701/1022 876/3702/1022
f 879/3703/1023 853/3704/1023 852/3705/1023
f 880/3706/1024 876/3707/1024 877/3708/1024
f 879/3709/1025 854/3710/1025 853/3711/1025
f 880/3712/1026 877/3713/1026 878/3714/1026
f 879/3715/1027 847/3716/1027 854/3717/1027
f 880/3718/1028 878/3719/1028 871/3720/1028