# Made in Blockbench 5.2.1
mtllib materials.mtl

o floor_gasket
v 0.15000000000000002 0 0.17250000000000001
v 0.85 0 0.17250000000000001
v 0.89625 0 0.21875
v 0.89625 0 0.8312499999999999
v 0.85 0 0.8775
v 0.15000000000000002 0 0.8775
v 0.10375000000000001 0 0.8312499999999999
v 0.10375000000000001 0 0.21875
v 0.15000000000000002 0.00375 0.16875
v 0.85 0.00375 0.16875
v 0.9 0.00375 0.21875
v 0.9 0.00375 0.8312499999999999
v 0.85 0.00375 0.88125
v 0.15000000000000002 0.00375 0.88125
v 0.1 0.00375 0.8312499999999999
v 0.1 0.00375 0.21875
v 0.15000000000000002 0.01125 0.16875
v 0.85 0.01125 0.16875
v 0.9 0.01125 0.21875
v 0.9 0.01125 0.8312499999999999
v 0.85 0.01125 0.88125
v 0.15000000000000002 0.01125 0.88125
v 0.1 0.01125 0.8312499999999999
v 0.1 0.01125 0.21875
v 0.15000000000000002 0.015 0.17250000000000001
v 0.85 0.015 0.17250000000000001
v 0.89625 0.015 0.21875
v 0.89625 0.015 0.8312499999999999
v 0.85 0.015 0.8775
v 0.15000000000000002 0.015 0.8775
v 0.10375000000000001 0.015 0.8312499999999999
v 0.10375000000000001 0.015 0.21875
v 0.5 0 0.5249999999999999
v 0.5 0.015 0.5249999999999999
vt 0 1
vt 1 1
vt 1 0
vt 0 0
vt 0 1
vt 1 1
vt 1 0
vt 0 0
vt 0 1
vt 1 1
vt 1 0
vt 0 0
vt 0 1
vt 1 1
vt 1 0
vt 0 0
vt 0 1
vt 1 1
vt 1 0
vt 0 0
vt 0 1
vt 1 1
vt 1 0
vt 0 0
vt 0 1
vt 1 1
vt 1 0
vt 0 0
vt 0 1
vt 1 1
vt 1 0
vt 0 0
vt 0 1
vt 1 1
vt 1 0
vt 0 0
vt 0 1
vt 1 1
vt 1 0
vt 0 0
vt 0 1
vt 1 1
vt 1 0
vt 0 0
vt 0 1
vt 1 1
vt 1 0
vt 0 0
vt 0 1
vt 1 1
vt 1 0
vt 0 0
vt 0 1
vt 1 1
vt 1 0
vt 0 0
vt 0 1
vt 1 1
vt 1 0
vt 0 0
vt 0 1
vt 1 1
vt 1 0
vt 0 0
vt 0 1
vt 1 1
vt 1 0
vt 0 0
vt 0 1
vt 1 1
vt 1 0
vt 0 0
vt 0 1
vt 1 1
vt 1 0
vt 0 0
vt 0 1
vt 1 1
vt 1 0
vt 0 0
vt 0 1
vt 1 1
vt 1 0
vt 0 0
vt 0 1
vt 1 1
vt 1 0
vt 0 0
vt 0 1
vt 1 1
vt 1 0
vt 0 0
vt 0 1
vt 1 1
vt 1 0
vt 0 0
vt 0 1
vt 1 1
vt 1 0
vt 0 1
vt 1 1
vt 1 0
vt 0 1
vt 1 1
vt 1 0
vt 0 1
vt 1 1
vt 1 0
vt 0 1
vt 1 1
vt 1 0
vt 0 1
vt 1 1
vt 1 0
vt 0 1
vt 1 1
vt 1 0
vt 0 1
vt 1 1
vt 1 0
vt 0 1
vt 1 1
vt 1 0
vt 0 1
vt 1 1
vt 1 0
vt 0 1
vt 1 1
vt 1 0
vt 0 1
vt 1 1
vt 1 0
vt 0 1
vt 1 1
vt 1 0
vt 0 1
vt 1 1
vt 1 0
vt 0 1
vt 1 1
vt 1 0
vt 0 1
vt 1 1
vt 1 0
vn 0 -0.7071067811865479 -0.7071067811865472
vn 0.5773502691896252 -0.5773502691896263 -0.5773502691896258
vn 0.7071067811865446 -0.7071067811865505 0
vn 0.5773502691896243 -0.5773502691896291 0.5773502691896242
vn 0 -0.7071067811865505 0.7071067811865446
vn -0.5773502691896244 -0.577350269189629 0.5773502691896242
vn -0.7071067811865472 -0.7071067811865478 0
vn -0.5773502691896255 -0.5773502691896261 -0.5773502691896258
vn 0 0 -1
vn 0.7071067811865471 0 -0.7071067811865479
vn 1 0 0
vn 0.7071067811865476 0 0.7071067811865476
vn 0 0 1
vn -0.7071067811865478 0 0.7071067811865474
vn -1 0 0
vn -0.7071067811865474 0 -0.7071067811865478
vn 0 0.7071067811865479 -0.7071067811865472
vn 0.5773502691896254 0.5773502691896263 -0.5773502691896257
vn 0.7071067811865446 0.7071067811865505 0
vn 0.5773502691896242 0.5773502691896291 0.5773502691896243
vn 0 0.7071067811865505 0.7071067811865446
vn -0.5773502691896243 0.5773502691896291 0.5773502691896242
vn -0.7071067811865472 0.7071067811865478 0
vn -0.5773502691896255 0.5773502691896261 -0.5773502691896258
vn 0 -1 0
vn 0 1 0
vn 0 -1 0
vn 0 1 0
vn 0 -1 0
vn 0 1 0
vn 0 -1 0
vn 0 1 0
vn 0 -1 0
vn 0 1 0
vn 0 -1 0
vn 0 1 0
vn 0 -1 0
vn 0 1 0
vn 0 -1 0
vn 0 1 0
usemtl m_2dfc0309-2b3e-7f98-dd78-5cd9610de7bb
f 1/1/1 9/2/1 10/3/1 2/4/1
f 2/5/2 10/6/2 11/7/2 3/8/2
f 3/9/3 11/10/3 12/11/3 4/12/3
f 4/13/4 12/14/4 13/15/4 5/16/4
f 5/17/5 13/18/5 14/19/5 6/20/5
f 6/21/6 14/22/6 15/23/6 7/24/6
f 7/25/7 15/26/7 16/27/7 8/28/7
f 8/29/8 16/30/8 9/31/8 1/32/8
f 9/33/9 17/34/9 18/35/9 10/36/9
f 10/37/10 18/38/10 19/39/10 11/40/10
f 11/41/11 19/42/11 20/43/11 12/44/11
f 12/45/12 20/46/12 21/47/12 13/48/12
f 13/49/13 21/50/13 22/51/13 14/52/13
f 14/53/14 22/54/14 23/55/14 15/56/14
f 15/57/15 23/58/15 24/59/15 16/60/15
f 16/61/16 24/62/16 17/63/16 9/64/16
f 17/65/17 25/66/17 26/67/17 18/68/17
f 18/69/18 26/70/18 27/71/18 19/72/18
f 19/73/19 27/74/19 28/75/19 20/76/19
f 20/77/20 28/78/20 29/79/20 21/80/20
f 21/81/21 29/82/21 30/83/21 22/84/21
f 22/85/22 30/86/22 31/87/22 23/88/22
f 23/89/23 31/90/23 32/91/23 24/92/23
f 24/93/24 32/94/24 25/95/24 17/96/24
f 33/97/25 1/98/25 2/99/25
f 34/100/26 26/101/26 25/102/26
f 33/103/27 2/104/27 3/105/27
f 34/106/28 27/107/28 26/108/28
f 33/109/29 3/110/29 4/111/29
f 34/112/30 28/113/30 27/114/30
f 33/115/31 4/116/31 5/117/31
f 34/118/32 29/119/32 28/120/32
f 33/121/33 5/122/33 6/123/33
f 34/124/34 30/125/34 29/126/34
f 33/127/35 6/128/35 7/129/35
f 34/130/36 31/131/36 30/132/36
f 33/133/37 7/134/37 8/135/37
f 34/136/38 32/137/38 31/138/38
f 33/139/39 8/140/39 1/141/39
f 34/142/40 25/143/40 32/144/40
o chamfered_floor_plate
v 0.15000000000000002 0.0125 0.1625
v 0.85 0.0125 0.1625
v 0.90625 0.0125 0.21875
v 0.90625 0.0125 0.83125
v 0.85 0.0125 0.8875000000000001
v 0.15000000000000002 0.0125 0.8875000000000001
v 0.09375 0.0125 0.83125
v 0.09375 0.0125 0.21875
v 0.15000000000000002 0.025 0.15
v 0.85 0.025 0.15
v 0.91875 0.025 0.21875
v 0.91875 0.025 0.83125
v 0.85 0.025 0.9
v 0.15000000000000002 0.025 0.9
v 0.08125 0.025 0.83125
v 0.08125 0.025 0.21875
v 0.15000000000000002 0.06125 0.15
v 0.85 0.06125 0.15
v 0.91875 0.06125 0.21875
v 0.91875 0.06125 0.83125
v 0.85 0.06125 0.9
v 0.15000000000000002 0.06125 0.9
v 0.08125 0.06125 0.83125
v 0.08125 0.06125 0.21875
v 0.15000000000000002 0.07375 0.1625
v 0.85 0.07375 0.1625
v 0.90625 0.07375 0.21875
v 0.90625 0.07375 0.83125
v 0.85 0.07375 0.8875000000000001
v 0.15000000000000002 0.07375 0.8875000000000001
v 0.09375 0.07375 0.83125
v 0.09375 0.07375 0.21875
v 0.5 0.012499999999999999 0.525
v 0.5 0.07375 0.525
vt 0 1
vt 1 1
vt 1 0
vt 0 0
vt 0 1
vt 1 1
vt 1 0
vt 0 0
vt 0 1
vt 1 1
vt 1 0
vt 0 0
vt 0 1
vt 1 1
vt 1 0
vt 0 0
vt 0 1
vt 1 1
vt 1 0
vt 0 0
vt 0 1
vt 1 1
vt 1 0
vt 0 0
vt 0 1
vt 1 1
vt 1 0
vt 0 0
vt 0 1
vt 1 1
vt 1 0
vt 0 0
vt 0 1
vt 1 1
vt 1 0
vt 0 0
vt 0 1
vt 1 1
vt 1 0
vt 0 0
vt 0 1
vt 1 1
vt 1 0
vt 0 0
vt 0 1
vt 1 1
vt 1 0
vt 0 0
vt 0 1
vt 1 1
vt 1 0
vt 0 0
vt 0 1
vt 1 1
vt 1 0
vt 0 0
vt 0 1
vt 1 1
vt 1 0
vt 0 0
vt 0 1
vt 1 1
vt 1 0
vt 0 0
vt 0 1
vt 1 1
vt 1 0
vt 0 0
vt 0 1
vt 1 1
vt 1 0
vt 0 0
vt 0 1
vt 1 1
vt 1 0
vt 0 0
vt 0 1
vt 1 1
vt 1 0
vt 0 0
vt 0 1
vt 1 1
vt 1 0
vt 0 0
vt 0 1
vt 1 1
vt 1 0
vt 0 0
vt 0 1
vt 1 1
vt 1 0
vt 0 0
vt 0 1
vt 1 1
vt 1 0
vt 0 0
vt 0 1
vt 1 1
vt 1 0
vt 0 1
vt 1 1
vt 1 0
vt 0 1
vt 1 1
vt 1 0
vt 0 1
vt 1 1
vt 1 0
vt 0 1
vt 1 1
vt 1 0
vt 0 1
vt 1 1
vt 1 0
vt 0 1
vt 1 1
vt 1 0
vt 0 1
vt 1 1
vt 1 0
vt 0 1
vt 1 1
vt 1 0
vt 0 1
vt 1 1
vt 1 0
vt 0 1
vt 1 1
vt 1 0
vt 0 1
vt 1 1
vt 1 0
vt 0 1
vt 1 1
vt 1 0
vt 0 1
vt 1 1
vt 1 0
vt 0 1
vt 1 1
vt 1 0
vt 0 1
vt 1 1
vt 1 0
vn 0 -0.7071067811865479 -0.7071067811865471
vn 0.5773502691896258 -0.5773502691896261 -0.5773502691896256
vn 0.7071067811865489 -0.7071067811865462 0
vn 0.5773502691896265 -0.5773502691896244 0.5773502691896265
vn 0 -0.7071067811865462 0.7071067811865488
vn -0.5773502691896262 -0.5773502691896245 0.5773502691896266
vn -0.7071067811865476 -0.7071067811865475 0
vn -0.5773502691896257 -0.5773502691896256 -0.577350269189626
vn 0 0 -1
vn 0.7071067811865477 0 -0.7071067811865475
vn 1 0 0
vn 0.7071067811865476 0 0.7071067811865476
vn 0 0 1
vn -0.7071067811865474 0 0.7071067811865477
vn -1 0 0
vn -0.7071067811865475 0 -0.7071067811865476
vn 0 0.707106781186548 -0.7071067811865471
vn 0.5773502691896254 0.5773502691896263 -0.5773502691896256
vn 0.7071067811865488 0.7071067811865464 0
vn 0.5773502691896265 0.5773502691896246 0.5773502691896265
vn 0 0.7071067811865464 0.7071067811865487
vn -0.5773502691896265 0.5773502691896246 0.5773502691896265
vn -0.7071067811865476 0.7071067811865476 0
vn -0.5773502691896257 0.5773502691896257 -0.5773502691896261
vn 0 -1 -4.785444071660156e-18
vn 0 1 0
vn 2.4346996154060457e-18 -1 -2.4346996154060457e-18
vn 0 1 0
vn 4.270088556250602e-18 -1 0
vn 0 1 0
vn 2.4346996154060457e-18 -1 2.4346996154060457e-18
vn 0 1 0
vn 0 -1 4.785444071660156e-18
vn 0 1 0
vn -2.4346996154060457e-18 -1 2.4346996154060457e-18
vn 0 1 0
vn -4.270088556250602e-18 -1 0
vn 0 1 0
vn -2.4346996154060457e-18 -1 -2.4346996154060457e-18
vn 0 1 0
usemtl m_cc0b4bb9-8d9e-3b07-ceca-4a7a3c06dc3a
f 35/145/41 43/146/41 44/147/41 36/148/41
f 36/149/42 44/150/42 45/151/42 37/152/42
f 37/153/43 45/154/43 46/155/43 38/156/43
f 38/157/44 46/158/44 47/159/44 39/160/44
f 39/161/45 47/162/45 48/163/45 40/164/45
f 40/165/46 48/166/46 49/167/46 41/168/46
f 41/169/47 49/170/47 50/171/47 42/172/47
f 42/173/48 50/174/48 43/175/48 35/176/48
f 43/177/49 51/178/49 52/179/49 44/180/49
f 44/181/50 52/182/50 53/183/50 45/184/50
f 45/185/51 53/186/51 54/187/51 46/188/51
f 46/189/52 54/190/52 55/191/52 47/192/52
f 47/193/53 55/194/53 56/195/53 48/196/53
f 48/197/54 56/198/54 57/199/54 49/200/54
f 49/201/55 57/202/55 58/203/55 50/204/55
f 50/205/56 58/206/56 51/207/56 43/208/56
f 51/209/57 59/210/57 60/211/57 52/212/57
f 52/213/58 60/214/58 61/215/58 53/216/58
f 53/217/59 61/218/59 62/219/59 54/220/59
f 54/221/60 62/222/60 63/223/60 55/224/60
f 55/225/61 63/226/61 64/227/61 56/228/61
f 56/229/62 64/230/62 65/231/62 57/232/62
f 57/233/63 65/234/63 66/235/63 58/236/63
f 58/237/64 66/238/64 59/239/64 51/240/64
f 67/241/65 35/242/65 36/243/65
f 68/244/66 60/245/66 59/246/66
f 67/247/67 36/248/67 37/249/67
f 68/250/68 61/251/68 60/252/68
f 67/253/69 37/254/69 38/255/69
f 68/256/70 62/257/70 61/258/70
f 67/259/71 38/260/71 39/261/71
f 68/262/72 63/263/72 62/264/72
f 67/265/73 39/266/73 40/267/73
f 68/268/74 64/269/74 63/270/74
f 67/271/75 40/272/75 41/273/75
f 68/274/76 65/275/76 64/276/76
f 67/277/77 41/278/77 42/279/77
f 68/280/78 66/281/78 65/282/78
f 67/283/79 42/284/79 35/285/79
f 68/286/80 59/287/80 66/288/80
o rearward_tapered_pedestal
v 0.26875 0.065 0.390625
v 0.73125 0.065 0.390625
v 0.771875 0.065 0.43125
v 0.771875 0.065 0.80625
v 0.73125 0.065 0.846875
v 0.26875 0.065 0.846875
v 0.228125 0.065 0.80625
v 0.228125 0.065 0.43125
v 0.28750000000000003 0.103125 0.415625
v 0.7125 0.103125 0.415625
v 0.753125 0.103125 0.45625000000000004
v 0.753125 0.103125 0.7843749999999999
v 0.7125 0.103125 0.825
v 0.28750000000000003 0.103125 0.825
v 0.246875 0.103125 0.7843749999999999
v 0.246875 0.103125 0.45625000000000004
v 0.3175 0.682625 0.49375
v 0.6825 0.682625 0.49375
v 0.7125 0.695525 0.52375
v 0.7125 0.80813125 0.785625
v 0.6825 0.82103125 0.815625
v 0.3175 0.82103125 0.815625
v 0.2875 0.80813125 0.785625
v 0.2875 0.695525 0.52375
v 0.3125 0.69984375 0.484375
v 0.6875 0.69984375 0.484375
v 0.721875 0.7146250000000001 0.51875
v 0.721875 0.8315312499999999 0.7906249999999999
v 0.6875 0.8463125 0.825
v 0.3125 0.8463125 0.825
v 0.278125 0.8315312499999999 0.7906249999999999
v 0.278125 0.7146250000000001 0.51875
v 0.5 0.065 0.61875
v 0.5 0.773078125 0.6546875
vt 0 1
vt 1 1
vt 1 0
vt 0 0
vt 0 1
vt 1 1
vt 1 0
vt 0 0
vt 0 1
vt 1 1
vt 1 0
vt 0 0
vt 0 1
vt 1 1
vt 1 0
vt 0 0
vt 0 1
vt 1 1
vt 1 0
vt 0 0
vt 0 1
vt 1 1
vt 1 0
vt 0 0
vt 0 1
vt 1 1
vt 1 0
vt 0 0
vt 0 1
vt 1 1
vt 1 0
vt 0 0
vt 0 1
vt 1 1
vt 1 0
vt 0 0
vt 0 1
vt 1 1
vt 1 0
vt 0 0
vt 0 1
vt 1 1
vt 1 0
vt 0 0
vt 0 1
vt 1 1
vt 1 0
vt 0 0
vt 0 1
vt 1 1
vt 1 0
vt 0 0
vt 0 1
vt 1 1
vt 1 0
vt 0 0
vt 0 1
vt 1 1
vt 1 0
vt 0 0
vt 0 1
vt 1 1
vt 1 0
vt 0 0
vt 0 1
vt 1 1
vt 1 0
vt 0 0
vt 0 1
vt 1 1
vt 1 0
vt 0 0
vt 0 1
vt 1 1
vt 1 0
vt 0 0
vt 0 1
vt 1 1
vt 1 0
vt 0 0
vt 0 1
vt 1 1
vt 1 0
vt 0 0
vt 0 1
vt 1 1
vt 1 0
vt 0 0
vt 0 1
vt 1 1
vt 1 0
vt 0 0
vt 0 1
vt 1 1
vt 1 0
vt 0 0
vt 0 1
vt 1 1
vt 1 0
vt 0 1
vt 1 1
vt 1 0
vt 0 1
vt 1 1
vt 1 0
vt 0 1
vt 1 1
vt 1 0
vt 0 1
vt 1 1
vt 1 0
vt 0 1
vt 1 1
vt 1 0
vt 0 1
vt 1 1
vt 1 0
vt 0 1
vt 1 1
vt 1 0
vt 0 1
vt 1 1
vt 1 0
vt 0 1
vt 1 1
vt 1 0
vt 0 1
vt 1 1
vt 1 0
vt 0 1
vt 1 1
vt 1 0
vt 0 1
vt 1 1
vt 1 0
vt 0 1
vt 1 1
vt 1 0
vt 0 1
vt 1 1
vt 1 0
vt 0 1
vt 1 1
vt 1 0
vn 0 0.5483569622202412 -0.8362443673858669
vn 0.5490818192870651 0.6300938909851561 -0.5490818192870651
vn 0.8973499661205786 0.44131965546913554 0
vn 0.5647421931732653 0.6017744681354472 0.5647421931732655
vn 0 0.49766945737008117 0.8673667685592807
vn -0.5647421931732649 0.6017744681354483 0.5647421931732648
vn -0.8973499661205778 0.44131965546913715 0
vn -0.5490818192870646 0.6300938909851568 -0.5490818192870646
vn 0 0.1336058229629465 -0.9910345524099521
vn 0.6716373536726488 0.13302794915034433 -0.7288393718072966
vn 0.9969335062318007 0.07188892600961515 -0.030912238184134515
vn 0.7150826824758518 0.0399682464587487 0.6978963364985897
vn 0 0.013057694833089861 0.9999147446685873
vn -0.7149024592961467 0.038991303727518925 0.6981361986933134
vn -0.9980355824099545 0.05755428546036197 -0.02474834274795567
vn -0.6728707579363534 0.1291398281817052 -0.7284008840544862
vn 0 -0.47818192735133747 -0.8782608065686185
vn 0.7142018562207458 -0.48313654979638826 -0.5064531398082979
vn 0.9014406392009672 -0.3976943996474842 0.17100859184841813
vn 0.5657768885122226 -0.3827314245817952 0.7303514010823953
vn 0 -0.34769179767155844 0.9376088810543126
vn -0.5657768885122235 -0.3827314245817946 0.7303514010823949
vn -0.9014406392009674 -0.3976943996474837 0.17100859184841793
vn -0.7142018562207472 -0.4831365497963837 -0.5064531398083003
vn 0 -1 0
vn 0 0.9186691875800358 -0.39502775065941526
vn 0 -1 0
vn -9.06962291506825e-16 0.9186691875800354 -0.39502775065941603
vn 0 -1 0
vn -2.3776847418709116e-16 0.9186691875800359 -0.39502775065941526
vn 0 -1 0
vn 5.182641665753285e-16 0.9186691875800354 -0.39502775065941625
vn 0 -1 0
vn 0 0.9186691875800356 -0.39502775065941576
vn 0 -1 0
vn -5.182641665753288e-16 0.9186691875800354 -0.3950277506594162
vn 0 -1 0
vn 2.377684741870912e-16 0.9186691875800359 -0.39502775065941526
vn 0 -1 0
vn 9.069622915068255e-16 0.9186691875800355 -0.39502775065941603
usemtl m_2dfc0309-2b3e-7f98-dd78-5cd9610de7bb
f 69/289/81 77/290/81 78/291/81 70/292/81
f 70/293/82 78/294/82 79/295/82 71/296/82
f 71/297/83 79/298/83 80/299/83 72/300/83
f 72/301/84 80/302/84 81/303/84 73/304/84
f 73/305/85 81/306/85 82/307/85 74/308/85
f 74/309/86 82/310/86 83/311/86 75/312/86
f 75/313/87 83/314/87 84/315/87 76/316/87
f 76/317/88 84/318/88 77/319/88 69/320/88
f 77/321/89 85/322/89 86/323/89 78/324/89
f 78/325/90 86/326/90 87/327/90 79/328/90
f 79/329/91 87/330/91 88/331/91 80/332/91
f 80/333/92 88/334/92 89/335/92 81/336/92
f 81/337/93 89/338/93 90/339/93 82/340/93
f 82/341/94 90/342/94 91/343/94 83/344/94
f 83/345/95 91/346/95 92/347/95 84/348/95
f 84/349/96 92/350/96 85/351/96 77/352/96
f 85/353/97 93/354/97 94/355/97 86/356/97
f 86/357/98 94/358/98 95/359/98 87/360/98
f 87/361/99 95/362/99 96/363/99 88/364/99
f 88/365/100 96/366/100 97/367/100 89/368/100
f 89/369/101 97/370/101 98/371/101 90/372/101
f 90/373/102 98/374/102 99/375/102 91/376/102
f 91/377/103 99/378/103 100/379/103 92/380/103
f 92/381/104 100/382/104 93/383/104 85/384/104
f 101/385/105 69/386/105 70/387/105
f 102/388/106 94/389/106 93/390/106
f 101/391/107 70/392/107 71/393/107
f 102/394/108 95/395/108 94/396/108
f 101/397/109 71/398/109 72/399/109
f 102/400/110 96/401/110 95/402/110
f 101/403/111 72/404/111 73/405/111
f 102/406/112 97/407/112 96/408/112
f 101/409/113 73/410/113 74/411/113
f 102/412/114 98/413/114 97/414/114
f 101/415/115 74/416/115 75/417/115
f 102/418/116 99/419/116 98/420/116
f 101/421/117 75/422/117 76/423/117
f 102/424/118 100/425/118 99/426/118
f 101/427/119 76/428/119 69/429/119
f 102/430/120 93/431/120 100/432/120
o pedestal_front_inset
v 0.33312499999999995 0.15625 0.42242187500000006
v 0.666875 0.15625 0.42242187500000006
v 0.668125 0.15625 0.42296875
v 0.668125 0.15625 0.4273437500000001
v 0.666875 0.15625 0.427890625
v 0.33312499999999995 0.15625 0.427890625
v 0.331875 0.15625 0.4273437500000001
v 0.331875 0.15625 0.42296875
v 0.333125 0.16 0.42134375
v 0.666875 0.16 0.42134375
v 0.671875 0.16 0.42353125
v 0.671875 0.16 0.42790625
v 0.666875 0.16 0.43009375
v 0.333125 0.16 0.43009375
v 0.328125 0.16 0.42790625
v 0.328125 0.16 0.42353125
v 0.333125 0.3775 0.45396875000000003
v 0.666875 0.3775 0.45396875000000003
v 0.671875 0.3775 0.45615625000000004
v 0.671875 0.3775 0.46053125
v 0.666875 0.3775 0.46271875
v 0.333125 0.3775 0.46271875
v 0.328125 0.3775 0.46053125
v 0.328125 0.3775 0.45615625000000004
v 0.33312499999999995 0.38125 0.456171875
v 0.666875 0.38125 0.456171875
v 0.668125 0.38125 0.45671874999999995
v 0.668125 0.38125 0.46109375
v 0.666875 0.38125 0.46164062499999997
v 0.33312499999999995 0.38125 0.46164062499999997
v 0.331875 0.38125 0.46109375
v 0.331875 0.38125 0.45671874999999995
v 0.5 0.15625 0.42515625
v 0.5 0.38125000000000003 0.45890625
vt 0 1
vt 1 1
vt 1 0
vt 0 0
vt 0 1
vt 1 1
vt 1 0
vt 0 0
vt 0 1
vt 1 1
vt 1 0
vt 0 0
vt 0 1
vt 1 1
vt 1 0
vt 0 0
vt 0 1
vt 1 1
vt 1 0
vt 0 0
vt 0 1
vt 1 1
vt 1 0
vt 0 0
vt 0 1
vt 1 1
vt 1 0
vt 0 0
vt 0 1
vt 1 1
vt 1 0
vt 0 0
vt 0 1
vt 1 1
vt 1 0
vt 0 0
vt 0 1
vt 1 1
vt 1 0
vt 0 0
vt 0 1
vt 1 1
vt 1 0
vt 0 0
vt 0 1
vt 1 1
vt 1 0
vt 0 0
vt 0 1
vt 1 1
vt 1 0
vt 0 0
vt 0 1
vt 1 1
vt 1 0
vt 0 0
vt 0 1
vt 1 1
vt 1 0
vt 0 0
vt 0 1
vt 1 1
vt 1 0
vt 0 0
vt 0 1
vt 1 1
vt 1 0
vt 0 0
vt 0 1
vt 1 1
vt 1 0
vt 0 0
vt 0 1
vt 1 1
vt 1 0
vt 0 0
vt 0 1
vt 1 1
vt 1 0
vt 0 0
vt 0 1
vt 1 1
vt 1 0
vt 0 0
vt 0 1
vt 1 1
vt 1 0
vt 0 0
vt 0 1
vt 1 1
vt 1 0
vt 0 0
vt 0 1
vt 1 1
vt 1 0
vt 0 0
vt 0 1
vt 1 1
vt 1 0
vt 0 1
vt 1 1
vt 1 0
vt 0 1
vt 1 1
vt 1 0
vt 0 1
vt 1 1
vt 1 0
vt 0 1
vt 1 1
vt 1 0
vt 0 1
vt 1 1
vt 1 0
vt 0 1
vt 1 1
vt 1 0
vt 0 1
vt 1 1
vt 1 0
vt 0 1
vt 1 1
vt 1 0
vt 0 1
vt 1 1
vt 1 0
vt 0 1
vt 1 1
vt 1 0
vt 0 1
vt 1 1
vt 1 0
vt 0 1
vt 1 1
vt 1 0
vt 0 1
vt 1 1
vt 1 0
vt 0 1
vt 1 1
vt 1 0
vt 0 1
vt 1 1
vt 1 0
vn 0 -0.27630742487985094 -0.9610693039298808
vn 0.3875990382746392 -0.25470793943762865 -0.8859406589134581
vn 0.7071067811865449 -0.7071067811865502 0
vn 0.3529416749409318 -0.4739502492063769 0.8067238284364128
vn 0 -0.5065490486308605 0.8622111466057316
vn -0.3529416749409311 -0.4739502492063802 0.8067238284364114
vn -0.7071067811865502 -0.7071067811865449 0
vn -0.38759903827464076 -0.25470793943761366 -0.8859406589134619
vn 0 0.14834045293024473 -0.9889363528682975
vn 0.3970868303409516 0.13614405611689723 -0.9076270407793146
vn 1 0 0
vn 0.3970868303409516 -0.13614405611689723 0.9076270407793146
vn 0 -0.14834045293024473 0.9889363528682975
vn -0.3970868303409516 -0.13614405611689723 0.9076270407793146
vn -1 0 0
vn -0.3970868303409516 0.13614405611689723 -0.9076270407793146
vn 0 0.5065490486308633 -0.8622111466057298
vn 0.35294167494090506 0.47395024920639167 -0.8067238284364161
vn 0.7071067811865422 0.7071067811865528 0
vn 0.387599038274617 0.2547079394375951 0.8859406589134774
vn 0 0.2763074248798528 0.9610693039298802
vn -0.3875990382746135 0.2547079394376281 0.8859406589134696
vn -0.7071067811865476 0.7071067811865476 0
vn -0.35294167494091216 0.47395024920635853 -0.8067238284364322
vn 0 -1 0
vn 0 1 -2.0301221021717067e-14
vn 0 -1 0
vn 3.206420287726075e-16 1 -7.328960657660157e-16
vn 0 -1 0
vn 3.3017785118963766e-16 1 0
vn 0 -1 0
vn 3.2064202877260767e-16 1 7.328960657660162e-16
vn 0 -1 0
vn 0 1 2.0301221021717477e-14
vn 0 -1 0
vn -3.2064202877260767e-16 1 7.328960657660162e-16
vn 0 -1 0
vn -3.3017785118963756e-16 1 0
vn 0 -1 0
vn -3.206420287726073e-16 1 -7.328960657660154e-16
usemtl m_2dfc0309-2b3e-7f98-dd78-5cd9610de7bb
f 103/433/121 111/434/121 112/435/121 104/436/121
f 104/437/122 112/438/122 113/439/122 105/440/122
f 105/441/123 113/442/123 114/443/123 106/444/123
f 106/445/124 114/446/124 115/447/124 107/448/124
f 107/449/125 115/450/125 116/451/125 108/452/125
f 108/453/126 116/454/126 117/455/126 109/456/126
f 109/457/127 117/458/127 118/459/127 110/460/127
f 110/461/128 118/462/128 111/463/128 103/464/128
f 111/465/129 119/466/129 120/467/129 112/468/129
f 112/469/130 120/470/130 121/471/130 113/472/130
f 113/473/131 121/474/131 122/475/131 114/476/131
f 114/477/132 122/478/132 123/479/132 115/480/132
f 115/481/133 123/482/133 124/483/133 116/484/133
f 116/485/134 124/486/134 125/487/134 117/488/134
f 117/489/135 125/490/135 126/491/135 118/492/135
f 118/493/136 126/494/136 119/495/136 111/496/136
f 119/497/137 127/498/137 128/499/137 120/500/137
f 120/501/138 128/502/138 129/503/138 121/504/138
f 121/505/139 129/506/139 130/507/139 122/508/139
f 122/509/140 130/510/140 131/511/140 123/512/140
f 123/513/141 131/514/141 132/515/141 124/516/141
f 124/517/142 132/518/142 133/519/142 125/520/142
f 125/521/143 133/522/143 134/523/143 126/524/143
f 126/525/144 134/526/144 127/527/144 119/528/144
f 135/529/145 103/530/145 104/531/145
f 136/532/146 128/533/146 127/534/146
f 135/535/147 104/536/147 105/537/147
f 136/538/148 129/539/148 128/540/148
f 135/541/149 105/542/149 106/543/149
f 136/544/150 130/545/150 129/546/150
f 135/547/151 106/548/151 107/549/151
f 136/550/152 131/551/152 130/552/152
f 135/553/153 107/554/153 108/555/153
f 136/556/154 132/557/154 131/558/154
f 135/559/155 108/560/155 109/561/155
f 136/562/156 133/563/156 132/564/156
f 135/565/157 109/566/157 110/567/157
f 136/568/158 134/569/158 133/570/158
f 135/571/159 110/572/159 103/573/159
f 136/574/160 127/575/160 134/576/160
o deck_lower_shell
v 0.115625 0.5180374999999999 0.095
v 0.884375 0.5180374999999999 0.095
v 0.926875 0.5363125 0.1375
v 0.926875 0.84671875 0.859375
v 0.884375 0.86499375 0.901875
v 0.115625 0.86499375 0.901875
v 0.073125 0.84671875 0.859375
v 0.073125 0.5363125 0.1375
v 0.115625 0.525875 0.08125
v 0.884375 0.525875 0.08125
v 0.940625 0.5500625 0.1375
v 0.940625 0.86046875 0.859375
v 0.884375 0.8846562499999999 0.915625
v 0.115625 0.8846562499999999 0.915625
v 0.059375 0.86046875 0.859375
v 0.059375 0.5500625 0.1375
v 0.115625 0.58275 0.08125
v 0.884375 0.58275 0.08125
v 0.940625 0.6069375 0.1375
v 0.940625 0.91734375 0.859375
v 0.884375 0.9415312499999999 0.915625
v 0.115625 0.9415312499999999 0.915625
v 0.059375 0.91734375 0.859375
v 0.059375 0.6069375 0.1375
v 0.115625 0.6024125 0.095
v 0.884375 0.6024125 0.095
v 0.926875 0.6206875000000001 0.1375
v 0.926875 0.93109375 0.859375
v 0.884375 0.9493687500000001 0.901875
v 0.115625 0.9493687500000001 0.901875
v 0.073125 0.93109375 0.859375
v 0.073125 0.6206875000000001 0.1375
v 0.5 0.691515625 0.49843750000000003
v 0.5 0.7758906250000001 0.49843750000000003
vt 0 1
vt 1 1
vt 1 0
vt 0 0
vt 0 1
vt 1 1
vt 1 0
vt 0 0
vt 0 1
vt 1 1
vt 1 0
vt 0 0
vt 0 1
vt 1 1
vt 1 0
vt 0 0
vt 0 1
vt 1 1
vt 1 0
vt 0 0
vt 0 1
vt 1 1
vt 1 0
vt 0 0
vt 0 1
vt 1 1
vt 1 0
vt 0 0
vt 0 1
vt 1 1
vt 1 0
vt 0 0
vt 0 1
vt 1 1
vt 1 0
vt 0 0
vt 0 1
vt 1 1
vt 1 0
vt 0 0
vt 0 1
vt 1 1
vt 1 0
vt 0 0
vt 0 1
vt 1 1
vt 1 0
vt 0 0
vt 0 1
vt 1 1
vt 1 0
vt 0 0
vt 0 1
vt 1 1
vt 1 0
vt 0 0
vt 0 1
vt 1 1
vt 1 0
vt 0 0
vt 0 1
vt 1 1
vt 1 0
vt 0 0
vt 0 1
vt 1 1
vt 1 0
vt 0 0
vt 0 1
vt 1 1
vt 1 0
vt 0 0
vt 0 1
vt 1 1
vt 1 0
vt 0 0
vt 0 1
vt 1 1
vt 1 0
vt 0 0
vt 0 1
vt 1 1
vt 1 0
vt 0 0
vt 0 1
vt 1 1
vt 1 0
vt 0 0
vt 0 1
vt 1 1
vt 1 0
vt 0 0
vt 0 1
vt 1 1
vt 1 0
vt 0 0
vt 0 1
vt 1 1
vt 1 0
vt 0 1
vt 1 1
vt 1 0
vt 0 1
vt 1 1
vt 1 0
vt 0 1
vt 1 1
vt 1 0
vt 0 1
vt 1 1
vt 1 0
vt 0 1
vt 1 1
vt 1 0
vt 0 1
vt 1 1
vt 1 0
vt 0 1
vt 1 1
vt 1 0
vt 0 1
vt 1 1
vt 1 0
vt 0 1
vt 1 1
vt 1 0
vt 0 1
vt 1 1
vt 1 0
vt 0 1
vt 1 1
vt 1 0
vt 0 1
vt 1 1
vt 1 0
vt 0 1
vt 1 1
vt 1 0
vt 0 1
vt 1 1
vt 1 0
vt 0 1
vt 1 1
vt 1 0
vn 0 -0.8687772701926594 -0.49520304400981924
vn 0.6558399400203456 -0.655839940020343 -0.373828765811598
vn 0.6765255728032612 -0.6765255728032612 0.29090599630540237
vn 0.4972171562727677 -0.4972171562727677 0.711020533470057
vn 0 -0.5730776652808028 0.8195010613515422
vn -0.4972171562727661 -0.4972171562727702 0.7110205334700563
vn -0.6765255728032623 -0.6765255728032602 0.2909059963054019
vn -0.6558399400203454 -0.6558399400203435 -0.3738287658115975
vn 0 0 -1
vn 0.7071067811865475 0 -0.7071067811865477
vn 1 0 0
vn 0.7071067811865476 0 0.7071067811865476
vn 0 0 1
vn -0.7071067811865477 0 0.7071067811865475
vn -1 0 0
vn -0.7071067811865476 0 -0.7071067811865476
vn 0 0.5730776652807996 -0.8195010613515447
vn 0.49721715627276775 0.49721715627276675 -0.7110205334700574
vn 0.6765255728032612 0.6765255728032612 -0.29090599630540237
vn 0.6558399400203448 0.6558399400203448 0.37382876581159574
vn 0 0.868777270192657 0.4952030440098234
vn -0.655839940020347 0.6558399400203401 0.3738287658116005
vn -0.6765255728032623 0.6765255728032602 -0.2909059963054019
vn -0.49721715627276797 0.4972171562727664 -0.7110205334700578
vn 0 -0.9186691875800357 0.3950277506594154
vn 0 0.9186691875800357 -0.3950277506594154
vn 3.8077427129852026e-16 -0.9186691875800355 0.39502775065941587
vn -3.8077427129852026e-16 0.9186691875800355 -0.39502775065941587
vn 2.0686483675965698e-17 -0.9186691875800359 0.39502775065941537
vn -2.0686483675965698e-17 0.9186691875800359 -0.39502775065941537
vn -3.8077427129852026e-16 -0.9186691875800355 0.39502775065941587
vn 3.8077427129852026e-16 0.9186691875800355 -0.39502775065941587
vn 0 -0.9186691875800357 0.3950277506594155
vn 0 0.9186691875800357 -0.3950277506594155
vn 3.8077427129852026e-16 -0.9186691875800355 0.39502775065941587
vn -3.8077427129852026e-16 0.9186691875800355 -0.39502775065941587
vn -2.0686483675965698e-17 -0.9186691875800359 0.39502775065941537
vn 2.0686483675965698e-17 0.9186691875800359 -0.39502775065941537
vn -3.8077427129852026e-16 -0.9186691875800355 0.39502775065941587
vn 3.8077427129852026e-16 0.9186691875800355 -0.39502775065941587
usemtl m_cc0b4bb9-8d9e-3b07-ceca-4a7a3c06dc3a
f 137/577/161 145/578/161 146/579/161 138/580/161
f 138/581/162 146/582/162 147/583/162 139/584/162
f 139/585/163 147/586/163 148/587/163 140/588/163
f 140/589/164 148/590/164 149/591/164 141/592/164
f 141/593/165 149/594/165 150/595/165 142/596/165
f 142/597/166 150/598/166 151/599/166 143/600/166
f 143/601/167 151/602/167 152/603/167 144/604/167
f 144/605/168 152/606/168 145/607/168 137/608/168
f 145/609/169 153/610/169 154/611/169 146/612/169
f 146/613/170 154/614/170 155/615/170 147/616/170
f 147/617/171 155/618/171 156/619/171 148/620/171
f 148/621/172 156/622/172 157/623/172 149/624/172
f 149/625/173 157/626/173 158/627/173 150/628/173
f 150/629/174 158/630/174 159/631/174 151/632/174
f 151/633/175 159/634/175 160/635/175 152/636/175
f 152/637/176 160/638/176 153/639/176 145/640/176
f 153/641/177 161/642/177 162/643/177 154/644/177
f 154/645/178 162/646/178 163/647/178 155/648/178
f 155/649/179 163/650/179 164/651/179 156/652/179
f 156/653/180 164/654/180 165/655/180 157/656/180
f 157/657/181 165/658/181 166/659/181 158/660/181
f 158/661/182 166/662/182 167/663/182 159/664/182
f 159/665/183 167/666/183 168/667/183 160/668/183
f 160/669/184 168/670/184 161/671/184 153/672/184
f 169/673/185 137/674/185 138/675/185
f 170/676/186 162/677/186 161/678/186
f 169/679/187 138/680/187 139/681/187
f 170/682/188 163/683/188 162/684/188
f 169/685/189 139/686/189 140/687/189
f 170/688/190 164/689/190 163/690/190
f 169/691/191 140/692/191 141/693/191
f 170/694/192 165/695/192 164/696/192
f 169/697/193 141/698/193 142/699/193
f 170/700/194 166/701/194 165/702/194
f 169/703/195 142/704/195 143/705/195
f 170/706/196 167/707/196 166/708/196
f 169/709/197 143/710/197 144/711/197
f 170/712/198 168/713/198 167/714/198
f 169/715/199 144/716/199 137/717/199
f 170/718/200 161/719/200 168/720/200
o deck_upper_inlay
v 0.146875 0.60915 0.12375
v 0.853125 0.60915 0.12375
v 0.89 0.62500625 0.16062500000000002
v 0.89 0.9160625 0.8375
v 0.853125 0.9319187499999999 0.874375
v 0.146875 0.9319187499999999 0.874375
v 0.11 0.9160625 0.8375
v 0.11 0.62500625 0.16062500000000002
v 0.146875 0.6112875 0.12
v 0.853125 0.6112875 0.12
v 0.89375 0.62875625 0.160625
v 0.89375 0.9198124999999999 0.8375
v 0.853125 0.9372812500000001 0.878125
v 0.146875 0.9372812500000001 0.878125
v 0.10625 0.9198124999999999 0.8375
v 0.10625 0.62875625 0.160625
v 0.146875 0.6156625 0.12
v 0.853125 0.6156625 0.12
v 0.89375 0.63313125 0.160625
v 0.89375 0.9241874999999999 0.8375
v 0.853125 0.9416562500000001 0.878125
v 0.146875 0.9416562500000001 0.878125
v 0.10625 0.9241874999999999 0.8375
v 0.10625 0.63313125 0.160625
v 0.146875 0.621025 0.12375
v 0.853125 0.621025 0.12375
v 0.89 0.6368812500000001 0.16062500000000002
v 0.89 0.9279375000000001 0.8375
v 0.853125 0.94379375 0.874375
v 0.146875 0.94379375 0.874375
v 0.11 0.9279375000000001 0.8375
v 0.11 0.6368812500000001 0.16062500000000002
v 0.5 0.770534375 0.4990625
v 0.5 0.7824093750000001 0.4990625
vt 0 1
vt 1 1
vt 1 0
vt 0 0
vt 0 1
vt 1 1
vt 1 0
vt 0 0
vt 0 1
vt 1 1
vt 1 0
vt 0 0
vt 0 1
vt 1 1
vt 1 0
vt 0 0
vt 0 1
vt 1 1
vt 1 0
vt 0 0
vt 0 1
vt 1 1
vt 1 0
vt 0 0
vt 0 1
vt 1 1
vt 1 0
vt 0 0
vt 0 1
vt 1 1
vt 1 0
vt 0 0
vt 0 1
vt 1 1
vt 1 0
vt 0 0
vt 0 1
vt 1 1
vt 1 0
vt 0 0
vt 0 1
vt 1 1
vt 1 0
vt 0 0
vt 0 1
vt 1 1
vt 1 0
vt 0 0
vt 0 1
vt 1 1
vt 1 0
vt 0 0
vt 0 1
vt 1 1
vt 1 0
vt 0 0
vt 0 1
vt 1 1
vt 1 0
vt 0 0
vt 0 1
vt 1 1
vt 1 0
vt 0 0
vt 0 1
vt 1 1
vt 1 0
vt 0 0
vt 0 1
vt 1 1
vt 1 0
vt 0 0
vt 0 1
vt 1 1
vt 1 0
vt 0 0
vt 0 1
vt 1 1
vt 1 0
vt 0 0
vt 0 1
vt 1 1
vt 1 0
vt 0 0
vt 0 1
vt 1 1
vt 1 0
vt 0 0
vt 0 1
vt 1 1
vt 1 0
vt 0 0
vt 0 1
vt 1 1
vt 1 0
vt 0 0
vt 0 1
vt 1 1
vt 1 0
vt 0 1
vt 1 1
vt 1 0
vt 0 1
vt 1 1
vt 1 0
vt 0 1
vt 1 1
vt 1 0
vt 0 1
vt 1 1
vt 1 0
vt 0 1
vt 1 1
vt 1 0
vt 0 1
vt 1 1
vt 1 0
vt 0 1
vt 1 1
vt 1 0
vt 0 1
vt 1 1
vt 1 0
vt 0 1
vt 1 1
vt 1 0
vt 0 1
vt 1 1
vt 1 0
vt 0 1
vt 1 1
vt 1 0
vt 0 1
vt 1 1
vt 1 0
vt 0 1
vt 1 1
vt 1 0
vt 0 1
vt 1 1
vt 1 0
vt 0 1
vt 1 1
vt 1 0
vn 0 -0.8687772701926596 -0.49520304400981896
vn 0.6558399400203454 -0.6558399400203432 -0.37382876581159785
vn 0.6765255728032624 -0.6765255728032602 0.2909059963054018
vn 0.49721715627276086 -0.49721715627277563 0.7110205334700561
vn 0 -0.573077665280792 0.8195010613515499
vn -0.4972171562727723 -0.49721715627275864 0.71102053347006
vn -0.6765255728032531 -0.6765255728032681 0.29090599630540515
vn -0.6558399400203455 -0.6558399400203434 -0.37382876581159746
vn 0 0 -1
vn 0.7071067811865474 0 -0.7071067811865478
vn 1 0 0
vn 0.7071067811865476 0 0.7071067811865476
vn 0 0 1
vn -0.7071067811865477 0 0.7071067811865475
vn -1 0 0
vn -0.7071067811865475 0 -0.7071067811865477
vn 0 0.573077665280797 -0.8195010613515463
vn 0.4972171562727698 0.49721715627276386 -0.711020533470058
vn 0.67652557280326 0.6765255728032622 -0.29090599630540276
vn 0.6558399400203505 0.6558399400203312 0.3738287658116098
vn 0 0.8687772701926723 0.49520304400979664
vn -0.6558399400203372 0.6558399400203591 0.37382876581158464
vn -0.6765255728032747 0.6765255728032498 -0.29090599630539743
vn -0.4972171562727668 0.49721715627276836 -0.711020533470057
vn 0 -0.9186691875800357 0.39502775065941537
vn 0 0.9186691875800357 -0.39502775065941537
vn 0 -0.9186691875800357 0.3950277506594153
vn 0 0.9186691875800357 -0.3950277506594153
vn 0 -0.9186691875800357 0.39502775065941537
vn 0 0.9186691875800357 -0.39502775065941537
vn 9.492597456560106e-16 -0.9186691875800364 0.39502775065941415
vn -9.492597456560106e-16 0.9186691875800364 -0.39502775065941415
vn 0 -0.9186691875800358 0.39502775065941526
vn 0 0.9186691875800358 -0.39502775065941526
vn -9.492597456560106e-16 -0.9186691875800364 0.39502775065941415
vn 9.492597456560106e-16 0.9186691875800364 -0.39502775065941415
vn 0 -0.9186691875800357 0.39502775065941537
vn 0 0.9186691875800357 -0.39502775065941537
vn 0 -0.9186691875800357 0.3950277506594153
vn 0 0.9186691875800357 -0.3950277506594153
usemtl m_2dfc0309-2b3e-7f98-dd78-5cd9610de7bb
f 171/721/201 179/722/201 180/723/201 172/724/201
f 172/725/202 180/726/202 181/727/202 173/728/202
f 173/729/203 181/730/203 182/731/203 174/732/203
f 174/733/204 182/734/204 183/735/204 175/736/204
f 175/737/205 183/738/205 184/739/205 176/740/205
f 176/741/206 184/742/206 185/743/206 177/744/206
f 177/745/207 185/746/207 186/747/207 178/748/207
f 178/749/208 186/750/208 179/751/208 171/752/208
f 179/753/209 187/754/209 188/755/209 180/756/209
f 180/757/210 188/758/210 189/759/210 181/760/210
f 181/761/211 189/762/211 190/763/211 182/764/211
f 182/765/212 190/766/212 191/767/212 183/768/212
f 183/769/213 191/770/213 192/771/213 184/772/213
f 184/773/214 192/774/214 193/775/214 185/776/214
f 185/777/215 193/778/215 194/779/215 186/780/215
f 186/781/216 194/782/216 187/783/216 179/784/216
f 187/785/217 195/786/217 196/787/217 188/788/217
f 188/789/218 196/790/218 197/791/218 189/792/218
f 189/793/219 197/794/219 198/795/219 190/796/219
f 190/797/220 198/798/220 199/799/220 191/800/220
f 191/801/221 199/802/221 200/803/221 192/804/221
f 192/805/222 200/806/222 201/807/222 193/808/222
f 193/809/223 201/810/223 202/811/223 194/812/223
f 194/813/224 202/814/224 195/815/224 187/816/224
f 203/817/225 171/818/225 172/819/225
f 204/820/226 196/821/226 195/822/226
f 203/823/227 172/824/227 173/825/227
f 204/826/228 197/827/228 196/828/228
f 203/829/229 173/830/229 174/831/229
f 204/832/230 198/833/230 197/834/230
f 203/835/231 174/836/231 175/837/231
f 204/838/232 199/839/232 198/840/232
f 203/841/233 175/842/233 176/843/233
f 204/844/234 200/845/234 199/846/234
f 203/847/235 176/848/235 177/849/235
f 204/850/236 201/851/236 200/852/236
f 203/853/237 177/854/237 178/855/237
f 204/856/238 202/857/238 201/858/238
f 203/859/239 178/860/239 171/861/239
f 204/862/240 195/863/240 202/864/240
o continuous_chamfered_outer_frame
v 0.10125 0.5909 0.09875
v 0.89875 0.5909 0.09875
v 0.945625 0.61105625 0.145625
v 0.945625 0.916625 0.85625
v 0.89875 0.9367812499999999 0.903125
v 0.10125 0.9367812499999999 0.903125
v 0.054375 0.916625 0.85625
v 0.054375 0.61105625 0.145625
v 0.10125 0.59624375 0.089375
v 0.8987499999999999 0.59624375 0.089375
v 0.955 0.62043125 0.145625
v 0.955 0.9259999999999999 0.85625
v 0.8987499999999999 0.9501875 0.9125
v 0.10125 0.9501875 0.9125
v 0.045 0.9259999999999999 0.85625
v 0.045 0.62043125 0.145625
v 0.10125 0.61624375 0.089375
v 0.8987499999999999 0.61624375 0.089375
v 0.955 0.64043125 0.145625
v 0.955 0.946 0.85625
v 0.8987499999999999 0.9701875 0.9125
v 0.10125 0.9701875 0.9125
v 0.045 0.946 0.85625
v 0.045 0.64043125 0.145625
v 0.10125 0.6296499999999999 0.09875
v 0.89875 0.6296499999999999 0.09875
v 0.945625 0.6498062499999999 0.145625
v 0.945625 0.9553749999999999 0.85625
v 0.89875 0.97553125 0.903125
v 0.10125 0.97553125 0.903125
v 0.054375 0.9553749999999999 0.85625
v 0.054375 0.6498062499999999 0.145625
v 0.146875 0.6476562499999999 0.140625
v 0.853125 0.6476562499999999 0.140625
v 0.884375 0.6610937499999999 0.171875
v 0.884375 0.9478499999999999 0.83875
v 0.853125 0.9612875 0.87
v 0.146875 0.9612875 0.87
v 0.115625 0.9478499999999999 0.83875
v 0.115625 0.6610937499999999 0.171875
v 0.146875 0.6423125000000001 0.15
v 0.853125 0.6423125000000001 0.15
v 0.875 0.65171875 0.171875
v 0.875 0.938475 0.83875
v 0.853125 0.94788125 0.860625
v 0.146875 0.94788125 0.860625
v 0.125 0.938475 0.83875
v 0.125 0.65171875 0.171875
v 0.146875 0.6223125 0.15
v 0.853125 0.6223125 0.15
v 0.875 0.63171875 0.171875
v 0.875 0.9184749999999999 0.83875
v 0.853125 0.92788125 0.860625
v 0.146875 0.92788125 0.860625
v 0.125 0.9184749999999999 0.83875
v 0.125 0.63171875 0.171875
v 0.146875 0.60890625 0.140625
v 0.853125 0.60890625 0.140625
v 0.884375 0.62234375 0.171875
v 0.884375 0.9091 0.83875
v 0.853125 0.9225375 0.87
v 0.146875 0.9225375 0.87
v 0.115625 0.9091 0.83875
v 0.115625 0.62234375 0.171875
vt 0 1
vt 1 1
vt 1 0
vt 0 0
vt 0 1
vt 1 1
vt 1 0
vt 0 0
vt 0 1
vt 1 1
vt 1 0
vt 0 0
vt 0 1
vt 1 1
vt 1 0
vt 0 0
vt 0 1
vt 1 1
vt 1 0
vt 0 0
vt 0 1
vt 1 1
vt 1 0
vt 0 0
vt 0 1
vt 1 1
vt 1 0
vt 0 0
vt 0 1
vt 1 1
vt 1 0
vt 0 0
vt 0 1
vt 1 1
vt 1 0
vt 0 0
vt 0 1
vt 1 1
vt 1 0
vt 0 0
vt 0 1
vt 1 1
vt 1 0
vt 0 0
vt 0 1
vt 1 1
vt 1 0
vt 0 0
vt 0 1
vt 1 1
vt 1 0
vt 0 0
vt 0 1
vt 1 1
vt 1 0
vt 0 0
vt 0 1
vt 1 1
vt 1 0
vt 0 0
vt 0 1
vt 1 1
vt 1 0
vt 0 0
vt 0 1
vt 1 1
vt 1 0
vt 0 0
vt 0 1
vt 1 1
vt 1 0
vt 0 0
vt 0 1
vt 1 1
vt 1 0
vt 0 0
vt 0 1
vt 1 1
vt 1 0
vt 0 0
vt 0 1
vt 1 1
vt 1 0
vt 0 0
vt 0 1
vt 1 1
vt 1 0
vt 0 0
vt 0 1
vt 1 1
vt 1 0
vt 0 0
vt 0 1
vt 1 1
vt 1 0
vt 0 0
vt 0 1
vt 1 1
vt 1 0
vt 0 0
vt 0 1
vt 1 1
vt 1 0
vt 0 0
vt 0 1
vt 1 1
vt 1 0
vt 0 0
vt 0 1
vt 1 1
vt 1 0
vt 0 0
vt 0 1
vt 1 1
vt 1 0
vt 0 0
vt 0 1
vt 1 1
vt 1 0
vt 0 0
vt 0 1
vt 1 1
vt 1 0
vt 0 0
vt 0 1
vt 1 1
vt 1 0
vt 0 0
vt 0 1
vt 1 1
vt 1 0
vt 0 0
vt 0 1
vt 1 1
vt 1 0
vt 0 0
vt 0 1
vt 1 1
vt 1 0
vt 0 0
vt 0 1
vt 1 1
vt 1 0
vt 0 0
vt 0 1
vt 1 1
vt 1 0
vt 0 0
vt 0 1
vt 1 1
vt 1 0
vt 0 0
vt 0 1
vt 1 1
vt 1 0
vt 0 0
vt 0 1
vt 1 1
vt 1 0
vt 0 0
vt 0 1
vt 1 1
vt 1 0
vt 0 0
vt 0 1
vt 1 1
vt 1 0
vt 0 0
vt 0 1
vt 1 1
vt 1 0
vt 0 0
vt 0 1
vt 1 1
vt 1 0
vt 0 0
vt 0 1
vt 1 1
vt 1 0
vt 0 0
vt 0 1
vt 1 1
vt 1 0
vt 0 0
vt 0 1
vt 1 1
vt 1 0
vt 0 0
vt 0 1
vt 1 1
vt 1 0
vt 0 0
vt 0 1
vt 1 1
vt 1 0
vt 0 0
vt 0 1
vt 1 1
vt 1 0
vt 0 0
vt 0 1
vt 1 1
vt 1 0
vt 0 0
vt 0 1
vt 1 1
vt 1 0
vt 0 0
vt 0 1
vt 1 1
vt 1 0
vt 0 0
vt 0 1
vt 1 1
vt 1 0
vt 0 0
vt 0 1
vt 1 1
vt 1 0
vt 0 0
vt 0 1
vt 1 1
vt 1 0
vt 0 0
vt 0 1
vt 1 1
vt 1 0
vt 0 0
vt 0 1
vt 1 1
vt 1 0
vt 0 0
vt 0 1
vt 1 1
vt 1 0
vt 0 0
vt 0 1
vt 1 1
vt 1 0
vt 0 0
vt 0 1
vt 1 1
vt 1 0
vt 0 0
vt 0 1
vt 1 1
vt 1 0
vt 0 0
vt 0 1
vt 1 1
vt 1 0
vt 0 0
vt 0 1
vt 1 1
vt 1 0
vt 0 0
vn 0 -0.8687772701926619 -0.495203044009815
vn 0.6558399400203467 -0.6558399400203405 -0.3738287658116002
vn 0.6765255728032656 -0.6765255728032575 0.2909059963054007
vn 0.49721715627276736 -0.49721715627276736 0.7110205334700574
vn 0 -0.5730776652807992 0.8195010613515448
vn -0.497217156272768 -0.4972171562727664 0.7110205334700577
vn -0.6765255728032576 -0.6765255728032642 0.29090599630540354
vn -0.6558399400203453 -0.6558399400203438 -0.3738287658115972
vn 0 0 -1
vn 0.7071067811865475 0 -0.7071067811865476
vn 1 0 0
vn 0.7071067811865476 0 0.7071067811865476
vn 0 0 1
vn -0.7071067811865476 0 0.7071067811865475
vn -1 0 0
vn -0.7071067811865476 0 -0.7071067811865476
vn 0 0.5730776652808018 -0.8195010613515431
vn 0.4972171562727686 0.49721715627276564 -0.7110205334700577
vn 0.6765255728032612 0.6765255728032612 -0.29090599630540226
vn 0.6558399400203451 0.6558399400203451 0.3738287658115953
vn 0 0.8687772701926623 0.4952030440098145
vn -0.6558399400203447 0.6558399400203457 0.3738287658115948
vn -0.6765255728032576 0.6765255728032642 -0.29090599630540354
vn -0.4972171562727655 0.4972171562727703 -0.7110205334700566
vn 0 0.9186691875800357 -0.39502775065941537
vn 1.4570395486643464e-16 0.9186691875800359 -0.39502775065941537
vn 1.560626106482095e-16 0.9186691875800359 -0.3950277506594153
vn 4.1991070326090503e-16 0.9186691875800347 -0.39502775065941753
vn 0 0.9186691875800355 -0.39502775065941576
vn -1.0927796614982595e-15 0.918669187580035 -0.395027750659417
vn 3.316330476274453e-16 0.9186691875800357 -0.3950277506594153
vn -1.5936370063516293e-16 0.9186691875800359 -0.39502775065941537
vn 0 0.8687772701926659 0.49520304400980775
vn -0.6558399400203414 0.6558399400203511 0.3738287658115912
vn -0.6765255728032569 0.6765255728032649 -0.2909059963054038
vn -0.49721715627276447 0.49721715627277036 -0.7110205334700572
vn 0 0.5730776652808024 -0.8195010613515427
vn 0.49721715627276414 0.49721715627277047 -0.7110205334700576
vn 0.6765255728032579 0.676525572803264 -0.2909059963054034
vn 0.6558399400203424 0.6558399400203482 0.37382876581159424
vn 0 0 1
vn -0.707106781186548 0 0.7071067811865471
vn -1 0 0
vn -0.7071067811865476 0 -0.7071067811865476
vn 0 0 -1
vn 0.7071067811865471 0 -0.707106781186548
vn 1 0 0
vn 0.7071067811865476 0 0.7071067811865476
vn 0 -0.5730776652807981 0.8195010613515455
vn -0.49721715627276897 -0.497217156272765 0.7110205334700578
vn -0.6765255728032612 -0.6765255728032612 0.29090599630540237
vn -0.6558399400203422 -0.65583994002035 -0.37382876581159186
vn 0 -0.8687772701926623 -0.4952030440098145
vn 0.6558399400203438 -0.6558399400203463 -0.37382876581159513
vn 0.6765255728032579 -0.676525572803264 0.29090599630540354
vn 0.4972171562727681 -0.4972171562727666 0.7110205334700576
vn 0 -0.9186691875800358 0.3950277506594155
vn -1.608814501650216e-16 -0.9186691875800359 0.39502775065941537
vn -7.3227267177502e-17 -0.9186691875800357 0.3950277506594155
vn 7.824842020604831e-16 -0.9186691875800364 0.39502775065941403
vn 0 -0.9186691875800368 0.39502775065941326
vn 7.420108812642517e-17 -0.9186691875800368 0.39502775065941326
vn -2.9290906871000804e-16 -0.9186691875800357 0.3950277506594154
vn 1.699879473441738e-16 -0.9186691875800359 0.39502775065941537
usemtl m_271d5456-b82a-cd52-8961-d33bbbc6ae92
f 205/865/241 213/866/241 214/867/241 206/868/241
f 206/869/242 214/870/242 215/871/242 207/872/242
f 207/873/243 215/874/243 216/875/243 208/876/243
f 208/877/244 216/878/244 217/879/244 209/880/244
f 209/881/245 217/882/245 218/883/245 210/884/245
f 210/885/246 218/886/246 219/887/246 211/888/246
f 211/889/247 219/890/247 220/891/247 212/892/247
f 212/893/248 220/894/248 213/895/248 205/896/248
f 213/897/249 221/898/249 222/899/249 214/900/249
f 214/901/250 222/902/250 223/903/250 215/904/250
f 215/905/251 223/906/251 224/907/251 216/908/251
f 216/909/252 224/910/252 225/911/252 217/912/252
f 217/913/253 225/914/253 226/915/253 218/916/253
f 218/917/254 226/918/254 227/919/254 219/920/254
f 219/921/255 227/922/255 228/923/255 220/924/255
f 220/925/256 228/926/256 221/927/256 213/928/256
f 221/929/257 229/930/257 230/931/257 222/932/257
f 222/933/258 230/934/258 231/935/258 223/936/258
f 223/937/259 231/938/259 232/939/259 224/940/259
f 224/941/260 232/942/260 233/943/260 225/944/260
f 225/945/261 233/946/261 234/947/261 226/948/261
f 226/949/262 234/950/262 235/951/262 227/952/262
f 227/953/263 235/954/263 236/955/263 228/956/263
f 228/957/264 236/958/264 229/959/264 221/960/264
f 229/961/265 237/962/265 238/963/265 230/964/265
f 230/965/266 238/966/266 239/967/266 231/968/266
f 231/969/267 239/970/267 240/971/267 232/972/267
f 232/973/268 240/974/268 241/975/268 233/976/268
f 233/977/269 241/978/269 242/979/269 234/980/269
f 234/981/270 242/982/270 243/983/270 235/984/270
f 235/985/271 243/986/271 244/987/271 236/988/271
f 236/989/272 244/990/272 237/991/272 229/992/272
f 237/993/273 245/994/273 246/995/273 238/996/273
f 238/997/274 246/998/274 247/999/274 239/1000/274
f 239/1001/275 247/1002/275 248/1003/275 240/1004/275
f 240/1005/276 248/1006/276 249/1007/276 241/1008/276
f 241/1009/277 249/1010/277 250/1011/277 242/1012/277
f 242/1013/278 250/1014/278 251/1015/278 243/1016/278
f 243/1017/279 251/1018/279 252/1019/279 244/1020/279
f 244/1021/280 252/1022/280 245/1023/280 237/1024/280
f 245/1025/281 253/1026/281 254/1027/281 246/1028/281
f 246/1029/282 254/1030/282 255/1031/282 247/1032/282
f 247/1033/283 255/1034/283 256/1035/283 248/1036/283
f 248/1037/284 256/1038/284 257/1039/284 249/1040/284
f 249/1041/285 257/1042/285 258/1043/285 250/1044/285
f 250/1045/286 258/1046/286 259/1047/286 251/1048/286
f 251/1049/287 259/1050/287 260/1051/287 252/1052/287
f 252/1053/288 260/1054/288 253/1055/288 245/1056/288
f 253/1057/289 261/1058/289 262/1059/289 254/1060/289
f 254/1061/290 262/1062/290 263/1063/290 255/1064/290
f 255/1065/291 263/1066/291 264/1067/291 256/1068/291
f 256/1069/292 264/1070/292 265/1071/292 257/1072/292
f 257/1073/293 265/1074/293 266/1075/293 258/1076/293
f 258/1077/294 266/1078/294 267/1079/294 259/1080/294
f 259/1081/295 267/1082/295 268/1083/295 260/1084/295
f 260/1085/296 268/1086/296 261/1087/296 253/1088/296
f 261/1089/297 205/1090/297 206/1091/297 262/1092/297
f 262/1093/298 206/1094/298 207/1095/298 263/1096/298
f 263/1097/299 207/1098/299 208/1099/299 264/1100/299
f 264/1101/300 208/1102/300 209/1103/300 265/1104/300
f 265/1105/301 209/1106/301 210/1107/301 266/1108/301
f 266/1109/302 210/1110/302 211/1111/302 267/1112/302
f 267/1113/303 211/1114/303 212/1115/303 268/1116/303
f 268/1117/304 212/1118/304 205/1119/304 261/1120/304
o navigation_screen_rim
v 0.18625 0.70595625 0.325625
v 0.7000000000000001 0.70595625 0.325625
v 0.718125 0.71375 0.34375
v 0.718125 0.91585 0.8137500000000001
v 0.7000000000000001 0.92364375 0.831875
v 0.18625 0.92364375 0.831875
v 0.168125 0.91585 0.8137500000000001
v 0.168125 0.71375 0.34375
v 0.18625 0.7091624999999999 0.32
v 0.7 0.7091624999999999 0.32
v 0.72375 0.719375 0.34375
v 0.72375 0.9214749999999999 0.81375
v 0.7 0.9316875 0.8375
v 0.18625 0.9316875 0.8375
v 0.1625 0.9214749999999999 0.81375
v 0.1625 0.719375 0.34375
v 0.18625 0.7160375 0.32
v 0.7 0.7160375 0.32
v 0.72375 0.7262500000000001 0.34375
v 0.72375 0.92835 0.81375
v 0.7 0.9385625 0.8375
v 0.18625 0.9385625 0.8375
v 0.1625 0.92835 0.81375
v 0.1625 0.7262500000000001 0.34375
v 0.18625 0.72408125 0.325625
v 0.7000000000000001 0.72408125 0.325625
v 0.718125 0.731875 0.34375
v 0.718125 0.933975 0.8137500000000001
v 0.7000000000000001 0.94176875 0.831875
v 0.18625 0.94176875 0.831875
v 0.168125 0.933975 0.8137500000000001
v 0.168125 0.731875 0.34375
v 0.200625 0.72999375 0.339375
v 0.6856249999999999 0.72999375 0.339375
v 0.704375 0.73805625 0.35812499999999997
v 0.704375 0.92779375 0.799375
v 0.6856249999999999 0.9358562500000001 0.818125
v 0.200625 0.9358562500000001 0.818125
v 0.181875 0.92779375 0.799375
v 0.181875 0.73805625 0.35812499999999997
v 0.200625 0.726875 0.34375
v 0.6856249999999999 0.726875 0.34375
v 0.7 0.73305625 0.358125
v 0.7 0.92279375 0.799375
v 0.6856249999999999 0.928975 0.81375
v 0.200625 0.928975 0.81375
v 0.18625 0.92279375 0.799375
v 0.18625 0.73305625 0.358125
v 0.200625 0.71375 0.34375
v 0.6856249999999999 0.71375 0.34375
v 0.7 0.7199312499999999 0.358125
v 0.7 0.9096687499999999 0.799375
v 0.6856249999999999 0.9158499999999999 0.81375
v 0.200625 0.9158499999999999 0.81375
v 0.18625 0.9096687499999999 0.799375
v 0.18625 0.7199312499999999 0.358125
vt 0 1
vt 1 1
vt 1 0
vt 0 0
vt 0 1
vt 1 1
vt 1 0
vt 0 0
vt 0 1
vt 1 1
vt 1 0
vt 0 0
vt 0 1
vt 1 1
vt 1 0
vt 0 0
vt 0 1
vt 1 1
vt 1 0
vt 0 0
vt 0 1
vt 1 1
vt 1 0
vt 0 0
vt 0 1
vt 1 1
vt 1 0
vt 0 0
vt 0 1
vt 1 1
vt 1 0
vt 0 0
vt 0 1
vt 1 1
vt 1 0
vt 0 0
vt 0 1
vt 1 1
vt 1 0
vt 0 0
vt 0 1
vt 1 1
vt 1 0
vt 0 0
vt 0 1
vt 1 1
vt 1 0
vt 0 0
vt 0 1
vt 1 1
vt 1 0
vt 0 0
vt 0 1
vt 1 1
vt 1 0
vt 0 0
vt 0 1
vt 1 1
vt 1 0
vt 0 0
vt 0 1
vt 1 1
vt 1 0
vt 0 0
vt 0 1
vt 1 1
vt 1 0
vt 0 0
vt 0 1
vt 1 1
vt 1 0
vt 0 0
vt 0 1
vt 1 1
vt 1 0
vt 0 0
vt 0 1
vt 1 1
vt 1 0
vt 0 0
vt 0 1
vt 1 1
vt 1 0
vt 0 0
vt 0 1
vt 1 1
vt 1 0
vt 0 0
vt 0 1
vt 1 1
vt 1 0
vt 0 0
vt 0 1
vt 1 1
vt 1 0
vt 0 0
vt 0 1
vt 1 1
vt 1 0
vt 0 0
vt 0 1
vt 1 1
vt 1 0
vt 0 0
vt 0 1
vt 1 1
vt 1 0
vt 0 0
vt 0 1
vt 1 1
vt 1 0
vt 0 0
vt 0 1
vt 1 1
vt 1 0
vt 0 0
vt 0 1
vt 1 1
vt 1 0
vt 0 0
vt 0 1
vt 1 1
vt 1 0
vt 0 0
vt 0 1
vt 1 1
vt 1 0
vt 0 0
vt 0 1
vt 1 1
vt 1 0
vt 0 0
vt 0 1
vt 1 1
vt 1 0
vt 0 0
vt 0 1
vt 1 1
vt 1 0
vt 0 0
vt 0 1
vt 1 1
vt 1 0
vt 0 0
vt 0 1
vt 1 1
vt 1 0
vt 0 0
vt 0 1
vt 1 1
vt 1 0
vt 0 0
vt 0 1
vt 1 1
vt 1 0
vt 0 0
vt 0 1
vt 1 1
vt 1 0
vt 0 0
vt 0 1
vt 1 1
vt 1 0
vt 0 0
vt 0 1
vt 1 1
vt 1 0
vt 0 0
vt 0 1
vt 1 1
vt 1 0
vt 0 0
vt 0 1
vt 1 1
vt 1 0
vt 0 0
vt 0 1
vt 1 1
vt 1 0
vt 0 0
vt 0 1
vt 1 1
vt 1 0
vt 0 0
vt 0 1
vt 1 1
vt 1 0
vt 0 0
vt 0 1
vt 1 1
vt 1 0
vt 0 0
vt 0 1
vt 1 1
vt 1 0
vt 0 0
vt 0 1
vt 1 1
vt 1 0
vt 0 0
vt 0 1
vt 1 1
vt 1 0
vt 0 0
vt 0 1
vt 1 1
vt 1 0
vt 0 0
vt 0 1
vt 1 1
vt 1 0
vt 0 0
vt 0 1
vt 1 1
vt 1 0
vt 0 0
vt 0 1
vt 1 1
vt 1 0
vt 0 0
vt 0 1
vt 1 1
vt 1 0
vt 0 0
vn 0 -0.8687772701926627 -0.4952030440098133
vn 0.6558399400203482 -0.655839940020338 -0.3738287658116023
vn 0.6765255728032612 -0.6765255728032612 0.29090599630540226
vn 0.49721715627276875 -0.4972171562727645 0.7110205334700584
vn 0 -0.5730776652807987 0.8195010613515452
vn -0.4972171562727686 -0.49721715627276586 0.7110205334700577
vn -0.6765255728032571 -0.6765255728032648 0.29090599630540376
vn -0.6558399400203452 -0.6558399400203452 -0.37382876581159474
vn 0 0 -1
vn 0.7071067811865468 0 -0.7071067811865483
vn 1 0 0
vn 0.7071067811865476 0 0.7071067811865476
vn 0 0 1
vn -0.7071067811865483 0 0.7071067811865467
vn -1 0 0
vn -0.7071067811865476 0 -0.7071067811865476
vn 0 0.5730776652807987 -0.8195010613515452
vn 0.49721715627277246 0.49721715627275986 -0.711020533470059
vn 0.6765255728032612 0.6765255728032612 -0.2909059963054022
vn 0.6558399400203477 0.6558399400203403 0.3738287658115989
vn 0 0.8687772701926555 0.49520304400982645
vn -0.6558399400203481 0.6558399400203382 0.3738287658116023
vn -0.6765255728032582 0.6765255728032639 -0.29090599630540337
vn -0.4972171562727669 0.4972171562727669 -0.7110205334700579
vn 0 0.9186691875800358 -0.39502775065941503
vn 3.305321198358918e-16 0.9186691875800361 -0.39502775065941476
vn -4.793633848618844e-15 0.9186691875800357 -0.39502775065941537
vn 2.6678663958182593e-15 0.9186691875800357 -0.3950277506594158
vn 0 0.9186691875800365 -0.39502775065941365
vn -2.5498192101626e-15 0.9186691875800356 -0.3950277506594159
vn -2.1669851644441392e-15 0.9186691875800358 -0.39502775065941537
vn 1.7648054255523638e-15 0.9186691875800368 -0.3950277506594129
vn 0 0.8142832980621676 0.5804676653328759
vn -0.681251852800485 0.5960953712004355 0.4249308431843016
vn -0.7241076342805521 0.6335941799954821 -0.27244549739805735
vn -0.5227305784061831 0.45738925610541165 -0.7194079585315104
vn 0 0.5365282813798 -0.8438823397130896
vn 0.5227305784061854 0.45738925610540876 -0.7194079585315106
vn 0.7241076342805527 0.6335941799954816 -0.2724454973980571
vn 0.6812518528004876 0.5960953712004295 0.42493084318430563
vn 0 0 1
vn -0.7071067811865476 0 0.7071067811865476
vn -1 0 0
vn -0.7071067811865476 0 -0.7071067811865476
vn 0 0 -1
vn 0.7071067811865482 0 -0.7071067811865468
vn 1 0 0
vn 0.7071067811865482 0 0.7071067811865468
vn 0 -0.9186691875800349 0.39502775065941714
vn 0 -0.9186691875800349 0.39502775065941714
vn 4.863925125768711e-15 -0.9186691875800357 0.3950277506594153
vn 3.2549084745112736e-15 -0.9186691875800354 0.3950277506594162
vn 0 -0.9186691875800355 0.39502775065941614
vn -1.788796245898692e-15 -0.918669187580036 0.39502775065941503
vn -3.928554909274741e-15 -0.9186691875800358 0.3950277506594155
vn -3.635352322181434e-15 -0.9186691875800364 0.39502775065941415
usemtl m_2dfc0309-2b3e-7f98-dd78-5cd9610de7bb
f 269/1121/305 277/1122/305 278/1123/305 270/1124/305
f 270/1125/306 278/1126/306 279/1127/306 271/1128/306
f 271/1129/307 279/1130/307 280/1131/307 272/1132/307
f 272/1133/308 280/1134/308 281/1135/308 273/1136/308
f 273/1137/309 281/1138/309 282/1139/309 274/1140/309
f 274/1141/310 282/1142/310 283/1143/310 275/1144/310
f 275/1145/311 283/1146/311 284/1147/311 276/1148/311
f 276/1149/312 284/1150/312 277/1151/312 269/1152/312
f 277/1153/313 285/1154/313 286/1155/313 278/1156/313
f 278/1157/314 286/1158/314 287/1159/314 279/1160/314
f 279/1161/315 287/1162/315 288/1163/315 280/1164/315
f 280/1165/316 288/1166/316 289/1167/316 281/1168/316
f 281/1169/317 289/1170/317 290/1171/317 282/1172/317
f 282/1173/318 290/1174/318 291/1175/318 283/1176/318
f 283/1177/319 291/1178/319 292/1179/319 284/1180/319
f 284/1181/320 292/1182/320 285/1183/320 277/1184/320
f 285/1185/321 293/1186/321 294/1187/321 286/1188/321
f 286/1189/322 294/1190/322 295/1191/322 287/1192/322
f 287/1193/323 295/1194/323 296/1195/323 288/1196/323
f 288/1197/324 296/1198/324 297/1199/324 289/1200/324
f 289/1201/325 297/1202/325 298/1203/325 290/1204/325
f 290/1205/326 298/1206/326 299/1207/326 291/1208/326
f 291/1209/327 299/1210/327 300/1211/327 292/1212/327
f 292/1213/328 300/1214/328 293/1215/328 285/1216/328
f 293/1217/329 301/1218/329 302/1219/329 294/1220/329
f 294/1221/330 302/1222/330 303/1223/330 295/1224/330
f 295/1225/331 303/1226/331 304/1227/331 296/1228/331
f 296/1229/332 304/1230/332 305/1231/332 297/1232/332
f 297/1233/333 305/1234/333 306/1235/333 298/1236/333
f 298/1237/334 306/1238/334 307/1239/334 299/1240/334
f 299/1241/335 307/1242/335 308/1243/335 300/1244/335
f 300/1245/336 308/1246/336 301/1247/336 293/1248/336
f 301/1249/337 309/1250/337 310/1251/337 302/1252/337
f 302/1253/338 310/1254/338 311/1255/338 303/1256/338
f 303/1257/339 311/1258/339 312/1259/339 304/1260/339
f 304/1261/340 312/1262/340 313/1263/340 305/1264/340
f 305/1265/341 313/1266/341 314/1267/341 306/1268/341
f 306/1269/342 314/1270/342 315/1271/342 307/1272/342
f 307/1273/343 315/1274/343 316/1275/343 308/1276/343
f 308/1277/344 316/1278/344 309/1279/344 301/1280/344
f 309/1281/345 317/1282/345 318/1283/345 310/1284/345
f 310/1285/346 318/1286/346 319/1287/346 311/1288/346
f 311/1289/347 319/1290/347 320/1291/347 312/1292/347
f 312/1293/348 320/1294/348 321/1295/348 313/1296/348
f 313/1297/349 321/1298/349 322/1299/349 314/1300/349
f 314/1301/350 322/1302/350 323/1303/350 315/1304/350
f 315/1305/351 323/1306/351 324/1307/351 316/1308/351
f 316/1309/352 324/1310/352 317/1311/352 309/1312/352
f 317/1313/353 269/1314/353 270/1315/353 318/1316/353
f 318/1317/354 270/1318/354 271/1319/354 319/1320/354
f 319/1321/355 271/1322/355 272/1323/355 320/1324/355
f 320/1325/356 272/1326/356 273/1327/356 321/1328/356
f 321/1329/357 273/1330/357 274/1331/357 322/1332/357
f 322/1333/358 274/1334/358 275/1335/358 323/1336/358
f 323/1337/359 275/1338/359 276/1339/359 324/1340/359
f 324/1341/360 276/1342/360 269/1343/360 317/1344/360
o inset_chart_glass
v 0.200625 0.725046875 0.3453125
v 0.6856249999999999 0.725046875 0.3453125
v 0.6984374999999999 0.73055625 0.358125
v 0.6984374999999999 0.9202937499999999 0.799375
v 0.6856249999999999 0.925803125 0.8121875
v 0.200625 0.925803125 0.8121875
v 0.1878125 0.9202937499999999 0.799375
v 0.1878125 0.73055625 0.358125
v 0.200625 0.7259375 0.34375
v 0.6856249999999999 0.7259375 0.34375
v 0.7 0.7321187499999999 0.358125
v 0.7 0.9218562499999999 0.799375
v 0.6856249999999999 0.9280375 0.81375
v 0.200625 0.9280375 0.81375
v 0.18625 0.9218562499999999 0.799375
v 0.18625 0.7321187499999999 0.358125
v 0.200625 0.7275 0.34375
v 0.6856249999999999 0.7275 0.34375
v 0.7 0.7336812500000001 0.358125
v 0.7 0.92341875 0.799375
v 0.6856249999999999 0.9296 0.81375
v 0.200625 0.9296 0.81375
v 0.18625 0.92341875 0.799375
v 0.18625 0.7336812500000001 0.358125
v 0.200625 0.729734375 0.3453125
v 0.6856249999999999 0.729734375 0.3453125
v 0.6984374999999999 0.73524375 0.358125
v 0.6984374999999999 0.92498125 0.799375
v 0.6856249999999999 0.930490625 0.8121875
v 0.200625 0.930490625 0.8121875
v 0.1878125 0.92498125 0.799375
v 0.1878125 0.73524375 0.358125
v 0.443125 0.825425 0.57875
v 0.443125 0.8301125 0.57875
vt 0 1
vt 1 1
vt 1 0
vt 0 0
vt 0 1
vt 1 1
vt 1 0
vt 0 0
vt 0 1
vt 1 1
vt 1 0
vt 0 0
vt 0 1
vt 1 1
vt 1 0
vt 0 0
vt 0 1
vt 1 1
vt 1 0
vt 0 0
vt 0 1
vt 1 1
vt 1 0
vt 0 0
vt 0 1
vt 1 1
vt 1 0
vt 0 0
vt 0 1
vt 1 1
vt 1 0
vt 0 0
vt 0 1
vt 1 1
vt 1 0
vt 0 0
vt 0 1
vt 1 1
vt 1 0
vt 0 0
vt 0 1
vt 1 1
vt 1 0
vt 0 0
vt 0 1
vt 1 1
vt 1 0
vt 0 0
vt 0 1
vt 1 1
vt 1 0
vt 0 0
vt 0 1
vt 1 1
vt 1 0
vt 0 0
vt 0 1
vt 1 1
vt 1 0
vt 0 0
vt 0 1
vt 1 1
vt 1 0
vt 0 0
vt 0 1
vt 1 1
vt 1 0
vt 0 0
vt 0 1
vt 1 1
vt 1 0
vt 0 0
vt 0 1
vt 1 1
vt 1 0
vt 0 0
vt 0 1
vt 1 1
vt 1 0
vt 0 0
vt 0 1
vt 1 1
vt 1 0
vt 0 0
vt 0 1
vt 1 1
vt 1 0
vt 0 0
vt 0 1
vt 1 1
vt 1 0
vt 0 0
vt 0 1
vt 1 1
vt 1 0
vt 0 0
vt 0 1
vt 1 1
vt 1 0
vt 0.5 0.5
vt 0.02798053527980541 0.0033244680851064468
vt 0.9720194647201947 0.0033244680851064468
vt 0 1
vt 1 1
vt 1 0
vt 0.5 0.5
vt 0.003041362530413669 0.030585106382978733
vt 0.02798053527980541 0.0033244680851064468
vt 0 1
vt 1 1
vt 1 0
vt 0.5 0.5
vt 0.003041362530413669 0.9694148936170213
vt 0.003041362530413669 0.030585106382978733
vt 0 1
vt 1 1
vt 1 0
vt 0.5 0.5
vt 0.02798053527980541 0.9966755319148936
vt 0.003041362530413669 0.9694148936170213
vt 0 1
vt 1 1
vt 1 0
vt 0.5 0.5
vt 0.9720194647201947 0.9966755319148936
vt 0.02798053527980541 0.9966755319148936
vt 0 1
vt 1 1
vt 1 0
vt 0.5 0.5
vt 0.9969586374695866 0.9694148936170213
vt 0.9720194647201947 0.9966755319148936
vt 0 1
vt 1 1
vt 1 0
vt 0.5 0.5
vt 0.9969586374695866 0.030585106382978733
vt 0.9969586374695866 0.9694148936170213
vt 0 1
vt 1 1
vt 1 0
vt 0.5 0.5
vt 0.9720194647201947 0.0033244680851064468
vt 0.9969586374695866 0.030585106382978733
vn 0 -0.8687772701926559 -0.4952030440098256
vn 0.6558399400203451 -0.6558399400203406 -0.37382876581160296
vn 0.6765255728032351 -0.6765255728032832 0.29090599630541186
vn 0.4972171562727672 -0.4972171562727672 0.7110205334700577
vn 0 -0.5730776652808037 0.8195010613515415
vn -0.49721715627276497 -0.49721715627277124 0.7110205334700562
vn -0.6765255728032677 -0.6765255728032558 0.2909059963054
vn -0.6558399400203326 -0.6558399400203675 -0.3738287658115776
vn 0 0 -1
vn 0.7071067811865476 0 -0.7071067811865476
vn 1 0 0
vn 0.7071067811865476 0 0.7071067811865476
vn 0 0 1
vn -0.7071067811865482 0 0.7071067811865469
vn -1 0 0
vn -0.7071067811865482 0 -0.7071067811865469
vn 0 0.5730776652808037 -0.8195010613515415
vn 0.49721715627276697 0.49721715627277074 -0.7110205334700554
vn 0.6765255728032351 0.6765255728032832 -0.29090599630541186
vn 0.6558399400203452 0.6558399400203452 0.37382876581159497
vn 0 0.8687772701926559 0.4952030440098256
vn -0.6558399400203486 0.655839940020338 0.37382876581160146
vn -0.6765255728032677 0.6765255728032558 -0.2909059963054
vn -0.49721715627275787 0.49721715627278434 -0.7110205334700522
vn 0 -0.9186691875800357 0.39502775065941537
vn 0 0.9186691875800357 -0.39502775065941537
vn 1.5680389742684367e-15 -0.9186691875800352 0.3950277506594165
vn 2.613398290447399e-15 0.9186691875800368 -0.3950277506594129
vn 0 -0.9186691875800359 0.3950277506594153
vn 2.2633545577221557e-16 0.9186691875800357 -0.39502775065941537
vn -1.5680389742684367e-15 -0.9186691875800352 0.3950277506594165
vn 1.5680389742684367e-15 0.9186691875800352 -0.3950277506594165
vn 0 -0.9186691875800357 0.39502775065941537
vn 0 0.9186691875800357 -0.39502775065941537
vn 1.5680389742684367e-15 -0.9186691875800352 0.3950277506594165
vn -1.5680389742684367e-15 0.9186691875800352 -0.3950277506594165
vn 0 -0.9186691875800358 0.3950277506594152
vn -2.263354557722155e-16 0.9186691875800357 -0.3950277506594154
vn -1.5680389742684367e-15 -0.9186691875800352 0.3950277506594165
vn -2.6133982904473983e-15 0.9186691875800366 -0.39502775065941337
usemtl m_2dfc0309-2b3e-7f98-dd78-5cd9610de7bb
f 325/1345/361 333/1346/361 334/1347/361 326/1348/361
f 326/1349/362 334/1350/362 335/1351/362 327/1352/362
f 327/1353/363 335/1354/363 336/1355/363 328/1356/363
f 328/1357/364 336/1358/364 337/1359/364 329/1360/364
f 329/1361/365 337/1362/365 338/1363/365 330/1364/365
f 330/1365/366 338/1366/366 339/1367/366 331/1368/366
f 331/1369/367 339/1370/367 340/1371/367 332/1372/367
f 332/1373/368 340/1374/368 333/1375/368 325/1376/368
f 333/1377/369 341/1378/369 342/1379/369 334/1380/369
f 334/1381/370 342/1382/370 343/1383/370 335/1384/370
f 335/1385/371 343/1386/371 344/1387/371 336/1388/371
f 336/1389/372 344/1390/372 345/1391/372 337/1392/372
f 337/1393/373 345/1394/373 346/1395/373 338/1396/373
f 338/1397/374 346/1398/374 347/1399/374 339/1400/374
f 339/1401/375 347/1402/375 348/1403/375 340/1404/375
f 340/1405/376 348/1406/376 341/1407/376 333/1408/376
f 341/1409/377 349/1410/377 350/1411/377 342/1412/377
f 342/1413/378 350/1414/378 351/1415/378 343/1416/378
f 343/1417/379 351/1418/379 352/1419/379 344/1420/379
f 344/1421/380 352/1422/380 353/1423/380 345/1424/380
f 345/1425/381 353/1426/381 354/1427/381 346/1428/381
f 346/1429/382 354/1430/382 355/1431/382 347/1432/382
f 347/1433/383 355/1434/383 356/1435/383 348/1436/383
f 348/1437/384 356/1438/384 349/1439/384 341/1440/384
f 357/1441/385 325/1442/385 326/1443/385
usemtl m_2fe0db05-88bc-9ac7-42bb-d6802b004032
f 358/1444/386 350/1445/386 349/1446/386
usemtl m_2dfc0309-2b3e-7f98-dd78-5cd9610de7bb
f 357/1447/387 326/1448/387 327/1449/387
usemtl m_2fe0db05-88bc-9ac7-42bb-d6802b004032
f 358/1450/388 351/1451/388 350/1452/388
usemtl m_2dfc0309-2b3e-7f98-dd78-5cd9610de7bb
f 357/1453/389 327/1454/389 328/1455/389
usemtl m_2fe0db05-88bc-9ac7-42bb-d6802b004032
f 358/1456/390 352/1457/390 351/1458/390
usemtl m_2dfc0309-2b3e-7f98-dd78-5cd9610de7bb
f 357/1459/391 328/1460/391 329/1461/391
usemtl m_2fe0db05-88bc-9ac7-42bb-d6802b004032
f 358/1462/392 353/1463/392 352/1464/392
usemtl m_2dfc0309-2b3e-7f98-dd78-5cd9610de7bb
f 357/1465/393 329/1466/393 330/1467/393
usemtl m_2fe0db05-88bc-9ac7-42bb-d6802b004032
f 358/1468/394 354/1469/394 353/1470/394
usemtl m_2dfc0309-2b3e-7f98-dd78-5cd9610de7bb
f 357/1471/395 330/1472/395 331/1473/395
usemtl m_2fe0db05-88bc-9ac7-42bb-d6802b004032
f 358/1474/396 355/1475/396 354/1476/396
usemtl m_2dfc0309-2b3e-7f98-dd78-5cd9610de7bb
f 357/1477/397 331/1478/397 332/1479/397
usemtl m_2fe0db05-88bc-9ac7-42bb-d6802b004032
f 358/1480/398 356/1481/398 355/1482/398
usemtl m_2dfc0309-2b3e-7f98-dd78-5cd9610de7bb
f 357/1483/399 332/1484/399 325/1485/399
usemtl m_2fe0db05-88bc-9ac7-42bb-d6802b004032
f 358/1486/400 349/1487/400 356/1488/400
o front_control_recess
v 0.1825 0.640421875 0.1703125
v 0.8206249999999999 0.640421875 0.1703125
v 0.8328125 0.6456625 0.1825
v 0.8328125 0.68893125 0.28312499999999996
v 0.8206249999999999 0.694171875 0.2953125
v 0.1825 0.694171875 0.2953125
v 0.1703125 0.68893125 0.28312499999999996
v 0.1703125 0.6456625 0.1825
v 0.18250000000000002 0.6413125000000001 0.16875
v 0.8206249999999999 0.6413125000000001 0.16875
v 0.834375 0.647225 0.18250000000000002
v 0.834375 0.6904937500000001 0.283125
v 0.8206249999999999 0.6964062500000001 0.296875
v 0.18250000000000002 0.6964062500000001 0.296875
v 0.16875 0.6904937500000001 0.283125
v 0.16875 0.647225 0.18250000000000002
v 0.18250000000000002 0.6431875 0.16875
v 0.8206249999999999 0.6431875 0.16875
v 0.834375 0.6491 0.18250000000000002
v 0.834375 0.69236875 0.283125
v 0.8206249999999999 0.69828125 0.296875
v 0.18250000000000002 0.69828125 0.296875
v 0.16875 0.69236875 0.283125
v 0.16875 0.6491 0.18250000000000002
v 0.1825 0.645421875 0.1703125
v 0.8206249999999999 0.645421875 0.1703125
v 0.8328125 0.6506625 0.1825
v 0.8328125 0.69393125 0.28312499999999996
v 0.8206249999999999 0.699171875 0.2953125
v 0.1825 0.699171875 0.2953125
v 0.1703125 0.69393125 0.28312499999999996
v 0.1703125 0.6506625 0.1825
v 0.5015625 0.6672968750000001 0.23281250000000003
v 0.5015625 0.6722968750000001 0.23281250000000003
vt 0 1
vt 1 1
vt 1 0
vt 0 0
vt 0 1
vt 1 1
vt 1 0
vt 0 0
vt 0 1
vt 1 1
vt 1 0
vt 0 0
vt 0 1
vt 1 1
vt 1 0
vt 0 0
vt 0 1
vt 1 1
vt 1 0
vt 0 0
vt 0 1
vt 1 1
vt 1 0
vt 0 0
vt 0 1
vt 1 1
vt 1 0
vt 0 0
vt 0 1
vt 1 1
vt 1 0
vt 0 0
vt 0 1
vt 1 1
vt 1 0
vt 0 0
vt 0 1
vt 1 1
vt 1 0
vt 0 0
vt 0 1
vt 1 1
vt 1 0
vt 0 0
vt 0 1
vt 1 1
vt 1 0
vt 0 0
vt 0 1
vt 1 1
vt 1 0
vt 0 0
vt 0 1
vt 1 1
vt 1 0
vt 0 0
vt 0 1
vt 1 1
vt 1 0
vt 0 0
vt 0 1
vt 1 1
vt 1 0
vt 0 0
vt 0 1
vt 1 1
vt 1 0
vt 0 0
vt 0 1
vt 1 1
vt 1 0
vt 0 0
vt 0 1
vt 1 1
vt 1 0
vt 0 0
vt 0 1
vt 1 1
vt 1 0
vt 0 0
vt 0 1
vt 1 1
vt 1 0
vt 0 0
vt 0 1
vt 1 1
vt 1 0
vt 0 0
vt 0 1
vt 1 1
vt 1 0
vt 0 0
vt 0 1
vt 1 1
vt 1 0
vt 0 0
vt 0 1
vt 1 1
vt 1 0
vt 0 1
vt 1 1
vt 1 0
vt 0 1
vt 1 1
vt 1 0
vt 0 1
vt 1 1
vt 1 0
vt 0 1
vt 1 1
vt 1 0
vt 0 1
vt 1 1
vt 1 0
vt 0 1
vt 1 1
vt 1 0
vt 0 1
vt 1 1
vt 1 0
vt 0 1
vt 1 1
vt 1 0
vt 0 1
vt 1 1
vt 1 0
vt 0 1
vt 1 1
vt 1 0
vt 0 1
vt 1 1
vt 1 0
vt 0 1
vt 1 1
vt 1 0
vt 0 1
vt 1 1
vt 1 0
vt 0 1
vt 1 1
vt 1 0
vt 0 1
vt 1 1
vt 1 0
vn 0 -0.8687772701926522 -0.49520304400983217
vn 0.6558399400203485 -0.6558399400203352 -0.37382876581160657
vn 0.6765255728032583 -0.6765255728032634 0.29090599630540387
vn 0.49721715627277074 -0.4972171562727607 0.7110205334700597
vn 0 -0.5730776652807845 0.819501061351555
vn -0.49721715627278174 -0.49721715627274504 0.711020533470063
vn -0.6765255728032881 -0.6765255728032382 0.290905996305393
vn -0.6558399400203504 -0.6558399400203322 -0.37382876581160845
vn 0 0 -1
vn 0.7071067811865468 0 -0.7071067811865482
vn 1 0 0
vn 0.7071067811865461 0 0.7071067811865489
vn 0 0 1
vn -0.7071067811865468 0 0.7071067811865482
vn -1 0 0
vn -0.7071067811865476 0 -0.7071067811865476
vn 0 0.573077665280797 -0.8195010613515465
vn 0.49721715627276886 0.4972171562727642 -0.7110205334700587
vn 0.676525572803264 0.6765255728032589 -0.29090599630540115
vn 0.6558399400203402 0.6558399400203535 0.37382876581158875
vn 0 0.8687772701926558 0.4952030440098255
vn -0.6558399400203518 0.6558399400203304 0.37382876581160884
vn -0.6765255728032733 0.6765255728032511 -0.2909059963053979
vn -0.4972171562727759 0.4972171562727544 -0.7110205334700604
vn 0 -0.9186691875800352 0.3950277506594163
vn 0 0.9186691875800352 -0.3950277506594163
vn -1.713480222709495e-16 -0.9186691875800356 0.39502775065941564
vn 1.713480222709495e-16 0.9186691875800356 -0.39502775065941564
vn -2.4503126126020616e-16 -0.9186691875800359 0.39502775065941537
vn 2.4503126126020616e-16 0.9186691875800359 -0.39502775065941537
vn -1.7134802227094923e-16 -0.9186691875800361 0.3950277506594147
vn 1.7134802227094923e-16 0.9186691875800361 -0.3950277506594147
vn 0 -0.9186691875800364 0.3950277506594141
vn 0 0.9186691875800364 -0.3950277506594141
vn 1.713480222709492e-16 -0.918669187580036 0.3950277506594145
vn -1.713480222709492e-16 0.918669187580036 -0.3950277506594145
vn 2.4503126126020606e-16 -0.9186691875800359 0.3950277506594153
vn -2.4503126126020606e-16 0.9186691875800359 -0.3950277506594153
vn 1.713480222709494e-16 -0.9186691875800357 0.3950277506594156
vn -1.713480222709494e-16 0.9186691875800357 -0.3950277506594156
usemtl m_2dfc0309-2b3e-7f98-dd78-5cd9610de7bb
f 359/1489/401 367/1490/401 368/1491/401 360/1492/401
f 360/1493/402 368/1494/402 369/1495/402 361/1496/402
f 361/1497/403 369/1498/403 370/1499/403 362/1500/403
f 362/1501/404 370/1502/404 371/1503/404 363/1504/404
f 363/1505/405 371/1506/405 372/1507/405 364/1508/405
f 364/1509/406 372/1510/406 373/1511/406 365/1512/406
f 365/1513/407 373/1514/407 374/1515/407 366/1516/407
f 366/1517/408 374/1518/408 367/1519/408 359/1520/408
f 367/1521/409 375/1522/409 376/1523/409 368/1524/409
f 368/1525/410 376/1526/410 377/1527/410 369/1528/410
f 369/1529/411 377/1530/411 378/1531/411 370/1532/411
f 370/1533/412 378/1534/412 379/1535/412 371/1536/412
f 371/1537/413 379/1538/413 380/1539/413 372/1540/413
f 372/1541/414 380/1542/414 381/1543/414 373/1544/414
f 373/1545/415 381/1546/415 382/1547/415 374/1548/415
f 374/1549/416 382/1550/416 375/1551/416 367/1552/416
f 375/1553/417 383/1554/417 384/1555/417 376/1556/417
f 376/1557/418 384/1558/418 385/1559/418 377/1560/418
f 377/1561/419 385/1562/419 386/1563/419 378/1564/419
f 378/1565/420 386/1566/420 387/1567/420 379/1568/420
f 379/1569/421 387/1570/421 388/1571/421 380/1572/421
f 380/1573/422 388/1574/422 389/1575/422 381/1576/422
f 381/1577/423 389/1578/423 390/1579/423 382/1580/423
f 382/1581/424 390/1582/424 383/1583/424 375/1584/424
f 391/1585/425 359/1586/425 360/1587/425
f 392/1588/426 384/1589/426 383/1590/426
f 391/1591/427 360/1592/427 361/1593/427
f 392/1594/428 385/1595/428 384/1596/428
f 391/1597/429 361/1598/429 362/1599/429
f 392/1600/430 386/1601/430 385/1602/430
f 391/1603/431 362/1604/431 363/1605/431
f 392/1606/432 387/1607/432 386/1608/432
f 391/1609/433 363/1610/433 364/1611/433
f 392/1612/434 388/1613/434 387/1614/434
f 391/1615/435 364/1616/435 365/1617/435
f 392/1618/436 389/1619/436 388/1620/436
f 391/1621/437 365/1622/437 366/1623/437
f 392/1624/438 390/1625/438 389/1626/438
f 391/1627/439 366/1628/439 359/1629/439
f 392/1630/440 383/1631/440 390/1632/440
o course_selector
v 0.214375 0.6576500000000001 0.19875
v 0.31375 0.6576500000000001 0.19875
v 0.323125 0.66168125 0.208125
v 0.323125 0.6807625 0.25249999999999995
v 0.31375 0.6847937500000001 0.26187499999999997
v 0.214375 0.6847937500000001 0.26187499999999997
v 0.20500000000000002 0.6807625 0.25249999999999995
v 0.20500000000000002 0.66168125 0.208125
v 0.214375 0.6605000000000001 0.19375
v 0.31375 0.6605000000000001 0.19375
v 0.328125 0.66668125 0.208125
v 0.328125 0.6857625 0.25249999999999995
v 0.31375 0.6919437500000001 0.266875
v 0.214375 0.6919437500000001 0.266875
v 0.2 0.6857625 0.25249999999999995
v 0.2 0.66668125 0.208125
v 0.214375 0.668 0.19375
v 0.31375 0.668 0.19375
v 0.328125 0.67418125 0.208125
v 0.328125 0.6932625 0.25249999999999995
v 0.31375 0.69944375 0.266875
v 0.214375 0.69944375 0.266875
v 0.2 0.6932625 0.25249999999999995
v 0.2 0.67418125 0.208125
v 0.214375 0.67515 0.19875
v 0.31375 0.67515 0.19875
v 0.323125 0.67918125 0.208125
v 0.323125 0.6982625 0.25249999999999995
v 0.31375 0.7022937499999999 0.26187499999999997
v 0.214375 0.7022937499999999 0.26187499999999997
v 0.20500000000000002 0.6982625 0.25249999999999995
v 0.20500000000000002 0.67918125 0.208125
v 0.2640625 0.6712218750000001 0.23031249999999998
v 0.2640625 0.688721875 0.23031249999999998
vt 0 1
vt 1 1
vt 1 0
vt 0 0
vt 0 1
vt 1 1
vt 1 0
vt 0 0
vt 0 1
vt 1 1
vt 1 0
vt 0 0
vt 0 1
vt 1 1
vt 1 0
vt 0 0
vt 0 1
vt 1 1
vt 1 0
vt 0 0
vt 0 1
vt 1 1
vt 1 0
vt 0 0
vt 0 1
vt 1 1
vt 1 0
vt 0 0
vt 0 1
vt 1 1
vt 1 0
vt 0 0
vt 0 1
vt 1 1
vt 1 0
vt 0 0
vt 0 1
vt 1 1
vt 1 0
vt 0 0
vt 0 1
vt 1 1
vt 1 0
vt 0 0
vt 0 1
vt 1 1
vt 1 0
vt 0 0
vt 0 1
vt 1 1
vt 1 0
vt 0 0
vt 0 1
vt 1 1
vt 1 0
vt 0 0
vt 0 1
vt 1 1
vt 1 0
vt 0 0
vt 0 1
vt 1 1
vt 1 0
vt 0 0
vt 0 1
vt 1 1
vt 1 0
vt 0 0
vt 0 1
vt 1 1
vt 1 0
vt 0 0
vt 0 1
vt 1 1
vt 1 0
vt 0 0
vt 0 1
vt 1 1
vt 1 0
vt 0 0
vt 0 1
vt 1 1
vt 1 0
vt 0 0
vt 0 1
vt 1 1
vt 1 0
vt 0 0
vt 0 1
vt 1 1
vt 1 0
vt 0 0
vt 0 1
vt 1 1
vt 1 0
vt 0 0
vt 0 1
vt 1 1
vt 1 0
vt 0.12500000000000006 0.875
vt 0.028048780487804934 0.7670940170940171
vt 0.22195121951219512 0.7670940170940171
vt 0 1
vt 1 1
vt 1 0
vt 0.12500000000000006 0.875
vt 0.009756097560975618 0.7991452991452992
vt 0.028048780487804934 0.7670940170940171
vt 0 1
vt 1 1
vt 1 0
vt 0.12500000000000006 0.875
vt 0.009756097560975618 0.9508547008547007
vt 0.009756097560975618 0.7991452991452992
vt 0 1
vt 1 1
vt 1 0
vt 0.12500000000000006 0.875
vt 0.028048780487804934 0.9829059829059829
vt 0.009756097560975618 0.9508547008547007
vt 0 1
vt 1 1
vt 1 0
vt 0.12500000000000006 0.875
vt 0.22195121951219512 0.9829059829059829
vt 0.028048780487804934 0.9829059829059829
vt 0 1
vt 1 1
vt 1 0
vt 0.12500000000000006 0.875
vt 0.24024390243902438 0.9508547008547007
vt 0.22195121951219512 0.9829059829059829
vt 0 1
vt 1 1
vt 1 0
vt 0.12500000000000006 0.875
vt 0.24024390243902438 0.7991452991452992
vt 0.24024390243902438 0.9508547008547007
vt 0 1
vt 1 1
vt 1 0
vt 0.12500000000000006 0.875
vt 0.22195121951219512 0.7670940170940171
vt 0.24024390243902438 0.7991452991452992
vn 0 -0.8687772701926596 -0.49520304400981885
vn 0.6558399400203425 -0.6558399400203454 -0.373828765811599
vn 0.676525572803261 -0.676525572803261 0.29090599630540337
vn 0.4972171562727672 -0.4972171562727672 0.7110205334700576
vn 0 -0.573077665280801 0.8195010613515435
vn -0.497217156272767 -0.49721715627276825 0.711020533470057
vn -0.676525572803261 -0.676525572803261 0.29090599630540337
vn -0.6558399400203437 -0.6558399400203437 -0.37382876581159974
vn 0 0 -1
vn 0.7071067811865469 0 -0.7071067811865482
vn 1 0 0
vn 0.7071067811865476 0 0.7071067811865476
vn 0 0 1
vn -0.7071067811865482 0 0.7071067811865469
vn -1 0 0
vn -0.7071067811865476 0 -0.7071067811865476
vn 0 0.573077665280801 -0.8195010613515435
vn 0.49721715627276836 0.4972171562727679 -0.7110205334700564
vn 0.676525572803261 0.676525572803261 -0.29090599630540337
vn 0.6558399400203433 0.6558399400203433 0.3738287658116013
vn 0 0.8687772701926679 0.49520304400980436
vn -0.6558399400203386 0.6558399400203546 0.37382876581158975
vn -0.676525572803261 0.676525572803261 -0.29090599630540337
vn -0.49721715627276863 0.49721715627276863 -0.7110205334700556
vn 0 -0.9186691875800356 0.39502775065941603
vn 0 0.9186691875800356 -0.39502775065941603
vn -2.8767191089014068e-15 -0.9186691875800372 0.39502775065941226
vn 2.8767191089014068e-15 0.9186691875800372 -0.39502775065941226
vn -8.645709371965021e-16 -0.9186691875800351 0.3950277506594166
vn 8.645709371965021e-16 0.9186691875800351 -0.3950277506594166
vn -1.046079675964143e-15 -0.918669187580035 0.39502775065941703
vn -1.8960194126850148e-15 0.9186691875800378 -0.39502775065941037
vn 0 -0.9186691875800356 0.39502775065941576
vn 0 0.9186691875800368 -0.395027750659413
vn 1.0460796759641445e-15 -0.9186691875800351 0.3950277506594172
vn 1.8960194126850176e-15 0.9186691875800378 -0.39502775065941037
vn 8.64570937196503e-16 -0.9186691875800351 0.39502775065941664
vn -8.64570937196503e-16 0.9186691875800351 -0.39502775065941664
vn 2.87671910890141e-15 -0.918669187580037 0.39502775065941226
vn -2.87671910890141e-15 0.918669187580037 -0.39502775065941226
usemtl m_16056c42-c4ac-53f4-6ea6-09f92d250421
f 393/1633/441 401/1634/441 402/1635/441 394/1636/441
f 394/1637/442 402/1638/442 403/1639/442 395/1640/442
f 395/1641/443 403/1642/443 404/1643/443 396/1644/443
f 396/1645/444 404/1646/444 405/1647/444 397/1648/444
f 397/1649/445 405/1650/445 406/1651/445 398/1652/445
f 398/1653/446 406/1654/446 407/1655/446 399/1656/446
f 399/1657/447 407/1658/447 408/1659/447 400/1660/447
f 400/1661/448 408/1662/448 401/1663/448 393/1664/448
f 401/1665/449 409/1666/449 410/1667/449 402/1668/449
f 402/1669/450 410/1670/450 411/1671/450 403/1672/450
f 403/1673/451 411/1674/451 412/1675/451 404/1676/451
f 404/1677/452 412/1678/452 413/1679/452 405/1680/452
f 405/1681/453 413/1682/453 414/1683/453 406/1684/453
f 406/1685/454 414/1686/454 415/1687/454 407/1688/454
f 407/1689/455 415/1690/455 416/1691/455 408/1692/455
f 408/1693/456 416/1694/456 409/1695/456 401/1696/456
f 409/1697/457 417/1698/457 418/1699/457 410/1700/457
f 410/1701/458 418/1702/458 419/1703/458 411/1704/458
f 411/1705/459 419/1706/459 420/1707/459 412/1708/459
f 412/1709/460 420/1710/460 421/1711/460 413/1712/460
f 413/1713/461 421/1714/461 422/1715/461 414/1716/461
f 414/1717/462 422/1718/462 423/1719/462 415/1720/462
f 415/1721/463 423/1722/463 424/1723/463 416/1724/463
f 416/1725/464 424/1726/464 417/1727/464 409/1728/464
f 425/1729/465 393/1730/465 394/1731/465
usemtl m_dd3252ff-ed45-a8e7-a747-a610edb5d7d0
f 426/1732/466 418/1733/466 417/1734/466
usemtl m_16056c42-c4ac-53f4-6ea6-09f92d250421
f 425/1735/467 394/1736/467 395/1737/467
usemtl m_dd3252ff-ed45-a8e7-a747-a610edb5d7d0
f 426/1738/468 419/1739/468 418/1740/468
usemtl m_16056c42-c4ac-53f4-6ea6-09f92d250421
f 425/1741/469 395/1742/469 396/1743/469
usemtl m_dd3252ff-ed45-a8e7-a747-a610edb5d7d0
f 426/1744/470 420/1745/470 419/1746/470
usemtl m_16056c42-c4ac-53f4-6ea6-09f92d250421
f 425/1747/471 396/1748/471 397/1749/471
usemtl m_dd3252ff-ed45-a8e7-a747-a610edb5d7d0
f 426/1750/472 421/1751/472 420/1752/472
usemtl m_16056c42-c4ac-53f4-6ea6-09f92d250421
f 425/1753/473 397/1754/473 398/1755/473
usemtl m_dd3252ff-ed45-a8e7-a747-a610edb5d7d0
f 426/1756/474 422/1757/474 421/1758/474
usemtl m_16056c42-c4ac-53f4-6ea6-09f92d250421
f 425/1759/475 398/1760/475 399/1761/475
usemtl m_dd3252ff-ed45-a8e7-a747-a610edb5d7d0
f 426/1762/476 423/1763/476 422/1764/476
usemtl m_16056c42-c4ac-53f4-6ea6-09f92d250421
f 425/1765/477 399/1766/477 400/1767/477
usemtl m_dd3252ff-ed45-a8e7-a747-a610edb5d7d0
f 426/1768/478 424/1769/478 423/1770/478
usemtl m_16056c42-c4ac-53f4-6ea6-09f92d250421
f 425/1771/479 400/1772/479 393/1773/479
usemtl m_dd3252ff-ed45-a8e7-a747-a610edb5d7d0
f 426/1774/480 417/1775/480 424/1776/480
o nav_key_01
v 0.385625 0.6607406250000001 0.2059375
v 0.433125 0.6607406250000001 0.2059375
v 0.4378125 0.66275625 0.210625
v 0.4378125 0.6796875 0.25
v 0.433125 0.6817031250000001 0.2546875
v 0.385625 0.6817031250000001 0.2546875
v 0.3809375 0.6796875 0.25
v 0.3809375 0.66275625 0.210625
v 0.385625 0.66234375 0.203125
v 0.433125 0.66234375 0.203125
v 0.440625 0.66556875 0.210625
v 0.440625 0.6825 0.25
v 0.433125 0.685725 0.2575
v 0.385625 0.685725 0.2575
v 0.378125 0.6825 0.25
v 0.378125 0.66556875 0.210625
v 0.385625 0.66734375 0.203125
v 0.433125 0.66734375 0.203125
v 0.440625 0.67056875 0.210625
v 0.440625 0.6875 0.25
v 0.433125 0.690725 0.2575
v 0.385625 0.690725 0.2575
v 0.378125 0.6875 0.25
v 0.378125 0.67056875 0.210625
v 0.385625 0.6713656250000001 0.2059375
v 0.433125 0.6713656250000001 0.2059375
v 0.4378125 0.67338125 0.210625
v 0.4378125 0.6903125 0.25
v 0.433125 0.6923281250000001 0.2546875
v 0.385625 0.6923281250000001 0.2546875
v 0.3809375 0.6903125 0.25
v 0.3809375 0.67338125 0.210625
v 0.409375 0.6712218750000001 0.2303125
v 0.409375 0.6818468750000001 0.2303125
vt 0 1
vt 1 1
vt 1 0
vt 0 0
vt 0 1
vt 1 1
vt 1 0
vt 0 0
vt 0 1
vt 1 1
vt 1 0
vt 0 0
vt 0 1
vt 1 1
vt 1 0
vt 0 0
vt 0 1
vt 1 1
vt 1 0
vt 0 0
vt 0 1
vt 1 1
vt 1 0
vt 0 0
vt 0 1
vt 1 1
vt 1 0
vt 0 0
vt 0 1
vt 1 1
vt 1 0
vt 0 0
vt 0 1
vt 1 1
vt 1 0
vt 0 0
vt 0 1
vt 1 1
vt 1 0
vt 0 0
vt 0 1
vt 1 1
vt 1 0
vt 0 0
vt 0 1
vt 1 1
vt 1 0
vt 0 0
vt 0 1
vt 1 1
vt 1 0
vt 0 0
vt 0 1
vt 1 1
vt 1 0
vt 0 0
vt 0 1
vt 1 1
vt 1 0
vt 0 0
vt 0 1
vt 1 1
vt 1 0
vt 0 0
vt 0 1
vt 1 1
vt 1 0
vt 0 0
vt 0 1
vt 1 1
vt 1 0
vt 0 0
vt 0 1
vt 1 1
vt 1 0
vt 0 0
vt 0 1
vt 1 1
vt 1 0
vt 0 0
vt 0 1
vt 1 1
vt 1 0
vt 0 0
vt 0 1
vt 1 1
vt 1 0
vt 0 0
vt 0 1
vt 1 1
vt 1 0
vt 0 0
vt 0 1
vt 1 1
vt 1 0
vt 0 0
vt 0 1
vt 1 1
vt 1 0
vt 0.375 0.875
vt 0.28 0.7629310344827586
vt 0.47 0.7629310344827586
vt 0 1
vt 1 1
vt 1 0
vt 0.375 0.875
vt 0.26125 0.7844827586206897
vt 0.28 0.7629310344827586
vt 0 1
vt 1 1
vt 1 0
vt 0.375 0.875
vt 0.26125 0.9655172413793103
vt 0.26125 0.7844827586206897
vt 0 1
vt 1 1
vt 1 0
vt 0.375 0.875
vt 0.28 0.9870689655172414
vt 0.26125 0.9655172413793103
vt 0 1
vt 1 1
vt 1 0
vt 0.375 0.875
vt 0.47 0.9870689655172414
vt 0.28 0.9870689655172414
vt 0 1
vt 1 1
vt 1 0
vt 0.375 0.875
vt 0.48875 0.9655172413793103
vt 0.47 0.9870689655172414
vt 0 1
vt 1 1
vt 1 0
vt 0.375 0.875
vt 0.48875 0.7844827586206897
vt 0.48875 0.9655172413793103
vt 0 1
vt 1 1
vt 1 0
vt 0.375 0.875
vt 0.47 0.7629310344827586
vt 0.48875 0.7844827586206897
vn 0 -0.8687772701926701 -0.4952030440098003
vn 0.655839940020341 -0.6558399400203545 -0.3738287658115858
vn 0.6765255728032614 -0.6765255728032614 0.2909059963054016
vn 0.4972171562727666 -0.4972171562727666 0.7110205334700583
vn 0 -0.5730776652808041 0.8195010613515413
vn -0.497217156272763 -0.49721715627277224 0.711020533470057
vn -0.6765255728032613 -0.6765255728032613 0.2909059963054016
vn -0.6558399400203454 -0.6558399400203454 -0.3738287658115942
vn 0 0 -1
vn 0.7071067811865476 0 -0.7071067811865476
vn 1 0 0
vn 0.7071067811865476 0 0.7071067811865476
vn 0 0 1
vn -0.7071067811865476 0 0.7071067811865476
vn -1 0 0
vn -0.7071067811865476 0 -0.7071067811865476
vn 0 0.5730776652807934 -0.8195010613515488
vn 0.4972171562727755 0.497217156272759 -0.7110205334700577
vn 0.6765255728032614 0.6765255728032614 -0.2909059963054016
vn 0.6558399400203472 0.6558399400203472 0.37382876581158786
vn 0 0.8687772701926555 0.4952030440098263
vn -0.6558399400203535 0.6558399400203339 0.3738287658115999
vn -0.6765255728032613 0.6765255728032613 -0.2909059963054016
vn -0.49721715627276886 0.49721715627276886 -0.7110205334700552
vn 0 -0.9186691875800358 0.3950277506594152
vn 0 0.9186691875800358 -0.3950277506594152
vn -3.86336243964031e-15 -0.9186691875800372 0.3950277506594121
vn 3.86336243964031e-15 0.9186691875800372 -0.3950277506594121
vn -1.8012851563158135e-15 -0.918669187580036 0.3950277506594145
vn 1.8012851563158135e-15 0.918669187580036 -0.3950277506594145
vn -7.174815959331972e-15 -0.9186691875800331 0.3950277506594212
vn 7.174815959331972e-15 0.9186691875800331 -0.3950277506594212
vn 0 -0.9186691875800358 0.3950277506594152
vn 0 0.9186691875800358 -0.3950277506594152
vn 7.174815959331972e-15 -0.9186691875800331 0.3950277506594212
vn -7.174815959331972e-15 0.9186691875800331 -0.3950277506594212
vn 1.8012851563158135e-15 -0.918669187580036 0.3950277506594145
vn -1.8012851563158135e-15 0.918669187580036 -0.3950277506594145
vn 3.86336243964031e-15 -0.9186691875800372 0.3950277506594121
vn -3.86336243964031e-15 0.9186691875800372 -0.3950277506594121
usemtl m_cc0b4bb9-8d9e-3b07-ceca-4a7a3c06dc3a
f 427/1777/481 435/1778/481 436/1779/481 428/1780/481
f 428/1781/482 436/1782/482 437/1783/482 429/1784/482
f 429/1785/483 437/1786/483 438/1787/483 430/1788/483
f 430/1789/484 438/1790/484 439/1791/484 431/1792/484
f 431/1793/485 439/1794/485 440/1795/485 432/1796/485
f 432/1797/486 440/1798/486 441/1799/486 433/1800/486
f 433/1801/487 441/1802/487 442/1803/487 434/1804/487
f 434/1805/488 442/1806/488 435/1807/488 427/1808/488
f 435/1809/489 443/1810/489 444/1811/489 436/1812/489
f 436/1813/490 444/1814/490 445/1815/490 437/1816/490
f 437/1817/491 445/1818/491 446/1819/491 438/1820/491
f 438/1821/492 446/1822/492 447/1823/492 439/1824/492
f 439/1825/493 447/1826/493 448/1827/493 440/1828/493
f 440/1829/494 448/1830/494 449/1831/494 441/1832/494
f 441/1833/495 449/1834/495 450/1835/495 442/1836/495
f 442/1837/496 450/1838/496 443/1839/496 435/1840/496
f 443/1841/497 451/1842/497 452/1843/497 444/1844/497
f 444/1845/498 452/1846/498 453/1847/498 445/1848/498
f 445/1849/499 453/1850/499 454/1851/499 446/1852/499
f 446/1853/500 454/1854/500 455/1855/500 447/1856/500
f 447/1857/501 455/1858/501 456/1859/501 448/1860/501
f 448/1861/502 456/1862/502 457/1863/502 449/1864/502
f 449/1865/503 457/1866/503 458/1867/503 450/1868/503
f 450/1869/504 458/1870/504 451/1871/504 443/1872/504
f 459/1873/505 427/1874/505 428/1875/505
usemtl m_dd3252ff-ed45-a8e7-a747-a610edb5d7d0
f 460/1876/506 452/1877/506 451/1878/506
usemtl m_cc0b4bb9-8d9e-3b07-ceca-4a7a3c06dc3a
f 459/1879/507 428/1880/507 429/1881/507
usemtl m_dd3252ff-ed45-a8e7-a747-a610edb5d7d0
f 460/1882/508 453/1883/508 452/1884/508
usemtl m_cc0b4bb9-8d9e-3b07-ceca-4a7a3c06dc3a
f 459/1885/509 429/1886/509 430/1887/509
usemtl m_dd3252ff-ed45-a8e7-a747-a610edb5d7d0
f 460/1888/510 454/1889/510 453/1890/510
usemtl m_cc0b4bb9-8d9e-3b07-ceca-4a7a3c06dc3a
f 459/1891/511 430/1892/511 431/1893/511
usemtl m_dd3252ff-ed45-a8e7-a747-a610edb5d7d0
f 460/1894/512 455/1895/512 454/1896/512
usemtl m_cc0b4bb9-8d9e-3b07-ceca-4a7a3c06dc3a
f 459/1897/513 431/1898/513 432/1899/513
usemtl m_dd3252ff-ed45-a8e7-a747-a610edb5d7d0
f 460/1900/514 456/1901/514 455/1902/514
usemtl m_cc0b4bb9-8d9e-3b07-ceca-4a7a3c06dc3a
f 459/1903/515 432/1904/515 433/1905/515
usemtl m_dd3252ff-ed45-a8e7-a747-a610edb5d7d0
f 460/1906/516 457/1907/516 456/1908/516
usemtl m_cc0b4bb9-8d9e-3b07-ceca-4a7a3c06dc3a
f 459/1909/517 433/1910/517 434/1911/517
usemtl m_dd3252ff-ed45-a8e7-a747-a610edb5d7d0
f 460/1912/518 458/1913/518 457/1914/518
usemtl m_cc0b4bb9-8d9e-3b07-ceca-4a7a3c06dc3a
f 459/1915/519 434/1916/519 427/1917/519
usemtl m_dd3252ff-ed45-a8e7-a747-a610edb5d7d0
f 460/1918/520 451/1919/520 458/1920/520
o nav_key_02
v 0.46375 0.6607406250000001 0.2059375
v 0.5112500000000001 0.6607406250000001 0.2059375
v 0.5159375 0.66275625 0.210625
v 0.5159375 0.6796875 0.25
v 0.5112500000000001 0.6817031250000001 0.2546875
v 0.46375 0.6817031250000001 0.2546875
v 0.4590625 0.6796875 0.25
v 0.4590625 0.66275625 0.210625
v 0.46375 0.66234375 0.203125
v 0.5112500000000001 0.66234375 0.203125
v 0.51875 0.66556875 0.210625
v 0.51875 0.6825 0.25
v 0.5112500000000001 0.685725 0.2575
v 0.46375 0.685725 0.2575
v 0.45625 0.6825 0.25
v 0.45625 0.66556875 0.210625
v 0.46375 0.66734375 0.203125
v 0.5112500000000001 0.66734375 0.203125
v 0.51875 0.67056875 0.210625
v 0.51875 0.6875 0.25
v 0.5112500000000001 0.690725 0.2575
v 0.46375 0.690725 0.2575
v 0.45625 0.6875 0.25
v 0.45625 0.67056875 0.210625
v 0.46375 0.6713656250000001 0.2059375
v 0.5112500000000001 0.6713656250000001 0.2059375
v 0.5159375 0.67338125 0.210625
v 0.5159375 0.6903125 0.25
v 0.5112500000000001 0.6923281250000001 0.2546875
v 0.46375 0.6923281250000001 0.2546875
v 0.4590625 0.6903125 0.25
v 0.4590625 0.67338125 0.210625
v 0.48750000000000004 0.6712218750000001 0.2303125
v 0.48750000000000004 0.6818468750000001 0.2303125
vt 0 1
vt 1 1
vt 1 0
vt 0 0
vt 0 1
vt 1 1
vt 1 0
vt 0 0
vt 0 1
vt 1 1
vt 1 0
vt 0 0
vt 0 1
vt 1 1
vt 1 0
vt 0 0
vt 0 1
vt 1 1
vt 1 0
vt 0 0
vt 0 1
vt 1 1
vt 1 0
vt 0 0
vt 0 1
vt 1 1
vt 1 0
vt 0 0
vt 0 1
vt 1 1
vt 1 0
vt 0 0
vt 0 1
vt 1 1
vt 1 0
vt 0 0
vt 0 1
vt 1 1
vt 1 0
vt 0 0
vt 0 1
vt 1 1
vt 1 0
vt 0 0
vt 0 1
vt 1 1
vt 1 0
vt 0 0
vt 0 1
vt 1 1
vt 1 0
vt 0 0
vt 0 1
vt 1 1
vt 1 0
vt 0 0
vt 0 1
vt 1 1
vt 1 0
vt 0 0
vt 0 1
vt 1 1
vt 1 0
vt 0 0
vt 0 1
vt 1 1
vt 1 0
vt 0 0
vt 0 1
vt 1 1
vt 1 0
vt 0 0
vt 0 1
vt 1 1
vt 1 0
vt 0 0
vt 0 1
vt 1 1
vt 1 0
vt 0 0
vt 0 1
vt 1 1
vt 1 0
vt 0 0
vt 0 1
vt 1 1
vt 1 0
vt 0 0
vt 0 1
vt 1 1
vt 1 0
vt 0 0
vt 0 1
vt 1 1
vt 1 0
vt 0 0
vt 0 1
vt 1 1
vt 1 0
vt 0.6249999999999999 0.875
vt 0.5299999999999998 0.7629310344827586
vt 0.72 0.7629310344827586
vt 0 1
vt 1 1
vt 1 0
vt 0.6249999999999999 0.875
vt 0.51125 0.7844827586206897
vt 0.5299999999999998 0.7629310344827586
vt 0 1
vt 1 1
vt 1 0
vt 0.6249999999999999 0.875
vt 0.51125 0.9655172413793103
vt 0.51125 0.7844827586206897
vt 0 1
vt 1 1
vt 1 0
vt 0.6249999999999999 0.875
vt 0.5299999999999998 0.9870689655172414
vt 0.51125 0.9655172413793103
vt 0 1
vt 1 1
vt 1 0
vt 0.6249999999999999 0.875
vt 0.72 0.9870689655172414
vt 0.5299999999999998 0.9870689655172414
vt 0 1
vt 1 1
vt 1 0
vt 0.6249999999999999 0.875
vt 0.73875 0.9655172413793103
vt 0.72 0.9870689655172414
vt 0 1
vt 1 1
vt 1 0
vt 0.6249999999999999 0.875
vt 0.73875 0.7844827586206897
vt 0.73875 0.9655172413793103
vt 0 1
vt 1 1
vt 1 0
vt 0.6249999999999999 0.875
vt 0.72 0.7629310344827586
vt 0.73875 0.7844827586206897
vn 0 -0.8687772701926701 -0.49520304400980036
vn 0.6558399400203437 -0.6558399400203524 -0.3738287658115846
vn 0.6765255728032614 -0.6765255728032614 0.2909059963054016
vn 0.49721715627276797 -0.49721715627276797 0.7110205334700566
vn 0 -0.573077665280804 0.8195010613515414
vn -0.497217156272763 -0.49721715627277224 0.711020533470057
vn -0.6765255728032613 -0.6765255728032613 0.2909059963054016
vn -0.6558399400203454 -0.6558399400203454 -0.3738287658115942
vn 0 0 -1
vn 0.7071067811865501 0 -0.7071067811865449
vn 1 0 0
vn 0.7071067811865501 0 0.7071067811865449
vn 0 0 1
vn -0.7071067811865476 0 0.7071067811865476
vn -1 0 0
vn -0.7071067811865476 0 -0.7071067811865476
vn 0 0.5730776652807934 -0.8195010613515488
vn 0.4972171562727799 0.4972171562727575 -0.7110205334700554
vn 0.6765255728032614 0.6765255728032614 -0.2909059963054016
vn 0.6558399400203491 0.6558399400203491 0.37382876581158114
vn 0 0.8687772701926554 0.49520304400982623
vn -0.6558399400203535 0.6558399400203339 0.3738287658115999
vn -0.6765255728032613 0.6765255728032613 -0.2909059963054016
vn -0.49721715627276886 0.49721715627276886 -0.7110205334700552
vn 0 -0.9186691875800359 0.3950277506594152
vn 0 0.9186691875800359 -0.3950277506594152
vn -3.8633624396403284e-15 -0.9186691875800372 0.3950277506594122
vn 3.8633624396403284e-15 0.9186691875800372 -0.3950277506594122
vn -1.8012851563158135e-15 -0.918669187580036 0.3950277506594145
vn 1.8012851563158135e-15 0.918669187580036 -0.3950277506594145
vn -7.174815959332007e-15 -0.9186691875800332 0.39502775065942114
vn 7.174815959332007e-15 0.9186691875800332 -0.39502775065942114
vn 0 -0.9186691875800359 0.3950277506594152
vn 0 0.9186691875800359 -0.3950277506594152
vn 7.174815959331963e-15 -0.9186691875800332 0.3950277506594211
vn -7.174815959331963e-15 0.9186691875800332 -0.3950277506594211
vn 1.8012851563158103e-15 -0.9186691875800361 0.3950277506594145
vn -1.8012851563158103e-15 0.9186691875800361 -0.3950277506594145
vn 3.863362439640304e-15 -0.9186691875800371 0.39502775065941204
vn -3.863362439640304e-15 0.9186691875800371 -0.39502775065941204
usemtl m_cc0b4bb9-8d9e-3b07-ceca-4a7a3c06dc3a
f 461/1921/521 469/1922/521 470/1923/521 462/1924/521
f 462/1925/522 470/1926/522 471/1927/522 463/1928/522
f 463/1929/523 471/1930/523 472/1931/523 464/1932/523
f 464/1933/524 472/1934/524 473/1935/524 465/1936/524
f 465/1937/525 473/1938/525 474/1939/525 466/1940/525
f 466/1941/526 474/1942/526 475/1943/526 467/1944/526
f 467/1945/527 475/1946/527 476/1947/527 468/1948/527
f 468/1949/528 476/1950/528 469/1951/528 461/1952/528
f 469/1953/529 477/1954/529 478/1955/529 470/1956/529
f 470/1957/530 478/1958/530 479/1959/530 471/1960/530
f 471/1961/531 479/1962/531 480/1963/531 472/1964/531
f 472/1965/532 480/1966/532 481/1967/532 473/1968/532
f 473/1969/533 481/1970/533 482/1971/533 474/1972/533
f 474/1973/534 482/1974/534 483/1975/534 475/1976/534
f 475/1977/535 483/1978/535 484/1979/535 476/1980/535
f 476/1981/536 484/1982/536 477/1983/536 469/1984/536
f 477/1985/537 485/1986/537 486/1987/537 478/1988/537
f 478/1989/538 486/1990/538 487/1991/538 479/1992/538
f 479/1993/539 487/1994/539 488/1995/539 480/1996/539
f 480/1997/540 488/1998/540 489/1999/540 481/2000/540
f 481/2001/541 489/2002/541 490/2003/541 482/2004/541
f 482/2005/542 490/2006/542 491/2007/542 483/2008/542
f 483/2009/543 491/2010/543 492/2011/543 484/2012/543
f 484/2013/544 492/2014/544 485/2015/544 477/2016/544
f 493/2017/545 461/2018/545 462/2019/545
usemtl m_dd3252ff-ed45-a8e7-a747-a610edb5d7d0
f 494/2020/546 486/2021/546 485/2022/546
usemtl m_cc0b4bb9-8d9e-3b07-ceca-4a7a3c06dc3a
f 493/2023/547 462/2024/547 463/2025/547
usemtl m_dd3252ff-ed45-a8e7-a747-a610edb5d7d0
f 494/2026/548 487/2027/548 486/2028/548
usemtl m_cc0b4bb9-8d9e-3b07-ceca-4a7a3c06dc3a
f 493/2029/549 463/2030/549 464/2031/549
usemtl m_dd3252ff-ed45-a8e7-a747-a610edb5d7d0
f 494/2032/550 488/2033/550 487/2034/550
usemtl m_cc0b4bb9-8d9e-3b07-ceca-4a7a3c06dc3a
f 493/2035/551 464/2036/551 465/2037/551
usemtl m_dd3252ff-ed45-a8e7-a747-a610edb5d7d0
f 494/2038/552 489/2039/552 488/2040/552
usemtl m_cc0b4bb9-8d9e-3b07-ceca-4a7a3c06dc3a
f 493/2041/553 465/2042/553 466/2043/553
usemtl m_dd3252ff-ed45-a8e7-a747-a610edb5d7d0
f 494/2044/554 490/2045/554 489/2046/554
usemtl m_cc0b4bb9-8d9e-3b07-ceca-4a7a3c06dc3a
f 493/2047/555 466/2048/555 467/2049/555
usemtl m_dd3252ff-ed45-a8e7-a747-a610edb5d7d0
f 494/2050/556 491/2051/556 490/2052/556
usemtl m_cc0b4bb9-8d9e-3b07-ceca-4a7a3c06dc3a
f 493/2053/557 467/2054/557 468/2055/557
usemtl m_dd3252ff-ed45-a8e7-a747-a610edb5d7d0
f 494/2056/558 492/2057/558 491/2058/558
usemtl m_cc0b4bb9-8d9e-3b07-ceca-4a7a3c06dc3a
f 493/2059/559 468/2060/559 461/2061/559
usemtl m_dd3252ff-ed45-a8e7-a747-a610edb5d7d0
f 494/2062/560 485/2063/560 492/2064/560
o nav_key_03
v 0.541875 0.6607406250000001 0.2059375
v 0.5893750000000001 0.6607406250000001 0.2059375
v 0.5940625 0.66275625 0.210625
v 0.5940625 0.6796875 0.25
v 0.5893750000000001 0.6817031250000001 0.2546875
v 0.541875 0.6817031250000001 0.2546875
v 0.5371875 0.6796875 0.25
v 0.5371875 0.66275625 0.210625
v 0.541875 0.66234375 0.203125
v 0.5893750000000001 0.66234375 0.203125
v 0.596875 0.66556875 0.210625
v 0.596875 0.6825 0.25
v 0.5893750000000001 0.685725 0.2575
v 0.541875 0.685725 0.2575
v 0.534375 0.6825 0.25
v 0.534375 0.66556875 0.210625
v 0.541875 0.66734375 0.203125
v 0.5893750000000001 0.66734375 0.203125
v 0.596875 0.67056875 0.210625
v 0.596875 0.6875 0.25
v 0.5893750000000001 0.690725 0.2575
v 0.541875 0.690725 0.2575
v 0.534375 0.6875 0.25
v 0.534375 0.67056875 0.210625
v 0.541875 0.6713656250000001 0.2059375
v 0.5893750000000001 0.6713656250000001 0.2059375
v 0.5940625 0.67338125 0.210625
v 0.5940625 0.6903125 0.25
v 0.5893750000000001 0.6923281250000001 0.2546875
v 0.541875 0.6923281250000001 0.2546875
v 0.5371875 0.6903125 0.25
v 0.5371875 0.67338125 0.210625
v 0.565625 0.6712218750000001 0.2303125
v 0.565625 0.6818468750000001 0.2303125
vt 0 1
vt 1 1
vt 1 0
vt 0 0
vt 0 1
vt 1 1
vt 1 0
vt 0 0
vt 0 1
vt 1 1
vt 1 0
vt 0 0
vt 0 1
vt 1 1
vt 1 0
vt 0 0
vt 0 1
vt 1 1
vt 1 0
vt 0 0
vt 0 1
vt 1 1
vt 1 0
vt 0 0
vt 0 1
vt 1 1
vt 1 0
vt 0 0
vt 0 1
vt 1 1
vt 1 0
vt 0 0
vt 0 1
vt 1 1
vt 1 0
vt 0 0
vt 0 1
vt 1 1
vt 1 0
vt 0 0
vt 0 1
vt 1 1
vt 1 0
vt 0 0
vt 0 1
vt 1 1
vt 1 0
vt 0 0
vt 0 1
vt 1 1
vt 1 0
vt 0 0
vt 0 1
vt 1 1
vt 1 0
vt 0 0
vt 0 1
vt 1 1
vt 1 0
vt 0 0
vt 0 1
vt 1 1
vt 1 0
vt 0 0
vt 0 1
vt 1 1
vt 1 0
vt 0 0
vt 0 1
vt 1 1
vt 1 0
vt 0 0
vt 0 1
vt 1 1
vt 1 0
vt 0 0
vt 0 1
vt 1 1
vt 1 0
vt 0 0
vt 0 1
vt 1 1
vt 1 0
vt 0 0
vt 0 1
vt 1 1
vt 1 0
vt 0 0
vt 0 1
vt 1 1
vt 1 0
vt 0 0
vt 0 1
vt 1 1
vt 1 0
vt 0 0
vt 0 1
vt 1 1
vt 1 0
vt 0.875 0.875
vt 0.7799999999999998 0.7629310344827586
vt 0.9700000000000002 0.7629310344827586
vt 0 1
vt 1 1
vt 1 0
vt 0.875 0.875
vt 0.76125 0.7844827586206897
vt 0.7799999999999998 0.7629310344827586
vt 0 1
vt 1 1
vt 1 0
vt 0.875 0.875
vt 0.76125 0.9655172413793103
vt 0.76125 0.7844827586206897
vt 0 1
vt 1 1
vt 1 0
vt 0.875 0.875
vt 0.7799999999999998 0.9870689655172414
vt 0.76125 0.9655172413793103
vt 0 1
vt 1 1
vt 1 0
vt 0.875 0.875
vt 0.9700000000000002 0.9870689655172414
vt 0.7799999999999998 0.9870689655172414
vt 0 1
vt 1 1
vt 1 0
vt 0.875 0.875
vt 0.98875 0.9655172413793103
vt 0.9700000000000002 0.9870689655172414
vt 0 1
vt 1 1
vt 1 0
vt 0.875 0.875
vt 0.98875 0.7844827586206897
vt 0.98875 0.9655172413793103
vt 0 1
vt 1 1
vt 1 0
vt 0.875 0.875
vt 0.9700000000000002 0.7629310344827586
vt 0.98875 0.7844827586206897
vn 0 -0.8687772701926701 -0.49520304400980036
vn 0.6558399400203437 -0.6558399400203524 -0.3738287658115846
vn 0.6765255728032614 -0.6765255728032614 0.2909059963054016
vn 0.49721715627276797 -0.49721715627276797 0.7110205334700566
vn 0 -0.573077665280804 0.8195010613515414
vn -0.4972171562727658 -0.49721715627277135 0.7110205334700558
vn -0.6765255728032613 -0.6765255728032613 0.2909059963054016
vn -0.6558399400203465 -0.6558399400203465 -0.37382876581159
vn 0 0 -1
vn 0.7071067811865501 0 -0.7071067811865449
vn 1 0 0
vn 0.7071067811865501 0 0.7071067811865449
vn 0 0 1
vn -0.7071067811865501 0 0.7071067811865449
vn -1 0 0
vn -0.7071067811865501 0 -0.7071067811865449
vn 0 0.5730776652807934 -0.8195010613515488
vn 0.4972171562727799 0.4972171562727575 -0.7110205334700554
vn 0.6765255728032614 0.6765255728032614 -0.2909059963054016
vn 0.6558399400203491 0.6558399400203491 0.37382876581158114
vn 0 0.8687772701926554 0.49520304400982623
vn -0.655839940020358 0.6558399400203305 0.373828765811598
vn -0.6765255728032613 0.6765255728032613 -0.2909059963054016
vn -0.497217156272771 0.497217156272771 -0.7110205334700523
vn 0 -0.9186691875800359 0.3950277506594152
vn 0 0.9186691875800359 -0.3950277506594152
vn -3.8633624396403284e-15 -0.9186691875800372 0.3950277506594122
vn 3.8633624396403284e-15 0.9186691875800372 -0.3950277506594122
vn -1.8012851563158135e-15 -0.918669187580036 0.3950277506594145
vn 1.8012851563158135e-15 0.918669187580036 -0.3950277506594145
vn -7.174815959332007e-15 -0.9186691875800332 0.39502775065942114
vn 7.174815959332007e-15 0.9186691875800332 -0.39502775065942114
vn 0 -0.9186691875800359 0.3950277506594152
vn 0 0.9186691875800359 -0.3950277506594152
vn 7.174815959332007e-15 -0.9186691875800332 0.39502775065942114
vn -7.174815959332007e-15 0.9186691875800332 -0.39502775065942114
vn 1.8012851563158135e-15 -0.918669187580036 0.3950277506594145
vn -1.8012851563158135e-15 0.918669187580036 -0.3950277506594145
vn 3.8633624396403284e-15 -0.9186691875800372 0.3950277506594122
vn -3.8633624396403284e-15 0.9186691875800372 -0.3950277506594122
usemtl m_cc0b4bb9-8d9e-3b07-ceca-4a7a3c06dc3a
f 495/2065/561 503/2066/561 504/2067/561 496/2068/561
f 496/2069/562 504/2070/562 505/2071/562 497/2072/562
f 497/2073/563 505/2074/563 506/2075/563 498/2076/563
f 498/2077/564 506/2078/564 507/2079/564 499/2080/564
f 499/2081/565 507/2082/565 508/2083/565 500/2084/565
f 500/2085/566 508/2086/566 509/2087/566 501/2088/566
f 501/2089/567 509/2090/567 510/2091/567 502/2092/567
f 502/2093/568 510/2094/568 503/2095/568 495/2096/568
f 503/2097/569 511/2098/569 512/2099/569 504/2100/569
f 504/2101/570 512/2102/570 513/2103/570 505/2104/570
f 505/2105/571 513/2106/571 514/2107/571 506/2108/571
f 506/2109/572 514/2110/572 515/2111/572 507/2112/572
f 507/2113/573 515/2114/573 516/2115/573 508/2116/573
f 508/2117/574 516/2118/574 517/2119/574 509/2120/574
f 509/2121/575 517/2122/575 518/2123/575 510/2124/575
f 510/2125/576 518/2126/576 511/2127/576 503/2128/576
f 511/2129/577 519/2130/577 520/2131/577 512/2132/577
f 512/2133/578 520/2134/578 521/2135/578 513/2136/578
f 513/2137/579 521/2138/579 522/2139/579 514/2140/579
f 514/2141/580 522/2142/580 523/2143/580 515/2144/580
f 515/2145/581 523/2146/581 524/2147/581 516/2148/581
f 516/2149/582 524/2150/582 525/2151/582 517/2152/582
f 517/2153/583 525/2154/583 526/2155/583 518/2156/583
f 518/2157/584 526/2158/584 519/2159/584 511/2160/584
f 527/2161/585 495/2162/585 496/2163/585
usemtl m_dd3252ff-ed45-a8e7-a747-a610edb5d7d0
f 528/2164/586 520/2165/586 519/2166/586
usemtl m_cc0b4bb9-8d9e-3b07-ceca-4a7a3c06dc3a
f 527/2167/587 496/2168/587 497/2169/587
usemtl m_dd3252ff-ed45-a8e7-a747-a610edb5d7d0
f 528/2170/588 521/2171/588 520/2172/588
usemtl m_cc0b4bb9-8d9e-3b07-ceca-4a7a3c06dc3a
f 527/2173/589 497/2174/589 498/2175/589
usemtl m_dd3252ff-ed45-a8e7-a747-a610edb5d7d0
f 528/2176/590 522/2177/590 521/2178/590
usemtl m_cc0b4bb9-8d9e-3b07-ceca-4a7a3c06dc3a
f 527/2179/591 498/2180/591 499/2181/591
usemtl m_dd3252ff-ed45-a8e7-a747-a610edb5d7d0
f 528/2182/592 523/2183/592 522/2184/592
usemtl m_cc0b4bb9-8d9e-3b07-ceca-4a7a3c06dc3a
f 527/2185/593 499/2186/593 500/2187/593
usemtl m_dd3252ff-ed45-a8e7-a747-a610edb5d7d0
f 528/2188/594 524/2189/594 523/2190/594
usemtl m_cc0b4bb9-8d9e-3b07-ceca-4a7a3c06dc3a
f 527/2191/595 500/2192/595 501/2193/595
usemtl m_dd3252ff-ed45-a8e7-a747-a610edb5d7d0
f 528/2194/596 525/2195/596 524/2196/596
usemtl m_cc0b4bb9-8d9e-3b07-ceca-4a7a3c06dc3a
f 527/2197/597 501/2198/597 502/2199/597
usemtl m_dd3252ff-ed45-a8e7-a747-a610edb5d7d0
f 528/2200/598 526/2201/598 525/2202/598
usemtl m_cc0b4bb9-8d9e-3b07-ceca-4a7a3c06dc3a
f 527/2203/599 502/2204/599 495/2205/599
usemtl m_dd3252ff-ed45-a8e7-a747-a610edb5d7d0
f 528/2206/600 519/2207/600 526/2208/600
o engage_key
v 0.705 0.65791875 0.199375
v 0.779375 0.65791875 0.199375
v 0.78625 0.660875 0.20625
v 0.78625 0.6807625 0.25249999999999995
v 0.779375 0.68371875 0.25937499999999997
v 0.705 0.68371875 0.25937499999999997
v 0.698125 0.6807625 0.25249999999999995
v 0.698125 0.660875 0.20625
v 0.705 0.6604125000000001 0.195
v 0.779375 0.6604125000000001 0.195
v 0.790625 0.6652500000000001 0.20625000000000002
v 0.790625 0.6851375000000001 0.2525
v 0.779375 0.689975 0.26375
v 0.705 0.689975 0.26375
v 0.69375 0.6851375000000001 0.2525
v 0.69375 0.6652500000000001 0.20625000000000002
v 0.705 0.6660375 0.195
v 0.779375 0.6660375 0.195
v 0.790625 0.670875 0.20625000000000002
v 0.790625 0.6907625 0.2525
v 0.779375 0.6956 0.26375
v 0.705 0.6956 0.26375
v 0.69375 0.6907625 0.2525
v 0.69375 0.670875 0.20625000000000002
v 0.705 0.6722937499999999 0.199375
v 0.779375 0.6722937499999999 0.199375
v 0.78625 0.6752499999999999 0.20625
v 0.78625 0.6951375 0.25249999999999995
v 0.779375 0.69809375 0.25937499999999997
v 0.705 0.69809375 0.25937499999999997
v 0.698125 0.6951375 0.25249999999999995
v 0.698125 0.6752499999999999 0.20625
v 0.7421875 0.67081875 0.22937499999999997
v 0.7421875 0.6851937499999998 0.22937499999999997
vt 0 1
vt 1 1
vt 1 0
vt 0 0
vt 0 1
vt 1 1
vt 1 0
vt 0 0
vt 0 1
vt 1 1
vt 1 0
vt 0 0
vt 0 1
vt 1 1
vt 1 0
vt 0 0
vt 0 1
vt 1 1
vt 1 0
vt 0 0
vt 0 1
vt 1 1
vt 1 0
vt 0 0
vt 0 1
vt 1 1
vt 1 0
vt 0 0
vt 0 1
vt 1 1
vt 1 0
vt 0 0
vt 0 1
vt 1 1
vt 1 0
vt 0 0
vt 0 1
vt 1 1
vt 1 0
vt 0 0
vt 0 1
vt 1 1
vt 1 0
vt 0 0
vt 0 1
vt 1 1
vt 1 0
vt 0 0
vt 0 1
vt 1 1
vt 1 0
vt 0 0
vt 0 1
vt 1 1
vt 1 0
vt 0 0
vt 0 1
vt 1 1
vt 1 0
vt 0 0
vt 0 1
vt 1 1
vt 1 0
vt 0 0
vt 0 1
vt 1 1
vt 1 0
vt 0 0
vt 0 1
vt 1 1
vt 1 0
vt 0 0
vt 0 1
vt 1 1
vt 1 0
vt 0 0
vt 0 1
vt 1 1
vt 1 0
vt 0 0
vt 0 1
vt 1 1
vt 1 0
vt 0 0
vt 0 1
vt 1 1
vt 1 0
vt 0 0
vt 0 1
vt 1 1
vt 1 0
vt 0 0
vt 0 1
vt 1 1
vt 1 0
vt 0 0
vt 0 1
vt 1 1
vt 1 0
vt 0.375 0.6249999999999999
vt 0.2790322580645161 0.5159090909090909
vt 0.47096774193548396 0.5159090909090909
vt 0 1
vt 1 1
vt 1 0
vt 0.375 0.6249999999999999
vt 0.2612903225806452 0.5409090909090909
vt 0.2790322580645161 0.5159090909090909
vt 0 1
vt 1 1
vt 1 0
vt 0.375 0.6249999999999999
vt 0.2612903225806452 0.709090909090909
vt 0.2612903225806452 0.5409090909090909
vt 0 1
vt 1 1
vt 1 0
vt 0.375 0.6249999999999999
vt 0.2790322580645161 0.734090909090909
vt 0.2612903225806452 0.709090909090909
vt 0 1
vt 1 1
vt 1 0
vt 0.375 0.6249999999999999
vt 0.47096774193548396 0.734090909090909
vt 0.2790322580645161 0.734090909090909
vt 0 1
vt 1 1
vt 1 0
vt 0.375 0.6249999999999999
vt 0.4887096774193548 0.709090909090909
vt 0.47096774193548396 0.734090909090909
vt 0 1
vt 1 1
vt 1 0
vt 0.375 0.6249999999999999
vt 0.4887096774193548 0.5409090909090909
vt 0.4887096774193548 0.709090909090909
vt 0 1
vt 1 1
vt 1 0
vt 0.375 0.6249999999999999
vt 0.47096774193548396 0.5159090909090909
vt 0.4887096774193548 0.5409090909090909
vn 0 -0.8687772701926542 -0.49520304400982834
vn 0.6558399400203508 -0.655839940020335 -0.37382876581160257
vn 0.6765255728032696 -0.6765255728032544 0.2909059963053987
vn 0.49721715627276464 -0.4972171562727736 0.7110205334700549
vn 0 -0.573077665280804 0.8195010613515414
vn -0.4972171562727663 -0.497217156272771 0.7110205334700554
vn -0.6765255728032593 -0.6765255728032631 0.2909059963054024
vn -0.655839940020352 -0.655839940020333 -0.3738287658116045
vn 0 0 -1
vn 0.7071067811865486 0 -0.7071067811865467
vn 1 0 0
vn 0.7071067811865476 0 0.7071067811865476
vn 0 0 1
vn -0.7071067811865476 0 0.7071067811865476
vn -1 0 0
vn -0.7071067811865486 0 -0.7071067811865467
vn 0 0.5730776652808015 -0.8195010613515432
vn 0.4972171562727679 0.49721715627276836 -0.7110205334700562
vn 0.6765255728032528 0.676525572803268 -0.29090599630540637
vn 0.6558399400203441 0.6558399400203488 0.3738287658115902
vn 0 0.8687772701926652 0.49520304400980947
vn -0.6558399400203444 0.655839940020348 0.373828765811591
vn -0.676525572803263 0.6765255728032593 -0.2909059963054026
vn -0.49721715627276486 0.4972171562727731 -0.7110205334700551
vn 0 -0.9186691875800355 0.39502775065941637
vn 0 0.9186691875800366 -0.3950277506594134
vn -6.468885945444262e-16 -0.9186691875800356 0.3950277506594157
vn -8.625181260592355e-16 0.9186691875800361 -0.39502775065941426
vn 0 -0.9186691875800351 0.3950277506594166
vn -2.3093532236952877e-15 0.9186691875800351 -0.3950277506594166
vn 1.1859624233314452e-15 -0.918669187580036 0.3950277506594148
vn -2.695369143935101e-15 0.9186691875800354 -0.39502775065941603
vn 0 -0.9186691875800355 0.395027750659416
vn 0 0.9186691875800341 -0.3950277506594188
vn -1.1859624233314452e-15 -0.918669187580036 0.3950277506594148
vn 2.695369143935101e-15 0.9186691875800354 -0.39502775065941603
vn 0 -0.9186691875800351 0.3950277506594166
vn 2.3093532236952877e-15 0.9186691875800351 -0.3950277506594166
vn 6.468885945444262e-16 -0.9186691875800356 0.3950277506594157
vn 8.625181260592355e-16 0.9186691875800361 -0.39502775065941426
usemtl m_b3959c63-60fd-8d0e-fdfe-02df06589c8e
f 529/2209/601 537/2210/601 538/2211/601 530/2212/601
f 530/2213/602 538/2214/602 539/2215/602 531/2216/602
f 531/2217/603 539/2218/603 540/2219/603 532/2220/603
f 532/2221/604 540/2222/604 541/2223/604 533/2224/604
f 533/2225/605 541/2226/605 542/2227/605 534/2228/605
f 534/2229/606 542/2230/606 543/2231/606 535/2232/606
f 535/2233/607 543/2234/607 544/2235/607 536/2236/607
f 536/2237/608 544/2238/608 537/2239/608 529/2240/608
f 537/2241/609 545/2242/609 546/2243/609 538/2244/609
f 538/2245/610 546/2246/610 547/2247/610 539/2248/610
f 539/2249/611 547/2250/611 548/2251/611 540/2252/611
f 540/2253/612 548/2254/612 549/2255/612 541/2256/612
f 541/2257/613 549/2258/613 550/2259/613 542/2260/613
f 542/2261/614 550/2262/614 551/2263/614 543/2264/614
f 543/2265/615 551/2266/615 552/2267/615 544/2268/615
f 544/2269/616 552/2270/616 545/2271/616 537/2272/616
f 545/2273/617 553/2274/617 554/2275/617 546/2276/617
f 546/2277/618 554/2278/618 555/2279/618 547/2280/618
f 547/2281/619 555/2282/619 556/2283/619 548/2284/619
f 548/2285/620 556/2286/620 557/2287/620 549/2288/620
f 549/2289/621 557/2290/621 558/2291/621 550/2292/621
f 550/2293/622 558/2294/622 559/2295/622 551/2296/622
f 551/2297/623 559/2298/623 560/2299/623 552/2300/623
f 552/2301/624 560/2302/624 553/2303/624 545/2304/624
f 561/2305/625 529/2306/625 530/2307/625
usemtl m_dd3252ff-ed45-a8e7-a747-a610edb5d7d0
f 562/2308/626 554/2309/626 553/2310/626
usemtl m_b3959c63-60fd-8d0e-fdfe-02df06589c8e
f 561/2311/627 530/2312/627 531/2313/627
usemtl m_dd3252ff-ed45-a8e7-a747-a610edb5d7d0
f 562/2314/628 555/2315/628 554/2316/628
usemtl m_b3959c63-60fd-8d0e-fdfe-02df06589c8e
f 561/2317/629 531/2318/629 532/2319/629
usemtl m_dd3252ff-ed45-a8e7-a747-a610edb5d7d0
f 562/2320/630 556/2321/630 555/2322/630
usemtl m_b3959c63-60fd-8d0e-fdfe-02df06589c8e
f 561/2323/631 532/2324/631 533/2325/631
usemtl m_dd3252ff-ed45-a8e7-a747-a610edb5d7d0
f 562/2326/632 557/2327/632 556/2328/632
usemtl m_b3959c63-60fd-8d0e-fdfe-02df06589c8e
f 561/2329/633 533/2330/633 534/2331/633
usemtl m_dd3252ff-ed45-a8e7-a747-a610edb5d7d0
f 562/2332/634 558/2333/634 557/2334/634
usemtl m_b3959c63-60fd-8d0e-fdfe-02df06589c8e
f 561/2335/635 534/2336/635 535/2337/635
usemtl m_dd3252ff-ed45-a8e7-a747-a610edb5d7d0
f 562/2338/636 559/2339/636 558/2340/636
usemtl m_b3959c63-60fd-8d0e-fdfe-02df06589c8e
f 561/2341/637 535/2342/637 536/2343/637
usemtl m_dd3252ff-ed45-a8e7-a747-a610edb5d7d0
f 562/2344/638 560/2345/638 559/2346/638
usemtl m_b3959c63-60fd-8d0e-fdfe-02df06589c8e
f 561/2347/639 536/2348/639 529/2349/639
usemtl m_dd3252ff-ed45-a8e7-a747-a610edb5d7d0
f 562/2350/640 553/2351/640 560/2352/640
o aux_instrument_recess
v 0.7618750000000001 0.707965625 0.3259375
v 0.8262499999999999 0.707965625 0.3259375
v 0.8378125 0.7129375 0.33749999999999997
v 0.8378125 0.919875 0.81875
v 0.8262499999999999 0.9248468750000001 0.8303125
v 0.7618750000000001 0.9248468750000001 0.8303125
v 0.7503125 0.919875 0.81875
v 0.7503125 0.7129375 0.33749999999999997
v 0.7618750000000001 0.7092125 0.32375
v 0.8262499999999999 0.7092125 0.32375
v 0.84 0.715125 0.33749999999999997
v 0.84 0.9220625 0.81875
v 0.8262499999999999 0.927975 0.8325
v 0.7618750000000001 0.927975 0.8325
v 0.748125 0.9220625 0.81875
v 0.748125 0.715125 0.33749999999999997
v 0.7618750000000001 0.7117125 0.32375
v 0.8262499999999999 0.7117125 0.32375
v 0.84 0.717625 0.33749999999999997
v 0.84 0.9245625 0.81875
v 0.8262499999999999 0.9304749999999999 0.8325
v 0.7618750000000001 0.9304749999999999 0.8325
v 0.748125 0.9245625 0.81875
v 0.748125 0.717625 0.33749999999999997
v 0.7618750000000001 0.714840625 0.3259375
v 0.8262499999999999 0.714840625 0.3259375
v 0.8378125 0.7198125 0.33749999999999997
v 0.8378125 0.92675 0.81875
v 0.8262499999999999 0.931721875 0.8303125
v 0.7618750000000001 0.931721875 0.8303125
v 0.7503125 0.92675 0.81875
v 0.7503125 0.7198125 0.33749999999999997
v 0.7940624999999999 0.81640625 0.578125
v 0.7940624999999999 0.82328125 0.578125
vt 0 1
vt 1 1
vt 1 0
vt 0 0
vt 0 1
vt 1 1
vt 1 0
vt 0 0
vt 0 1
vt 1 1
vt 1 0
vt 0 0
vt 0 1
vt 1 1
vt 1 0
vt 0 0
vt 0 1
vt 1 1
vt 1 0
vt 0 0
vt 0 1
vt 1 1
vt 1 0
vt 0 0
vt 0 1
vt 1 1
vt 1 0
vt 0 0
vt 0 1
vt 1 1
vt 1 0
vt 0 0
vt 0 1
vt 1 1
vt 1 0
vt 0 0
vt 0 1
vt 1 1
vt 1 0
vt 0 0
vt 0 1
vt 1 1
vt 1 0
vt 0 0
vt 0 1
vt 1 1
vt 1 0
vt 0 0
vt 0 1
vt 1 1
vt 1 0
vt 0 0
vt 0 1
vt 1 1
vt 1 0
vt 0 0
vt 0 1
vt 1 1
vt 1 0
vt 0 0
vt 0 1
vt 1 1
vt 1 0
vt 0 0
vt 0 1
vt 1 1
vt 1 0
vt 0 0
vt 0 1
vt 1 1
vt 1 0
vt 0 0
vt 0 1
vt 1 1
vt 1 0
vt 0 0
vt 0 1
vt 1 1
vt 1 0
vt 0 0
vt 0 1
vt 1 1
vt 1 0
vt 0 0
vt 0 1
vt 1 1
vt 1 0
vt 0 0
vt 0 1
vt 1 1
vt 1 0
vt 0 0
vt 0 1
vt 1 1
vt 1 0
vt 0 0
vt 0 1
vt 1 1
vt 1 0
vt 0 1
vt 1 1
vt 1 0
vt 0 1
vt 1 1
vt 1 0
vt 0 1
vt 1 1
vt 1 0
vt 0 1
vt 1 1
vt 1 0
vt 0 1
vt 1 1
vt 1 0
vt 0 1
vt 1 1
vt 1 0
vt 0 1
vt 1 1
vt 1 0
vt 0 1
vt 1 1
vt 1 0
vt 0 1
vt 1 1
vt 1 0
vt 0 1
vt 1 1
vt 1 0
vt 0 1
vt 1 1
vt 1 0
vt 0 1
vt 1 1
vt 1 0
vt 0 1
vt 1 1
vt 1 0
vt 0 1
vt 1 1
vt 1 0
vt 0 1
vt 1 1
vt 1 0
vn 0 -0.8687772701926652 -0.49520304400980947
vn 0.6558399400203405 -0.655839940020351 -0.3738287658115927
vn 0.6765255728032612 -0.6765255728032612 0.2909059963054023
vn 0.49721715627276775 -0.49721715627276775 0.7110205334700568
vn 0 -0.5730776652808108 0.8195010613515368
vn -0.4972171562727603 -0.49721715627277896 0.7110205334700542
vn -0.6765255728032612 -0.6765255728032612 0.29090599630540226
vn -0.655839940020344 -0.655839940020344 -0.373828765811599
vn 0 0 -1
vn 0.7071067811865461 0 -0.7071067811865489
vn 1 0 0
vn 0.7071067811865476 0 0.7071067811865476
vn 0 0 1
vn -0.7071067811865476 0 0.7071067811865476
vn -1 0 0
vn -0.7071067811865461 0 -0.7071067811865489
vn 0 0.5730776652807971 -0.8195010613515462
vn 0.4972171562727688 0.49721715627276436 -0.7110205334700586
vn 0.6765255728032612 0.6765255728032612 -0.2909059963054023
vn 0.6558399400203455 0.6558399400203455 0.37382876581159374
vn 0 0.8687772701926461 0.49520304400984266
vn -0.655839940020355 0.6558399400203259 0.3738287658116117
vn -0.6765255728032612 0.6765255728032612 -0.29090599630540226
vn -0.49721715627276697 0.49721715627276697 -0.7110205334700579
vn 0 -0.9186691875800358 0.39502775065941514
vn 0 0.9186691875800358 -0.39502775065941514
vn -1.938680480551309e-15 -0.9186691875800359 0.3950277506594151
vn 1.938680480551309e-15 0.9186691875800359 -0.3950277506594151
vn 1.5138073232876305e-16 -0.9186691875800357 0.39502775065941537
vn -1.5138073232876305e-16 0.9186691875800357 -0.39502775065941537
vn -3.877360961102615e-15 -0.9186691875800355 0.3950277506594159
vn 3.877360961102615e-15 0.9186691875800355 -0.3950277506594159
vn 0 -0.9186691875800358 0.3950277506594156
vn 0 0.9186691875800358 -0.3950277506594156
vn 3.877360961102617e-15 -0.9186691875800356 0.3950277506594158
vn -3.877360961102617e-15 0.9186691875800356 -0.3950277506594158
vn -1.513807323287638e-16 -0.9186691875800358 0.3950277506594154
vn 1.513807323287638e-16 0.9186691875800358 -0.3950277506594154
vn 1.9386804805513105e-15 -0.918669187580036 0.39502775065941503
vn -1.9386804805513105e-15 0.918669187580036 -0.39502775065941503
usemtl m_2dfc0309-2b3e-7f98-dd78-5cd9610de7bb
f 563/2353/641 571/2354/641 572/2355/641 564/2356/641
f 564/2357/642 572/2358/642 573/2359/642 565/2360/642
f 565/2361/643 573/2362/643 574/2363/643 566/2364/643
f 566/2365/644 574/2366/644 575/2367/644 567/2368/644
f 567/2369/645 575/2370/645 576/2371/645 568/2372/645
f 568/2373/646 576/2374/646 577/2375/646 569/2376/646
f 569/2377/647 577/2378/647 578/2379/647 570/2380/647
f 570/2381/648 578/2382/648 571/2383/648 563/2384/648
f 571/2385/649 579/2386/649 580/2387/649 572/2388/649
f 572/2389/650 580/2390/650 581/2391/650 573/2392/650
f 573/2393/651 581/2394/651 582/2395/651 574/2396/651
f 574/2397/652 582/2398/652 583/2399/652 575/2400/652
f 575/2401/653 583/2402/653 584/2403/653 576/2404/653
f 576/2405/654 584/2406/654 585/2407/654 577/2408/654
f 577/2409/655 585/2410/655 586/2411/655 578/2412/655
f 578/2413/656 586/2414/656 579/2415/656 571/2416/656
f 579/2417/657 587/2418/657 588/2419/657 580/2420/657
f 580/2421/658 588/2422/658 589/2423/658 581/2424/658
f 581/2425/659 589/2426/659 590/2427/659 582/2428/659
f 582/2429/660 590/2430/660 591/2431/660 583/2432/660
f 583/2433/661 591/2434/661 592/2435/661 584/2436/661
f 584/2437/662 592/2438/662 593/2439/662 585/2440/662
f 585/2441/663 593/2442/663 594/2443/663 586/2444/663
f 586/2445/664 594/2446/664 587/2447/664 579/2448/664
f 595/2449/665 563/2450/665 564/2451/665
f 596/2452/666 588/2453/666 587/2454/666
f 595/2455/667 564/2456/667 565/2457/667
f 596/2458/668 589/2459/668 588/2460/668
f 595/2461/669 565/2462/669 566/2463/669
f 596/2464/670 590/2465/670 589/2466/670
f 595/2467/671 566/2468/671 567/2469/671
f 596/2470/672 591/2471/672 590/2472/672
f 595/2473/673 567/2474/673 568/2475/673
f 596/2476/674 592/2477/674 591/2478/674
f 595/2479/675 568/2480/675 569/2481/675
f 596/2482/676 593/2483/676 592/2484/676
f 595/2485/677 569/2486/677 570/2487/677
f 596/2488/678 594/2489/678 593/2490/678
f 595/2491/679 570/2492/679 563/2493/679
f 596/2494/680 587/2495/680 594/2496/680
o aux_status_glass
v 0.77 0.858615 0.6617500000000001
v 0.818125 0.858615 0.6617500000000001
v 0.8245 0.86135625 0.6681250000000001
v 0.8245 0.919675 0.80375
v 0.818125 0.9224162499999999 0.810125
v 0.77 0.9224162499999999 0.810125
v 0.763625 0.919675 0.80375
v 0.763625 0.86135625 0.6681250000000001
v 0.7699999999999999 0.85925625 0.660625
v 0.8181250000000001 0.85925625 0.660625
v 0.825625 0.8624812500000001 0.668125
v 0.825625 0.9208000000000001 0.8037500000000001
v 0.8181250000000001 0.9240250000000001 0.81125
v 0.7699999999999999 0.9240250000000001 0.81125
v 0.7625 0.9208000000000001 0.8037500000000001
v 0.7625 0.8624812500000001 0.668125
v 0.7699999999999999 0.86013125 0.660625
v 0.8181250000000001 0.86013125 0.660625
v 0.825625 0.86335625 0.668125
v 0.825625 0.921675 0.8037500000000001
v 0.8181250000000001 0.9249 0.81125
v 0.7699999999999999 0.9249 0.81125
v 0.7625 0.921675 0.8037500000000001
v 0.7625 0.86335625 0.668125
v 0.77 0.8617400000000001 0.6617500000000001
v 0.818125 0.8617400000000001 0.6617500000000001
v 0.8245 0.8644812500000001 0.6681250000000001
v 0.8245 0.9228000000000001 0.80375
v 0.818125 0.92554125 0.810125
v 0.77 0.92554125 0.810125
v 0.763625 0.9228000000000001 0.80375
v 0.763625 0.8644812500000001 0.6681250000000001
v 0.7940625000000001 0.8905156249999999 0.7359375
v 0.7940625000000001 0.8936406250000001 0.7359375
vt 0 1
vt 1 1
vt 1 0
vt 0 0
vt 0 1
vt 1 1
vt 1 0
vt 0 0
vt 0 1
vt 1 1
vt 1 0
vt 0 0
vt 0 1
vt 1 1
vt 1 0
vt 0 0
vt 0 1
vt 1 1
vt 1 0
vt 0 0
vt 0 1
vt 1 1
vt 1 0
vt 0 0
vt 0 1
vt 1 1
vt 1 0
vt 0 0
vt 0 1
vt 1 1
vt 1 0
vt 0 0
vt 0 1
vt 1 1
vt 1 0
vt 0 0
vt 0 1
vt 1 1
vt 1 0
vt 0 0
vt 0 1
vt 1 1
vt 1 0
vt 0 0
vt 0 1
vt 1 1
vt 1 0
vt 0 0
vt 0 1
vt 1 1
vt 1 0
vt 0 0
vt 0 1
vt 1 1
vt 1 0
vt 0 0
vt 0 1
vt 1 1
vt 1 0
vt 0 0
vt 0 1
vt 1 1
vt 1 0
vt 0 0
vt 0 1
vt 1 1
vt 1 0
vt 0 0
vt 0 1
vt 1 1
vt 1 0
vt 0 0
vt 0 1
vt 1 1
vt 1 0
vt 0 0
vt 0 1
vt 1 1
vt 1 0
vt 0 0
vt 0 1
vt 1 1
vt 1 0
vt 0 0
vt 0 1
vt 1 1
vt 1 0
vt 0 0
vt 0 1
vt 1 1
vt 1 0
vt 0 0
vt 0 1
vt 1 1
vt 1 0
vt 0 0
vt 0 1
vt 1 1
vt 1 0
vt 0.6249999999999996 0.625
vt 0.52970297029703 0.5018672199170126
vt 0.72029702970297 0.5018672199170126
vt 0 1
vt 1 1
vt 1 0
vt 0.6249999999999996 0.625
vt 0.5044554455445546 0.512448132780083
vt 0.52970297029703 0.5018672199170126
vt 0 1
vt 1 1
vt 1 0
vt 0.6249999999999996 0.625
vt 0.5044554455445546 0.7375518672199168
vt 0.5044554455445546 0.512448132780083
vt 0 1
vt 1 1
vt 1 0
vt 0.6249999999999996 0.625
vt 0.52970297029703 0.7481327800829876
vt 0.5044554455445546 0.7375518672199168
vt 0 1
vt 1 1
vt 1 0
vt 0.6249999999999996 0.625
vt 0.72029702970297 0.7481327800829876
vt 0.52970297029703 0.7481327800829876
vt 0 1
vt 1 1
vt 1 0
vt 0.6249999999999996 0.625
vt 0.7455445544554453 0.7375518672199168
vt 0.72029702970297 0.7481327800829876
vt 0 1
vt 1 1
vt 1 0
vt 0.6249999999999996 0.625
vt 0.7455445544554453 0.512448132780083
vt 0.7455445544554453 0.7375518672199168
vt 0 1
vt 1 1
vt 1 0
vt 0.6249999999999996 0.625
vt 0.72029702970297 0.5018672199170126
vt 0.7455445544554453 0.512448132780083
vn 0 -0.8687772701926564 -0.49520304400982446
vn 0.6558399400203289 -0.6558399400203812 -0.3738287658115602
vn 0.6765255728032767 -0.6765255728032482 0.2909059963053964
vn 0.49721715627273805 -0.4972171562728082 0.7110205334700492
vn 0 -0.5730776652807767 0.8195010613515606
vn -0.4972171562727623 -0.4972171562727719 0.7110205334700578
vn -0.6765255728032457 -0.6765255728032744 0.2909059963054077
vn -0.6558399400203339 -0.6558399400203707 -0.37382876581156965
vn 0 0 -1
vn 0.7071067811865476 0 -0.7071067811865476
vn 1 0 0
vn 0.7071067811865476 0 0.7071067811865476
vn 0 0 1
vn -0.7071067811865476 0 0.7071067811865476
vn -1 0 0
vn -0.7071067811865476 0 -0.7071067811865476
vn 0 0.5730776652808033 -0.8195010613515419
vn 0.4972171562727442 0.4972171562728007 -0.7110205334700501
vn 0.6765255728032457 0.6765255728032743 -0.2909059963054081
vn 0.6558399400203304 0.6558399400203673 0.3738287658115818
vn 0 0.8687772701926935 0.49520304400975973
vn -0.6558399400202998 0.6558399400204309 0.3738287658115239
vn -0.6765255728032767 0.676525572803248 -0.2909059963053969
vn -0.4972171562727388 0.497217156272809 -0.7110205334700482
vn 0 -0.918669187580036 0.3950277506594146
vn 0 0.9186691875800356 -0.3950277506594157
vn 2.5443488601133584e-15 -0.9186691875800357 0.3950277506594153
vn -1.908261645085018e-15 0.9186691875800354 -0.39502775065941614
vn 3.3779150959298106e-15 -0.9186691875800358 0.39502775065941553
vn 0 0.9186691875800358 -0.3950277506594156
vn 1.0177395440453446e-14 -0.9186691875800368 0.39502775065941276
vn -9.541308225425109e-15 0.9186691875800371 -0.3950277506594119
vn 0 -0.9186691875800356 0.3950277506594157
vn 0 0.918669187580036 -0.3950277506594146
vn -1.0177395440453426e-14 -0.9186691875800369 0.395027750659413
vn 9.541308225425089e-15 0.9186691875800371 -0.3950277506594119
vn -3.3779150959297857e-15 -0.9186691875800358 0.39502775065941553
vn 0 0.9186691875800358 -0.39502775065941553
vn -2.5443488601133532e-15 -0.9186691875800359 0.39502775065941537
vn 1.908261645085014e-15 0.9186691875800354 -0.3950277506594161
usemtl m_cc0b4bb9-8d9e-3b07-ceca-4a7a3c06dc3a
f 597/2497/681 605/2498/681 606/2499/681 598/2500/681
f 598/2501/682 606/2502/682 607/2503/682 599/2504/682
f 599/2505/683 607/2506/683 608/2507/683 600/2508/683
f 600/2509/684 608/2510/684 609/2511/684 601/2512/684
f 601/2513/685 609/2514/685 610/2515/685 602/2516/685
f 602/2517/686 610/2518/686 611/2519/686 603/2520/686
f 603/2521/687 611/2522/687 612/2523/687 604/2524/687
f 604/2525/688 612/2526/688 605/2527/688 597/2528/688
f 605/2529/689 613/2530/689 614/2531/689 606/2532/689
f 606/2533/690 614/2534/690 615/2535/690 607/2536/690
f 607/2537/691 615/2538/691 616/2539/691 608/2540/691
f 608/2541/692 616/2542/692 617/2543/692 609/2544/692
f 609/2545/693 617/2546/693 618/2547/693 610/2548/693
f 610/2549/694 618/2550/694 619/2551/694 611/2552/694
f 611/2553/695 619/2554/695 620/2555/695 612/2556/695
f 612/2557/696 620/2558/696 613/2559/696 605/2560/696
f 613/2561/697 621/2562/697 622/2563/697 614/2564/697
f 614/2565/698 622/2566/698 623/2567/698 615/2568/698
f 615/2569/699 623/2570/699 624/2571/699 616/2572/699
f 616/2573/700 624/2574/700 625/2575/700 617/2576/700
f 617/2577/701 625/2578/701 626/2579/701 618/2580/701
f 618/2581/702 626/2582/702 627/2583/702 619/2584/702
f 619/2585/703 627/2586/703 628/2587/703 620/2588/703
f 620/2589/704 628/2590/704 621/2591/704 613/2592/704
f 629/2593/705 597/2594/705 598/2595/705
usemtl m_dd3252ff-ed45-a8e7-a747-a610edb5d7d0
f 630/2596/706 622/2597/706 621/2598/706
usemtl m_cc0b4bb9-8d9e-3b07-ceca-4a7a3c06dc3a
f 629/2599/707 598/2600/707 599/2601/707
usemtl m_dd3252ff-ed45-a8e7-a747-a610edb5d7d0
f 630/2602/708 623/2603/708 622/2604/708
usemtl m_cc0b4bb9-8d9e-3b07-ceca-4a7a3c06dc3a
f 629/2605/709 599/2606/709 600/2607/709
usemtl m_dd3252ff-ed45-a8e7-a747-a610edb5d7d0
f 630/2608/710 624/2609/710 623/2610/710
usemtl m_cc0b4bb9-8d9e-3b07-ceca-4a7a3c06dc3a
f 629/2611/711 600/2612/711 601/2613/711
usemtl m_dd3252ff-ed45-a8e7-a747-a610edb5d7d0
f 630/2614/712 625/2615/712 624/2616/712
usemtl m_cc0b4bb9-8d9e-3b07-ceca-4a7a3c06dc3a
f 629/2617/713 601/2618/713 602/2619/713
usemtl m_dd3252ff-ed45-a8e7-a747-a610edb5d7d0
f 630/2620/714 626/2621/714 625/2622/714
usemtl m_cc0b4bb9-8d9e-3b07-ceca-4a7a3c06dc3a
f 629/2623/715 602/2624/715 603/2625/715
usemtl m_dd3252ff-ed45-a8e7-a747-a610edb5d7d0
f 630/2626/716 627/2627/716 626/2628/716
usemtl m_cc0b4bb9-8d9e-3b07-ceca-4a7a3c06dc3a
f 629/2629/717 603/2630/717 604/2631/717
usemtl m_dd3252ff-ed45-a8e7-a747-a610edb5d7d0
f 630/2632/718 628/2633/718 627/2634/718
usemtl m_cc0b4bb9-8d9e-3b07-ceca-4a7a3c06dc3a
f 629/2635/719 604/2636/719 597/2637/719
usemtl m_dd3252ff-ed45-a8e7-a747-a610edb5d7d0
f 630/2638/720 621/2639/720 628/2640/720
o aux_upper_control
v 0.7731250000000001 0.800215625 0.5259375
v 0.815 0.800215625 0.5259375
v 0.8209375 0.80276875 0.531875
v 0.8209375 0.825075 0.58375
v 0.815 0.827628125 0.5896875
v 0.7731250000000001 0.827628125 0.5896875
v 0.7671875 0.825075 0.58375
v 0.7671875 0.80276875 0.531875
v 0.7731250000000001 0.80181875 0.523125
v 0.815 0.80181875 0.523125
v 0.82375 0.80558125 0.531875
v 0.82375 0.8278875 0.58375
v 0.815 0.83165 0.5925
v 0.7731250000000001 0.83165 0.5925
v 0.764375 0.8278875 0.58375
v 0.764375 0.80558125 0.531875
v 0.7731250000000001 0.8068187499999999 0.523125
v 0.815 0.8068187499999999 0.523125
v 0.82375 0.81058125 0.531875
v 0.82375 0.8328875 0.58375
v 0.815 0.83665 0.5925
v 0.7731250000000001 0.83665 0.5925
v 0.764375 0.8328875 0.58375
v 0.764375 0.81058125 0.531875
v 0.7731250000000001 0.810840625 0.5259375
v 0.815 0.810840625 0.5259375
v 0.8209375 0.81339375 0.531875
v 0.8209375 0.8357 0.58375
v 0.815 0.838253125 0.5896875
v 0.7731250000000001 0.838253125 0.5896875
v 0.7671875 0.8357 0.58375
v 0.7671875 0.81339375 0.531875
v 0.7940625000000001 0.8139218750000001 0.5578125
v 0.7940625000000001 0.824546875 0.5578125
vt 0 1
vt 1 1
vt 1 0
vt 0 0
vt 0 1
vt 1 1
vt 1 0
vt 0 0
vt 0 1
vt 1 1
vt 1 0
vt 0 0
vt 0 1
vt 1 1
vt 1 0
vt 0 0
vt 0 1
vt 1 1
vt 1 0
vt 0 0
vt 0 1
vt 1 1
vt 1 0
vt 0 0
vt 0 1
vt 1 1
vt 1 0
vt 0 0
vt 0 1
vt 1 1
vt 1 0
vt 0 0
vt 0 1
vt 1 1
vt 1 0
vt 0 0
vt 0 1
vt 1 1
vt 1 0
vt 0 0
vt 0 1
vt 1 1
vt 1 0
vt 0 0
vt 0 1
vt 1 1
vt 1 0
vt 0 0
vt 0 1
vt 1 1
vt 1 0
vt 0 0
vt 0 1
vt 1 1
vt 1 0
vt 0 0
vt 0 1
vt 1 1
vt 1 0
vt 0 0
vt 0 1
vt 1 1
vt 1 0
vt 0 0
vt 0 1
vt 1 1
vt 1 0
vt 0 0
vt 0 1
vt 1 1
vt 1 0
vt 0 0
vt 0 1
vt 1 1
vt 1 0
vt 0 0
vt 0 1
vt 1 1
vt 1 0
vt 0 0
vt 0 1
vt 1 1
vt 1 0
vt 0 0
vt 0 1
vt 1 1
vt 1 0
vt 0 0
vt 0 1
vt 1 1
vt 1 0
vt 0 0
vt 0 1
vt 1 1
vt 1 0
vt 0 0
vt 0 1
vt 1 1
vt 1 0
vt 0.12499999999999953 0.6250000000000002
vt 0.03684210526315807 0.5101351351351351
vt 0.21315789473684194 0.5101351351351351
vt 0 1
vt 1 1
vt 1 0
vt 0.12499999999999953 0.6250000000000002
vt 0.011842105263157885 0.5315315315315317
vt 0.03684210526315807 0.5101351351351351
vt 0 1
vt 1 1
vt 1 0
vt 0.12499999999999953 0.6250000000000002
vt 0.011842105263157885 0.7184684684684683
vt 0.011842105263157885 0.5315315315315317
vt 0 1
vt 1 1
vt 1 0
vt 0.12499999999999953 0.6250000000000002
vt 0.03684210526315807 0.7398648648648649
vt 0.011842105263157885 0.7184684684684683
vt 0 1
vt 1 1
vt 1 0
vt 0.12499999999999953 0.6250000000000002
vt 0.21315789473684194 0.7398648648648649
vt 0.03684210526315807 0.7398648648648649
vt 0 1
vt 1 1
vt 1 0
vt 0.12499999999999953 0.6250000000000002
vt 0.23815789473684212 0.7184684684684683
vt 0.21315789473684194 0.7398648648648649
vt 0 1
vt 1 1
vt 1 0
vt 0.12499999999999953 0.6250000000000002
vt 0.23815789473684212 0.5315315315315317
vt 0.23815789473684212 0.7184684684684683
vt 0 1
vt 1 1
vt 1 0
vt 0.12499999999999953 0.6250000000000002
vt 0.21315789473684194 0.5101351351351351
vt 0.23815789473684212 0.5315315315315317
vn 0 -0.8687772701926554 -0.4952030440098263
vn 0.6558399400203472 -0.6558399400203386 -0.3738287658116026
vn 0.6765255728032613 -0.6765255728032613 0.29090599630540204
vn 0.49721715627276764 -0.49721715627276764 0.711020533470057
vn 0 -0.573077665280804 0.8195010613515414
vn -0.497217156272765 -0.4972171562727715 0.711020533470056
vn -0.6765255728032613 -0.6765255728032613 0.29090599630540204
vn -0.6558399400203444 -0.6558399400203444 -0.3738287658115973
vn 0 0 -1
vn 0.7071067811865476 0 -0.7071067811865476
vn 1 0 0
vn 0.7071067811865476 0 0.7071067811865476
vn 0 0 1
vn -0.7071067811865476 0 0.7071067811865476
vn -1 0 0
vn -0.7071067811865476 0 -0.7071067811865476
vn 0 0.5730776652807934 -0.8195010613515489
vn 0.49721715627277047 0.4972171562727605 -0.7110205334700599
vn 0.6765255728032613 0.6765255728032613 -0.29090599630540204
vn 0.6558399400203454 0.6558399400203454 0.37382876581159385
vn 0 0.8687772701926554 0.4952030440098263
vn -0.6558399400203496 0.655839940020337 0.3738287658116017
vn -0.6765255728032613 0.6765255728032613 -0.29090599630540204
vn -0.4972171562727666 0.4972171562727666 -0.7110205334700586
vn 0 -0.9186691875800348 0.39502775065941786
vn 0 0.9186691875800358 -0.39502775065941503
vn 7.940888228472714e-16 -0.9186691875800345 0.39502775065941814
vn -2.8587197622501793e-15 0.9186691875800352 -0.3950277506594165
vn -2.964906058328627e-15 -0.9186691875800359 0.3950277506594149
vn -8.216004739946797e-16 0.9186691875800359 -0.3950277506594149
vn -3.9704441142363715e-15 -0.9186691875800356 0.3950277506594157
vn 2.0646309394029116e-15 0.9186691875800349 -0.3950277506594173
vn 0 -0.9186691875800365 0.39502775065941353
vn 0 0.9186691875800355 -0.39502775065941637
vn 3.970444114236355e-15 -0.9186691875800357 0.39502775065941576
vn -2.064630939402903e-15 0.9186691875800349 -0.3950277506594173
vn 2.964906058328602e-15 -0.9186691875800359 0.3950277506594149
vn 8.216004739946729e-16 0.9186691875800359 -0.3950277506594149
vn -7.940888228472684e-16 -0.9186691875800345 0.3950277506594182
vn 2.8587197622501682e-15 0.9186691875800352 -0.39502775065941664
usemtl m_cc0b4bb9-8d9e-3b07-ceca-4a7a3c06dc3a
f 631/2641/721 639/2642/721 640/2643/721 632/2644/721
f 632/2645/722 640/2646/722 641/2647/722 633/2648/722
f 633/2649/723 641/2650/723 642/2651/723 634/2652/723
f 634/2653/724 642/2654/724 643/2655/724 635/2656/724
f 635/2657/725 643/2658/725 644/2659/725 636/2660/725
f 636/2661/726 644/2662/726 645/2663/726 637/2664/726
f 637/2665/727 645/2666/727 646/2667/727 638/2668/727
f 638/2669/728 646/2670/728 639/2671/728 631/2672/728
f 639/2673/729 647/2674/729 648/2675/729 640/2676/729
f 640/2677/730 648/2678/730 649/2679/730 641/2680/730
f 641/2681/731 649/2682/731 650/2683/731 642/2684/731
f 642/2685/732 650/2686/732 651/2687/732 643/2688/732
f 643/2689/733 651/2690/733 652/2691/733 644/2692/733
f 644/2693/734 652/2694/734 653/2695/734 645/2696/734
f 645/2697/735 653/2698/735 654/2699/735 646/2700/735
f 646/2701/736 654/2702/736 647/2703/736 639/2704/736
f 647/2705/737 655/2706/737 656/2707/737 648/2708/737
f 648/2709/738 656/2710/738 657/2711/738 649/2712/738
f 649/2713/739 657/2714/739 658/2715/739 650/2716/739
f 650/2717/740 658/2718/740 659/2719/740 651/2720/740
f 651/2721/741 659/2722/741 660/2723/741 652/2724/741
f 652/2725/742 660/2726/742 661/2727/742 653/2728/742
f 653/2729/743 661/2730/743 662/2731/743 654/2732/743
f 654/2733/744 662/2734/744 655/2735/744 647/2736/744
f 663/2737/745 631/2738/745 632/2739/745
usemtl m_dd3252ff-ed45-a8e7-a747-a610edb5d7d0
f 664/2740/746 656/2741/746 655/2742/746
usemtl m_cc0b4bb9-8d9e-3b07-ceca-4a7a3c06dc3a
f 663/2743/747 632/2744/747 633/2745/747
usemtl m_dd3252ff-ed45-a8e7-a747-a610edb5d7d0
f 664/2746/748 657/2747/748 656/2748/748
usemtl m_cc0b4bb9-8d9e-3b07-ceca-4a7a3c06dc3a
f 663/2749/749 633/2750/749 634/2751/749
usemtl m_dd3252ff-ed45-a8e7-a747-a610edb5d7d0
f 664/2752/750 658/2753/750 657/2754/750
usemtl m_cc0b4bb9-8d9e-3b07-ceca-4a7a3c06dc3a
f 663/2755/751 634/2756/751 635/2757/751
usemtl m_dd3252ff-ed45-a8e7-a747-a610edb5d7d0
f 664/2758/752 659/2759/752 658/2760/752
usemtl m_cc0b4bb9-8d9e-3b07-ceca-4a7a3c06dc3a
f 663/2761/753 635/2762/753 636/2763/753
usemtl m_dd3252ff-ed45-a8e7-a747-a610edb5d7d0
f 664/2764/754 660/2765/754 659/2766/754
usemtl m_cc0b4bb9-8d9e-3b07-ceca-4a7a3c06dc3a
f 663/2767/755 636/2768/755 637/2769/755
usemtl m_dd3252ff-ed45-a8e7-a747-a610edb5d7d0
f 664/2770/756 661/2771/756 660/2772/756
usemtl m_cc0b4bb9-8d9e-3b07-ceca-4a7a3c06dc3a
f 663/2773/757 637/2774/757 638/2775/757
usemtl m_dd3252ff-ed45-a8e7-a747-a610edb5d7d0
f 664/2776/758 662/2777/758 661/2778/758
usemtl m_cc0b4bb9-8d9e-3b07-ceca-4a7a3c06dc3a
f 663/2779/759 638/2780/759 631/2781/759
usemtl m_dd3252ff-ed45-a8e7-a747-a610edb5d7d0
f 664/2782/760 655/2783/760 662/2784/760
o aux_lower_control
v 0.7731250000000001 0.7400156250000001 0.3859375
v 0.815 0.7400156250000001 0.3859375
v 0.8209375 0.74256875 0.391875
v 0.8209375 0.764875 0.44375000000000003
v 0.815 0.767428125 0.4496875
v 0.7731250000000001 0.767428125 0.4496875
v 0.7671875 0.764875 0.44375000000000003
v 0.7671875 0.74256875 0.391875
v 0.7731250000000001 0.74161875 0.383125
v 0.815 0.74161875 0.383125
v 0.82375 0.74538125 0.391875
v 0.82375 0.7676875000000001 0.44375000000000003
v 0.815 0.77145 0.4525
v 0.7731250000000001 0.77145 0.4525
v 0.764375 0.7676875000000001 0.44375000000000003
v 0.764375 0.74538125 0.391875
v 0.7731250000000001 0.74661875 0.383125
v 0.815 0.74661875 0.383125
v 0.82375 0.75038125 0.391875
v 0.82375 0.7726875 0.44375000000000003
v 0.815 0.77645 0.4525
v 0.7731250000000001 0.77645 0.4525
v 0.764375 0.7726875 0.44375000000000003
v 0.764375 0.75038125 0.391875
v 0.7731250000000001 0.750640625 0.3859375
v 0.815 0.750640625 0.3859375
v 0.8209375 0.75319375 0.391875
v 0.8209375 0.7755000000000001 0.44375000000000003
v 0.815 0.778053125 0.4496875
v 0.7731250000000001 0.778053125 0.4496875
v 0.7671875 0.7755000000000001 0.44375000000000003
v 0.7671875 0.75319375 0.391875
v 0.7940625000000001 0.753721875 0.41781250000000003
v 0.7940625000000001 0.764346875 0.41781250000000003
vt 0 1
vt 1 1
vt 1 0
vt 0 0
vt 0 1
vt 1 1
vt 1 0
vt 0 0
vt 0 1
vt 1 1
vt 1 0
vt 0 0
vt 0 1
vt 1 1
vt 1 0
vt 0 0
vt 0 1
vt 1 1
vt 1 0
vt 0 0
vt 0 1
vt 1 1
vt 1 0
vt 0 0
vt 0 1
vt 1 1
vt 1 0
vt 0 0
vt 0 1
vt 1 1
vt 1 0
vt 0 0
vt 0 1
vt 1 1
vt 1 0
vt 0 0
vt 0 1
vt 1 1
vt 1 0
vt 0 0
vt 0 1
vt 1 1
vt 1 0
vt 0 0
vt 0 1
vt 1 1
vt 1 0
vt 0 0
vt 0 1
vt 1 1
vt 1 0
vt 0 0
vt 0 1
vt 1 1
vt 1 0
vt 0 0
vt 0 1
vt 1 1
vt 1 0
vt 0 0
vt 0 1
vt 1 1
vt 1 0
vt 0 0
vt 0 1
vt 1 1
vt 1 0
vt 0 0
vt 0 1
vt 1 1
vt 1 0
vt 0 0
vt 0 1
vt 1 1
vt 1 0
vt 0 0
vt 0 1
vt 1 1
vt 1 0
vt 0 0
vt 0 1
vt 1 1
vt 1 0
vt 0 0
vt 0 1
vt 1 1
vt 1 0
vt 0 0
vt 0 1
vt 1 1
vt 1 0
vt 0 0
vt 0 1
vt 1 1
vt 1 0
vt 0 0
vt 0 1
vt 1 1
vt 1 0
vt 0.8749999999999996 0.6250000000000001
vt 0.7868421052631581 0.5101351351351351
vt 0.963157894736842 0.5101351351351351
vt 0 1
vt 1 1
vt 1 0
vt 0.8749999999999996 0.6250000000000001
vt 0.7618421052631579 0.5315315315315314
vt 0.7868421052631581 0.5101351351351351
vt 0 1
vt 1 1
vt 1 0
vt 0.8749999999999996 0.6250000000000001
vt 0.7618421052631579 0.7184684684684686
vt 0.7618421052631579 0.5315315315315314
vt 0 1
vt 1 1
vt 1 0
vt 0.8749999999999996 0.6250000000000001
vt 0.7868421052631581 0.7398648648648649
vt 0.7618421052631579 0.7184684684684686
vt 0 1
vt 1 1
vt 1 0
vt 0.8749999999999996 0.6250000000000001
vt 0.963157894736842 0.7398648648648649
vt 0.7868421052631581 0.7398648648648649
vt 0 1
vt 1 1
vt 1 0
vt 0.8749999999999996 0.6250000000000001
vt 0.9881578947368421 0.7184684684684686
vt 0.963157894736842 0.7398648648648649
vt 0 1
vt 1 1
vt 1 0
vt 0.8749999999999996 0.6250000000000001
vt 0.9881578947368421 0.5315315315315314
vt 0.9881578947368421 0.7184684684684686
vt 0 1
vt 1 1
vt 1 0
vt 0.8749999999999996 0.6250000000000001
vt 0.963157894736842 0.5101351351351351
vt 0.9881578947368421 0.5315315315315314
vn 0 -0.8687772701926701 -0.4952030440098004
vn 0.6558399400203375 -0.6558399400203572 -0.3738287658115873
vn 0.6765255728032611 -0.6765255728032611 0.290905996305403
vn 0.4972171562727761 -0.4972171562727564 0.7110205334700588
vn 0 -0.573077665280804 0.8195010613515414
vn -0.49721715627276647 -0.4972171562727711 0.7110205334700554
vn -0.6765255728032755 -0.6765255728032489 0.2909059963053977
vn -0.6558399400203438 -0.6558399400203438 -0.3738287658115993
vn 0 0 -1
vn 0.7071067811865452 0 -0.7071067811865498
vn 1 0 0
vn 0.7071067811865454 0 0.7071067811865498
vn 0 0 1
vn -0.7071067811865452 0 0.7071067811865498
vn -1 0 0
vn -0.7071067811865452 0 -0.7071067811865498
vn 0 0.573077665280804 -0.8195010613515414
vn 0.49721715627275775 0.497217156272774 -0.7110205334700596
vn 0.6765255728032611 0.6765255728032611 -0.290905996305403
vn 0.6558399400203501 0.6558399400203241 0.3738287658116234
vn 0 0.8687772701926554 0.4952030440098263
vn -0.6558399400203406 0.6558399400203437 0.3738287658116055
vn -0.6765255728032755 0.6765255728032489 -0.2909059963053977
vn -0.49721715627276414 0.49721715627276414 -0.7110205334700618
vn 0 -0.9186691875800368 0.395027750659413
vn 0 0.9186691875800356 -0.39502775065941564
vn -3.811626349666935e-15 -0.9186691875800378 0.39502775065941076
vn -4.605715172514197e-15 0.9186691875800346 -0.3950277506594181
vn 4.2866111686678894e-16 -0.918669187580036 0.39502775065941453
vn -2.3219143830284385e-15 0.9186691875800354 -0.39502775065941625
vn -4.288079643375291e-15 -0.9186691875800344 0.39502775065941853
vn -6.193892818208771e-15 0.9186691875800368 -0.39502775065941287
vn 0 -0.9186691875800355 0.39502775065941637
vn 0 0.9186691875800355 -0.39502775065941637
vn 4.288079643375273e-15 -0.9186691875800344 0.3950277506594186
vn 6.193892818208746e-15 0.9186691875800369 -0.39502775065941287
vn -4.286611168667854e-16 -0.918669187580036 0.39502775065941453
vn 2.321914383028419e-15 0.9186691875800354 -0.39502775065941625
vn 3.81162634966692e-15 -0.9186691875800376 0.3950277506594108
vn 4.605715172514179e-15 0.9186691875800346 -0.3950277506594183
usemtl m_cc0b4bb9-8d9e-3b07-ceca-4a7a3c06dc3a
f 665/2785/761 673/2786/761 674/2787/761 666/2788/761
f 666/2789/762 674/2790/762 675/2791/762 667/2792/762
f 667/2793/763 675/2794/763 676/2795/763 668/2796/763
f 668/2797/764 676/2798/764 677/2799/764 669/2800/764
f 669/2801/765 677/2802/765 678/2803/765 670/2804/765
f 670/2805/766 678/2806/766 679/2807/766 671/2808/766
f 671/2809/767 679/2810/767 680/2811/767 672/2812/767
f 672/2813/768 680/2814/768 673/2815/768 665/2816/768
f 673/2817/769 681/2818/769 682/2819/769 674/2820/769
f 674/2821/770 682/2822/770 683/2823/770 675/2824/770
f 675/2825/771 683/2826/771 684/2827/771 676/2828/771
f 676/2829/772 684/2830/772 685/2831/772 677/2832/772
f 677/2833/773 685/2834/773 686/2835/773 678/2836/773
f 678/2837/774 686/2838/774 687/2839/774 679/2840/774
f 679/2841/775 687/2842/775 688/2843/775 680/2844/775
f 680/2845/776 688/2846/776 681/2847/776 673/2848/776
f 681/2849/777 689/2850/777 690/2851/777 682/2852/777
f 682/2853/778 690/2854/778 691/2855/778 683/2856/778
f 683/2857/779 691/2858/779 692/2859/779 684/2860/779
f 684/2861/780 692/2862/780 693/2863/780 685/2864/780
f 685/2865/781 693/2866/781 694/2867/781 686/2868/781
f 686/2869/782 694/2870/782 695/2871/782 687/2872/782
f 687/2873/783 695/2874/783 696/2875/783 688/2876/783
f 688/2877/784 696/2878/784 689/2879/784 681/2880/784
f 697/2881/785 665/2882/785 666/2883/785
usemtl m_dd3252ff-ed45-a8e7-a747-a610edb5d7d0
f 698/2884/786 690/2885/786 689/2886/786
usemtl m_cc0b4bb9-8d9e-3b07-ceca-4a7a3c06dc3a
f 697/2887/787 666/2888/787 667/2889/787
usemtl m_dd3252ff-ed45-a8e7-a747-a610edb5d7d0
f 698/2890/788 691/2891/788 690/2892/788
usemtl m_cc0b4bb9-8d9e-3b07-ceca-4a7a3c06dc3a
f 697/2893/789 667/2894/789 668/2895/789
usemtl m_dd3252ff-ed45-a8e7-a747-a610edb5d7d0
f 698/2896/790 692/2897/790 691/2898/790
usemtl m_cc0b4bb9-8d9e-3b07-ceca-4a7a3c06dc3a
f 697/2899/791 668/2900/791 669/2901/791
usemtl m_dd3252ff-ed45-a8e7-a747-a610edb5d7d0
f 698/2902/792 693/2903/792 692/2904/792
usemtl m_cc0b4bb9-8d9e-3b07-ceca-4a7a3c06dc3a
f 697/2905/793 669/2906/793 670/2907/793
usemtl m_dd3252ff-ed45-a8e7-a747-a610edb5d7d0
f 698/2908/794 694/2909/794 693/2910/794
usemtl m_cc0b4bb9-8d9e-3b07-ceca-4a7a3c06dc3a
f 697/2911/795 670/2912/795 671/2913/795
usemtl m_dd3252ff-ed45-a8e7-a747-a610edb5d7d0
f 698/2914/796 695/2915/796 694/2916/796
usemtl m_cc0b4bb9-8d9e-3b07-ceca-4a7a3c06dc3a
f 697/2917/797 671/2918/797 672/2919/797
usemtl m_dd3252ff-ed45-a8e7-a747-a610edb5d7d0
f 698/2920/798 696/2921/798 695/2922/798
usemtl m_cc0b4bb9-8d9e-3b07-ceca-4a7a3c06dc3a
f 697/2923/799 672/2924/799 665/2925/799
usemtl m_dd3252ff-ed45-a8e7-a747-a610edb5d7d0
f 698/2926/800 689/2927/800 696/2928/800
o rear_service_panel
v 0.33 0.19375 0.8121875000000001
v 0.6699999999999999 0.19375 0.8121875000000001
v 0.6715625 0.19375 0.8137500000000001
v 0.6715625 0.19375 0.819375
v 0.6699999999999999 0.19375 0.8209375
v 0.33 0.19375 0.8209375
v 0.3284375 0.19375 0.819375
v 0.3284375 0.19375 0.8137500000000001
v 0.32999999999999996 0.19593750000000001 0.809960625
v 0.6699999999999999 0.19593750000000001 0.809960625
v 0.67375 0.19593750000000001 0.813710625
v 0.67375 0.19593750000000001 0.8193356249999999
v 0.6699999999999999 0.19593750000000001 0.8230856249999999
v 0.32999999999999996 0.19593750000000001 0.8230856249999999
v 0.32625 0.19593750000000001 0.8193356249999999
v 0.32625 0.19593750000000001 0.813710625
v 0.32999999999999996 0.5134375 0.804245625
v 0.6699999999999999 0.5134375 0.804245625
v 0.67375 0.5134375 0.807995625
v 0.67375 0.5134375 0.8136206249999999
v 0.6699999999999999 0.5134375 0.8173706249999999
v 0.32999999999999996 0.5134375 0.8173706249999999
v 0.32625 0.5134375 0.8136206249999999
v 0.32625 0.5134375 0.807995625
v 0.33 0.515625 0.80639375
v 0.6699999999999999 0.515625 0.80639375
v 0.6715625 0.515625 0.80795625
v 0.6715625 0.515625 0.8135812499999999
v 0.6699999999999999 0.515625 0.81514375
v 0.33 0.515625 0.81514375
v 0.3284375 0.515625 0.8135812499999999
v 0.3284375 0.515625 0.80795625
v 0.5 0.19375000000000003 0.8165625000000001
v 0.5 0.515625 0.81076875
vt 0 1
vt 1 1
vt 1 0
vt 0 0
vt 0 1
vt 1 1
vt 1 0
vt 0 0
vt 0 1
vt 1 1
vt 1 0
vt 0 0
vt 0 1
vt 1 1
vt 1 0
vt 0 0
vt 0 1
vt 1 1
vt 1 0
vt 0 0
vt 0 1
vt 1 1
vt 1 0
vt 0 0
vt 0 1
vt 1 1
vt 1 0
vt 0 0
vt 0 1
vt 1 1
vt 1 0
vt 0 0
vt 0 1
vt 1 1
vt 1 0
vt 0 0
vt 0 1
vt 1 1
vt 1 0
vt 0 0
vt 0 1
vt 1 1
vt 1 0
vt 0 0
vt 0 1
vt 1 1
vt 1 0
vt 0 0
vt 0 1
vt 1 1
vt 1 0
vt 0 0
vt 0 1
vt 1 1
vt 1 0
vt 0 0
vt 0 1
vt 1 1
vt 1 0
vt 0 0
vt 0 1
vt 1 1
vt 1 0
vt 0 0
vt 0 1
vt 1 1
vt 1 0
vt 0 0
vt 0 1
vt 1 1
vt 1 0
vt 0 0
vt 0 1
vt 1 1
vt 1 0
vt 0 0
vt 0 1
vt 1 1
vt 1 0
vt 0 0
vt 0 1
vt 1 1
vt 1 0
vt 0 0
vt 0 1
vt 1 1
vt 1 0
vt 0 0
vt 0 1
vt 1 1
vt 1 0
vt 0 0
vt 0 1
vt 1 1
vt 1 0
vt 0 0
vt 0 1
vt 1 1
vt 1 0
vt 0 1
vt 1 1
vt 1 0
vt 0 1
vt 1 1
vt 1 0
vt 0 1
vt 1 1
vt 1 0
vt 0 1
vt 1 1
vt 1 0
vt 0 1
vt 1 1
vt 1 0
vt 0 1
vt 1 1
vt 1 0
vt 0 1
vt 1 1
vt 1 0
vt 0 1
vt 1 1
vt 1 0
vt 0 1
vt 1 1
vt 1 0
vt 0 1
vt 1 1
vt 1 0
vt 0 1
vt 1 1
vt 1 0
vt 0 1
vt 1 1
vt 1 0
vt 0 1
vt 1 1
vt 1 0
vt 0 1
vt 1 1
vt 1 0
vt 0 1
vt 1 1
vt 1 0
vn 0 -0.7133855990191725 -0.7007717082702871
vn 0.5738864143778314 -0.584216369836649 -0.5738864143778314
vn 0.7071067811865476 -0.7071067811865476 0
vn 0.5808141187640219 -0.5703594646262528 0.5808141187640219
vn 0 -0.7006561306092359 0.7134991146733775
vn -0.5808141187640227 -0.5703594646262596 0.580814118764014
vn -0.7071067811865476 -0.7071067811865476 0
vn -0.5738864143778342 -0.5842163698366516 -0.5738864143778257
vn 0 -0.017997084708396817 -0.9998380393553742
vn 0.7070495124953236 -0.01272689122491588 -0.7070495124953236
vn 1 0 0
vn 0.7070495124953236 0.01272689122491588 0.7070495124953236
vn 0 0.017997084708396817 0.9998380393553742
vn -0.7070495124953288 0.012726891224915783 0.7070495124953182
vn -1 0 0
vn -0.7070495124953288 -0.012726891224915783 -0.7070495124953182
vn 0 0.7006561306092544 -0.7134991146733594
vn 0.5808141187640121 0.5703594646262725 -0.5808141187640121
vn 0.7071067811865476 0.7071067811865476 0
vn 0.573886414377841 0.5842163698366297 0.573886414377841
vn 0 0.7133855990191551 0.7007717082703049
vn -0.5738864143778363 0.5842163698366394 0.5738864143778363
vn -0.7071067811865476 0.7071067811865476 0
vn -0.5808141187640121 0.5703594646262725 -0.5808141187640121
vn 0 -1 6.344131569286582e-15
vn 0 1 0
vn -1.5917175980288985e-16 -1 1.5917175980288985e-16
vn 0 1 0
vn -1.6178113291441265e-16 -1 0
vn 0 1 0
vn -1.5917175980288997e-16 -1 -1.5917175980288997e-16
vn 0 1 0
vn 0 -1 -6.344131569286743e-15
vn 0 1 0
vn 1.5917175980288992e-16 -1 -1.5917175980288992e-16
vn 0 1 0
vn 1.617811329144126e-16 -1 0
vn 0 1 0
vn 1.5917175980288982e-16 -1 1.5917175980288982e-16
vn 0 1 0
usemtl m_cc0b4bb9-8d9e-3b07-ceca-4a7a3c06dc3a
f 699/2929/801 707/2930/801 708/2931/801 700/2932/801
f 700/2933/802 708/2934/802 709/2935/802 701/2936/802
f 701/2937/803 709/2938/803 710/2939/803 702/2940/803
f 702/2941/804 710/2942/804 711/2943/804 703/2944/804
f 703/2945/805 711/2946/805 712/2947/805 704/2948/805
f 704/2949/806 712/2950/806 713/2951/806 705/2952/806
f 705/2953/807 713/2954/807 714/2955/807 706/2956/807
f 706/2957/808 714/2958/808 707/2959/808 699/2960/808
f 707/2961/809 715/2962/809 716/2963/809 708/2964/809
f 708/2965/810 716/2966/810 717/2967/810 709/2968/810
f 709/2969/811 717/2970/811 718/2971/811 710/2972/811
f 710/2973/812 718/2974/812 719/2975/812 711/2976/812
f 711/2977/813 719/2978/813 720/2979/813 712/2980/813
f 712/2981/814 720/2982/814 721/2983/814 713/2984/814
f 713/2985/815 721/2986/815 722/2987/815 714/2988/815
f 714/2989/816 722/2990/816 715/2991/816 707/2992/816
f 715/2993/817 723/2994/817 724/2995/817 716/2996/817
f 716/2997/818 724/2998/818 725/2999/818 717/3000/818
f 717/3001/819 725/3002/819 726/3003/819 718/3004/819
f 718/3005/820 726/3006/820 727/3007/820 719/3008/820
f 719/3009/821 727/3010/821 728/3011/821 720/3012/821
f 720/3013/822 728/3014/822 729/3015/822 721/3016/822
f 721/3017/823 729/3018/823 730/3019/823 722/3020/823
f 722/3021/824 730/3022/824 723/3023/824 715/3024/824
f 731/3025/825 699/3026/825 700/3027/825
f 732/3028/826 724/3029/826 723/3030/826
f 731/3031/827 700/3032/827 701/3033/827
f 732/3034/828 725/3035/828 724/3036/828
f 731/3037/829 701/3038/829 702/3039/829
f 732/3040/830 726/3041/830 725/3042/830
f 731/3043/831 702/3044/831 703/3045/831
f 732/3046/832 727/3047/832 726/3048/832
f 731/3049/833 703/3050/833 704/3051/833
f 732/3052/834 728/3053/834 727/3054/834
f 731/3055/835 704/3056/835 705/3057/835
f 732/3058/836 729/3059/836 728/3060/836
f 731/3061/837 705/3062/837 706/3063/837
f 732/3064/838 730/3065/838 729/3066/838
f 731/3067/839 706/3068/839 699/3069/839
f 732/3070/840 723/3071/840 730/3072/840
o rear_vent_slot_01
v 0.37987499999999996 0.2825 0.8229025
v 0.38112499999999994 0.2675 0.8210475
v 0.618875 0.2675 0.8210475
v 0.6201249999999999 0.2675 0.8222975
v 0.6201249999999999 0.2675 0.8231725
v 0.618875 0.2675 0.8244225
v 0.38112499999999994 0.2675 0.8244225
v 0.37987499999999996 0.2675 0.8231725
v 0.37987499999999996 0.2675 0.8222975
v 0.38049999999999995 0.268625 0.8199022499999999
v 0.6194999999999999 0.268625 0.8199022499999999
v 0.62125 0.268625 0.82165225
v 0.62125 0.268625 0.8237772499999999
v 0.6194999999999999 0.268625 0.8255272499999999
v 0.38049999999999995 0.268625 0.8255272499999999
v 0.37875 0.268625 0.8237772499999999
v 0.37875 0.268625 0.82165225
v 0.38049999999999995 0.281375 0.81967275
v 0.6194999999999999 0.281375 0.81967275
v 0.62125 0.281375 0.82142275
v 0.62125 0.281375 0.8235477499999999
v 0.6194999999999999 0.281375 0.8252977499999999
v 0.38049999999999995 0.281375 0.8252977499999999
v 0.37875 0.281375 0.8235477499999999
v 0.37875 0.281375 0.82142275
v 0.38112499999999994 0.2825 0.8207775
v 0.618875 0.2825 0.8207775
v 0.6201249999999999 0.2825 0.8220275
v 0.6201249999999999 0.2825 0.8229025
v 0.618875 0.2825 0.8241525
v 0.38112499999999994 0.2825 0.8241525
v 0.37987499999999996 0.2825 0.8220275
v 0.5 0.2675 0.8227349999999999
v 0.5 0.2825 0.8224649999999999
vt 0 1
vt 1 1
vt 1 0
vt 0 0
vt 0 1
vt 1 1
vt 1 0
vt 0 0
vt 0 1
vt 1 1
vt 1 0
vt 0 0
vt 0 1
vt 1 1
vt 1 0
vt 0 0
vt 0 1
vt 1 1
vt 1 0
vt 0 0
vt 0 1
vt 1 1
vt 1 0
vt 0 0
vt 0 1
vt 1 1
vt 1 0
vt 0 0
vt 0 1
vt 1 1
vt 1 0
vt 0 0
vt 0 1
vt 1 1
vt 1 0
vt 0 0
vt 0 1
vt 1 1
vt 1 0
vt 0 0
vt 0 1
vt 1 1
vt 1 0
vt 0 0
vt 0 1
vt 1 1
vt 1 0
vt 0 0
vt 0 1
vt 1 1
vt 1 0
vt 0 0
vt 0 1
vt 1 1
vt 1 0
vt 0 0
vt 0 1
vt 1 1
vt 1 0
vt 0 0
vt 0 1
vt 1 1
vt 1 0
vt 0 0
vt 0 1
vt 1 1
vt 1 0
vt 0 0
vt 0 1
vt 1 1
vt 1 0
vt 0 0
vt 0 1
vt 1 1
vt 1 0
vt 0 0
vt 0 1
vt 1 1
vt 1 0
vt 0 0
vt 0 1
vt 1 1
vt 1 0
vt 0 0
vt 0 1
vt 1 1
vt 1 0
vt 0 0
vt 0 1
vt 1 1
vt 1 0
vt 0 0
vt 0 1
vt 1 1
vt 1 0
vt 0 0
vt 0 1
vt 1 1
vt 1 0
vt 0 1
vt 1 1
vt 1 0
vt 0 1
vt 1 1
vt 1 0
vt 0 1
vt 1 1
vt 1 0
vt 0 1
vt 1 1
vt 1 0
vt 0 1
vt 1 1
vt 1 0
vt 0 1
vt 1 1
vt 1 0
vt 0 1
vt 1 1
vt 1 0
vt 0 1
vt 1 1
vt 1 0
vt 0 1
vt 1 1
vt 1 0
vt 0 1
vt 1 1
vt 1 0
vt 0 1
vt 1 1
vt 1 0
vt 0 1
vt 1 1
vt 1 0
vt 0 1
vt 1 1
vt 1 0
vt 0 1
vt 1 1
vt 1 0
vt 0 1
vt 1 1
vt 1 0
vn 0 -0.7133855990191965 -0.7007717082702628
vn 0.4726625801614395 -0.7437608289163 -0.4726625801614395
vn 0.7071067811865301 -0.707106781186565 0
vn 0.4786893809210184 -0.7360115170205588 0.4786893809210184
vn 0 -0.7006561306092466 0.713499114673367
vn -0.4786893809210272 -0.7360115170205574 0.47868938092101193
vn -0.7071067811865476 -0.7071067811865476 0
vn -0.472662580161454 -0.7437608289162911 -0.4726625801614391
vn 0 -0.01799708470839626 -0.9998380393553743
vn 0.7070495124953236 -0.012726891224915484 -0.7070495124953236
vn 1 0 0
vn 0.7070495124953236 0.012726891224915484 0.7070495124953236
vn 0 0.01799708470839626 0.9998380393553743
vn -0.7070495124953347 0.012726891224915285 0.7070495124953123
vn -1 0 0
vn -0.7070495124953347 -0.012726891224915285 -0.7070495124953123
vn 0 0.7006561306092824 -0.7134991146733317
vn 0.4786893809210017 0.7360115170205804 -0.4786893809210018
vn 0.70710678118653 0.707106781186565 0
vn 0.4726625801614558 0.7437608289162791 0.4726625801614558
vn 0 0.7133855990191627 0.7007717082702973
vn -0.47266258016145585 0.7437608289162793 0.4726625801614559
vn -0.7071067811865476 0.7071067811865476 0
vn -0.47868938092101004 0.7360115170205698 -0.47868938092101
vn 0 -1 0
vn 0 1 0
vn 0 -1 0
vn 0 1 0
vn 0 -1 0
vn 0 1 0
vn 0 -1 0
vn 0 1 0
vn 0 -1 0
vn 0 1 0
vn 0 -1 0
vn 0 1 0
vn 0 -1 0
vn 0 1 0
vn 0 -1 0
vn 0 1 0
usemtl m_2dfc0309-2b3e-7f98-dd78-5cd9610de7bb
f 734/3073/841 742/3074/841 743/3075/841 735/3076/841
f 735/3077/842 743/3078/842 744/3079/842 736/3080/842
f 736/3081/843 744/3082/843 745/3083/843 737/3084/843
f 737/3085/844 745/3086/844 746/3087/844 738/3088/844
f 738/3089/845 746/3090/845 747/3091/845 739/3092/845
f 739/3093/846 747/3094/846 748/3095/846 740/3096/846
f 740/3097/847 748/3098/847 749/3099/847 741/3100/847
f 741/3101/848 749/3102/848 742/3103/848 734/3104/848
f 742/3105/849 750/3106/849 751/3107/849 743/3108/849
f 743/3109/850 751/3110/850 752/3111/850 744/3112/850
f 744/3113/851 752/3114/851 753/3115/851 745/3116/851
f 745/3117/852 753/3118/852 754/3119/852 746/3120/852
f 746/3121/853 754/3122/853 755/3123/853 747/3124/853
f 747/3125/854 755/3126/854 756/3127/854 748/3128/854
f 748/3129/855 756/3130/855 757/3131/855 749/3132/855
f 749/3133/856 757/3134/856 750/3135/856 742/3136/856
f 750/3137/857 758/3138/857 759/3139/857 751/3140/857
f 751/3141/858 759/3142/858 760/3143/858 752/3144/858
f 752/3145/859 760/3146/859 761/3147/859 753/3148/859
f 753/3149/860 761/3150/860 762/3151/860 754/3152/860
f 754/3153/861 762/3154/861 763/3155/861 755/3156/861
f 755/3157/862 763/3158/862 733/3159/862 756/3160/862
f 756/3161/863 733/3162/863 764/3163/863 757/3164/863
f 757/3165/864 764/3166/864 758/3167/864 750/3168/864
f 765/3169/865 734/3170/865 735/3171/865
f 766/3172/866 759/3173/866 758/3174/866
f 765/3175/867 735/3176/867 736/3177/867
f 766/3178/868 760/3179/868 759/3180/868
f 765/3181/869 736/3182/869 737/3183/869
f 766/3184/870 761/3185/870 760/3186/870
f 765/3187/871 737/3188/871 738/3189/871
f 766/3190/872 762/3191/872 761/3192/872
f 765/3193/873 738/3194/873 739/3195/873
f 766/3196/874 763/3197/874 762/3198/874
f 765/3199/875 739/3200/875 740/3201/875
f 766/3202/876 733/3203/876 763/3204/876
f 765/3205/877 740/3206/877 741/3207/877
f 766/3208/878 764/3209/878 733/3210/878
f 765/3211/879 741/3212/879 734/3213/879
f 766/3214/880 758/3215/880 764/3216/880
o rear_vent_slot_02
v 0.38112499999999994 0.311875 0.8202487500000001
v 0.618875 0.311875 0.8202487500000001
v 0.6201249999999999 0.311875 0.82149875
v 0.6201249999999999 0.311875 0.82237375
v 0.618875 0.311875 0.82362375
v 0.38112499999999994 0.311875 0.82362375
v 0.37987499999999996 0.311875 0.82237375
v 0.37987499999999996 0.311875 0.82149875
v 0.38049999999999995 0.313 0.8191035
v 0.6194999999999999 0.313 0.8191035
v 0.62125 0.313 0.8208535
v 0.62125 0.313 0.8229785
v 0.6194999999999999 0.313 0.8247285
v 0.38049999999999995 0.313 0.8247285
v 0.37875 0.313 0.8229785
v 0.37875 0.313 0.8208535
v 0.38049999999999995 0.32575000000000004 0.818874
v 0.6194999999999999 0.32575000000000004 0.818874
v 0.62125 0.32575000000000004 0.820624
v 0.62125 0.32575000000000004 0.822749
v 0.6194999999999999 0.32575000000000004 0.824499
v 0.38049999999999995 0.32575000000000004 0.824499
v 0.37875 0.32575000000000004 0.822749
v 0.37875 0.32575000000000004 0.820624
v 0.38112499999999994 0.326875 0.81997875
v 0.618875 0.326875 0.81997875
v 0.6201249999999999 0.326875 0.82122875
v 0.6201249999999999 0.326875 0.8221037499999999
v 0.618875 0.326875 0.8233537499999999
v 0.38112499999999994 0.326875 0.8233537499999999
v 0.37987499999999996 0.326875 0.8221037499999999
v 0.37987499999999996 0.326875 0.82122875
v 0.5 0.31187500000000007 0.8219362499999999
v 0.5 0.326875 0.8216662499999998
vt 0 1
vt 1 1
vt 1 0
vt 0 0
vt 0 1
vt 1 1
vt 1 0
vt 0 0
vt 0 1
vt 1 1
vt 1 0
vt 0 0
vt 0 1
vt 1 1
vt 1 0
vt 0 0
vt 0 1
vt 1 1
vt 1 0
vt 0 0
vt 0 1
vt 1 1
vt 1 0
vt 0 0
vt 0 1
vt 1 1
vt 1 0
vt 0 0
vt 0 1
vt 1 1
vt 1 0
vt 0 0
vt 0 1
vt 1 1
vt 1 0
vt 0 0
vt 0 1
vt 1 1
vt 1 0
vt 0 0
vt 0 1
vt 1 1
vt 1 0
vt 0 0
vt 0 1
vt 1 1
vt 1 0
vt 0 0
vt 0 1
vt 1 1
vt 1 0
vt 0 0
vt 0 1
vt 1 1
vt 1 0
vt 0 0
vt 0 1
vt 1 1
vt 1 0
vt 0 0
vt 0 1
vt 1 1
vt 1 0
vt 0 0
vt 0 1
vt 1 1
vt 1 0
vt 0 0
vt 0 1
vt 1 1
vt 1 0
vt 0 0
vt 0 1
vt 1 1
vt 1 0
vt 0 0
vt 0 1
vt 1 1
vt 1 0
vt 0 0
vt 0 1
vt 1 1
vt 1 0
vt 0 0
vt 0 1
vt 1 1
vt 1 0
vt 0 0
vt 0 1
vt 1 1
vt 1 0
vt 0 0
vt 0 1
vt 1 1
vt 1 0
vt 0 0
vt 0 1
vt 1 1
vt 1 0
vt 0 1
vt 1 1
vt 1 0
vt 0 1
vt 1 1
vt 1 0
vt 0 1
vt 1 1
vt 1 0
vt 0 1
vt 1 1
vt 1 0
vt 0 1
vt 1 1
vt 1 0
vt 0 1
vt 1 1
vt 1 0
vt 0 1
vt 1 1
vt 1 0
vt 0 1
vt 1 1
vt 1 0
vt 0 1
vt 1 1
vt 1 0
vt 0 1
vt 1 1
vt 1 0
vt 0 1
vt 1 1
vt 1 0
vt 0 1
vt 1 1
vt 1 0
vt 0 1
vt 1 1
vt 1 0
vt 0 1
vt 1 1
vt 1 0
vt 0 1
vt 1 1
vt 1 0
vn 0 -0.7133855990191965 -0.7007717082702628
vn 0.4726625801614395 -0.7437608289163 -0.4726625801614395
vn 0.7071067811865301 -0.707106781186565 0
vn 0.4786893809210184 -0.7360115170205588 0.4786893809210184
vn 0 -0.7006561306092466 0.713499114673367
vn -0.4786893809210272 -0.7360115170205574 0.47868938092101193
vn -0.7071067811865476 -0.7071067811865476 0
vn -0.472662580161454 -0.7437608289162911 -0.4726625801614391
vn 0 -0.017997084708396182 -0.9998380393553743
vn 0.7070495124953236 -0.012726891224915429 -0.7070495124953236
vn 1 0 0
vn 0.7070495124953236 0.012726891224915429 0.7070495124953236
vn 0 0.017997084708396182 0.9998380393553743
vn -0.7070495124953348 0.012726891224915226 0.7070495124953122
vn -1 0 0
vn -0.7070495124953348 -0.012726891224915226 -0.7070495124953122
vn 0 0.7006561306092467 -0.713499114673367
vn 0.47868938092101854 0.7360115170205589 -0.4786893809210184
vn 0.70710678118653 0.707106781186565 0
vn 0.47266258016143947 0.7437608289163 0.47266258016143947
vn 0 0.7133855990191965 0.7007717082702628
vn -0.47266258016143936 0.7437608289163 0.47266258016143947
vn -0.7071067811865476 0.7071067811865476 0
vn -0.47868938092102675 0.7360115170205481 -0.4786893809210267
vn 0 -1 3.2895497025933645e-14
vn 0 1 0
vn -4.604346395542389e-16 -1 4.604346395542389e-16
vn 0 1 0
vn -4.621115607180675e-16 -1 0
vn 0 1 0
vn -4.604346395542381e-16 -1 -4.604346395542381e-16
vn 0 1 0
vn 0 -1 -3.2895497025929316e-14
vn 0 1 0
vn 4.604346395542377e-16 -1 -4.604346395542377e-16
vn 0 1 0
vn 4.621115607180671e-16 -1 0
vn 0 1 0
vn 4.604346395542385e-16 -1 4.604346395542385e-16
vn 0 1 0
usemtl m_2dfc0309-2b3e-7f98-dd78-5cd9610de7bb
f 767/3217/881 775/3218/881 776/3219/881 768/3220/881
f 768/3221/882 776/3222/882 777/3223/882 769/3224/882
f 769/3225/883 777/3226/883 778/3227/883 770/3228/883
f 770/3229/884 778/3230/884 779/3231/884 771/3232/884
f 771/3233/885 779/3234/885 780/3235/885 772/3236/885
f 772/3237/886 780/3238/886 781/3239/886 773/3240/886
f 773/3241/887 781/3242/887 782/3243/887 774/3244/887
f 774/3245/888 782/3246/888 775/3247/888 767/3248/888
f 775/3249/889 783/3250/889 784/3251/889 776/3252/889
f 776/3253/890 784/3254/890 785/3255/890 777/3256/890
f 777/3257/891 785/3258/891 786/3259/891 778/3260/891
f 778/3261/892 786/3262/892 787/3263/892 779/3264/892
f 779/3265/893 787/3266/893 788/3267/893 780/3268/893
f 780/3269/894 788/3270/894 789/3271/894 781/3272/894
f 781/3273/895 789/3274/895 790/3275/895 782/3276/895
f 782/3277/896 790/3278/896 783/3279/896 775/3280/896
f 783/3281/897 791/3282/897 792/3283/897 784/3284/897
f 784/3285/898 792/3286/898 793/3287/898 785/3288/898
f 785/3289/899 793/3290/899 794/3291/899 786/3292/899
f 786/3293/900 794/3294/900 795/3295/900 787/3296/900
f 787/3297/901 795/3298/901 796/3299/901 788/3300/901
f 788/3301/902 796/3302/902 797/3303/902 789/3304/902
f 789/3305/903 797/3306/903 798/3307/903 790/3308/903
f 790/3309/904 798/3310/904 791/3311/904 783/3312/904
f 799/3313/905 767/3314/905 768/3315/905
f 800/3316/906 792/3317/906 791/3318/906
f 799/3319/907 768/3320/907 769/3321/907
f 800/3322/908 793/3323/908 792/3324/908
f 799/3325/909 769/3326/909 770/3327/909
f 800/3328/910 794/3329/910 793/3330/910
f 799/3331/911 770/3332/911 771/3333/911
f 800/3334/912 795/3335/912 794/3336/912
f 799/3337/913 771/3338/913 772/3339/913
f 800/3340/914 796/3341/914 795/3342/914
f 799/3343/915 772/3344/915 773/3345/915
f 800/3346/916 797/3347/916 796/3348/916
f 799/3349/917 773/3350/917 774/3351/917
f 800/3352/918 798/3353/918 797/3354/918
f 799/3355/919 774/3356/919 767/3357/919
f 800/3358/920 791/3359/920 798/3360/920
o rear_vent_slot_03
v 0.38112499999999994 0.35625 0.81945
v 0.618875 0.35625 0.81945
v 0.6201249999999999 0.35625 0.8207
v 0.6201249999999999 0.35625 0.8215749999999999
v 0.618875 0.35625 0.8228249999999999
v 0.38112499999999994 0.35625 0.8228249999999999
v 0.37987499999999996 0.35625 0.8215749999999999
v 0.37987499999999996 0.35625 0.8207
v 0.38049999999999995 0.357375 0.81830475
v 0.6194999999999999 0.357375 0.81830475
v 0.62125 0.357375 0.82005475
v 0.62125 0.357375 0.82217975
v 0.6194999999999999 0.357375 0.82392975
v 0.38049999999999995 0.357375 0.82392975
v 0.37875 0.357375 0.82217975
v 0.37875 0.357375 0.82005475
v 0.38049999999999995 0.37012500000000004 0.81807525
v 0.6194999999999999 0.37012500000000004 0.81807525
v 0.62125 0.37012500000000004 0.8198252500000001
v 0.62125 0.37012500000000004 0.82195025
v 0.6194999999999999 0.37012500000000004 0.82370025
v 0.38049999999999995 0.37012500000000004 0.82370025
v 0.37875 0.37012500000000004 0.82195025
v 0.37875 0.37012500000000004 0.8198252500000001
v 0.38112499999999994 0.37125 0.81918
v 0.618875 0.37125 0.81918
v 0.6201249999999999 0.37125 0.82043
v 0.6201249999999999 0.37125 0.821305
v 0.618875 0.37125 0.8225549999999999
v 0.38112499999999994 0.37125 0.8225549999999999
v 0.37987499999999996 0.37125 0.821305
v 0.37987499999999996 0.37125 0.82043
v 0.5 0.35625000000000007 0.8211374999999999
v 0.5 0.37124999999999997 0.8208674999999999
vt 0 1
vt 1 1
vt 1 0
vt 0 0
vt 0 1
vt 1 1
vt 1 0
vt 0 0
vt 0 1
vt 1 1
vt 1 0
vt 0 0
vt 0 1
vt 1 1
vt 1 0
vt 0 0
vt 0 1
vt 1 1
vt 1 0
vt 0 0
vt 0 1
vt 1 1
vt 1 0
vt 0 0
vt 0 1
vt 1 1
vt 1 0
vt 0 0
vt 0 1
vt 1 1
vt 1 0
vt 0 0
vt 0 1
vt 1 1
vt 1 0
vt 0 0
vt 0 1
vt 1 1
vt 1 0
vt 0 0
vt 0 1
vt 1 1
vt 1 0
vt 0 0
vt 0 1
vt 1 1
vt 1 0
vt 0 0
vt 0 1
vt 1 1
vt 1 0
vt 0 0
vt 0 1
vt 1 1
vt 1 0
vt 0 0
vt 0 1
vt 1 1
vt 1 0
vt 0 0
vt 0 1
vt 1 1
vt 1 0
vt 0 0
vt 0 1
vt 1 1
vt 1 0
vt 0 0
vt 0 1
vt 1 1
vt 1 0
vt 0 0
vt 0 1
vt 1 1
vt 1 0
vt 0 0
vt 0 1
vt 1 1
vt 1 0
vt 0 0
vt 0 1
vt 1 1
vt 1 0
vt 0 0
vt 0 1
vt 1 1
vt 1 0
vt 0 0
vt 0 1
vt 1 1
vt 1 0
vt 0 0
vt 0 1
vt 1 1
vt 1 0
vt 0 0
vt 0 1
vt 1 1
vt 1 0
vt 0 1
vt 1 1
vt 1 0
vt 0 1
vt 1 1
vt 1 0
vt 0 1
vt 1 1
vt 1 0
vt 0 1
vt 1 1
vt 1 0
vt 0 1
vt 1 1
vt 1 0
vt 0 1
vt 1 1
vt 1 0
vt 0 1
vt 1 1
vt 1 0
vt 0 1
vt 1 1
vt 1 0
vt 0 1
vt 1 1
vt 1 0
vt 0 1
vt 1 1
vt 1 0
vt 0 1
vt 1 1
vt 1 0
vt 0 1
vt 1 1
vt 1 0
vt 0 1
vt 1 1
vt 1 0
vt 0 1
vt 1 1
vt 1 0
vt 0 1
vt 1 1
vt 1 0
vn 0 -0.7133855990191625 -0.7007717082702974
vn 0.47266258016145585 -0.7437608289162791 -0.47266258016145585
vn 0.7071067811865301 -0.707106781186565 0
vn 0.47868938092100166 -0.7360115170205804 0.4786893809210018
vn 0 -0.7006561306092824 0.7134991146733317
vn -0.47868938092101054 -0.736011517020579 0.4786893809209953
vn -0.7071067811865476 -0.7071067811865476 0
vn -0.47266258016147045 -0.7437608289162703 -0.4726625801614555
vn 0 -0.017997084708396182 -0.9998380393553743
vn 0.7070495124953236 -0.012726891224915429 -0.7070495124953236
vn 1 0 0
vn 0.7070495124953236 0.012726891224915429 0.7070495124953236
vn 0 0.017997084708396182 0.9998380393553743
vn -0.7070495124953348 0.012726891224915226 0.7070495124953122
vn -1 0 0
vn -0.7070495124953348 -0.012726891224915226 -0.7070495124953122
vn 0 0.7006561306092467 -0.713499114673367
vn 0.47868938092101854 0.7360115170205589 -0.4786893809210184
vn 0.70710678118653 0.707106781186565 0
vn 0.47266258016143947 0.7437608289163 0.47266258016143947
vn 0 0.7133855990191965 0.7007717082702628
vn -0.47266258016143936 0.7437608289163 0.47266258016143947
vn -0.7071067811865476 0.7071067811865476 0
vn -0.47868938092102675 0.7360115170205481 -0.4786893809210267
vn 0 -1 3.2895497025933645e-14
vn 0 1 3.2895497025933645e-14
vn -4.604346395542389e-16 -1 4.604346395542389e-16
vn -4.604346395542389e-16 1 4.604346395542389e-16
vn -4.621115607180675e-16 -1 0
vn -4.621115607180675e-16 1 0
vn -4.604346395542381e-16 -1 -4.604346395542381e-16
vn -4.604346395542381e-16 1 -4.604346395542381e-16
vn 0 -1 -3.2895497025929316e-14
vn 0 1 -3.2895497025929316e-14
vn 4.604346395542377e-16 -1 -4.604346395542377e-16
vn 4.604346395542377e-16 1 -4.604346395542377e-16
vn 4.621115607180671e-16 -1 0
vn 4.621115607180671e-16 1 0
vn 4.604346395542385e-16 -1 4.604346395542385e-16
vn 4.604346395542385e-16 1 4.604346395542385e-16
usemtl m_2dfc0309-2b3e-7f98-dd78-5cd9610de7bb
f 801/3361/921 809/3362/921 810/3363/921 802/3364/921
f 802/3365/922 810/3366/922 811/3367/922 803/3368/922
f 803/3369/923 811/3370/923 812/3371/923 804/3372/923
f 804/3373/924 812/3374/924 813/3375/924 805/3376/924
f 805/3377/925 813/3378/925 814/3379/925 806/3380/925
f 806/3381/926 814/3382/926 815/3383/926 807/3384/926
f 807/3385/927 815/3386/927 816/3387/927 808/3388/927
f 808/3389/928 816/3390/928 809/3391/928 801/3392/928
f 809/3393/929 817/3394/929 818/3395/929 810/3396/929
f 810/3397/930 818/3398/930 819/3399/930 811/3400/930
f 811/3401/931 819/3402/931 820/3403/931 812/3404/931
f 812/3405/932 820/3406/932 821/3407/932 813/3408/932
f 813/3409/933 821/3410/933 822/3411/933 814/3412/933
f 814/3413/934 822/3414/934 823/3415/934 815/3416/934
f 815/3417/935 823/3418/935 824/3419/935 816/3420/935
f 816/3421/936 824/3422/936 817/3423/936 809/3424/936
f 817/3425/937 825/3426/937 826/3427/937 818/3428/937
f 818/3429/938 826/3430/938 827/3431/938 819/3432/938
f 819/3433/939 827/3434/939 828/3435/939 820/3436/939
f 820/3437/940 828/3438/940 829/3439/940 821/3440/940
f 821/3441/941 829/3442/941 830/3443/941 822/3444/941
f 822/3445/942 830/3446/942 831/3447/942 823/3448/942
f 823/3449/943 831/3450/943 832/3451/943 824/3452/943
f 824/3453/944 832/3454/944 825/3455/944 817/3456/944
f 833/3457/945 801/3458/945 802/3459/945
f 834/3460/946 826/3461/946 825/3462/946
f 833/3463/947 802/3464/947 803/3465/947
f 834/3466/948 827/3467/948 826/3468/948
f 833/3469/949 803/3470/949 804/3471/949
f 834/3472/950 828/3473/950 827/3474/950
f 833/3475/951 804/3476/951 805/3477/951
f 834/3478/952 829/3479/952 828/3480/952
f 833/3481/953 805/3482/953 806/3483/953
f 834/3484/954 830/3485/954 829/3486/954
f 833/3487/955 806/3488/955 807/3489/955
f 834/3490/956 831/3491/956 830/3492/956
f 833/3493/957 807/3494/957 808/3495/957
f 834/3496/958 832/3497/958 831/3498/958
f 833/3499/959 808/3500/959 801/3501/959
f 834/3502/960 825/3503/960 832/3504/960