# Made in Blockbench 5.2.1
mtllib materials.mtl

o Rear structural spine
v 0.11875 0.09375 0.915625
v 0.88125 0.09375 0.915625
v 0.925 0.1375 0.915625
v 0.925 0.93125 0.915625
v 0.88125 0.975 0.915625
v 0.11875 0.975 0.915625
v 0.075 0.93125 0.915625
v 0.075 0.1375 0.915625
v 0.11875 0.09375 0.996875
v 0.88125 0.09375 0.996875
v 0.925 0.1375 0.996875
v 0.925 0.93125 0.996875
v 0.88125 0.975 0.996875
v 0.11875 0.975 0.996875
v 0.075 0.93125 0.996875
v 0.075 0.1375 0.996875
vt 0.84375 0.21875
vt 0.84375 0.21875
vt 0.84375 0.21875
vt 0.84375 0.21875
vt 0.84375 0.21875
vt 0.84375 0.21875
vt 0.84375 0.21875
vt 0.84375 0.21875
vt 0.84375 0.21875
vt 0.84375 0.21875
vt 0.84375 0.21875
vt 0.84375 0.21875
vt 0.84375 0.21875
vt 0.84375 0.21875
vt 0.84375 0.21875
vt 0.84375 0.21875
vt 0.84375 0.21875
vt 0.84375 0.21875
vt 0.84375 0.21875
vt 0.84375 0.21875
vt 0.84375 0.21875
vt 0.84375 0.21875
vt 0.84375 0.21875
vt 0.84375 0.21875
vt 0.84375 0.21875
vt 0.84375 0.21875
vt 0.84375 0.21875
vt 0.84375 0.21875
vt 0.84375 0.21875
vt 0.84375 0.21875
vt 0.84375 0.21875
vt 0.84375 0.21875
vt 0.84375 0.21875
vt 0.84375 0.21875
vt 0.84375 0.21875
vt 0.84375 0.21875
vt 0.84375 0.21875
vt 0.84375 0.21875
vt 0.84375 0.21875
vt 0.84375 0.21875
vt 0.84375 0.21875
vt 0.84375 0.21875
vt 0.84375 0.21875
vt 0.84375 0.21875
vt 0.84375 0.21875
vt 0.84375 0.21875
vt 0.84375 0.21875
vt 0.84375 0.21875
vt 0.84375 0.21875
vt 0.84375 0.21875
vt 0.84375 0.21875
vt 0.84375 0.21875
vt 0.84375 0.21875
vt 0.84375 0.21875
vt 0.84375 0.21875
vt 0.84375 0.21875
vt 0.84375 0.21875
vt 0.84375 0.21875
vt 0.84375 0.21875
vt 0.84375 0.21875
vt 0.84375 0.21875
vt 0.84375 0.21875
vt 0.84375 0.21875
vt 0.84375 0.21875
vt 0.84375 0.21875
vt 0.84375 0.21875
vt 0.84375 0.21875
vt 0.84375 0.21875
vn 0 0 -1
vn 0 0 -1
vn 0 0 -1
vn 0 0 -1
vn 0 0 -1
vn 0 0 -1
vn 0 0 1
vn 0 0 1
vn 0 0 1
vn 0 0 1
vn 0 0 1
vn 0 0 1
vn 0 -1 0
vn 0.7071067811865471 -0.707106781186548 0
vn 1 0 0
vn 0.7071067811865467 0.7071067811865485 0
vn 0 1 0
vn -0.7071067811865472 0.7071067811865478 0
vn -1 0 0
vn -0.7071067811865477 -0.7071067811865475 0
usemtl m_f48be7cf-bb91-6454-17d7-690044295bf7
f 3/1/1 2/2/1 1/3/1
f 4/4/2 3/5/2 1/6/2
f 5/7/3 4/8/3 1/9/3
f 6/10/4 5/11/4 1/12/4
f 7/13/5 6/14/5 1/15/5
f 8/16/6 7/17/6 1/18/6
f 9/19/7 10/20/7 11/21/7
f 9/22/8 11/23/8 12/24/8
f 9/25/9 12/26/9 13/27/9
f 9/28/10 13/29/10 14/30/10
f 9/31/11 14/32/11 15/33/11
f 9/34/12 15/35/12 16/36/12
f 1/37/13 2/38/13 10/39/13 9/40/13
f 2/41/14 3/42/14 11/43/14 10/44/14
f 3/45/15 4/46/15 12/47/15 11/48/15
f 4/49/16 5/50/16 13/51/16 12/52/16
f 5/53/17 6/54/17 14/55/17 13/56/17
f 6/57/18 7/58/18 15/59/18 14/60/18
f 7/61/19 8/62/19 16/63/19 15/64/19
f 8/65/20 1/66/20 9/67/20 16/68/20
o Rear isolation panel
v 0.1625 0.14375 0.99625
v 0.8375 0.14375 0.99625
v 0.875 0.18125 0.99625
v 0.875 0.8875 0.99625
v 0.8375 0.925 0.99625
v 0.1625 0.925 0.99625
v 0.125 0.8875 0.99625
v 0.125 0.18125 0.99625
v 0.1625 0.14375 1
v 0.8375 0.14375 1
v 0.875 0.18125 1
v 0.875 0.8875 1
v 0.8375 0.925 1
v 0.1625 0.925 1
v 0.125 0.8875 1
v 0.125 0.18125 1
vt 0.90625 0.21875
vt 0.90625 0.21875
vt 0.90625 0.21875
vt 0.90625 0.21875
vt 0.90625 0.21875
vt 0.90625 0.21875
vt 0.90625 0.21875
vt 0.90625 0.21875
vt 0.90625 0.21875
vt 0.90625 0.21875
vt 0.90625 0.21875
vt 0.90625 0.21875
vt 0.90625 0.21875
vt 0.90625 0.21875
vt 0.90625 0.21875
vt 0.90625 0.21875
vt 0.90625 0.21875
vt 0.90625 0.21875
vt 0.90625 0.21875
vt 0.90625 0.21875
vt 0.90625 0.21875
vt 0.90625 0.21875
vt 0.90625 0.21875
vt 0.90625 0.21875
vt 0.90625 0.21875
vt 0.90625 0.21875
vt 0.90625 0.21875
vt 0.90625 0.21875
vt 0.90625 0.21875
vt 0.90625 0.21875
vt 0.90625 0.21875
vt 0.90625 0.21875
vt 0.90625 0.21875
vt 0.90625 0.21875
vt 0.90625 0.21875
vt 0.90625 0.21875
vt 0.90625 0.21875
vt 0.90625 0.21875
vt 0.90625 0.21875
vt 0.90625 0.21875
vt 0.90625 0.21875
vt 0.90625 0.21875
vt 0.90625 0.21875
vt 0.90625 0.21875
vt 0.90625 0.21875
vt 0.90625 0.21875
vt 0.90625 0.21875
vt 0.90625 0.21875
vt 0.90625 0.21875
vt 0.90625 0.21875
vt 0.90625 0.21875
vt 0.90625 0.21875
vt 0.90625 0.21875
vt 0.90625 0.21875
vt 0.90625 0.21875
vt 0.90625 0.21875
vt 0.90625 0.21875
vt 0.90625 0.21875
vt 0.90625 0.21875
vt 0.90625 0.21875
vt 0.90625 0.21875
vt 0.90625 0.21875
vt 0.90625 0.21875
vt 0.90625 0.21875
vt 0.90625 0.21875
vt 0.90625 0.21875
vt 0.90625 0.21875
vt 0.90625 0.21875
vn 0 0 -1
vn 0 0 -1
vn 0 0 -1
vn 0 0 -1
vn 0 0 -1
vn 0 0 -1
vn 0 0 1
vn 0 0 1
vn 0 0 1
vn 0 0 1
vn 0 0 1
vn 0 0 1
vn 0 -1 0
vn 0.7071067811865478 -0.7071067811865472 0
vn 1 0 0
vn 0.7071067811865487 0.7071067811865465 0
vn 0 1 0
vn -0.7071067811865483 0.7071067811865467 0
vn -1 0 0
vn -0.7071067811865476 -0.7071067811865476 0
usemtl m_f48be7cf-bb91-6454-17d7-690044295bf7
f 19/69/21 18/70/21 17/71/21
f 20/72/22 19/73/22 17/74/22
f 21/75/23 20/76/23 17/77/23
f 22/78/24 21/79/24 17/80/24
f 23/81/25 22/82/25 17/83/25
f 24/84/26 23/85/26 17/86/26
f 25/87/27 26/88/27 27/89/27
f 25/90/28 27/91/28 28/92/28
f 25/93/29 28/94/29 29/95/29
f 25/96/30 29/97/30 30/98/30
f 25/99/31 30/100/31 31/101/31
f 25/102/32 31/103/32 32/104/32
f 17/105/33 18/106/33 26/107/33 25/108/33
f 18/109/34 19/110/34 27/111/34 26/112/34
f 19/113/35 20/114/35 28/115/35 27/116/35
f 20/117/36 21/118/36 29/119/36 28/120/36
f 21/121/37 22/122/37 30/123/37 29/124/37
f 22/125/38 23/126/38 31/127/38 30/128/38
f 23/129/39 24/130/39 32/131/39 31/132/39
f 24/133/40 17/134/40 25/135/40 32/136/40
o Wall anchor lug
v 0.1375 0.16875 0.878125
v 0.18125 0.16875 0.878125
v 0.19375 0.18125 0.878125
v 0.19375 0.3 0.878125
v 0.18125 0.3125 0.878125
v 0.1375 0.3125 0.878125
v 0.125 0.3 0.878125
v 0.125 0.18125 0.878125
v 0.1375 0.16875 0.95
v 0.18125 0.16875 0.95
v 0.19375 0.18125 0.95
v 0.19375 0.3 0.95
v 0.18125 0.3125 0.95
v 0.1375 0.3125 0.95
v 0.125 0.3 0.95
v 0.125 0.18125 0.95
vt 0.78125 0.15625
vt 0.78125 0.15625
vt 0.78125 0.15625
vt 0.78125 0.15625
vt 0.78125 0.15625
vt 0.78125 0.15625
vt 0.78125 0.15625
vt 0.78125 0.15625
vt 0.78125 0.15625
vt 0.78125 0.15625
vt 0.78125 0.15625
vt 0.78125 0.15625
vt 0.78125 0.15625
vt 0.78125 0.15625
vt 0.78125 0.15625
vt 0.78125 0.15625
vt 0.78125 0.15625
vt 0.78125 0.15625
vt 0.78125 0.15625
vt 0.78125 0.15625
vt 0.78125 0.15625
vt 0.78125 0.15625
vt 0.78125 0.15625
vt 0.78125 0.15625
vt 0.78125 0.15625
vt 0.78125 0.15625
vt 0.78125 0.15625
vt 0.78125 0.15625
vt 0.78125 0.15625
vt 0.78125 0.15625
vt 0.78125 0.15625
vt 0.78125 0.15625
vt 0.78125 0.15625
vt 0.78125 0.15625
vt 0.78125 0.15625
vt 0.78125 0.15625
vt 0.78125 0.15625
vt 0.78125 0.15625
vt 0.78125 0.15625
vt 0.78125 0.15625
vt 0.78125 0.15625
vt 0.78125 0.15625
vt 0.78125 0.15625
vt 0.78125 0.15625
vt 0.78125 0.15625
vt 0.78125 0.15625
vt 0.78125 0.15625
vt 0.78125 0.15625
vt 0.78125 0.15625
vt 0.78125 0.15625
vt 0.78125 0.15625
vt 0.78125 0.15625
vt 0.78125 0.15625
vt 0.78125 0.15625
vt 0.78125 0.15625
vt 0.78125 0.15625
vt 0.78125 0.15625
vt 0.78125 0.15625
vt 0.78125 0.15625
vt 0.78125 0.15625
vt 0.78125 0.15625
vt 0.78125 0.15625
vt 0.78125 0.15625
vt 0.78125 0.15625
vt 0.78125 0.15625
vt 0.78125 0.15625
vt 0.78125 0.15625
vt 0.78125 0.15625
vn 0 0 -1
vn 0 0 -1
vn 0 0 -1
vn 0 0 -1
vn 0 0 -1
vn 0 0 -1
vn 0 0 1
vn 0 0 1
vn 0 0 1
vn 0 0 1
vn 0 0 1
vn 0 0 1
vn 0 -1 0
vn 0.7071067811865467 -0.7071067811865483 0
vn 1 0 0
vn 0.7071067811865476 0.7071067811865476 0
vn 0 1 0
vn -0.7071067811865476 0.7071067811865476 0
vn -1 0 0
vn -0.7071067811865467 -0.7071067811865483 0
usemtl m_f48be7cf-bb91-6454-17d7-690044295bf7
f 35/137/41 34/138/41 33/139/41
f 36/140/42 35/141/42 33/142/42
f 37/143/43 36/144/43 33/145/43
f 38/146/44 37/147/44 33/148/44
f 39/149/45 38/150/45 33/151/45
f 40/152/46 39/153/46 33/154/46
f 41/155/47 42/156/47 43/157/47
f 41/158/48 43/159/48 44/160/48
f 41/161/49 44/162/49 45/163/49
f 41/164/50 45/165/50 46/166/50
f 41/167/51 46/168/51 47/169/51
f 41/170/52 47/171/52 48/172/52
f 33/173/53 34/174/53 42/175/53 41/176/53
f 34/177/54 35/178/54 43/179/54 42/180/54
f 35/181/55 36/182/55 44/183/55 43/184/55
f 36/185/56 37/186/56 45/187/56 44/188/56
f 37/189/57 38/190/57 46/191/57 45/192/57
f 38/193/58 39/194/58 47/195/58 46/196/58
f 39/197/59 40/198/59 48/199/59 47/200/59
f 40/201/60 33/202/60 41/203/60 48/204/60
o Wall anchor lug
v 0.81875 0.16875 0.878125
v 0.8625 0.16875 0.878125
v 0.875 0.18125 0.878125
v 0.875 0.3 0.878125
v 0.8625 0.3125 0.878125
v 0.81875 0.3125 0.878125
v 0.80625 0.3 0.878125
v 0.80625 0.18125 0.878125
v 0.81875 0.16875 0.95
v 0.8625 0.16875 0.95
v 0.875 0.18125 0.95
v 0.875 0.3 0.95
v 0.8625 0.3125 0.95
v 0.81875 0.3125 0.95
v 0.80625 0.3 0.95
v 0.80625 0.18125 0.95
vt 0.78125 0.15625
vt 0.78125 0.15625
vt 0.78125 0.15625
vt 0.78125 0.15625
vt 0.78125 0.15625
vt 0.78125 0.15625
vt 0.78125 0.15625
vt 0.78125 0.15625
vt 0.78125 0.15625
vt 0.78125 0.15625
vt 0.78125 0.15625
vt 0.78125 0.15625
vt 0.78125 0.15625
vt 0.78125 0.15625
vt 0.78125 0.15625
vt 0.78125 0.15625
vt 0.78125 0.15625
vt 0.78125 0.15625
vt 0.78125 0.15625
vt 0.78125 0.15625
vt 0.78125 0.15625
vt 0.78125 0.15625
vt 0.78125 0.15625
vt 0.78125 0.15625
vt 0.78125 0.15625
vt 0.78125 0.15625
vt 0.78125 0.15625
vt 0.78125 0.15625
vt 0.78125 0.15625
vt 0.78125 0.15625
vt 0.78125 0.15625
vt 0.78125 0.15625
vt 0.78125 0.15625
vt 0.78125 0.15625
vt 0.78125 0.15625
vt 0.78125 0.15625
vt 0.78125 0.15625
vt 0.78125 0.15625
vt 0.78125 0.15625
vt 0.78125 0.15625
vt 0.78125 0.15625
vt 0.78125 0.15625
vt 0.78125 0.15625
vt 0.78125 0.15625
vt 0.78125 0.15625
vt 0.78125 0.15625
vt 0.78125 0.15625
vt 0.78125 0.15625
vt 0.78125 0.15625
vt 0.78125 0.15625
vt 0.78125 0.15625
vt 0.78125 0.15625
vt 0.78125 0.15625
vt 0.78125 0.15625
vt 0.78125 0.15625
vt 0.78125 0.15625
vt 0.78125 0.15625
vt 0.78125 0.15625
vt 0.78125 0.15625
vt 0.78125 0.15625
vt 0.78125 0.15625
vt 0.78125 0.15625
vt 0.78125 0.15625
vt 0.78125 0.15625
vt 0.78125 0.15625
vt 0.78125 0.15625
vt 0.78125 0.15625
vt 0.78125 0.15625
vn 0 0 -1
vn 0 0 -1
vn 0 0 -1
vn 0 0 -1
vn 0 0 -1
vn 0 0 -1
vn 0 0 1
vn 0 0 1
vn 0 0 1
vn 0 0 1
vn 0 0 1
vn 0 0 1
vn 0 -1 0
vn 0.7071067811865483 -0.7071067811865468 0
vn 1 0 0
vn 0.7071067811865491 0.7071067811865459 0
vn 0 1 0
vn -0.7071067811865491 0.7071067811865459 0
vn -1 0 0
vn -0.7071067811865483 -0.7071067811865468 0
usemtl m_f48be7cf-bb91-6454-17d7-690044295bf7
f 51/205/61 50/206/61 49/207/61
f 52/208/62 51/209/62 49/210/62
f 53/211/63 52/212/63 49/213/63
f 54/214/64 53/215/64 49/216/64
f 55/217/65 54/218/65 49/219/65
f 56/220/66 55/221/66 49/222/66
f 57/223/67 58/224/67 59/225/67
f 57/226/68 59/227/68 60/228/68
f 57/229/69 60/230/69 61/231/69
f 57/232/70 61/233/70 62/234/70
f 57/235/71 62/236/71 63/237/71
f 57/238/72 63/239/72 64/240/72
f 49/241/73 50/242/73 58/243/73 57/244/73
f 50/245/74 51/246/74 59/247/74 58/248/74
f 51/249/75 52/250/75 60/251/75 59/252/75
f 52/253/76 53/254/76 61/255/76 60/256/76
f 53/257/77 54/258/77 62/259/77 61/260/77
f 54/261/78 55/262/78 63/263/78 62/264/78
f 55/265/79 56/266/79 64/267/79 63/268/79
f 56/269/80 49/270/80 57/271/80 64/272/80
o Recessed chamber backing
v 0.23125 0.31875 0.875
v 0.76875 0.31875 0.875
v 0.80625 0.35625 0.875
v 0.80625 0.825 0.875
v 0.76875 0.8625 0.875
v 0.23125 0.8625 0.875
v 0.19375 0.825 0.875
v 0.19375 0.35625 0.875
v 0.23125 0.31875 0.915625
v 0.76875 0.31875 0.915625
v 0.80625 0.35625 0.915625
v 0.80625 0.825 0.915625
v 0.76875 0.8625 0.915625
v 0.23125 0.8625 0.915625
v 0.19375 0.825 0.915625
v 0.19375 0.35625 0.915625
vt 0.96875 0.21875
vt 0.96875 0.21875
vt 0.96875 0.21875
vt 0.96875 0.21875
vt 0.96875 0.21875
vt 0.96875 0.21875
vt 0.96875 0.21875
vt 0.96875 0.21875
vt 0.96875 0.21875
vt 0.96875 0.21875
vt 0.96875 0.21875
vt 0.96875 0.21875
vt 0.96875 0.21875
vt 0.96875 0.21875
vt 0.96875 0.21875
vt 0.96875 0.21875
vt 0.96875 0.21875
vt 0.96875 0.21875
vt 0.96875 0.21875
vt 0.96875 0.21875
vt 0.96875 0.21875
vt 0.96875 0.21875
vt 0.96875 0.21875
vt 0.96875 0.21875
vt 0.96875 0.21875
vt 0.96875 0.21875
vt 0.96875 0.21875
vt 0.96875 0.21875
vt 0.96875 0.21875
vt 0.96875 0.21875
vt 0.96875 0.21875
vt 0.96875 0.21875
vt 0.96875 0.21875
vt 0.96875 0.21875
vt 0.96875 0.21875
vt 0.96875 0.21875
vt 0.96875 0.21875
vt 0.96875 0.21875
vt 0.96875 0.21875
vt 0.96875 0.21875
vt 0.96875 0.21875
vt 0.96875 0.21875
vt 0.96875 0.21875
vt 0.96875 0.21875
vt 0.96875 0.21875
vt 0.96875 0.21875
vt 0.96875 0.21875
vt 0.96875 0.21875
vt 0.96875 0.21875
vt 0.96875 0.21875
vt 0.96875 0.21875
vt 0.96875 0.21875
vt 0.96875 0.21875
vt 0.96875 0.21875
vt 0.96875 0.21875
vt 0.96875 0.21875
vt 0.96875 0.21875
vt 0.96875 0.21875
vt 0.96875 0.21875
vt 0.96875 0.21875
vt 0.96875 0.21875
vt 0.96875 0.21875
vt 0.96875 0.21875
vt 0.96875 0.21875
vt 0.96875 0.21875
vt 0.96875 0.21875
vt 0.96875 0.21875
vt 0.96875 0.21875
vn 0 0 -1
vn 0 0 -1
vn 0 0 -1
vn 0 0 -1
vn 0 0 -1
vn 0 0 -1
vn 0 0 1
vn 0 0 1
vn 0 0 1
vn 0 0 1
vn 0 0 1
vn 0 0 1
vn 0 -1 0
vn 0.707106781186548 -0.707106781186547 0
vn 1 0 0
vn 0.7071067811865486 0.7071067811865465 0
vn 0 1 0
vn -0.7071067811865483 0.7071067811865468 0
vn -1 0 0
vn -0.7071067811865478 -0.7071067811865472 0
usemtl m_f48be7cf-bb91-6454-17d7-690044295bf7
f 67/273/81 66/274/81 65/275/81
f 68/276/82 67/277/82 65/278/82
f 69/279/83 68/280/83 65/281/83
f 70/282/84 69/283/84 65/284/84
f 71/285/85 70/286/85 65/287/85
f 72/288/86 71/289/86 65/290/86
f 73/291/87 74/292/87 75/293/87
f 73/294/88 75/295/88 76/296/88
f 73/297/89 76/298/89 77/299/89
f 73/300/90 77/301/90 78/302/90
f 73/303/91 78/304/91 79/305/91
f 73/306/92 79/307/92 80/308/92
f 65/309/93 66/310/93 74/311/93 73/312/93
f 66/313/94 67/314/94 75/315/94 74/316/94
f 67/317/95 68/318/95 76/319/95 75/320/95
f 68/321/96 69/322/96 77/323/96 76/324/96
f 69/325/97 70/326/97 78/327/97 77/328/97
f 70/329/98 71/330/98 79/331/98 78/332/98
f 71/333/99 72/334/99 80/335/99 79/336/99
f 72/337/100 65/338/100 73/339/100 80/340/100
o Inner service panel
v 0.290625 0.38125 0.86375
v 0.709375 0.38125 0.86375
v 0.734375 0.40625 0.86375
v 0.734375 0.721875 0.86375
v 0.709375 0.746875 0.86375
v 0.290625 0.746875 0.86375
v 0.265625 0.721875 0.86375
v 0.265625 0.40625 0.86375
v 0.290625 0.38125 0.878125
v 0.709375 0.38125 0.878125
v 0.734375 0.40625 0.878125
v 0.734375 0.721875 0.878125
v 0.709375 0.746875 0.878125
v 0.290625 0.746875 0.878125
v 0.265625 0.721875 0.878125
v 0.265625 0.40625 0.878125
vt 0.84375 0.21875
vt 0.84375 0.21875
vt 0.84375 0.21875
vt 0.84375 0.21875
vt 0.84375 0.21875
vt 0.84375 0.21875
vt 0.84375 0.21875
vt 0.84375 0.21875
vt 0.84375 0.21875
vt 0.84375 0.21875
vt 0.84375 0.21875
vt 0.84375 0.21875
vt 0.84375 0.21875
vt 0.84375 0.21875
vt 0.84375 0.21875
vt 0.84375 0.21875
vt 0.84375 0.21875
vt 0.84375 0.21875
vt 0.84375 0.21875
vt 0.84375 0.21875
vt 0.84375 0.21875
vt 0.84375 0.21875
vt 0.84375 0.21875
vt 0.84375 0.21875
vt 0.84375 0.21875
vt 0.84375 0.21875
vt 0.84375 0.21875
vt 0.84375 0.21875
vt 0.84375 0.21875
vt 0.84375 0.21875
vt 0.84375 0.21875
vt 0.84375 0.21875
vt 0.84375 0.21875
vt 0.84375 0.21875
vt 0.84375 0.21875
vt 0.84375 0.21875
vt 0.84375 0.21875
vt 0.84375 0.21875
vt 0.84375 0.21875
vt 0.84375 0.21875
vt 0.84375 0.21875
vt 0.84375 0.21875
vt 0.84375 0.21875
vt 0.84375 0.21875
vt 0.84375 0.21875
vt 0.84375 0.21875
vt 0.84375 0.21875
vt 0.84375 0.21875
vt 0.84375 0.21875
vt 0.84375 0.21875
vt 0.84375 0.21875
vt 0.84375 0.21875
vt 0.84375 0.21875
vt 0.84375 0.21875
vt 0.84375 0.21875
vt 0.84375 0.21875
vt 0.84375 0.21875
vt 0.84375 0.21875
vt 0.84375 0.21875
vt 0.84375 0.21875
vt 0.84375 0.21875
vt 0.84375 0.21875
vt 0.84375 0.21875
vt 0.84375 0.21875
vt 0.84375 0.21875
vt 0.84375 0.21875
vt 0.84375 0.21875
vt 0.84375 0.21875
vn 0 0 -1
vn 0 0 -1
vn 0 0 -1
vn 0 0 -1
vn 0 0 -1
vn 0 0 -1
vn 0 0 1
vn 0 0 1
vn 0 0 1
vn 0 0 1
vn 0 0 1
vn 0 0 1
vn 0 -1 0
vn 0.7071067811865476 -0.7071067811865476 0
vn 1 0 0
vn 0.707106781186546 0.707106781186549 0
vn 0 1 0
vn -0.707106781186546 0.707106781186549 0
vn -1 0 0
vn -0.7071067811865476 -0.7071067811865476 0
usemtl m_f48be7cf-bb91-6454-17d7-690044295bf7
f 83/341/101 82/342/101 81/343/101
f 84/344/102 83/345/102 81/346/102
f 85/347/103 84/348/103 81/349/103
f 86/350/104 85/351/104 81/352/104
f 87/353/105 86/354/105 81/355/105
f 88/356/106 87/357/106 81/358/106
f 89/359/107 90/360/107 91/361/107
f 89/362/108 91/363/108 92/364/108
f 89/365/109 92/366/109 93/367/109
f 89/368/110 93/369/110 94/370/110
f 89/371/111 94/372/111 95/373/111
f 89/374/112 95/375/112 96/376/112
f 81/377/113 82/378/113 90/379/113 89/380/113
f 82/381/114 83/382/114 91/383/114 90/384/114
f 83/385/115 84/386/115 92/387/115 91/388/115
f 84/389/116 85/390/116 93/391/116 92/392/116
f 85/393/117 86/394/117 94/395/117 93/396/117
f 86/397/118 87/398/118 95/399/118 94/400/118
f 87/401/119 88/402/119 96/403/119 95/404/119
f 88/405/120 81/406/120 89/407/120 96/408/120
o Service panel inset
v 0.309375 0.4125 0.8575
v 0.690625 0.4125 0.8575
v 0.709375 0.43125 0.8575
v 0.709375 0.696875 0.8575
v 0.690625 0.715625 0.8575
v 0.309375 0.715625 0.8575
v 0.290625 0.696875 0.8575
v 0.290625 0.43125 0.8575
v 0.309375 0.4125 0.865
v 0.690625 0.4125 0.865
v 0.709375 0.43125 0.865
v 0.709375 0.696875 0.865
v 0.690625 0.715625 0.865
v 0.309375 0.715625 0.865
v 0.290625 0.696875 0.865
v 0.290625 0.43125 0.865
vt 0.001953125 0.46627335695876293
vt 0.024166277985074525 0.439453125
vt 0.47583372201492535 0.439453125
vt 0.001953125 0.8462266430412372
vt 0.001953125 0.46627335695876293
vt 0.47583372201492535 0.439453125
vt 0.024166277985074525 0.873046875
vt 0.001953125 0.8462266430412372
vt 0.47583372201492535 0.439453125
vt 0.47583372201492535 0.873046875
vt 0.024166277985074525 0.873046875
vt 0.47583372201492535 0.439453125
vt 0.498046875 0.8462266430412372
vt 0.47583372201492535 0.873046875
vt 0.47583372201492535 0.439453125
vt 0.498046875 0.46627335695876293
vt 0.498046875 0.8462266430412372
vt 0.47583372201492535 0.439453125
vt 0.90625 0.21875
vt 0.90625 0.21875
vt 0.90625 0.21875
vt 0.90625 0.21875
vt 0.90625 0.21875
vt 0.90625 0.21875
vt 0.90625 0.21875
vt 0.90625 0.21875
vt 0.90625 0.21875
vt 0.90625 0.21875
vt 0.90625 0.21875
vt 0.90625 0.21875
vt 0.90625 0.21875
vt 0.90625 0.21875
vt 0.90625 0.21875
vt 0.90625 0.21875
vt 0.90625 0.21875
vt 0.90625 0.21875
vt 0.90625 0.21875
vt 0.90625 0.21875
vt 0.90625 0.21875
vt 0.90625 0.21875
vt 0.90625 0.21875
vt 0.90625 0.21875
vt 0.90625 0.21875
vt 0.90625 0.21875
vt 0.90625 0.21875
vt 0.90625 0.21875
vt 0.90625 0.21875
vt 0.90625 0.21875
vt 0.90625 0.21875
vt 0.90625 0.21875
vt 0.90625 0.21875
vt 0.90625 0.21875
vt 0.90625 0.21875
vt 0.90625 0.21875
vt 0.90625 0.21875
vt 0.90625 0.21875
vt 0.90625 0.21875
vt 0.90625 0.21875
vt 0.90625 0.21875
vt 0.90625 0.21875
vt 0.90625 0.21875
vt 0.90625 0.21875
vt 0.90625 0.21875
vt 0.90625 0.21875
vt 0.90625 0.21875
vt 0.90625 0.21875
vt 0.90625 0.21875
vt 0.90625 0.21875
vn 0 0 -1
vn 0 0 -1
vn 0 0 -1
vn 0 0 -1
vn 0 0 -1
vn 0 0 -1
vn 0 0 1
vn 0 0 1
vn 0 0 1
vn 0 0 1
vn 0 0 1
vn 0 0 1
vn 0 -1 0
vn 0.7071067811865497 -0.7071067811865455 0
vn 1 0 0
vn 0.7071067811865476 0.7071067811865476 0
vn 0 1 0
vn -0.7071067811865465 0.7071067811865487 0
vn -1 0 0
vn -0.7071067811865486 -0.7071067811865465 0
usemtl m_f48be7cf-bb91-6454-17d7-690044295bf7
f 99/409/121 98/410/121 97/411/121
f 100/412/122 99/413/122 97/414/122
f 101/415/123 100/416/123 97/417/123
f 102/418/124 101/419/124 97/420/124
f 103/421/125 102/422/125 97/423/125
f 104/424/126 103/425/126 97/426/126
f 105/427/127 106/428/127 107/429/127
f 105/430/128 107/431/128 108/432/128
f 105/433/129 108/434/129 109/435/129
f 105/436/130 109/437/130 110/438/130
f 105/439/131 110/440/131 111/441/131
f 105/442/132 111/443/132 112/444/132
f 97/445/133 98/446/133 106/447/133 105/448/133
f 98/449/134 99/450/134 107/451/134 106/452/134
f 99/453/135 100/454/135 108/455/135 107/456/135
f 100/457/136 101/458/136 109/459/136 108/460/136
f 101/461/137 102/462/137 110/463/137 109/464/137
f 102/465/138 103/466/138 111/467/138 110/468/138
f 103/469/139 104/470/139 112/471/139 111/472/139
f 104/473/140 97/474/140 105/475/140 112/476/140
o Chamber light housing
v 0.265625 0.76875 0.840625
v 0.734375 0.76875 0.840625
v 0.74375 0.778125 0.840625
v 0.74375 0.8 0.840625
v 0.734375 0.809375 0.840625
v 0.265625 0.809375 0.840625
v 0.25625 0.8 0.840625
v 0.25625 0.778125 0.840625
v 0.265625 0.76875 0.876875
v 0.734375 0.76875 0.876875
v 0.74375 0.778125 0.876875
v 0.74375 0.8 0.876875
v 0.734375 0.809375 0.876875
v 0.265625 0.809375 0.876875
v 0.25625 0.8 0.876875
v 0.25625 0.778125 0.876875
vt 0.65625 0.15625
vt 0.65625 0.15625
vt 0.65625 0.15625
vt 0.65625 0.15625
vt 0.65625 0.15625
vt 0.65625 0.15625
vt 0.65625 0.15625
vt 0.65625 0.15625
vt 0.65625 0.15625
vt 0.65625 0.15625
vt 0.65625 0.15625
vt 0.65625 0.15625
vt 0.65625 0.15625
vt 0.65625 0.15625
vt 0.65625 0.15625
vt 0.65625 0.15625
vt 0.65625 0.15625
vt 0.65625 0.15625
vt 0.65625 0.15625
vt 0.65625 0.15625
vt 0.65625 0.15625
vt 0.65625 0.15625
vt 0.65625 0.15625
vt 0.65625 0.15625
vt 0.65625 0.15625
vt 0.65625 0.15625
vt 0.65625 0.15625
vt 0.65625 0.15625
vt 0.65625 0.15625
vt 0.65625 0.15625
vt 0.65625 0.15625
vt 0.65625 0.15625
vt 0.65625 0.15625
vt 0.65625 0.15625
vt 0.65625 0.15625
vt 0.65625 0.15625
vt 0.65625 0.15625
vt 0.65625 0.15625
vt 0.65625 0.15625
vt 0.65625 0.15625
vt 0.65625 0.15625
vt 0.65625 0.15625
vt 0.65625 0.15625
vt 0.65625 0.15625
vt 0.65625 0.15625
vt 0.65625 0.15625
vt 0.65625 0.15625
vt 0.65625 0.15625
vt 0.71875 0.15625
vt 0.71875 0.15625
vt 0.71875 0.15625
vt 0.71875 0.15625
vt 0.71875 0.15625
vt 0.71875 0.15625
vt 0.71875 0.15625
vt 0.71875 0.15625
vt 0.71875 0.15625
vt 0.71875 0.15625
vt 0.71875 0.15625
vt 0.71875 0.15625
vt 0.65625 0.15625
vt 0.65625 0.15625
vt 0.65625 0.15625
vt 0.65625 0.15625
vt 0.65625 0.15625
vt 0.65625 0.15625
vt 0.65625 0.15625
vt 0.65625 0.15625
vn 0 0 -1
vn 0 0 -1
vn 0 0 -1
vn 0 0 -1
vn 0 0 -1
vn 0 0 -1
vn 0 0 1
vn 0 0 1
vn 0 0 1
vn 0 0 1
vn 0 0 1
vn 0 0 1
vn 0 -1 0
vn 0.7071067811865434 -0.7071067811865517 0
vn 1 0 0
vn 0.7071067811865434 0.7071067811865517 0
vn 0 1 0
vn -0.7071067811865434 0.7071067811865517 0
vn -1 0 0
vn -0.7071067811865434 -0.7071067811865517 0
usemtl m_f48be7cf-bb91-6454-17d7-690044295bf7
f 115/477/141 114/478/141 113/479/141
f 116/480/142 115/481/142 113/482/142
f 117/483/143 116/484/143 113/485/143
f 118/486/144 117/487/144 113/488/144
f 119/489/145 118/490/145 113/491/145
f 120/492/146 119/493/146 113/494/146
f 121/495/147 122/496/147 123/497/147
f 121/498/148 123/499/148 124/500/148
f 121/501/149 124/502/149 125/503/149
f 121/504/150 125/505/150 126/506/150
f 121/507/151 126/508/151 127/509/151
f 121/510/152 127/511/152 128/512/152
f 113/513/153 114/514/153 122/515/153 121/516/153
f 114/517/154 115/518/154 123/519/154 122/520/154
f 115/521/155 116/522/155 124/523/155 123/524/155
f 116/525/156 117/526/156 125/527/156 124/528/156
f 117/529/157 118/530/157 126/531/157 125/532/157
f 118/533/158 119/534/158 127/535/158 126/536/158
f 119/537/159 120/538/159 128/539/159 127/540/159
f 120/541/160 113/542/160 121/543/160 128/544/160
o Chamber light diffuser
v 0.289375 0.77625 0.836875
v 0.710625 0.77625 0.836875
v 0.715625 0.78125 0.836875
v 0.715625 0.79375 0.836875
v 0.710625 0.79875 0.836875
v 0.289375 0.79875 0.836875
v 0.284375 0.79375 0.836875
v 0.284375 0.78125 0.836875
v 0.289375 0.77625 0.84125
v 0.710625 0.77625 0.84125
v 0.715625 0.78125 0.84125
v 0.715625 0.79375 0.84125
v 0.710625 0.79875 0.84125
v 0.289375 0.79875 0.84125
v 0.284375 0.79375 0.84125
v 0.284375 0.78125 0.84125
vt 0.0234375 0.12413194444444464
vt 0.0286911231884058 0.0234375
vt 0.4713088768115942 0.0234375
vt 0.0234375 0.37586805555555536
vt 0.0234375 0.12413194444444464
vt 0.4713088768115942 0.0234375
vt 0.0286911231884058 0.4765625
vt 0.0234375 0.37586805555555536
vt 0.4713088768115942 0.0234375
vt 0.4713088768115942 0.4765625
vt 0.0286911231884058 0.4765625
vt 0.4713088768115942 0.0234375
vt 0.4765625 0.37586805555555536
vt 0.4713088768115942 0.4765625
vt 0.4713088768115942 0.0234375
vt 0.4765625 0.12413194444444464
vt 0.4765625 0.37586805555555536
vt 0.4713088768115942 0.0234375
vt 0.028691123188405804 0.0234375
vt 0.4713088768115942 0.0234375
vt 0.4765625 0.12413194444444464
vt 0.028691123188405804 0.0234375
vt 0.4765625 0.12413194444444464
vt 0.4765625 0.37586805555555536
vt 0.028691123188405804 0.0234375
vt 0.4765625 0.37586805555555536
vt 0.4713088768115942 0.4765625
vt 0.028691123188405804 0.0234375
vt 0.4713088768115942 0.4765625
vt 0.028691123188405804 0.4765625
vt 0.028691123188405804 0.0234375
vt 0.028691123188405804 0.4765625
vt 0.0234375 0.37586805555555536
vt 0.028691123188405804 0.0234375
vt 0.0234375 0.37586805555555536
vt 0.0234375 0.12413194444444464
vt 0.4713088768115942 0.0234375
vt 0.0286911231884058 0.0234375
vt 0.0286911231884058 0.4765625
vt 0.4713088768115942 0.4765625
vt 0.4765625 0.0234375
vt 0.4765625 0.12413194444444464
vt 0.0234375 0.12413194444444464
vt 0.0234375 0.0234375
vt 0.4765625 0.12413194444444464
vt 0.4765625 0.37586805555555536
vt 0.0234375 0.37586805555555536
vt 0.0234375 0.12413194444444464
vt 0.4765625 0.37586805555555536
vt 0.4765625 0.4765625
vt 0.0234375 0.4765625
vt 0.0234375 0.37586805555555536
vt 0.0286911231884058 0.0234375
vt 0.4713088768115942 0.0234375
vt 0.4713088768115942 0.4765625
vt 0.0286911231884058 0.4765625
vt 0.0234375 0.4765625
vt 0.0234375 0.37586805555555536
vt 0.4765625 0.37586805555555536
vt 0.4765625 0.4765625
vt 0.0234375 0.37586805555555536
vt 0.0234375 0.12413194444444464
vt 0.4765625 0.12413194444444464
vt 0.4765625 0.37586805555555536
vt 0.0234375 0.12413194444444464
vt 0.0234375 0.0234375
vt 0.4765625 0.0234375
vt 0.4765625 0.12413194444444464
vn 0 0 -1
vn 0 0 -1
vn 0 0 -1
vn 0 0 -1
vn 0 0 -1
vn 0 0 -1
vn 0 0 1
vn 0 0 1
vn 0 0 1
vn 0 0 1
vn 0 0 1
vn 0 0 1
vn 0 -1 0
vn 0.7071067811865476 -0.7071067811865476 0
vn 1 0 0
vn 0.7071067811865476 0.7071067811865476 0
vn 0 1 0
vn -0.7071067811865476 0.7071067811865476 0
vn -1 0 0
vn -0.7071067811865476 -0.7071067811865476 0
usemtl m_1ba73313-364e-8ec4-d4f4-e951e17febeb
f 131/545/161 130/546/161 129/547/161
f 132/548/162 131/549/162 129/550/162
f 133/551/163 132/552/163 129/553/163
f 134/554/164 133/555/164 129/556/164
f 135/557/165 134/558/165 129/559/165
f 136/560/166 135/561/166 129/562/166
f 137/563/167 138/564/167 139/565/167
f 137/566/168 139/567/168 140/568/168
f 137/569/169 140/570/169 141/571/169
f 137/572/170 141/573/170 142/574/170
f 137/575/171 142/576/171 143/577/171
f 137/578/172 143/579/172 144/580/172
f 129/581/173 130/582/173 138/583/173 137/584/173
f 130/585/174 131/586/174 139/587/174 138/588/174
f 131/589/175 132/590/175 140/591/175 139/592/175
f 132/593/176 133/594/176 141/595/176 140/596/176
f 133/597/177 134/598/177 142/599/177 141/600/177
f 134/601/178 135/602/178 143/603/178 142/604/178
f 135/605/179 136/606/179 144/607/179 143/608/179
f 136/609/180 129/610/180 137/611/180 144/612/180
o L sculpted side shoulder
v 0.0625 0.1875 0.6875
v 0.0625 0.1875 0.8875
v 0.0625 0.85 0.8875
v 0.0625 0.85 0.471875
v 0.0625 0.784375 0.409375
v 0.0625 0.446875 0.45
v 0.0625 0.275 0.5625
v 0.203125 0.1875 0.6875
v 0.203125 0.1875 0.8875
v 0.203125 0.85 0.8875
v 0.203125 0.85 0.471875
v 0.203125 0.784375 0.409375
v 0.203125 0.446875 0.45
v 0.203125 0.275 0.5625
vt 0.65625 0.21875
vt 0.65625 0.21875
vt 0.65625 0.21875
vt 0.84375 0.21875
vt 0.84375 0.21875
vt 0.84375 0.21875
vt 0.65625 0.21875
vt 0.65625 0.21875
vt 0.65625 0.21875
vt 0.84375 0.21875
vt 0.84375 0.21875
vt 0.84375 0.21875
vt 0.65625 0.21875
vt 0.65625 0.21875
vt 0.65625 0.21875
vt 0.84375 0.21875
vt 0.84375 0.21875
vt 0.84375 0.21875
vt 0.65625 0.21875
vt 0.65625 0.21875
vt 0.65625 0.21875
vt 0.84375 0.21875
vt 0.84375 0.21875
vt 0.84375 0.21875
vt 0.65625 0.21875
vt 0.65625 0.21875
vt 0.65625 0.21875
vt 0.84375 0.21875
vt 0.84375 0.21875
vt 0.84375 0.21875
vt 0.78125 0.21875
vt 0.78125 0.21875
vt 0.78125 0.21875
vt 0.78125 0.21875
vt 0.65625 0.21875
vt 0.65625 0.21875
vt 0.65625 0.21875
vt 0.65625 0.21875
vt 0.71875 0.21875
vt 0.71875 0.21875
vt 0.71875 0.21875
vt 0.71875 0.21875
vt 0.65625 0.21875
vt 0.65625 0.21875
vt 0.65625 0.21875
vt 0.65625 0.21875
vt 0.65625 0.21875
vt 0.65625 0.21875
vt 0.65625 0.21875
vt 0.65625 0.21875
vt 0.65625 0.21875
vt 0.65625 0.21875
vt 0.65625 0.21875
vt 0.65625 0.21875
vt 0.78125 0.21875
vt 0.78125 0.21875
vt 0.78125 0.21875
vt 0.78125 0.21875
vn -1 0 0
vn 1 0 0
vn -1 0 0
vn 1 0 0
vn -1 0 0
vn 1 0 0
vn -1 0 0
vn 1 0 0
vn -1 0 0
vn 1 0 0
vn 0 -1 0
vn 0 0 1
vn 0 1 0
vn 0 0.6896551724137935 -0.7241379310344824
vn 0 -0.1195077087610191 -0.9928332727838505
vn 0 -0.5476591746943881 -0.836701516894204
vn 0 -0.8192319205190404 -0.5734623443633284
usemtl m_f48be7cf-bb91-6454-17d7-690044295bf7
f 145/613/181 146/614/181 147/615/181
f 152/616/182 154/617/182 153/618/182
f 145/619/183 147/620/183 148/621/183
f 152/622/184 155/623/184 154/624/184
f 145/625/185 148/626/185 149/627/185
f 152/628/186 156/629/186 155/630/186
f 145/631/187 149/632/187 150/633/187
f 152/634/188 157/635/188 156/636/188
f 145/637/189 150/638/189 151/639/189
f 152/640/190 158/641/190 157/642/190
f 145/643/191 152/644/191 153/645/191 146/646/191
f 146/647/192 153/648/192 154/649/192 147/650/192
f 147/651/193 154/652/193 155/653/193 148/654/193
f 148/655/194 155/656/194 156/657/194 149/658/194
f 149/659/195 156/660/195 157/661/195 150/662/195
f 150/663/196 157/664/196 158/665/196 151/666/196
f 151/667/197 158/668/197 152/669/197 145/670/197
o L recessed side gasket
v 0.05625 0.31875 0.634375
v 0.05625 0.31875 0.828125
v 0.05625 0.803125 0.828125
v 0.05625 0.81875 0.765625
v 0.05625 0.778125 0.5
v 0.05625 0.5 0.5125
v 0.05875 0.31875 0.634375
v 0.05875 0.31875 0.828125
v 0.05875 0.803125 0.828125
v 0.05875 0.81875 0.765625
v 0.05875 0.778125 0.5
v 0.05875 0.5 0.5125
vt 0.96875 0.21875
vt 0.96875 0.21875
vt 0.96875 0.21875
vt 0.96875 0.21875
vt 0.96875 0.21875
vt 0.96875 0.21875
vt 0.96875 0.21875
vt 0.96875 0.21875
vt 0.96875 0.21875
vt 0.96875 0.21875
vt 0.96875 0.21875
vt 0.96875 0.21875
vt 0.96875 0.21875
vt 0.96875 0.21875
vt 0.96875 0.21875
vt 0.96875 0.21875
vt 0.96875 0.21875
vt 0.96875 0.21875
vt 0.96875 0.21875
vt 0.96875 0.21875
vt 0.96875 0.21875
vt 0.96875 0.21875
vt 0.96875 0.21875
vt 0.96875 0.21875
vt 0.96875 0.21875
vt 0.96875 0.21875
vt 0.96875 0.21875
vt 0.96875 0.21875
vt 0.96875 0.21875
vt 0.96875 0.21875
vt 0.96875 0.21875
vt 0.96875 0.21875
vt 0.96875 0.21875
vt 0.96875 0.21875
vt 0.96875 0.21875
vt 0.96875 0.21875
vt 0.96875 0.21875
vt 0.96875 0.21875
vt 0.96875 0.21875
vt 0.96875 0.21875
vt 0.96875 0.21875
vt 0.96875 0.21875
vt 0.96875 0.21875
vt 0.96875 0.21875
vt 0.96875 0.21875
vt 0.96875 0.21875
vt 0.96875 0.21875
vt 0.96875 0.21875
vn -1 0 0
vn -1 0 0
vn -1 0 0
vn -1 0 0
vn 1 0 0
vn 1 0 0
vn 1 0 0
vn 1 0 0
vn 0 -1 0
vn 0 0 1
vn 0 0.9701425001453319 0.24253562503633297
vn 0 0.9885057561644476 -0.15118323329573913
vn 0 -0.04489849680945912 -0.9989915540104688
vn 0 -0.557997589719759 -0.8298425693268209
usemtl m_f48be7cf-bb91-6454-17d7-690044295bf7
f 159/671/198 160/672/198 161/673/198
f 159/674/199 161/675/199 162/676/199
f 159/677/200 162/678/200 163/679/200
f 159/680/201 163/681/201 164/682/201
f 167/683/202 166/684/202 165/685/202
f 168/686/203 167/687/203 165/688/203
f 169/689/204 168/690/204 165/691/204
f 170/692/205 169/693/205 165/694/205
f 165/695/206 166/696/206 160/697/206 159/698/206
f 166/699/207 167/700/207 161/701/207 160/702/207
f 167/703/208 168/704/208 162/705/208 161/706/208
f 168/707/209 169/708/209 163/709/209 162/710/209
f 169/711/210 170/712/210 164/713/210 163/714/210
f 170/715/211 165/716/211 159/717/211 164/718/211
o L floating side access cover
v 0.05 0.35 0.653125
v 0.05 0.35 0.803125
v 0.05 0.771875 0.803125
v 0.05 0.78875 0.75
v 0.05 0.75625 0.534375
v 0.05 0.521875 0.54375
v 0.05625 0.35 0.653125
v 0.05625 0.35 0.803125
v 0.05625 0.771875 0.803125
v 0.05625 0.78875 0.75
v 0.05625 0.75625 0.534375
v 0.05625 0.521875 0.54375
vt 0.721157340116279 0.501953125
vt 0.998046875 0.501953125
vt 0.998046875 0.9789663461538461
vt 0.721157340116279 0.501953125
vt 0.998046875 0.9789663461538461
vt 0.8999818313953488 0.998046875
vt 0.721157340116279 0.501953125
vt 0.8999818313953488 0.998046875
vt 0.501953125 0.9612991898148148
vt 0.721157340116279 0.501953125
vt 0.501953125 0.9612991898148148
vt 0.5192587209302324 0.6962918447293447
vt 0.501953125 0.9789663461538461
vt 0.501953125 0.501953125
vt 0.778842659883721 0.501953125
vt 0.6000181686046512 0.998046875
vt 0.501953125 0.9789663461538461
vt 0.778842659883721 0.501953125
vt 0.998046875 0.9612991898148148
vt 0.6000181686046512 0.998046875
vt 0.778842659883721 0.501953125
vt 0.9807412790697676 0.6962918447293447
vt 0.998046875 0.9612991898148148
vt 0.778842659883721 0.501953125
vt 0.78125 0.21875
vt 0.78125 0.21875
vt 0.78125 0.21875
vt 0.78125 0.21875
vt 0.65625 0.21875
vt 0.65625 0.21875
vt 0.65625 0.21875
vt 0.65625 0.21875
vt 0.71875 0.21875
vt 0.71875 0.21875
vt 0.71875 0.21875
vt 0.71875 0.21875
vt 0.71875 0.21875
vt 0.71875 0.21875
vt 0.71875 0.21875
vt 0.71875 0.21875
vt 0.65625 0.21875
vt 0.65625 0.21875
vt 0.65625 0.21875
vt 0.65625 0.21875
vt 0.65625 0.21875
vt 0.65625 0.21875
vt 0.65625 0.21875
vt 0.65625 0.21875
vn -1 0 0
vn -1 0 0
vn -1 0 0
vn -1 0 0
vn 1 0 0
vn 1 0 0
vn 1 0 0
vn 1 0 0
vn 0 -1 0
vn 0 0 1
vn 0 0.953072925334564 0.30274081157686117
vn 0 0.9888309880695437 -0.14904119240468475
vn 0 -0.0399680383488712 -0.9992009587217895
vn 0 -0.5368754921931593 -0.8436614877321075
usemtl m_f48be7cf-bb91-6454-17d7-690044295bf7
f 171/719/212 172/720/212 173/721/212
f 171/722/213 173/723/213 174/724/213
f 171/725/214 174/726/214 175/727/214
f 171/728/215 175/729/215 176/730/215
f 179/731/216 178/732/216 177/733/216
f 180/734/217 179/735/217 177/736/217
f 181/737/218 180/738/218 177/739/218
f 182/740/219 181/741/219 177/742/219
f 177/743/220 178/744/220 172/745/220 171/746/220
f 178/747/221 179/748/221 173/749/221 172/750/221
f 179/751/222 180/752/222 174/753/222 173/754/222
f 180/755/223 181/756/223 175/757/223 174/758/223
f 181/759/224 182/760/224 176/761/224 175/762/224
f 182/763/225 177/764/225 171/765/225 176/766/225
o L front shoulder cap
v 0.1075 0.5 0.405
v 0.164375 0.5 0.405
v 0.184375 0.52 0.405
v 0.184375 0.78625 0.405
v 0.164375 0.80625 0.405
v 0.1075 0.80625 0.405
v 0.0875 0.78625 0.405
v 0.0875 0.52 0.405
v 0.1075 0.5 0.440625
v 0.164375 0.5 0.440625
v 0.184375 0.52 0.440625
v 0.184375 0.78625 0.440625
v 0.164375 0.80625 0.440625
v 0.1075 0.80625 0.440625
v 0.0875 0.78625 0.440625
v 0.0875 0.52 0.440625
vt 0.65625 0.21875
vt 0.65625 0.21875
vt 0.65625 0.21875
vt 0.65625 0.21875
vt 0.65625 0.21875
vt 0.65625 0.21875
vt 0.65625 0.21875
vt 0.65625 0.21875
vt 0.65625 0.21875
vt 0.65625 0.21875
vt 0.65625 0.21875
vt 0.65625 0.21875
vt 0.65625 0.21875
vt 0.65625 0.21875
vt 0.65625 0.21875
vt 0.65625 0.21875
vt 0.65625 0.21875
vt 0.65625 0.21875
vt 0.65625 0.21875
vt 0.65625 0.21875
vt 0.65625 0.21875
vt 0.65625 0.21875
vt 0.65625 0.21875
vt 0.65625 0.21875
vt 0.65625 0.21875
vt 0.65625 0.21875
vt 0.65625 0.21875
vt 0.65625 0.21875
vt 0.65625 0.21875
vt 0.65625 0.21875
vt 0.65625 0.21875
vt 0.65625 0.21875
vt 0.65625 0.21875
vt 0.65625 0.21875
vt 0.65625 0.21875
vt 0.65625 0.21875
vt 0.78125 0.21875
vt 0.78125 0.21875
vt 0.78125 0.21875
vt 0.78125 0.21875
vt 0.65625 0.21875
vt 0.65625 0.21875
vt 0.65625 0.21875
vt 0.65625 0.21875
vt 0.65625 0.21875
vt 0.65625 0.21875
vt 0.65625 0.21875
vt 0.65625 0.21875
vt 0.65625 0.21875
vt 0.65625 0.21875
vt 0.65625 0.21875
vt 0.65625 0.21875
vt 0.71875 0.21875
vt 0.71875 0.21875
vt 0.71875 0.21875
vt 0.71875 0.21875
vt 0.65625 0.21875
vt 0.65625 0.21875
vt 0.65625 0.21875
vt 0.65625 0.21875
vt 0.65625 0.21875
vt 0.65625 0.21875
vt 0.65625 0.21875
vt 0.65625 0.21875
vt 0.65625 0.21875
vt 0.65625 0.21875
vt 0.65625 0.21875
vt 0.65625 0.21875
vn 0 0 -1
vn 0 0 -1
vn 0 0 -1
vn 0 0 -1
vn 0 0 -1
vn 0 0 -1
vn 0 0 1
vn 0 0 1
vn 0 0 1
vn 0 0 1
vn 0 0 1
vn 0 0 1
vn 0 -1 0
vn 0.7071067811865476 -0.7071067811865476 0
vn 1 0 0
vn 0.7071067811865476 0.7071067811865476 0
vn 0 1 0
vn -0.7071067811865478 0.7071067811865474 0
vn -1 0 0
vn -0.7071067811865478 -0.7071067811865474 0
usemtl m_f48be7cf-bb91-6454-17d7-690044295bf7
f 185/767/226 184/768/226 183/769/226
f 186/770/227 185/771/227 183/772/227
f 187/773/228 186/774/228 183/775/228
f 188/776/229 187/777/229 183/778/229
f 189/779/230 188/780/230 183/781/230
f 190/782/231 189/783/231 183/784/231
f 191/785/232 192/786/232 193/787/232
f 191/788/233 193/789/233 194/790/233
f 191/791/234 194/792/234 195/793/234
f 191/794/235 195/795/235 196/796/235
f 191/797/236 196/798/236 197/799/236
f 191/800/237 197/801/237 198/802/237
f 183/803/238 184/804/238 192/805/238 191/806/238
f 184/807/239 185/808/239 193/809/239 192/810/239
f 185/811/240 186/812/240 194/813/240 193/814/240
f 186/815/241 187/816/241 195/817/241 194/818/241
f 187/819/242 188/820/242 196/821/242 195/822/242
f 188/823/243 189/824/243 197/825/243 196/826/243
f 189/827/244 190/828/244 198/829/244 197/830/244
f 190/831/245 183/832/245 191/833/245 198/834/245
o R sculpted side shoulder
v 0.796875 0.1875 0.6875
v 0.796875 0.1875 0.8875
v 0.796875 0.85 0.8875
v 0.796875 0.85 0.471875
v 0.796875 0.784375 0.409375
v 0.796875 0.446875 0.45
v 0.796875 0.275 0.5625
v 0.9375 0.1875 0.6875
v 0.9375 0.1875 0.8875
v 0.9375 0.85 0.8875
v 0.9375 0.85 0.471875
v 0.9375 0.784375 0.409375
v 0.9375 0.446875 0.45
v 0.9375 0.275 0.5625
vt 0.84375 0.21875
vt 0.84375 0.21875
vt 0.84375 0.21875
vt 0.65625 0.21875
vt 0.65625 0.21875
vt 0.65625 0.21875
vt 0.84375 0.21875
vt 0.84375 0.21875
vt 0.84375 0.21875
vt 0.65625 0.21875
vt 0.65625 0.21875
vt 0.65625 0.21875
vt 0.84375 0.21875
vt 0.84375 0.21875
vt 0.84375 0.21875
vt 0.65625 0.21875
vt 0.65625 0.21875
vt 0.65625 0.21875
vt 0.84375 0.21875
vt 0.84375 0.21875
vt 0.84375 0.21875
vt 0.65625 0.21875
vt 0.65625 0.21875
vt 0.65625 0.21875
vt 0.84375 0.21875
vt 0.84375 0.21875
vt 0.84375 0.21875
vt 0.65625 0.21875
vt 0.65625 0.21875
vt 0.65625 0.21875
vt 0.78125 0.21875
vt 0.78125 0.21875
vt 0.78125 0.21875
vt 0.78125 0.21875
vt 0.65625 0.21875
vt 0.65625 0.21875
vt 0.65625 0.21875
vt 0.65625 0.21875
vt 0.71875 0.21875
vt 0.71875 0.21875
vt 0.71875 0.21875
vt 0.71875 0.21875
vt 0.65625 0.21875
vt 0.65625 0.21875
vt 0.65625 0.21875
vt 0.65625 0.21875
vt 0.65625 0.21875
vt 0.65625 0.21875
vt 0.65625 0.21875
vt 0.65625 0.21875
vt 0.65625 0.21875
vt 0.65625 0.21875
vt 0.65625 0.21875
vt 0.65625 0.21875
vt 0.78125 0.21875
vt 0.78125 0.21875
vt 0.78125 0.21875
vt 0.78125 0.21875
vn -1 0 0
vn 1 0 0
vn -1 0 0
vn 1 0 0
vn -1 0 0
vn 1 0 0
vn -1 0 0
vn 1 0 0
vn -1 0 0
vn 1 0 0
vn 0 -1 0
vn 0 0 1
vn 0 1 0
vn 0 0.6896551724137935 -0.7241379310344824
vn 0 -0.1195077087610191 -0.9928332727838505
vn 0 -0.5476591746943881 -0.836701516894204
vn 0 -0.8192319205190404 -0.5734623443633284
usemtl m_f48be7cf-bb91-6454-17d7-690044295bf7
f 199/835/246 200/836/246 201/837/246
f 206/838/247 208/839/247 207/840/247
f 199/841/248 201/842/248 202/843/248
f 206/844/249 209/845/249 208/846/249
f 199/847/250 202/848/250 203/849/250
f 206/850/251 210/851/251 209/852/251
f 199/853/252 203/854/252 204/855/252
f 206/856/253 211/857/253 210/858/253
f 199/859/254 204/860/254 205/861/254
f 206/862/255 212/863/255 211/864/255
f 199/865/256 206/866/256 207/867/256 200/868/256
f 200/869/257 207/870/257 208/871/257 201/872/257
f 201/873/258 208/874/258 209/875/258 202/876/258
f 202/877/259 209/878/259 210/879/259 203/880/259
f 203/881/260 210/882/260 211/883/260 204/884/260
f 204/885/261 211/886/261 212/887/261 205/888/261
f 205/889/262 212/890/262 206/891/262 199/892/262
o R recessed side gasket
v 0.94125 0.31875 0.634375
v 0.94125 0.31875 0.828125
v 0.94125 0.803125 0.828125
v 0.94125 0.81875 0.765625
v 0.94125 0.778125 0.5
v 0.94125 0.5 0.5125
v 0.94375 0.31875 0.634375
v 0.94375 0.31875 0.828125
v 0.94375 0.803125 0.828125
v 0.94375 0.81875 0.765625
v 0.94375 0.778125 0.5
v 0.94375 0.5 0.5125
vt 0.96875 0.21875
vt 0.96875 0.21875
vt 0.96875 0.21875
vt 0.96875 0.21875
vt 0.96875 0.21875
vt 0.96875 0.21875
vt 0.96875 0.21875
vt 0.96875 0.21875
vt 0.96875 0.21875
vt 0.96875 0.21875
vt 0.96875 0.21875
vt 0.96875 0.21875
vt 0.96875 0.21875
vt 0.96875 0.21875
vt 0.96875 0.21875
vt 0.96875 0.21875
vt 0.96875 0.21875
vt 0.96875 0.21875
vt 0.96875 0.21875
vt 0.96875 0.21875
vt 0.96875 0.21875
vt 0.96875 0.21875
vt 0.96875 0.21875
vt 0.96875 0.21875
vt 0.96875 0.21875
vt 0.96875 0.21875
vt 0.96875 0.21875
vt 0.96875 0.21875
vt 0.96875 0.21875
vt 0.96875 0.21875
vt 0.96875 0.21875
vt 0.96875 0.21875
vt 0.96875 0.21875
vt 0.96875 0.21875
vt 0.96875 0.21875
vt 0.96875 0.21875
vt 0.96875 0.21875
vt 0.96875 0.21875
vt 0.96875 0.21875
vt 0.96875 0.21875
vt 0.96875 0.21875
vt 0.96875 0.21875
vt 0.96875 0.21875
vt 0.96875 0.21875
vt 0.96875 0.21875
vt 0.96875 0.21875
vt 0.96875 0.21875
vt 0.96875 0.21875
vn -1 0 0
vn -1 0 0
vn -1 0 0
vn -1 0 0
vn 1 0 0
vn 1 0 0
vn 1 0 0
vn 1 0 0
vn 0 -1 0
vn 0 0 1
vn 0 0.9701425001453319 0.24253562503633297
vn 0 0.9885057561644475 -0.15118323329573913
vn 0 -0.04489849680945911 -0.9989915540104688
vn 0 -0.5579975897197591 -0.8298425693268209
usemtl m_f48be7cf-bb91-6454-17d7-690044295bf7
f 213/893/263 214/894/263 215/895/263
f 213/896/264 215/897/264 216/898/264
f 213/899/265 216/900/265 217/901/265
f 213/902/266 217/903/266 218/904/266
f 221/905/267 220/906/267 219/907/267
f 222/908/268 221/909/268 219/910/268
f 223/911/269 222/912/269 219/913/269
f 224/914/270 223/915/270 219/916/270
f 219/917/271 220/918/271 214/919/271 213/920/271
f 220/921/272 221/922/272 215/923/272 214/924/272
f 221/925/273 222/926/273 216/927/273 215/928/273
f 222/929/274 223/930/274 217/931/274 216/932/274
f 223/933/275 224/934/275 218/935/275 217/936/275
f 224/937/276 219/938/276 213/939/276 218/940/276
o R floating side access cover
v 0.94375 0.35 0.653125
v 0.94375 0.35 0.803125
v 0.94375 0.771875 0.803125
v 0.94375 0.78875 0.75
v 0.94375 0.75625 0.534375
v 0.94375 0.521875 0.54375
v 0.95 0.35 0.653125
v 0.95 0.35 0.803125
v 0.95 0.771875 0.803125
v 0.95 0.78875 0.75
v 0.95 0.75625 0.534375
v 0.95 0.521875 0.54375
vt 0.721157340116279 0.501953125
vt 0.998046875 0.501953125
vt 0.998046875 0.9789663461538461
vt 0.721157340116279 0.501953125
vt 0.998046875 0.9789663461538461
vt 0.8999818313953488 0.998046875
vt 0.721157340116279 0.501953125
vt 0.8999818313953488 0.998046875
vt 0.501953125 0.9612991898148148
vt 0.721157340116279 0.501953125
vt 0.501953125 0.9612991898148148
vt 0.5192587209302324 0.6962918447293447
vt 0.501953125 0.9789663461538461
vt 0.501953125 0.501953125
vt 0.778842659883721 0.501953125
vt 0.6000181686046512 0.998046875
vt 0.501953125 0.9789663461538461
vt 0.778842659883721 0.501953125
vt 0.998046875 0.9612991898148148
vt 0.6000181686046512 0.998046875
vt 0.778842659883721 0.501953125
vt 0.9807412790697676 0.6962918447293447
vt 0.998046875 0.9612991898148148
vt 0.778842659883721 0.501953125
vt 0.78125 0.21875
vt 0.78125 0.21875
vt 0.78125 0.21875
vt 0.78125 0.21875
vt 0.65625 0.21875
vt 0.65625 0.21875
vt 0.65625 0.21875
vt 0.65625 0.21875
vt 0.71875 0.21875
vt 0.71875 0.21875
vt 0.71875 0.21875
vt 0.71875 0.21875
vt 0.71875 0.21875
vt 0.71875 0.21875
vt 0.71875 0.21875
vt 0.71875 0.21875
vt 0.65625 0.21875
vt 0.65625 0.21875
vt 0.65625 0.21875
vt 0.65625 0.21875
vt 0.65625 0.21875
vt 0.65625 0.21875
vt 0.65625 0.21875
vt 0.65625 0.21875
vn -1 0 0
vn -1 0 0
vn -1 0 0
vn -1 0 0
vn 1 0 0
vn 1 0 0
vn 1 0 0
vn 1 0 0
vn 0 -1 0
vn 0 0 1
vn 0 0.953072925334564 0.30274081157686117
vn 0 0.9888309880695436 -0.14904119240468475
vn 0 -0.0399680383488712 -0.9992009587217895
vn 0 -0.5368754921931593 -0.8436614877321075
usemtl m_f48be7cf-bb91-6454-17d7-690044295bf7
f 225/941/277 226/942/277 227/943/277
f 225/944/278 227/945/278 228/946/278
f 225/947/279 228/948/279 229/949/279
f 225/950/280 229/951/280 230/952/280
f 233/953/281 232/954/281 231/955/281
f 234/956/282 233/957/282 231/958/282
f 235/959/283 234/960/283 231/961/283
f 236/962/284 235/963/284 231/964/284
f 231/965/285 232/966/285 226/967/285 225/968/285
f 232/969/286 233/970/286 227/971/286 226/972/286
f 233/973/287 234/974/287 228/975/287 227/976/287
f 234/977/288 235/978/288 229/979/288 228/980/288
f 235/981/289 236/982/289 230/983/289 229/984/289
f 236/985/290 231/986/290 225/987/290 230/988/290
o R front shoulder cap
v 0.835625 0.5 0.405
v 0.8925 0.5 0.405
v 0.9125 0.52 0.405
v 0.9125 0.78625 0.405
v 0.8925 0.80625 0.405
v 0.835625 0.80625 0.405
v 0.815625 0.78625 0.405
v 0.815625 0.52 0.405
v 0.835625 0.5 0.440625
v 0.8925 0.5 0.440625
v 0.9125 0.52 0.440625
v 0.9125 0.78625 0.440625
v 0.8925 0.80625 0.440625
v 0.835625 0.80625 0.440625
v 0.815625 0.78625 0.440625
v 0.815625 0.52 0.440625
vt 0.65625 0.21875
vt 0.65625 0.21875
vt 0.65625 0.21875
vt 0.65625 0.21875
vt 0.65625 0.21875
vt 0.65625 0.21875
vt 0.65625 0.21875
vt 0.65625 0.21875
vt 0.65625 0.21875
vt 0.65625 0.21875
vt 0.65625 0.21875
vt 0.65625 0.21875
vt 0.65625 0.21875
vt 0.65625 0.21875
vt 0.65625 0.21875
vt 0.65625 0.21875
vt 0.65625 0.21875
vt 0.65625 0.21875
vt 0.65625 0.21875
vt 0.65625 0.21875
vt 0.65625 0.21875
vt 0.65625 0.21875
vt 0.65625 0.21875
vt 0.65625 0.21875
vt 0.65625 0.21875
vt 0.65625 0.21875
vt 0.65625 0.21875
vt 0.65625 0.21875
vt 0.65625 0.21875
vt 0.65625 0.21875
vt 0.65625 0.21875
vt 0.65625 0.21875
vt 0.65625 0.21875
vt 0.65625 0.21875
vt 0.65625 0.21875
vt 0.65625 0.21875
vt 0.78125 0.21875
vt 0.78125 0.21875
vt 0.78125 0.21875
vt 0.78125 0.21875
vt 0.65625 0.21875
vt 0.65625 0.21875
vt 0.65625 0.21875
vt 0.65625 0.21875
vt 0.65625 0.21875
vt 0.65625 0.21875
vt 0.65625 0.21875
vt 0.65625 0.21875
vt 0.65625 0.21875
vt 0.65625 0.21875
vt 0.65625 0.21875
vt 0.65625 0.21875
vt 0.71875 0.21875
vt 0.71875 0.21875
vt 0.71875 0.21875
vt 0.71875 0.21875
vt 0.65625 0.21875
vt 0.65625 0.21875
vt 0.65625 0.21875
vt 0.65625 0.21875
vt 0.65625 0.21875
vt 0.65625 0.21875
vt 0.65625 0.21875
vt 0.65625 0.21875
vt 0.65625 0.21875
vt 0.65625 0.21875
vt 0.65625 0.21875
vt 0.65625 0.21875
vn 0 0 -1
vn 0 0 -1
vn 0 0 -1
vn 0 0 -1
vn 0 0 -1
vn 0 0 -1
vn 0 0 1
vn 0 0 1
vn 0 0 1
vn 0 0 1
vn 0 0 1
vn 0 0 1
vn 0 -1 0
vn 0.7071067811865476 -0.7071067811865476 0
vn 1 0 0
vn 0.7071067811865476 0.7071067811865476 0
vn 0 1 0
vn -0.7071067811865496 0.7071067811865456 0
vn -1 0 0
vn -0.7071067811865496 -0.7071067811865456 0
usemtl m_f48be7cf-bb91-6454-17d7-690044295bf7
f 239/989/291 238/990/291 237/991/291
f 240/992/292 239/993/292 237/994/292
f 241/995/293 240/996/293 237/997/293
f 242/998/294 241/999/294 237/1000/294
f 243/1001/295 242/1002/295 237/1003/295
f 244/1004/296 243/1005/296 237/1006/296
f 245/1007/297 246/1008/297 247/1009/297
f 245/1010/298 247/1011/298 248/1012/298
f 245/1013/299 248/1014/299 249/1015/299
f 245/1016/300 249/1017/300 250/1018/300
f 245/1019/301 250/1020/301 251/1021/301
f 245/1022/302 251/1023/302 252/1024/302
f 237/1025/303 238/1026/303 246/1027/303 245/1028/303
f 238/1029/304 239/1030/304 247/1031/304 246/1032/304
f 239/1033/305 240/1034/305 248/1035/305 247/1036/305
f 240/1037/306 241/1038/306 249/1039/306 248/1040/306
f 241/1041/307 242/1042/307 250/1043/307 249/1044/307
f 242/1045/308 243/1046/308 251/1047/308 250/1048/308
f 243/1049/309 244/1050/309 252/1051/309 251/1052/309
f 244/1053/310 237/1054/310 245/1055/310 252/1056/310
o Overhead structural bridge
v 0.105 0.85 0.4375
v 0.895 0.85 0.4375
v 0.925 0.88 0.4375
v 0.925 0.935625 0.4375
v 0.895 0.965625 0.4375
v 0.105 0.965625 0.4375
v 0.075 0.935625 0.4375
v 0.075 0.88 0.4375
v 0.105 0.85 0.90625
v 0.895 0.85 0.90625
v 0.925 0.88 0.90625
v 0.925 0.935625 0.90625
v 0.895 0.965625 0.90625
v 0.105 0.965625 0.90625
v 0.075 0.935625 0.90625
v 0.075 0.88 0.90625
vt 0.84375 0.21875
vt 0.84375 0.21875
vt 0.84375 0.21875
vt 0.84375 0.21875
vt 0.84375 0.21875
vt 0.84375 0.21875
vt 0.84375 0.21875
vt 0.84375 0.21875
vt 0.84375 0.21875
vt 0.84375 0.21875
vt 0.84375 0.21875
vt 0.84375 0.21875
vt 0.84375 0.21875
vt 0.84375 0.21875
vt 0.84375 0.21875
vt 0.84375 0.21875
vt 0.84375 0.21875
vt 0.84375 0.21875
vt 0.84375 0.21875
vt 0.84375 0.21875
vt 0.84375 0.21875
vt 0.84375 0.21875
vt 0.84375 0.21875
vt 0.84375 0.21875
vt 0.84375 0.21875
vt 0.84375 0.21875
vt 0.84375 0.21875
vt 0.84375 0.21875
vt 0.84375 0.21875
vt 0.84375 0.21875
vt 0.84375 0.21875
vt 0.84375 0.21875
vt 0.84375 0.21875
vt 0.84375 0.21875
vt 0.84375 0.21875
vt 0.84375 0.21875
vt 0.84375 0.21875
vt 0.84375 0.21875
vt 0.84375 0.21875
vt 0.84375 0.21875
vt 0.84375 0.21875
vt 0.84375 0.21875
vt 0.84375 0.21875
vt 0.84375 0.21875
vt 0.84375 0.21875
vt 0.84375 0.21875
vt 0.84375 0.21875
vt 0.84375 0.21875
vt 0.84375 0.21875
vt 0.84375 0.21875
vt 0.84375 0.21875
vt 0.84375 0.21875
vt 0.84375 0.21875
vt 0.84375 0.21875
vt 0.84375 0.21875
vt 0.84375 0.21875
vt 0.84375 0.21875
vt 0.84375 0.21875
vt 0.84375 0.21875
vt 0.84375 0.21875
vt 0.84375 0.21875
vt 0.84375 0.21875
vt 0.84375 0.21875
vt 0.84375 0.21875
vt 0.84375 0.21875
vt 0.84375 0.21875
vt 0.84375 0.21875
vt 0.84375 0.21875
vn 0 0 -1
vn 0 0 -1
vn 0 0 -1
vn 0 0 -1
vn 0 0 -1
vn 0 0 -1
vn 0 0 1
vn 0 0 1
vn 0 0 1
vn 0 0 1
vn 0 0 1
vn 0 0 1
vn 0 -1 0
vn 0.7071067811865476 -0.7071067811865476 0
vn 1 0 0
vn 0.7071067811865462 0.7071067811865488 0
vn 0 1 0
vn -0.7071067811865466 0.7071067811865485 0
vn -1 0 0
vn -0.7071067811865479 -0.7071067811865472 0
usemtl m_f48be7cf-bb91-6454-17d7-690044295bf7
f 255/1057/311 254/1058/311 253/1059/311
f 256/1060/312 255/1061/312 253/1062/312
f 257/1063/313 256/1064/313 253/1065/313
f 258/1066/314 257/1067/314 253/1068/314
f 259/1069/315 258/1070/315 253/1071/315
f 260/1072/316 259/1073/316 253/1074/316
f 261/1075/317 262/1076/317 263/1077/317
f 261/1078/318 263/1079/318 264/1080/318
f 261/1081/319 264/1082/319 265/1083/319
f 261/1084/320 265/1085/320 266/1086/320
f 261/1087/321 266/1088/321 267/1089/321
f 261/1090/322 267/1091/322 268/1092/322
f 253/1093/323 254/1094/323 262/1095/323 261/1096/323
f 254/1097/324 255/1098/324 263/1099/324 262/1100/324
f 255/1101/325 256/1102/325 264/1103/325 263/1104/325
f 256/1105/326 257/1106/326 265/1107/326 264/1108/326
f 257/1109/327 258/1110/327 266/1111/327 265/1112/327
f 258/1113/328 259/1114/328 267/1115/328 266/1116/328
f 259/1117/329 260/1118/329 268/1119/329 267/1120/329
f 260/1121/330 253/1122/330 261/1123/330 268/1124/330
o Crown chamfered shell
v 0.103125 0.878125 0.453125
v 0.896875 0.878125 0.453125
v 0.9375 0.878125 0.49375
v 0.9375 0.878125 0.884375
v 0.896875 0.878125 0.925
v 0.103125 0.878125 0.925
v 0.0625 0.878125 0.884375
v 0.0625 0.878125 0.49375
v 0.103125 0.99375 0.453125
v 0.896875 0.99375 0.453125
v 0.9375 0.99375 0.49375
v 0.9375 0.99375 0.884375
v 0.896875 0.99375 0.925
v 0.103125 0.99375 0.925
v 0.0625 0.99375 0.884375
v 0.0625 0.99375 0.49375
vt 0.78125 0.21875
vt 0.78125 0.21875
vt 0.78125 0.21875
vt 0.78125 0.21875
vt 0.78125 0.21875
vt 0.78125 0.21875
vt 0.78125 0.21875
vt 0.78125 0.21875
vt 0.78125 0.21875
vt 0.78125 0.21875
vt 0.78125 0.21875
vt 0.78125 0.21875
vt 0.78125 0.21875
vt 0.78125 0.21875
vt 0.78125 0.21875
vt 0.78125 0.21875
vt 0.78125 0.21875
vt 0.78125 0.21875
vt 0.71875 0.21875
vt 0.71875 0.21875
vt 0.71875 0.21875
vt 0.71875 0.21875
vt 0.71875 0.21875
vt 0.71875 0.21875
vt 0.71875 0.21875
vt 0.71875 0.21875
vt 0.71875 0.21875
vt 0.71875 0.21875
vt 0.71875 0.21875
vt 0.71875 0.21875
vt 0.71875 0.21875
vt 0.71875 0.21875
vt 0.71875 0.21875
vt 0.71875 0.21875
vt 0.71875 0.21875
vt 0.71875 0.21875
vt 0.65625 0.21875
vt 0.65625 0.21875
vt 0.65625 0.21875
vt 0.65625 0.21875
vt 0.65625 0.21875
vt 0.65625 0.21875
vt 0.65625 0.21875
vt 0.65625 0.21875
vt 0.65625 0.21875
vt 0.65625 0.21875
vt 0.65625 0.21875
vt 0.65625 0.21875
vt 0.65625 0.21875
vt 0.65625 0.21875
vt 0.65625 0.21875
vt 0.65625 0.21875
vt 0.65625 0.21875
vt 0.65625 0.21875
vt 0.65625 0.21875
vt 0.65625 0.21875
vt 0.65625 0.21875
vt 0.65625 0.21875
vt 0.65625 0.21875
vt 0.65625 0.21875
vt 0.65625 0.21875
vt 0.65625 0.21875
vt 0.65625 0.21875
vt 0.65625 0.21875
vt 0.65625 0.21875
vt 0.65625 0.21875
vt 0.65625 0.21875
vt 0.65625 0.21875
vn 0 -1 0
vn 0 -1 0
vn 0 -1 0
vn 0 -1 0
vn 0 -1 0
vn 0 -1 0
vn 0 1 0
vn 0 1 0
vn 0 1 0
vn 0 1 0
vn 0 1 0
vn 0 1 0
vn 0 0 -1
vn 0.7071067811865476 0 -0.7071067811865476
vn 1 0 0
vn 0.7071067811865476 0 0.7071067811865476
vn 0 0 1
vn -0.7071067811865478 0 0.7071067811865474
vn -1 0 0
vn -0.7071067811865478 0 -0.7071067811865474
usemtl m_f48be7cf-bb91-6454-17d7-690044295bf7
f 269/1125/331 270/1126/331 271/1127/331
f 269/1128/332 271/1129/332 272/1130/332
f 269/1131/333 272/1132/333 273/1133/333
f 269/1134/334 273/1135/334 274/1136/334
f 269/1137/335 274/1138/335 275/1139/335
f 269/1140/336 275/1141/336 276/1142/336
f 279/1143/337 278/1144/337 277/1145/337
f 280/1146/338 279/1147/338 277/1148/338
f 281/1149/339 280/1150/339 277/1151/339
f 282/1152/340 281/1153/340 277/1154/340
f 283/1155/341 282/1156/341 277/1157/341
f 284/1158/342 283/1159/342 277/1160/342
f 277/1161/343 278/1162/343 270/1163/343 269/1164/343
f 278/1165/344 279/1166/344 271/1167/344 270/1168/344
f 279/1169/345 280/1170/345 272/1171/345 271/1172/345
f 280/1173/346 281/1174/346 273/1175/346 272/1176/346
f 281/1177/347 282/1178/347 274/1179/347 273/1180/347
f 282/1181/348 283/1182/348 275/1183/348 274/1184/348
f 283/1185/349 284/1186/349 276/1187/349 275/1188/349
f 284/1189/350 277/1190/350 269/1191/350 276/1192/350
o Header tapered brow
v 0.08125 0.884375 0.390625
v 0.13125 0.840625 0.390625
v 0.86875 0.840625 0.390625
v 0.91875 0.884375 0.390625
v 0.890625 0.953125 0.390625
v 0.109375 0.953125 0.390625
v 0.08125 0.884375 0.46875
v 0.13125 0.840625 0.46875
v 0.86875 0.840625 0.46875
v 0.91875 0.884375 0.46875
v 0.890625 0.953125 0.46875
v 0.109375 0.953125 0.46875
vt 0.65625 0.21875
vt 0.65625 0.21875
vt 0.65625 0.21875
vt 0.65625 0.21875
vt 0.65625 0.21875
vt 0.65625 0.21875
vt 0.65625 0.21875
vt 0.65625 0.21875
vt 0.65625 0.21875
vt 0.65625 0.21875
vt 0.65625 0.21875
vt 0.65625 0.21875
vt 0.65625 0.21875
vt 0.65625 0.21875
vt 0.65625 0.21875
vt 0.65625 0.21875
vt 0.65625 0.21875
vt 0.65625 0.21875
vt 0.65625 0.21875
vt 0.65625 0.21875
vt 0.65625 0.21875
vt 0.65625 0.21875
vt 0.65625 0.21875
vt 0.65625 0.21875
vt 0.78125 0.21875
vt 0.78125 0.21875
vt 0.78125 0.21875
vt 0.78125 0.21875
vt 0.78125 0.21875
vt 0.78125 0.21875
vt 0.78125 0.21875
vt 0.78125 0.21875
vt 0.78125 0.21875
vt 0.78125 0.21875
vt 0.78125 0.21875
vt 0.78125 0.21875
vt 0.65625 0.21875
vt 0.65625 0.21875
vt 0.65625 0.21875
vt 0.65625 0.21875
vt 0.71875 0.21875
vt 0.71875 0.21875
vt 0.71875 0.21875
vt 0.71875 0.21875
vt 0.65625 0.21875
vt 0.65625 0.21875
vt 0.65625 0.21875
vt 0.65625 0.21875
vn 0 0 -1
vn 0 0 -1
vn 0 0 -1
vn 0 0 -1
vn 0 0 1
vn 0 0 1
vn 0 0 1
vn 0 0 1
vn -0.6585046078685187 -0.7525766947068774 0
vn 0 -1 0
vn 0.6585046078685192 -0.7525766947068769 0
vn 0.925546956205677 0.37863284572050376 0
vn 0 1 0
vn -0.9255469562056767 0.3786328457205042 0
usemtl m_f48be7cf-bb91-6454-17d7-690044295bf7
f 287/1193/351 286/1194/351 285/1195/351
f 288/1196/352 287/1197/352 285/1198/352
f 289/1199/353 288/1200/353 285/1201/353
f 290/1202/354 289/1203/354 285/1204/354
f 291/1205/355 292/1206/355 293/1207/355
f 291/1208/356 293/1209/356 294/1210/356
f 291/1211/357 294/1212/357 295/1213/357
f 291/1214/358 295/1215/358 296/1216/358
f 285/1217/359 286/1218/359 292/1219/359 291/1220/359
f 286/1221/360 287/1222/360 293/1223/360 292/1224/360
f 287/1225/361 288/1226/361 294/1227/361 293/1228/361
f 288/1229/362 289/1230/362 295/1231/362 294/1232/362
f 289/1233/363 290/1234/363 296/1235/363 295/1236/363
f 290/1237/364 285/1238/364 291/1239/364 296/1240/364
o Header recessed identity strip
v 0.23625 0.8775 0.386875
v 0.76375 0.8775 0.386875
v 0.775 0.88875 0.386875
v 0.775 0.905 0.386875
v 0.76375 0.91625 0.386875
v 0.23625 0.91625 0.386875
v 0.225 0.905 0.386875
v 0.225 0.88875 0.386875
v 0.23625 0.8775 0.39125
v 0.76375 0.8775 0.39125
v 0.775 0.88875 0.39125
v 0.775 0.905 0.39125
v 0.76375 0.91625 0.39125
v 0.23625 0.91625 0.39125
v 0.225 0.905 0.39125
v 0.225 0.88875 0.39125
vt 0.96875 0.21875
vt 0.96875 0.21875
vt 0.96875 0.21875
vt 0.96875 0.21875
vt 0.96875 0.21875
vt 0.96875 0.21875
vt 0.96875 0.21875
vt 0.96875 0.21875
vt 0.96875 0.21875
vt 0.96875 0.21875
vt 0.96875 0.21875
vt 0.96875 0.21875
vt 0.96875 0.21875
vt 0.96875 0.21875
vt 0.96875 0.21875
vt 0.96875 0.21875
vt 0.96875 0.21875
vt 0.96875 0.21875
vt 0.96875 0.21875
vt 0.96875 0.21875
vt 0.96875 0.21875
vt 0.96875 0.21875
vt 0.96875 0.21875
vt 0.96875 0.21875
vt 0.96875 0.21875
vt 0.96875 0.21875
vt 0.96875 0.21875
vt 0.96875 0.21875
vt 0.96875 0.21875
vt 0.96875 0.21875
vt 0.96875 0.21875
vt 0.96875 0.21875
vt 0.96875 0.21875
vt 0.96875 0.21875
vt 0.96875 0.21875
vt 0.96875 0.21875
vt 0.96875 0.21875
vt 0.96875 0.21875
vt 0.96875 0.21875
vt 0.96875 0.21875
vt 0.96875 0.21875
vt 0.96875 0.21875
vt 0.96875 0.21875
vt 0.96875 0.21875
vt 0.96875 0.21875
vt 0.96875 0.21875
vt 0.96875 0.21875
vt 0.96875 0.21875
vt 0.96875 0.21875
vt 0.96875 0.21875
vt 0.96875 0.21875
vt 0.96875 0.21875
vt 0.96875 0.21875
vt 0.96875 0.21875
vt 0.96875 0.21875
vt 0.96875 0.21875
vt 0.96875 0.21875
vt 0.96875 0.21875
vt 0.96875 0.21875
vt 0.96875 0.21875
vt 0.96875 0.21875
vt 0.96875 0.21875
vt 0.96875 0.21875
vt 0.96875 0.21875
vt 0.96875 0.21875
vt 0.96875 0.21875
vt 0.96875 0.21875
vt 0.96875 0.21875
vn 0 0 -1
vn 0 0 -1
vn 0 0 -1
vn 0 0 -1
vn 0 0 -1
vn 0 0 -1
vn 0 0 1
vn 0 0 1
vn 0 0 1
vn 0 0 1
vn 0 0 1
vn 0 0 1
vn 0 -1 0
vn 0.707106781186551 -0.7071067811865441 0
vn 1 0 0
vn 0.7071067811865476 0.7071067811865476 0
vn 0 1 0
vn -0.7071067811865476 0.7071067811865476 0
vn -1 0 0
vn -0.707106781186551 -0.7071067811865441 0
usemtl m_f48be7cf-bb91-6454-17d7-690044295bf7
f 299/1241/365 298/1242/365 297/1243/365
f 300/1244/366 299/1245/366 297/1246/366
f 301/1247/367 300/1248/367 297/1249/367
f 302/1250/368 301/1251/368 297/1252/368
f 303/1253/369 302/1254/369 297/1255/369
f 304/1256/370 303/1257/370 297/1258/370
f 305/1259/371 306/1260/371 307/1261/371
f 305/1262/372 307/1263/372 308/1264/372
f 305/1265/373 308/1266/373 309/1267/373
f 305/1268/374 309/1269/374 310/1270/374
f 305/1271/375 310/1272/375 311/1273/375
f 305/1274/376 311/1275/376 312/1276/376
f 297/1277/377 298/1278/377 306/1279/377 305/1280/377
f 298/1281/378 299/1282/378 307/1283/378 306/1284/378
f 299/1285/379 300/1286/379 308/1287/379 307/1288/379
f 300/1289/380 301/1290/380 309/1291/380 308/1292/380
f 301/1293/381 302/1294/381 310/1295/381 309/1296/381
f 302/1297/382 303/1298/382 311/1299/382 310/1300/382
f 303/1301/383 304/1302/383 312/1303/383 311/1304/383
f 304/1305/384 297/1306/384 305/1307/384 312/1308/384
o Header inner identity plate
v 0.25375 0.88625 0.38375
v 0.6775 0.88625 0.38375
v 0.68125 0.89 0.38375
v 0.68125 0.904375 0.38375
v 0.6775 0.908125 0.38375
v 0.25375 0.908125 0.38375
v 0.25 0.904375 0.38375
v 0.25 0.89 0.38375
v 0.25375 0.88625 0.3875
v 0.6775 0.88625 0.3875
v 0.68125 0.89 0.3875
v 0.68125 0.904375 0.3875
v 0.6775 0.908125 0.3875
v 0.25375 0.908125 0.3875
v 0.25 0.904375 0.3875
v 0.25 0.89 0.3875
vt 0.001953125 0.9236049107142859
vt 0.0062669836956522045 0.908203125
vt 0.49373301630434785 0.908203125
vt 0.001953125 0.9826450892857146
vt 0.001953125 0.9236049107142859
vt 0.49373301630434785 0.908203125
vt 0.0062669836956522045 0.998046875
vt 0.001953125 0.9826450892857146
vt 0.49373301630434785 0.908203125
vt 0.49373301630434785 0.998046875
vt 0.0062669836956522045 0.998046875
vt 0.49373301630434785 0.908203125
vt 0.498046875 0.9826450892857146
vt 0.49373301630434785 0.998046875
vt 0.49373301630434785 0.908203125
vt 0.498046875 0.9236049107142859
vt 0.498046875 0.9826450892857146
vt 0.49373301630434785 0.908203125
vt 0.65625 0.21875
vt 0.65625 0.21875
vt 0.65625 0.21875
vt 0.65625 0.21875
vt 0.65625 0.21875
vt 0.65625 0.21875
vt 0.65625 0.21875
vt 0.65625 0.21875
vt 0.65625 0.21875
vt 0.65625 0.21875
vt 0.65625 0.21875
vt 0.65625 0.21875
vt 0.65625 0.21875
vt 0.65625 0.21875
vt 0.65625 0.21875
vt 0.65625 0.21875
vt 0.65625 0.21875
vt 0.65625 0.21875
vt 0.78125 0.21875
vt 0.78125 0.21875
vt 0.78125 0.21875
vt 0.78125 0.21875
vt 0.65625 0.21875
vt 0.65625 0.21875
vt 0.65625 0.21875
vt 0.65625 0.21875
vt 0.65625 0.21875
vt 0.65625 0.21875
vt 0.65625 0.21875
vt 0.65625 0.21875
vt 0.71875 0.21875
vt 0.71875 0.21875
vt 0.71875 0.21875
vt 0.71875 0.21875
vt 0.71875 0.21875
vt 0.71875 0.21875
vt 0.71875 0.21875
vt 0.71875 0.21875
vt 0.71875 0.21875
vt 0.71875 0.21875
vt 0.71875 0.21875
vt 0.71875 0.21875
vt 0.65625 0.21875
vt 0.65625 0.21875
vt 0.65625 0.21875
vt 0.65625 0.21875
vt 0.65625 0.21875
vt 0.65625 0.21875
vt 0.65625 0.21875
vt 0.65625 0.21875
vn 0 0 -1
vn 0 0 -1
vn 0 0 -1
vn 0 0 -1
vn 0 0 -1
vn 0 0 -1
vn 0 0 1
vn 0 0 1
vn 0 0 1
vn 0 0 1
vn 0 0 1
vn 0 0 1
vn 0 -1 0
vn 0.7071067811865476 -0.7071067811865476 0
vn 1 0 0
vn 0.7071067811865371 0.707106781186558 0
vn 0 1 0
vn -0.7071067811865422 0.7071067811865528 0
vn -1 0 0
vn -0.7071067811865528 -0.7071067811865422 0
usemtl m_f48be7cf-bb91-6454-17d7-690044295bf7
f 315/1309/385 314/1310/385 313/1311/385
f 316/1312/386 315/1313/386 313/1314/386
f 317/1315/387 316/1316/387 313/1317/387
f 318/1318/388 317/1319/388 313/1320/388
f 319/1321/389 318/1322/389 313/1323/389
f 320/1324/390 319/1325/390 313/1326/390
f 321/1327/391 322/1328/391 323/1329/391
f 321/1330/392 323/1331/392 324/1332/392
f 321/1333/393 324/1334/393 325/1335/393
f 321/1336/394 325/1337/394 326/1338/394
f 321/1339/395 326/1340/395 327/1341/395
f 321/1342/396 327/1343/396 328/1344/396
f 313/1345/397 314/1346/397 322/1347/397 321/1348/397
f 314/1349/398 315/1350/398 323/1351/398 322/1352/398
f 315/1353/399 316/1354/399 324/1355/399 323/1356/399
f 316/1357/400 317/1358/400 325/1359/400 324/1360/400
f 317/1361/401 318/1362/401 326/1363/401 325/1364/401
f 318/1365/402 319/1366/402 327/1367/402 326/1368/402
f 319/1369/403 320/1370/403 328/1371/403 327/1372/403
f 320/1373/404 313/1374/404 321/1375/404 328/1376/404
o Header status window
v 0.713125 0.88625 0.3825
v 0.74625 0.88625 0.3825
v 0.75 0.89 0.3825
v 0.75 0.904375 0.3825
v 0.74625 0.908125 0.3825
v 0.713125 0.908125 0.3825
v 0.709375 0.904375 0.3825
v 0.709375 0.89 0.3825
v 0.713125 0.88625 0.3875
v 0.74625 0.88625 0.3875
v 0.75 0.89 0.3875
v 0.75 0.904375 0.3875
v 0.74625 0.908125 0.3875
v 0.713125 0.908125 0.3875
v 0.709375 0.904375 0.3875
v 0.709375 0.89 0.3875
vt 0.5234375 0.6011160714285722
vt 0.5652644230769234 0.5234375
vt 0.9347355769230766 0.5234375
vt 0.5234375 0.8988839285714302
vt 0.5234375 0.6011160714285722
vt 0.9347355769230766 0.5234375
vt 0.5652644230769234 0.9765625
vt 0.5234375 0.8988839285714302
vt 0.9347355769230766 0.5234375
vt 0.9347355769230766 0.9765625
vt 0.5652644230769234 0.9765625
vt 0.9347355769230766 0.5234375
vt 0.9765625 0.8988839285714302
vt 0.9347355769230766 0.9765625
vt 0.9347355769230766 0.5234375
vt 0.9765625 0.6011160714285722
vt 0.9765625 0.8988839285714302
vt 0.9347355769230766 0.5234375
vt 0.5652644230769234 0.5234375
vt 0.9347355769230766 0.5234375
vt 0.9765625 0.6011160714285722
vt 0.5652644230769234 0.5234375
vt 0.9765625 0.6011160714285722
vt 0.9765625 0.8988839285714302
vt 0.5652644230769234 0.5234375
vt 0.9765625 0.8988839285714302
vt 0.9347355769230766 0.9765625
vt 0.5652644230769234 0.5234375
vt 0.9347355769230766 0.9765625
vt 0.5652644230769234 0.9765625
vt 0.5652644230769234 0.5234375
vt 0.5652644230769234 0.9765625
vt 0.5234375 0.8988839285714302
vt 0.5652644230769234 0.5234375
vt 0.5234375 0.8988839285714302
vt 0.5234375 0.6011160714285722
vt 0.9347355769230766 0.5234375
vt 0.5652644230769234 0.5234375
vt 0.5652644230769234 0.9765625
vt 0.9347355769230766 0.9765625
vt 0.9765625 0.5234375
vt 0.9765625 0.6011160714285722
vt 0.5234375 0.6011160714285722
vt 0.5234375 0.5234375
vt 0.9765625 0.6011160714285722
vt 0.9765625 0.8988839285714302
vt 0.5234375 0.8988839285714302
vt 0.5234375 0.6011160714285722
vt 0.5234375 0.5234375
vt 0.5652644230769234 0.5234375
vt 0.5652644230769234 0.9765625
vt 0.5234375 0.9765625
vt 0.5652644230769234 0.5234375
vt 0.9347355769230766 0.5234375
vt 0.9347355769230766 0.9765625
vt 0.5652644230769234 0.9765625
vt 0.9347355769230766 0.5234375
vt 0.9765625 0.5234375
vt 0.9765625 0.9765625
vt 0.9347355769230766 0.9765625
vt 0.5234375 0.8988839285714302
vt 0.5234375 0.6011160714285722
vt 0.9765625 0.6011160714285722
vt 0.9765625 0.8988839285714302
vt 0.5234375 0.6011160714285722
vt 0.5234375 0.5234375
vt 0.9765625 0.5234375
vt 0.9765625 0.6011160714285722
vn 0 0 -1
vn 0 0 -1
vn 0 0 -1
vn 0 0 -1
vn 0 0 -1
vn 0 0 -1
vn 0 0 1
vn 0 0 1
vn 0 0 1
vn 0 0 1
vn 0 0 1
vn 0 0 1
vn 0 -1 0
vn 0.7071067811865476 -0.7071067811865476 0
vn 1 0 0
vn 0.707106781186537 0.707106781186558 0
vn 0 1 0
vn -0.707106781186537 0.707106781186558 0
vn -1 0 0
vn -0.7071067811865476 -0.7071067811865476 0
usemtl m_1ba73313-364e-8ec4-d4f4-e951e17febeb
f 331/1377/405 330/1378/405 329/1379/405
f 332/1380/406 331/1381/406 329/1382/406
f 333/1383/407 332/1384/407 329/1385/407
f 334/1386/408 333/1387/408 329/1388/408
f 335/1389/409 334/1390/409 329/1391/409
f 336/1392/410 335/1393/410 329/1394/410
f 337/1395/411 338/1396/411 339/1397/411
f 337/1398/412 339/1399/412 340/1400/412
f 337/1401/413 340/1402/413 341/1403/413
f 337/1404/414 341/1405/414 342/1406/414
f 337/1407/415 342/1408/415 343/1409/415
f 337/1410/416 343/1411/416 344/1412/416
f 329/1413/417 330/1414/417 338/1415/417 337/1416/417
f 330/1417/418 331/1418/418 339/1419/418 338/1420/418
f 331/1421/419 332/1422/419 340/1423/419 339/1424/419
f 332/1425/420 333/1426/420 341/1427/420 340/1428/420
f 333/1429/421 334/1430/421 342/1431/421 341/1432/421
f 334/1433/422 335/1434/422 343/1435/422 342/1436/422
f 335/1437/423 336/1438/423 344/1439/423 343/1440/423
f 336/1441/424 329/1442/424 337/1443/424 344/1444/424
o Roof service gasket
v 0.275 0.99375 0.5625
v 0.725 0.99375 0.5625
v 0.75 0.99375 0.5875
v 0.75 0.99375 0.8375
v 0.725 0.99375 0.8625
v 0.275 0.99375 0.8625
v 0.25 0.99375 0.8375
v 0.25 0.99375 0.5875
v 0.275 0.99625 0.5625
v 0.725 0.99625 0.5625
v 0.75 0.99625 0.5875
v 0.75 0.99625 0.8375
v 0.725 0.99625 0.8625
v 0.275 0.99625 0.8625
v 0.25 0.99625 0.8375
v 0.25 0.99625 0.5875
vt 0.96875 0.21875
vt 0.96875 0.21875
vt 0.96875 0.21875
vt 0.96875 0.21875
vt 0.96875 0.21875
vt 0.96875 0.21875
vt 0.96875 0.21875
vt 0.96875 0.21875
vt 0.96875 0.21875
vt 0.96875 0.21875
vt 0.96875 0.21875
vt 0.96875 0.21875
vt 0.96875 0.21875
vt 0.96875 0.21875
vt 0.96875 0.21875
vt 0.96875 0.21875
vt 0.96875 0.21875
vt 0.96875 0.21875
vt 0.96875 0.21875
vt 0.96875 0.21875
vt 0.96875 0.21875
vt 0.96875 0.21875
vt 0.96875 0.21875
vt 0.96875 0.21875
vt 0.96875 0.21875
vt 0.96875 0.21875
vt 0.96875 0.21875
vt 0.96875 0.21875
vt 0.96875 0.21875
vt 0.96875 0.21875
vt 0.96875 0.21875
vt 0.96875 0.21875
vt 0.96875 0.21875
vt 0.96875 0.21875
vt 0.96875 0.21875
vt 0.96875 0.21875
vt 0.96875 0.21875
vt 0.96875 0.21875
vt 0.96875 0.21875
vt 0.96875 0.21875
vt 0.96875 0.21875
vt 0.96875 0.21875
vt 0.96875 0.21875
vt 0.96875 0.21875
vt 0.96875 0.21875
vt 0.96875 0.21875
vt 0.96875 0.21875
vt 0.96875 0.21875
vt 0.96875 0.21875
vt 0.96875 0.21875
vt 0.96875 0.21875
vt 0.96875 0.21875
vt 0.96875 0.21875
vt 0.96875 0.21875
vt 0.96875 0.21875
vt 0.96875 0.21875
vt 0.96875 0.21875
vt 0.96875 0.21875
vt 0.96875 0.21875
vt 0.96875 0.21875
vt 0.96875 0.21875
vt 0.96875 0.21875
vt 0.96875 0.21875
vt 0.96875 0.21875
vt 0.96875 0.21875
vt 0.96875 0.21875
vt 0.96875 0.21875
vt 0.96875 0.21875
vn 0 -1 0
vn 0 -1 0
vn 0 -1 0
vn 0 -1 0
vn 0 -1 0
vn 0 -1 0
vn 0 1 0
vn 0 1 0
vn 0 1 0
vn 0 1 0
vn 0 1 0
vn 0 1 0
vn 0 0 -1
vn 0.7071067811865476 0 -0.7071067811865476
vn 1 0 0
vn 0.7071067811865476 0 0.7071067811865476
vn 0 0 1
vn -0.7071067811865476 0 0.7071067811865476
vn -1 0 0
vn -0.7071067811865476 0 -0.7071067811865476
usemtl m_f48be7cf-bb91-6454-17d7-690044295bf7
f 345/1445/425 346/1446/425 347/1447/425
f 345/1448/426 347/1449/426 348/1450/426
f 345/1451/427 348/1452/427 349/1453/427
f 345/1454/428 349/1455/428 350/1456/428
f 345/1457/429 350/1458/429 351/1459/429
f 345/1460/430 351/1461/430 352/1462/430
f 355/1463/431 354/1464/431 353/1465/431
f 356/1466/432 355/1467/432 353/1468/432
f 357/1469/433 356/1470/433 353/1471/433
f 358/1472/434 357/1473/434 353/1474/434
f 359/1475/435 358/1476/435 353/1477/435
f 360/1478/436 359/1479/436 353/1480/436
f 353/1481/437 354/1482/437 346/1483/437 345/1484/437
f 354/1485/438 355/1486/438 347/1487/438 346/1488/438
f 355/1489/439 356/1490/439 348/1491/439 347/1492/439
f 356/1493/440 357/1494/440 349/1495/440 348/1496/440
f 357/1497/441 358/1498/441 350/1499/441 349/1500/441
f 358/1501/442 359/1502/442 351/1503/442 350/1504/442
f 359/1505/443 360/1506/443 352/1507/443 351/1508/443
f 360/1509/444 353/1510/444 345/1511/444 352/1512/444
o Roof removable cover
v 0.2875 0.99625 0.578125
v 0.7125 0.99625 0.578125
v 0.734375 0.99625 0.6
v 0.734375 0.99625 0.825
v 0.7125 0.99625 0.846875
v 0.2875 0.99625 0.846875
v 0.265625 0.99625 0.825
v 0.265625 0.99625 0.6
v 0.2875 1 0.578125
v 0.7125 1 0.578125
v 0.734375 1 0.6
v 0.734375 1 0.825
v 0.7125 1 0.846875
v 0.2875 1 0.846875
v 0.265625 1 0.825
v 0.265625 1 0.6
vt 0.78125 0.21875
vt 0.78125 0.21875
vt 0.78125 0.21875
vt 0.78125 0.21875
vt 0.78125 0.21875
vt 0.78125 0.21875
vt 0.78125 0.21875
vt 0.78125 0.21875
vt 0.78125 0.21875
vt 0.78125 0.21875
vt 0.78125 0.21875
vt 0.78125 0.21875
vt 0.78125 0.21875
vt 0.78125 0.21875
vt 0.78125 0.21875
vt 0.78125 0.21875
vt 0.78125 0.21875
vt 0.78125 0.21875
vt 0.501953125 0.271984011627907
vt 0.5251041666666667 0.251953125
vt 0.9748958333333333 0.251953125
vt 0.501953125 0.4780159883720929
vt 0.501953125 0.271984011627907
vt 0.9748958333333333 0.251953125
vt 0.5251041666666667 0.498046875
vt 0.501953125 0.4780159883720929
vt 0.9748958333333333 0.251953125
vt 0.9748958333333333 0.498046875
vt 0.5251041666666667 0.498046875
vt 0.9748958333333333 0.251953125
vt 0.998046875 0.4780159883720929
vt 0.9748958333333333 0.498046875
vt 0.9748958333333333 0.251953125
vt 0.998046875 0.271984011627907
vt 0.998046875 0.4780159883720929
vt 0.9748958333333333 0.251953125
vt 0.65625 0.21875
vt 0.65625 0.21875
vt 0.65625 0.21875
vt 0.65625 0.21875
vt 0.65625 0.21875
vt 0.65625 0.21875
vt 0.65625 0.21875
vt 0.65625 0.21875
vt 0.65625 0.21875
vt 0.65625 0.21875
vt 0.65625 0.21875
vt 0.65625 0.21875
vt 0.65625 0.21875
vt 0.65625 0.21875
vt 0.65625 0.21875
vt 0.65625 0.21875
vt 0.65625 0.21875
vt 0.65625 0.21875
vt 0.65625 0.21875
vt 0.65625 0.21875
vt 0.65625 0.21875
vt 0.65625 0.21875
vt 0.65625 0.21875
vt 0.65625 0.21875
vt 0.65625 0.21875
vt 0.65625 0.21875
vt 0.65625 0.21875
vt 0.65625 0.21875
vt 0.65625 0.21875
vt 0.65625 0.21875
vt 0.65625 0.21875
vt 0.65625 0.21875
vn 0 -1 0
vn 0 -1 0
vn 0 -1 0
vn 0 -1 0
vn 0 -1 0
vn 0 -1 0
vn 0 1 0
vn 0 1 0
vn 0 1 0
vn 0 1 0
vn 0 1 0
vn 0 1 0
vn 0 0 -1
vn 0.7071067811865476 0 -0.7071067811865476
vn 1 0 0
vn 0.7071067811865493 0 0.7071067811865458
vn 0 0 1
vn -0.7071067811865493 0 0.7071067811865458
vn -1 0 0
vn -0.7071067811865476 0 -0.7071067811865476
usemtl m_f48be7cf-bb91-6454-17d7-690044295bf7
f 361/1513/445 362/1514/445 363/1515/445
f 361/1516/446 363/1517/446 364/1518/446
f 361/1519/447 364/1520/447 365/1521/447
f 361/1522/448 365/1523/448 366/1524/448
f 361/1525/449 366/1526/449 367/1527/449
f 361/1528/450 367/1529/450 368/1530/450
f 371/1531/451 370/1532/451 369/1533/451
f 372/1534/452 371/1535/452 369/1536/452
f 373/1537/453 372/1538/453 369/1539/453
f 374/1540/454 373/1541/454 369/1542/454
f 375/1543/455 374/1544/455 369/1545/455
f 376/1546/456 375/1547/456 369/1548/456
f 369/1549/457 370/1550/457 362/1551/457 361/1552/457
f 370/1553/458 371/1554/458 363/1555/458 362/1556/458
f 371/1557/459 372/1558/459 364/1559/459 363/1560/459
f 372/1561/460 373/1562/460 365/1563/460 364/1564/460
f 373/1565/461 374/1566/461 366/1567/461 365/1568/461
f 374/1569/462 375/1570/462 367/1571/462 366/1572/462
f 375/1573/463 376/1574/463 368/1575/463 367/1576/463
f 376/1577/464 369/1578/464 361/1579/464 368/1580/464
o L lower cradle bracket
v 0.103125 0.1625 0.4875
v 0.16875 0.1625 0.4875
v 0.184375 0.1625 0.503125
v 0.184375 0.1625 0.834375
v 0.16875 0.1625 0.85
v 0.103125 0.1625 0.85
v 0.0875 0.1625 0.834375
v 0.0875 0.1625 0.503125
v 0.103125 0.25625 0.4875
v 0.16875 0.25625 0.4875
v 0.184375 0.25625 0.503125
v 0.184375 0.25625 0.834375
v 0.16875 0.25625 0.85
v 0.103125 0.25625 0.85
v 0.0875 0.25625 0.834375
v 0.0875 0.25625 0.503125
vt 0.78125 0.15625
vt 0.78125 0.15625
vt 0.78125 0.15625
vt 0.78125 0.15625
vt 0.78125 0.15625
vt 0.78125 0.15625
vt 0.78125 0.15625
vt 0.78125 0.15625
vt 0.78125 0.15625
vt 0.78125 0.15625
vt 0.78125 0.15625
vt 0.78125 0.15625
vt 0.78125 0.15625
vt 0.78125 0.15625
vt 0.78125 0.15625
vt 0.78125 0.15625
vt 0.78125 0.15625
vt 0.78125 0.15625
vt 0.78125 0.15625
vt 0.78125 0.15625
vt 0.78125 0.15625
vt 0.78125 0.15625
vt 0.78125 0.15625
vt 0.78125 0.15625
vt 0.78125 0.15625
vt 0.78125 0.15625
vt 0.78125 0.15625
vt 0.78125 0.15625
vt 0.78125 0.15625
vt 0.78125 0.15625
vt 0.78125 0.15625
vt 0.78125 0.15625
vt 0.78125 0.15625
vt 0.78125 0.15625
vt 0.78125 0.15625
vt 0.78125 0.15625
vt 0.78125 0.15625
vt 0.78125 0.15625
vt 0.78125 0.15625
vt 0.78125 0.15625
vt 0.78125 0.15625
vt 0.78125 0.15625
vt 0.78125 0.15625
vt 0.78125 0.15625
vt 0.78125 0.15625
vt 0.78125 0.15625
vt 0.78125 0.15625
vt 0.78125 0.15625
vt 0.78125 0.15625
vt 0.78125 0.15625
vt 0.78125 0.15625
vt 0.78125 0.15625
vt 0.78125 0.15625
vt 0.78125 0.15625
vt 0.78125 0.15625
vt 0.78125 0.15625
vt 0.78125 0.15625
vt 0.78125 0.15625
vt 0.78125 0.15625
vt 0.78125 0.15625
vt 0.78125 0.15625
vt 0.78125 0.15625
vt 0.78125 0.15625
vt 0.78125 0.15625
vt 0.78125 0.15625
vt 0.78125 0.15625
vt 0.78125 0.15625
vt 0.78125 0.15625
vn 0 -1 0
vn 0 -1 0
vn 0 -1 0
vn 0 -1 0
vn 0 -1 0
vn 0 -1 0
vn 0 1 0
vn 0 1 0
vn 0 1 0
vn 0 1 0
vn 0 1 0
vn 0 1 0
vn 0 0 -1
vn 0.7071067811865488 0 -0.7071067811865462
vn 1 0 0
vn 0.7071067811865476 0 0.7071067811865476
vn 0 0 1
vn -0.7071067811865476 0 0.7071067811865476
vn -1 0 0
vn -0.7071067811865488 0 -0.7071067811865462
usemtl m_f48be7cf-bb91-6454-17d7-690044295bf7
f 377/1581/465 378/1582/465 379/1583/465
f 377/1584/466 379/1585/466 380/1586/466
f 377/1587/467 380/1588/467 381/1589/467
f 377/1590/468 381/1591/468 382/1592/468
f 377/1593/469 382/1594/469 383/1595/469
f 377/1596/470 383/1597/470 384/1598/470
f 387/1599/471 386/1600/471 385/1601/471
f 388/1602/472 387/1603/472 385/1604/472
f 389/1605/473 388/1606/473 385/1607/473
f 390/1608/474 389/1609/474 385/1610/474
f 391/1611/475 390/1612/475 385/1613/475
f 392/1614/476 391/1615/476 385/1616/476
f 385/1617/477 386/1618/477 378/1619/477 377/1620/477
f 386/1621/478 387/1622/478 379/1623/478 378/1624/478
f 387/1625/479 388/1626/479 380/1627/479 379/1628/479
f 388/1629/480 389/1630/480 381/1631/480 380/1632/480
f 389/1633/481 390/1634/481 382/1635/481 381/1636/481
f 390/1637/482 391/1638/482 383/1639/482 382/1640/482
f 391/1641/483 392/1642/483 384/1643/483 383/1644/483
f 392/1645/484 385/1646/484 377/1647/484 384/1648/484
o R lower cradle bracket
v 0.83125 0.1625 0.4875
v 0.896875 0.1625 0.4875
v 0.9125 0.1625 0.503125
v 0.9125 0.1625 0.834375
v 0.896875 0.1625 0.85
v 0.83125 0.1625 0.85
v 0.815625 0.1625 0.834375
v 0.815625 0.1625 0.503125
v 0.83125 0.25625 0.4875
v 0.896875 0.25625 0.4875
v 0.9125 0.25625 0.503125
v 0.9125 0.25625 0.834375
v 0.896875 0.25625 0.85
v 0.83125 0.25625 0.85
v 0.815625 0.25625 0.834375
v 0.815625 0.25625 0.503125
vt 0.78125 0.15625
vt 0.78125 0.15625
vt 0.78125 0.15625
vt 0.78125 0.15625
vt 0.78125 0.15625
vt 0.78125 0.15625
vt 0.78125 0.15625
vt 0.78125 0.15625
vt 0.78125 0.15625
vt 0.78125 0.15625
vt 0.78125 0.15625
vt 0.78125 0.15625
vt 0.78125 0.15625
vt 0.78125 0.15625
vt 0.78125 0.15625
vt 0.78125 0.15625
vt 0.78125 0.15625
vt 0.78125 0.15625
vt 0.78125 0.15625
vt 0.78125 0.15625
vt 0.78125 0.15625
vt 0.78125 0.15625
vt 0.78125 0.15625
vt 0.78125 0.15625
vt 0.78125 0.15625
vt 0.78125 0.15625
vt 0.78125 0.15625
vt 0.78125 0.15625
vt 0.78125 0.15625
vt 0.78125 0.15625
vt 0.78125 0.15625
vt 0.78125 0.15625
vt 0.78125 0.15625
vt 0.78125 0.15625
vt 0.78125 0.15625
vt 0.78125 0.15625
vt 0.78125 0.15625
vt 0.78125 0.15625
vt 0.78125 0.15625
vt 0.78125 0.15625
vt 0.78125 0.15625
vt 0.78125 0.15625
vt 0.78125 0.15625
vt 0.78125 0.15625
vt 0.78125 0.15625
vt 0.78125 0.15625
vt 0.78125 0.15625
vt 0.78125 0.15625
vt 0.78125 0.15625
vt 0.78125 0.15625
vt 0.78125 0.15625
vt 0.78125 0.15625
vt 0.78125 0.15625
vt 0.78125 0.15625
vt 0.78125 0.15625
vt 0.78125 0.15625
vt 0.78125 0.15625
vt 0.78125 0.15625
vt 0.78125 0.15625
vt 0.78125 0.15625
vt 0.78125 0.15625
vt 0.78125 0.15625
vt 0.78125 0.15625
vt 0.78125 0.15625
vt 0.78125 0.15625
vt 0.78125 0.15625
vt 0.78125 0.15625
vt 0.78125 0.15625
vn 0 -1 0
vn 0 -1 0
vn 0 -1 0
vn 0 -1 0
vn 0 -1 0
vn 0 -1 0
vn 0 1 0
vn 0 1 0
vn 0 1 0
vn 0 1 0
vn 0 1 0
vn 0 1 0
vn 0 0 -1
vn 0.7071067811865488 0 -0.7071067811865462
vn 1 0 0
vn 0.7071067811865476 0 0.7071067811865476
vn 0 0 1
vn -0.7071067811865476 0 0.7071067811865476
vn -1 0 0
vn -0.7071067811865488 0 -0.7071067811865462
usemtl m_f48be7cf-bb91-6454-17d7-690044295bf7
f 393/1649/485 394/1650/485 395/1651/485
f 393/1652/486 395/1653/486 396/1654/486
f 393/1655/487 396/1656/487 397/1657/487
f 393/1658/488 397/1659/488 398/1660/488
f 393/1661/489 398/1662/489 399/1663/489
f 393/1664/490 399/1665/490 400/1666/490
f 403/1667/491 402/1668/491 401/1669/491
f 404/1670/492 403/1671/492 401/1672/492
f 405/1673/493 404/1674/493 401/1675/493
f 406/1676/494 405/1677/494 401/1678/494
f 407/1679/495 406/1680/495 401/1681/495
f 408/1682/496 407/1683/496 401/1684/496
f 401/1685/497 402/1686/497 394/1687/497 393/1688/497
f 402/1689/498 403/1690/498 395/1691/498 394/1692/498
f 403/1693/499 404/1694/499 396/1695/499 395/1696/499
f 404/1697/500 405/1698/500 397/1699/500 396/1700/500
f 405/1701/501 406/1702/501 398/1703/501 397/1704/501
f 406/1705/502 407/1706/502 399/1707/502 398/1708/502
f 407/1709/503 408/1710/503 400/1711/503 399/1712/503
f 408/1713/504 401/1714/504 393/1715/504 400/1716/504
o Lower chamfered power chassis
v 0.184375 0.1 0.2625
v 0.815625 0.1 0.2625
v 0.85625 0.1 0.303125
v 0.85625 0.1 0.865625
v 0.815625 0.1 0.90625
v 0.184375 0.1 0.90625
v 0.14375 0.1 0.865625
v 0.14375 0.1 0.303125
v 0.184375 0.203125 0.2625
v 0.815625 0.203125 0.2625
v 0.85625 0.203125 0.303125
v 0.85625 0.203125 0.865625
v 0.815625 0.203125 0.90625
v 0.184375 0.203125 0.90625
v 0.14375 0.203125 0.865625
v 0.14375 0.203125 0.303125
vt 0.84375 0.21875
vt 0.84375 0.21875
vt 0.84375 0.21875
vt 0.84375 0.21875
vt 0.84375 0.21875
vt 0.84375 0.21875
vt 0.84375 0.21875
vt 0.84375 0.21875
vt 0.84375 0.21875
vt 0.84375 0.21875
vt 0.84375 0.21875
vt 0.84375 0.21875
vt 0.84375 0.21875
vt 0.84375 0.21875
vt 0.84375 0.21875
vt 0.84375 0.21875
vt 0.84375 0.21875
vt 0.84375 0.21875
vt 0.84375 0.21875
vt 0.84375 0.21875
vt 0.84375 0.21875
vt 0.84375 0.21875
vt 0.84375 0.21875
vt 0.84375 0.21875
vt 0.84375 0.21875
vt 0.84375 0.21875
vt 0.84375 0.21875
vt 0.84375 0.21875
vt 0.84375 0.21875
vt 0.84375 0.21875
vt 0.84375 0.21875
vt 0.84375 0.21875
vt 0.84375 0.21875
vt 0.84375 0.21875
vt 0.84375 0.21875
vt 0.84375 0.21875
vt 0.84375 0.21875
vt 0.84375 0.21875
vt 0.84375 0.21875
vt 0.84375 0.21875
vt 0.84375 0.21875
vt 0.84375 0.21875
vt 0.84375 0.21875
vt 0.84375 0.21875
vt 0.84375 0.21875
vt 0.84375 0.21875
vt 0.84375 0.21875
vt 0.84375 0.21875
vt 0.84375 0.21875
vt 0.84375 0.21875
vt 0.84375 0.21875
vt 0.84375 0.21875
vt 0.84375 0.21875
vt 0.84375 0.21875
vt 0.84375 0.21875
vt 0.84375 0.21875
vt 0.84375 0.21875
vt 0.84375 0.21875
vt 0.84375 0.21875
vt 0.84375 0.21875
vt 0.84375 0.21875
vt 0.84375 0.21875
vt 0.84375 0.21875
vt 0.84375 0.21875
vt 0.84375 0.21875
vt 0.84375 0.21875
vt 0.84375 0.21875
vt 0.84375 0.21875
vn 0 -1 0
vn 0 -1 0
vn 0 -1 0
vn 0 -1 0
vn 0 -1 0
vn 0 -1 0
vn 0 1 0
vn 0 1 0
vn 0 1 0
vn 0 1 0
vn 0 1 0
vn 0 1 0
vn 0 0 -1
vn 0.7071067811865481 0 -0.707106781186547
vn 1 0 0
vn 0.7071067811865486 0 0.7071067811865467
vn 0 0 1
vn -0.7071067811865476 0 0.7071067811865476
vn -1 0 0
vn -0.7071067811865471 0 -0.707106781186548
usemtl m_f48be7cf-bb91-6454-17d7-690044295bf7
f 409/1717/505 410/1718/505 411/1719/505
f 409/1720/506 411/1721/506 412/1722/506
f 409/1723/507 412/1724/507 413/1725/507
f 409/1726/508 413/1727/508 414/1728/508
f 409/1729/509 414/1730/509 415/1731/509
f 409/1732/510 415/1733/510 416/1734/510
f 419/1735/511 418/1736/511 417/1737/511
f 420/1738/512 419/1739/512 417/1740/512
f 421/1741/513 420/1742/513 417/1743/513
f 422/1744/514 421/1745/514 417/1746/514
f 423/1747/515 422/1748/515 417/1749/515
f 424/1750/516 423/1751/516 417/1752/516
f 417/1753/517 418/1754/517 410/1755/517 409/1756/517
f 418/1757/518 419/1758/518 411/1759/518 410/1760/518
f 419/1761/519 420/1762/519 412/1763/519 411/1764/519
f 420/1765/520 421/1766/520 413/1767/520 412/1768/520
f 421/1769/521 422/1770/521 414/1771/521 413/1772/521
f 422/1773/522 423/1774/522 415/1775/522 414/1776/522
f 423/1777/523 424/1778/523 416/1779/523 415/1780/523
f 424/1781/524 417/1782/524 409/1783/524 416/1784/524
o Tray floating support
v 0.20625 0.196875 0.16875
v 0.79375 0.196875 0.16875
v 0.8375 0.196875 0.2125
v 0.8375 0.196875 0.834375
v 0.79375 0.196875 0.878125
v 0.20625 0.196875 0.878125
v 0.1625 0.196875 0.834375
v 0.1625 0.196875 0.2125
v 0.20625 0.265625 0.16875
v 0.79375 0.265625 0.16875
v 0.8375 0.265625 0.2125
v 0.8375 0.265625 0.834375
v 0.79375 0.265625 0.878125
v 0.20625 0.265625 0.878125
v 0.1625 0.265625 0.834375
v 0.1625 0.265625 0.2125
vt 0.78125 0.21875
vt 0.78125 0.21875
vt 0.78125 0.21875
vt 0.78125 0.21875
vt 0.78125 0.21875
vt 0.78125 0.21875
vt 0.78125 0.21875
vt 0.78125 0.21875
vt 0.78125 0.21875
vt 0.78125 0.21875
vt 0.78125 0.21875
vt 0.78125 0.21875
vt 0.78125 0.21875
vt 0.78125 0.21875
vt 0.78125 0.21875
vt 0.78125 0.21875
vt 0.78125 0.21875
vt 0.78125 0.21875
vt 0.71875 0.21875
vt 0.71875 0.21875
vt 0.71875 0.21875
vt 0.71875 0.21875
vt 0.71875 0.21875
vt 0.71875 0.21875
vt 0.71875 0.21875
vt 0.71875 0.21875
vt 0.71875 0.21875
vt 0.71875 0.21875
vt 0.71875 0.21875
vt 0.71875 0.21875
vt 0.71875 0.21875
vt 0.71875 0.21875
vt 0.71875 0.21875
vt 0.71875 0.21875
vt 0.71875 0.21875
vt 0.71875 0.21875
vt 0.65625 0.21875
vt 0.65625 0.21875
vt 0.65625 0.21875
vt 0.65625 0.21875
vt 0.65625 0.21875
vt 0.65625 0.21875
vt 0.65625 0.21875
vt 0.65625 0.21875
vt 0.65625 0.21875
vt 0.65625 0.21875
vt 0.65625 0.21875
vt 0.65625 0.21875
vt 0.65625 0.21875
vt 0.65625 0.21875
vt 0.65625 0.21875
vt 0.65625 0.21875
vt 0.65625 0.21875
vt 0.65625 0.21875
vt 0.65625 0.21875
vt 0.65625 0.21875
vt 0.65625 0.21875
vt 0.65625 0.21875
vt 0.65625 0.21875
vt 0.65625 0.21875
vt 0.65625 0.21875
vt 0.65625 0.21875
vt 0.65625 0.21875
vt 0.65625 0.21875
vt 0.65625 0.21875
vt 0.65625 0.21875
vt 0.65625 0.21875
vt 0.65625 0.21875
vn 0 -1 0
vn 0 -1 0
vn 0 -1 0
vn 0 -1 0
vn 0 -1 0
vn 0 -1 0
vn 0 1 0
vn 0 1 0
vn 0 1 0
vn 0 1 0
vn 0 1 0
vn 0 1 0
vn 0 0 -1
vn 0.7071067811865469 0 -0.7071067811865482
vn 1 0 0
vn 0.7071067811865476 0 0.7071067811865476
vn 0 0 1
vn -0.7071067811865482 0 0.7071067811865469
vn -1 0 0
vn -0.7071067811865476 0 -0.7071067811865476
usemtl m_f48be7cf-bb91-6454-17d7-690044295bf7
f 425/1785/525 426/1786/525 427/1787/525
f 425/1788/526 427/1789/526 428/1790/526
f 425/1791/527 428/1792/527 429/1793/527
f 425/1794/528 429/1795/528 430/1796/528
f 425/1797/529 430/1798/529 431/1799/529
f 425/1800/530 431/1801/530 432/1802/530
f 435/1803/531 434/1804/531 433/1805/531
f 436/1806/532 435/1807/532 433/1808/532
f 437/1809/533 436/1810/533 433/1811/533
f 438/1812/534 437/1813/534 433/1814/534
f 439/1815/535 438/1816/535 433/1817/535
f 440/1818/536 439/1819/536 433/1820/536
f 433/1821/537 434/1822/537 426/1823/537 425/1824/537
f 434/1825/538 435/1826/538 427/1827/538 426/1828/538
f 435/1829/539 436/1830/539 428/1831/539 427/1832/539
f 436/1833/540 437/1834/540 429/1835/540 428/1836/540
f 437/1837/541 438/1838/541 430/1839/541 429/1840/541
f 438/1841/542 439/1842/542 431/1843/542 430/1844/542
f 439/1845/543 440/1846/543 432/1847/543 431/1848/543
f 440/1849/544 433/1850/544 425/1851/544 432/1852/544
o Tray shadow joint
v 0.221875 0.264375 0.190625
v 0.778125 0.264375 0.190625
v 0.8125 0.264375 0.225
v 0.8125 0.264375 0.81875
v 0.778125 0.264375 0.853125
v 0.221875 0.264375 0.853125
v 0.1875 0.264375 0.81875
v 0.1875 0.264375 0.225
v 0.221875 0.27625 0.190625
v 0.778125 0.27625 0.190625
v 0.8125 0.27625 0.225
v 0.8125 0.27625 0.81875
v 0.778125 0.27625 0.853125
v 0.221875 0.27625 0.853125
v 0.1875 0.27625 0.81875
v 0.1875 0.27625 0.225
vt 0.96875 0.21875
vt 0.96875 0.21875
vt 0.96875 0.21875
vt 0.96875 0.21875
vt 0.96875 0.21875
vt 0.96875 0.21875
vt 0.96875 0.21875
vt 0.96875 0.21875
vt 0.96875 0.21875
vt 0.96875 0.21875
vt 0.96875 0.21875
vt 0.96875 0.21875
vt 0.96875 0.21875
vt 0.96875 0.21875
vt 0.96875 0.21875
vt 0.96875 0.21875
vt 0.96875 0.21875
vt 0.96875 0.21875
vt 0.96875 0.21875
vt 0.96875 0.21875
vt 0.96875 0.21875
vt 0.96875 0.21875
vt 0.96875 0.21875
vt 0.96875 0.21875
vt 0.96875 0.21875
vt 0.96875 0.21875
vt 0.96875 0.21875
vt 0.96875 0.21875
vt 0.96875 0.21875
vt 0.96875 0.21875
vt 0.96875 0.21875
vt 0.96875 0.21875
vt 0.96875 0.21875
vt 0.96875 0.21875
vt 0.96875 0.21875
vt 0.96875 0.21875
vt 0.96875 0.21875
vt 0.96875 0.21875
vt 0.96875 0.21875
vt 0.96875 0.21875
vt 0.96875 0.21875
vt 0.96875 0.21875
vt 0.96875 0.21875
vt 0.96875 0.21875
vt 0.96875 0.21875
vt 0.96875 0.21875
vt 0.96875 0.21875
vt 0.96875 0.21875
vt 0.96875 0.21875
vt 0.96875 0.21875
vt 0.96875 0.21875
vt 0.96875 0.21875
vt 0.96875 0.21875
vt 0.96875 0.21875
vt 0.96875 0.21875
vt 0.96875 0.21875
vt 0.96875 0.21875
vt 0.96875 0.21875
vt 0.96875 0.21875
vt 0.96875 0.21875
vt 0.96875 0.21875
vt 0.96875 0.21875
vt 0.96875 0.21875
vt 0.96875 0.21875
vt 0.96875 0.21875
vt 0.96875 0.21875
vt 0.96875 0.21875
vt 0.96875 0.21875
vn 0 -1 0
vn 0 -1 0
vn 0 -1 0
vn 0 -1 0
vn 0 -1 0
vn 0 -1 0
vn 0 1 0
vn 0 1 0
vn 0 1 0
vn 0 1 0
vn 0 1 0
vn 0 1 0
vn 0 0 -1
vn 0.7071067811865472 0 -0.7071067811865478
vn 1 0 0
vn 0.7071067811865476 0 0.7071067811865476
vn 0 0 1
vn -0.7071067811865481 0 0.707106781186547
vn -1 0 0
vn -0.7071067811865478 0 -0.7071067811865472
usemtl m_f48be7cf-bb91-6454-17d7-690044295bf7
f 441/1853/545 442/1854/545 443/1855/545
f 441/1856/546 443/1857/546 444/1858/546
f 441/1859/547 444/1860/547 445/1861/547
f 441/1862/548 445/1863/548 446/1864/548
f 441/1865/549 446/1866/549 447/1867/549
f 441/1868/550 447/1869/550 448/1870/550
f 451/1871/551 450/1872/551 449/1873/551
f 452/1874/552 451/1875/552 449/1876/552
f 453/1877/553 452/1878/553 449/1879/553
f 454/1880/554 453/1881/554 449/1882/554
f 455/1883/555 454/1884/555 449/1885/555
f 456/1886/556 455/1887/556 449/1888/556
f 449/1889/557 450/1890/557 442/1891/557 441/1892/557
f 450/1893/558 451/1894/558 443/1895/558 442/1896/558
f 451/1897/559 452/1898/559 444/1899/559 443/1900/559
f 452/1901/560 453/1902/560 445/1903/560 444/1904/560
f 453/1905/561 454/1906/561 446/1907/561 445/1908/561
f 454/1909/562 455/1910/562 447/1911/562 446/1912/562
f 455/1913/563 456/1914/563 448/1915/563 447/1916/563
f 456/1917/564 449/1918/564 441/1919/564 448/1920/564
o Build plate rim
v 0.228125 0.27625 0.196875
v 0.771875 0.27625 0.196875
v 0.80625 0.27625 0.23125
v 0.80625 0.27625 0.80625
v 0.771875 0.27625 0.840625
v 0.228125 0.27625 0.840625
v 0.19375 0.27625 0.80625
v 0.19375 0.27625 0.23125
v 0.228125 0.32 0.196875
v 0.771875 0.32 0.196875
v 0.80625 0.32 0.23125
v 0.80625 0.32 0.80625
v 0.771875 0.32 0.840625
v 0.228125 0.32 0.840625
v 0.19375 0.32 0.80625
v 0.19375 0.32 0.23125
vt 0.65625 0.15625
vt 0.65625 0.15625
vt 0.65625 0.15625
vt 0.65625 0.15625
vt 0.65625 0.15625
vt 0.65625 0.15625
vt 0.65625 0.15625
vt 0.65625 0.15625
vt 0.65625 0.15625
vt 0.65625 0.15625
vt 0.65625 0.15625
vt 0.65625 0.15625
vt 0.65625 0.15625
vt 0.65625 0.15625
vt 0.65625 0.15625
vt 0.65625 0.15625
vt 0.65625 0.15625
vt 0.65625 0.15625
vt 0.71875 0.15625
vt 0.71875 0.15625
vt 0.71875 0.15625
vt 0.71875 0.15625
vt 0.71875 0.15625
vt 0.71875 0.15625
vt 0.71875 0.15625
vt 0.71875 0.15625
vt 0.71875 0.15625
vt 0.71875 0.15625
vt 0.71875 0.15625
vt 0.71875 0.15625
vt 0.71875 0.15625
vt 0.71875 0.15625
vt 0.71875 0.15625
vt 0.71875 0.15625
vt 0.71875 0.15625
vt 0.71875 0.15625
vt 0.65625 0.15625
vt 0.65625 0.15625
vt 0.65625 0.15625
vt 0.65625 0.15625
vt 0.65625 0.15625
vt 0.65625 0.15625
vt 0.65625 0.15625
vt 0.65625 0.15625
vt 0.65625 0.15625
vt 0.65625 0.15625
vt 0.65625 0.15625
vt 0.65625 0.15625
vt 0.65625 0.15625
vt 0.65625 0.15625
vt 0.65625 0.15625
vt 0.65625 0.15625
vt 0.65625 0.15625
vt 0.65625 0.15625
vt 0.65625 0.15625
vt 0.65625 0.15625
vt 0.65625 0.15625
vt 0.65625 0.15625
vt 0.65625 0.15625
vt 0.65625 0.15625
vt 0.65625 0.15625
vt 0.65625 0.15625
vt 0.65625 0.15625
vt 0.65625 0.15625
vt 0.65625 0.15625
vt 0.65625 0.15625
vt 0.65625 0.15625
vt 0.65625 0.15625
vn 0 -1 0
vn 0 -1 0
vn 0 -1 0
vn 0 -1 0
vn 0 -1 0
vn 0 -1 0
vn 0 1 0
vn 0 1 0
vn 0 1 0
vn 0 1 0
vn 0 1 0
vn 0 1 0
vn 0 0 -1
vn 0.7071067811865472 0 -0.7071067811865478
vn 1 0 0
vn 0.7071067811865464 0 0.7071067811865487
vn 0 0 1
vn -0.707106781186547 0 0.7071067811865481
vn -1 0 0
vn -0.7071067811865479 0 -0.7071067811865472
usemtl m_f48be7cf-bb91-6454-17d7-690044295bf7
f 457/1921/565 458/1922/565 459/1923/565
f 457/1924/566 459/1925/566 460/1926/566
f 457/1927/567 460/1928/567 461/1929/567
f 457/1930/568 461/1931/568 462/1932/568
f 457/1933/569 462/1934/569 463/1935/569
f 457/1936/570 463/1937/570 464/1938/570
f 467/1939/571 466/1940/571 465/1941/571
f 468/1942/572 467/1943/572 465/1944/572
f 469/1945/573 468/1946/573 465/1947/573
f 470/1948/574 469/1949/574 465/1950/574
f 471/1951/575 470/1952/575 465/1953/575
f 472/1954/576 471/1955/576 465/1956/576
f 465/1957/577 466/1958/577 458/1959/577 457/1960/577
f 466/1961/578 467/1962/578 459/1963/578 458/1964/578
f 467/1965/579 468/1966/579 460/1967/579 459/1968/579
f 468/1969/580 469/1970/580 461/1971/580 460/1972/580
f 469/1973/581 470/1974/581 462/1975/581 461/1976/581
f 470/1977/582 471/1978/582 463/1979/582 462/1980/582
f 471/1981/583 472/1982/583 464/1983/583 463/1984/583
f 472/1985/584 465/1986/584 457/1987/584 464/1988/584
o Build plate inset
v 0.248125 0.31875 0.23125
v 0.751875 0.31875 0.23125
v 0.771875 0.31875 0.25125
v 0.771875 0.31875 0.78625
v 0.751875 0.31875 0.80625
v 0.248125 0.31875 0.80625
v 0.228125 0.31875 0.78625
v 0.228125 0.31875 0.25125
v 0.248125 0.328125 0.23125
v 0.751875 0.328125 0.23125
v 0.771875 0.328125 0.25125
v 0.771875 0.328125 0.78625
v 0.751875 0.328125 0.80625
v 0.248125 0.328125 0.80625
v 0.228125 0.328125 0.78625
v 0.228125 0.328125 0.25125
vt 0.78125 0.21875
vt 0.78125 0.21875
vt 0.78125 0.21875
vt 0.78125 0.21875
vt 0.78125 0.21875
vt 0.78125 0.21875
vt 0.78125 0.21875
vt 0.78125 0.21875
vt 0.78125 0.21875
vt 0.78125 0.21875
vt 0.78125 0.21875
vt 0.78125 0.21875
vt 0.78125 0.21875
vt 0.78125 0.21875
vt 0.78125 0.21875
vt 0.78125 0.21875
vt 0.78125 0.21875
vt 0.78125 0.21875
vt 0.71875 0.21875
vt 0.71875 0.21875
vt 0.71875 0.21875
vt 0.71875 0.21875
vt 0.71875 0.21875
vt 0.71875 0.21875
vt 0.71875 0.21875
vt 0.71875 0.21875
vt 0.71875 0.21875
vt 0.71875 0.21875
vt 0.71875 0.21875
vt 0.71875 0.21875
vt 0.71875 0.21875
vt 0.71875 0.21875
vt 0.71875 0.21875
vt 0.71875 0.21875
vt 0.71875 0.21875
vt 0.71875 0.21875
vt 0.65625 0.21875
vt 0.65625 0.21875
vt 0.65625 0.21875
vt 0.65625 0.21875
vt 0.65625 0.21875
vt 0.65625 0.21875
vt 0.65625 0.21875
vt 0.65625 0.21875
vt 0.65625 0.21875
vt 0.65625 0.21875
vt 0.65625 0.21875
vt 0.65625 0.21875
vt 0.65625 0.21875
vt 0.65625 0.21875
vt 0.65625 0.21875
vt 0.65625 0.21875
vt 0.65625 0.21875
vt 0.65625 0.21875
vt 0.65625 0.21875
vt 0.65625 0.21875
vt 0.65625 0.21875
vt 0.65625 0.21875
vt 0.65625 0.21875
vt 0.65625 0.21875
vt 0.65625 0.21875
vt 0.65625 0.21875
vt 0.65625 0.21875
vt 0.65625 0.21875
vt 0.65625 0.21875
vt 0.65625 0.21875
vt 0.65625 0.21875
vt 0.65625 0.21875
vn 0 -1 0
vn 0 -1 0
vn 0 -1 0
vn 0 -1 0
vn 0 -1 0
vn 0 -1 0
vn 0 1 0
vn 0 1 0
vn 0 1 0
vn 0 1 0
vn 0 1 0
vn 0 1 0
vn 0 0 -1
vn 0.7071067811865466 0 -0.7071067811865486
vn 1 0 0
vn 0.7071067811865476 0 0.7071067811865476
vn 0 0 1
vn -0.7071067811865476 0 0.7071067811865476
vn -1 0 0
vn -0.7071067811865466 0 -0.7071067811865486
usemtl m_f48be7cf-bb91-6454-17d7-690044295bf7
f 473/1989/585 474/1990/585 475/1991/585
f 473/1992/586 475/1993/586 476/1994/586
f 473/1995/587 476/1996/587 477/1997/587
f 473/1998/588 477/1999/588 478/2000/588
f 473/2001/589 478/2002/589 479/2003/589
f 473/2004/590 479/2005/590 480/2006/590
f 483/2007/591 482/2008/591 481/2009/591
f 484/2010/592 483/2011/592 481/2012/592
f 485/2013/593 484/2014/593 481/2015/593
f 486/2016/594 485/2017/594 481/2018/594
f 487/2019/595 486/2020/595 481/2021/595
f 488/2022/596 487/2023/596 481/2024/596
f 481/2025/597 482/2026/597 474/2027/597 473/2028/597
f 482/2029/598 483/2030/598 475/2031/598 474/2032/598
f 483/2033/599 484/2034/599 476/2035/599 475/2036/599
f 484/2037/600 485/2038/600 477/2039/600 476/2040/600
f 485/2041/601 486/2042/601 478/2043/601 477/2044/601
f 486/2045/602 487/2046/602 479/2047/602 478/2048/602
f 487/2049/603 488/2050/603 480/2051/603 479/2052/603
f 488/2053/604 481/2054/604 473/2055/604 480/2056/604
o Build surface
v 0.2675 0.3275 0.253125
v 0.7325 0.3275 0.253125
v 0.75 0.3275 0.270625
v 0.75 0.3275 0.766875
v 0.7325 0.3275 0.784375
v 0.2675 0.3275 0.784375
v 0.25 0.3275 0.766875
v 0.25 0.3275 0.270625
v 0.2675 0.330625 0.253125
v 0.7325 0.330625 0.253125
v 0.75 0.330625 0.270625
v 0.75 0.330625 0.766875
v 0.7325 0.330625 0.784375
v 0.2675 0.330625 0.784375
v 0.25 0.330625 0.766875
v 0.25 0.330625 0.270625
vt 0.90625 0.21875
vt 0.90625 0.21875
vt 0.90625 0.21875
vt 0.90625 0.21875
vt 0.90625 0.21875
vt 0.90625 0.21875
vt 0.90625 0.21875
vt 0.90625 0.21875
vt 0.90625 0.21875
vt 0.90625 0.21875
vt 0.90625 0.21875
vt 0.90625 0.21875
vt 0.90625 0.21875
vt 0.90625 0.21875
vt 0.90625 0.21875
vt 0.90625 0.21875
vt 0.90625 0.21875
vt 0.90625 0.21875
vt 0.001953125 0.015206801470588172
vt 0.01931640624999996 0.001953125
vt 0.48068359374999997 0.001953125
vt 0.001953125 0.3910431985294117
vt 0.001953125 0.015206801470588172
vt 0.48068359374999997 0.001953125
vt 0.01931640624999996 0.404296875
vt 0.001953125 0.3910431985294117
vt 0.48068359374999997 0.001953125
vt 0.48068359374999997 0.404296875
vt 0.01931640624999996 0.404296875
vt 0.48068359374999997 0.001953125
vt 0.498046875 0.3910431985294117
vt 0.48068359374999997 0.404296875
vt 0.48068359374999997 0.001953125
vt 0.498046875 0.015206801470588172
vt 0.498046875 0.3910431985294117
vt 0.48068359374999997 0.001953125
vt 0.90625 0.21875
vt 0.90625 0.21875
vt 0.90625 0.21875
vt 0.90625 0.21875
vt 0.90625 0.21875
vt 0.90625 0.21875
vt 0.90625 0.21875
vt 0.90625 0.21875
vt 0.90625 0.21875
vt 0.90625 0.21875
vt 0.90625 0.21875
vt 0.90625 0.21875
vt 0.90625 0.21875
vt 0.90625 0.21875
vt 0.90625 0.21875
vt 0.90625 0.21875
vt 0.90625 0.21875
vt 0.90625 0.21875
vt 0.90625 0.21875
vt 0.90625 0.21875
vt 0.90625 0.21875
vt 0.90625 0.21875
vt 0.90625 0.21875
vt 0.90625 0.21875
vt 0.90625 0.21875
vt 0.90625 0.21875
vt 0.90625 0.21875
vt 0.90625 0.21875
vt 0.90625 0.21875
vt 0.90625 0.21875
vt 0.90625 0.21875
vt 0.90625 0.21875
vn 0 -1 0
vn 0 -1 0
vn 0 -1 0
vn 0 -1 0
vn 0 -1 0
vn 0 -1 0
vn 0 1 0
vn 0 1 0
vn 0 1 0
vn 0 1 0
vn 0 1 0
vn 0 1 0
vn 0 0 -1
vn 0.7071067811865486 0 -0.7071067811865465
vn 1 0 0
vn 0.7071067811865498 0 0.7071067811865454
vn 0 0 1
vn -0.7071067811865487 0 0.7071067811865464
vn -1 0 0
vn -0.7071067811865476 0 -0.7071067811865476
usemtl m_f48be7cf-bb91-6454-17d7-690044295bf7
f 489/2057/605 490/2058/605 491/2059/605
f 489/2060/606 491/2061/606 492/2062/606
f 489/2063/607 492/2064/607 493/2065/607
f 489/2066/608 493/2067/608 494/2068/608
f 489/2069/609 494/2070/609 495/2071/609
f 489/2072/610 495/2073/610 496/2074/610
f 499/2075/611 498/2076/611 497/2077/611
f 500/2078/612 499/2079/612 497/2080/612
f 501/2081/613 500/2082/613 497/2083/613
f 502/2084/614 501/2085/614 497/2086/614
f 503/2087/615 502/2088/615 497/2089/615
f 504/2090/616 503/2091/616 497/2092/616
f 497/2093/617 498/2094/617 490/2095/617 489/2096/617
f 498/2097/618 499/2098/618 491/2099/618 490/2100/618
f 499/2101/619 500/2102/619 492/2103/619 491/2104/619
f 500/2105/620 501/2106/620 493/2107/620 492/2108/620
f 501/2109/621 502/2110/621 494/2111/621 493/2112/621
f 502/2113/622 503/2114/622 495/2115/622 494/2116/622
f 503/2117/623 504/2118/623 496/2119/623 495/2120/623
f 504/2121/624 497/2122/624 489/2123/624 496/2124/624
o Tray edge guide
v 0.20625 0.32 0.28125
v 0.2125 0.32 0.28125
v 0.21875 0.32 0.2875
v 0.21875 0.32 0.71875
v 0.2125 0.32 0.725
v 0.20625 0.32 0.725
v 0.2 0.32 0.71875
v 0.2 0.32 0.2875
v 0.20625 0.3425 0.28125
v 0.2125 0.3425 0.28125
v 0.21875 0.3425 0.2875
v 0.21875 0.3425 0.71875
v 0.2125 0.3425 0.725
v 0.20625 0.3425 0.725
v 0.2 0.3425 0.71875
v 0.2 0.3425 0.2875
vt 0.65625 0.15625
vt 0.65625 0.15625
vt 0.65625 0.15625
vt 0.65625 0.15625
vt 0.65625 0.15625
vt 0.65625 0.15625
vt 0.65625 0.15625
vt 0.65625 0.15625
vt 0.65625 0.15625
vt 0.65625 0.15625
vt 0.65625 0.15625
vt 0.65625 0.15625
vt 0.65625 0.15625
vt 0.65625 0.15625
vt 0.65625 0.15625
vt 0.65625 0.15625
vt 0.65625 0.15625
vt 0.65625 0.15625
vt 0.71875 0.15625
vt 0.71875 0.15625
vt 0.71875 0.15625
vt 0.71875 0.15625
vt 0.71875 0.15625
vt 0.71875 0.15625
vt 0.71875 0.15625
vt 0.71875 0.15625
vt 0.71875 0.15625
vt 0.71875 0.15625
vt 0.71875 0.15625
vt 0.71875 0.15625
vt 0.71875 0.15625
vt 0.71875 0.15625
vt 0.71875 0.15625
vt 0.71875 0.15625
vt 0.71875 0.15625
vt 0.71875 0.15625
vt 0.65625 0.15625
vt 0.65625 0.15625
vt 0.65625 0.15625
vt 0.65625 0.15625
vt 0.65625 0.15625
vt 0.65625 0.15625
vt 0.65625 0.15625
vt 0.65625 0.15625
vt 0.65625 0.15625
vt 0.65625 0.15625
vt 0.65625 0.15625
vt 0.65625 0.15625
vt 0.65625 0.15625
vt 0.65625 0.15625
vt 0.65625 0.15625
vt 0.65625 0.15625
vt 0.65625 0.15625
vt 0.65625 0.15625
vt 0.65625 0.15625
vt 0.65625 0.15625
vt 0.65625 0.15625
vt 0.65625 0.15625
vt 0.65625 0.15625
vt 0.65625 0.15625
vt 0.65625 0.15625
vt 0.65625 0.15625
vt 0.65625 0.15625
vt 0.65625 0.15625
vt 0.65625 0.15625
vt 0.65625 0.15625
vt 0.65625 0.15625
vt 0.65625 0.15625
vn 0 -1 0
vn 0 -1 0
vn 0 -1 0
vn 0 -1 0
vn 0 -1 0
vn 0 -1 0
vn 0 1 0
vn 0 1 0
vn 0 1 0
vn 0 1 0
vn 0 1 0
vn 0 1 0
vn 0 0 -1
vn 0.707106781186546 0 -0.7071067811865491
vn 1 0 0
vn 0.707106781186546 0 0.7071067811865491
vn 0 0 1
vn -0.7071067811865476 0 0.7071067811865476
vn -1 0 0
vn -0.7071067811865476 0 -0.7071067811865476
usemtl m_f48be7cf-bb91-6454-17d7-690044295bf7
f 505/2125/625 506/2126/625 507/2127/625
f 505/2128/626 507/2129/626 508/2130/626
f 505/2131/627 508/2132/627 509/2133/627
f 505/2134/628 509/2135/628 510/2136/628
f 505/2137/629 510/2138/629 511/2139/629
f 505/2140/630 511/2141/630 512/2142/630
f 515/2143/631 514/2144/631 513/2145/631
f 516/2146/632 515/2147/632 513/2148/632
f 517/2149/633 516/2150/633 513/2151/633
f 518/2152/634 517/2153/634 513/2154/634
f 519/2155/635 518/2156/635 513/2157/635
f 520/2158/636 519/2159/636 513/2160/636
f 513/2161/637 514/2162/637 506/2163/637 505/2164/637
f 514/2165/638 515/2166/638 507/2167/638 506/2168/638
f 515/2169/639 516/2170/639 508/2171/639 507/2172/639
f 516/2173/640 517/2174/640 509/2175/640 508/2176/640
f 517/2177/641 518/2178/641 510/2179/641 509/2180/641
f 518/2181/642 519/2182/642 511/2183/642 510/2184/642
f 519/2185/643 520/2186/643 512/2187/643 511/2188/643
f 520/2189/644 513/2190/644 505/2191/644 512/2192/644
o Tray edge guide
v 0.7875 0.32 0.28125
v 0.79375 0.32 0.28125
v 0.8 0.32 0.2875
v 0.8 0.32 0.71875
v 0.79375 0.32 0.725
v 0.7875 0.32 0.725
v 0.78125 0.32 0.71875
v 0.78125 0.32 0.2875
v 0.7875 0.3425 0.28125
v 0.79375 0.3425 0.28125
v 0.8 0.3425 0.2875
v 0.8 0.3425 0.71875
v 0.79375 0.3425 0.725
v 0.7875 0.3425 0.725
v 0.78125 0.3425 0.71875
v 0.78125 0.3425 0.2875
vt 0.65625 0.15625
vt 0.65625 0.15625
vt 0.65625 0.15625
vt 0.65625 0.15625
vt 0.65625 0.15625
vt 0.65625 0.15625
vt 0.65625 0.15625
vt 0.65625 0.15625
vt 0.65625 0.15625
vt 0.65625 0.15625
vt 0.65625 0.15625
vt 0.65625 0.15625
vt 0.65625 0.15625
vt 0.65625 0.15625
vt 0.65625 0.15625
vt 0.65625 0.15625
vt 0.65625 0.15625
vt 0.65625 0.15625
vt 0.71875 0.15625
vt 0.71875 0.15625
vt 0.71875 0.15625
vt 0.71875 0.15625
vt 0.71875 0.15625
vt 0.71875 0.15625
vt 0.71875 0.15625
vt 0.71875 0.15625
vt 0.71875 0.15625
vt 0.71875 0.15625
vt 0.71875 0.15625
vt 0.71875 0.15625
vt 0.71875 0.15625
vt 0.71875 0.15625
vt 0.71875 0.15625
vt 0.71875 0.15625
vt 0.71875 0.15625
vt 0.71875 0.15625
vt 0.65625 0.15625
vt 0.65625 0.15625
vt 0.65625 0.15625
vt 0.65625 0.15625
vt 0.65625 0.15625
vt 0.65625 0.15625
vt 0.65625 0.15625
vt 0.65625 0.15625
vt 0.65625 0.15625
vt 0.65625 0.15625
vt 0.65625 0.15625
vt 0.65625 0.15625
vt 0.65625 0.15625
vt 0.65625 0.15625
vt 0.65625 0.15625
vt 0.65625 0.15625
vt 0.65625 0.15625
vt 0.65625 0.15625
vt 0.65625 0.15625
vt 0.65625 0.15625
vt 0.65625 0.15625
vt 0.65625 0.15625
vt 0.65625 0.15625
vt 0.65625 0.15625
vt 0.65625 0.15625
vt 0.65625 0.15625
vt 0.65625 0.15625
vt 0.65625 0.15625
vt 0.65625 0.15625
vt 0.65625 0.15625
vt 0.65625 0.15625
vt 0.65625 0.15625
vn 0 -1 0
vn 0 -1 0
vn 0 -1 0
vn 0 -1 0
vn 0 -1 0
vn 0 -1 0
vn 0 1 0
vn 0 1 0
vn 0 1 0
vn 0 1 0
vn 0 1 0
vn 0 1 0
vn 0 0 -1
vn 0.7071067811865412 0 -0.7071067811865538
vn 1 0 0
vn 0.7071067811865412 0 0.7071067811865538
vn 0 0 1
vn -0.7071067811865476 0 0.7071067811865476
vn -1 0 0
vn -0.7071067811865476 0 -0.7071067811865476
usemtl m_f48be7cf-bb91-6454-17d7-690044295bf7
f 521/2193/645 522/2194/645 523/2195/645
f 521/2196/646 523/2197/646 524/2198/646
f 521/2199/647 524/2200/647 525/2201/647
f 521/2202/648 525/2203/648 526/2204/648
f 521/2205/649 526/2206/649 527/2207/649
f 521/2208/650 527/2209/650 528/2210/650
f 531/2211/651 530/2212/651 529/2213/651
f 532/2214/652 531/2215/652 529/2216/652
f 533/2217/653 532/2218/653 529/2219/653
f 534/2220/654 533/2221/654 529/2222/654
f 535/2223/655 534/2224/655 529/2225/655
f 536/2226/656 535/2227/656 529/2228/656
f 529/2229/657 530/2230/657 522/2231/657 521/2232/657
f 530/2233/658 531/2234/658 523/2235/658 522/2236/658
f 531/2237/659 532/2238/659 524/2239/659 523/2240/659
f 532/2241/660 533/2242/660 525/2243/660 524/2244/660
f 533/2245/661 534/2246/661 526/2247/661 525/2248/661
f 534/2249/662 535/2250/662 527/2251/662 526/2252/662
f 535/2253/663 536/2254/663 528/2255/663 527/2256/663
f 536/2257/664 529/2258/664 521/2259/664 528/2260/664
o Registration marker
v 0.2734375 0.33075 0.275
v 0.3046875 0.33075 0.275
v 0.30625 0.33075 0.2765625
v 0.30625 0.33075 0.2834375
v 0.3046875 0.33075 0.285
v 0.2734375 0.33075 0.285
v 0.271875 0.33075 0.2834375
v 0.271875 0.33075 0.2765625
v 0.2734375 0.3325 0.275
v 0.3046875 0.3325 0.275
v 0.30625 0.3325 0.2765625
v 0.30625 0.3325 0.2834375
v 0.3046875 0.3325 0.285
v 0.2734375 0.3325 0.285
v 0.271875 0.3325 0.2834375
v 0.271875 0.3325 0.2765625
vt 0.84375 0.15625
vt 0.84375 0.15625
vt 0.84375 0.15625
vt 0.84375 0.15625
vt 0.84375 0.15625
vt 0.84375 0.15625
vt 0.84375 0.15625
vt 0.84375 0.15625
vt 0.84375 0.15625
vt 0.84375 0.15625
vt 0.84375 0.15625
vt 0.84375 0.15625
vt 0.84375 0.15625
vt 0.84375 0.15625
vt 0.84375 0.15625
vt 0.84375 0.15625
vt 0.84375 0.15625
vt 0.84375 0.15625
vt 0.84375 0.15625
vt 0.84375 0.15625
vt 0.84375 0.15625
vt 0.84375 0.15625
vt 0.84375 0.15625
vt 0.84375 0.15625
vt 0.84375 0.15625
vt 0.84375 0.15625
vt 0.84375 0.15625
vt 0.84375 0.15625
vt 0.84375 0.15625
vt 0.84375 0.15625
vt 0.84375 0.15625
vt 0.84375 0.15625
vt 0.84375 0.15625
vt 0.84375 0.15625
vt 0.84375 0.15625
vt 0.84375 0.15625
vt 0.84375 0.15625
vt 0.84375 0.15625
vt 0.84375 0.15625
vt 0.84375 0.15625
vt 0.84375 0.15625
vt 0.84375 0.15625
vt 0.84375 0.15625
vt 0.84375 0.15625
vt 0.84375 0.15625
vt 0.84375 0.15625
vt 0.84375 0.15625
vt 0.84375 0.15625
vt 0.84375 0.15625
vt 0.84375 0.15625
vt 0.84375 0.15625
vt 0.84375 0.15625
vt 0.84375 0.15625
vt 0.84375 0.15625
vt 0.84375 0.15625
vt 0.84375 0.15625
vt 0.84375 0.15625
vt 0.84375 0.15625
vt 0.84375 0.15625
vt 0.84375 0.15625
vt 0.84375 0.15625
vt 0.84375 0.15625
vt 0.84375 0.15625
vt 0.84375 0.15625
vt 0.84375 0.15625
vt 0.84375 0.15625
vt 0.84375 0.15625
vt 0.84375 0.15625
vn 0 -1 0
vn 0 -1 0
vn 0 -1 0
vn 0 -1 0
vn 0 -1 0
vn 0 -1 0
vn 0 1 0
vn 0 1 0
vn 0 1 0
vn 0 1 0
vn 0 1 0
vn 0 1 0
vn 0 0 -1
vn 0.707106781186535 0 -0.7071067811865601
vn 1 0 0
vn 0.707106781186535 0 0.7071067811865601
vn 0 0 1
vn -0.707106781186535 0 0.7071067811865601
vn -1 0 0
vn -0.707106781186535 0 -0.7071067811865601
usemtl m_f48be7cf-bb91-6454-17d7-690044295bf7
f 537/2261/665 538/2262/665 539/2263/665
f 537/2264/666 539/2265/666 540/2266/666
f 537/2267/667 540/2268/667 541/2269/667
f 537/2270/668 541/2271/668 542/2272/668
f 537/2273/669 542/2274/669 543/2275/669
f 537/2276/670 543/2277/670 544/2278/670
f 547/2279/671 546/2280/671 545/2281/671
f 548/2282/672 547/2283/672 545/2284/672
f 549/2285/673 548/2286/673 545/2287/673
f 550/2288/674 549/2289/674 545/2290/674
f 551/2291/675 550/2292/675 545/2293/675
f 552/2294/676 551/2295/676 545/2296/676
f 545/2297/677 546/2298/677 538/2299/677 537/2300/677
f 546/2301/678 547/2302/678 539/2303/678 538/2304/678
f 547/2305/679 548/2306/679 540/2307/679 539/2308/679
f 548/2309/680 549/2310/680 541/2311/680 540/2312/680
f 549/2313/681 550/2314/681 542/2315/681 541/2316/681
f 550/2317/682 551/2318/682 543/2319/682 542/2320/682
f 551/2321/683 552/2322/683 544/2323/683 543/2324/683
f 552/2325/684 545/2326/684 537/2327/684 544/2328/684
o Registration marker
v 0.2734375 0.33075 0.7375
v 0.3046875 0.33075 0.7375
v 0.30625 0.33075 0.7390625
v 0.30625 0.33075 0.7459375
v 0.3046875 0.33075 0.7475
v 0.2734375 0.33075 0.7475
v 0.271875 0.33075 0.7459375
v 0.271875 0.33075 0.7390625
v 0.2734375 0.3325 0.7375
v 0.3046875 0.3325 0.7375
v 0.30625 0.3325 0.7390625
v 0.30625 0.3325 0.7459375
v 0.3046875 0.3325 0.7475
v 0.2734375 0.3325 0.7475
v 0.271875 0.3325 0.7459375
v 0.271875 0.3325 0.7390625
vt 0.84375 0.15625
vt 0.84375 0.15625
vt 0.84375 0.15625
vt 0.84375 0.15625
vt 0.84375 0.15625
vt 0.84375 0.15625
vt 0.84375 0.15625
vt 0.84375 0.15625
vt 0.84375 0.15625
vt 0.84375 0.15625
vt 0.84375 0.15625
vt 0.84375 0.15625
vt 0.84375 0.15625
vt 0.84375 0.15625
vt 0.84375 0.15625
vt 0.84375 0.15625
vt 0.84375 0.15625
vt 0.84375 0.15625
vt 0.84375 0.15625
vt 0.84375 0.15625
vt 0.84375 0.15625
vt 0.84375 0.15625
vt 0.84375 0.15625
vt 0.84375 0.15625
vt 0.84375 0.15625
vt 0.84375 0.15625
vt 0.84375 0.15625
vt 0.84375 0.15625
vt 0.84375 0.15625
vt 0.84375 0.15625
vt 0.84375 0.15625
vt 0.84375 0.15625
vt 0.84375 0.15625
vt 0.84375 0.15625
vt 0.84375 0.15625
vt 0.84375 0.15625
vt 0.84375 0.15625
vt 0.84375 0.15625
vt 0.84375 0.15625
vt 0.84375 0.15625
vt 0.84375 0.15625
vt 0.84375 0.15625
vt 0.84375 0.15625
vt 0.84375 0.15625
vt 0.84375 0.15625
vt 0.84375 0.15625
vt 0.84375 0.15625
vt 0.84375 0.15625
vt 0.84375 0.15625
vt 0.84375 0.15625
vt 0.84375 0.15625
vt 0.84375 0.15625
vt 0.84375 0.15625
vt 0.84375 0.15625
vt 0.84375 0.15625
vt 0.84375 0.15625
vt 0.84375 0.15625
vt 0.84375 0.15625
vt 0.84375 0.15625
vt 0.84375 0.15625
vt 0.84375 0.15625
vt 0.84375 0.15625
vt 0.84375 0.15625
vt 0.84375 0.15625
vt 0.84375 0.15625
vt 0.84375 0.15625
vt 0.84375 0.15625
vt 0.84375 0.15625
vn 0 -1 0
vn 0 -1 0
vn 0 -1 0
vn 0 -1 0
vn 0 -1 0
vn 0 -1 0
vn 0 1 0
vn 0 1 0
vn 0 1 0
vn 0 1 0
vn 0 1 0
vn 0 1 0
vn 0 0 -1
vn 0.7071067811865224 0 -0.7071067811865727
vn 1 0 0
vn 0.7071067811865476 0 0.7071067811865476
vn 0 0 1
vn -0.7071067811865476 0 0.7071067811865476
vn -1 0 0
vn -0.7071067811865224 0 -0.7071067811865727
usemtl m_f48be7cf-bb91-6454-17d7-690044295bf7
f 553/2329/685 554/2330/685 555/2331/685
f 553/2332/686 555/2333/686 556/2334/686
f 553/2335/687 556/2336/687 557/2337/687
f 553/2338/688 557/2339/688 558/2340/688
f 553/2341/689 558/2342/689 559/2343/689
f 553/2344/690 559/2345/690 560/2346/690
f 563/2347/691 562/2348/691 561/2349/691
f 564/2350/692 563/2351/692 561/2352/692
f 565/2353/693 564/2354/693 561/2355/693
f 566/2356/694 565/2357/694 561/2358/694
f 567/2359/695 566/2360/695 561/2361/695
f 568/2362/696 567/2363/696 561/2364/696
f 561/2365/697 562/2366/697 554/2367/697 553/2368/697
f 562/2369/698 563/2370/698 555/2371/698 554/2372/698
f 563/2373/699 564/2374/699 556/2375/699 555/2376/699
f 564/2377/700 565/2378/700 557/2379/700 556/2380/700
f 565/2381/701 566/2382/701 558/2383/701 557/2384/701
f 566/2385/702 567/2386/702 559/2387/702 558/2388/702
f 567/2389/703 568/2390/703 560/2391/703 559/2392/703
f 568/2393/704 561/2394/704 553/2395/704 560/2396/704
o Registration marker
v 0.6953125 0.33075 0.275
v 0.7265625 0.33075 0.275
v 0.728125 0.33075 0.2765625
v 0.728125 0.33075 0.2834375
v 0.7265625 0.33075 0.285
v 0.6953125 0.33075 0.285
v 0.69375 0.33075 0.2834375
v 0.69375 0.33075 0.2765625
v 0.6953125 0.3325 0.275
v 0.7265625 0.3325 0.275
v 0.728125 0.3325 0.2765625
v 0.728125 0.3325 0.2834375
v 0.7265625 0.3325 0.285
v 0.6953125 0.3325 0.285
v 0.69375 0.3325 0.2834375
v 0.69375 0.3325 0.2765625
vt 0.84375 0.15625
vt 0.84375 0.15625
vt 0.84375 0.15625
vt 0.84375 0.15625
vt 0.84375 0.15625
vt 0.84375 0.15625
vt 0.84375 0.15625
vt 0.84375 0.15625
vt 0.84375 0.15625
vt 0.84375 0.15625
vt 0.84375 0.15625
vt 0.84375 0.15625
vt 0.84375 0.15625
vt 0.84375 0.15625
vt 0.84375 0.15625
vt 0.84375 0.15625
vt 0.84375 0.15625
vt 0.84375 0.15625
vt 0.84375 0.15625
vt 0.84375 0.15625
vt 0.84375 0.15625
vt 0.84375 0.15625
vt 0.84375 0.15625
vt 0.84375 0.15625
vt 0.84375 0.15625
vt 0.84375 0.15625
vt 0.84375 0.15625
vt 0.84375 0.15625
vt 0.84375 0.15625
vt 0.84375 0.15625
vt 0.84375 0.15625
vt 0.84375 0.15625
vt 0.84375 0.15625
vt 0.84375 0.15625
vt 0.84375 0.15625
vt 0.84375 0.15625
vt 0.84375 0.15625
vt 0.84375 0.15625
vt 0.84375 0.15625
vt 0.84375 0.15625
vt 0.84375 0.15625
vt 0.84375 0.15625
vt 0.84375 0.15625
vt 0.84375 0.15625
vt 0.84375 0.15625
vt 0.84375 0.15625
vt 0.84375 0.15625
vt 0.84375 0.15625
vt 0.84375 0.15625
vt 0.84375 0.15625
vt 0.84375 0.15625
vt 0.84375 0.15625
vt 0.84375 0.15625
vt 0.84375 0.15625
vt 0.84375 0.15625
vt 0.84375 0.15625
vt 0.84375 0.15625
vt 0.84375 0.15625
vt 0.84375 0.15625
vt 0.84375 0.15625
vt 0.84375 0.15625
vt 0.84375 0.15625
vt 0.84375 0.15625
vt 0.84375 0.15625
vt 0.84375 0.15625
vt 0.84375 0.15625
vt 0.84375 0.15625
vt 0.84375 0.15625
vn 0 -1 0
vn 0 -1 0
vn 0 -1 0
vn 0 -1 0
vn 0 -1 0
vn 0 -1 0
vn 0 1 0
vn 0 1 0
vn 0 1 0
vn 0 1 0
vn 0 1 0
vn 0 1 0
vn 0 0 -1
vn 0.707106781186535 0 -0.7071067811865601
vn 1 0 0
vn 0.707106781186535 0 0.7071067811865601
vn 0 0 1
vn -0.707106781186535 0 0.7071067811865601
vn -1 0 0
vn -0.707106781186535 0 -0.7071067811865601
usemtl m_f48be7cf-bb91-6454-17d7-690044295bf7
f 569/2397/705 570/2398/705 571/2399/705
f 569/2400/706 571/2401/706 572/2402/706
f 569/2403/707 572/2404/707 573/2405/707
f 569/2406/708 573/2407/708 574/2408/708
f 569/2409/709 574/2410/709 575/2411/709
f 569/2412/710 575/2413/710 576/2414/710
f 579/2415/711 578/2416/711 577/2417/711
f 580/2418/712 579/2419/712 577/2420/712
f 581/2421/713 580/2422/713 577/2423/713
f 582/2424/714 581/2425/714 577/2426/714
f 583/2427/715 582/2428/715 577/2429/715
f 584/2430/716 583/2431/716 577/2432/716
f 577/2433/717 578/2434/717 570/2435/717 569/2436/717
f 578/2437/718 579/2438/718 571/2439/718 570/2440/718
f 579/2441/719 580/2442/719 572/2443/719 571/2444/719
f 580/2445/720 581/2446/720 573/2447/720 572/2448/720
f 581/2449/721 582/2450/721 574/2451/721 573/2452/721
f 582/2453/722 583/2454/722 575/2455/722 574/2456/722
f 583/2457/723 584/2458/723 576/2459/723 575/2460/723
f 584/2461/724 577/2462/724 569/2463/724 576/2464/724
o Registration marker
v 0.6953125 0.33075 0.7375
v 0.7265625 0.33075 0.7375
v 0.728125 0.33075 0.7390625
v 0.728125 0.33075 0.7459375
v 0.7265625 0.33075 0.7475
v 0.6953125 0.33075 0.7475
v 0.69375 0.33075 0.7459375
v 0.69375 0.33075 0.7390625
v 0.6953125 0.3325 0.7375
v 0.7265625 0.3325 0.7375
v 0.728125 0.3325 0.7390625
v 0.728125 0.3325 0.7459375
v 0.7265625 0.3325 0.7475
v 0.6953125 0.3325 0.7475
v 0.69375 0.3325 0.7459375
v 0.69375 0.3325 0.7390625
vt 0.84375 0.15625
vt 0.84375 0.15625
vt 0.84375 0.15625
vt 0.84375 0.15625
vt 0.84375 0.15625
vt 0.84375 0.15625
vt 0.84375 0.15625
vt 0.84375 0.15625
vt 0.84375 0.15625
vt 0.84375 0.15625
vt 0.84375 0.15625
vt 0.84375 0.15625
vt 0.84375 0.15625
vt 0.84375 0.15625
vt 0.84375 0.15625
vt 0.84375 0.15625
vt 0.84375 0.15625
vt 0.84375 0.15625
vt 0.84375 0.15625
vt 0.84375 0.15625
vt 0.84375 0.15625
vt 0.84375 0.15625
vt 0.84375 0.15625
vt 0.84375 0.15625
vt 0.84375 0.15625
vt 0.84375 0.15625
vt 0.84375 0.15625
vt 0.84375 0.15625
vt 0.84375 0.15625
vt 0.84375 0.15625
vt 0.84375 0.15625
vt 0.84375 0.15625
vt 0.84375 0.15625
vt 0.84375 0.15625
vt 0.84375 0.15625
vt 0.84375 0.15625
vt 0.84375 0.15625
vt 0.84375 0.15625
vt 0.84375 0.15625
vt 0.84375 0.15625
vt 0.84375 0.15625
vt 0.84375 0.15625
vt 0.84375 0.15625
vt 0.84375 0.15625
vt 0.84375 0.15625
vt 0.84375 0.15625
vt 0.84375 0.15625
vt 0.84375 0.15625
vt 0.84375 0.15625
vt 0.84375 0.15625
vt 0.84375 0.15625
vt 0.84375 0.15625
vt 0.84375 0.15625
vt 0.84375 0.15625
vt 0.84375 0.15625
vt 0.84375 0.15625
vt 0.84375 0.15625
vt 0.84375 0.15625
vt 0.84375 0.15625
vt 0.84375 0.15625
vt 0.84375 0.15625
vt 0.84375 0.15625
vt 0.84375 0.15625
vt 0.84375 0.15625
vt 0.84375 0.15625
vt 0.84375 0.15625
vt 0.84375 0.15625
vt 0.84375 0.15625
vn 0 -1 0
vn 0 -1 0
vn 0 -1 0
vn 0 -1 0
vn 0 -1 0
vn 0 -1 0
vn 0 1 0
vn 0 1 0
vn 0 1 0
vn 0 1 0
vn 0 1 0
vn 0 1 0
vn 0 0 -1
vn 0.7071067811865224 0 -0.7071067811865727
vn 1 0 0
vn 0.7071067811865476 0 0.7071067811865476
vn 0 0 1
vn -0.7071067811865476 0 0.7071067811865476
vn -1 0 0
vn -0.7071067811865224 0 -0.7071067811865727
usemtl m_f48be7cf-bb91-6454-17d7-690044295bf7
f 585/2465/725 586/2466/725 587/2467/725
f 585/2468/726 587/2469/726 588/2470/726
f 585/2471/727 588/2472/727 589/2473/727
f 585/2474/728 589/2475/728 590/2476/728
f 585/2477/729 590/2478/729 591/2479/729
f 585/2480/730 591/2481/730 592/2482/730
f 595/2483/731 594/2484/731 593/2485/731
f 596/2486/732 595/2487/732 593/2488/732
f 597/2489/733 596/2490/733 593/2491/733
f 598/2492/734 597/2493/734 593/2494/734
f 599/2495/735 598/2496/735 593/2497/735
f 600/2498/736 599/2499/736 593/2500/736
f 593/2501/737 594/2502/737 586/2503/737 585/2504/737
f 594/2505/738 595/2506/738 587/2507/738 586/2508/738
f 595/2509/739 596/2510/739 588/2511/739 587/2512/739
f 596/2513/740 597/2514/740 589/2515/740 588/2516/740
f 597/2517/741 598/2518/741 590/2519/741 589/2520/741
f 598/2521/742 599/2522/742 591/2523/742 590/2524/742
f 599/2525/743 600/2526/743 592/2527/743 591/2528/743
f 600/2529/744 593/2530/744 585/2531/744 592/2532/744
o Front tray grip recess
v 0.37 0.216875 0.168125
v 0.63 0.216875 0.168125
v 0.6375 0.224375 0.168125
v 0.6375 0.23625 0.168125
v 0.63 0.24375 0.168125
v 0.37 0.24375 0.168125
v 0.3625 0.23625 0.168125
v 0.3625 0.224375 0.168125
v 0.37 0.216875 0.17125
v 0.63 0.216875 0.17125
v 0.6375 0.224375 0.17125
v 0.6375 0.23625 0.17125
v 0.63 0.24375 0.17125
v 0.37 0.24375 0.17125
v 0.3625 0.23625 0.17125
v 0.3625 0.224375 0.17125
vt 0.96875 0.21875
vt 0.96875 0.21875
vt 0.96875 0.21875
vt 0.96875 0.21875
vt 0.96875 0.21875
vt 0.96875 0.21875
vt 0.96875 0.21875
vt 0.96875 0.21875
vt 0.96875 0.21875
vt 0.96875 0.21875
vt 0.96875 0.21875
vt 0.96875 0.21875
vt 0.96875 0.21875
vt 0.96875 0.21875
vt 0.96875 0.21875
vt 0.96875 0.21875
vt 0.96875 0.21875
vt 0.96875 0.21875
vt 0.96875 0.21875
vt 0.96875 0.21875
vt 0.96875 0.21875
vt 0.96875 0.21875
vt 0.96875 0.21875
vt 0.96875 0.21875
vt 0.96875 0.21875
vt 0.96875 0.21875
vt 0.96875 0.21875
vt 0.96875 0.21875
vt 0.96875 0.21875
vt 0.96875 0.21875
vt 0.96875 0.21875
vt 0.96875 0.21875
vt 0.96875 0.21875
vt 0.96875 0.21875
vt 0.96875 0.21875
vt 0.96875 0.21875
vt 0.96875 0.21875
vt 0.96875 0.21875
vt 0.96875 0.21875
vt 0.96875 0.21875
vt 0.96875 0.21875
vt 0.96875 0.21875
vt 0.96875 0.21875
vt 0.96875 0.21875
vt 0.96875 0.21875
vt 0.96875 0.21875
vt 0.96875 0.21875
vt 0.96875 0.21875
vt 0.96875 0.21875
vt 0.96875 0.21875
vt 0.96875 0.21875
vt 0.96875 0.21875
vt 0.96875 0.21875
vt 0.96875 0.21875
vt 0.96875 0.21875
vt 0.96875 0.21875
vt 0.96875 0.21875
vt 0.96875 0.21875
vt 0.96875 0.21875
vt 0.96875 0.21875
vt 0.96875 0.21875
vt 0.96875 0.21875
vt 0.96875 0.21875
vt 0.96875 0.21875
vt 0.96875 0.21875
vt 0.96875 0.21875
vt 0.96875 0.21875
vt 0.96875 0.21875
vn 0 0 -1
vn 0 0 -1
vn 0 0 -1
vn 0 0 -1
vn 0 0 -1
vn 0 0 -1
vn 0 0 1
vn 0 0 1
vn 0 0 1
vn 0 0 1
vn 0 0 1
vn 0 0 1
vn 0 -1 0
vn 0.7071067811865488 -0.7071067811865462 0
vn 1 0 0
vn 0.7071067811865501 0.7071067811865449 0
vn 0 1 0
vn -0.7071067811865476 0.7071067811865476 0
vn -1 0 0
vn -0.7071067811865462 -0.7071067811865489 0
usemtl m_f48be7cf-bb91-6454-17d7-690044295bf7
f 603/2533/745 602/2534/745 601/2535/745
f 604/2536/746 603/2537/746 601/2538/746
f 605/2539/747 604/2540/747 601/2541/747
f 606/2542/748 605/2543/748 601/2544/748
f 607/2545/749 606/2546/749 601/2547/749
f 608/2548/750 607/2549/750 601/2550/750
f 609/2551/751 610/2552/751 611/2553/751
f 609/2554/752 611/2555/752 612/2556/752
f 609/2557/753 612/2558/753 613/2559/753
f 609/2560/754 613/2561/754 614/2562/754
f 609/2563/755 614/2564/755 615/2565/755
f 609/2566/756 615/2567/756 616/2568/756
f 601/2569/757 602/2570/757 610/2571/757 609/2572/757
f 602/2573/758 603/2574/758 611/2575/758 610/2576/758
f 603/2577/759 604/2578/759 612/2579/759 611/2580/759
f 604/2581/760 605/2582/760 613/2583/760 612/2584/760
f 605/2585/761 606/2586/761 614/2587/761 613/2588/761
f 606/2589/762 607/2590/762 615/2591/762 614/2592/762
f 607/2593/763 608/2594/763 616/2595/763 615/2596/763
f 608/2597/764 601/2598/764 609/2599/764 616/2600/764
o Front tray grip
v 0.38625 0.228125 0.1575
v 0.61375 0.228125 0.1575
v 0.61875 0.233125 0.1575
v 0.61875 0.24125 0.1575
v 0.61375 0.24625 0.1575
v 0.38625 0.24625 0.1575
v 0.38125 0.24125 0.1575
v 0.38125 0.233125 0.1575
v 0.38625 0.228125 0.171875
v 0.61375 0.228125 0.171875
v 0.61875 0.233125 0.171875
v 0.61875 0.24125 0.171875
v 0.61375 0.24625 0.171875
v 0.38625 0.24625 0.171875
v 0.38125 0.24125 0.171875
v 0.38125 0.233125 0.171875
vt 0.65625 0.15625
vt 0.65625 0.15625
vt 0.65625 0.15625
vt 0.65625 0.15625
vt 0.65625 0.15625
vt 0.65625 0.15625
vt 0.65625 0.15625
vt 0.65625 0.15625
vt 0.65625 0.15625
vt 0.65625 0.15625
vt 0.65625 0.15625
vt 0.65625 0.15625
vt 0.65625 0.15625
vt 0.65625 0.15625
vt 0.65625 0.15625
vt 0.65625 0.15625
vt 0.65625 0.15625
vt 0.65625 0.15625
vt 0.65625 0.15625
vt 0.65625 0.15625
vt 0.65625 0.15625
vt 0.65625 0.15625
vt 0.65625 0.15625
vt 0.65625 0.15625
vt 0.65625 0.15625
vt 0.65625 0.15625
vt 0.65625 0.15625
vt 0.65625 0.15625
vt 0.65625 0.15625
vt 0.65625 0.15625
vt 0.65625 0.15625
vt 0.65625 0.15625
vt 0.65625 0.15625
vt 0.65625 0.15625
vt 0.65625 0.15625
vt 0.65625 0.15625
vt 0.65625 0.15625
vt 0.65625 0.15625
vt 0.65625 0.15625
vt 0.65625 0.15625
vt 0.65625 0.15625
vt 0.65625 0.15625
vt 0.65625 0.15625
vt 0.65625 0.15625
vt 0.65625 0.15625
vt 0.65625 0.15625
vt 0.65625 0.15625
vt 0.65625 0.15625
vt 0.65625 0.15625
vt 0.65625 0.15625
vt 0.65625 0.15625
vt 0.65625 0.15625
vt 0.71875 0.15625
vt 0.71875 0.15625
vt 0.71875 0.15625
vt 0.71875 0.15625
vt 0.65625 0.15625
vt 0.65625 0.15625
vt 0.65625 0.15625
vt 0.65625 0.15625
vt 0.65625 0.15625
vt 0.65625 0.15625
vt 0.65625 0.15625
vt 0.65625 0.15625
vt 0.65625 0.15625
vt 0.65625 0.15625
vt 0.65625 0.15625
vt 0.65625 0.15625
vn 0 0 -1
vn 0 0 -1
vn 0 0 -1
vn 0 0 -1
vn 0 0 -1
vn 0 0 -1
vn 0 0 1
vn 0 0 1
vn 0 0 1
vn 0 0 1
vn 0 0 1
vn 0 0 1
vn 0 -1 0
vn 0.7071067811865476 -0.7071067811865476 0
vn 1 0 0
vn 0.7071067811865476 0.7071067811865476 0
vn 0 1 0
vn -0.7071067811865476 0.7071067811865476 0
vn -1 0 0
vn -0.7071067811865476 -0.7071067811865476 0
usemtl m_f48be7cf-bb91-6454-17d7-690044295bf7
f 619/2601/765 618/2602/765 617/2603/765
f 620/2604/766 619/2605/766 617/2606/766
f 621/2607/767 620/2608/767 617/2609/767
f 622/2610/768 621/2611/768 617/2612/768
f 623/2613/769 622/2614/769 617/2615/769
f 624/2616/770 623/2617/770 617/2618/770
f 625/2619/771 626/2620/771 627/2621/771
f 625/2622/772 627/2623/772 628/2624/772
f 625/2625/773 628/2626/773 629/2627/773
f 625/2628/774 629/2629/774 630/2630/774
f 625/2631/775 630/2632/775 631/2633/775
f 625/2634/776 631/2635/776 632/2636/776
f 617/2637/777 618/2638/777 626/2639/777 625/2640/777
f 618/2641/778 619/2642/778 627/2643/778 626/2644/778
f 619/2645/779 620/2646/779 628/2647/779 627/2648/779
f 620/2649/780 621/2650/780 629/2651/780 628/2652/780
f 621/2653/781 622/2654/781 630/2655/781 629/2656/781
f 622/2657/782 623/2658/782 631/2659/782 630/2660/782
f 623/2661/783 624/2662/783 632/2663/783 631/2664/783
f 624/2665/784 617/2666/784 625/2667/784 632/2668/784
o Twin probe suspension rail
v 0.295625 0.828125 0.446875
v 0.704375 0.828125 0.446875
v 0.715625 0.828125 0.458125
v 0.715625 0.828125 0.541875
v 0.704375 0.828125 0.553125
v 0.295625 0.828125 0.553125
v 0.284375 0.828125 0.541875
v 0.284375 0.828125 0.458125
v 0.295625 0.85125 0.446875
v 0.704375 0.85125 0.446875
v 0.715625 0.85125 0.458125
v 0.715625 0.85125 0.541875
v 0.704375 0.85125 0.553125
v 0.295625 0.85125 0.553125
v 0.284375 0.85125 0.541875
v 0.284375 0.85125 0.458125
vt 0.96875 0.21875
vt 0.96875 0.21875
vt 0.96875 0.21875
vt 0.96875 0.21875
vt 0.96875 0.21875
vt 0.96875 0.21875
vt 0.96875 0.21875
vt 0.96875 0.21875
vt 0.96875 0.21875
vt 0.96875 0.21875
vt 0.96875 0.21875
vt 0.96875 0.21875
vt 0.96875 0.21875
vt 0.96875 0.21875
vt 0.96875 0.21875
vt 0.96875 0.21875
vt 0.96875 0.21875
vt 0.96875 0.21875
vt 0.96875 0.21875
vt 0.96875 0.21875
vt 0.96875 0.21875
vt 0.96875 0.21875
vt 0.96875 0.21875
vt 0.96875 0.21875
vt 0.96875 0.21875
vt 0.96875 0.21875
vt 0.96875 0.21875
vt 0.96875 0.21875
vt 0.96875 0.21875
vt 0.96875 0.21875
vt 0.96875 0.21875
vt 0.96875 0.21875
vt 0.96875 0.21875
vt 0.96875 0.21875
vt 0.96875 0.21875
vt 0.96875 0.21875
vt 0.96875 0.21875
vt 0.96875 0.21875
vt 0.96875 0.21875
vt 0.96875 0.21875
vt 0.96875 0.21875
vt 0.96875 0.21875
vt 0.96875 0.21875
vt 0.96875 0.21875
vt 0.96875 0.21875
vt 0.96875 0.21875
vt 0.96875 0.21875
vt 0.96875 0.21875
vt 0.96875 0.21875
vt 0.96875 0.21875
vt 0.96875 0.21875
vt 0.96875 0.21875
vt 0.96875 0.21875
vt 0.96875 0.21875
vt 0.96875 0.21875
vt 0.96875 0.21875
vt 0.96875 0.21875
vt 0.96875 0.21875
vt 0.96875 0.21875
vt 0.96875 0.21875
vt 0.96875 0.21875
vt 0.96875 0.21875
vt 0.96875 0.21875
vt 0.96875 0.21875
vt 0.96875 0.21875
vt 0.96875 0.21875
vt 0.96875 0.21875
vt 0.96875 0.21875
vn 0 -1 0
vn 0 -1 0
vn 0 -1 0
vn 0 -1 0
vn 0 -1 0
vn 0 -1 0
vn 0 1 0
vn 0 1 0
vn 0 1 0
vn 0 1 0
vn 0 1 0
vn 0 1 0
vn 0 0 -1
vn 0.7071067811865476 0 -0.7071067811865476
vn 1 0 0
vn 0.7071067811865476 0 0.7071067811865476
vn 0 0 1
vn -0.7071067811865458 0 0.7071067811865493
vn -1 0 0
vn -0.7071067811865458 0 -0.7071067811865493
usemtl m_f48be7cf-bb91-6454-17d7-690044295bf7
f 633/2669/785 634/2670/785 635/2671/785
f 633/2672/786 635/2673/786 636/2674/786
f 633/2675/787 636/2676/787 637/2677/787
f 633/2678/788 637/2679/788 638/2680/788
f 633/2681/789 638/2682/789 639/2683/789
f 633/2684/790 639/2685/790 640/2686/790
f 643/2687/791 642/2688/791 641/2689/791
f 644/2690/792 643/2691/792 641/2692/792
f 645/2693/793 644/2694/793 641/2695/793
f 646/2696/794 645/2697/794 641/2698/794
f 647/2699/795 646/2700/795 641/2701/795
f 648/2702/796 647/2703/796 641/2704/796
f 641/2705/797 642/2706/797 634/2707/797 633/2708/797
f 642/2709/798 643/2710/798 635/2711/798 634/2712/798
f 643/2713/799 644/2714/799 636/2715/799 635/2716/799
f 644/2717/800 645/2718/800 637/2719/800 636/2720/800
f 645/2721/801 646/2722/801 638/2723/801 637/2724/801
f 646/2725/802 647/2726/802 639/2727/802 638/2728/802
f 647/2729/803 648/2730/803 640/2731/803 639/2732/803
f 648/2733/804 641/2734/804 633/2735/804 640/2736/804
o L fixed mounting shoe
v 0.323125 0.815625 0.459375
v 0.396875 0.815625 0.459375
v 0.408125 0.815625 0.470625
v 0.408125 0.815625 0.529375
v 0.396875 0.815625 0.540625
v 0.323125 0.815625 0.540625
v 0.311875 0.815625 0.529375
v 0.311875 0.815625 0.470625
v 0.323125 0.849375 0.459375
v 0.396875 0.849375 0.459375
v 0.408125 0.849375 0.470625
v 0.408125 0.849375 0.529375
v 0.396875 0.849375 0.540625
v 0.323125 0.849375 0.540625
v 0.311875 0.849375 0.529375
v 0.311875 0.849375 0.470625
vt 0.78125 0.15625
vt 0.78125 0.15625
vt 0.78125 0.15625
vt 0.78125 0.15625
vt 0.78125 0.15625
vt 0.78125 0.15625
vt 0.78125 0.15625
vt 0.78125 0.15625
vt 0.78125 0.15625
vt 0.78125 0.15625
vt 0.78125 0.15625
vt 0.78125 0.15625
vt 0.78125 0.15625
vt 0.78125 0.15625
vt 0.78125 0.15625
vt 0.78125 0.15625
vt 0.78125 0.15625
vt 0.78125 0.15625
vt 0.78125 0.15625
vt 0.78125 0.15625
vt 0.78125 0.15625
vt 0.78125 0.15625
vt 0.78125 0.15625
vt 0.78125 0.15625
vt 0.78125 0.15625
vt 0.78125 0.15625
vt 0.78125 0.15625
vt 0.78125 0.15625
vt 0.78125 0.15625
vt 0.78125 0.15625
vt 0.78125 0.15625
vt 0.78125 0.15625
vt 0.78125 0.15625
vt 0.78125 0.15625
vt 0.78125 0.15625
vt 0.78125 0.15625
vt 0.78125 0.15625
vt 0.78125 0.15625
vt 0.78125 0.15625
vt 0.78125 0.15625
vt 0.78125 0.15625
vt 0.78125 0.15625
vt 0.78125 0.15625
vt 0.78125 0.15625
vt 0.78125 0.15625
vt 0.78125 0.15625
vt 0.78125 0.15625
vt 0.78125 0.15625
vt 0.78125 0.15625
vt 0.78125 0.15625
vt 0.78125 0.15625
vt 0.78125 0.15625
vt 0.78125 0.15625
vt 0.78125 0.15625
vt 0.78125 0.15625
vt 0.78125 0.15625
vt 0.78125 0.15625
vt 0.78125 0.15625
vt 0.78125 0.15625
vt 0.78125 0.15625
vt 0.78125 0.15625
vt 0.78125 0.15625
vt 0.78125 0.15625
vt 0.78125 0.15625
vt 0.78125 0.15625
vt 0.78125 0.15625
vt 0.78125 0.15625
vt 0.78125 0.15625
vn 0 -1 0
vn 0 -1 0
vn 0 -1 0
vn 0 -1 0
vn 0 -1 0
vn 0 -1 0
vn 0 1 0
vn 0 1 0
vn 0 1 0
vn 0 1 0
vn 0 1 0
vn 0 1 0
vn 0 0 -1
vn 0.7071067811865476 0 -0.7071067811865476
vn 1 0 0
vn 0.7071067811865458 0 0.7071067811865493
vn 0 0 1
vn -0.7071067811865476 0 0.7071067811865476
vn -1 0 0
vn -0.7071067811865493 0 -0.7071067811865458
usemtl m_f48be7cf-bb91-6454-17d7-690044295bf7
f 649/2737/805 650/2738/805 651/2739/805
f 649/2740/806 651/2741/806 652/2742/806
f 649/2743/807 652/2744/807 653/2745/807
f 649/2746/808 653/2747/808 654/2748/808
f 649/2749/809 654/2750/809 655/2751/809
f 649/2752/810 655/2753/810 656/2754/810
f 659/2755/811 658/2756/811 657/2757/811
f 660/2758/812 659/2759/812 657/2760/812
f 661/2761/813 660/2762/813 657/2763/813
f 662/2764/814 661/2765/814 657/2766/814
f 663/2767/815 662/2768/815 657/2769/815
f 664/2770/816 663/2771/816 657/2772/816
f 657/2773/817 658/2774/817 650/2775/817 649/2776/817
f 658/2777/818 659/2778/818 651/2779/818 650/2780/818
f 659/2781/819 660/2782/819 652/2783/819 651/2784/819
f 660/2785/820 661/2786/820 653/2787/820 652/2788/820
f 661/2789/821 662/2790/821 654/2791/821 653/2792/821
f 662/2793/822 663/2794/822 655/2795/822 654/2796/822
f 663/2797/823 664/2798/823 656/2799/823 655/2800/823
f 664/2801/824 657/2802/824 649/2803/824 656/2804/824
o L pivot yoke cheek
v 0.3175 0.7725 0.471875
v 0.3175 0.7725 0.471875
v 0.325625 0.780625 0.471875
v 0.325625 0.814375 0.471875
v 0.3175 0.8225 0.471875
v 0.3175 0.8225 0.471875
v 0.309375 0.814375 0.471875
v 0.309375 0.780625 0.471875
v 0.3175 0.7725 0.528125
v 0.3175 0.7725 0.528125
v 0.325625 0.780625 0.528125
v 0.325625 0.814375 0.528125
v 0.3175 0.8225 0.528125
v 0.3175 0.8225 0.528125
v 0.309375 0.814375 0.528125
v 0.309375 0.780625 0.528125
vt 0.78125 0.15625
vt 0.78125 0.15625
vt 0.78125 0.15625
vt 0.78125 0.15625
vt 0.78125 0.15625
vt 0.78125 0.15625
vt 0.78125 0.15625
vt 0.78125 0.15625
vt 0.78125 0.15625
vt 0.78125 0.15625
vt 0.78125 0.15625
vt 0.78125 0.15625
vt 0.78125 0.15625
vt 0.78125 0.15625
vt 0.78125 0.15625
vt 0.78125 0.15625
vt 0.78125 0.15625
vt 0.78125 0.15625
vt 0.78125 0.15625
vt 0.78125 0.15625
vt 0.78125 0.15625
vt 0.78125 0.15625
vt 0.78125 0.15625
vt 0.78125 0.15625
vt 0.78125 0.15625
vt 0.78125 0.15625
vt 0.78125 0.15625
vt 0.78125 0.15625
vt 0.78125 0.15625
vt 0.78125 0.15625
vt 0.78125 0.15625
vt 0.78125 0.15625
vt 0.78125 0.15625
vt 0.78125 0.15625
vt 0.78125 0.15625
vt 0.78125 0.15625
vt 0.78125 0.15625
vt 0.78125 0.15625
vt 0.78125 0.15625
vt 0.78125 0.15625
vt 0.78125 0.15625
vt 0.78125 0.15625
vt 0.78125 0.15625
vt 0.78125 0.15625
vt 0.78125 0.15625
vt 0.78125 0.15625
vt 0.78125 0.15625
vt 0.78125 0.15625
vt 0.78125 0.15625
vt 0.78125 0.15625
vt 0.78125 0.15625
vt 0.78125 0.15625
vt 0.78125 0.15625
vt 0.78125 0.15625
vt 0.78125 0.15625
vt 0.78125 0.15625
vt 0.78125 0.15625
vt 0.78125 0.15625
vt 0.78125 0.15625
vt 0.78125 0.15625
vt 0.78125 0.15625
vt 0.78125 0.15625
vt 0.78125 0.15625
vt 0.78125 0.15625
vt 0.78125 0.15625
vt 0.78125 0.15625
vt 0.78125 0.15625
vt 0.78125 0.15625
vn 0 0 0
vn 0 0 -1
vn 0 0 -1
vn 0 0 0
vn 0 0 -1
vn 0 0 -1
vn 0 0 0
vn 0 0 1
vn 0 0 1
vn 0 0 0
vn 0 0 1
vn 0 0 1
vn 0 0 0
vn 0.7071067811865499 -0.7071067811865451 0
vn 1 0 0
vn 0.7071067811865499 0.7071067811865451 0
vn 0 0 0
vn -0.7071067811865499 0.7071067811865451 0
vn -1 0 0
vn -0.7071067811865499 -0.7071067811865451 0
usemtl m_f48be7cf-bb91-6454-17d7-690044295bf7
f 665/2805/825 666/2806/825 667/2807/825
f 668/2808/826 667/2809/826 665/2810/826
f 669/2811/827 668/2812/827 665/2813/827
f 665/2814/828 669/2815/828 670/2816/828
f 671/2817/829 670/2818/829 665/2819/829
f 672/2820/830 671/2821/830 665/2822/830
f 673/2823/831 674/2824/831 675/2825/831
f 673/2826/832 675/2827/832 676/2828/832
f 673/2829/833 676/2830/833 677/2831/833
f 673/2832/834 677/2833/834 678/2834/834
f 673/2835/835 678/2836/835 679/2837/835
f 673/2838/836 679/2839/836 680/2840/836
f 665/2841/837 666/2842/837 674/2843/837 673/2844/837
f 666/2845/838 667/2846/838 675/2847/838 674/2848/838
f 667/2849/839 668/2850/839 676/2851/839 675/2852/839
f 668/2853/840 669/2854/840 677/2855/840 676/2856/840
f 669/2857/841 670/2858/841 678/2859/841 677/2860/841
f 670/2861/842 671/2862/842 679/2863/842 678/2864/842
f 671/2865/843 672/2866/843 680/2867/843 679/2868/843
f 672/2869/844 665/2870/844 673/2871/844 680/2872/844
o L pivot yoke cheek
v 0.4025 0.7725 0.471875
v 0.4025 0.7725 0.471875
v 0.410625 0.780625 0.471875
v 0.410625 0.814375 0.471875
v 0.4025 0.8225 0.471875
v 0.4025 0.8225 0.471875
v 0.394375 0.814375 0.471875
v 0.394375 0.780625 0.471875
v 0.4025 0.7725 0.528125
v 0.4025 0.7725 0.528125
v 0.410625 0.780625 0.528125
v 0.410625 0.814375 0.528125
v 0.4025 0.8225 0.528125
v 0.4025 0.8225 0.528125
v 0.394375 0.814375 0.528125
v 0.394375 0.780625 0.528125
vt 0.78125 0.15625
vt 0.78125 0.15625
vt 0.78125 0.15625
vt 0.78125 0.15625
vt 0.78125 0.15625
vt 0.78125 0.15625
vt 0.78125 0.15625
vt 0.78125 0.15625
vt 0.78125 0.15625
vt 0.78125 0.15625
vt 0.78125 0.15625
vt 0.78125 0.15625
vt 0.78125 0.15625
vt 0.78125 0.15625
vt 0.78125 0.15625
vt 0.78125 0.15625
vt 0.78125 0.15625
vt 0.78125 0.15625
vt 0.78125 0.15625
vt 0.78125 0.15625
vt 0.78125 0.15625
vt 0.78125 0.15625
vt 0.78125 0.15625
vt 0.78125 0.15625
vt 0.78125 0.15625
vt 0.78125 0.15625
vt 0.78125 0.15625
vt 0.78125 0.15625
vt 0.78125 0.15625
vt 0.78125 0.15625
vt 0.78125 0.15625
vt 0.78125 0.15625
vt 0.78125 0.15625
vt 0.78125 0.15625
vt 0.78125 0.15625
vt 0.78125 0.15625
vt 0.78125 0.15625
vt 0.78125 0.15625
vt 0.78125 0.15625
vt 0.78125 0.15625
vt 0.78125 0.15625
vt 0.78125 0.15625
vt 0.78125 0.15625
vt 0.78125 0.15625
vt 0.78125 0.15625
vt 0.78125 0.15625
vt 0.78125 0.15625
vt 0.78125 0.15625
vt 0.78125 0.15625
vt 0.78125 0.15625
vt 0.78125 0.15625
vt 0.78125 0.15625
vt 0.78125 0.15625
vt 0.78125 0.15625
vt 0.78125 0.15625
vt 0.78125 0.15625
vt 0.78125 0.15625
vt 0.78125 0.15625
vt 0.78125 0.15625
vt 0.78125 0.15625
vt 0.78125 0.15625
vt 0.78125 0.15625
vt 0.78125 0.15625
vt 0.78125 0.15625
vt 0.78125 0.15625
vt 0.78125 0.15625
vt 0.78125 0.15625
vt 0.78125 0.15625
vn 0 0 0
vn 0 0 -1
vn 0 0 -1
vn 0 0 0
vn 0 0 -1
vn 0 0 -1
vn 0 0 0
vn 0 0 1
vn 0 0 1
vn 0 0 0
vn 0 0 1
vn 0 0 1
vn 0 0 0
vn 0.7071067811865499 -0.7071067811865451 0
vn 1 0 0
vn 0.7071067811865499 0.7071067811865451 0
vn 0 0 0
vn -0.7071067811865476 0.7071067811865476 0
vn -1 0 0
vn -0.7071067811865476 -0.7071067811865476 0
usemtl m_f48be7cf-bb91-6454-17d7-690044295bf7
f 681/2873/845 682/2874/845 683/2875/845
f 684/2876/846 683/2877/846 681/2878/846
f 685/2879/847 684/2880/847 681/2881/847
f 681/2882/848 685/2883/848 686/2884/848
f 687/2885/849 686/2886/849 681/2887/849
f 688/2888/850 687/2889/850 681/2890/850
f 689/2891/851 690/2892/851 691/2893/851
f 689/2894/852 691/2895/852 692/2896/852
f 689/2897/853 692/2898/853 693/2899/853
f 689/2900/854 693/2901/854 694/2902/854
f 689/2903/855 694/2904/855 695/2905/855
f 689/2906/856 695/2907/856 696/2908/856
f 681/2909/857 682/2910/857 690/2911/857 689/2912/857
f 682/2913/858 683/2914/858 691/2915/858 690/2916/858
f 683/2917/859 684/2918/859 692/2919/859 691/2920/859
f 684/2921/860 685/2922/860 693/2923/860 692/2924/860
f 685/2925/861 686/2926/861 694/2927/861 693/2928/861
f 686/2929/862 687/2930/862 695/2931/862 694/2932/862
f 687/2933/863 688/2934/863 696/2935/863 695/2936/863
f 688/2937/864 681/2938/864 689/2939/864 696/2940/864
o R fixed mounting shoe
v 0.603125 0.815625 0.459375
v 0.676875 0.815625 0.459375
v 0.688125 0.815625 0.470625
v 0.688125 0.815625 0.529375
v 0.676875 0.815625 0.540625
v 0.603125 0.815625 0.540625
v 0.591875 0.815625 0.529375
v 0.591875 0.815625 0.470625
v 0.603125 0.849375 0.459375
v 0.676875 0.849375 0.459375
v 0.688125 0.849375 0.470625
v 0.688125 0.849375 0.529375
v 0.676875 0.849375 0.540625
v 0.603125 0.849375 0.540625
v 0.591875 0.849375 0.529375
v 0.591875 0.849375 0.470625
vt 0.78125 0.15625
vt 0.78125 0.15625
vt 0.78125 0.15625
vt 0.78125 0.15625
vt 0.78125 0.15625
vt 0.78125 0.15625
vt 0.78125 0.15625
vt 0.78125 0.15625
vt 0.78125 0.15625
vt 0.78125 0.15625
vt 0.78125 0.15625
vt 0.78125 0.15625
vt 0.78125 0.15625
vt 0.78125 0.15625
vt 0.78125 0.15625
vt 0.78125 0.15625
vt 0.78125 0.15625
vt 0.78125 0.15625
vt 0.78125 0.15625
vt 0.78125 0.15625
vt 0.78125 0.15625
vt 0.78125 0.15625
vt 0.78125 0.15625
vt 0.78125 0.15625
vt 0.78125 0.15625
vt 0.78125 0.15625
vt 0.78125 0.15625
vt 0.78125 0.15625
vt 0.78125 0.15625
vt 0.78125 0.15625
vt 0.78125 0.15625
vt 0.78125 0.15625
vt 0.78125 0.15625
vt 0.78125 0.15625
vt 0.78125 0.15625
vt 0.78125 0.15625
vt 0.78125 0.15625
vt 0.78125 0.15625
vt 0.78125 0.15625
vt 0.78125 0.15625
vt 0.78125 0.15625
vt 0.78125 0.15625
vt 0.78125 0.15625
vt 0.78125 0.15625
vt 0.78125 0.15625
vt 0.78125 0.15625
vt 0.78125 0.15625
vt 0.78125 0.15625
vt 0.78125 0.15625
vt 0.78125 0.15625
vt 0.78125 0.15625
vt 0.78125 0.15625
vt 0.78125 0.15625
vt 0.78125 0.15625
vt 0.78125 0.15625
vt 0.78125 0.15625
vt 0.78125 0.15625
vt 0.78125 0.15625
vt 0.78125 0.15625
vt 0.78125 0.15625
vt 0.78125 0.15625
vt 0.78125 0.15625
vt 0.78125 0.15625
vt 0.78125 0.15625
vt 0.78125 0.15625
vt 0.78125 0.15625
vt 0.78125 0.15625
vt 0.78125 0.15625
vn 0 -1 0
vn 0 -1 0
vn 0 -1 0
vn 0 -1 0
vn 0 -1 0
vn 0 -1 0
vn 0 1 0
vn 0 1 0
vn 0 1 0
vn 0 1 0
vn 0 1 0
vn 0 1 0
vn 0 0 -1
vn 0.7071067811865493 0 -0.7071067811865458
vn 1 0 0
vn 0.7071067811865476 0 0.7071067811865476
vn 0 0 1
vn -0.7071067811865476 0 0.7071067811865476
vn -1 0 0
vn -0.7071067811865493 0 -0.7071067811865458
usemtl m_f48be7cf-bb91-6454-17d7-690044295bf7
f 697/2941/865 698/2942/865 699/2943/865
f 697/2944/866 699/2945/866 700/2946/866
f 697/2947/867 700/2948/867 701/2949/867
f 697/2950/868 701/2951/868 702/2952/868
f 697/2953/869 702/2954/869 703/2955/869
f 697/2956/870 703/2957/870 704/2958/870
f 707/2959/871 706/2960/871 705/2961/871
f 708/2962/872 707/2963/872 705/2964/872
f 709/2965/873 708/2966/873 705/2967/873
f 710/2968/874 709/2969/874 705/2970/874
f 711/2971/875 710/2972/875 705/2973/875
f 712/2974/876 711/2975/876 705/2976/876
f 705/2977/877 706/2978/877 698/2979/877 697/2980/877
f 706/2981/878 707/2982/878 699/2983/878 698/2984/878
f 707/2985/879 708/2986/879 700/2987/879 699/2988/879
f 708/2989/880 709/2990/880 701/2991/880 700/2992/880
f 709/2993/881 710/2994/881 702/2995/881 701/2996/881
f 710/2997/882 711/2998/882 703/2999/882 702/3000/882
f 711/3001/883 712/3002/883 704/3003/883 703/3004/883
f 712/3005/884 705/3006/884 697/3007/884 704/3008/884
o R pivot yoke cheek
v 0.5975 0.7725 0.471875
v 0.5975 0.7725 0.471875
v 0.605625 0.780625 0.471875
v 0.605625 0.814375 0.471875
v 0.5975 0.8225 0.471875
v 0.5975 0.8225 0.471875
v 0.589375 0.814375 0.471875
v 0.589375 0.780625 0.471875
v 0.5975 0.7725 0.528125
v 0.5975 0.7725 0.528125
v 0.605625 0.780625 0.528125
v 0.605625 0.814375 0.528125
v 0.5975 0.8225 0.528125
v 0.5975 0.8225 0.528125
v 0.589375 0.814375 0.528125
v 0.589375 0.780625 0.528125
vt 0.78125 0.15625
vt 0.78125 0.15625
vt 0.78125 0.15625
vt 0.78125 0.15625
vt 0.78125 0.15625
vt 0.78125 0.15625
vt 0.78125 0.15625
vt 0.78125 0.15625
vt 0.78125 0.15625
vt 0.78125 0.15625
vt 0.78125 0.15625
vt 0.78125 0.15625
vt 0.78125 0.15625
vt 0.78125 0.15625
vt 0.78125 0.15625
vt 0.78125 0.15625
vt 0.78125 0.15625
vt 0.78125 0.15625
vt 0.78125 0.15625
vt 0.78125 0.15625
vt 0.78125 0.15625
vt 0.78125 0.15625
vt 0.78125 0.15625
vt 0.78125 0.15625
vt 0.78125 0.15625
vt 0.78125 0.15625
vt 0.78125 0.15625
vt 0.78125 0.15625
vt 0.78125 0.15625
vt 0.78125 0.15625
vt 0.78125 0.15625
vt 0.78125 0.15625
vt 0.78125 0.15625
vt 0.78125 0.15625
vt 0.78125 0.15625
vt 0.78125 0.15625
vt 0.78125 0.15625
vt 0.78125 0.15625
vt 0.78125 0.15625
vt 0.78125 0.15625
vt 0.78125 0.15625
vt 0.78125 0.15625
vt 0.78125 0.15625
vt 0.78125 0.15625
vt 0.78125 0.15625
vt 0.78125 0.15625
vt 0.78125 0.15625
vt 0.78125 0.15625
vt 0.78125 0.15625
vt 0.78125 0.15625
vt 0.78125 0.15625
vt 0.78125 0.15625
vt 0.78125 0.15625
vt 0.78125 0.15625
vt 0.78125 0.15625
vt 0.78125 0.15625
vt 0.78125 0.15625
vt 0.78125 0.15625
vt 0.78125 0.15625
vt 0.78125 0.15625
vt 0.78125 0.15625
vt 0.78125 0.15625
vt 0.78125 0.15625
vt 0.78125 0.15625
vt 0.78125 0.15625
vt 0.78125 0.15625
vt 0.78125 0.15625
vt 0.78125 0.15625
vn 0 0 0
vn 0 0 -1
vn 0 0 -1
vn 0 0 0
vn 0 0 -1
vn 0 0 -1
vn 0 0 0
vn 0 0 1
vn 0 0 1
vn 0 0 0
vn 0 0 1
vn 0 0 1
vn 0 0 0
vn 0.7071067811865523 -0.7071067811865427 0
vn 1 0 0
vn 0.7071067811865523 0.7071067811865427 0
vn 0 0 0
vn -0.7071067811865476 0.7071067811865476 0
vn -1 0 0
vn -0.7071067811865476 -0.7071067811865476 0
usemtl m_f48be7cf-bb91-6454-17d7-690044295bf7
f 713/3009/885 714/3010/885 715/3011/885
f 716/3012/886 715/3013/886 713/3014/886
f 717/3015/887 716/3016/887 713/3017/887
f 713/3018/888 717/3019/888 718/3020/888
f 719/3021/889 718/3022/889 713/3023/889
f 720/3024/890 719/3025/890 713/3026/890
f 721/3027/891 722/3028/891 723/3029/891
f 721/3030/892 723/3031/892 724/3032/892
f 721/3033/893 724/3034/893 725/3035/893
f 721/3036/894 725/3037/894 726/3038/894
f 721/3039/895 726/3040/895 727/3041/895
f 721/3042/896 727/3043/896 728/3044/896
f 713/3045/897 714/3046/897 722/3047/897 721/3048/897
f 714/3049/898 715/3050/898 723/3051/898 722/3052/898
f 715/3053/899 716/3054/899 724/3055/899 723/3056/899
f 716/3057/900 717/3058/900 725/3059/900 724/3060/900
f 717/3061/901 718/3062/901 726/3063/901 725/3064/901
f 718/3065/902 719/3066/902 727/3067/902 726/3068/902
f 719/3069/903 720/3070/903 728/3071/903 727/3072/903
f 720/3073/904 713/3074/904 721/3075/904 728/3076/904
o R pivot yoke cheek
v 0.6825 0.7725 0.471875
v 0.6825 0.7725 0.471875
v 0.690625 0.780625 0.471875
v 0.690625 0.814375 0.471875
v 0.6825 0.8225 0.471875
v 0.6825 0.8225 0.471875
v 0.674375 0.814375 0.471875
v 0.674375 0.780625 0.471875
v 0.6825 0.7725 0.528125
v 0.6825 0.7725 0.528125
v 0.690625 0.780625 0.528125
v 0.690625 0.814375 0.528125
v 0.6825 0.8225 0.528125
v 0.6825 0.8225 0.528125
v 0.674375 0.814375 0.528125
v 0.674375 0.780625 0.528125
vt 0.78125 0.15625
vt 0.78125 0.15625
vt 0.78125 0.15625
vt 0.78125 0.15625
vt 0.78125 0.15625
vt 0.78125 0.15625
vt 0.78125 0.15625
vt 0.78125 0.15625
vt 0.78125 0.15625
vt 0.78125 0.15625
vt 0.78125 0.15625
vt 0.78125 0.15625
vt 0.78125 0.15625
vt 0.78125 0.15625
vt 0.78125 0.15625
vt 0.78125 0.15625
vt 0.78125 0.15625
vt 0.78125 0.15625
vt 0.78125 0.15625
vt 0.78125 0.15625
vt 0.78125 0.15625
vt 0.78125 0.15625
vt 0.78125 0.15625
vt 0.78125 0.15625
vt 0.78125 0.15625
vt 0.78125 0.15625
vt 0.78125 0.15625
vt 0.78125 0.15625
vt 0.78125 0.15625
vt 0.78125 0.15625
vt 0.78125 0.15625
vt 0.78125 0.15625
vt 0.78125 0.15625
vt 0.78125 0.15625
vt 0.78125 0.15625
vt 0.78125 0.15625
vt 0.78125 0.15625
vt 0.78125 0.15625
vt 0.78125 0.15625
vt 0.78125 0.15625
vt 0.78125 0.15625
vt 0.78125 0.15625
vt 0.78125 0.15625
vt 0.78125 0.15625
vt 0.78125 0.15625
vt 0.78125 0.15625
vt 0.78125 0.15625
vt 0.78125 0.15625
vt 0.78125 0.15625
vt 0.78125 0.15625
vt 0.78125 0.15625
vt 0.78125 0.15625
vt 0.78125 0.15625
vt 0.78125 0.15625
vt 0.78125 0.15625
vt 0.78125 0.15625
vt 0.78125 0.15625
vt 0.78125 0.15625
vt 0.78125 0.15625
vt 0.78125 0.15625
vt 0.78125 0.15625
vt 0.78125 0.15625
vt 0.78125 0.15625
vt 0.78125 0.15625
vt 0.78125 0.15625
vt 0.78125 0.15625
vt 0.78125 0.15625
vt 0.78125 0.15625
vn 0 0 0
vn 0 0 -1
vn 0 0 -1
vn 0 0 0
vn 0 0 -1
vn 0 0 -1
vn 0 0 0
vn 0 0 1
vn 0 0 1
vn 0 0 0
vn 0 0 1
vn 0 0 1
vn 0 0 0
vn 0.7071067811865476 -0.7071067811865476 0
vn 1 0 0
vn 0.7071067811865476 0.7071067811865476 0
vn 0 0 0
vn -0.7071067811865476 0.7071067811865476 0
vn -1 0 0
vn -0.7071067811865476 -0.7071067811865476 0
usemtl m_f48be7cf-bb91-6454-17d7-690044295bf7
f 729/3077/905 730/3078/905 731/3079/905
f 732/3080/906 731/3081/906 729/3082/906
f 733/3083/907 732/3084/907 729/3085/907
f 729/3086/908 733/3087/908 734/3088/908
f 735/3089/909 734/3090/909 729/3091/909
f 736/3092/910 735/3093/910 729/3094/910
f 737/3095/911 738/3096/911 739/3097/911
f 737/3098/912 739/3099/912 740/3100/912
f 737/3101/913 740/3102/913 741/3103/913
f 737/3104/914 741/3105/914 742/3106/914
f 737/3107/915 742/3108/915 743/3109/915
f 737/3110/916 743/3111/916 744/3112/916
f 729/3113/917 730/3114/917 738/3115/917 737/3116/917
f 730/3117/918 731/3118/918 739/3119/918 738/3120/918
f 731/3121/919 732/3122/919 740/3123/919 739/3124/919
f 732/3125/920 733/3126/920 741/3127/920 740/3128/920
f 733/3129/921 734/3130/921 742/3131/921 741/3132/921
f 734/3133/922 735/3134/922 743/3135/922 742/3136/922
f 735/3137/923 736/3138/923 744/3139/923 743/3140/923
f 736/3141/924 729/3142/924 737/3143/924 744/3144/924
o L transverse pivot
v 0.3125 0.826875 0.5
v 0.3125 0.823274375 0.5134375
v 0.3125 0.8134375 0.523274375
v 0.3125 0.8 0.526875
v 0.3125 0.7865625 0.523274375
v 0.3125 0.776725625 0.5134375
v 0.3125 0.773125 0.5
v 0.3125 0.776725625 0.4865625
v 0.3125 0.7865625 0.476725625
v 0.3125 0.8 0.473125
v 0.3125 0.8134375 0.476725625
v 0.3125 0.823274375 0.4865625
v 0.4075 0.826875 0.5
v 0.4075 0.823274375 0.5134375
v 0.4075 0.8134375 0.523274375
v 0.4075 0.8 0.526875
v 0.4075 0.7865625 0.523274375
v 0.4075 0.776725625 0.5134375
v 0.4075 0.773125 0.5
v 0.4075 0.776725625 0.4865625
v 0.4075 0.7865625 0.476725625
v 0.4075 0.8 0.473125
v 0.4075 0.8134375 0.476725625
v 0.4075 0.823274375 0.4865625
vt 0.78125 0.15625
vt 0.78125 0.15625
vt 0.78125 0.15625
vt 0.78125 0.15625
vt 0.78125 0.15625
vt 0.78125 0.15625
vt 0.78125 0.15625
vt 0.78125 0.15625
vt 0.78125 0.15625
vt 0.78125 0.15625
vt 0.78125 0.15625
vt 0.78125 0.15625
vt 0.78125 0.15625
vt 0.78125 0.15625
vt 0.78125 0.15625
vt 0.78125 0.15625
vt 0.78125 0.15625
vt 0.78125 0.15625
vt 0.78125 0.15625
vt 0.78125 0.15625
vt 0.78125 0.15625
vt 0.78125 0.15625
vt 0.78125 0.15625
vt 0.78125 0.15625
vt 0.78125 0.15625
vt 0.78125 0.15625
vt 0.78125 0.15625
vt 0.78125 0.15625
vt 0.78125 0.15625
vt 0.78125 0.15625
vt 0.78125 0.15625
vt 0.78125 0.15625
vt 0.78125 0.15625
vt 0.78125 0.15625
vt 0.78125 0.15625
vt 0.78125 0.15625
vt 0.78125 0.15625
vt 0.78125 0.15625
vt 0.78125 0.15625
vt 0.78125 0.15625
vt 0.78125 0.15625
vt 0.78125 0.15625
vt 0.78125 0.15625
vt 0.78125 0.15625
vt 0.78125 0.15625
vt 0.78125 0.15625
vt 0.78125 0.15625
vt 0.78125 0.15625
vt 0.78125 0.15625
vt 0.78125 0.15625
vt 0.78125 0.15625
vt 0.78125 0.15625
vt 0.78125 0.15625
vt 0.78125 0.15625
vt 0.78125 0.15625
vt 0.78125 0.15625
vt 0.78125 0.15625
vt 0.78125 0.15625
vt 0.78125 0.15625
vt 0.78125 0.15625
vt 0.78125 0.15625
vt 0.78125 0.15625
vt 0.78125 0.15625
vt 0.78125 0.15625
vt 0.78125 0.15625
vt 0.78125 0.15625
vt 0.78125 0.15625
vt 0.78125 0.15625
vt 0.78125 0.15625
vt 0.78125 0.15625
vt 0.78125 0.15625
vt 0.78125 0.15625
vt 0.78125 0.15625
vt 0.78125 0.15625
vt 0.78125 0.15625
vt 0.78125 0.15625
vt 0.78125 0.15625
vt 0.78125 0.15625
vt 0.78125 0.15625
vt 0.78125 0.15625
vt 0.78125 0.15625
vt 0.78125 0.15625
vt 0.78125 0.15625
vt 0.78125 0.15625
vt 0.78125 0.15625
vt 0.78125 0.15625
vt 0.78125 0.15625
vt 0.78125 0.15625
vt 0.78125 0.15625
vt 0.78125 0.15625
vt 0.78125 0.15625
vt 0.78125 0.15625
vt 0.78125 0.15625
vt 0.78125 0.15625
vt 0.78125 0.15625
vt 0.78125 0.15625
vt 0.78125 0.15625
vt 0.78125 0.15625
vt 0.78125 0.15625
vt 0.78125 0.15625
vt 0.78125 0.15625
vt 0.78125 0.15625
vt 0.78125 0.15625
vt 0.78125 0.15625
vt 0.78125 0.15625
vt 0.78125 0.15625
vt 0.78125 0.15625
vt 0.78125 0.15625
vn -1 0 0
vn -1 0 0
vn -1 0 0
vn -1 0 0
vn -1 0 0
vn -1 0 0
vn -1 0 0
vn -1 0 0
vn -1 0 0
vn -1 0 0
vn 1 0 0
vn 1 0 0
vn 1 0 0
vn 1 0 0
vn 1 0 0
vn 1 0 0
vn 1 0 0
vn 1 0 0
vn 1 0 0
vn 1 0 0
vn 0 0.9659247888923401 0.25882291668878193
vn 0 0.7071067811865476 0.7071067811865476
vn 0 0.25882291668878193 0.9659247888923401
vn 0 -0.25882291668878193 0.9659247888923401
vn 0 -0.7071067811865436 0.7071067811865515
vn 0 -0.9659247888923401 0.25882291668878193
vn 0 -0.9659247888923401 -0.25882291668878193
vn 0 -0.7071067811865456 -0.7071067811865495
vn 0 -0.2588229166887782 -0.9659247888923411
vn 0 0.2588229166887782 -0.9659247888923411
vn 0 0.7071067811865496 -0.7071067811865455
vn 0 0.9659247888923401 -0.25882291668878193
usemtl m_f48be7cf-bb91-6454-17d7-690044295bf7
f 747/3145/925 746/3146/925 745/3147/925
f 748/3148/926 747/3149/926 745/3150/926
f 749/3151/927 748/3152/927 745/3153/927
f 750/3154/928 749/3155/928 745/3156/928
f 751/3157/929 750/3158/929 745/3159/929
f 752/3160/930 751/3161/930 745/3162/930
f 753/3163/931 752/3164/931 745/3165/931
f 754/3166/932 753/3167/932 745/3168/932
f 755/3169/933 754/3170/933 745/3171/933
f 756/3172/934 755/3173/934 745/3174/934
f 757/3175/935 758/3176/935 759/3177/935
f 757/3178/936 759/3179/936 760/3180/936
f 757/3181/937 760/3182/937 761/3183/937
f 757/3184/938 761/3185/938 762/3186/938
f 757/3187/939 762/3188/939 763/3189/939
f 757/3190/940 763/3191/940 764/3192/940
f 757/3193/941 764/3194/941 765/3195/941
f 757/3196/942 765/3197/942 766/3198/942
f 757/3199/943 766/3200/943 767/3201/943
f 757/3202/944 767/3203/944 768/3204/944
f 745/3205/945 746/3206/945 758/3207/945 757/3208/945
f 746/3209/946 747/3210/946 759/3211/946 758/3212/946
f 747/3213/947 748/3214/947 760/3215/947 759/3216/947
f 748/3217/948 749/3218/948 761/3219/948 760/3220/948
f 749/3221/949 750/3222/949 762/3223/949 761/3224/949
f 750/3225/950 751/3226/950 763/3227/950 762/3228/950
f 751/3229/951 752/3230/951 764/3231/951 763/3232/951
f 752/3233/952 753/3234/952 765/3235/952 764/3236/952
f 753/3237/953 754/3238/953 766/3239/953 765/3240/953
f 754/3241/954 755/3242/954 767/3243/954 766/3244/954
f 755/3245/955 756/3246/955 768/3247/955 767/3248/955
f 756/3249/956 745/3250/956 757/3251/956 768/3252/956
o L pivot end cap
v 0.3071875 0.816875 0.5
v 0.3071875 0.814614375 0.5084375
v 0.3071875 0.8084375 0.514614375
v 0.3071875 0.8 0.516875
v 0.3071875 0.7915625 0.514614375
v 0.3071875 0.785385625 0.5084375
v 0.3071875 0.783125 0.5
v 0.3071875 0.785385625 0.4915625
v 0.3071875 0.7915625 0.485385625
v 0.3071875 0.8 0.483125
v 0.3071875 0.8084375 0.485385625
v 0.3071875 0.814614375 0.4915625
v 0.3128125 0.816875 0.5
v 0.3128125 0.814614375 0.5084375
v 0.3128125 0.8084375 0.514614375
v 0.3128125 0.8 0.516875
v 0.3128125 0.7915625 0.514614375
v 0.3128125 0.785385625 0.5084375
v 0.3128125 0.783125 0.5
v 0.3128125 0.785385625 0.4915625
v 0.3128125 0.7915625 0.485385625
v 0.3128125 0.8 0.483125
v 0.3128125 0.8084375 0.485385625
v 0.3128125 0.814614375 0.4915625
vt 0.65625 0.21875
vt 0.65625 0.21875
vt 0.65625 0.21875
vt 0.65625 0.21875
vt 0.65625 0.21875
vt 0.65625 0.21875
vt 0.65625 0.21875
vt 0.65625 0.21875
vt 0.65625 0.21875
vt 0.65625 0.21875
vt 0.65625 0.21875
vt 0.65625 0.21875
vt 0.65625 0.21875
vt 0.65625 0.21875
vt 0.65625 0.21875
vt 0.65625 0.21875
vt 0.65625 0.21875
vt 0.65625 0.21875
vt 0.65625 0.21875
vt 0.65625 0.21875
vt 0.65625 0.21875
vt 0.65625 0.21875
vt 0.65625 0.21875
vt 0.65625 0.21875
vt 0.65625 0.21875
vt 0.65625 0.21875
vt 0.65625 0.21875
vt 0.65625 0.21875
vt 0.65625 0.21875
vt 0.65625 0.21875
vt 0.65625 0.21875
vt 0.65625 0.21875
vt 0.65625 0.21875
vt 0.65625 0.21875
vt 0.65625 0.21875
vt 0.65625 0.21875
vt 0.65625 0.21875
vt 0.65625 0.21875
vt 0.65625 0.21875
vt 0.65625 0.21875
vt 0.65625 0.21875
vt 0.65625 0.21875
vt 0.65625 0.21875
vt 0.65625 0.21875
vt 0.65625 0.21875
vt 0.65625 0.21875
vt 0.65625 0.21875
vt 0.65625 0.21875
vt 0.65625 0.21875
vt 0.65625 0.21875
vt 0.65625 0.21875
vt 0.65625 0.21875
vt 0.65625 0.21875
vt 0.65625 0.21875
vt 0.65625 0.21875
vt 0.65625 0.21875
vt 0.65625 0.21875
vt 0.65625 0.21875
vt 0.65625 0.21875
vt 0.65625 0.21875
vt 0.71875 0.21875
vt 0.71875 0.21875
vt 0.71875 0.21875
vt 0.71875 0.21875
vt 0.71875 0.21875
vt 0.71875 0.21875
vt 0.71875 0.21875
vt 0.71875 0.21875
vt 0.65625 0.21875
vt 0.65625 0.21875
vt 0.65625 0.21875
vt 0.65625 0.21875
vt 0.65625 0.21875
vt 0.65625 0.21875
vt 0.65625 0.21875
vt 0.65625 0.21875
vt 0.78125 0.21875
vt 0.78125 0.21875
vt 0.78125 0.21875
vt 0.78125 0.21875
vt 0.78125 0.21875
vt 0.78125 0.21875
vt 0.78125 0.21875
vt 0.78125 0.21875
vt 0.78125 0.21875
vt 0.78125 0.21875
vt 0.78125 0.21875
vt 0.78125 0.21875
vt 0.78125 0.21875
vt 0.78125 0.21875
vt 0.78125 0.21875
vt 0.78125 0.21875
vt 0.65625 0.21875
vt 0.65625 0.21875
vt 0.65625 0.21875
vt 0.65625 0.21875
vt 0.65625 0.21875
vt 0.65625 0.21875
vt 0.65625 0.21875
vt 0.65625 0.21875
vt 0.71875 0.21875
vt 0.71875 0.21875
vt 0.71875 0.21875
vt 0.71875 0.21875
vt 0.71875 0.21875
vt 0.71875 0.21875
vt 0.71875 0.21875
vt 0.71875 0.21875
vn -1 0 0
vn -1 0 0
vn -1 0 0
vn -1 0 0
vn -1 0 0
vn -1 0 0
vn -1 0 0
vn -1 0 0
vn -1 0 0
vn -1 0 0
vn 1 0 0
vn 1 0 0
vn 1 0 0
vn 1 0 0
vn 1 0 0
vn 1 0 0
vn 1 0 0
vn 1 0 0
vn 1 0 0
vn 1 0 0
vn 0 0.9659314445237196 0.258798076654987
vn 0 0.7071067811865476 0.7071067811865476
vn 0 0.258798076654987 0.9659314445237196
vn 0 -0.25879807665498383 0.9659314445237205
vn 0 -0.7071067811865476 0.7071067811865476
vn 0 -0.9659314445237196 0.258798076654987
vn 0 -0.9659314445237196 -0.258798076654987
vn 0 -0.7071067811865507 -0.7071067811865444
vn 0 -0.2587980766549779 -0.9659314445237221
vn 0 0.25879807665498106 -0.9659314445237213
vn 0 0.7071067811865507 -0.7071067811865444
vn 0 0.9659314445237196 -0.258798076654987
usemtl m_f48be7cf-bb91-6454-17d7-690044295bf7
f 771/3253/957 770/3254/957 769/3255/957
f 772/3256/958 771/3257/958 769/3258/958
f 773/3259/959 772/3260/959 769/3261/959
f 774/3262/960 773/3263/960 769/3264/960
f 775/3265/961 774/3266/961 769/3267/961
f 776/3268/962 775/3269/962 769/3270/962
f 777/3271/963 776/3272/963 769/3273/963
f 778/3274/964 777/3275/964 769/3276/964
f 779/3277/965 778/3278/965 769/3279/965
f 780/3280/966 779/3281/966 769/3282/966
f 781/3283/967 782/3284/967 783/3285/967
f 781/3286/968 783/3287/968 784/3288/968
f 781/3289/969 784/3290/969 785/3291/969
f 781/3292/970 785/3293/970 786/3294/970
f 781/3295/971 786/3296/971 787/3297/971
f 781/3298/972 787/3299/972 788/3300/972
f 781/3301/973 788/3302/973 789/3303/973
f 781/3304/974 789/3305/974 790/3306/974
f 781/3307/975 790/3308/975 791/3309/975
f 781/3310/976 791/3311/976 792/3312/976
f 769/3313/977 770/3314/977 782/3315/977 781/3316/977
f 770/3317/978 771/3318/978 783/3319/978 782/3320/978
f 771/3321/979 772/3322/979 784/3323/979 783/3324/979
f 772/3325/980 773/3326/980 785/3327/980 784/3328/980
f 773/3329/981 774/3330/981 786/3331/981 785/3332/981
f 774/3333/982 775/3334/982 787/3335/982 786/3336/982
f 775/3337/983 776/3338/983 788/3339/983 787/3340/983
f 776/3341/984 777/3342/984 789/3343/984 788/3344/984
f 777/3345/985 778/3346/985 790/3347/985 789/3348/985
f 778/3349/986 779/3350/986 791/3351/986 790/3352/986
f 779/3353/987 780/3354/987 792/3355/987 791/3356/987
f 780/3357/988 769/3358/988 781/3359/988 792/3360/988
o L pivot end cap
v 0.4071875 0.816875 0.5
v 0.4071875 0.814614375 0.5084375
v 0.4071875 0.8084375 0.514614375
v 0.4071875 0.8 0.516875
v 0.4071875 0.7915625 0.514614375
v 0.4071875 0.785385625 0.5084375
v 0.4071875 0.783125 0.5
v 0.4071875 0.785385625 0.4915625
v 0.4071875 0.7915625 0.485385625
v 0.4071875 0.8 0.483125
v 0.4071875 0.8084375 0.485385625
v 0.4071875 0.814614375 0.4915625
v 0.4128125 0.816875 0.5
v 0.4128125 0.814614375 0.5084375
v 0.4128125 0.8084375 0.514614375
v 0.4128125 0.8 0.516875
v 0.4128125 0.7915625 0.514614375
v 0.4128125 0.785385625 0.5084375
v 0.4128125 0.783125 0.5
v 0.4128125 0.785385625 0.4915625
v 0.4128125 0.7915625 0.485385625
v 0.4128125 0.8 0.483125
v 0.4128125 0.8084375 0.485385625
v 0.4128125 0.814614375 0.4915625
vt 0.65625 0.21875
vt 0.65625 0.21875
vt 0.65625 0.21875
vt 0.65625 0.21875
vt 0.65625 0.21875
vt 0.65625 0.21875
vt 0.65625 0.21875
vt 0.65625 0.21875
vt 0.65625 0.21875
vt 0.65625 0.21875
vt 0.65625 0.21875
vt 0.65625 0.21875
vt 0.65625 0.21875
vt 0.65625 0.21875
vt 0.65625 0.21875
vt 0.65625 0.21875
vt 0.65625 0.21875
vt 0.65625 0.21875
vt 0.65625 0.21875
vt 0.65625 0.21875
vt 0.65625 0.21875
vt 0.65625 0.21875
vt 0.65625 0.21875
vt 0.65625 0.21875
vt 0.65625 0.21875
vt 0.65625 0.21875
vt 0.65625 0.21875
vt 0.65625 0.21875
vt 0.65625 0.21875
vt 0.65625 0.21875
vt 0.65625 0.21875
vt 0.65625 0.21875
vt 0.65625 0.21875
vt 0.65625 0.21875
vt 0.65625 0.21875
vt 0.65625 0.21875
vt 0.65625 0.21875
vt 0.65625 0.21875
vt 0.65625 0.21875
vt 0.65625 0.21875
vt 0.65625 0.21875
vt 0.65625 0.21875
vt 0.65625 0.21875
vt 0.65625 0.21875
vt 0.65625 0.21875
vt 0.65625 0.21875
vt 0.65625 0.21875
vt 0.65625 0.21875
vt 0.65625 0.21875
vt 0.65625 0.21875
vt 0.65625 0.21875
vt 0.65625 0.21875
vt 0.65625 0.21875
vt 0.65625 0.21875
vt 0.65625 0.21875
vt 0.65625 0.21875
vt 0.65625 0.21875
vt 0.65625 0.21875
vt 0.65625 0.21875
vt 0.65625 0.21875
vt 0.71875 0.21875
vt 0.71875 0.21875
vt 0.71875 0.21875
vt 0.71875 0.21875
vt 0.71875 0.21875
vt 0.71875 0.21875
vt 0.71875 0.21875
vt 0.71875 0.21875
vt 0.65625 0.21875
vt 0.65625 0.21875
vt 0.65625 0.21875
vt 0.65625 0.21875
vt 0.65625 0.21875
vt 0.65625 0.21875
vt 0.65625 0.21875
vt 0.65625 0.21875
vt 0.78125 0.21875
vt 0.78125 0.21875
vt 0.78125 0.21875
vt 0.78125 0.21875
vt 0.78125 0.21875
vt 0.78125 0.21875
vt 0.78125 0.21875
vt 0.78125 0.21875
vt 0.78125 0.21875
vt 0.78125 0.21875
vt 0.78125 0.21875
vt 0.78125 0.21875
vt 0.78125 0.21875
vt 0.78125 0.21875
vt 0.78125 0.21875
vt 0.78125 0.21875
vt 0.65625 0.21875
vt 0.65625 0.21875
vt 0.65625 0.21875
vt 0.65625 0.21875
vt 0.65625 0.21875
vt 0.65625 0.21875
vt 0.65625 0.21875
vt 0.65625 0.21875
vt 0.71875 0.21875
vt 0.71875 0.21875
vt 0.71875 0.21875
vt 0.71875 0.21875
vt 0.71875 0.21875
vt 0.71875 0.21875
vt 0.71875 0.21875
vt 0.71875 0.21875
vn -1 0 0
vn -1 0 0
vn -1 0 0
vn -1 0 0
vn -1 0 0
vn -1 0 0
vn -1 0 0
vn -1 0 0
vn -1 0 0
vn -1 0 0
vn 1 0 0
vn 1 0 0
vn 1 0 0
vn 1 0 0
vn 1 0 0
vn 1 0 0
vn 1 0 0
vn 1 0 0
vn 1 0 0
vn 1 0 0
vn 0 0.9659314445237195 0.258798076654987
vn 0 0.7071067811865476 0.7071067811865476
vn 0 0.258798076654987 0.9659314445237195
vn 0 -0.2587980766549838 0.9659314445237204
vn 0 -0.7071067811865476 0.7071067811865476
vn 0 -0.9659314445237195 0.258798076654987
vn 0 -0.9659314445237195 -0.258798076654987
vn 0 -0.7071067811865507 -0.7071067811865444
vn 0 -0.2587980766549779 -0.9659314445237221
vn 0 0.25879807665498106 -0.9659314445237211
vn 0 0.7071067811865507 -0.7071067811865444
vn 0 0.9659314445237195 -0.258798076654987
usemtl m_f48be7cf-bb91-6454-17d7-690044295bf7
f 795/3361/989 794/3362/989 793/3363/989
f 796/3364/990 795/3365/990 793/3366/990
f 797/3367/991 796/3368/991 793/3369/991
f 798/3370/992 797/3371/992 793/3372/992
f 799/3373/993 798/3374/993 793/3375/993
f 800/3376/994 799/3377/994 793/3378/994
f 801/3379/995 800/3380/995 793/3381/995
f 802/3382/996 801/3383/996 793/3384/996
f 803/3385/997 802/3386/997 793/3387/997
f 804/3388/998 803/3389/998 793/3390/998
f 805/3391/999 806/3392/999 807/3393/999
f 805/3394/1000 807/3395/1000 808/3396/1000
f 805/3397/1001 808/3398/1001 809/3399/1001
f 805/3400/1002 809/3401/1002 810/3402/1002
f 805/3403/1003 810/3404/1003 811/3405/1003
f 805/3406/1004 811/3407/1004 812/3408/1004
f 805/3409/1005 812/3410/1005 813/3411/1005
f 805/3412/1006 813/3413/1006 814/3414/1006
f 805/3415/1007 814/3416/1007 815/3417/1007
f 805/3418/1008 815/3419/1008 816/3420/1008
f 793/3421/1009 794/3422/1009 806/3423/1009 805/3424/1009
f 794/3425/1010 795/3426/1010 807/3427/1010 806/3428/1010
f 795/3429/1011 796/3430/1011 808/3431/1011 807/3432/1011
f 796/3433/1012 797/3434/1012 809/3435/1012 808/3436/1012
f 797/3437/1013 798/3438/1013 810/3439/1013 809/3440/1013
f 798/3441/1014 799/3442/1014 811/3443/1014 810/3444/1014
f 799/3445/1015 800/3446/1015 812/3447/1015 811/3448/1015
f 800/3449/1016 801/3450/1016 813/3451/1016 812/3452/1016
f 801/3453/1017 802/3454/1017 814/3455/1017 813/3456/1017
f 802/3457/1018 803/3458/1018 815/3459/1018 814/3460/1018
f 803/3461/1019 804/3462/1019 816/3463/1019 815/3464/1019
f 804/3465/1020 793/3466/1020 805/3467/1020 816/3468/1020
o L optical head body
v 0.340625 0.73125 0.464375
v 0.379375 0.73125 0.464375
v 0.394375 0.73125 0.479375
v 0.394375 0.73125 0.520625
v 0.379375 0.73125 0.535625
v 0.340625 0.73125 0.535625
v 0.325625 0.73125 0.520625
v 0.325625 0.73125 0.479375
v 0.340625 0.79875 0.464375
v 0.379375 0.79875 0.464375
v 0.394375 0.79875 0.479375
v 0.394375 0.79875 0.520625
v 0.379375 0.79875 0.535625
v 0.340625 0.79875 0.535625
v 0.325625 0.79875 0.520625
v 0.325625 0.79875 0.479375
vt 0.78125 0.21875
vt 0.78125 0.21875
vt 0.78125 0.21875
vt 0.78125 0.21875
vt 0.78125 0.21875
vt 0.78125 0.21875
vt 0.78125 0.21875
vt 0.78125 0.21875
vt 0.78125 0.21875
vt 0.78125 0.21875
vt 0.78125 0.21875
vt 0.78125 0.21875
vt 0.78125 0.21875
vt 0.78125 0.21875
vt 0.78125 0.21875
vt 0.78125 0.21875
vt 0.78125 0.21875
vt 0.78125 0.21875
vt 0.71875 0.21875
vt 0.71875 0.21875
vt 0.71875 0.21875
vt 0.71875 0.21875
vt 0.71875 0.21875
vt 0.71875 0.21875
vt 0.71875 0.21875
vt 0.71875 0.21875
vt 0.71875 0.21875
vt 0.71875 0.21875
vt 0.71875 0.21875
vt 0.71875 0.21875
vt 0.71875 0.21875
vt 0.71875 0.21875
vt 0.71875 0.21875
vt 0.71875 0.21875
vt 0.71875 0.21875
vt 0.71875 0.21875
vt 0.65625 0.21875
vt 0.65625 0.21875
vt 0.65625 0.21875
vt 0.65625 0.21875
vt 0.65625 0.21875
vt 0.65625 0.21875
vt 0.65625 0.21875
vt 0.65625 0.21875
vt 0.65625 0.21875
vt 0.65625 0.21875
vt 0.65625 0.21875
vt 0.65625 0.21875
vt 0.65625 0.21875
vt 0.65625 0.21875
vt 0.65625 0.21875
vt 0.65625 0.21875
vt 0.65625 0.21875
vt 0.65625 0.21875
vt 0.65625 0.21875
vt 0.65625 0.21875
vt 0.65625 0.21875
vt 0.65625 0.21875
vt 0.65625 0.21875
vt 0.65625 0.21875
vt 0.65625 0.21875
vt 0.65625 0.21875
vt 0.65625 0.21875
vt 0.65625 0.21875
vt 0.65625 0.21875
vt 0.65625 0.21875
vt 0.65625 0.21875
vt 0.65625 0.21875
vn 0 -1 0
vn 0 -1 0
vn 0 -1 0
vn 0 -1 0
vn 0 -1 0
vn 0 -1 0
vn 0 1 0
vn 0 1 0
vn 0 1 0
vn 0 1 0
vn 0 1 0
vn 0 1 0
vn 0 0 -1
vn 0.7071067811865489 0 -0.7071067811865461
vn 1 0 0
vn 0.7071067811865489 0 0.7071067811865461
vn 0 0 1
vn -0.7071067811865476 0 0.7071067811865476
vn -1 0 0
vn -0.7071067811865476 0 -0.7071067811865476
usemtl m_f48be7cf-bb91-6454-17d7-690044295bf7
f 817/3469/1021 818/3470/1021 819/3471/1021
f 817/3472/1022 819/3473/1022 820/3474/1022
f 817/3475/1023 820/3476/1023 821/3477/1023
f 817/3478/1024 821/3479/1024 822/3480/1024
f 817/3481/1025 822/3482/1025 823/3483/1025
f 817/3484/1026 823/3485/1026 824/3486/1026
f 827/3487/1027 826/3488/1027 825/3489/1027
f 828/3490/1028 827/3491/1028 825/3492/1028
f 829/3493/1029 828/3494/1029 825/3495/1029
f 830/3496/1030 829/3497/1030 825/3498/1030
f 831/3499/1031 830/3500/1031 825/3501/1031
f 832/3502/1032 831/3503/1032 825/3504/1032
f 825/3505/1033 826/3506/1033 818/3507/1033 817/3508/1033
f 826/3509/1034 827/3510/1034 819/3511/1034 818/3512/1034
f 827/3513/1035 828/3514/1035 820/3515/1035 819/3516/1035
f 828/3517/1036 829/3518/1036 821/3519/1036 820/3520/1036
f 829/3521/1037 830/3522/1037 822/3523/1037 821/3524/1037
f 830/3525/1038 831/3526/1038 823/3527/1038 822/3528/1038
f 831/3529/1039 832/3530/1039 824/3531/1039 823/3532/1039
f 832/3533/1040 825/3534/1040 817/3535/1040 824/3536/1040
o L optical head inset collar
v 0.343125 0.711875 0.471875
v 0.376875 0.711875 0.471875
v 0.3875 0.711875 0.4825
v 0.3875 0.711875 0.5175
v 0.376875 0.711875 0.528125
v 0.343125 0.711875 0.528125
v 0.3325 0.711875 0.5175
v 0.3325 0.711875 0.4825
v 0.343125 0.735 0.471875
v 0.376875 0.735 0.471875
v 0.3875 0.735 0.4825
v 0.3875 0.735 0.5175
v 0.376875 0.735 0.528125
v 0.343125 0.735 0.528125
v 0.3325 0.735 0.5175
v 0.3325 0.735 0.4825
vt 0.96875 0.21875
vt 0.96875 0.21875
vt 0.96875 0.21875
vt 0.96875 0.21875
vt 0.96875 0.21875
vt 0.96875 0.21875
vt 0.96875 0.21875
vt 0.96875 0.21875
vt 0.96875 0.21875
vt 0.96875 0.21875
vt 0.96875 0.21875
vt 0.96875 0.21875
vt 0.96875 0.21875
vt 0.96875 0.21875
vt 0.96875 0.21875
vt 0.96875 0.21875
vt 0.96875 0.21875
vt 0.96875 0.21875
vt 0.96875 0.21875
vt 0.96875 0.21875
vt 0.96875 0.21875
vt 0.96875 0.21875
vt 0.96875 0.21875
vt 0.96875 0.21875
vt 0.96875 0.21875
vt 0.96875 0.21875
vt 0.96875 0.21875
vt 0.96875 0.21875
vt 0.96875 0.21875
vt 0.96875 0.21875
vt 0.96875 0.21875
vt 0.96875 0.21875
vt 0.96875 0.21875
vt 0.96875 0.21875
vt 0.96875 0.21875
vt 0.96875 0.21875
vt 0.96875 0.21875
vt 0.96875 0.21875
vt 0.96875 0.21875
vt 0.96875 0.21875
vt 0.96875 0.21875
vt 0.96875 0.21875
vt 0.96875 0.21875
vt 0.96875 0.21875
vt 0.96875 0.21875
vt 0.96875 0.21875
vt 0.96875 0.21875
vt 0.96875 0.21875
vt 0.96875 0.21875
vt 0.96875 0.21875
vt 0.96875 0.21875
vt 0.96875 0.21875
vt 0.96875 0.21875
vt 0.96875 0.21875
vt 0.96875 0.21875
vt 0.96875 0.21875
vt 0.96875 0.21875
vt 0.96875 0.21875
vt 0.96875 0.21875
vt 0.96875 0.21875
vt 0.96875 0.21875
vt 0.96875 0.21875
vt 0.96875 0.21875
vt 0.96875 0.21875
vt 0.96875 0.21875
vt 0.96875 0.21875
vt 0.96875 0.21875
vt 0.96875 0.21875
vn 0 -1 0
vn 0 -1 0
vn 0 -1 0
vn 0 -1 0
vn 0 -1 0
vn 0 -1 0
vn 0 1 0
vn 0 1 0
vn 0 1 0
vn 0 1 0
vn 0 1 0
vn 0 1 0
vn 0 0 -1
vn 0.7071067811865476 0 -0.7071067811865476
vn 1 0 0
vn 0.7071067811865476 0 0.7071067811865476
vn 0 0 1
vn -0.7071067811865476 0 0.7071067811865476
vn -1 0 0
vn -0.7071067811865476 0 -0.7071067811865476
usemtl m_f48be7cf-bb91-6454-17d7-690044295bf7
f 833/3537/1041 834/3538/1041 835/3539/1041
f 833/3540/1042 835/3541/1042 836/3542/1042
f 833/3543/1043 836/3544/1043 837/3545/1043
f 833/3546/1044 837/3547/1044 838/3548/1044
f 833/3549/1045 838/3550/1045 839/3551/1045
f 833/3552/1046 839/3553/1046 840/3554/1046
f 843/3555/1047 842/3556/1047 841/3557/1047
f 844/3558/1048 843/3559/1048 841/3560/1048
f 845/3561/1049 844/3562/1049 841/3563/1049
f 846/3564/1050 845/3565/1050 841/3566/1050
f 847/3567/1051 846/3568/1051 841/3569/1051
f 848/3570/1052 847/3571/1052 841/3572/1052
f 841/3573/1053 842/3574/1053 834/3575/1053 833/3576/1053
f 842/3577/1054 843/3578/1054 835/3579/1054 834/3580/1054
f 843/3581/1055 844/3582/1055 836/3583/1055 835/3584/1055
f 844/3585/1056 845/3586/1056 837/3587/1056 836/3588/1056
f 845/3589/1057 846/3590/1057 838/3591/1057 837/3592/1057
f 846/3593/1058 847/3594/1058 839/3595/1058 838/3596/1058
f 847/3597/1059 848/3598/1059 840/3599/1059 839/3600/1059
f 848/3601/1060 841/3602/1060 833/3603/1060 840/3604/1060
o L hollow emitter bezel
v 0.386875 0.68 0.5
v 0.383274375 0.68 0.5134375
v 0.3734375 0.68 0.523274375
v 0.36 0.68 0.526875
v 0.3465625 0.68 0.523274375
v 0.336725625 0.68 0.5134375
v 0.333125 0.68 0.5
v 0.336725625 0.68 0.4865625
v 0.3465625 0.68 0.476725625
v 0.36 0.68 0.473125
v 0.3734375 0.68 0.476725625
v 0.383274375 0.68 0.4865625
v 0.386875 0.7125 0.5
v 0.383274375 0.7125 0.5134375
v 0.3734375 0.7125 0.523274375
v 0.36 0.7125 0.526875
v 0.3465625 0.7125 0.523274375
v 0.336725625 0.7125 0.5134375
v 0.333125 0.7125 0.5
v 0.336725625 0.7125 0.4865625
v 0.3465625 0.7125 0.476725625
v 0.36 0.7125 0.473125
v 0.3734375 0.7125 0.476725625
v 0.383274375 0.7125 0.4865625
v 0.378125 0.68 0.5
v 0.375696875 0.68 0.5090625
v 0.3690625 0.68 0.515696875
v 0.36 0.68 0.518125
v 0.3509375 0.68 0.515696875
v 0.344303125 0.68 0.5090625
v 0.341875 0.68 0.5
v 0.344303125 0.68 0.4909375
v 0.3509375 0.68 0.484303125
v 0.36 0.68 0.481875
v 0.3690625 0.68 0.484303125
v 0.375696875 0.68 0.4909375
v 0.378125 0.7125 0.5
v 0.375696875 0.7125 0.5090625
v 0.3690625 0.7125 0.515696875
v 0.36 0.7125 0.518125
v 0.3509375 0.7125 0.515696875
v 0.344303125 0.7125 0.5090625
v 0.341875 0.7125 0.5
v 0.344303125 0.7125 0.4909375
v 0.3509375 0.7125 0.484303125
v 0.36 0.7125 0.481875
v 0.3690625 0.7125 0.484303125
v 0.375696875 0.7125 0.4909375
vt 0.65625 0.15625
vt 0.65625 0.15625
vt 0.65625 0.15625
vt 0.65625 0.15625
vt 0.96875 0.21875
vt 0.96875 0.21875
vt 0.96875 0.21875
vt 0.96875 0.21875
vt 0.71875 0.15625
vt 0.71875 0.15625
vt 0.71875 0.15625
vt 0.71875 0.15625
vt 0.71875 0.15625
vt 0.71875 0.15625
vt 0.71875 0.15625
vt 0.71875 0.15625
vt 0.65625 0.15625
vt 0.65625 0.15625
vt 0.65625 0.15625
vt 0.65625 0.15625
vt 0.96875 0.21875
vt 0.96875 0.21875
vt 0.96875 0.21875
vt 0.96875 0.21875
vt 0.71875 0.15625
vt 0.71875 0.15625
vt 0.71875 0.15625
vt 0.71875 0.15625
vt 0.71875 0.15625
vt 0.71875 0.15625
vt 0.71875 0.15625
vt 0.71875 0.15625
vt 0.65625 0.15625
vt 0.65625 0.15625
vt 0.65625 0.15625
vt 0.65625 0.15625
vt 0.96875 0.21875
vt 0.96875 0.21875
vt 0.96875 0.21875
vt 0.96875 0.21875
vt 0.71875 0.15625
vt 0.71875 0.15625
vt 0.71875 0.15625
vt 0.71875 0.15625
vt 0.71875 0.15625
vt 0.71875 0.15625
vt 0.71875 0.15625
vt 0.71875 0.15625
vt 0.65625 0.15625
vt 0.65625 0.15625
vt 0.65625 0.15625
vt 0.65625 0.15625
vt 0.96875 0.21875
vt 0.96875 0.21875
vt 0.96875 0.21875
vt 0.96875 0.21875
vt 0.71875 0.15625
vt 0.71875 0.15625
vt 0.71875 0.15625
vt 0.71875 0.15625
vt 0.71875 0.15625
vt 0.71875 0.15625
vt 0.71875 0.15625
vt 0.71875 0.15625
vt 0.65625 0.15625
vt 0.65625 0.15625
vt 0.65625 0.15625
vt 0.65625 0.15625
vt 0.96875 0.21875
vt 0.96875 0.21875
vt 0.96875 0.21875
vt 0.96875 0.21875
vt 0.71875 0.15625
vt 0.71875 0.15625
vt 0.71875 0.15625
vt 0.71875 0.15625
vt 0.71875 0.15625
vt 0.71875 0.15625
vt 0.71875 0.15625
vt 0.71875 0.15625
vt 0.65625 0.15625
vt 0.65625 0.15625
vt 0.65625 0.15625
vt 0.65625 0.15625
vt 0.96875 0.21875
vt 0.96875 0.21875
vt 0.96875 0.21875
vt 0.96875 0.21875
vt 0.71875 0.15625
vt 0.71875 0.15625
vt 0.71875 0.15625
vt 0.71875 0.15625
vt 0.71875 0.15625
vt 0.71875 0.15625
vt 0.71875 0.15625
vt 0.71875 0.15625
vt 0.65625 0.15625
vt 0.65625 0.15625
vt 0.65625 0.15625
vt 0.65625 0.15625
vt 0.96875 0.21875
vt 0.96875 0.21875
vt 0.96875 0.21875
vt 0.96875 0.21875
vt 0.71875 0.15625
vt 0.71875 0.15625
vt 0.71875 0.15625
vt 0.71875 0.15625
vt 0.71875 0.15625
vt 0.71875 0.15625
vt 0.71875 0.15625
vt 0.71875 0.15625
vt 0.65625 0.15625
vt 0.65625 0.15625
vt 0.65625 0.15625
vt 0.65625 0.15625
vt 0.96875 0.21875
vt 0.96875 0.21875
vt 0.96875 0.21875
vt 0.96875 0.21875
vt 0.71875 0.15625
vt 0.71875 0.15625
vt 0.71875 0.15625
vt 0.71875 0.15625
vt 0.71875 0.15625
vt 0.71875 0.15625
vt 0.71875 0.15625
vt 0.71875 0.15625
vt 0.65625 0.15625
vt 0.65625 0.15625
vt 0.65625 0.15625
vt 0.65625 0.15625
vt 0.96875 0.21875
vt 0.96875 0.21875
vt 0.96875 0.21875
vt 0.96875 0.21875
vt 0.71875 0.15625
vt 0.71875 0.15625
vt 0.71875 0.15625
vt 0.71875 0.15625
vt 0.71875 0.15625
vt 0.71875 0.15625
vt 0.71875 0.15625
vt 0.71875 0.15625
vt 0.65625 0.15625
vt 0.65625 0.15625
vt 0.65625 0.15625
vt 0.65625 0.15625
vt 0.96875 0.21875
vt 0.96875 0.21875
vt 0.96875 0.21875
vt 0.96875 0.21875
vt 0.71875 0.15625
vt 0.71875 0.15625
vt 0.71875 0.15625
vt 0.71875 0.15625
vt 0.71875 0.15625
vt 0.71875 0.15625
vt 0.71875 0.15625
vt 0.71875 0.15625
vt 0.65625 0.15625
vt 0.65625 0.15625
vt 0.65625 0.15625
vt 0.65625 0.15625
vt 0.96875 0.21875
vt 0.96875 0.21875
vt 0.96875 0.21875
vt 0.96875 0.21875
vt 0.71875 0.15625
vt 0.71875 0.15625
vt 0.71875 0.15625
vt 0.71875 0.15625
vt 0.71875 0.15625
vt 0.71875 0.15625
vt 0.71875 0.15625
vt 0.71875 0.15625
vt 0.65625 0.15625
vt 0.65625 0.15625
vt 0.65625 0.15625
vt 0.65625 0.15625
vt 0.96875 0.21875
vt 0.96875 0.21875
vt 0.96875 0.21875
vt 0.96875 0.21875
vt 0.71875 0.15625
vt 0.71875 0.15625
vt 0.71875 0.15625
vt 0.71875 0.15625
vt 0.71875 0.15625
vt 0.71875 0.15625
vt 0.71875 0.15625
vt 0.71875 0.15625
vn 0.9659247888923401 0 0.25882291668878193
vn -0.9659302109781714 0 -0.25880268066553186
vn 0 -1 0
vn 0 1 0
vn 0.7071067811865456 0 0.7071067811865496
vn -0.7071067811865535 0 -0.7071067811865417
vn 0 -1 0
vn 0 1 0
vn 0.25882291668878193 0 0.9659247888923401
vn -0.25880268066551937 0 -0.9659302109781749
vn 0 -1 0
vn 0 1 0
vn -0.25882291668878193 0 0.9659247888923401
vn 0.2588026806655208 0 -0.9659302109781744
vn 0 -1 0
vn 0 1 0
vn -0.7071067811865456 0 0.7071067811865496
vn 0.7071067811865505 0 -0.7071067811865446
vn 0 -1 0
vn 0 1 0
vn -0.9659247888923412 0 0.25882291668877827
vn 0.9659302109781714 0 -0.25880268066553186
vn 0 -1 0
vn 0 1 0
vn -0.9659247888923412 0 -0.25882291668877827
vn 0.9659302109781714 0 0.25880268066553186
vn 0 -1 0
vn 0 1 0
vn -0.7071067811865476 0 -0.7071067811865476
vn 0.7071067811865476 0 0.7071067811865476
vn 0 -1 0
vn 0 1 0
vn -0.25882291668877827 0 -0.9659247888923412
vn 0.25880268066553186 0 0.9659302109781714
vn 0 -1 0
vn 0 1 0
vn 0.25882291668877827 0 -0.9659247888923412
vn -0.2588026806655304 0 0.9659302109781718
vn 0 -1 0
vn 0 1 0
vn 0.7071067811865476 0 -0.7071067811865476
vn -0.7071067811865506 0 0.7071067811865446
vn 0 -1 0
vn 0 1 0
vn 0.9659247888923401 0 -0.25882291668878193
vn -0.9659302109781714 0 0.25880268066553186
vn 0 -1 0
vn 0 1 0
usemtl m_f48be7cf-bb91-6454-17d7-690044295bf7
f 849/3605/1061 861/3606/1061 862/3607/1061 850/3608/1061
f 873/3609/1062 874/3610/1062 886/3611/1062 885/3612/1062
f 849/3613/1063 850/3614/1063 874/3615/1063 873/3616/1063
f 861/3617/1064 885/3618/1064 886/3619/1064 862/3620/1064
f 850/3621/1065 862/3622/1065 863/3623/1065 851/3624/1065
f 874/3625/1066 875/3626/1066 887/3627/1066 886/3628/1066
f 850/3629/1067 851/3630/1067 875/3631/1067 874/3632/1067
f 862/3633/1068 886/3634/1068 887/3635/1068 863/3636/1068
f 851/3637/1069 863/3638/1069 864/3639/1069 852/3640/1069
f 875/3641/1070 876/3642/1070 888/3643/1070 887/3644/1070
f 851/3645/1071 852/3646/1071 876/3647/1071 875/3648/1071
f 863/3649/1072 887/3650/1072 888/3651/1072 864/3652/1072
f 852/3653/1073 864/3654/1073 865/3655/1073 853/3656/1073
f 876/3657/1074 877/3658/1074 889/3659/1074 888/3660/1074
f 852/3661/1075 853/3662/1075 877/3663/1075 876/3664/1075
f 864/3665/1076 888/3666/1076 889/3667/1076 865/3668/1076
f 853/3669/1077 865/3670/1077 866/3671/1077 854/3672/1077
f 877/3673/1078 878/3674/1078 890/3675/1078 889/3676/1078
f 853/3677/1079 854/3678/1079 878/3679/1079 877/3680/1079
f 865/3681/1080 889/3682/1080 890/3683/1080 866/3684/1080
f 854/3685/1081 866/3686/1081 867/3687/1081 855/3688/1081
f 878/3689/1082 879/3690/1082 891/3691/1082 890/3692/1082
f 854/3693/1083 855/3694/1083 879/3695/1083 878/3696/1083
f 866/3697/1084 890/3698/1084 891/3699/1084 867/3700/1084
f 855/3701/1085 867/3702/1085 868/3703/1085 856/3704/1085
f 879/3705/1086 880/3706/1086 892/3707/1086 891/3708/1086
f 855/3709/1087 856/3710/1087 880/3711/1087 879/3712/1087
f 867/3713/1088 891/3714/1088 892/3715/1088 868/3716/1088
f 856/3717/1089 868/3718/1089 869/3719/1089 857/3720/1089
f 880/3721/1090 881/3722/1090 893/3723/1090 892/3724/1090
f 856/3725/1091 857/3726/1091 881/3727/1091 880/3728/1091
f 868/3729/1092 892/3730/1092 893/3731/1092 869/3732/1092
f 857/3733/1093 869/3734/1093 870/3735/1093 858/3736/1093
f 881/3737/1094 882/3738/1094 894/3739/1094 893/3740/1094
f 857/3741/1095 858/3742/1095 882/3743/1095 881/3744/1095
f 869/3745/1096 893/3746/1096 894/3747/1096 870/3748/1096
f 858/3749/1097 870/3750/1097 871/3751/1097 859/3752/1097
f 882/3753/1098 883/3754/1098 895/3755/1098 894/3756/1098
f 858/3757/1099 859/3758/1099 883/3759/1099 882/3760/1099
f 870/3761/1100 894/3762/1100 895/3763/1100 871/3764/1100
f 859/3765/1101 871/3766/1101 872/3767/1101 860/3768/1101
f 883/3769/1102 884/3770/1102 896/3771/1102 895/3772/1102
f 859/3773/1103 860/3774/1103 884/3775/1103 883/3776/1103
f 871/3777/1104 895/3778/1104 896/3779/1104 872/3780/1104
f 860/3781/1105 872/3782/1105 861/3783/1105 849/3784/1105
f 884/3785/1106 873/3786/1106 885/3787/1106 896/3788/1106
f 860/3789/1107 849/3790/1107 873/3791/1107 884/3792/1107
f 872/3793/1108 896/3794/1108 885/3795/1108 861/3796/1108
o L recessed optical lens
v 0.3775 0.695625 0.5
v 0.375155625 0.695625 0.50875
v 0.36875 0.695625 0.515155625
v 0.36 0.695625 0.5175
v 0.35125 0.695625 0.515155625
v 0.344844375 0.695625 0.50875
v 0.3425 0.695625 0.5
v 0.344844375 0.695625 0.49125
v 0.35125 0.695625 0.484844375
v 0.36 0.695625 0.4825
v 0.36875 0.695625 0.484844375
v 0.375155625 0.695625 0.49125
v 0.3775 0.699375 0.5
v 0.375155625 0.699375 0.50875
v 0.36875 0.699375 0.515155625
v 0.36 0.699375 0.5175
v 0.35125 0.699375 0.515155625
v 0.344844375 0.699375 0.50875
v 0.3425 0.699375 0.5
v 0.344844375 0.699375 0.49125
v 0.35125 0.699375 0.484844375
v 0.36 0.699375 0.4825
v 0.36875 0.699375 0.484844375
v 0.375155625 0.699375 0.49125
vt 0.0078125 0.7500000000000004
vt 0.04025697544642874 0.871093750000001
vt 0.12890624999999978 0.9597430245535721
vt 0.0078125 0.7500000000000004
vt 0.12890624999999978 0.9597430245535721
vt 0.2500000000000004 0.9921875
vt 0.0078125 0.7500000000000004
vt 0.2500000000000004 0.9921875
vt 0.3710937500000002 0.9597430245535721
vt 0.0078125 0.7500000000000004
vt 0.3710937500000002 0.9597430245535721
vt 0.4597430245535721 0.871093750000001
vt 0.0078125 0.7500000000000004
vt 0.4597430245535721 0.871093750000001
vt 0.4921875 0.7500000000000004
vt 0.0078125 0.7500000000000004
vt 0.4921875 0.7500000000000004
vt 0.4597430245535721 0.6289062500000006
vt 0.0078125 0.7500000000000004
vt 0.4597430245535721 0.6289062500000006
vt 0.3710937500000002 0.5402569754464288
vt 0.0078125 0.7500000000000004
vt 0.3710937500000002 0.5402569754464288
vt 0.2500000000000004 0.5078125
vt 0.0078125 0.7500000000000004
vt 0.2500000000000004 0.5078125
vt 0.12890624999999978 0.5402569754464288
vt 0.0078125 0.7500000000000004
vt 0.12890624999999978 0.5402569754464288
vt 0.04025697544642874 0.6289062500000006
vt 0.12890624999999978 0.9597430245535721
vt 0.04025697544642874 0.871093750000001
vt 0.0078125 0.7500000000000004
vt 0.2500000000000004 0.9921875
vt 0.12890624999999978 0.9597430245535721
vt 0.0078125 0.7500000000000004
vt 0.3710937500000002 0.9597430245535721
vt 0.2500000000000004 0.9921875
vt 0.0078125 0.7500000000000004
vt 0.4597430245535721 0.871093750000001
vt 0.3710937500000002 0.9597430245535721
vt 0.0078125 0.7500000000000004
vt 0.4921875 0.7500000000000004
vt 0.4597430245535721 0.871093750000001
vt 0.0078125 0.7500000000000004
vt 0.4597430245535721 0.6289062500000006
vt 0.4921875 0.7500000000000004
vt 0.0078125 0.7500000000000004
vt 0.3710937500000002 0.5402569754464288
vt 0.4597430245535721 0.6289062500000006
vt 0.0078125 0.7500000000000004
vt 0.2500000000000004 0.5078125
vt 0.3710937500000002 0.5402569754464288
vt 0.0078125 0.7500000000000004
vt 0.12890624999999978 0.5402569754464288
vt 0.2500000000000004 0.5078125
vt 0.0078125 0.7500000000000004
vt 0.04025697544642874 0.6289062500000006
vt 0.12890624999999978 0.5402569754464288
vt 0.0078125 0.7500000000000004
vt 0.2499999999999996 0.9921875
vt 0.12890624999999903 0.9921875
vt 0.12890624999999903 0.5078125
vt 0.2499999999999996 0.5078125
vt 0.12890624999999903 0.9921875
vt 0.04025697544642794 0.9921875
vt 0.04025697544642794 0.5078125
vt 0.12890624999999903 0.5078125
vt 0.3710937500000002 0.9921875
vt 0.2499999999999996 0.9921875
vt 0.2499999999999996 0.5078125
vt 0.3710937500000002 0.5078125
vt 0.2499999999999996 0.9921875
vt 0.1289062499999998 0.9921875
vt 0.1289062499999998 0.5078125
vt 0.2499999999999996 0.5078125
vt 0.1289062499999998 0.9921875
vt 0.04025697544642796 0.9921875
vt 0.04025697544642796 0.5078125
vt 0.1289062499999998 0.5078125
vt 0.37109375000000094 0.9921875
vt 0.2500000000000004 0.9921875
vt 0.2500000000000004 0.5078125
vt 0.37109375000000094 0.5078125
vt 0.2500000000000004 0.9921875
vt 0.12890625000000056 0.9921875
vt 0.12890625000000056 0.5078125
vt 0.2500000000000004 0.5078125
vt 0.12890625000000056 0.9921875
vt 0.04025697544642873 0.9921875
vt 0.04025697544642873 0.5078125
vt 0.12890625000000056 0.5078125
vt 0.3710937500000002 0.9921875
vt 0.2500000000000004 0.9921875
vt 0.2500000000000004 0.5078125
vt 0.3710937500000002 0.5078125
vt 0.2500000000000004 0.9921875
vt 0.12890624999999978 0.9921875
vt 0.12890624999999978 0.5078125
vt 0.2500000000000004 0.5078125
vt 0.45974302455357124 0.9921875
vt 0.37109374999999944 0.9921875
vt 0.37109374999999944 0.5078125
vt 0.45974302455357124 0.5078125
vt 0.37109374999999944 0.9921875
vt 0.2499999999999996 0.9921875
vt 0.2499999999999996 0.5078125
vt 0.37109374999999944 0.5078125
vn 0 -1 0
vn 0 -1 0
vn 0 -1 0
vn 0 -1 0
vn 0 -1 0
vn 0 -1 0
vn 0 -1 0
vn 0 -1 0
vn 0 -1 0
vn 0 -1 0
vn 0 1 0
vn 0 1 0
vn 0 1 0
vn 0 1 0
vn 0 1 0
vn 0 1 0
vn 0 1 0
vn 0 1 0
vn 0 1 0
vn 0 1 0
vn 0.9659308057256932 0 0.2588004608769339
vn 0.7071067811865476 0 0.7071067811865476
vn 0.2588004608769282 0 0.9659308057256948
vn -0.25880046087692976 0 0.9659308057256943
vn -0.7071067811865445 0 0.7071067811865506
vn -0.9659308057256948 0 0.2588004608769282
vn -0.9659308057256943 0 -0.25880046087692976
vn -0.7071067811865476 0 -0.7071067811865476
vn -0.2588004608769355 0 -0.9659308057256928
vn 0.2588004608769339 0 -0.9659308057256932
vn 0.7071067811865506 0 -0.7071067811865445
vn 0.9659308057256928 0 -0.2588004608769355
usemtl m_1ba73313-364e-8ec4-d4f4-e951e17febeb
f 897/3797/1109 898/3798/1109 899/3799/1109
f 897/3800/1110 899/3801/1110 900/3802/1110
f 897/3803/1111 900/3804/1111 901/3805/1111
f 897/3806/1112 901/3807/1112 902/3808/1112
f 897/3809/1113 902/3810/1113 903/3811/1113
f 897/3812/1114 903/3813/1114 904/3814/1114
f 897/3815/1115 904/3816/1115 905/3817/1115
f 897/3818/1116 905/3819/1116 906/3820/1116
f 897/3821/1117 906/3822/1117 907/3823/1117
f 897/3824/1118 907/3825/1118 908/3826/1118
f 911/3827/1119 910/3828/1119 909/3829/1119
f 912/3830/1120 911/3831/1120 909/3832/1120
f 913/3833/1121 912/3834/1121 909/3835/1121
f 914/3836/1122 913/3837/1122 909/3838/1122
f 915/3839/1123 914/3840/1123 909/3841/1123
f 916/3842/1124 915/3843/1124 909/3844/1124
f 917/3845/1125 916/3846/1125 909/3847/1125
f 918/3848/1126 917/3849/1126 909/3850/1126
f 919/3851/1127 918/3852/1127 909/3853/1127
f 920/3854/1128 919/3855/1128 909/3856/1128
f 909/3857/1129 910/3858/1129 898/3859/1129 897/3860/1129
f 910/3861/1130 911/3862/1130 899/3863/1130 898/3864/1130
f 911/3865/1131 912/3866/1131 900/3867/1131 899/3868/1131
f 912/3869/1132 913/3870/1132 901/3871/1132 900/3872/1132
f 913/3873/1133 914/3874/1133 902/3875/1133 901/3876/1133
f 914/3877/1134 915/3878/1134 903/3879/1134 902/3880/1134
f 915/3881/1135 916/3882/1135 904/3883/1135 903/3884/1135
f 916/3885/1136 917/3886/1136 905/3887/1136 904/3888/1136
f 917/3889/1137 918/3890/1137 906/3891/1137 905/3892/1137
f 918/3893/1138 919/3894/1138 907/3895/1138 906/3896/1138
f 919/3897/1139 920/3898/1139 908/3899/1139 907/3900/1139
f 920/3901/1140 909/3902/1140 897/3903/1140 908/3904/1140
o R transverse pivot
v 0.5925 0.826875 0.5
v 0.5925 0.823274375 0.5134375
v 0.5925 0.8134375 0.523274375
v 0.5925 0.8 0.526875
v 0.5925 0.7865625 0.523274375
v 0.5925 0.776725625 0.5134375
v 0.5925 0.773125 0.5
v 0.5925 0.776725625 0.4865625
v 0.5925 0.7865625 0.476725625
v 0.5925 0.8 0.473125
v 0.5925 0.8134375 0.476725625
v 0.5925 0.823274375 0.4865625
v 0.6875 0.826875 0.5
v 0.6875 0.823274375 0.5134375
v 0.6875 0.8134375 0.523274375
v 0.6875 0.8 0.526875
v 0.6875 0.7865625 0.523274375
v 0.6875 0.776725625 0.5134375
v 0.6875 0.773125 0.5
v 0.6875 0.776725625 0.4865625
v 0.6875 0.7865625 0.476725625
v 0.6875 0.8 0.473125
v 0.6875 0.8134375 0.476725625
v 0.6875 0.823274375 0.4865625
vt 0.78125 0.15625
vt 0.78125 0.15625
vt 0.78125 0.15625
vt 0.78125 0.15625
vt 0.78125 0.15625
vt 0.78125 0.15625
vt 0.78125 0.15625
vt 0.78125 0.15625
vt 0.78125 0.15625
vt 0.78125 0.15625
vt 0.78125 0.15625
vt 0.78125 0.15625
vt 0.78125 0.15625
vt 0.78125 0.15625
vt 0.78125 0.15625
vt 0.78125 0.15625
vt 0.78125 0.15625
vt 0.78125 0.15625
vt 0.78125 0.15625
vt 0.78125 0.15625
vt 0.78125 0.15625
vt 0.78125 0.15625
vt 0.78125 0.15625
vt 0.78125 0.15625
vt 0.78125 0.15625
vt 0.78125 0.15625
vt 0.78125 0.15625
vt 0.78125 0.15625
vt 0.78125 0.15625
vt 0.78125 0.15625
vt 0.78125 0.15625
vt 0.78125 0.15625
vt 0.78125 0.15625
vt 0.78125 0.15625
vt 0.78125 0.15625
vt 0.78125 0.15625
vt 0.78125 0.15625
vt 0.78125 0.15625
vt 0.78125 0.15625
vt 0.78125 0.15625
vt 0.78125 0.15625
vt 0.78125 0.15625
vt 0.78125 0.15625
vt 0.78125 0.15625
vt 0.78125 0.15625
vt 0.78125 0.15625
vt 0.78125 0.15625
vt 0.78125 0.15625
vt 0.78125 0.15625
vt 0.78125 0.15625
vt 0.78125 0.15625
vt 0.78125 0.15625
vt 0.78125 0.15625
vt 0.78125 0.15625
vt 0.78125 0.15625
vt 0.78125 0.15625
vt 0.78125 0.15625
vt 0.78125 0.15625
vt 0.78125 0.15625
vt 0.78125 0.15625
vt 0.78125 0.15625
vt 0.78125 0.15625
vt 0.78125 0.15625
vt 0.78125 0.15625
vt 0.78125 0.15625
vt 0.78125 0.15625
vt 0.78125 0.15625
vt 0.78125 0.15625
vt 0.78125 0.15625
vt 0.78125 0.15625
vt 0.78125 0.15625
vt 0.78125 0.15625
vt 0.78125 0.15625
vt 0.78125 0.15625
vt 0.78125 0.15625
vt 0.78125 0.15625
vt 0.78125 0.15625
vt 0.78125 0.15625
vt 0.78125 0.15625
vt 0.78125 0.15625
vt 0.78125 0.15625
vt 0.78125 0.15625
vt 0.78125 0.15625
vt 0.78125 0.15625
vt 0.78125 0.15625
vt 0.78125 0.15625
vt 0.78125 0.15625
vt 0.78125 0.15625
vt 0.78125 0.15625
vt 0.78125 0.15625
vt 0.78125 0.15625
vt 0.78125 0.15625
vt 0.78125 0.15625
vt 0.78125 0.15625
vt 0.78125 0.15625
vt 0.78125 0.15625
vt 0.78125 0.15625
vt 0.78125 0.15625
vt 0.78125 0.15625
vt 0.78125 0.15625
vt 0.78125 0.15625
vt 0.78125 0.15625
vt 0.78125 0.15625
vt 0.78125 0.15625
vt 0.78125 0.15625
vt 0.78125 0.15625
vt 0.78125 0.15625
vt 0.78125 0.15625
vn -1 0 0
vn -1 0 0
vn -1 0 0
vn -1 0 0
vn -1 0 0
vn -1 0 0
vn -1 0 0
vn -1 0 0
vn -1 0 0
vn -1 0 0
vn 1 0 0
vn 1 0 0
vn 1 0 0
vn 1 0 0
vn 1 0 0
vn 1 0 0
vn 1 0 0
vn 1 0 0
vn 1 0 0
vn 1 0 0
vn 0 0.9659247888923401 0.25882291668878193
vn 0 0.7071067811865476 0.7071067811865476
vn 0 0.25882291668878193 0.9659247888923401
vn 0 -0.25882291668878193 0.9659247888923401
vn 0 -0.7071067811865436 0.7071067811865515
vn 0 -0.9659247888923401 0.25882291668878193
vn 0 -0.9659247888923401 -0.25882291668878193
vn 0 -0.7071067811865456 -0.7071067811865495
vn 0 -0.2588229166887782 -0.9659247888923411
vn 0 0.2588229166887782 -0.9659247888923411
vn 0 0.7071067811865496 -0.7071067811865455
vn 0 0.9659247888923401 -0.25882291668878193
usemtl m_f48be7cf-bb91-6454-17d7-690044295bf7
f 923/3905/1141 922/3906/1141 921/3907/1141
f 924/3908/1142 923/3909/1142 921/3910/1142
f 925/3911/1143 924/3912/1143 921/3913/1143
f 926/3914/1144 925/3915/1144 921/3916/1144
f 927/3917/1145 926/3918/1145 921/3919/1145
f 928/3920/1146 927/3921/1146 921/3922/1146
f 929/3923/1147 928/3924/1147 921/3925/1147
f 930/3926/1148 929/3927/1148 921/3928/1148
f 931/3929/1149 930/3930/1149 921/3931/1149
f 932/3932/1150 931/3933/1150 921/3934/1150
f 933/3935/1151 934/3936/1151 935/3937/1151
f 933/3938/1152 935/3939/1152 936/3940/1152
f 933/3941/1153 936/3942/1153 937/3943/1153
f 933/3944/1154 937/3945/1154 938/3946/1154
f 933/3947/1155 938/3948/1155 939/3949/1155
f 933/3950/1156 939/3951/1156 940/3952/1156
f 933/3953/1157 940/3954/1157 941/3955/1157
f 933/3956/1158 941/3957/1158 942/3958/1158
f 933/3959/1159 942/3960/1159 943/3961/1159
f 933/3962/1160 943/3963/1160 944/3964/1160
f 921/3965/1161 922/3966/1161 934/3967/1161 933/3968/1161
f 922/3969/1162 923/3970/1162 935/3971/1162 934/3972/1162
f 923/3973/1163 924/3974/1163 936/3975/1163 935/3976/1163
f 924/3977/1164 925/3978/1164 937/3979/1164 936/3980/1164
f 925/3981/1165 926/3982/1165 938/3983/1165 937/3984/1165
f 926/3985/1166 927/3986/1166 939/3987/1166 938/3988/1166
f 927/3989/1167 928/3990/1167 940/3991/1167 939/3992/1167
f 928/3993/1168 929/3994/1168 941/3995/1168 940/3996/1168
f 929/3997/1169 930/3998/1169 942/3999/1169 941/4000/1169
f 930/4001/1170 931/4002/1170 943/4003/1170 942/4004/1170
f 931/4005/1171 932/4006/1171 944/4007/1171 943/4008/1171
f 932/4009/1172 921/4010/1172 933/4011/1172 944/4012/1172
o R pivot end cap
v 0.5871875 0.816875 0.5
v 0.5871875 0.814614375 0.5084375
v 0.5871875 0.8084375 0.514614375
v 0.5871875 0.8 0.516875
v 0.5871875 0.7915625 0.514614375
v 0.5871875 0.785385625 0.5084375
v 0.5871875 0.783125 0.5
v 0.5871875 0.785385625 0.4915625
v 0.5871875 0.7915625 0.485385625
v 0.5871875 0.8 0.483125
v 0.5871875 0.8084375 0.485385625
v 0.5871875 0.814614375 0.4915625
v 0.5928125 0.816875 0.5
v 0.5928125 0.814614375 0.5084375
v 0.5928125 0.8084375 0.514614375
v 0.5928125 0.8 0.516875
v 0.5928125 0.7915625 0.514614375
v 0.5928125 0.785385625 0.5084375
v 0.5928125 0.783125 0.5
v 0.5928125 0.785385625 0.4915625
v 0.5928125 0.7915625 0.485385625
v 0.5928125 0.8 0.483125
v 0.5928125 0.8084375 0.485385625
v 0.5928125 0.814614375 0.4915625
vt 0.65625 0.21875
vt 0.65625 0.21875
vt 0.65625 0.21875
vt 0.65625 0.21875
vt 0.65625 0.21875
vt 0.65625 0.21875
vt 0.65625 0.21875
vt 0.65625 0.21875
vt 0.65625 0.21875
vt 0.65625 0.21875
vt 0.65625 0.21875
vt 0.65625 0.21875
vt 0.65625 0.21875
vt 0.65625 0.21875
vt 0.65625 0.21875
vt 0.65625 0.21875
vt 0.65625 0.21875
vt 0.65625 0.21875
vt 0.65625 0.21875
vt 0.65625 0.21875
vt 0.65625 0.21875
vt 0.65625 0.21875
vt 0.65625 0.21875
vt 0.65625 0.21875
vt 0.65625 0.21875
vt 0.65625 0.21875
vt 0.65625 0.21875
vt 0.65625 0.21875
vt 0.65625 0.21875
vt 0.65625 0.21875
vt 0.65625 0.21875
vt 0.65625 0.21875
vt 0.65625 0.21875
vt 0.65625 0.21875
vt 0.65625 0.21875
vt 0.65625 0.21875
vt 0.65625 0.21875
vt 0.65625 0.21875
vt 0.65625 0.21875
vt 0.65625 0.21875
vt 0.65625 0.21875
vt 0.65625 0.21875
vt 0.65625 0.21875
vt 0.65625 0.21875
vt 0.65625 0.21875
vt 0.65625 0.21875
vt 0.65625 0.21875
vt 0.65625 0.21875
vt 0.65625 0.21875
vt 0.65625 0.21875
vt 0.65625 0.21875
vt 0.65625 0.21875
vt 0.65625 0.21875
vt 0.65625 0.21875
vt 0.65625 0.21875
vt 0.65625 0.21875
vt 0.65625 0.21875
vt 0.65625 0.21875
vt 0.65625 0.21875
vt 0.65625 0.21875
vt 0.71875 0.21875
vt 0.71875 0.21875
vt 0.71875 0.21875
vt 0.71875 0.21875
vt 0.71875 0.21875
vt 0.71875 0.21875
vt 0.71875 0.21875
vt 0.71875 0.21875
vt 0.65625 0.21875
vt 0.65625 0.21875
vt 0.65625 0.21875
vt 0.65625 0.21875
vt 0.65625 0.21875
vt 0.65625 0.21875
vt 0.65625 0.21875
vt 0.65625 0.21875
vt 0.78125 0.21875
vt 0.78125 0.21875
vt 0.78125 0.21875
vt 0.78125 0.21875
vt 0.78125 0.21875
vt 0.78125 0.21875
vt 0.78125 0.21875
vt 0.78125 0.21875
vt 0.78125 0.21875
vt 0.78125 0.21875
vt 0.78125 0.21875
vt 0.78125 0.21875
vt 0.78125 0.21875
vt 0.78125 0.21875
vt 0.78125 0.21875
vt 0.78125 0.21875
vt 0.65625 0.21875
vt 0.65625 0.21875
vt 0.65625 0.21875
vt 0.65625 0.21875
vt 0.65625 0.21875
vt 0.65625 0.21875
vt 0.65625 0.21875
vt 0.65625 0.21875
vt 0.71875 0.21875
vt 0.71875 0.21875
vt 0.71875 0.21875
vt 0.71875 0.21875
vt 0.71875 0.21875
vt 0.71875 0.21875
vt 0.71875 0.21875
vt 0.71875 0.21875
vn -1 0 0
vn -1 0 0
vn -1 0 0
vn -1 0 0
vn -1 0 0
vn -1 0 0
vn -1 0 0
vn -1 0 0
vn -1 0 0
vn -1 0 0
vn 1 0 0
vn 1 0 0
vn 1 0 0
vn 1 0 0
vn 1 0 0
vn 1 0 0
vn 1 0 0
vn 1 0 0
vn 1 0 0
vn 1 0 0
vn 0 0.9659314445237196 0.258798076654987
vn 0 0.7071067811865476 0.7071067811865476
vn 0 0.258798076654987 0.9659314445237196
vn 0 -0.25879807665498383 0.9659314445237205
vn 0 -0.7071067811865476 0.7071067811865476
vn 0 -0.9659314445237196 0.258798076654987
vn 0 -0.9659314445237196 -0.258798076654987
vn 0 -0.7071067811865507 -0.7071067811865444
vn 0 -0.2587980766549779 -0.9659314445237221
vn 0 0.25879807665498106 -0.9659314445237213
vn 0 0.7071067811865507 -0.7071067811865444
vn 0 0.9659314445237196 -0.258798076654987
usemtl m_f48be7cf-bb91-6454-17d7-690044295bf7
f 947/4013/1173 946/4014/1173 945/4015/1173
f 948/4016/1174 947/4017/1174 945/4018/1174
f 949/4019/1175 948/4020/1175 945/4021/1175
f 950/4022/1176 949/4023/1176 945/4024/1176
f 951/4025/1177 950/4026/1177 945/4027/1177
f 952/4028/1178 951/4029/1178 945/4030/1178
f 953/4031/1179 952/4032/1179 945/4033/1179
f 954/4034/1180 953/4035/1180 945/4036/1180
f 955/4037/1181 954/4038/1181 945/4039/1181
f 956/4040/1182 955/4041/1182 945/4042/1182
f 957/4043/1183 958/4044/1183 959/4045/1183
f 957/4046/1184 959/4047/1184 960/4048/1184
f 957/4049/1185 960/4050/1185 961/4051/1185
f 957/4052/1186 961/4053/1186 962/4054/1186
f 957/4055/1187 962/4056/1187 963/4057/1187
f 957/4058/1188 963/4059/1188 964/4060/1188
f 957/4061/1189 964/4062/1189 965/4063/1189
f 957/4064/1190 965/4065/1190 966/4066/1190
f 957/4067/1191 966/4068/1191 967/4069/1191
f 957/4070/1192 967/4071/1192 968/4072/1192
f 945/4073/1193 946/4074/1193 958/4075/1193 957/4076/1193
f 946/4077/1194 947/4078/1194 959/4079/1194 958/4080/1194
f 947/4081/1195 948/4082/1195 960/4083/1195 959/4084/1195
f 948/4085/1196 949/4086/1196 961/4087/1196 960/4088/1196
f 949/4089/1197 950/4090/1197 962/4091/1197 961/4092/1197
f 950/4093/1198 951/4094/1198 963/4095/1198 962/4096/1198
f 951/4097/1199 952/4098/1199 964/4099/1199 963/4100/1199
f 952/4101/1200 953/4102/1200 965/4103/1200 964/4104/1200
f 953/4105/1201 954/4106/1201 966/4107/1201 965/4108/1201
f 954/4109/1202 955/4110/1202 967/4111/1202 966/4112/1202
f 955/4113/1203 956/4114/1203 968/4115/1203 967/4116/1203
f 956/4117/1204 945/4118/1204 957/4119/1204 968/4120/1204
o R pivot end cap
v 0.6871875 0.816875 0.5
v 0.6871875 0.814614375 0.5084375
v 0.6871875 0.8084375 0.514614375
v 0.6871875 0.8 0.516875
v 0.6871875 0.7915625 0.514614375
v 0.6871875 0.785385625 0.5084375
v 0.6871875 0.783125 0.5
v 0.6871875 0.785385625 0.4915625
v 0.6871875 0.7915625 0.485385625
v 0.6871875 0.8 0.483125
v 0.6871875 0.8084375 0.485385625
v 0.6871875 0.814614375 0.4915625
v 0.6928125 0.816875 0.5
v 0.6928125 0.814614375 0.5084375
v 0.6928125 0.8084375 0.514614375
v 0.6928125 0.8 0.516875
v 0.6928125 0.7915625 0.514614375
v 0.6928125 0.785385625 0.5084375
v 0.6928125 0.783125 0.5
v 0.6928125 0.785385625 0.4915625
v 0.6928125 0.7915625 0.485385625
v 0.6928125 0.8 0.483125
v 0.6928125 0.8084375 0.485385625
v 0.6928125 0.814614375 0.4915625
vt 0.65625 0.21875
vt 0.65625 0.21875
vt 0.65625 0.21875
vt 0.65625 0.21875
vt 0.65625 0.21875
vt 0.65625 0.21875
vt 0.65625 0.21875
vt 0.65625 0.21875
vt 0.65625 0.21875
vt 0.65625 0.21875
vt 0.65625 0.21875
vt 0.65625 0.21875
vt 0.65625 0.21875
vt 0.65625 0.21875
vt 0.65625 0.21875
vt 0.65625 0.21875
vt 0.65625 0.21875
vt 0.65625 0.21875
vt 0.65625 0.21875
vt 0.65625 0.21875
vt 0.65625 0.21875
vt 0.65625 0.21875
vt 0.65625 0.21875
vt 0.65625 0.21875
vt 0.65625 0.21875
vt 0.65625 0.21875
vt 0.65625 0.21875
vt 0.65625 0.21875
vt 0.65625 0.21875
vt 0.65625 0.21875
vt 0.65625 0.21875
vt 0.65625 0.21875
vt 0.65625 0.21875
vt 0.65625 0.21875
vt 0.65625 0.21875
vt 0.65625 0.21875
vt 0.65625 0.21875
vt 0.65625 0.21875
vt 0.65625 0.21875
vt 0.65625 0.21875
vt 0.65625 0.21875
vt 0.65625 0.21875
vt 0.65625 0.21875
vt 0.65625 0.21875
vt 0.65625 0.21875
vt 0.65625 0.21875
vt 0.65625 0.21875
vt 0.65625 0.21875
vt 0.65625 0.21875
vt 0.65625 0.21875
vt 0.65625 0.21875
vt 0.65625 0.21875
vt 0.65625 0.21875
vt 0.65625 0.21875
vt 0.65625 0.21875
vt 0.65625 0.21875
vt 0.65625 0.21875
vt 0.65625 0.21875
vt 0.65625 0.21875
vt 0.65625 0.21875
vt 0.71875 0.21875
vt 0.71875 0.21875
vt 0.71875 0.21875
vt 0.71875 0.21875
vt 0.71875 0.21875
vt 0.71875 0.21875
vt 0.71875 0.21875
vt 0.71875 0.21875
vt 0.65625 0.21875
vt 0.65625 0.21875
vt 0.65625 0.21875
vt 0.65625 0.21875
vt 0.65625 0.21875
vt 0.65625 0.21875
vt 0.65625 0.21875
vt 0.65625 0.21875
vt 0.78125 0.21875
vt 0.78125 0.21875
vt 0.78125 0.21875
vt 0.78125 0.21875
vt 0.78125 0.21875
vt 0.78125 0.21875
vt 0.78125 0.21875
vt 0.78125 0.21875
vt 0.78125 0.21875
vt 0.78125 0.21875
vt 0.78125 0.21875
vt 0.78125 0.21875
vt 0.78125 0.21875
vt 0.78125 0.21875
vt 0.78125 0.21875
vt 0.78125 0.21875
vt 0.65625 0.21875
vt 0.65625 0.21875
vt 0.65625 0.21875
vt 0.65625 0.21875
vt 0.65625 0.21875
vt 0.65625 0.21875
vt 0.65625 0.21875
vt 0.65625 0.21875
vt 0.71875 0.21875
vt 0.71875 0.21875
vt 0.71875 0.21875
vt 0.71875 0.21875
vt 0.71875 0.21875
vt 0.71875 0.21875
vt 0.71875 0.21875
vt 0.71875 0.21875
vn -1 0 0
vn -1 0 0
vn -1 0 0
vn -1 0 0
vn -1 0 0
vn -1 0 0
vn -1 0 0
vn -1 0 0
vn -1 0 0
vn -1 0 0
vn 1 0 0
vn 1 0 0
vn 1 0 0
vn 1 0 0
vn 1 0 0
vn 1 0 0
vn 1 0 0
vn 1 0 0
vn 1 0 0
vn 1 0 0
vn 0 0.9659314445237197 0.258798076654987
vn 0 0.7071067811865476 0.7071067811865476
vn 0 0.258798076654987 0.9659314445237197
vn 0 -0.2587980766549838 0.9659314445237205
vn 0 -0.7071067811865476 0.7071067811865476
vn 0 -0.9659314445237197 0.258798076654987
vn 0 -0.9659314445237197 -0.258798076654987
vn 0 -0.7071067811865507 -0.7071067811865444
vn 0 -0.25879807665497784 -0.965931444523722
vn 0 0.258798076654981 -0.9659314445237211
vn 0 0.7071067811865507 -0.7071067811865444
vn 0 0.9659314445237197 -0.258798076654987
usemtl m_f48be7cf-bb91-6454-17d7-690044295bf7
f 971/4121/1205 970/4122/1205 969/4123/1205
f 972/4124/1206 971/4125/1206 969/4126/1206
f 973/4127/1207 972/4128/1207 969/4129/1207
f 974/4130/1208 973/4131/1208 969/4132/1208
f 975/4133/1209 974/4134/1209 969/4135/1209
f 976/4136/1210 975/4137/1210 969/4138/1210
f 977/4139/1211 976/4140/1211 969/4141/1211
f 978/4142/1212 977/4143/1212 969/4144/1212
f 979/4145/1213 978/4146/1213 969/4147/1213
f 980/4148/1214 979/4149/1214 969/4150/1214
f 981/4151/1215 982/4152/1215 983/4153/1215
f 981/4154/1216 983/4155/1216 984/4156/1216
f 981/4157/1217 984/4158/1217 985/4159/1217
f 981/4160/1218 985/4161/1218 986/4162/1218
f 981/4163/1219 986/4164/1219 987/4165/1219
f 981/4166/1220 987/4167/1220 988/4168/1220
f 981/4169/1221 988/4170/1221 989/4171/1221
f 981/4172/1222 989/4173/1222 990/4174/1222
f 981/4175/1223 990/4176/1223 991/4177/1223
f 981/4178/1224 991/4179/1224 992/4180/1224
f 969/4181/1225 970/4182/1225 982/4183/1225 981/4184/1225
f 970/4185/1226 971/4186/1226 983/4187/1226 982/4188/1226
f 971/4189/1227 972/4190/1227 984/4191/1227 983/4192/1227
f 972/4193/1228 973/4194/1228 985/4195/1228 984/4196/1228
f 973/4197/1229 974/4198/1229 986/4199/1229 985/4200/1229
f 974/4201/1230 975/4202/1230 987/4203/1230 986/4204/1230
f 975/4205/1231 976/4206/1231 988/4207/1231 987/4208/1231
f 976/4209/1232 977/4210/1232 989/4211/1232 988/4212/1232
f 977/4213/1233 978/4214/1233 990/4215/1233 989/4216/1233
f 978/4217/1234 979/4218/1234 991/4219/1234 990/4220/1234
f 979/4221/1235 980/4222/1235 992/4223/1235 991/4224/1235
f 980/4225/1236 969/4226/1236 981/4227/1236 992/4228/1236
o R optical head body
v 0.620625 0.73125 0.464375
v 0.659375 0.73125 0.464375
v 0.674375 0.73125 0.479375
v 0.674375 0.73125 0.520625
v 0.659375 0.73125 0.535625
v 0.620625 0.73125 0.535625
v 0.605625 0.73125 0.520625
v 0.605625 0.73125 0.479375
v 0.620625 0.79875 0.464375
v 0.659375 0.79875 0.464375
v 0.674375 0.79875 0.479375
v 0.674375 0.79875 0.520625
v 0.659375 0.79875 0.535625
v 0.620625 0.79875 0.535625
v 0.605625 0.79875 0.520625
v 0.605625 0.79875 0.479375
vt 0.78125 0.21875
vt 0.78125 0.21875
vt 0.78125 0.21875
vt 0.78125 0.21875
vt 0.78125 0.21875
vt 0.78125 0.21875
vt 0.78125 0.21875
vt 0.78125 0.21875
vt 0.78125 0.21875
vt 0.78125 0.21875
vt 0.78125 0.21875
vt 0.78125 0.21875
vt 0.78125 0.21875
vt 0.78125 0.21875
vt 0.78125 0.21875
vt 0.78125 0.21875
vt 0.78125 0.21875
vt 0.78125 0.21875
vt 0.71875 0.21875
vt 0.71875 0.21875
vt 0.71875 0.21875
vt 0.71875 0.21875
vt 0.71875 0.21875
vt 0.71875 0.21875
vt 0.71875 0.21875
vt 0.71875 0.21875
vt 0.71875 0.21875
vt 0.71875 0.21875
vt 0.71875 0.21875
vt 0.71875 0.21875
vt 0.71875 0.21875
vt 0.71875 0.21875
vt 0.71875 0.21875
vt 0.71875 0.21875
vt 0.71875 0.21875
vt 0.71875 0.21875
vt 0.65625 0.21875
vt 0.65625 0.21875
vt 0.65625 0.21875
vt 0.65625 0.21875
vt 0.65625 0.21875
vt 0.65625 0.21875
vt 0.65625 0.21875
vt 0.65625 0.21875
vt 0.65625 0.21875
vt 0.65625 0.21875
vt 0.65625 0.21875
vt 0.65625 0.21875
vt 0.65625 0.21875
vt 0.65625 0.21875
vt 0.65625 0.21875
vt 0.65625 0.21875
vt 0.65625 0.21875
vt 0.65625 0.21875
vt 0.65625 0.21875
vt 0.65625 0.21875
vt 0.65625 0.21875
vt 0.65625 0.21875
vt 0.65625 0.21875
vt 0.65625 0.21875
vt 0.65625 0.21875
vt 0.65625 0.21875
vt 0.65625 0.21875
vt 0.65625 0.21875
vt 0.65625 0.21875
vt 0.65625 0.21875
vt 0.65625 0.21875
vt 0.65625 0.21875
vn 0 -1 0
vn 0 -1 0
vn 0 -1 0
vn 0 -1 0
vn 0 -1 0
vn 0 -1 0
vn 0 1 0
vn 0 1 0
vn 0 1 0
vn 0 1 0
vn 0 1 0
vn 0 1 0
vn 0 0 -1
vn 0.7071067811865501 0 -0.7071067811865449
vn 1 0 0
vn 0.7071067811865501 0 0.7071067811865449
vn 0 0 1
vn -0.7071067811865476 0 0.7071067811865476
vn -1 0 0
vn -0.7071067811865476 0 -0.7071067811865476
usemtl m_f48be7cf-bb91-6454-17d7-690044295bf7
f 993/4229/1237 994/4230/1237 995/4231/1237
f 993/4232/1238 995/4233/1238 996/4234/1238
f 993/4235/1239 996/4236/1239 997/4237/1239
f 993/4238/1240 997/4239/1240 998/4240/1240
f 993/4241/1241 998/4242/1241 999/4243/1241
f 993/4244/1242 999/4245/1242 1000/4246/1242
f 1003/4247/1243 1002/4248/1243 1001/4249/1243
f 1004/4250/1244 1003/4251/1244 1001/4252/1244
f 1005/4253/1245 1004/4254/1245 1001/4255/1245
f 1006/4256/1246 1005/4257/1246 1001/4258/1246
f 1007/4259/1247 1006/4260/1247 1001/4261/1247
f 1008/4262/1248 1007/4263/1248 1001/4264/1248
f 1001/4265/1249 1002/4266/1249 994/4267/1249 993/4268/1249
f 1002/4269/1250 1003/4270/1250 995/4271/1250 994/4272/1250
f 1003/4273/1251 1004/4274/1251 996/4275/1251 995/4276/1251
f 1004/4277/1252 1005/4278/1252 997/4279/1252 996/4280/1252
f 1005/4281/1253 1006/4282/1253 998/4283/1253 997/4284/1253
f 1006/4285/1254 1007/4286/1254 999/4287/1254 998/4288/1254
f 1007/4289/1255 1008/4290/1255 1000/4291/1255 999/4292/1255
f 1008/4293/1256 1001/4294/1256 993/4295/1256 1000/4296/1256
o R optical head inset collar
v 0.623125 0.711875 0.471875
v 0.656875 0.711875 0.471875
v 0.6675 0.711875 0.4825
v 0.6675 0.711875 0.5175
v 0.656875 0.711875 0.528125
v 0.623125 0.711875 0.528125
v 0.6125 0.711875 0.5175
v 0.6125 0.711875 0.4825
v 0.623125 0.735 0.471875
v 0.656875 0.735 0.471875
v 0.6675 0.735 0.4825
v 0.6675 0.735 0.5175
v 0.656875 0.735 0.528125
v 0.623125 0.735 0.528125
v 0.6125 0.735 0.5175
v 0.6125 0.735 0.4825
vt 0.96875 0.21875
vt 0.96875 0.21875
vt 0.96875 0.21875
vt 0.96875 0.21875
vt 0.96875 0.21875
vt 0.96875 0.21875
vt 0.96875 0.21875
vt 0.96875 0.21875
vt 0.96875 0.21875
vt 0.96875 0.21875
vt 0.96875 0.21875
vt 0.96875 0.21875
vt 0.96875 0.21875
vt 0.96875 0.21875
vt 0.96875 0.21875
vt 0.96875 0.21875
vt 0.96875 0.21875
vt 0.96875 0.21875
vt 0.96875 0.21875
vt 0.96875 0.21875
vt 0.96875 0.21875
vt 0.96875 0.21875
vt 0.96875 0.21875
vt 0.96875 0.21875
vt 0.96875 0.21875
vt 0.96875 0.21875
vt 0.96875 0.21875
vt 0.96875 0.21875
vt 0.96875 0.21875
vt 0.96875 0.21875
vt 0.96875 0.21875
vt 0.96875 0.21875
vt 0.96875 0.21875
vt 0.96875 0.21875
vt 0.96875 0.21875
vt 0.96875 0.21875
vt 0.96875 0.21875
vt 0.96875 0.21875
vt 0.96875 0.21875
vt 0.96875 0.21875
vt 0.96875 0.21875
vt 0.96875 0.21875
vt 0.96875 0.21875
vt 0.96875 0.21875
vt 0.96875 0.21875
vt 0.96875 0.21875
vt 0.96875 0.21875
vt 0.96875 0.21875
vt 0.96875 0.21875
vt 0.96875 0.21875
vt 0.96875 0.21875
vt 0.96875 0.21875
vt 0.96875 0.21875
vt 0.96875 0.21875
vt 0.96875 0.21875
vt 0.96875 0.21875
vt 0.96875 0.21875
vt 0.96875 0.21875
vt 0.96875 0.21875
vt 0.96875 0.21875
vt 0.96875 0.21875
vt 0.96875 0.21875
vt 0.96875 0.21875
vt 0.96875 0.21875
vt 0.96875 0.21875
vt 0.96875 0.21875
vt 0.96875 0.21875
vt 0.96875 0.21875
vn 0 -1 0
vn 0 -1 0
vn 0 -1 0
vn 0 -1 0
vn 0 -1 0
vn 0 -1 0
vn 0 1 0
vn 0 1 0
vn 0 1 0
vn 0 1 0
vn 0 1 0
vn 0 1 0
vn 0 0 -1
vn 0.7071067811865476 0 -0.7071067811865476
vn 1 0 0
vn 0.7071067811865476 0 0.7071067811865476
vn 0 0 1
vn -0.7071067811865476 0 0.7071067811865476
vn -1 0 0
vn -0.7071067811865476 0 -0.7071067811865476
usemtl m_f48be7cf-bb91-6454-17d7-690044295bf7
f 1009/4297/1257 1010/4298/1257 1011/4299/1257
f 1009/4300/1258 1011/4301/1258 1012/4302/1258
f 1009/4303/1259 1012/4304/1259 1013/4305/1259
f 1009/4306/1260 1013/4307/1260 1014/4308/1260
f 1009/4309/1261 1014/4310/1261 1015/4311/1261
f 1009/4312/1262 1015/4313/1262 1016/4314/1262
f 1019/4315/1263 1018/4316/1263 1017/4317/1263
f 1020/4318/1264 1019/4319/1264 1017/4320/1264
f 1021/4321/1265 1020/4322/1265 1017/4323/1265
f 1022/4324/1266 1021/4325/1266 1017/4326/1266
f 1023/4327/1267 1022/4328/1267 1017/4329/1267
f 1024/4330/1268 1023/4331/1268 1017/4332/1268
f 1017/4333/1269 1018/4334/1269 1010/4335/1269 1009/4336/1269
f 1018/4337/1270 1019/4338/1270 1011/4339/1270 1010/4340/1270
f 1019/4341/1271 1020/4342/1271 1012/4343/1271 1011/4344/1271
f 1020/4345/1272 1021/4346/1272 1013/4347/1272 1012/4348/1272
f 1021/4349/1273 1022/4350/1273 1014/4351/1273 1013/4352/1273
f 1022/4353/1274 1023/4354/1274 1015/4355/1274 1014/4356/1274
f 1023/4357/1275 1024/4358/1275 1016/4359/1275 1015/4360/1275
f 1024/4361/1276 1017/4362/1276 1009/4363/1276 1016/4364/1276
o R hollow emitter bezel
v 0.666875 0.68 0.5
v 0.663274375 0.68 0.5134375
v 0.6534375 0.68 0.523274375
v 0.64 0.68 0.526875
v 0.6265625 0.68 0.523274375
v 0.616725625 0.68 0.5134375
v 0.613125 0.68 0.5
v 0.616725625 0.68 0.4865625
v 0.6265625 0.68 0.476725625
v 0.64 0.68 0.473125
v 0.6534375 0.68 0.476725625
v 0.663274375 0.68 0.4865625
v 0.666875 0.7125 0.5
v 0.663274375 0.7125 0.5134375
v 0.6534375 0.7125 0.523274375
v 0.64 0.7125 0.526875
v 0.6265625 0.7125 0.523274375
v 0.616725625 0.7125 0.5134375
v 0.613125 0.7125 0.5
v 0.616725625 0.7125 0.4865625
v 0.6265625 0.7125 0.476725625
v 0.64 0.7125 0.473125
v 0.6534375 0.7125 0.476725625
v 0.663274375 0.7125 0.4865625
v 0.658125 0.68 0.5
v 0.655696875 0.68 0.5090625
v 0.6490625 0.68 0.515696875
v 0.64 0.68 0.518125
v 0.6309375 0.68 0.515696875
v 0.624303125 0.68 0.5090625
v 0.621875 0.68 0.5
v 0.624303125 0.68 0.4909375
v 0.6309375 0.68 0.484303125
v 0.64 0.68 0.481875
v 0.6490625 0.68 0.484303125
v 0.655696875 0.68 0.4909375
v 0.658125 0.7125 0.5
v 0.655696875 0.7125 0.5090625
v 0.6490625 0.7125 0.515696875
v 0.64 0.7125 0.518125
v 0.6309375 0.7125 0.515696875
v 0.624303125 0.7125 0.5090625
v 0.621875 0.7125 0.5
v 0.624303125 0.7125 0.4909375
v 0.6309375 0.7125 0.484303125
v 0.64 0.7125 0.481875
v 0.6490625 0.7125 0.484303125
v 0.655696875 0.7125 0.4909375
vt 0.65625 0.15625
vt 0.65625 0.15625
vt 0.65625 0.15625
vt 0.65625 0.15625
vt 0.96875 0.21875
vt 0.96875 0.21875
vt 0.96875 0.21875
vt 0.96875 0.21875
vt 0.71875 0.15625
vt 0.71875 0.15625
vt 0.71875 0.15625
vt 0.71875 0.15625
vt 0.71875 0.15625
vt 0.71875 0.15625
vt 0.71875 0.15625
vt 0.71875 0.15625
vt 0.65625 0.15625
vt 0.65625 0.15625
vt 0.65625 0.15625
vt 0.65625 0.15625
vt 0.96875 0.21875
vt 0.96875 0.21875
vt 0.96875 0.21875
vt 0.96875 0.21875
vt 0.71875 0.15625
vt 0.71875 0.15625
vt 0.71875 0.15625
vt 0.71875 0.15625
vt 0.71875 0.15625
vt 0.71875 0.15625
vt 0.71875 0.15625
vt 0.71875 0.15625
vt 0.65625 0.15625
vt 0.65625 0.15625
vt 0.65625 0.15625
vt 0.65625 0.15625
vt 0.96875 0.21875
vt 0.96875 0.21875
vt 0.96875 0.21875
vt 0.96875 0.21875
vt 0.71875 0.15625
vt 0.71875 0.15625
vt 0.71875 0.15625
vt 0.71875 0.15625
vt 0.71875 0.15625
vt 0.71875 0.15625
vt 0.71875 0.15625
vt 0.71875 0.15625
vt 0.65625 0.15625
vt 0.65625 0.15625
vt 0.65625 0.15625
vt 0.65625 0.15625
vt 0.96875 0.21875
vt 0.96875 0.21875
vt 0.96875 0.21875
vt 0.96875 0.21875
vt 0.71875 0.15625
vt 0.71875 0.15625
vt 0.71875 0.15625
vt 0.71875 0.15625
vt 0.71875 0.15625
vt 0.71875 0.15625
vt 0.71875 0.15625
vt 0.71875 0.15625
vt 0.65625 0.15625
vt 0.65625 0.15625
vt 0.65625 0.15625
vt 0.65625 0.15625
vt 0.96875 0.21875
vt 0.96875 0.21875
vt 0.96875 0.21875
vt 0.96875 0.21875
vt 0.71875 0.15625
vt 0.71875 0.15625
vt 0.71875 0.15625
vt 0.71875 0.15625
vt 0.71875 0.15625
vt 0.71875 0.15625
vt 0.71875 0.15625
vt 0.71875 0.15625
vt 0.65625 0.15625
vt 0.65625 0.15625
vt 0.65625 0.15625
vt 0.65625 0.15625
vt 0.96875 0.21875
vt 0.96875 0.21875
vt 0.96875 0.21875
vt 0.96875 0.21875
vt 0.71875 0.15625
vt 0.71875 0.15625
vt 0.71875 0.15625
vt 0.71875 0.15625
vt 0.71875 0.15625
vt 0.71875 0.15625
vt 0.71875 0.15625
vt 0.71875 0.15625
vt 0.65625 0.15625
vt 0.65625 0.15625
vt 0.65625 0.15625
vt 0.65625 0.15625
vt 0.96875 0.21875
vt 0.96875 0.21875
vt 0.96875 0.21875
vt 0.96875 0.21875
vt 0.71875 0.15625
vt 0.71875 0.15625
vt 0.71875 0.15625
vt 0.71875 0.15625
vt 0.71875 0.15625
vt 0.71875 0.15625
vt 0.71875 0.15625
vt 0.71875 0.15625
vt 0.65625 0.15625
vt 0.65625 0.15625
vt 0.65625 0.15625
vt 0.65625 0.15625
vt 0.96875 0.21875
vt 0.96875 0.21875
vt 0.96875 0.21875
vt 0.96875 0.21875
vt 0.71875 0.15625
vt 0.71875 0.15625
vt 0.71875 0.15625
vt 0.71875 0.15625
vt 0.71875 0.15625
vt 0.71875 0.15625
vt 0.71875 0.15625
vt 0.71875 0.15625
vt 0.65625 0.15625
vt 0.65625 0.15625
vt 0.65625 0.15625
vt 0.65625 0.15625
vt 0.96875 0.21875
vt 0.96875 0.21875
vt 0.96875 0.21875
vt 0.96875 0.21875
vt 0.71875 0.15625
vt 0.71875 0.15625
vt 0.71875 0.15625
vt 0.71875 0.15625
vt 0.71875 0.15625
vt 0.71875 0.15625
vt 0.71875 0.15625
vt 0.71875 0.15625
vt 0.65625 0.15625
vt 0.65625 0.15625
vt 0.65625 0.15625
vt 0.65625 0.15625
vt 0.96875 0.21875
vt 0.96875 0.21875
vt 0.96875 0.21875
vt 0.96875 0.21875
vt 0.71875 0.15625
vt 0.71875 0.15625
vt 0.71875 0.15625
vt 0.71875 0.15625
vt 0.71875 0.15625
vt 0.71875 0.15625
vt 0.71875 0.15625
vt 0.71875 0.15625
vt 0.65625 0.15625
vt 0.65625 0.15625
vt 0.65625 0.15625
vt 0.65625 0.15625
vt 0.96875 0.21875
vt 0.96875 0.21875
vt 0.96875 0.21875
vt 0.96875 0.21875
vt 0.71875 0.15625
vt 0.71875 0.15625
vt 0.71875 0.15625
vt 0.71875 0.15625
vt 0.71875 0.15625
vt 0.71875 0.15625
vt 0.71875 0.15625
vt 0.71875 0.15625
vt 0.65625 0.15625
vt 0.65625 0.15625
vt 0.65625 0.15625
vt 0.65625 0.15625
vt 0.96875 0.21875
vt 0.96875 0.21875
vt 0.96875 0.21875
vt 0.96875 0.21875
vt 0.71875 0.15625
vt 0.71875 0.15625
vt 0.71875 0.15625
vt 0.71875 0.15625
vt 0.71875 0.15625
vt 0.71875 0.15625
vt 0.71875 0.15625
vt 0.71875 0.15625
vn 0.9659247888923401 0 0.25882291668878193
vn -0.9659302109781714 0 -0.25880268066553186
vn 0 -1 0
vn 0 1 0
vn 0.7071067811865476 0 0.7071067811865476
vn -0.7071067811865535 0 -0.7071067811865417
vn 0 -1 0
vn 0 1 0
vn 0.25882291668878193 0 0.9659247888923401
vn -0.2588026806655208 0 -0.9659302109781744
vn 0 -1 0
vn 0 1 0
vn -0.25882291668878193 0 0.9659247888923401
vn 0.2588026806655208 0 -0.9659302109781744
vn 0 -1 0
vn 0 1 0
vn -0.7071067811865476 0 0.7071067811865476
vn 0.7071067811865476 0 -0.7071067811865476
vn 0 -1 0
vn 0 1 0
vn -0.9659247888923401 0 0.25882291668878193
vn 0.9659302109781714 0 -0.25880268066553186
vn 0 -1 0
vn 0 1 0
vn -0.9659247888923401 0 -0.25882291668878193
vn 0.9659302109781714 0 0.25880268066553186
vn 0 -1 0
vn 0 1 0
vn -0.7071067811865496 0 -0.7071067811865456
vn 0.7071067811865446 0 0.7071067811865505
vn 0 -1 0
vn 0 1 0
vn -0.25882291668877827 0 -0.9659247888923412
vn 0.25880268066553186 0 0.9659302109781714
vn 0 -1 0
vn 0 1 0
vn 0.25882291668877827 0 -0.9659247888923412
vn -0.25880268066553186 0 0.9659302109781714
vn 0 -1 0
vn 0 1 0
vn 0.7071067811865496 0 -0.7071067811865456
vn -0.7071067811865506 0 0.7071067811865446
vn 0 -1 0
vn 0 1 0
vn 0.9659247888923401 0 -0.25882291668878193
vn -0.9659302109781714 0 0.25880268066553186
vn 0 -1 0
vn 0 1 0
usemtl m_f48be7cf-bb91-6454-17d7-690044295bf7
f 1025/4365/1277 1037/4366/1277 1038/4367/1277 1026/4368/1277
f 1049/4369/1278 1050/4370/1278 1062/4371/1278 1061/4372/1278
f 1025/4373/1279 1026/4374/1279 1050/4375/1279 1049/4376/1279
f 1037/4377/1280 1061/4378/1280 1062/4379/1280 1038/4380/1280
f 1026/4381/1281 1038/4382/1281 1039/4383/1281 1027/4384/1281
f 1050/4385/1282 1051/4386/1282 1063/4387/1282 1062/4388/1282
f 1026/4389/1283 1027/4390/1283 1051/4391/1283 1050/4392/1283
f 1038/4393/1284 1062/4394/1284 1063/4395/1284 1039/4396/1284
f 1027/4397/1285 1039/4398/1285 1040/4399/1285 1028/4400/1285
f 1051/4401/1286 1052/4402/1286 1064/4403/1286 1063/4404/1286
f 1027/4405/1287 1028/4406/1287 1052/4407/1287 1051/4408/1287
f 1039/4409/1288 1063/4410/1288 1064/4411/1288 1040/4412/1288
f 1028/4413/1289 1040/4414/1289 1041/4415/1289 1029/4416/1289
f 1052/4417/1290 1053/4418/1290 1065/4419/1290 1064/4420/1290
f 1028/4421/1291 1029/4422/1291 1053/4423/1291 1052/4424/1291
f 1040/4425/1292 1064/4426/1292 1065/4427/1292 1041/4428/1292
f 1029/4429/1293 1041/4430/1293 1042/4431/1293 1030/4432/1293
f 1053/4433/1294 1054/4434/1294 1066/4435/1294 1065/4436/1294
f 1029/4437/1295 1030/4438/1295 1054/4439/1295 1053/4440/1295
f 1041/4441/1296 1065/4442/1296 1066/4443/1296 1042/4444/1296
f 1030/4445/1297 1042/4446/1297 1043/4447/1297 1031/4448/1297
f 1054/4449/1298 1055/4450/1298 1067/4451/1298 1066/4452/1298
f 1030/4453/1299 1031/4454/1299 1055/4455/1299 1054/4456/1299
f 1042/4457/1300 1066/4458/1300 1067/4459/1300 1043/4460/1300
f 1031/4461/1301 1043/4462/1301 1044/4463/1301 1032/4464/1301
f 1055/4465/1302 1056/4466/1302 1068/4467/1302 1067/4468/1302
f 1031/4469/1303 1032/4470/1303 1056/4471/1303 1055/4472/1303
f 1043/4473/1304 1067/4474/1304 1068/4475/1304 1044/4476/1304
f 1032/4477/1305 1044/4478/1305 1045/4479/1305 1033/4480/1305
f 1056/4481/1306 1057/4482/1306 1069/4483/1306 1068/4484/1306
f 1032/4485/1307 1033/4486/1307 1057/4487/1307 1056/4488/1307
f 1044/4489/1308 1068/4490/1308 1069/4491/1308 1045/4492/1308
f 1033/4493/1309 1045/4494/1309 1046/4495/1309 1034/4496/1309
f 1057/4497/1310 1058/4498/1310 1070/4499/1310 1069/4500/1310
f 1033/4501/1311 1034/4502/1311 1058/4503/1311 1057/4504/1311
f 1045/4505/1312 1069/4506/1312 1070/4507/1312 1046/4508/1312
f 1034/4509/1313 1046/4510/1313 1047/4511/1313 1035/4512/1313
f 1058/4513/1314 1059/4514/1314 1071/4515/1314 1070/4516/1314
f 1034/4517/1315 1035/4518/1315 1059/4519/1315 1058/4520/1315
f 1046/4521/1316 1070/4522/1316 1071/4523/1316 1047/4524/1316
f 1035/4525/1317 1047/4526/1317 1048/4527/1317 1036/4528/1317
f 1059/4529/1318 1060/4530/1318 1072/4531/1318 1071/4532/1318
f 1035/4533/1319 1036/4534/1319 1060/4535/1319 1059/4536/1319
f 1047/4537/1320 1071/4538/1320 1072/4539/1320 1048/4540/1320
f 1036/4541/1321 1048/4542/1321 1037/4543/1321 1025/4544/1321
f 1060/4545/1322 1049/4546/1322 1061/4547/1322 1072/4548/1322
f 1036/4549/1323 1025/4550/1323 1049/4551/1323 1060/4552/1323
f 1048/4553/1324 1072/4554/1324 1061/4555/1324 1037/4556/1324
o R recessed optical lens
v 0.6575 0.695625 0.5
v 0.655155625 0.695625 0.50875
v 0.64875 0.695625 0.515155625
v 0.64 0.695625 0.5175
v 0.63125 0.695625 0.515155625
v 0.624844375 0.695625 0.50875
v 0.6225 0.695625 0.5
v 0.624844375 0.695625 0.49125
v 0.63125 0.695625 0.484844375
v 0.64 0.695625 0.4825
v 0.64875 0.695625 0.484844375
v 0.655155625 0.695625 0.49125
v 0.6575 0.699375 0.5
v 0.655155625 0.699375 0.50875
v 0.64875 0.699375 0.515155625
v 0.64 0.699375 0.5175
v 0.63125 0.699375 0.515155625
v 0.624844375 0.699375 0.50875
v 0.6225 0.699375 0.5
v 0.624844375 0.699375 0.49125
v 0.63125 0.699375 0.484844375
v 0.64 0.699375 0.4825
v 0.64875 0.699375 0.484844375
v 0.655155625 0.699375 0.49125
vt 0.0078125 0.7500000000000004
vt 0.04025697544642799 0.871093750000001
vt 0.12890624999999925 0.9597430245535721
vt 0.0078125 0.7500000000000004
vt 0.12890624999999925 0.9597430245535721
vt 0.25 0.9921875
vt 0.0078125 0.7500000000000004
vt 0.25 0.9921875
vt 0.3710937500000008 0.9597430245535721
vt 0.0078125 0.7500000000000004
vt 0.3710937500000008 0.9597430245535721
vt 0.459743024553572 0.871093750000001
vt 0.0078125 0.7500000000000004
vt 0.459743024553572 0.871093750000001
vt 0.4921875 0.7500000000000004
vt 0.0078125 0.7500000000000004
vt 0.4921875 0.7500000000000004
vt 0.459743024553572 0.6289062500000006
vt 0.0078125 0.7500000000000004
vt 0.459743024553572 0.6289062500000006
vt 0.3710937500000008 0.5402569754464288
vt 0.0078125 0.7500000000000004
vt 0.3710937500000008 0.5402569754464288
vt 0.25 0.5078125
vt 0.0078125 0.7500000000000004
vt 0.25 0.5078125
vt 0.12890624999999925 0.5402569754464288
vt 0.0078125 0.7500000000000004
vt 0.12890624999999925 0.5402569754464288
vt 0.04025697544642799 0.6289062500000006
vt 0.12890624999999925 0.9597430245535721
vt 0.04025697544642799 0.871093750000001
vt 0.0078125 0.7500000000000004
vt 0.25 0.9921875
vt 0.12890624999999925 0.9597430245535721
vt 0.0078125 0.7500000000000004
vt 0.3710937500000008 0.9597430245535721
vt 0.25 0.9921875
vt 0.0078125 0.7500000000000004
vt 0.459743024553572 0.871093750000001
vt 0.3710937500000008 0.9597430245535721
vt 0.0078125 0.7500000000000004
vt 0.4921875 0.7500000000000004
vt 0.459743024553572 0.871093750000001
vt 0.0078125 0.7500000000000004
vt 0.459743024553572 0.6289062500000006
vt 0.4921875 0.7500000000000004
vt 0.0078125 0.7500000000000004
vt 0.3710937500000008 0.5402569754464288
vt 0.459743024553572 0.6289062500000006
vt 0.0078125 0.7500000000000004
vt 0.25 0.5078125
vt 0.3710937500000008 0.5402569754464288
vt 0.0078125 0.7500000000000004
vt 0.12890624999999925 0.5402569754464288
vt 0.25 0.5078125
vt 0.0078125 0.7500000000000004
vt 0.04025697544642799 0.6289062500000006
vt 0.12890624999999925 0.5402569754464288
vt 0.0078125 0.7500000000000004
vt 0.2499999999999996 0.9921875
vt 0.12890624999999903 0.9921875
vt 0.12890624999999903 0.5078125
vt 0.2499999999999996 0.5078125
vt 0.12890624999999903 0.9921875
vt 0.04025697544642794 0.9921875
vt 0.04025697544642794 0.5078125
vt 0.12890624999999903 0.5078125
vt 0.3710937500000008 0.9921875
vt 0.25 0.9921875
vt 0.25 0.5078125
vt 0.3710937500000008 0.5078125
vt 0.25 0.9921875
vt 0.12890624999999922 0.9921875
vt 0.12890624999999922 0.5078125
vt 0.25 0.5078125
vt 0.4597430245535721 0.9921875
vt 0.37109375000000094 0.9921875
vt 0.37109375000000094 0.5078125
vt 0.4597430245535721 0.5078125
vt 0.37109375000000094 0.9921875
vt 0.2500000000000004 0.9921875
vt 0.2500000000000004 0.5078125
vt 0.37109375000000094 0.5078125
vt 0.2500000000000004 0.9921875
vt 0.12890625000000056 0.9921875
vt 0.12890625000000056 0.5078125
vt 0.2500000000000004 0.5078125
vt 0.12890625000000056 0.9921875
vt 0.04025697544642873 0.9921875
vt 0.04025697544642873 0.5078125
vt 0.12890625000000056 0.5078125
vt 0.3710937500000008 0.9921875
vt 0.25 0.9921875
vt 0.25 0.5078125
vt 0.3710937500000008 0.5078125
vt 0.25 0.9921875
vt 0.12890624999999925 0.9921875
vt 0.12890624999999925 0.5078125
vt 0.25 0.5078125
vt 0.45974302455357124 0.9921875
vt 0.37109374999999944 0.9921875
vt 0.37109374999999944 0.5078125
vt 0.45974302455357124 0.5078125
vt 0.37109374999999944 0.9921875
vt 0.2499999999999996 0.9921875
vt 0.2499999999999996 0.5078125
vt 0.37109374999999944 0.5078125
vn 0 -1 0
vn 0 -1 0
vn 0 -1 0
vn 0 -1 0
vn 0 -1 0
vn 0 -1 0
vn 0 -1 0
vn 0 -1 0
vn 0 -1 0
vn 0 -1 0
vn 0 1 0
vn 0 1 0
vn 0 1 0
vn 0 1 0
vn 0 1 0
vn 0 1 0
vn 0 1 0
vn 0 1 0
vn 0 1 0
vn 0 1 0
vn 0.9659308057256948 0 0.2588004608769282
vn 0.7071067811865476 0 0.7071067811865476
vn 0.2588004608769282 0 0.9659308057256948
vn -0.2588004608769282 0 0.9659308057256948
vn -0.7071067811865476 0 0.7071067811865476
vn -0.9659308057256948 0 0.2588004608769282
vn -0.9659308057256943 0 -0.25880046087692976
vn -0.7071067811865506 0 -0.7071067811865445
vn -0.2588004608769339 0 -0.9659308057256932
vn 0.2588004608769339 0 -0.9659308057256932
vn 0.7071067811865506 0 -0.7071067811865445
vn 0.9659308057256943 0 -0.25880046087692976
usemtl m_1ba73313-364e-8ec4-d4f4-e951e17febeb
f 1073/4557/1325 1074/4558/1325 1075/4559/1325
f 1073/4560/1326 1075/4561/1326 1076/4562/1326
f 1073/4563/1327 1076/4564/1327 1077/4565/1327
f 1073/4566/1328 1077/4567/1328 1078/4568/1328
f 1073/4569/1329 1078/4570/1329 1079/4571/1329
f 1073/4572/1330 1079/4573/1330 1080/4574/1330
f 1073/4575/1331 1080/4576/1331 1081/4577/1331
f 1073/4578/1332 1081/4579/1332 1082/4580/1332
f 1073/4581/1333 1082/4582/1333 1083/4583/1333
f 1073/4584/1334 1083/4585/1334 1084/4586/1334
f 1087/4587/1335 1086/4588/1335 1085/4589/1335
f 1088/4590/1336 1087/4591/1336 1085/4592/1336
f 1089/4593/1337 1088/4594/1337 1085/4595/1337
f 1090/4596/1338 1089/4597/1338 1085/4598/1338
f 1091/4599/1339 1090/4600/1339 1085/4601/1339
f 1092/4602/1340 1091/4603/1340 1085/4604/1340
f 1093/4605/1341 1092/4606/1341 1085/4607/1341
f 1094/4608/1342 1093/4609/1342 1085/4610/1342
f 1095/4611/1343 1094/4612/1343 1085/4613/1343
f 1096/4614/1344 1095/4615/1344 1085/4616/1344
f 1085/4617/1345 1086/4618/1345 1074/4619/1345 1073/4620/1345
f 1086/4621/1346 1087/4622/1346 1075/4623/1346 1074/4624/1346
f 1087/4625/1347 1088/4626/1347 1076/4627/1347 1075/4628/1347
f 1088/4629/1348 1089/4630/1348 1077/4631/1348 1076/4632/1348
f 1089/4633/1349 1090/4634/1349 1078/4635/1349 1077/4636/1349
f 1090/4637/1350 1091/4638/1350 1079/4639/1350 1078/4640/1350
f 1091/4641/1351 1092/4642/1351 1080/4643/1351 1079/4644/1351
f 1092/4645/1352 1093/4646/1352 1081/4647/1352 1080/4648/1352
f 1093/4649/1353 1094/4650/1353 1082/4651/1353 1081/4652/1353
f 1094/4653/1354 1095/4654/1354 1083/4655/1354 1082/4656/1354
f 1095/4657/1355 1096/4658/1355 1084/4659/1355 1083/4660/1355
f 1096/4661/1356 1085/4662/1356 1073/4663/1356 1084/4664/1356
o Left diagnostic recess
v 0.115625 0.56875 0.401875
v 0.15625 0.56875 0.401875
v 0.16625 0.57875 0.401875
v 0.16625 0.72125 0.401875
v 0.15625 0.73125 0.401875
v 0.115625 0.73125 0.401875
v 0.105625 0.72125 0.401875
v 0.105625 0.57875 0.401875
v 0.115625 0.56875 0.405625
v 0.15625 0.56875 0.405625
v 0.16625 0.57875 0.405625
v 0.16625 0.72125 0.405625
v 0.15625 0.73125 0.405625
v 0.115625 0.73125 0.405625
v 0.105625 0.72125 0.405625
v 0.105625 0.57875 0.405625
vt 0.96875 0.21875
vt 0.96875 0.21875
vt 0.96875 0.21875
vt 0.96875 0.21875
vt 0.96875 0.21875
vt 0.96875 0.21875
vt 0.96875 0.21875
vt 0.96875 0.21875
vt 0.96875 0.21875
vt 0.96875 0.21875
vt 0.96875 0.21875
vt 0.96875 0.21875
vt 0.96875 0.21875
vt 0.96875 0.21875
vt 0.96875 0.21875
vt 0.96875 0.21875
vt 0.96875 0.21875
vt 0.96875 0.21875
vt 0.96875 0.21875
vt 0.96875 0.21875
vt 0.96875 0.21875
vt 0.96875 0.21875
vt 0.96875 0.21875
vt 0.96875 0.21875
vt 0.96875 0.21875
vt 0.96875 0.21875
vt 0.96875 0.21875
vt 0.96875 0.21875
vt 0.96875 0.21875
vt 0.96875 0.21875
vt 0.96875 0.21875
vt 0.96875 0.21875
vt 0.96875 0.21875
vt 0.96875 0.21875
vt 0.96875 0.21875
vt 0.96875 0.21875
vt 0.96875 0.21875
vt 0.96875 0.21875
vt 0.96875 0.21875
vt 0.96875 0.21875
vt 0.96875 0.21875
vt 0.96875 0.21875
vt 0.96875 0.21875
vt 0.96875 0.21875
vt 0.96875 0.21875
vt 0.96875 0.21875
vt 0.96875 0.21875
vt 0.96875 0.21875
vt 0.96875 0.21875
vt 0.96875 0.21875
vt 0.96875 0.21875
vt 0.96875 0.21875
vt 0.96875 0.21875
vt 0.96875 0.21875
vt 0.96875 0.21875
vt 0.96875 0.21875
vt 0.96875 0.21875
vt 0.96875 0.21875
vt 0.96875 0.21875
vt 0.96875 0.21875
vt 0.96875 0.21875
vt 0.96875 0.21875
vt 0.96875 0.21875
vt 0.96875 0.21875
vt 0.96875 0.21875
vt 0.96875 0.21875
vt 0.96875 0.21875
vt 0.96875 0.21875
vn 0 0 -1
vn 0 0 -1
vn 0 0 -1
vn 0 0 -1
vn 0 0 -1
vn 0 0 -1
vn 0 0 1
vn 0 0 1
vn 0 0 1
vn 0 0 1
vn 0 0 1
vn 0 0 1
vn 0 -1 0
vn 0.7071067811865476 -0.7071067811865476 0
vn 1 0 0
vn 0.7071067811865476 0.7071067811865476 0
vn 0 1 0
vn -0.7071067811865476 0.7071067811865476 0
vn -1 0 0
vn -0.7071067811865476 -0.7071067811865476 0
usemtl m_f48be7cf-bb91-6454-17d7-690044295bf7
f 1099/4665/1357 1098/4666/1357 1097/4667/1357
f 1100/4668/1358 1099/4669/1358 1097/4670/1358
f 1101/4671/1359 1100/4672/1359 1097/4673/1359
f 1102/4674/1360 1101/4675/1360 1097/4676/1360
f 1103/4677/1361 1102/4678/1361 1097/4679/1361
f 1104/4680/1362 1103/4681/1362 1097/4682/1362
f 1105/4683/1363 1106/4684/1363 1107/4685/1363
f 1105/4686/1364 1107/4687/1364 1108/4688/1364
f 1105/4689/1365 1108/4690/1365 1109/4691/1365
f 1105/4692/1366 1109/4693/1366 1110/4694/1366
f 1105/4695/1367 1110/4696/1367 1111/4697/1367
f 1105/4698/1368 1111/4699/1368 1112/4700/1368
f 1097/4701/1369 1098/4702/1369 1106/4703/1369 1105/4704/1369
f 1098/4705/1370 1099/4706/1370 1107/4707/1370 1106/4708/1370
f 1099/4709/1371 1100/4710/1371 1108/4711/1371 1107/4712/1371
f 1100/4713/1372 1101/4714/1372 1109/4715/1372 1108/4716/1372
f 1101/4717/1373 1102/4718/1373 1110/4719/1373 1109/4720/1373
f 1102/4721/1374 1103/4722/1374 1111/4723/1374 1110/4724/1374
f 1103/4725/1375 1104/4726/1375 1112/4727/1375 1111/4728/1375
f 1104/4729/1376 1097/4730/1376 1105/4731/1376 1112/4732/1376
o Left diagnostic blank screen
v 0.120625 0.628125 0.39875
v 0.15125 0.628125 0.39875
v 0.156875 0.63375 0.39875
v 0.156875 0.711875 0.39875
v 0.15125 0.7175 0.39875
v 0.120625 0.7175 0.39875
v 0.115 0.711875 0.39875
v 0.115 0.63375 0.39875
v 0.120625 0.628125 0.4025
v 0.15125 0.628125 0.4025
v 0.156875 0.63375 0.4025
v 0.156875 0.711875 0.4025
v 0.15125 0.7175 0.4025
v 0.120625 0.7175 0.4025
v 0.115 0.711875 0.4025
v 0.115 0.63375 0.4025
vt 0.501953125 0.134574409965035
vt 0.5140216884328358 0.126953125
vt 0.5797283115671642 0.126953125
vt 0.501953125 0.240425590034965
vt 0.501953125 0.134574409965035
vt 0.5797283115671642 0.126953125
vt 0.5140216884328358 0.248046875
vt 0.501953125 0.240425590034965
vt 0.5797283115671642 0.126953125
vt 0.5797283115671642 0.248046875
vt 0.5140216884328358 0.248046875
vt 0.5797283115671642 0.126953125
vt 0.591796875 0.240425590034965
vt 0.5797283115671642 0.248046875
vt 0.5797283115671642 0.126953125
vt 0.591796875 0.134574409965035
vt 0.591796875 0.240425590034965
vt 0.5797283115671642 0.126953125
vt 0.90625 0.21875
vt 0.90625 0.21875
vt 0.90625 0.21875
vt 0.90625 0.21875
vt 0.90625 0.21875
vt 0.90625 0.21875
vt 0.90625 0.21875
vt 0.90625 0.21875
vt 0.90625 0.21875
vt 0.90625 0.21875
vt 0.90625 0.21875
vt 0.90625 0.21875
vt 0.90625 0.21875
vt 0.90625 0.21875
vt 0.90625 0.21875
vt 0.90625 0.21875
vt 0.90625 0.21875
vt 0.90625 0.21875
vt 0.90625 0.21875
vt 0.90625 0.21875
vt 0.90625 0.21875
vt 0.90625 0.21875
vt 0.90625 0.21875
vt 0.90625 0.21875
vt 0.90625 0.21875
vt 0.90625 0.21875
vt 0.90625 0.21875
vt 0.90625 0.21875
vt 0.90625 0.21875
vt 0.90625 0.21875
vt 0.90625 0.21875
vt 0.90625 0.21875
vt 0.90625 0.21875
vt 0.90625 0.21875
vt 0.90625 0.21875
vt 0.90625 0.21875
vt 0.90625 0.21875
vt 0.90625 0.21875
vt 0.90625 0.21875
vt 0.90625 0.21875
vt 0.90625 0.21875
vt 0.90625 0.21875
vt 0.90625 0.21875
vt 0.90625 0.21875
vt 0.90625 0.21875
vt 0.90625 0.21875
vt 0.90625 0.21875
vt 0.90625 0.21875
vt 0.90625 0.21875
vt 0.90625 0.21875
vn 0 0 -1
vn 0 0 -1
vn 0 0 -1
vn 0 0 -1
vn 0 0 -1
vn 0 0 -1
vn 0 0 1
vn 0 0 1
vn 0 0 1
vn 0 0 1
vn 0 0 1
vn 0 0 1
vn 0 -1 0
vn 0.7071067811865476 -0.7071067811865476 0
vn 1 0 0
vn 0.7071067811865476 0.7071067811865476 0
vn 0 1 0
vn -0.7071067811865476 0.7071067811865476 0
vn -1 0 0
vn -0.7071067811865476 -0.7071067811865476 0
usemtl m_f48be7cf-bb91-6454-17d7-690044295bf7
f 1115/4733/1377 1114/4734/1377 1113/4735/1377
f 1116/4736/1378 1115/4737/1378 1113/4738/1378
f 1117/4739/1379 1116/4740/1379 1113/4741/1379
f 1118/4742/1380 1117/4743/1380 1113/4744/1380
f 1119/4745/1381 1118/4746/1381 1113/4747/1381
f 1120/4748/1382 1119/4749/1382 1113/4750/1382
f 1121/4751/1383 1122/4752/1383 1123/4753/1383
f 1121/4754/1384 1123/4755/1384 1124/4756/1384
f 1121/4757/1385 1124/4758/1385 1125/4759/1385
f 1121/4760/1386 1125/4761/1386 1126/4762/1386
f 1121/4763/1387 1126/4764/1387 1127/4765/1387
f 1121/4766/1388 1127/4767/1388 1128/4768/1388
f 1113/4769/1389 1114/4770/1389 1122/4771/1389 1121/4772/1389
f 1114/4773/1390 1115/4774/1390 1123/4775/1390 1122/4776/1390
f 1115/4777/1391 1116/4778/1391 1124/4779/1391 1123/4780/1391
f 1116/4781/1392 1117/4782/1392 1125/4783/1392 1124/4784/1392
f 1117/4785/1393 1118/4786/1393 1126/4787/1393 1125/4788/1393
f 1118/4789/1394 1119/4790/1394 1127/4791/1394 1126/4792/1394
f 1119/4793/1395 1120/4794/1395 1128/4795/1395 1127/4796/1395
f 1120/4797/1396 1113/4798/1396 1121/4799/1396 1128/4800/1396
o Diagnostic key
v 0.11875 0.58875 0.395625
v 0.1525 0.58875 0.395625
v 0.155 0.59125 0.395625
v 0.155 0.595 0.395625
v 0.1525 0.5975 0.395625
v 0.11875 0.5975 0.395625
v 0.11625 0.595 0.395625
v 0.11625 0.59125 0.395625
v 0.11875 0.58875 0.4
v 0.1525 0.58875 0.4
v 0.155 0.59125 0.4
v 0.155 0.595 0.4
v 0.1525 0.5975 0.4
v 0.11875 0.5975 0.4
v 0.11625 0.595 0.4
v 0.11625 0.59125 0.4
vt 0.71875 0.15625
vt 0.71875 0.15625
vt 0.71875 0.15625
vt 0.71875 0.15625
vt 0.71875 0.15625
vt 0.71875 0.15625
vt 0.71875 0.15625
vt 0.71875 0.15625
vt 0.71875 0.15625
vt 0.71875 0.15625
vt 0.71875 0.15625
vt 0.71875 0.15625
vt 0.71875 0.15625
vt 0.71875 0.15625
vt 0.71875 0.15625
vt 0.71875 0.15625
vt 0.71875 0.15625
vt 0.71875 0.15625
vt 0.71875 0.15625
vt 0.71875 0.15625
vt 0.71875 0.15625
vt 0.71875 0.15625
vt 0.71875 0.15625
vt 0.71875 0.15625
vt 0.71875 0.15625
vt 0.71875 0.15625
vt 0.71875 0.15625
vt 0.71875 0.15625
vt 0.71875 0.15625
vt 0.71875 0.15625
vt 0.71875 0.15625
vt 0.71875 0.15625
vt 0.71875 0.15625
vt 0.71875 0.15625
vt 0.71875 0.15625
vt 0.71875 0.15625
vt 0.71875 0.15625
vt 0.71875 0.15625
vt 0.71875 0.15625
vt 0.71875 0.15625
vt 0.71875 0.15625
vt 0.71875 0.15625
vt 0.71875 0.15625
vt 0.71875 0.15625
vt 0.71875 0.15625
vt 0.71875 0.15625
vt 0.71875 0.15625
vt 0.71875 0.15625
vt 0.71875 0.15625
vt 0.71875 0.15625
vt 0.71875 0.15625
vt 0.71875 0.15625
vt 0.71875 0.15625
vt 0.71875 0.15625
vt 0.71875 0.15625
vt 0.71875 0.15625
vt 0.71875 0.15625
vt 0.71875 0.15625
vt 0.71875 0.15625
vt 0.71875 0.15625
vt 0.71875 0.15625
vt 0.71875 0.15625
vt 0.71875 0.15625
vt 0.71875 0.15625
vt 0.71875 0.15625
vt 0.71875 0.15625
vt 0.71875 0.15625
vt 0.71875 0.15625
vn 0 0 -1
vn 0 0 -1
vn 0 0 -1
vn 0 0 -1
vn 0 0 -1
vn 0 0 -1
vn 0 0 1
vn 0 0 1
vn 0 0 1
vn 0 0 1
vn 0 0 1
vn 0 0 1
vn 0 -1 0
vn 0.7071067811865553 -0.7071067811865397 0
vn 1 0 0
vn 0.7071067811865553 0.7071067811865397 0
vn 0 1 0
vn -0.7071067811865573 0.7071067811865378 0
vn -1 0 0
vn -0.7071067811865573 -0.7071067811865378 0
usemtl m_f48be7cf-bb91-6454-17d7-690044295bf7
f 1131/4801/1397 1130/4802/1397 1129/4803/1397
f 1132/4804/1398 1131/4805/1398 1129/4806/1398
f 1133/4807/1399 1132/4808/1399 1129/4809/1399
f 1134/4810/1400 1133/4811/1400 1129/4812/1400
f 1135/4813/1401 1134/4814/1401 1129/4815/1401
f 1136/4816/1402 1135/4817/1402 1129/4818/1402
f 1137/4819/1403 1138/4820/1403 1139/4821/1403
f 1137/4822/1404 1139/4823/1404 1140/4824/1404
f 1137/4825/1405 1140/4826/1405 1141/4827/1405
f 1137/4828/1406 1141/4829/1406 1142/4830/1406
f 1137/4831/1407 1142/4832/1407 1143/4833/1407
f 1137/4834/1408 1143/4835/1408 1144/4836/1408
f 1129/4837/1409 1130/4838/1409 1138/4839/1409 1137/4840/1409
f 1130/4841/1410 1131/4842/1410 1139/4843/1410 1138/4844/1410
f 1131/4845/1411 1132/4846/1411 1140/4847/1411 1139/4848/1411
f 1132/4849/1412 1133/4850/1412 1141/4851/1412 1140/4852/1412
f 1133/4853/1413 1134/4854/1413 1142/4855/1413 1141/4856/1413
f 1134/4857/1414 1135/4858/1414 1143/4859/1414 1142/4860/1414
f 1135/4861/1415 1136/4862/1415 1144/4863/1415 1143/4864/1415
f 1136/4865/1416 1129/4866/1416 1137/4867/1416 1144/4868/1416
o Diagnostic key
v 0.11875 0.60625 0.395625
v 0.1525 0.60625 0.395625
v 0.155 0.60875 0.395625
v 0.155 0.6125 0.395625
v 0.1525 0.615 0.395625
v 0.11875 0.615 0.395625
v 0.11625 0.6125 0.395625
v 0.11625 0.60875 0.395625
v 0.11875 0.60625 0.4
v 0.1525 0.60625 0.4
v 0.155 0.60875 0.4
v 0.155 0.6125 0.4
v 0.1525 0.615 0.4
v 0.11875 0.615 0.4
v 0.11625 0.6125 0.4
v 0.11625 0.60875 0.4
vt 0.71875 0.15625
vt 0.71875 0.15625
vt 0.71875 0.15625
vt 0.71875 0.15625
vt 0.71875 0.15625
vt 0.71875 0.15625
vt 0.71875 0.15625
vt 0.71875 0.15625
vt 0.71875 0.15625
vt 0.71875 0.15625
vt 0.71875 0.15625
vt 0.71875 0.15625
vt 0.71875 0.15625
vt 0.71875 0.15625
vt 0.71875 0.15625
vt 0.71875 0.15625
vt 0.71875 0.15625
vt 0.71875 0.15625
vt 0.71875 0.15625
vt 0.71875 0.15625
vt 0.71875 0.15625
vt 0.71875 0.15625
vt 0.71875 0.15625
vt 0.71875 0.15625
vt 0.71875 0.15625
vt 0.71875 0.15625
vt 0.71875 0.15625
vt 0.71875 0.15625
vt 0.71875 0.15625
vt 0.71875 0.15625
vt 0.71875 0.15625
vt 0.71875 0.15625
vt 0.71875 0.15625
vt 0.71875 0.15625
vt 0.71875 0.15625
vt 0.71875 0.15625
vt 0.71875 0.15625
vt 0.71875 0.15625
vt 0.71875 0.15625
vt 0.71875 0.15625
vt 0.71875 0.15625
vt 0.71875 0.15625
vt 0.71875 0.15625
vt 0.71875 0.15625
vt 0.71875 0.15625
vt 0.71875 0.15625
vt 0.71875 0.15625
vt 0.71875 0.15625
vt 0.71875 0.15625
vt 0.71875 0.15625
vt 0.71875 0.15625
vt 0.71875 0.15625
vt 0.71875 0.15625
vt 0.71875 0.15625
vt 0.71875 0.15625
vt 0.71875 0.15625
vt 0.71875 0.15625
vt 0.71875 0.15625
vt 0.71875 0.15625
vt 0.71875 0.15625
vt 0.71875 0.15625
vt 0.71875 0.15625
vt 0.71875 0.15625
vt 0.71875 0.15625
vt 0.71875 0.15625
vt 0.71875 0.15625
vt 0.71875 0.15625
vt 0.71875 0.15625
vn 0 0 -1
vn 0 0 -1
vn 0 0 -1
vn 0 0 -1
vn 0 0 -1
vn 0 0 -1
vn 0 0 1
vn 0 0 1
vn 0 0 1
vn 0 0 1
vn 0 0 1
vn 0 0 1
vn 0 -1 0
vn 0.7071067811865553 -0.7071067811865397 0
vn 1 0 0
vn 0.7071067811865397 0.7071067811865553 0
vn 0 1 0
vn -0.7071067811865417 0.7071067811865533 0
vn -1 0 0
vn -0.7071067811865573 -0.7071067811865378 0
usemtl m_f48be7cf-bb91-6454-17d7-690044295bf7
f 1147/4869/1417 1146/4870/1417 1145/4871/1417
f 1148/4872/1418 1147/4873/1418 1145/4874/1418
f 1149/4875/1419 1148/4876/1419 1145/4877/1419
f 1150/4878/1420 1149/4879/1420 1145/4880/1420
f 1151/4881/1421 1150/4882/1421 1145/4883/1421
f 1152/4884/1422 1151/4885/1422 1145/4886/1422
f 1153/4887/1423 1154/4888/1423 1155/4889/1423
f 1153/4890/1424 1155/4891/1424 1156/4892/1424
f 1153/4893/1425 1156/4894/1425 1157/4895/1425
f 1153/4896/1426 1157/4897/1426 1158/4898/1426
f 1153/4899/1427 1158/4900/1427 1159/4901/1427
f 1153/4902/1428 1159/4903/1428 1160/4904/1428
f 1145/4905/1429 1146/4906/1429 1154/4907/1429 1153/4908/1429
f 1146/4909/1430 1147/4910/1430 1155/4911/1430 1154/4912/1430
f 1147/4913/1431 1148/4914/1431 1156/4915/1431 1155/4916/1431
f 1148/4917/1432 1149/4918/1432 1157/4919/1432 1156/4920/1432
f 1149/4921/1433 1150/4922/1433 1158/4923/1433 1157/4924/1433
f 1150/4925/1434 1151/4926/1434 1159/4927/1434 1158/4928/1434
f 1151/4929/1435 1152/4930/1435 1160/4931/1435 1159/4932/1435
f 1152/4933/1436 1145/4934/1436 1153/4935/1436 1160/4936/1436
o Right cooling recess
v 0.844375 0.578125 0.40125
v 0.885625 0.578125 0.40125
v 0.895 0.5875 0.40125
v 0.895 0.720625 0.40125
v 0.885625 0.73 0.40125
v 0.844375 0.73 0.40125
v 0.835 0.720625 0.40125
v 0.835 0.5875 0.40125
v 0.844375 0.578125 0.405625
v 0.885625 0.578125 0.405625
v 0.895 0.5875 0.405625
v 0.895 0.720625 0.405625
v 0.885625 0.73 0.405625
v 0.844375 0.73 0.405625
v 0.835 0.720625 0.405625
v 0.835 0.5875 0.405625
vt 0.90625 0.21875
vt 0.90625 0.21875
vt 0.90625 0.21875
vt 0.90625 0.21875
vt 0.90625 0.21875
vt 0.90625 0.21875
vt 0.90625 0.21875
vt 0.90625 0.21875
vt 0.90625 0.21875
vt 0.90625 0.21875
vt 0.90625 0.21875
vt 0.90625 0.21875
vt 0.90625 0.21875
vt 0.90625 0.21875
vt 0.90625 0.21875
vt 0.90625 0.21875
vt 0.90625 0.21875
vt 0.90625 0.21875
vt 0.90625 0.21875
vt 0.90625 0.21875
vt 0.90625 0.21875
vt 0.90625 0.21875
vt 0.90625 0.21875
vt 0.90625 0.21875
vt 0.90625 0.21875
vt 0.90625 0.21875
vt 0.90625 0.21875
vt 0.90625 0.21875
vt 0.90625 0.21875
vt 0.90625 0.21875
vt 0.90625 0.21875
vt 0.90625 0.21875
vt 0.90625 0.21875
vt 0.90625 0.21875
vt 0.90625 0.21875
vt 0.90625 0.21875
vt 0.90625 0.21875
vt 0.90625 0.21875
vt 0.90625 0.21875
vt 0.90625 0.21875
vt 0.90625 0.21875
vt 0.90625 0.21875
vt 0.90625 0.21875
vt 0.90625 0.21875
vt 0.90625 0.21875
vt 0.90625 0.21875
vt 0.90625 0.21875
vt 0.90625 0.21875
vt 0.90625 0.21875
vt 0.90625 0.21875
vt 0.90625 0.21875
vt 0.90625 0.21875
vt 0.90625 0.21875
vt 0.90625 0.21875
vt 0.90625 0.21875
vt 0.90625 0.21875
vt 0.90625 0.21875
vt 0.90625 0.21875
vt 0.90625 0.21875
vt 0.90625 0.21875
vt 0.90625 0.21875
vt 0.90625 0.21875
vt 0.90625 0.21875
vt 0.90625 0.21875
vt 0.90625 0.21875
vt 0.90625 0.21875
vt 0.90625 0.21875
vt 0.90625 0.21875
vn 0 0 -1
vn 0 0 -1
vn 0 0 -1
vn 0 0 -1
vn 0 0 -1
vn 0 0 -1
vn 0 0 1
vn 0 0 1
vn 0 0 1
vn 0 0 1
vn 0 0 1
vn 0 0 1
vn 0 -1 0
vn 0.7071067811865476 -0.7071067811865476 0
vn 1 0 0
vn 0.7071067811865476 0.7071067811865476 0
vn 0 1 0
vn -0.7071067811865476 0.7071067811865476 0
vn -1 0 0
vn -0.7071067811865476 -0.7071067811865476 0
usemtl m_f48be7cf-bb91-6454-17d7-690044295bf7
f 1163/4937/1437 1162/4938/1437 1161/4939/1437
f 1164/4940/1438 1163/4941/1438 1161/4942/1438
f 1165/4943/1439 1164/4944/1439 1161/4945/1439
f 1166/4946/1440 1165/4947/1440 1161/4948/1440
f 1167/4949/1441 1166/4950/1441 1161/4951/1441
f 1168/4952/1442 1167/4953/1442 1161/4954/1442
f 1169/4955/1443 1170/4956/1443 1171/4957/1443
f 1169/4958/1444 1171/4959/1444 1172/4960/1444
f 1169/4961/1445 1172/4962/1445 1173/4963/1445
f 1169/4964/1446 1173/4965/1446 1174/4966/1446
f 1169/4967/1447 1174/4968/1447 1175/4969/1447
f 1169/4970/1448 1175/4971/1448 1176/4972/1448
f 1161/4973/1449 1162/4974/1449 1170/4975/1449 1169/4976/1449
f 1162/4977/1450 1163/4978/1450 1171/4979/1450 1170/4980/1450
f 1163/4981/1451 1164/4982/1451 1172/4983/1451 1171/4984/1451
f 1164/4985/1452 1165/4986/1452 1173/4987/1452 1172/4988/1452
f 1165/4989/1453 1166/4990/1453 1174/4991/1453 1173/4992/1453
f 1166/4993/1454 1167/4994/1454 1175/4995/1454 1174/4996/1454
f 1167/4997/1455 1168/4998/1455 1176/4999/1455 1175/5000/1455
f 1168/5001/1456 1161/5002/1456 1169/5003/1456 1176/5004/1456
o Right cooling louver
v 0.844375 0.596875 0.39375
v 0.885625 0.596875 0.39375
v 0.88875 0.6 0.39375
v 0.88875 0.605 0.39375
v 0.885625 0.608125 0.39375
v 0.844375 0.608125 0.39375
v 0.84125 0.605 0.39375
v 0.84125 0.6 0.39375
v 0.844375 0.596875 0.4025
v 0.885625 0.596875 0.4025
v 0.88875 0.6 0.4025
v 0.88875 0.605 0.4025
v 0.885625 0.608125 0.4025
v 0.844375 0.608125 0.4025
v 0.84125 0.605 0.4025
v 0.84125 0.6 0.4025
vt 0.78125 0.15625
vt 0.78125 0.15625
vt 0.78125 0.15625
vt 0.78125 0.15625
vt 0.78125 0.15625
vt 0.78125 0.15625
vt 0.78125 0.15625
vt 0.78125 0.15625
vt 0.78125 0.15625
vt 0.78125 0.15625
vt 0.78125 0.15625
vt 0.78125 0.15625
vt 0.78125 0.15625
vt 0.78125 0.15625
vt 0.78125 0.15625
vt 0.78125 0.15625
vt 0.78125 0.15625
vt 0.78125 0.15625
vt 0.78125 0.15625
vt 0.78125 0.15625
vt 0.78125 0.15625
vt 0.78125 0.15625
vt 0.78125 0.15625
vt 0.78125 0.15625
vt 0.78125 0.15625
vt 0.78125 0.15625
vt 0.78125 0.15625
vt 0.78125 0.15625
vt 0.78125 0.15625
vt 0.78125 0.15625
vt 0.78125 0.15625
vt 0.78125 0.15625
vt 0.78125 0.15625
vt 0.78125 0.15625
vt 0.78125 0.15625
vt 0.78125 0.15625
vt 0.78125 0.15625
vt 0.78125 0.15625
vt 0.78125 0.15625
vt 0.78125 0.15625
vt 0.78125 0.15625
vt 0.78125 0.15625
vt 0.78125 0.15625
vt 0.78125 0.15625
vt 0.78125 0.15625
vt 0.78125 0.15625
vt 0.78125 0.15625
vt 0.78125 0.15625
vt 0.78125 0.15625
vt 0.78125 0.15625
vt 0.78125 0.15625
vt 0.78125 0.15625
vt 0.78125 0.15625
vt 0.78125 0.15625
vt 0.78125 0.15625
vt 0.78125 0.15625
vt 0.78125 0.15625
vt 0.78125 0.15625
vt 0.78125 0.15625
vt 0.78125 0.15625
vt 0.78125 0.15625
vt 0.78125 0.15625
vt 0.78125 0.15625
vt 0.78125 0.15625
vt 0.78125 0.15625
vt 0.78125 0.15625
vt 0.78125 0.15625
vt 0.78125 0.15625
vn 0 0 -1
vn 0 0 -1
vn 0 0 -1
vn 0 0 -1
vn 0 0 -1
vn 0 0 -1
vn 0 0 1
vn 0 0 1
vn 0 0 1
vn 0 0 1
vn 0 0 1
vn 0 0 1
vn 0 -1 0
vn 0.707106781186535 -0.7071067811865601 0
vn 1 0 0
vn 0.7071067811865476 0.7071067811865476 0
vn 0 1 0
vn -0.7071067811865601 0.707106781186535 0
vn -1 0 0
vn -0.7071067811865476 -0.7071067811865476 0
usemtl m_f48be7cf-bb91-6454-17d7-690044295bf7
f 1179/5005/1457 1178/5006/1457 1177/5007/1457
f 1180/5008/1458 1179/5009/1458 1177/5010/1458
f 1181/5011/1459 1180/5012/1459 1177/5013/1459
f 1182/5014/1460 1181/5015/1460 1177/5016/1460
f 1183/5017/1461 1182/5018/1461 1177/5019/1461
f 1184/5020/1462 1183/5021/1462 1177/5022/1462
f 1185/5023/1463 1186/5024/1463 1187/5025/1463
f 1185/5026/1464 1187/5027/1464 1188/5028/1464
f 1185/5029/1465 1188/5030/1465 1189/5031/1465
f 1185/5032/1466 1189/5033/1466 1190/5034/1466
f 1185/5035/1467 1190/5036/1467 1191/5037/1467
f 1185/5038/1468 1191/5039/1468 1192/5040/1468
f 1177/5041/1469 1178/5042/1469 1186/5043/1469 1185/5044/1469
f 1178/5045/1470 1179/5046/1470 1187/5047/1470 1186/5048/1470
f 1179/5049/1471 1180/5050/1471 1188/5051/1471 1187/5052/1471
f 1180/5053/1472 1181/5054/1472 1189/5055/1472 1188/5056/1472
f 1181/5057/1473 1182/5058/1473 1190/5059/1473 1189/5060/1473
f 1182/5061/1474 1183/5062/1474 1191/5063/1474 1190/5064/1474
f 1183/5065/1475 1184/5066/1475 1192/5067/1475 1191/5068/1475
f 1184/5069/1476 1177/5070/1476 1185/5071/1476 1192/5072/1476
o Right cooling louver
v 0.844375 0.62625 0.39375
v 0.885625 0.62625 0.39375
v 0.88875 0.629375 0.39375
v 0.88875 0.634375 0.39375
v 0.885625 0.6375 0.39375
v 0.844375 0.6375 0.39375
v 0.84125 0.634375 0.39375
v 0.84125 0.629375 0.39375
v 0.844375 0.62625 0.4025
v 0.885625 0.62625 0.4025
v 0.88875 0.629375 0.4025
v 0.88875 0.634375 0.4025
v 0.885625 0.6375 0.4025
v 0.844375 0.6375 0.4025
v 0.84125 0.634375 0.4025
v 0.84125 0.629375 0.4025
vt 0.78125 0.15625
vt 0.78125 0.15625
vt 0.78125 0.15625
vt 0.78125 0.15625
vt 0.78125 0.15625
vt 0.78125 0.15625
vt 0.78125 0.15625
vt 0.78125 0.15625
vt 0.78125 0.15625
vt 0.78125 0.15625
vt 0.78125 0.15625
vt 0.78125 0.15625
vt 0.78125 0.15625
vt 0.78125 0.15625
vt 0.78125 0.15625
vt 0.78125 0.15625
vt 0.78125 0.15625
vt 0.78125 0.15625
vt 0.78125 0.15625
vt 0.78125 0.15625
vt 0.78125 0.15625
vt 0.78125 0.15625
vt 0.78125 0.15625
vt 0.78125 0.15625
vt 0.78125 0.15625
vt 0.78125 0.15625
vt 0.78125 0.15625
vt 0.78125 0.15625
vt 0.78125 0.15625
vt 0.78125 0.15625
vt 0.78125 0.15625
vt 0.78125 0.15625
vt 0.78125 0.15625
vt 0.78125 0.15625
vt 0.78125 0.15625
vt 0.78125 0.15625
vt 0.78125 0.15625
vt 0.78125 0.15625
vt 0.78125 0.15625
vt 0.78125 0.15625
vt 0.78125 0.15625
vt 0.78125 0.15625
vt 0.78125 0.15625
vt 0.78125 0.15625
vt 0.78125 0.15625
vt 0.78125 0.15625
vt 0.78125 0.15625
vt 0.78125 0.15625
vt 0.78125 0.15625
vt 0.78125 0.15625
vt 0.78125 0.15625
vt 0.78125 0.15625
vt 0.78125 0.15625
vt 0.78125 0.15625
vt 0.78125 0.15625
vt 0.78125 0.15625
vt 0.78125 0.15625
vt 0.78125 0.15625
vt 0.78125 0.15625
vt 0.78125 0.15625
vt 0.78125 0.15625
vt 0.78125 0.15625
vt 0.78125 0.15625
vt 0.78125 0.15625
vt 0.78125 0.15625
vt 0.78125 0.15625
vt 0.78125 0.15625
vt 0.78125 0.15625
vn 0 0 -1
vn 0 0 -1
vn 0 0 -1
vn 0 0 -1
vn 0 0 -1
vn 0 0 -1
vn 0 0 1
vn 0 0 1
vn 0 0 1
vn 0 0 1
vn 0 0 1
vn 0 0 1
vn 0 -1 0
vn 0.7071067811865476 -0.7071067811865476 0
vn 1 0 0
vn 0.707106781186535 0.7071067811865601 0
vn 0 1 0
vn -0.7071067811865476 0.7071067811865476 0
vn -1 0 0
vn -0.7071067811865601 -0.707106781186535 0
usemtl m_f48be7cf-bb91-6454-17d7-690044295bf7
f 1195/5073/1477 1194/5074/1477 1193/5075/1477
f 1196/5076/1478 1195/5077/1478 1193/5078/1478
f 1197/5079/1479 1196/5080/1479 1193/5081/1479
f 1198/5082/1480 1197/5083/1480 1193/5084/1480
f 1199/5085/1481 1198/5086/1481 1193/5087/1481
f 1200/5088/1482 1199/5089/1482 1193/5090/1482
f 1201/5091/1483 1202/5092/1483 1203/5093/1483
f 1201/5094/1484 1203/5095/1484 1204/5096/1484
f 1201/5097/1485 1204/5098/1485 1205/5099/1485
f 1201/5100/1486 1205/5101/1486 1206/5102/1486
f 1201/5103/1487 1206/5104/1487 1207/5105/1487
f 1201/5106/1488 1207/5107/1488 1208/5108/1488
f 1193/5109/1489 1194/5110/1489 1202/5111/1489 1201/5112/1489
f 1194/5113/1490 1195/5114/1490 1203/5115/1490 1202/5116/1490
f 1195/5117/1491 1196/5118/1491 1204/5119/1491 1203/5120/1491
f 1196/5121/1492 1197/5122/1492 1205/5123/1492 1204/5124/1492
f 1197/5125/1493 1198/5126/1493 1206/5127/1493 1205/5128/1493
f 1198/5129/1494 1199/5130/1494 1207/5131/1494 1206/5132/1494
f 1199/5133/1495 1200/5134/1495 1208/5135/1495 1207/5136/1495
f 1200/5137/1496 1193/5138/1496 1201/5139/1496 1208/5140/1496
o Right cooling louver
v 0.844375 0.655625 0.39375
v 0.885625 0.655625 0.39375
v 0.88875 0.65875 0.39375
v 0.88875 0.66375 0.39375
v 0.885625 0.666875 0.39375
v 0.844375 0.666875 0.39375
v 0.84125 0.66375 0.39375
v 0.84125 0.65875 0.39375
v 0.844375 0.655625 0.4025
v 0.885625 0.655625 0.4025
v 0.88875 0.65875 0.4025
v 0.88875 0.66375 0.4025
v 0.885625 0.666875 0.4025
v 0.844375 0.666875 0.4025
v 0.84125 0.66375 0.4025
v 0.84125 0.65875 0.4025
vt 0.78125 0.15625
vt 0.78125 0.15625
vt 0.78125 0.15625
vt 0.78125 0.15625
vt 0.78125 0.15625
vt 0.78125 0.15625
vt 0.78125 0.15625
vt 0.78125 0.15625
vt 0.78125 0.15625
vt 0.78125 0.15625
vt 0.78125 0.15625
vt 0.78125 0.15625
vt 0.78125 0.15625
vt 0.78125 0.15625
vt 0.78125 0.15625
vt 0.78125 0.15625
vt 0.78125 0.15625
vt 0.78125 0.15625
vt 0.78125 0.15625
vt 0.78125 0.15625
vt 0.78125 0.15625
vt 0.78125 0.15625
vt 0.78125 0.15625
vt 0.78125 0.15625
vt 0.78125 0.15625
vt 0.78125 0.15625
vt 0.78125 0.15625
vt 0.78125 0.15625
vt 0.78125 0.15625
vt 0.78125 0.15625
vt 0.78125 0.15625
vt 0.78125 0.15625
vt 0.78125 0.15625
vt 0.78125 0.15625
vt 0.78125 0.15625
vt 0.78125 0.15625
vt 0.78125 0.15625
vt 0.78125 0.15625
vt 0.78125 0.15625
vt 0.78125 0.15625
vt 0.78125 0.15625
vt 0.78125 0.15625
vt 0.78125 0.15625
vt 0.78125 0.15625
vt 0.78125 0.15625
vt 0.78125 0.15625
vt 0.78125 0.15625
vt 0.78125 0.15625
vt 0.78125 0.15625
vt 0.78125 0.15625
vt 0.78125 0.15625
vt 0.78125 0.15625
vt 0.78125 0.15625
vt 0.78125 0.15625
vt 0.78125 0.15625
vt 0.78125 0.15625
vt 0.78125 0.15625
vt 0.78125 0.15625
vt 0.78125 0.15625
vt 0.78125 0.15625
vt 0.78125 0.15625
vt 0.78125 0.15625
vt 0.78125 0.15625
vt 0.78125 0.15625
vt 0.78125 0.15625
vt 0.78125 0.15625
vt 0.78125 0.15625
vt 0.78125 0.15625
vn 0 0 -1
vn 0 0 -1
vn 0 0 -1
vn 0 0 -1
vn 0 0 -1
vn 0 0 -1
vn 0 0 1
vn 0 0 1
vn 0 0 1
vn 0 0 1
vn 0 0 1
vn 0 0 1
vn 0 -1 0
vn 0.707106781186535 -0.7071067811865601 0
vn 1 0 0
vn 0.7071067811865476 0.7071067811865476 0
vn 0 1 0
vn -0.7071067811865601 0.707106781186535 0
vn -1 0 0
vn -0.7071067811865476 -0.7071067811865476 0
usemtl m_f48be7cf-bb91-6454-17d7-690044295bf7
f 1211/5141/1497 1210/5142/1497 1209/5143/1497
f 1212/5144/1498 1211/5145/1498 1209/5146/1498
f 1213/5147/1499 1212/5148/1499 1209/5149/1499
f 1214/5150/1500 1213/5151/1500 1209/5152/1500
f 1215/5153/1501 1214/5154/1501 1209/5155/1501
f 1216/5156/1502 1215/5157/1502 1209/5158/1502
f 1217/5159/1503 1218/5160/1503 1219/5161/1503
f 1217/5162/1504 1219/5163/1504 1220/5164/1504
f 1217/5165/1505 1220/5166/1505 1221/5167/1505
f 1217/5168/1506 1221/5169/1506 1222/5170/1506
f 1217/5171/1507 1222/5172/1507 1223/5173/1507
f 1217/5174/1508 1223/5175/1508 1224/5176/1508
f 1209/5177/1509 1210/5178/1509 1218/5179/1509 1217/5180/1509
f 1210/5181/1510 1211/5182/1510 1219/5183/1510 1218/5184/1510
f 1211/5185/1511 1212/5186/1511 1220/5187/1511 1219/5188/1511
f 1212/5189/1512 1213/5190/1512 1221/5191/1512 1220/5192/1512
f 1213/5193/1513 1214/5194/1513 1222/5195/1513 1221/5196/1513
f 1214/5197/1514 1215/5198/1514 1223/5199/1514 1222/5200/1514
f 1215/5201/1515 1216/5202/1515 1224/5203/1515 1223/5204/1515
f 1216/5205/1516 1209/5206/1516 1217/5207/1516 1224/5208/1516
o Right cooling louver
v 0.844375 0.685 0.39375
v 0.885625 0.685 0.39375
v 0.88875 0.688125 0.39375
v 0.88875 0.693125 0.39375
v 0.885625 0.69625 0.39375
v 0.844375 0.69625 0.39375
v 0.84125 0.693125 0.39375
v 0.84125 0.688125 0.39375
v 0.844375 0.685 0.4025
v 0.885625 0.685 0.4025
v 0.88875 0.688125 0.4025
v 0.88875 0.693125 0.4025
v 0.885625 0.69625 0.4025
v 0.844375 0.69625 0.4025
v 0.84125 0.693125 0.4025
v 0.84125 0.688125 0.4025
vt 0.78125 0.15625
vt 0.78125 0.15625
vt 0.78125 0.15625
vt 0.78125 0.15625
vt 0.78125 0.15625
vt 0.78125 0.15625
vt 0.78125 0.15625
vt 0.78125 0.15625
vt 0.78125 0.15625
vt 0.78125 0.15625
vt 0.78125 0.15625
vt 0.78125 0.15625
vt 0.78125 0.15625
vt 0.78125 0.15625
vt 0.78125 0.15625
vt 0.78125 0.15625
vt 0.78125 0.15625
vt 0.78125 0.15625
vt 0.78125 0.15625
vt 0.78125 0.15625
vt 0.78125 0.15625
vt 0.78125 0.15625
vt 0.78125 0.15625
vt 0.78125 0.15625
vt 0.78125 0.15625
vt 0.78125 0.15625
vt 0.78125 0.15625
vt 0.78125 0.15625
vt 0.78125 0.15625
vt 0.78125 0.15625
vt 0.78125 0.15625
vt 0.78125 0.15625
vt 0.78125 0.15625
vt 0.78125 0.15625
vt 0.78125 0.15625
vt 0.78125 0.15625
vt 0.78125 0.15625
vt 0.78125 0.15625
vt 0.78125 0.15625
vt 0.78125 0.15625
vt 0.78125 0.15625
vt 0.78125 0.15625
vt 0.78125 0.15625
vt 0.78125 0.15625
vt 0.78125 0.15625
vt 0.78125 0.15625
vt 0.78125 0.15625
vt 0.78125 0.15625
vt 0.78125 0.15625
vt 0.78125 0.15625
vt 0.78125 0.15625
vt 0.78125 0.15625
vt 0.78125 0.15625
vt 0.78125 0.15625
vt 0.78125 0.15625
vt 0.78125 0.15625
vt 0.78125 0.15625
vt 0.78125 0.15625
vt 0.78125 0.15625
vt 0.78125 0.15625
vt 0.78125 0.15625
vt 0.78125 0.15625
vt 0.78125 0.15625
vt 0.78125 0.15625
vt 0.78125 0.15625
vt 0.78125 0.15625
vt 0.78125 0.15625
vt 0.78125 0.15625
vn 0 0 -1
vn 0 0 -1
vn 0 0 -1
vn 0 0 -1
vn 0 0 -1
vn 0 0 -1
vn 0 0 1
vn 0 0 1
vn 0 0 1
vn 0 0 1
vn 0 0 1
vn 0 0 1
vn 0 -1 0
vn 0.707106781186535 -0.7071067811865601 0
vn 1 0 0
vn 0.7071067811865476 0.7071067811865476 0
vn 0 1 0
vn -0.7071067811865601 0.707106781186535 0
vn -1 0 0
vn -0.7071067811865476 -0.7071067811865476 0
usemtl m_f48be7cf-bb91-6454-17d7-690044295bf7
f 1227/5209/1517 1226/5210/1517 1225/5211/1517
f 1228/5212/1518 1227/5213/1518 1225/5214/1518
f 1229/5215/1519 1228/5216/1519 1225/5217/1519
f 1230/5218/1520 1229/5219/1520 1225/5220/1520
f 1231/5221/1521 1230/5222/1521 1225/5223/1521
f 1232/5224/1522 1231/5225/1522 1225/5226/1522
f 1233/5227/1523 1234/5228/1523 1235/5229/1523
f 1233/5230/1524 1235/5231/1524 1236/5232/1524
f 1233/5233/1525 1236/5234/1525 1237/5235/1525
f 1233/5236/1526 1237/5237/1526 1238/5238/1526
f 1233/5239/1527 1238/5240/1527 1239/5241/1527
f 1233/5242/1528 1239/5243/1528 1240/5244/1528
f 1225/5245/1529 1226/5246/1529 1234/5247/1529 1233/5248/1529
f 1226/5249/1530 1227/5250/1530 1235/5251/1530 1234/5252/1530
f 1227/5253/1531 1228/5254/1531 1236/5255/1531 1235/5256/1531
f 1228/5257/1532 1229/5258/1532 1237/5259/1532 1236/5260/1532
f 1229/5261/1533 1230/5262/1533 1238/5263/1533 1237/5264/1533
f 1230/5265/1534 1231/5266/1534 1239/5267/1534 1238/5268/1534
f 1231/5269/1535 1232/5270/1535 1240/5271/1535 1239/5272/1535
f 1232/5273/1536 1225/5274/1536 1233/5275/1536 1240/5276/1536