# Made in Blockbench 5.2.1
mtllib captain_chair.mtl

o octagonal_floor_plinth
v 0.821875 0 0.825
v 0.8160136114155692 0 0.846875
v 0.8 0 0.8628886114155692
v 0.778125 0 0.86875
v 0.221875 0 0.86875
v 0.2 0 0.8628886114155692
v 0.18398638858443078 0 0.846875
v 0.17812499999999998 0 0.825
v 0.17812499999999998 0 0.28750000000000003
v 0.18398638858443078 0 0.26562500000000006
v 0.19999999999999996 0 0.24961138858443088
v 0.221875 0 0.24375000000000002
v 0.778125 0 0.24375000000000002
v 0.8 0 0.24961138858443083
v 0.8160136114155692 0 0.265625
v 0.821875 0 0.28750000000000003
v 0.8375 0.014249999999999999 0.828125
v 0.8299639289628746 0.014249999999999999 0.85625
v 0.809375 0.014249999999999999 0.8768389289628746
v 0.78125 0.014249999999999999 0.884375
v 0.21875 0.014249999999999999 0.884375
v 0.190625 0.014249999999999999 0.8768389289628746
v 0.1700360710371253 0.014249999999999999 0.85625
v 0.16249999999999998 0.014249999999999999 0.828125
v 0.16249999999999998 0.014249999999999999 0.28437500000000004
v 0.1700360710371253 0.014249999999999999 0.25625000000000003
v 0.190625 0.014249999999999999 0.23566107103712536
v 0.21875 0.014249999999999999 0.22812500000000002
v 0.78125 0.014249999999999999 0.22812500000000002
v 0.809375 0.014249999999999999 0.23566107103712536
v 0.8299639289628746 0.014249999999999999 0.25625000000000003
v 0.8375 0.014249999999999999 0.28437500000000004
v 0.8375 0.03325 0.828125
v 0.8299639289628746 0.03325 0.85625
v 0.809375 0.03325 0.8768389289628746
v 0.78125 0.03325 0.884375
v 0.21875 0.03325 0.884375
v 0.190625 0.03325 0.8768389289628746
v 0.1700360710371253 0.03325 0.85625
v 0.16249999999999998 0.03325 0.828125
v 0.16249999999999998 0.03325 0.28437500000000004
v 0.1700360710371253 0.03325 0.25625000000000003
v 0.190625 0.03325 0.23566107103712536
v 0.21875 0.03325 0.22812500000000002
v 0.78125 0.03325 0.22812500000000002
v 0.809375 0.03325 0.23566107103712536
v 0.8299639289628746 0.03325 0.25625000000000003
v 0.8375 0.03325 0.28437500000000004
v 0.8171875 0.0475 0.8203125
v 0.8113261114155692 0.0475 0.8421875
v 0.7953125 0.0475 0.8582011114155692
v 0.7734375 0.0475 0.8640625
v 0.2265625 0.0475 0.8640625
v 0.20468750000000002 0.0475 0.8582011114155692
v 0.1886738885844308 0.0475 0.8421875
v 0.1828125 0.0475 0.8203125
v 0.1828125 0.0475 0.29218750000000004
v 0.1886738885844308 0.0475 0.27031250000000007
v 0.20468749999999997 0.0475 0.25429888858443084
v 0.2265625 0.0475 0.24843750000000003
v 0.7734375 0.0475 0.24843750000000003
v 0.7953125 0.0475 0.25429888858443084
v 0.8113261114155692 0.0475 0.2703125
v 0.8171875 0.0475 0.29218750000000004
v 0.5 0 0.5562499999999999
v 0.5 0.047499999999999994 0.55625
vt 0.41875 0.5859375
vt 0.4149819644814373 0.571875
vt 0.4080068057077846 0.5765625
vt 0.4109375 0.5875
vt 0.4149819644814373 0.571875
vt 0.4046875 0.5615805355185627
vt 0.4 0.5685556942922154
vt 0.4080068057077846 0.5765625
vt 0.4046875 0.5615805355185627
vt 0.390625 0.5578125
vt 0.3890625 0.565625
vt 0.4 0.5685556942922154
vt 0.390625 0.5578125
vt 0.109375 0.5578125
vt 0.1109375 0.565625
vt 0.3890625 0.565625
vt 0.109375 0.5578125
vt 0.0953125 0.5615805355185627
vt 0.1 0.5685556942922154
vt 0.1109375 0.565625
vt 0.0953125 0.5615805355185627
vt 0.08501803551856266 0.571875
vt 0.09199319429221539 0.5765625
vt 0.1 0.5685556942922154
vt 0.08501803551856266 0.571875
vt 0.08124999999999999 0.5859375
vt 0.08906249999999999 0.5875
vt 0.09199319429221539 0.5765625
vt 0.08124999999999999 0.5859375
vt 0.08124999999999999 0.8578125
vt 0.08906249999999999 0.85625
vt 0.08906249999999999 0.5875
vt 0.08124999999999999 0.8578125
vt 0.08501803551856266 0.871875
vt 0.09199319429221539 0.8671875
vt 0.08906249999999999 0.85625
vt 0.08501803551856266 0.871875
vt 0.0953125 0.8821694644814373
vt 0.09999999999999998 0.8751943057077846
vt 0.09199319429221539 0.8671875
vt 0.0953125 0.8821694644814373
vt 0.109375 0.8859375
vt 0.1109375 0.878125
vt 0.09999999999999998 0.8751943057077846
vt 0.109375 0.8859375
vt 0.390625 0.8859375
vt 0.3890625 0.878125
vt 0.1109375 0.878125
vt 0.390625 0.8859375
vt 0.4046875 0.8821694644814373
vt 0.4 0.8751943057077846
vt 0.3890625 0.878125
vt 0.4046875 0.8821694644814373
vt 0.4149819644814373 0.871875
vt 0.4080068057077846 0.8671875
vt 0.4 0.8751943057077846
vt 0.4149819644814373 0.871875
vt 0.41875 0.8578125
vt 0.4109375 0.85625
vt 0.4080068057077846 0.8671875
vt 0.41875 0.8578125
vt 0.41875 0.5859375
vt 0.4109375 0.5875
vt 0.4109375 0.85625
vt 0.4140625 0.016625
vt 0.428125 0.016625
vt 0.428125 0.007125000000000048
vt 0.4140625 0.007125000000000048
vt 0.428125 0.016625
vt 0.4384194644814373 0.016625
vt 0.4384194644814373 0.007125000000000048
vt 0.428125 0.007125000000000048
vt 0.4046875 0.016625
vt 0.390625 0.016625
vt 0.390625 0.007125000000000048
vt 0.4046875 0.007125000000000048
vt 0.390625 0.016625
vt 0.109375 0.016625
vt 0.109375 0.007125000000000048
vt 0.390625 0.007125000000000048
vt 0.109375 0.016625
vt 0.0953125 0.016625
vt 0.0953125 0.007125000000000048
vt 0.109375 0.007125000000000048
vt 0.4384194644814373 0.016625
vt 0.428125 0.016625
vt 0.428125 0.007125000000000048
vt 0.4384194644814373 0.007125000000000048
vt 0.428125 0.016625
vt 0.4140625 0.016625
vt 0.4140625 0.007125000000000048
vt 0.428125 0.007125000000000048
vt 0.4140625 0.016625
vt 0.14218750000000002 0.016625
vt 0.14218750000000002 0.007125000000000048
vt 0.4140625 0.007125000000000048
vt 0.14218750000000002 0.016625
vt 0.12812500000000002 0.016625
vt 0.12812500000000002 0.007125000000000048
vt 0.14218750000000002 0.007125000000000048
vt 0.12812500000000002 0.016625
vt 0.11783053551856268 0.016625
vt 0.11783053551856268 0.007125000000000048
vt 0.12812500000000002 0.007125000000000048
vt 0.0953125 0.016625
vt 0.109375 0.016625
vt 0.109375 0.007125000000000048
vt 0.0953125 0.007125000000000048
vt 0.109375 0.016625
vt 0.390625 0.016625
vt 0.390625 0.007125000000000048
vt 0.109375 0.007125000000000048
vt 0.390625 0.016625
vt 0.4046875 0.016625
vt 0.4046875 0.007125000000000048
vt 0.390625 0.007125000000000048
vt 0.11783053551856268 0.016625
vt 0.12812500000000002 0.016625
vt 0.12812500000000002 0.007125000000000048
vt 0.11783053551856268 0.007125000000000048
vt 0.12812500000000002 0.016625
vt 0.14218750000000002 0.016625
vt 0.14218750000000002 0.007125000000000048
vt 0.12812500000000002 0.007125000000000048
vt 0.14218750000000002 0.016625
vt 0.4140625 0.016625
vt 0.4140625 0.007125000000000048
vt 0.14218750000000002 0.007125000000000048
vt 0.40859375 0.58984375
vt 0.4056630557077846 0.57890625
vt 0.4149819644814373 0.571875
vt 0.41875 0.5859375
vt 0.4056630557077846 0.57890625
vt 0.39765625 0.5708994442922154
vt 0.4046875 0.5615805355185627
vt 0.4149819644814373 0.571875
vt 0.39765625 0.5708994442922154
vt 0.38671875 0.56796875
vt 0.390625 0.5578125
vt 0.4046875 0.5615805355185627
vt 0.38671875 0.56796875
vt 0.11328125 0.56796875
vt 0.109375 0.5578125
vt 0.390625 0.5578125
vt 0.11328125 0.56796875
vt 0.10234375000000001 0.5708994442922154
vt 0.0953125 0.5615805355185627
vt 0.109375 0.5578125
vt 0.10234375000000001 0.5708994442922154
vt 0.0943369442922154 0.57890625
vt 0.08501803551856266 0.571875
vt 0.0953125 0.5615805355185627
vt 0.0943369442922154 0.57890625
vt 0.09140625 0.58984375
vt 0.08124999999999999 0.5859375
vt 0.08501803551856266 0.571875
vt 0.09140625 0.58984375
vt 0.09140625 0.85390625
vt 0.08124999999999999 0.8578125
vt 0.08124999999999999 0.5859375
vt 0.09140625 0.85390625
vt 0.0943369442922154 0.8648437499999999
vt 0.08501803551856266 0.871875
vt 0.08124999999999999 0.8578125
vt 0.0943369442922154 0.8648437499999999
vt 0.10234374999999998 0.8728505557077846
vt 0.0953125 0.8821694644814373
vt 0.08501803551856266 0.871875
vt 0.10234374999999998 0.8728505557077846
vt 0.11328125 0.87578125
vt 0.109375 0.8859375
vt 0.0953125 0.8821694644814373
vt 0.11328125 0.87578125
vt 0.38671875 0.87578125
vt 0.390625 0.8859375
vt 0.109375 0.8859375
vt 0.38671875 0.87578125
vt 0.39765625 0.8728505557077846
vt 0.4046875 0.8821694644814373
vt 0.390625 0.8859375
vt 0.39765625 0.8728505557077846
vt 0.4056630557077846 0.86484375
vt 0.4149819644814373 0.871875
vt 0.4046875 0.8821694644814373
vt 0.4056630557077846 0.86484375
vt 0.40859375 0.85390625
vt 0.41875 0.8578125
vt 0.4149819644814373 0.871875
vt 0.40859375 0.85390625
vt 0.40859375 0.58984375
vt 0.41875 0.5859375
vt 0.41875 0.8578125
vt 0.25 0.721875
vt 0.4109375 0.5875
vt 0.4080068057077846 0.5765625
vt 0.25 0.721875
vt 0.4080068057077846 0.5765625
vt 0.4 0.5685556942922154
vt 0.25 0.721875
vt 0.4 0.5685556942922154
vt 0.3890625 0.565625
vt 0.25 0.721875
vt 0.3890625 0.565625
vt 0.1109375 0.565625
vt 0.25 0.721875
vt 0.1109375 0.565625
vt 0.1 0.5685556942922154
vt 0.25 0.721875
vt 0.1 0.5685556942922154
vt 0.09199319429221539 0.5765625
vt 0.25 0.721875
vt 0.09199319429221539 0.5765625
vt 0.08906249999999999 0.5875
vt 0.25 0.721875
vt 0.08906249999999999 0.5875
vt 0.08906249999999999 0.85625
vt 0.25 0.721875
vt 0.08906249999999999 0.85625
vt 0.09199319429221539 0.8671875
vt 0.25 0.721875
vt 0.09199319429221539 0.8671875
vt 0.09999999999999998 0.8751943057077846
vt 0.25 0.721875
vt 0.09999999999999998 0.8751943057077846
vt 0.1109375 0.878125
vt 0.25 0.721875
vt 0.1109375 0.878125
vt 0.3890625 0.878125
vt 0.25 0.721875
vt 0.3890625 0.878125
vt 0.4 0.8751943057077846
vt 0.25 0.721875
vt 0.4 0.8751943057077846
vt 0.4080068057077846 0.8671875
vt 0.25 0.721875
vt 0.4080068057077846 0.8671875
vt 0.4109375 0.85625
vt 0.25 0.721875
vt 0.4109375 0.85625
vt 0.4109375 0.5875
vt 0.4056630557077846 0.57890625
vt 0.40859375 0.58984375
vt 0.25 0.721875
vt 0.39765625 0.5708994442922154
vt 0.4056630557077846 0.57890625
vt 0.25 0.721875
vt 0.38671875 0.56796875
vt 0.39765625 0.5708994442922154
vt 0.25 0.721875
vt 0.11328125 0.56796875
vt 0.38671875 0.56796875
vt 0.25 0.721875
vt 0.10234375000000001 0.5708994442922154
vt 0.11328125 0.56796875
vt 0.25 0.721875
vt 0.0943369442922154 0.57890625
vt 0.10234375000000001 0.5708994442922154
vt 0.25 0.721875
vt 0.09140625 0.58984375
vt 0.0943369442922154 0.57890625
vt 0.25 0.721875
vt 0.09140625 0.85390625
vt 0.09140625 0.58984375
vt 0.25 0.721875
vt 0.0943369442922154 0.8648437499999999
vt 0.09140625 0.85390625
vt 0.25 0.721875
vt 0.10234374999999998 0.8728505557077846
vt 0.0943369442922154 0.8648437499999999
vt 0.25 0.721875
vt 0.11328125 0.87578125
vt 0.10234374999999998 0.8728505557077846
vt 0.25 0.721875
vt 0.38671875 0.87578125
vt 0.11328125 0.87578125
vt 0.25 0.721875
vt 0.39765625 0.8728505557077846
vt 0.38671875 0.87578125
vt 0.25 0.721875
vt 0.4056630557077846 0.86484375
vt 0.39765625 0.8728505557077846
vt 0.25 0.721875
vt 0.40859375 0.85390625
vt 0.4056630557077846 0.86484375
vt 0.25 0.721875
vt 0.40859375 0.58984375
vt 0.40859375 0.85390625
vt 0.25 0.721875
vn 0.6446377444915553 -0.7447190538387954 0.17273016304713443
vn 0.4622835010478247 -0.7566954006189888 0.4622835010478247
vn 0.17273016304713426 -0.744719053838796 0.6446377444915546
vn 0 -0.7388692815651208 0.6738487847873901
vn -0.17273016304713396 -0.7447190538387959 0.6446377444915549
vn -0.4622835010478247 -0.7566954006189888 0.4622835010478247
vn -0.6446377444915549 -0.7447190538387961 0.17273016304713304
vn -0.6738487847873901 -0.7388692815651208 0
vn -0.6446377444915554 -0.7447190538387958 -0.17273016304713282
vn -0.46228350104782334 -0.7566954006189903 -0.46228350104782334
vn -0.1727301630471328 -0.7447190538387958 -0.6446377444915553
vn 0 -0.7388692815651208 -0.6738487847873901
vn 0.1727301630471333 -0.7447190538387952 -0.6446377444915559
vn 0.46228350104782406 -0.7566954006189897 -0.46228350104782406
vn 0.6446377444915551 -0.7447190538387958 -0.172730163047134
vn 0.6738487847873901 -0.7388692815651208 0
vn 0.9659258262890678 0 0.25881904510252324
vn 0.7071067811865476 0 0.7071067811865476
vn 0.25881904510252324 0 0.9659258262890678
vn 0 0 1
vn -0.25881904510252274 0 0.9659258262890679
vn -0.7071067811865476 0 0.7071067811865476
vn -0.9659258262890681 0 0.25881904510252146
vn -1 0 0
vn -0.9659258262890682 0 -0.25881904510252096
vn -0.7071067811865476 0 -0.7071067811865476
vn -0.25881904510252096 0 -0.9659258262890682
vn 0 0 -1
vn 0.25881904510252146 0 -0.9659258262890681
vn 0.7071067811865476 0 -0.7071067811865476
vn 0.9659258262890679 0 -0.25881904510252274
vn 1 0 0
vn 0.5311901096915674 0.8352117577397608 0.14233196091925365
vn 0.37098359943792547 0.8513180004535096 0.37098359943792547
vn 0.14233196091925301 0.8352117577397624 0.5311901096915651
vn 0 0.818639798488666 0.574307304785893
vn -0.14233196091925357 0.8352117577397609 0.5311901096915671
vn -0.37098359943792497 0.8513180004535101 0.37098359943792497
vn -0.5311901096915654 0.8352117577397618 0.14233196091925449
vn -0.574307304785894 0.8186397984886652 0
vn -0.5311901096915655 0.8352117577397616 -0.1423319609192545
vn -0.37098359943792564 0.85131800045351 -0.37098359943792436
vn -0.14233196091925412 0.8352117577397618 -0.5311901096915655
vn 0 0.8186397984886653 -0.574307304785894
vn 0.14233196091925457 0.8352117577397616 -0.5311901096915658
vn 0.3709835994379248 0.8513180004535097 -0.3709835994379261
vn 0.5311901096915651 0.8352117577397623 -0.14233196091925265
vn 0.574307304785893 0.8186397984886661 0
vn 0 -1 0
vn 0 -1 0
vn 0 -1 0
vn 0 -1 0
vn 0 -1 0
vn 0 -1 0
vn 0 -1 0
vn 0 -1 0
vn 0 -1 0
vn 0 -1 0
vn 0 -1 0
vn 0 -1 0
vn 0 -1 0
vn 0 -1 0
vn 0 -1 0
vn 0 -1 0
vn -1.788638248332899e-17 1 -4.792641741922138e-18
vn -1.1617807901374432e-17 1 -1.1617807901374432e-17
vn -4.878953800035693e-18 1 -1.820850346951462e-17
vn 0 1 -2.2542599484774755e-17
vn 4.8789538000356945e-18 1 -1.8208503469514625e-17
vn 1.1617807901374432e-17 1 -1.1617807901374432e-17
vn 1.788638248332896e-17 1 -4.792641741922175e-18
vn 2.1876315756160718e-17 1 0
vn 1.788638248332896e-17 1 4.792641741922175e-18
vn 1.1617807901374453e-17 1 1.1617807901374413e-17
vn 4.87895380003572e-18 1 1.8208503469514594e-17
vn 0 1 2.2542599484774752e-17
vn -4.87895380003573e-18 1 1.8208503469514585e-17
vn -1.1617807901374413e-17 1 1.1617807901374453e-17
vn -1.7886382483329e-17 1 4.7926417419221285e-18
vn -2.187631575616072e-17 1 0
usemtl chair_graphite
f 17/1/1 18/2/1 2/3/1 1/4/1
f 18/5/2 19/6/2 3/7/2 2/8/2
f 19/9/3 20/10/3 4/11/3 3/12/3
f 20/13/4 21/14/4 5/15/4 4/16/4
f 21/17/5 22/18/5 6/19/5 5/20/5
f 22/21/6 23/22/6 7/23/6 6/24/6
f 23/25/7 24/26/7 8/27/7 7/28/7
f 24/29/8 25/30/8 9/31/8 8/32/8
f 25/33/9 26/34/9 10/35/9 9/36/9
f 26/37/10 27/38/10 11/39/10 10/40/10
f 27/41/11 28/42/11 12/43/11 11/44/11
f 28/45/12 29/46/12 13/47/12 12/48/12
f 29/49/13 30/50/13 14/51/13 13/52/13
f 30/53/14 31/54/14 15/55/14 14/56/14
f 31/57/15 32/58/15 16/59/15 15/60/15
f 32/61/16 17/62/16 1/63/16 16/64/16
f 33/65/17 34/66/17 18/67/17 17/68/17
f 34/69/18 35/70/18 19/71/18 18/72/18
f 35/73/19 36/74/19 20/75/19 19/76/19
f 36/77/20 37/78/20 21/79/20 20/80/20
f 37/81/21 38/82/21 22/83/21 21/84/21
f 38/85/22 39/86/22 23/87/22 22/88/22
f 39/89/23 40/90/23 24/91/23 23/92/23
f 40/93/24 41/94/24 25/95/24 24/96/24
f 41/97/25 42/98/25 26/99/25 25/100/25
f 42/101/26 43/102/26 27/103/26 26/104/26
f 43/105/27 44/106/27 28/107/27 27/108/27
f 44/109/28 45/110/28 29/111/28 28/112/28
f 45/113/29 46/114/29 30/115/29 29/116/29
f 46/117/30 47/118/30 31/119/30 30/120/30
f 47/121/31 48/122/31 32/123/31 31/124/31
f 48/125/32 33/126/32 17/127/32 32/128/32
f 49/129/33 50/130/33 34/131/33 33/132/33
f 50/133/34 51/134/34 35/135/34 34/136/34
f 51/137/35 52/138/35 36/139/35 35/140/35
f 52/141/36 53/142/36 37/143/36 36/144/36
f 53/145/37 54/146/37 38/147/37 37/148/37
f 54/149/38 55/150/38 39/151/38 38/152/38
f 55/153/39 56/154/39 40/155/39 39/156/39
f 56/157/40 57/158/40 41/159/40 40/160/40
f 57/161/41 58/162/41 42/163/41 41/164/41
f 58/165/42 59/166/42 43/167/42 42/168/42
f 59/169/43 60/170/43 44/171/43 43/172/43
f 60/173/44 61/174/44 45/175/44 44/176/44
f 61/177/45 62/178/45 46/179/45 45/180/45
f 62/181/46 63/182/46 47/183/46 46/184/46
f 63/185/47 64/186/47 48/187/47 47/188/47
f 64/189/48 49/190/48 33/191/48 48/192/48
f 65/193/49 1/194/49 2/195/49
f 65/196/50 2/197/50 3/198/50
f 65/199/51 3/200/51 4/201/51
f 65/202/52 4/203/52 5/204/52
f 65/205/53 5/206/53 6/207/53
f 65/208/54 6/209/54 7/210/54
f 65/211/55 7/212/55 8/213/55
f 65/214/56 8/215/56 9/216/56
f 65/217/57 9/218/57 10/219/57
f 65/220/58 10/221/58 11/222/58
f 65/223/59 11/224/59 12/225/59
f 65/226/60 12/227/60 13/228/60
f 65/229/61 13/230/61 14/231/61
f 65/232/62 14/233/62 15/234/62
f 65/235/63 15/236/63 16/237/63
f 65/238/64 16/239/64 1/240/64
f 50/241/65 49/242/65 66/243/65
f 51/244/66 50/245/66 66/246/66
f 52/247/67 51/248/67 66/249/67
f 53/250/68 52/251/68 66/252/68
f 54/253/69 53/254/69 66/255/69
f 55/256/70 54/257/70 66/258/70
f 56/259/71 55/260/71 66/261/71
f 57/262/72 56/263/72 66/264/72
f 58/265/73 57/266/73 66/267/73
f 59/268/74 58/269/74 66/270/74
f 60/271/75 59/272/75 66/273/75
f 61/274/76 60/275/76 66/276/76
f 62/277/77 61/278/77 66/279/77
f 63/280/78 62/281/78 66/282/78
f 64/283/79 63/284/79 66/285/79
f 49/286/80 64/287/80 66/288/80
o plinth_inset_cap
v 0.76875 0.045937500000000006 0.7781250000000001
v 0.7637259526419165 0.045937500000000006 0.796875
v 0.75 0.045937500000000006 0.8106009526419165
v 0.73125 0.045937500000000006 0.815625
v 0.26875000000000004 0.045937500000000006 0.815625
v 0.25 0.045937500000000006 0.8106009526419165
v 0.23627404735808355 0.045937500000000006 0.796875
v 0.23125 0.045937500000000006 0.7781250000000001
v 0.23125 0.045937500000000006 0.334375
v 0.23627404735808355 0.045937500000000006 0.315625
v 0.25 0.045937500000000006 0.30189904735808354
v 0.26875000000000004 0.045937500000000006 0.296875
v 0.73125 0.045937500000000006 0.296875
v 0.75 0.045937500000000006 0.30189904735808354
v 0.7637259526419165 0.045937500000000006 0.315625
v 0.76875 0.045937500000000006 0.334375
v 0.784375 0.04875000000000001 0.78125
v 0.7776762701892219 0.04875000000000001 0.8062500000000001
v 0.759375 0.04875000000000001 0.8245512701892219
v 0.734375 0.04875000000000001 0.83125
v 0.265625 0.04875000000000001 0.83125
v 0.24062500000000003 0.04875000000000001 0.8245512701892219
v 0.22232372981077808 0.04875000000000001 0.8062500000000001
v 0.215625 0.04875000000000001 0.78125
v 0.215625 0.04875000000000001 0.33125
v 0.22232372981077808 0.04875000000000001 0.30624999999999997
v 0.24062499999999998 0.04875000000000001 0.28794872981077807
v 0.265625 0.04875000000000001 0.28125
v 0.734375 0.04875000000000001 0.28125
v 0.759375 0.04875000000000001 0.28794872981077807
v 0.7776762701892219 0.04875000000000001 0.30624999999999997
v 0.784375 0.04875000000000001 0.33125
v 0.784375 0.0525 0.78125
v 0.7776762701892219 0.0525 0.8062500000000001
v 0.759375 0.0525 0.8245512701892219
v 0.734375 0.0525 0.83125
v 0.265625 0.0525 0.83125
v 0.24062500000000003 0.0525 0.8245512701892219
v 0.22232372981077808 0.0525 0.8062500000000001
v 0.215625 0.0525 0.78125
v 0.215625 0.0525 0.33125
v 0.22232372981077808 0.0525 0.30624999999999997
v 0.24062499999999998 0.0525 0.28794872981077807
v 0.265625 0.0525 0.28125
v 0.734375 0.0525 0.28125
v 0.759375 0.0525 0.28794872981077807
v 0.7776762701892219 0.0525 0.30624999999999997
v 0.784375 0.0525 0.33125
v 0.7640625 0.0553125 0.7734375
v 0.7590384526419165 0.0553125 0.7921875
v 0.7453125 0.0553125 0.8059134526419165
v 0.7265625 0.0553125 0.8109375000000001
v 0.2734375 0.0553125 0.8109375000000001
v 0.25468750000000007 0.0553125 0.8059134526419165
v 0.24096154735808356 0.0553125 0.7921875
v 0.23593750000000002 0.0553125 0.7734375
v 0.23593750000000002 0.0553125 0.33906250000000004
v 0.24096154735808356 0.0553125 0.3203125
v 0.2546875 0.0553125 0.30658654735808355
v 0.2734375 0.0553125 0.3015625
v 0.7265625 0.0553125 0.3015625
v 0.7453125 0.0553125 0.30658654735808355
v 0.7590384526419165 0.0553125 0.3203125
v 0.7640625 0.0553125 0.33906250000000004
v 0.5 0.0459375 0.55625
v 0.5000000000000001 0.055312499999999994 0.5562500000000001
vt 0.3921875 0.609375
vt 0.38883813509461096 0.5968749999999999
vt 0.3818629763209582 0.6015625
vt 0.384375 0.6109374999999999
vt 0.38883813509461096 0.5968749999999999
vt 0.3796875 0.587724364905389
vt 0.375 0.5946995236790418
vt 0.3818629763209582 0.6015625
vt 0.3796875 0.587724364905389
vt 0.3671875 0.584375
vt 0.365625 0.5921875
vt 0.375 0.5946995236790418
vt 0.3671875 0.584375
vt 0.1328125 0.584375
vt 0.13437500000000002 0.5921875
vt 0.365625 0.5921875
vt 0.1328125 0.584375
vt 0.12031250000000002 0.587724364905389
vt 0.125 0.5946995236790418
vt 0.13437500000000002 0.5921875
vt 0.12031250000000002 0.587724364905389
vt 0.11116186490538904 0.5968749999999999
vt 0.11813702367904177 0.6015625
vt 0.125 0.5946995236790418
vt 0.11116186490538904 0.5968749999999999
vt 0.1078125 0.609375
vt 0.115625 0.6109374999999999
vt 0.11813702367904177 0.6015625
vt 0.1078125 0.609375
vt 0.1078125 0.834375
vt 0.115625 0.8328125
vt 0.115625 0.6109374999999999
vt 0.1078125 0.834375
vt 0.11116186490538904 0.846875
vt 0.11813702367904177 0.8421875
vt 0.115625 0.8328125
vt 0.11116186490538904 0.846875
vt 0.12031249999999999 0.8560256350946109
vt 0.125 0.8490504763209582
vt 0.11813702367904177 0.8421875
vt 0.12031249999999999 0.8560256350946109
vt 0.1328125 0.859375
vt 0.13437500000000002 0.8515625
vt 0.125 0.8490504763209582
vt 0.1328125 0.859375
vt 0.3671875 0.859375
vt 0.365625 0.8515625
vt 0.13437500000000002 0.8515625
vt 0.3671875 0.859375
vt 0.3796875 0.8560256350946109
vt 0.375 0.8490504763209582
vt 0.365625 0.8515625
vt 0.3796875 0.8560256350946109
vt 0.38883813509461096 0.846875
vt 0.3818629763209582 0.8421875
vt 0.375 0.8490504763209582
vt 0.38883813509461096 0.846875
vt 0.3921875 0.834375
vt 0.384375 0.8328125
vt 0.3818629763209582 0.8421875
vt 0.3921875 0.834375
vt 0.3921875 0.609375
vt 0.384375 0.6109374999999999
vt 0.384375 0.8328125
vt 0.390625 0.026249999999999996
vt 0.40312500000000007 0.026249999999999996
vt 0.40312500000000007 0.024375000000000036
vt 0.390625 0.024375000000000036
vt 0.38883813509461096 0.026249999999999996
vt 0.3796875 0.026249999999999996
vt 0.3796875 0.024375000000000036
vt 0.38883813509461096 0.024375000000000036
vt 0.3796875 0.026249999999999996
vt 0.3671875 0.026249999999999996
vt 0.3671875 0.024375000000000036
vt 0.3796875 0.024375000000000036
vt 0.3671875 0.026249999999999996
vt 0.1328125 0.026249999999999996
vt 0.1328125 0.024375000000000036
vt 0.3671875 0.024375000000000036
vt 0.1328125 0.026249999999999996
vt 0.12031250000000002 0.026249999999999996
vt 0.12031250000000002 0.024375000000000036
vt 0.1328125 0.024375000000000036
vt 0.12031250000000002 0.026249999999999996
vt 0.11116186490538904 0.026249999999999996
vt 0.11116186490538904 0.024375000000000036
vt 0.12031250000000002 0.024375000000000036
vt 0.40312500000000007 0.026249999999999996
vt 0.390625 0.026249999999999996
vt 0.390625 0.024375000000000036
vt 0.40312500000000007 0.024375000000000036
vt 0.390625 0.026249999999999996
vt 0.165625 0.026249999999999996
vt 0.165625 0.024375000000000036
vt 0.390625 0.024375000000000036
vt 0.165625 0.026249999999999996
vt 0.15312499999999998 0.026249999999999996
vt 0.15312499999999998 0.024375000000000036
vt 0.165625 0.024375000000000036
vt 0.15312499999999998 0.026249999999999996
vt 0.14397436490538904 0.026249999999999996
vt 0.14397436490538904 0.024375000000000036
vt 0.15312499999999998 0.024375000000000036
vt 0.12031249999999999 0.026249999999999996
vt 0.1328125 0.026249999999999996
vt 0.1328125 0.024375000000000036
vt 0.12031249999999999 0.024375000000000036
vt 0.1328125 0.026249999999999996
vt 0.3671875 0.026249999999999996
vt 0.3671875 0.024375000000000036
vt 0.1328125 0.024375000000000036
vt 0.3671875 0.026249999999999996
vt 0.3796875 0.026249999999999996
vt 0.3796875 0.024375000000000036
vt 0.3671875 0.024375000000000036
vt 0.14397436490538904 0.026249999999999996
vt 0.15312499999999998 0.026249999999999996
vt 0.15312499999999998 0.024375000000000036
vt 0.14397436490538904 0.024375000000000036
vt 0.15312499999999998 0.026249999999999996
vt 0.165625 0.026249999999999996
vt 0.165625 0.024375000000000036
vt 0.15312499999999998 0.024375000000000036
vt 0.165625 0.026249999999999996
vt 0.390625 0.026249999999999996
vt 0.390625 0.024375000000000036
vt 0.165625 0.024375000000000036
vt 0.38203125 0.61328125
vt 0.37951922632095825 0.60390625
vt 0.38883813509461096 0.5968749999999999
vt 0.3921875 0.609375
vt 0.37951922632095825 0.60390625
vt 0.37265625 0.5970432736790418
vt 0.3796875 0.587724364905389
vt 0.38883813509461096 0.5968749999999999
vt 0.37265625 0.5970432736790418
vt 0.36328125 0.59453125
vt 0.3671875 0.584375
vt 0.3796875 0.587724364905389
vt 0.36328125 0.59453125
vt 0.13671875 0.59453125
vt 0.1328125 0.584375
vt 0.3671875 0.584375
vt 0.13671875 0.59453125
vt 0.12734375000000003 0.5970432736790418
vt 0.12031250000000002 0.587724364905389
vt 0.1328125 0.584375
vt 0.12734375000000003 0.5970432736790418
vt 0.12048077367904178 0.60390625
vt 0.11116186490538904 0.5968749999999999
vt 0.12031250000000002 0.587724364905389
vt 0.12048077367904178 0.60390625
vt 0.11796875000000001 0.61328125
vt 0.1078125 0.609375
vt 0.11116186490538904 0.5968749999999999
vt 0.11796875000000001 0.61328125
vt 0.11796875000000001 0.83046875
vt 0.1078125 0.834375
vt 0.1078125 0.609375
vt 0.11796875000000001 0.83046875
vt 0.12048077367904178 0.83984375
vt 0.11116186490538904 0.846875
vt 0.1078125 0.834375
vt 0.12048077367904178 0.83984375
vt 0.12734375 0.8467067263209582
vt 0.12031249999999999 0.8560256350946109
vt 0.11116186490538904 0.846875
vt 0.12734375 0.8467067263209582
vt 0.13671875 0.84921875
vt 0.1328125 0.859375
vt 0.12031249999999999 0.8560256350946109
vt 0.13671875 0.84921875
vt 0.36328125 0.84921875
vt 0.3671875 0.859375
vt 0.1328125 0.859375
vt 0.36328125 0.84921875
vt 0.37265625 0.8467067263209582
vt 0.3796875 0.8560256350946109
vt 0.3671875 0.859375
vt 0.37265625 0.8467067263209582
vt 0.37951922632095825 0.83984375
vt 0.38883813509461096 0.846875
vt 0.3796875 0.8560256350946109
vt 0.37951922632095825 0.83984375
vt 0.38203125 0.83046875
vt 0.3921875 0.834375
vt 0.38883813509461096 0.846875
vt 0.38203125 0.83046875
vt 0.38203125 0.61328125
vt 0.3921875 0.609375
vt 0.3921875 0.834375
vt 0.25 0.721875
vt 0.384375 0.6109374999999999
vt 0.3818629763209582 0.6015625
vt 0.25 0.721875
vt 0.3818629763209582 0.6015625
vt 0.375 0.5946995236790418
vt 0.25 0.721875
vt 0.375 0.5946995236790418
vt 0.365625 0.5921875
vt 0.25 0.721875
vt 0.365625 0.5921875
vt 0.13437500000000002 0.5921875
vt 0.25 0.721875
vt 0.13437500000000002 0.5921875
vt 0.125 0.5946995236790418
vt 0.25 0.721875
vt 0.125 0.5946995236790418
vt 0.11813702367904177 0.6015625
vt 0.25 0.721875
vt 0.11813702367904177 0.6015625
vt 0.115625 0.6109374999999999
vt 0.25 0.721875
vt 0.115625 0.6109374999999999
vt 0.115625 0.8328125
vt 0.25 0.721875
vt 0.115625 0.8328125
vt 0.11813702367904177 0.8421875
vt 0.25 0.721875
vt 0.11813702367904177 0.8421875
vt 0.125 0.8490504763209582
vt 0.25 0.721875
vt 0.125 0.8490504763209582
vt 0.13437500000000002 0.8515625
vt 0.25 0.721875
vt 0.13437500000000002 0.8515625
vt 0.365625 0.8515625
vt 0.25 0.721875
vt 0.365625 0.8515625
vt 0.375 0.8490504763209582
vt 0.25 0.721875
vt 0.375 0.8490504763209582
vt 0.3818629763209582 0.8421875
vt 0.25 0.721875
vt 0.3818629763209582 0.8421875
vt 0.384375 0.8328125
vt 0.25 0.721875
vt 0.384375 0.8328125
vt 0.384375 0.6109374999999999
vt 0.37951922632095825 0.60390625
vt 0.38203125 0.61328125
vt 0.25000000000000006 0.7218749999999999
vt 0.37265625 0.5970432736790418
vt 0.37951922632095825 0.60390625
vt 0.25000000000000006 0.7218749999999999
vt 0.36328125 0.59453125
vt 0.37265625 0.5970432736790418
vt 0.25000000000000006 0.7218749999999999
vt 0.13671875 0.59453125
vt 0.36328125 0.59453125
vt 0.25000000000000006 0.7218749999999999
vt 0.12734375000000003 0.5970432736790418
vt 0.13671875 0.59453125
vt 0.25000000000000006 0.7218749999999999
vt 0.12048077367904178 0.60390625
vt 0.12734375000000003 0.5970432736790418
vt 0.25000000000000006 0.7218749999999999
vt 0.11796875000000001 0.61328125
vt 0.12048077367904178 0.60390625
vt 0.25000000000000006 0.7218749999999999
vt 0.11796875000000001 0.83046875
vt 0.11796875000000001 0.61328125
vt 0.25000000000000006 0.7218749999999999
vt 0.12048077367904178 0.83984375
vt 0.11796875000000001 0.83046875
vt 0.25000000000000006 0.7218749999999999
vt 0.12734375 0.8467067263209582
vt 0.12048077367904178 0.83984375
vt 0.25000000000000006 0.7218749999999999
vt 0.13671875 0.84921875
vt 0.12734375 0.8467067263209582
vt 0.25000000000000006 0.7218749999999999
vt 0.36328125 0.84921875
vt 0.13671875 0.84921875
vt 0.25000000000000006 0.7218749999999999
vt 0.37265625 0.8467067263209582
vt 0.36328125 0.84921875
vt 0.25000000000000006 0.7218749999999999
vt 0.37951922632095825 0.83984375
vt 0.37265625 0.8467067263209582
vt 0.25000000000000006 0.7218749999999999
vt 0.38203125 0.83046875
vt 0.37951922632095825 0.83984375
vt 0.25000000000000006 0.7218749999999999
vt 0.38203125 0.61328125
vt 0.38203125 0.83046875
vt 0.25000000000000006 0.7218749999999999
vn 0.16823328013952318 -0.9847159691678232 0.04507797155342422
vn 0.11886141180517601 -0.9857707287028564 0.11886141180517673
vn 0.04507797155342446 -0.9847159691678232 0.16823328013952335
vn 0 -0.9841833239736955 0.17715299831526532
vn -0.0450779715534246 -0.9847159691678232 0.16823328013952346
vn -0.1188614118051755 -0.9857707287028565 0.11886141180517656
vn -0.16823328013952377 -0.9847159691678233 0.045077971553423996
vn -0.17715299831526532 -0.9841833239736955 0
vn -0.1682332801395236 -0.9847159691678232 -0.045077971553424155
vn -0.11886141180517648 -0.9857707287028565 -0.11886141180517648
vn -0.0450779715534241 -0.9847159691678232 -0.1682332801395234
vn 0 -0.9841833239736955 -0.17715299831526532
vn 0.045077971553424155 -0.9847159691678232 -0.1682332801395236
vn 0.11886141180517648 -0.9857707287028565 -0.11886141180517648
vn 0.16823328013952346 -0.9847159691678232 -0.045077971553424495
vn 0.17715299831526532 -0.9841833239736955 0
vn 0.9659258262890681 0 0.25881904510252157
vn 0.7071067811865455 0 0.7071067811865497
vn 0.2588190451025226 0 0.9659258262890678
vn 0 0 1
vn -0.2588190451025232 0 0.9659258262890676
vn -0.7071067811865444 0 0.7071067811865508
vn -0.9659258262890686 0 0.2588190451025196
vn -1 0 0
vn -0.9659258262890684 0 -0.25881904510252063
vn -0.7071067811865476 0 -0.7071067811865476
vn -0.25881904510252063 0 -0.9659258262890684
vn 0 0 -1
vn 0.25881904510252063 0 -0.9659258262890684
vn 0.7071067811865476 0 -0.7071067811865476
vn 0.9659258262890678 0 -0.2588190451025226
vn 1 0 0
vn 0.12447854889196462 0.9916615382491837 0.03335392665059942
vn 0.08537907194361083 0.9926836495823307 0.08537907194361083
vn 0.033353926650600066 0.9916615382491839 0.12447854889196429
vn 0 0.9905498667663628 0.13715305847534295
vn -0.033353926650600225 0.9916615382491838 0.12447854889196414
vn -0.08537907194361026 0.9926836495823309 0.0853790719436106
vn -0.1244785488919641 0.9916615382491838 0.03335392665059965
vn -0.13715305847534262 0.990549866766363 0
vn -0.12447854889196415 0.9916615382491838 -0.03335392665059966
vn -0.08537907194361054 0.9926836495823308 -0.08537907194361054
vn -0.03335392665059974 0.9916615382491839 -0.12447854889196407
vn 0 0.9905498667663628 -0.1371530584753426
vn 0.03335392665059969 0.9916615382491838 -0.12447854889196425
vn 0.08537907194361068 0.9926836495823307 -0.08537907194361068
vn 0.12447854889196382 0.9916615382491838 -0.033353926650599205
vn 0.13715305847534226 0.990549866766363 0
vn 2.114219366527051e-17 -1 5.665033718831701e-18
vn 1.3758066416965345e-17 -1 1.3758066416965345e-17
vn 5.7860245818212596e-18 -1 2.1593737713199273e-17
vn 0 -1 2.6752362039160395e-17
vn -5.7860245818212596e-18 -1 2.1593737713199273e-17
vn -1.3758066416965345e-17 -1 1.3758066416965345e-17
vn -2.1142193665270557e-17 -1 5.665033718831651e-18
vn -2.5819140107561783e-17 -1 0
vn -2.1142193665270523e-17 -1 -5.665033718831625e-18
vn -1.3758066416965345e-17 -1 -1.3758066416965345e-17
vn -5.7860245818212095e-18 -1 -2.1593737713199322e-17
vn 0 -1 -2.6752362039160395e-17
vn 5.7860245818212095e-18 -1 -2.1593737713199322e-17
vn 1.3758066416965345e-17 -1 -1.3758066416965345e-17
vn 2.1142193665270523e-17 -1 -5.665033718831688e-18
vn 2.5819140107561777e-17 -1 0
vn -2.1532126543286745e-17 1 -5.7695159185983344e-18
vn -1.4018648515894828e-17 1 -1.4018648515894828e-17
vn -5.895060343561117e-18 1 -2.2000664715854392e-17
vn 0 1 -2.724473680061734e-17
vn 5.895060343561143e-18 1 -2.2000664715854358e-17
vn 1.4018648515894797e-17 1 -1.4018648515894853e-17
vn 2.1532126543286687e-17 1 -5.769515918598382e-18
vn 2.6277468038465236e-17 1 0
vn 2.1532126543286687e-17 1 5.769515918598382e-18
vn 1.4018648515894816e-17 1 1.4018648515894816e-17
vn 5.8950603435610736e-18 1 2.2000664715854407e-17
vn 0 1 2.7244736800617326e-17
vn -5.8950603435610605e-18 1 2.2000664715854422e-17
vn -1.4018648515894822e-17 1 1.4018648515894822e-17
vn -2.1532126543286742e-17 1 5.769515918598333e-18
vn -2.6277468038465258e-17 1 0
usemtl chair_titanium
f 83/289/81 84/290/81 68/291/81 67/292/81
f 84/293/82 85/294/82 69/295/82 68/296/82
f 85/297/83 86/298/83 70/299/83 69/300/83
f 86/301/84 87/302/84 71/303/84 70/304/84
f 87/305/85 88/306/85 72/307/85 71/308/85
f 88/309/86 89/310/86 73/311/86 72/312/86
f 89/313/87 90/314/87 74/315/87 73/316/87
f 90/317/88 91/318/88 75/319/88 74/320/88
f 91/321/89 92/322/89 76/323/89 75/324/89
f 92/325/90 93/326/90 77/327/90 76/328/90
f 93/329/91 94/330/91 78/331/91 77/332/91
f 94/333/92 95/334/92 79/335/92 78/336/92
f 95/337/93 96/338/93 80/339/93 79/340/93
f 96/341/94 97/342/94 81/343/94 80/344/94
f 97/345/95 98/346/95 82/347/95 81/348/95
f 98/349/96 83/350/96 67/351/96 82/352/96
f 99/353/97 100/354/97 84/355/97 83/356/97
f 100/357/98 101/358/98 85/359/98 84/360/98
f 101/361/99 102/362/99 86/363/99 85/364/99
f 102/365/100 103/366/100 87/367/100 86/368/100
f 103/369/101 104/370/101 88/371/101 87/372/101
f 104/373/102 105/374/102 89/375/102 88/376/102
f 105/377/103 106/378/103 90/379/103 89/380/103
f 106/381/104 107/382/104 91/383/104 90/384/104
f 107/385/105 108/386/105 92/387/105 91/388/105
f 108/389/106 109/390/106 93/391/106 92/392/106
f 109/393/107 110/394/107 94/395/107 93/396/107
f 110/397/108 111/398/108 95/399/108 94/400/108
f 111/401/109 112/402/109 96/403/109 95/404/109
f 112/405/110 113/406/110 97/407/110 96/408/110
f 113/409/111 114/410/111 98/411/111 97/412/111
f 114/413/112 99/414/112 83/415/112 98/416/112
f 115/417/113 116/418/113 100/419/113 99/420/113
f 116/421/114 117/422/114 101/423/114 100/424/114
f 117/425/115 118/426/115 102/427/115 101/428/115
f 118/429/116 119/430/116 103/431/116 102/432/116
f 119/433/117 120/434/117 104/435/117 103/436/117
f 120/437/118 121/438/118 105/439/118 104/440/118
f 121/441/119 122/442/119 106/443/119 105/444/119
f 122/445/120 123/446/120 107/447/120 106/448/120
f 123/449/121 124/450/121 108/451/121 107/452/121
f 124/453/122 125/454/122 109/455/122 108/456/122
f 125/457/123 126/458/123 110/459/123 109/460/123
f 126/461/124 127/462/124 111/463/124 110/464/124
f 127/465/125 128/466/125 112/467/125 111/468/125
f 128/469/126 129/470/126 113/471/126 112/472/126
f 129/473/127 130/474/127 114/475/127 113/476/127
f 130/477/128 115/478/128 99/479/128 114/480/128
f 131/481/129 67/482/129 68/483/129
f 131/484/130 68/485/130 69/486/130
f 131/487/131 69/488/131 70/489/131
f 131/490/132 70/491/132 71/492/132
f 131/493/133 71/494/133 72/495/133
f 131/496/134 72/497/134 73/498/134
f 131/499/135 73/500/135 74/501/135
f 131/502/136 74/503/136 75/504/136
f 131/505/137 75/506/137 76/507/137
f 131/508/138 76/509/138 77/510/138
f 131/511/139 77/512/139 78/513/139
f 131/514/140 78/515/140 79/516/140
f 131/517/141 79/518/141 80/519/141
f 131/520/142 80/521/142 81/522/142
f 131/523/143 81/524/143 82/525/143
f 131/526/144 82/527/144 67/528/144
f 116/529/145 115/530/145 132/531/145
f 117/532/146 116/533/146 132/534/146
f 118/535/147 117/536/147 132/537/147
f 119/538/148 118/539/148 132/540/148
f 120/541/149 119/542/149 132/543/149
f 121/544/150 120/545/150 132/546/150
f 122/547/151 121/548/151 132/549/151
f 123/550/152 122/551/152 132/552/152
f 124/553/153 123/554/153 132/555/153
f 125/556/154 124/557/154 132/558/154
f 126/559/155 125/560/155 132/561/155
f 127/562/156 126/563/156 132/564/156
f 128/565/157 127/566/157 132/567/157
f 129/568/158 128/569/158 132/570/158
f 130/571/159 129/572/159 132/573/159
f 115/574/160 130/575/160 132/576/160
o tapered_support_pedestal
v 0.625 0.053125 0.63125
v 0.6203946232550901 0.053125 0.6484375
v 0.6078125 0.053125 0.66101962325509
v 0.590625 0.053125 0.665625
v 0.409375 0.053125 0.665625
v 0.3921875 0.053125 0.66101962325509
v 0.3796053767449099 0.053125 0.6484375
v 0.375 0.053125 0.63125
v 0.375 0.053125 0.43125
v 0.3796053767449099 0.053125 0.4140625
v 0.3921875 0.053125 0.40148037674490994
v 0.409375 0.053125 0.396875
v 0.590625 0.053125 0.396875
v 0.6078125 0.053125 0.40148037674490994
v 0.6203946232550901 0.053125 0.4140625
v 0.625 0.053125 0.43125
v 0.6375 0.078125 0.634375
v 0.63289462325509 0.078125 0.6515625
v 0.6203125 0.078125 0.66414462325509
v 0.603125 0.078125 0.66875
v 0.396875 0.078125 0.66875
v 0.3796875 0.078125 0.66414462325509
v 0.3671053767449099 0.078125 0.6515625
v 0.3625 0.078125 0.634375
v 0.3625 0.078125 0.428125
v 0.36710537674490995 0.078125 0.41093749999999996
v 0.37968749999999996 0.078125 0.39835537674490995
v 0.396875 0.078125 0.39375
v 0.603125 0.078125 0.39375
v 0.6203125 0.078125 0.39835537674490995
v 0.63289462325509 0.078125 0.41093749999999996
v 0.6375 0.078125 0.428125
v 0.615625 0.2375 0.596875
v 0.612275635094611 0.2375 0.609375
v 0.603125 0.2375 0.618525635094611
v 0.590625 0.2375 0.621875
v 0.409375 0.2375 0.621875
v 0.396875 0.2375 0.618525635094611
v 0.38772436490538903 0.2375 0.609375
v 0.384375 0.2375 0.596875
v 0.384375 0.2375 0.390625
v 0.38772436490538903 0.2375 0.37812500000000004
v 0.396875 0.2375 0.36897436490538904
v 0.409375 0.2375 0.36562500000000003
v 0.590625 0.2375 0.36562500000000003
v 0.603125 0.2375 0.36897436490538904
v 0.612275635094611 0.2375 0.37812500000000004
v 0.615625 0.2375 0.390625
v 0.7 0.278125 0.640625
v 0.6949759526419165 0.278125 0.659375
v 0.68125 0.278125 0.6731009526419165
v 0.6625 0.278125 0.6781250000000001
v 0.3375 0.278125 0.6781250000000001
v 0.31875 0.278125 0.6731009526419165
v 0.3050240473580835 0.278125 0.659375
v 0.3 0.278125 0.640625
v 0.3 0.278125 0.34687500000000004
v 0.3050240473580835 0.278125 0.328125
v 0.31875 0.278125 0.31439904735808355
v 0.3375 0.278125 0.309375
v 0.6625 0.278125 0.309375
v 0.68125 0.278125 0.31439904735808355
v 0.6949759526419165 0.278125 0.328125
v 0.7 0.278125 0.34687500000000004
v 0.5 0.053124999999999985 0.53125
v 0.5 0.27812500000000007 0.49375
vt 0.3171875 0.0390625
vt 0.32578125 0.0390625
vt 0.32421875 0.026562500000000044
vt 0.315625 0.026562500000000044
vt 0.32578125 0.0390625
vt 0.332072311627545 0.0390625
vt 0.330509811627545 0.026562500000000044
vt 0.32421875 0.026562500000000044
vt 0.31015625 0.0390625
vt 0.3015625 0.0390625
vt 0.2953125 0.026562500000000044
vt 0.30390625 0.026562500000000044
vt 0.3015625 0.0390625
vt 0.1984375 0.0390625
vt 0.2046875 0.026562500000000044
vt 0.2953125 0.026562500000000044
vt 0.1984375 0.0390625
vt 0.18984375 0.0390625
vt 0.19609375 0.026562500000000044
vt 0.2046875 0.026562500000000044
vt 0.18984375 0.0390625
vt 0.18355268837245495 0.0390625
vt 0.18980268837245495 0.026562500000000044
vt 0.19609375 0.026562500000000044
vt 0.32578125 0.0390625
vt 0.3171875 0.0390625
vt 0.315625 0.026562500000000044
vt 0.32421875 0.026562500000000044
vt 0.3171875 0.0390625
vt 0.2140625 0.0390625
vt 0.215625 0.026562500000000044
vt 0.315625 0.026562500000000044
vt 0.2140625 0.0390625
vt 0.20546874999999998 0.0390625
vt 0.20703125 0.026562500000000044
vt 0.215625 0.026562500000000044
vt 0.20546874999999998 0.0390625
vt 0.19917768837245498 0.0390625
vt 0.20074018837245497 0.026562500000000044
vt 0.20703125 0.026562500000000044
vt 0.18984374999999998 0.0390625
vt 0.1984375 0.0390625
vt 0.2046875 0.026562500000000044
vt 0.19609375 0.026562500000000044
vt 0.1984375 0.0390625
vt 0.3015625 0.0390625
vt 0.2953125 0.026562500000000044
vt 0.2046875 0.026562500000000044
vt 0.3015625 0.0390625
vt 0.31015625 0.0390625
vt 0.30390625 0.026562500000000044
vt 0.2953125 0.026562500000000044
vt 0.19917768837245498 0.0390625
vt 0.20546874999999998 0.0390625
vt 0.20703125 0.026562500000000044
vt 0.20074018837245497 0.026562500000000044
vt 0.20546874999999998 0.0390625
vt 0.2140625 0.0390625
vt 0.215625 0.026562500000000044
vt 0.20703125 0.026562500000000044
vt 0.2140625 0.0390625
vt 0.3171875 0.0390625
vt 0.315625 0.026562500000000044
vt 0.215625 0.026562500000000044
vt 0.2984375 0.11875000000000002
vt 0.3046875 0.11875000000000002
vt 0.32578125 0.0390625
vt 0.3171875 0.0390625
vt 0.3046875 0.11875000000000002
vt 0.3092628175473055 0.11875000000000002
vt 0.332072311627545 0.0390625
vt 0.32578125 0.0390625
vt 0.3015625 0.11875000000000002
vt 0.2953125 0.11875000000000002
vt 0.3015625 0.0390625
vt 0.31015625 0.0390625
vt 0.2953125 0.11875000000000002
vt 0.2046875 0.11875000000000002
vt 0.1984375 0.0390625
vt 0.3015625 0.0390625
vt 0.2046875 0.11875000000000002
vt 0.1984375 0.11875000000000002
vt 0.18984375 0.0390625
vt 0.1984375 0.0390625
vt 0.3092628175473055 0.11875000000000002
vt 0.3046875 0.11875000000000002
vt 0.32578125 0.0390625
vt 0.332072311627545 0.0390625
vt 0.3046875 0.11875000000000002
vt 0.2984375 0.11875000000000002
vt 0.3171875 0.0390625
vt 0.32578125 0.0390625
vt 0.2984375 0.11875000000000002
vt 0.1953125 0.11875000000000002
vt 0.2140625 0.0390625
vt 0.3171875 0.0390625
vt 0.1953125 0.11875000000000002
vt 0.18906250000000002 0.11875000000000002
vt 0.20546874999999998 0.0390625
vt 0.2140625 0.0390625
vt 0.18906250000000002 0.11875000000000002
vt 0.18448718245269452 0.11875000000000002
vt 0.19917768837245498 0.0390625
vt 0.20546874999999998 0.0390625
vt 0.1984375 0.11875000000000002
vt 0.2046875 0.11875000000000002
vt 0.1984375 0.0390625
vt 0.18984374999999998 0.0390625
vt 0.2046875 0.11875000000000002
vt 0.2953125 0.11875000000000002
vt 0.3015625 0.0390625
vt 0.1984375 0.0390625
vt 0.2953125 0.11875000000000002
vt 0.3015625 0.11875000000000002
vt 0.31015625 0.0390625
vt 0.3015625 0.0390625
vt 0.18448718245269452 0.11875000000000002
vt 0.18906250000000002 0.11875000000000002
vt 0.20546874999999998 0.0390625
vt 0.19917768837245498 0.0390625
vt 0.18906250000000002 0.11875000000000002
vt 0.1953125 0.11875000000000002
vt 0.2140625 0.0390625
vt 0.20546874999999998 0.0390625
vt 0.1953125 0.11875000000000002
vt 0.2984375 0.11875000000000002
vt 0.3171875 0.0390625
vt 0.2140625 0.0390625
vt 0.3078125 0.7015625
vt 0.3061378175473055 0.6953125
vt 0.34748797632095824 0.6703125
vt 0.35 0.6796875
vt 0.3061378175473055 0.6953125
vt 0.3015625 0.6907371824526944
vt 0.340625 0.6634495236790418
vt 0.34748797632095824 0.6703125
vt 0.3015625 0.6907371824526944
vt 0.2953125 0.6890625
vt 0.33125 0.6609375
vt 0.340625 0.6634495236790418
vt 0.33125 0.6609375
vt 0.16875 0.6609375
vt 0.2046875 0.6890625
vt 0.2953125 0.6890625
vt 0.2046875 0.6890625
vt 0.1984375 0.6907371824526944
vt 0.159375 0.6634495236790418
vt 0.16875 0.6609375
vt 0.1984375 0.6907371824526944
vt 0.19386218245269451 0.6953125
vt 0.15251202367904176 0.6703125
vt 0.159375 0.6634495236790418
vt 0.19386218245269451 0.6953125
vt 0.1921875 0.7015625
vt 0.15 0.6796875
vt 0.15251202367904176 0.6703125
vt 0.1921875 0.7015625
vt 0.1921875 0.8046875
vt 0.15 0.8265625
vt 0.15 0.6796875
vt 0.1921875 0.8046875
vt 0.19386218245269451 0.8109375
vt 0.15251202367904176 0.8359375
vt 0.15 0.8265625
vt 0.19386218245269451 0.8109375
vt 0.1984375 0.8155128175473054
vt 0.159375 0.8428004763209582
vt 0.15251202367904176 0.8359375
vt 0.159375 0.8428004763209582
vt 0.16875 0.8453125
vt 0.2046875 0.8171875
vt 0.1984375 0.8155128175473054
vt 0.16875 0.8453125
vt 0.33125 0.8453125
vt 0.2953125 0.8171875
vt 0.2046875 0.8171875
vt 0.33125 0.8453125
vt 0.340625 0.8428004763209582
vt 0.3015625 0.8155128175473054
vt 0.2953125 0.8171875
vt 0.3015625 0.8155128175473054
vt 0.3061378175473055 0.8109375
vt 0.34748797632095824 0.8359375
vt 0.340625 0.8428004763209582
vt 0.3061378175473055 0.8109375
vt 0.3078125 0.8046875
vt 0.35 0.8265625
vt 0.34748797632095824 0.8359375
vt 0.3078125 0.8046875
vt 0.3078125 0.7015625
vt 0.35 0.6796875
vt 0.35 0.8265625
vt 0.25 0.734375
vt 0.3125 0.684375
vt 0.31019731162754505 0.67578125
vt 0.25 0.734375
vt 0.31019731162754505 0.67578125
vt 0.30390625 0.669490188372455
vt 0.25 0.734375
vt 0.30390625 0.669490188372455
vt 0.2953125 0.6671875
vt 0.25 0.734375
vt 0.2953125 0.6671875
vt 0.2046875 0.6671875
vt 0.25 0.734375
vt 0.2046875 0.6671875
vt 0.19609375 0.669490188372455
vt 0.25 0.734375
vt 0.19609375 0.669490188372455
vt 0.18980268837245495 0.67578125
vt 0.25 0.734375
vt 0.18980268837245495 0.67578125
vt 0.1875 0.684375
vt 0.25 0.734375
vt 0.1875 0.684375
vt 0.1875 0.784375
vt 0.25 0.734375
vt 0.1875 0.784375
vt 0.18980268837245495 0.79296875
vt 0.25 0.734375
vt 0.18980268837245495 0.79296875
vt 0.19609375 0.799259811627545
vt 0.25 0.734375
vt 0.19609375 0.799259811627545
vt 0.2046875 0.8015625
vt 0.25 0.734375
vt 0.2046875 0.8015625
vt 0.2953125 0.8015625
vt 0.25 0.734375
vt 0.2953125 0.8015625
vt 0.30390625 0.799259811627545
vt 0.25 0.734375
vt 0.30390625 0.799259811627545
vt 0.31019731162754505 0.79296875
vt 0.25 0.734375
vt 0.31019731162754505 0.79296875
vt 0.3125 0.784375
vt 0.25 0.734375
vt 0.3125 0.784375
vt 0.3125 0.684375
vt 0.34748797632095824 0.6703125
vt 0.35 0.6796875
vt 0.25 0.753125
vt 0.340625 0.6634495236790418
vt 0.34748797632095824 0.6703125
vt 0.25 0.753125
vt 0.33125 0.6609375
vt 0.340625 0.6634495236790418
vt 0.25 0.753125
vt 0.16875 0.6609375
vt 0.33125 0.6609375
vt 0.25 0.753125
vt 0.159375 0.6634495236790418
vt 0.16875 0.6609375
vt 0.25 0.753125
vt 0.15251202367904176 0.6703125
vt 0.159375 0.6634495236790418
vt 0.25 0.753125
vt 0.15 0.6796875
vt 0.15251202367904176 0.6703125
vt 0.25 0.753125
vt 0.15 0.8265625
vt 0.15 0.6796875
vt 0.25 0.753125
vt 0.15251202367904176 0.8359375
vt 0.15 0.8265625
vt 0.25 0.753125
vt 0.159375 0.8428004763209582
vt 0.15251202367904176 0.8359375
vt 0.25 0.753125
vt 0.16875 0.8453125
vt 0.159375 0.8428004763209582
vt 0.25 0.753125
vt 0.33125 0.8453125
vt 0.16875 0.8453125
vt 0.25 0.753125
vt 0.340625 0.8428004763209582
vt 0.33125 0.8453125
vt 0.25 0.753125
vt 0.34748797632095824 0.8359375
vt 0.340625 0.8428004763209582
vt 0.25 0.753125
vt 0.35 0.8265625
vt 0.34748797632095824 0.8359375
vt 0.25 0.753125
vt 0.35 0.6796875
vt 0.35 0.8265625
vt 0.25 0.753125
vn 0.8586262258357368 -0.4580716383944757 0.23006820381286738
vn 0.6467616667635538 -0.404226041727224 0.6467616667635538
vn 0.2510824764370709 -0.24267280808770458 0.9370525589533684
vn 0 -0.12403473458920586 0.9922778767136681
vn -0.25108247643707143 -0.24267280808770844 0.9370525589533674
vn -0.6467616667635517 -0.404226041727222 0.6467616667635574
vn -0.8586262258357362 -0.4580716383944773 0.23006820381286724
vn -0.8944271909999159 -0.4472135954999583 0
vn -0.8586262258357362 -0.4580716383944757 -0.23006820381287
vn -0.6467616667635543 -0.4042260417272229 -0.6467616667635543
vn -0.2510824764370735 -0.2426728080877073 -0.9370525589533669
vn 0 -0.12403473458920802 -0.9922778767136677
vn 0.2510824764370735 -0.2426728080877078 -0.9370525589533668
vn 0.6467616667635546 -0.40422604172722154 -0.6467616667635546
vn 0.8586262258357368 -0.4580716383944757 -0.23006820381286738
vn 0.8944271909999165 -0.44721359549995665 0
vn 0.9483392024008549 0.18995402152970392 0.2541067234340788
vn 0.6811554526774686 0.2684296901900122 0.6811554526774686
vn 0.24760214132719788 0.2912032379950685 0.9240637714959796
vn 0 0.2821663239915502 0.9593655015712707
vn -0.24760214132719893 0.29120323799506775 0.9240637714959795
vn -0.6811554526774706 0.26842969019001234 0.6811554526774665
vn -0.9483392024008536 0.18995402152970542 0.25410672343408264
vn -0.9907115796044095 0.1359800207300172 0
vn -0.963453911060213 0.07149601977378846 -0.2581566974131897
vn -0.706074280870486 -0.054020549668237446 -0.7060742808704816
vn -0.25594962822167433 -0.1484932281848676 -0.9552170167016621
vn 0 -0.17378533390904743 -0.9847835588179369
vn 0.2559496282216733 -0.1484932281848682 -0.9552170167016624
vn 0.7060742808704837 -0.05402054966823805 -0.7060742808704837
vn 0.963453911060214 0.07149601977378953 -0.2581566974131857
vn 0.9907115796044095 0.13598002073001686 0
vn -0.3872796453179649 0.9161037060381885 -0.10377126820795815
vn -0.2809407532196423 0.9176843609655556 -0.2809407532196423
vn -0.12594237474679987 0.8736226741564249 -0.47002334138095064
vn 0 -0.8106792283998815 0.5854905538443578
vn 0.12594237474680053 0.8736226741564246 -0.4700233413809511
vn 0.28094075321964285 0.9176843609655558 -0.2809407532196412
vn 0.3872796453179638 0.9161037060381887 -0.10377126820795958
vn 0.4338156187729001 0.9010016697590999 0
vn 0.3872796453179638 0.9161037060381887 0.10377126820795958
vn 0.280940753219643 0.9176843609655558 0.28094075321964135
vn -0.12594237474680256 -0.8736226741564256 -0.4700233413809488
vn 0 -0.810679228399881 -0.5854905538443586
vn 0.12594237474680256 -0.8736226741564255 -0.4700233413809488
vn -0.2809407532196423 0.9176843609655556 0.2809407532196423
vn -0.3872796453179648 0.9161037060381885 0.10377126820795812
vn -0.4338156187729002 0.9010016697590997 0
vn 9.14245870481872e-17 -1 2.4497144267910527e-17
vn 5.841259273920168e-17 -1 5.841259273920219e-17
vn 2.3437484927012495e-17 -1 8.746988454923867e-17
vn 0 -1 1.0327656043024711e-16
vn -2.343748492701257e-17 -1 8.746988454923867e-17
vn -5.841259273920168e-17 -1 5.841259273920219e-17
vn -9.14245870481872e-17 -1 2.4497144267910527e-17
vn -1.1102230246251565e-16 -1 0
vn -9.14245870481872e-17 -1 -2.4497144267910527e-17
vn -5.841259273920179e-17 -1 -5.841259273920205e-17
vn -2.3437484927012332e-17 -1 -8.746988454923883e-17
vn 0 -1 -1.0327656043024711e-16
vn 2.3437484927012255e-17 -1 -8.746988454923883e-17
vn 5.841259273920179e-17 -1 -5.841259273920205e-17
vn 9.14245870481872e-17 -1 -2.4497144267910527e-17
vn 1.1102230246251565e-16 -1 0
vn 2.319197113166193e-16 1 6.214269935614627e-17
vn 1.5394066716840162e-16 1 1.5394066716840162e-16
vn 6.526141036107424e-17 1 2.4355889924112947e-16
vn 0 1 3.01077430406822e-16
vn -6.526141036107424e-17 1 2.4355889924112947e-16
vn -1.5394066716840162e-16 1 1.5394066716840162e-16
vn -2.3191971131661884e-16 1 6.214269935614683e-17
vn -2.775557561562891e-16 1 0
vn -2.3191971131661884e-16 1 -6.214269935614683e-17
vn -1.5394066716840162e-16 1 -1.5394066716840162e-16
vn -6.526141036107367e-17 1 -2.4355889924113007e-16
vn 0 1 -3.010774304068221e-16
vn 6.526141036107367e-17 1 -2.4355889924113007e-16
vn 1.5394066716840162e-16 1 -1.5394066716840162e-16
vn 2.319197113166193e-16 1 -6.214269935614627e-17
vn 2.775557561562892e-16 1 0
usemtl chair_graphite
f 149/577/161 150/578/161 134/579/161 133/580/161
f 150/581/162 151/582/162 135/583/162 134/584/162
f 151/585/163 152/586/163 136/587/163 135/588/163
f 152/589/164 153/590/164 137/591/164 136/592/164
f 153/593/165 154/594/165 138/595/165 137/596/165
f 154/597/166 155/598/166 139/599/166 138/600/166
f 155/601/167 156/602/167 140/603/167 139/604/167
f 156/605/168 157/606/168 141/607/168 140/608/168
f 157/609/169 158/610/169 142/611/169 141/612/169
f 158/613/170 159/614/170 143/615/170 142/616/170
f 159/617/171 160/618/171 144/619/171 143/620/171
f 160/621/172 161/622/172 145/623/172 144/624/172
f 161/625/173 162/626/173 146/627/173 145/628/173
f 162/629/174 163/630/174 147/631/174 146/632/174
f 163/633/175 164/634/175 148/635/175 147/636/175
f 164/637/176 149/638/176 133/639/176 148/640/176
f 165/641/177 166/642/177 150/643/177 149/644/177
f 166/645/178 167/646/178 151/647/178 150/648/178
f 167/649/179 168/650/179 152/651/179 151/652/179
f 168/653/180 169/654/180 153/655/180 152/656/180
f 169/657/181 170/658/181 154/659/181 153/660/181
f 170/661/182 171/662/182 155/663/182 154/664/182
f 171/665/183 172/666/183 156/667/183 155/668/183
f 172/669/184 173/670/184 157/671/184 156/672/184
f 173/673/185 174/674/185 158/675/185 157/676/185
f 174/677/186 175/678/186 159/679/186 158/680/186
f 175/681/187 176/682/187 160/683/187 159/684/187
f 176/685/188 177/686/188 161/687/188 160/688/188
f 177/689/189 178/690/189 162/691/189 161/692/189
f 178/693/190 179/694/190 163/695/190 162/696/190
f 179/697/191 180/698/191 164/699/191 163/700/191
f 180/701/192 165/702/192 149/703/192 164/704/192
f 165/705/193 166/706/193 182/707/193 181/708/193
f 166/709/194 167/710/194 183/711/194 182/712/194
f 167/713/195 168/714/195 184/715/195 183/716/195
f 184/717/196 185/718/196 169/719/196 168/720/196
f 169/721/197 170/722/197 186/723/197 185/724/197
f 170/725/198 171/726/198 187/727/198 186/728/198
f 171/729/199 172/730/199 188/731/199 187/732/199
f 172/733/200 173/734/200 189/735/200 188/736/200
f 173/737/201 174/738/201 190/739/201 189/740/201
f 174/741/202 175/742/202 191/743/202 190/744/202
f 191/745/203 192/746/203 176/747/203 175/748/203
f 192/749/204 193/750/204 177/751/204 176/752/204
f 193/753/205 194/754/205 178/755/205 177/756/205
f 178/757/206 179/758/206 195/759/206 194/760/206
f 179/761/207 180/762/207 196/763/207 195/764/207
f 180/765/208 165/766/208 181/767/208 196/768/208
f 197/769/209 133/770/209 134/771/209
f 197/772/210 134/773/210 135/774/210
f 197/775/211 135/776/211 136/777/211
f 197/778/212 136/779/212 137/780/212
f 197/781/213 137/782/213 138/783/213
f 197/784/214 138/785/214 139/786/214
f 197/787/215 139/788/215 140/789/215
f 197/790/216 140/791/216 141/792/216
f 197/793/217 141/794/217 142/795/217
f 197/796/218 142/797/218 143/798/218
f 197/799/219 143/800/219 144/801/219
f 197/802/220 144/803/220 145/804/220
f 197/805/221 145/806/221 146/807/221
f 197/808/222 146/809/222 147/810/222
f 197/811/223 147/812/223 148/813/223
f 197/814/224 148/815/224 133/816/224
f 182/817/225 181/818/225 198/819/225
f 183/820/226 182/821/226 198/822/226
f 184/823/227 183/824/227 198/825/227
f 185/826/228 184/827/228 198/828/228
f 186/829/229 185/830/229 198/831/229
f 187/832/230 186/833/230 198/834/230
f 188/835/231 187/836/231 198/837/231
f 189/838/232 188/839/232 198/840/232
f 190/841/233 189/842/233 198/843/233
f 191/844/234 190/845/234 198/846/234
f 192/847/235 191/848/235 198/849/235
f 193/850/236 192/851/236 198/852/236
f 194/853/237 193/854/237 198/855/237
f 195/856/238 194/857/238 198/858/238
f 196/859/239 195/860/239 198/861/239
f 181/862/240 196/863/240 198/864/240
o pedestal_bearing_collar
v 0.65 0.22249999999999998 0.596875
v 0.6449759526419164 0.22249999999999998 0.615625
v 0.63125 0.22249999999999998 0.6293509526419165
v 0.6125 0.22249999999999998 0.634375
v 0.3875 0.22249999999999998 0.634375
v 0.36875 0.22249999999999998 0.6293509526419165
v 0.35502404735808357 0.22249999999999998 0.615625
v 0.35 0.22249999999999998 0.596875
v 0.35 0.22249999999999998 0.390625
v 0.35502404735808357 0.22249999999999998 0.371875
v 0.36875 0.22249999999999998 0.3581490473580836
v 0.3875 0.22249999999999998 0.353125
v 0.6125 0.22249999999999998 0.353125
v 0.63125 0.22249999999999998 0.35814904735808356
v 0.6449759526419164 0.22249999999999998 0.371875
v 0.65 0.22249999999999998 0.390625
v 0.665625 0.23149999999999998 0.6
v 0.6589262701892219 0.23149999999999998 0.625
v 0.640625 0.23149999999999998 0.643301270189222
v 0.615625 0.23149999999999998 0.65
v 0.384375 0.23149999999999998 0.65
v 0.359375 0.23149999999999998 0.643301270189222
v 0.3410737298107781 0.23149999999999998 0.625
v 0.334375 0.23149999999999998 0.6
v 0.334375 0.23149999999999998 0.3875
v 0.3410737298107781 0.23149999999999998 0.36250000000000004
v 0.359375 0.23149999999999998 0.3441987298107781
v 0.384375 0.23149999999999998 0.3375
v 0.615625 0.23149999999999998 0.3375
v 0.640625 0.23149999999999998 0.3441987298107781
v 0.6589262701892219 0.23149999999999998 0.3625
v 0.665625 0.23149999999999998 0.3875
v 0.665625 0.2435 0.6
v 0.6589262701892219 0.2435 0.625
v 0.640625 0.2435 0.643301270189222
v 0.615625 0.2435 0.65
v 0.384375 0.2435 0.65
v 0.359375 0.2435 0.643301270189222
v 0.3410737298107781 0.2435 0.625
v 0.334375 0.2435 0.6
v 0.334375 0.2435 0.3875
v 0.3410737298107781 0.2435 0.36250000000000004
v 0.359375 0.2435 0.3441987298107781
v 0.384375 0.2435 0.3375
v 0.615625 0.2435 0.3375
v 0.640625 0.2435 0.3441987298107781
v 0.6589262701892219 0.2435 0.3625
v 0.665625 0.2435 0.3875
v 0.6453125 0.2525 0.5921875
v 0.6402884526419164 0.2525 0.6109375
v 0.6265625 0.2525 0.6246634526419165
v 0.6078125 0.2525 0.6296875
v 0.3921875 0.2525 0.6296875
v 0.37343750000000003 0.2525 0.6246634526419165
v 0.3597115473580836 0.2525 0.6109375
v 0.35468750000000004 0.2525 0.5921875
v 0.35468750000000004 0.2525 0.39531250000000007
v 0.3597115473580836 0.2525 0.3765625
v 0.3734375 0.2525 0.36283654735808357
v 0.3921875 0.2525 0.35781250000000003
v 0.6078125 0.2525 0.35781250000000003
v 0.6265625 0.2525 0.36283654735808357
v 0.6402884526419164 0.2525 0.3765625
v 0.6453125 0.2525 0.3953125
v 0.5 0.22250000000000003 0.4937500000000001
v 0.49999999999999994 0.2525 0.49375
vt 0.3328125 0.7
vt 0.32946313509461095 0.6875
vt 0.3224879763209582 0.6921875
vt 0.325 0.7015625
vt 0.32946313509461095 0.6875
vt 0.3203125 0.678349364905389
vt 0.315625 0.6853245236790417
vt 0.3224879763209582 0.6921875
vt 0.3203125 0.678349364905389
vt 0.3078125 0.675
vt 0.30625 0.6828125
vt 0.315625 0.6853245236790417
vt 0.3078125 0.675
vt 0.1921875 0.675
vt 0.19375 0.6828125
vt 0.30625 0.6828125
vt 0.1921875 0.675
vt 0.1796875 0.678349364905389
vt 0.184375 0.6853245236790417
vt 0.19375 0.6828125
vt 0.1796875 0.678349364905389
vt 0.17053686490538905 0.6875
vt 0.17751202367904179 0.6921875
vt 0.184375 0.6853245236790417
vt 0.17053686490538905 0.6875
vt 0.1671875 0.7
vt 0.175 0.7015625
vt 0.17751202367904179 0.6921875
vt 0.1671875 0.7
vt 0.1671875 0.80625
vt 0.175 0.8046875
vt 0.175 0.7015625
vt 0.1671875 0.80625
vt 0.17053686490538905 0.81875
vt 0.17751202367904179 0.8140625
vt 0.175 0.8046875
vt 0.17053686490538905 0.81875
vt 0.1796875 0.827900635094611
vt 0.184375 0.8209254763209581
vt 0.17751202367904179 0.8140625
vt 0.1796875 0.827900635094611
vt 0.1921875 0.83125
vt 0.19375 0.8234375
vt 0.184375 0.8209254763209581
vt 0.1921875 0.83125
vt 0.3078125 0.83125
vt 0.30625 0.8234375
vt 0.19375 0.8234375
vt 0.3078125 0.83125
vt 0.3203125 0.827900635094611
vt 0.315625 0.8209254763209582
vt 0.30625 0.8234375
vt 0.3203125 0.827900635094611
vt 0.32946313509461095 0.81875
vt 0.3224879763209582 0.8140625
vt 0.315625 0.8209254763209582
vt 0.32946313509461095 0.81875
vt 0.3328125 0.80625
vt 0.325 0.8046875
vt 0.3224879763209582 0.8140625
vt 0.3328125 0.80625
vt 0.3328125 0.7
vt 0.325 0.7015625
vt 0.325 0.8046875
vt 0.3 0.12175000000000002
vt 0.3125 0.12175000000000002
vt 0.3125 0.11575000000000002
vt 0.3 0.11575000000000002
vt 0.3125 0.12175000000000002
vt 0.321650635094611 0.12175000000000002
vt 0.321650635094611 0.11575000000000002
vt 0.3125 0.11575000000000002
vt 0.3203125 0.12175000000000002
vt 0.3078125 0.12175000000000002
vt 0.3078125 0.11575000000000002
vt 0.3203125 0.11575000000000002
vt 0.3078125 0.12175000000000002
vt 0.1921875 0.12175000000000002
vt 0.1921875 0.11575000000000002
vt 0.3078125 0.11575000000000002
vt 0.1921875 0.12175000000000002
vt 0.1796875 0.12175000000000002
vt 0.1796875 0.11575000000000002
vt 0.1921875 0.11575000000000002
vt 0.321650635094611 0.12175000000000002
vt 0.3125 0.12175000000000002
vt 0.3125 0.11575000000000002
vt 0.321650635094611 0.11575000000000002
vt 0.3125 0.12175000000000002
vt 0.3 0.12175000000000002
vt 0.3 0.11575000000000002
vt 0.3125 0.11575000000000002
vt 0.3 0.12175000000000002
vt 0.19375 0.12175000000000002
vt 0.19375 0.11575000000000002
vt 0.3 0.11575000000000002
vt 0.19375 0.12175000000000002
vt 0.18125000000000002 0.12175000000000002
vt 0.18125000000000002 0.11575000000000002
vt 0.19375 0.11575000000000002
vt 0.18125000000000002 0.12175000000000002
vt 0.17209936490538905 0.12175000000000002
vt 0.17209936490538905 0.11575000000000002
vt 0.18125000000000002 0.11575000000000002
vt 0.1796875 0.12175000000000002
vt 0.1921875 0.12175000000000002
vt 0.1921875 0.11575000000000002
vt 0.1796875 0.11575000000000002
vt 0.1921875 0.12175000000000002
vt 0.3078125 0.12175000000000002
vt 0.3078125 0.11575000000000002
vt 0.1921875 0.11575000000000002
vt 0.3078125 0.12175000000000002
vt 0.3203125 0.12175000000000002
vt 0.3203125 0.11575000000000002
vt 0.3078125 0.11575000000000002
vt 0.17209936490538905 0.12175000000000002
vt 0.18125 0.12175000000000002
vt 0.18125 0.11575000000000002
vt 0.17209936490538905 0.11575000000000002
vt 0.18125 0.12175000000000002
vt 0.19375 0.12175000000000002
vt 0.19375 0.11575000000000002
vt 0.18125 0.11575000000000002
vt 0.19375 0.12175000000000002
vt 0.3 0.12175000000000002
vt 0.3 0.11575000000000002
vt 0.19375 0.11575000000000002
vt 0.32265625 0.70390625
vt 0.3201442263209582 0.69453125
vt 0.32946313509461095 0.6875
vt 0.3328125 0.7
vt 0.3201442263209582 0.69453125
vt 0.31328125 0.6876682736790418
vt 0.3203125 0.678349364905389
vt 0.32946313509461095 0.6875
vt 0.31328125 0.6876682736790418
vt 0.30390625 0.68515625
vt 0.3078125 0.675
vt 0.3203125 0.678349364905389
vt 0.30390625 0.68515625
vt 0.19609375 0.68515625
vt 0.1921875 0.675
vt 0.3078125 0.675
vt 0.19609375 0.68515625
vt 0.18671875000000002 0.6876682736790418
vt 0.1796875 0.678349364905389
vt 0.1921875 0.675
vt 0.18671875000000002 0.6876682736790418
vt 0.1798557736790418 0.69453125
vt 0.17053686490538905 0.6875
vt 0.1796875 0.678349364905389
vt 0.1798557736790418 0.69453125
vt 0.17734375000000002 0.70390625
vt 0.1671875 0.7
vt 0.17053686490538905 0.6875
vt 0.17734375000000002 0.70390625
vt 0.17734375000000002 0.8023437499999999
vt 0.1671875 0.80625
vt 0.1671875 0.7
vt 0.17734375000000002 0.8023437499999999
vt 0.1798557736790418 0.81171875
vt 0.17053686490538905 0.81875
vt 0.1671875 0.80625
vt 0.1798557736790418 0.81171875
vt 0.18671875 0.8185817263209583
vt 0.1796875 0.827900635094611
vt 0.17053686490538905 0.81875
vt 0.18671875 0.8185817263209583
vt 0.19609375 0.82109375
vt 0.1921875 0.83125
vt 0.1796875 0.827900635094611
vt 0.19609375 0.82109375
vt 0.30390625 0.82109375
vt 0.3078125 0.83125
vt 0.1921875 0.83125
vt 0.30390625 0.82109375
vt 0.31328125 0.8185817263209583
vt 0.3203125 0.827900635094611
vt 0.3078125 0.83125
vt 0.31328125 0.8185817263209583
vt 0.3201442263209582 0.81171875
vt 0.32946313509461095 0.81875
vt 0.3203125 0.827900635094611
vt 0.3201442263209582 0.81171875
vt 0.32265625 0.80234375
vt 0.3328125 0.80625
vt 0.32946313509461095 0.81875
vt 0.32265625 0.80234375
vt 0.32265625 0.70390625
vt 0.3328125 0.7
vt 0.3328125 0.80625
vt 0.25 0.7531249999999999
vt 0.325 0.7015625
vt 0.3224879763209582 0.6921875
vt 0.25 0.7531249999999999
vt 0.3224879763209582 0.6921875
vt 0.315625 0.6853245236790417
vt 0.25 0.7531249999999999
vt 0.315625 0.6853245236790417
vt 0.30625 0.6828125
vt 0.25 0.7531249999999999
vt 0.30625 0.6828125
vt 0.19375 0.6828125
vt 0.25 0.7531249999999999
vt 0.19375 0.6828125
vt 0.184375 0.6853245236790417
vt 0.25 0.7531249999999999
vt 0.184375 0.6853245236790417
vt 0.17751202367904179 0.6921875
vt 0.25 0.7531249999999999
vt 0.17751202367904179 0.6921875
vt 0.175 0.7015625
vt 0.25 0.7531249999999999
vt 0.175 0.7015625
vt 0.175 0.8046875
vt 0.25 0.7531249999999999
vt 0.175 0.8046875
vt 0.17751202367904179 0.8140625
vt 0.25 0.7531249999999999
vt 0.17751202367904179 0.8140625
vt 0.184375 0.8209254763209581
vt 0.25 0.7531249999999999
vt 0.184375 0.8209254763209581
vt 0.19375 0.8234375
vt 0.25 0.7531249999999999
vt 0.19375 0.8234375
vt 0.30625 0.8234375
vt 0.25 0.7531249999999999
vt 0.30625 0.8234375
vt 0.315625 0.8209254763209582
vt 0.25 0.7531249999999999
vt 0.315625 0.8209254763209582
vt 0.3224879763209582 0.8140625
vt 0.25 0.7531249999999999
vt 0.3224879763209582 0.8140625
vt 0.325 0.8046875
vt 0.25 0.7531249999999999
vt 0.325 0.8046875
vt 0.325 0.7015625
vt 0.3201442263209582 0.69453125
vt 0.32265625 0.70390625
vt 0.24999999999999997 0.753125
vt 0.31328125 0.6876682736790418
vt 0.3201442263209582 0.69453125
vt 0.24999999999999997 0.753125
vt 0.30390625 0.68515625
vt 0.31328125 0.6876682736790418
vt 0.24999999999999997 0.753125
vt 0.19609375 0.68515625
vt 0.30390625 0.68515625
vt 0.24999999999999997 0.753125
vt 0.18671875000000002 0.6876682736790418
vt 0.19609375 0.68515625
vt 0.24999999999999997 0.753125
vt 0.1798557736790418 0.69453125
vt 0.18671875000000002 0.6876682736790418
vt 0.24999999999999997 0.753125
vt 0.17734375000000002 0.70390625
vt 0.1798557736790418 0.69453125
vt 0.24999999999999997 0.753125
vt 0.17734375000000002 0.8023437499999999
vt 0.17734375000000002 0.70390625
vt 0.24999999999999997 0.753125
vt 0.1798557736790418 0.81171875
vt 0.17734375000000002 0.8023437499999999
vt 0.24999999999999997 0.753125
vt 0.18671875 0.8185817263209583
vt 0.1798557736790418 0.81171875
vt 0.24999999999999997 0.753125
vt 0.19609375 0.82109375
vt 0.18671875 0.8185817263209583
vt 0.24999999999999997 0.753125
vt 0.30390625 0.82109375
vt 0.19609375 0.82109375
vt 0.24999999999999997 0.753125
vt 0.31328125 0.8185817263209583
vt 0.30390625 0.82109375
vt 0.24999999999999997 0.753125
vt 0.3201442263209582 0.81171875
vt 0.31328125 0.8185817263209583
vt 0.24999999999999997 0.753125
vt 0.32265625 0.80234375
vt 0.3201442263209582 0.81171875
vt 0.24999999999999997 0.753125
vt 0.32265625 0.70390625
vt 0.32265625 0.80234375
vt 0.24999999999999997 0.753125
vn 0.4757816023712254 -0.8702754541614867 0.12748529612895637
vn 0.338702572261451 -0.8778161168986103 0.33870257226144895
vn 0.12748529612895448 -0.8702754541614864 0.47578160237122624
vn 0 -0.8665316060966601 0.4991222051116767
vn -0.12748529612895448 -0.8702754541614862 0.47578160237122624
vn -0.3387025722614506 -0.8778161168986105 0.33870257226144856
vn -0.4757816023712258 -0.8702754541614862 0.12748529612895645
vn -0.49912220511167665 -0.8665316060966601 0
vn -0.47578160237122546 -0.8702754541614863 -0.12748529612895665
vn -0.3387025722614498 -0.8778161168986108 -0.3387025722614488
vn -0.1274852961289554 -0.8702754541614864 -0.4757816023712257
vn 0 -0.8665316060966601 -0.4991222051116767
vn 0.12748529612895543 -0.8702754541614864 -0.4757816023712258
vn 0.33870257226144984 -0.8778161168986104 -0.33870257226144984
vn 0.4757816023712254 -0.8702754541614864 -0.12748529612895637
vn 0.49912220511167665 -0.8665316060966601 0
vn 0.9659258262890678 0 0.2588190451025226
vn 0.7071067811865497 0 0.7071067811865454
vn 0.2588190451025187 0 0.965925826289069
vn 0 0 1
vn -0.2588190451025187 0 0.965925826289069
vn -0.7071067811865497 0 0.7071067811865454
vn -0.9659258262890678 0 0.2588190451025226
vn -1 0 0
vn -0.9659258262890676 0 -0.2588190451025232
vn -0.7071067811865487 0 -0.7071067811865465
vn -0.25881904510252063 0 -0.9659258262890683
vn 0 0 -1
vn 0.25881904510252063 0 -0.9659258262890683
vn 0.7071067811865476 0 -0.7071067811865476
vn 0.9659258262890678 0 -0.2588190451025226
vn 1 0 0
vn 0.370889614384925 0.9233442448405716 0.0993795726555318
vn 0.25648305074169503 0.931897467195006 0.256483050741693
vn 0.09937957265552977 0.9233442448405718 0.3708896143849256
vn 0 0.914274977552113 0.4050941439000122
vn -0.0993795726555301 0.9233442448405714 0.37088961438492585
vn -0.25648305074169425 0.9318974671950059 0.25648305074169425
vn -0.37088961438492524 0.9233442448405718 0.09937957265553075
vn -0.40509414390001214 0.9142749775521127 0
vn -0.37088961438492646 0.9233442448405713 -0.09937957265553111
vn -0.2564830507416948 0.931897467195006 -0.2564830507416938
vn -0.09937957265553098 0.9233442448405713 -0.370889614384926
vn 0 0.9142749775521125 -0.40509414390001314
vn 0.09937957265553111 0.9233442448405713 -0.37088961438492646
vn 0.25648305074169436 0.9318974671950063 -0.25648305074169236
vn 0.37088961438492485 0.9233442448405718 -0.09937957265553203
vn 0.4050941439000122 0.914274977552113 0
vn -3.1250602274918287e-16 -1 -8.373573642550663e-17
vn -2.0802305812169131e-16 -1 -2.0802305812168964e-16
vn -8.710095739701494e-17 -1 -3.2506519839355517e-16
vn 0 -1 -3.9474596431116695e-16
vn 8.710095739701469e-17 -1 -3.2506519839355527e-16
vn 2.0802305812169131e-16 -1 -2.0802305812168964e-16
vn 3.1250602274918287e-16 -1 -8.373573642550663e-17
vn 3.7007434154171876e-16 -1 0
vn 3.1250602274918297e-16 -1 8.373573642550642e-17
vn 2.0802305812168998e-16 -1 2.0802305812169082e-16
vn 8.710095739701614e-17 -1 3.250651983935535e-16
vn 0 -1 3.947459643111666e-16
vn -8.710095739701557e-17 -1 3.2506519839355394e-16
vn -2.0802305812169023e-16 -1 2.0802305812169023e-16
vn -3.1250602274918297e-16 -1 8.373573642550642e-17
vn -3.7007434154171876e-16 -1 0
vn 0 1 0
vn 0 1 0
vn 0 1 0
vn 0 1 0
vn 0 1 0
vn 0 1 0
vn 0 1 0
vn 0 1 0
vn 0 1 0
vn 0 1 0
vn 0 1 0
vn 0 1 0
vn 0 1 0
vn 0 1 0
vn 0 1 0
vn 0 1 0
usemtl chair_edge
f 215/865/241 216/866/241 200/867/241 199/868/241
f 216/869/242 217/870/242 201/871/242 200/872/242
f 217/873/243 218/874/243 202/875/243 201/876/243
f 218/877/244 219/878/244 203/879/244 202/880/244
f 219/881/245 220/882/245 204/883/245 203/884/245
f 220/885/246 221/886/246 205/887/246 204/888/246
f 221/889/247 222/890/247 206/891/247 205/892/247
f 222/893/248 223/894/248 207/895/248 206/896/248
f 223/897/249 224/898/249 208/899/249 207/900/249
f 224/901/250 225/902/250 209/903/250 208/904/250
f 225/905/251 226/906/251 210/907/251 209/908/251
f 226/909/252 227/910/252 211/911/252 210/912/252
f 227/913/253 228/914/253 212/915/253 211/916/253
f 228/917/254 229/918/254 213/919/254 212/920/254
f 229/921/255 230/922/255 214/923/255 213/924/255
f 230/925/256 215/926/256 199/927/256 214/928/256
f 231/929/257 232/930/257 216/931/257 215/932/257
f 232/933/258 233/934/258 217/935/258 216/936/258
f 233/937/259 234/938/259 218/939/259 217/940/259
f 234/941/260 235/942/260 219/943/260 218/944/260
f 235/945/261 236/946/261 220/947/261 219/948/261
f 236/949/262 237/950/262 221/951/262 220/952/262
f 237/953/263 238/954/263 222/955/263 221/956/263
f 238/957/264 239/958/264 223/959/264 222/960/264
f 239/961/265 240/962/265 224/963/265 223/964/265
f 240/965/266 241/966/266 225/967/266 224/968/266
f 241/969/267 242/970/267 226/971/267 225/972/267
f 242/973/268 243/974/268 227/975/268 226/976/268
f 243/977/269 244/978/269 228/979/269 227/980/269
f 244/981/270 245/982/270 229/983/270 228/984/270
f 245/985/271 246/986/271 230/987/271 229/988/271
f 246/989/272 231/990/272 215/991/272 230/992/272
f 247/993/273 248/994/273 232/995/273 231/996/273
f 248/997/274 249/998/274 233/999/274 232/1000/274
f 249/1001/275 250/1002/275 234/1003/275 233/1004/275
f 250/1005/276 251/1006/276 235/1007/276 234/1008/276
f 251/1009/277 252/1010/277 236/1011/277 235/1012/277
f 252/1013/278 253/1014/278 237/1015/278 236/1016/278
f 253/1017/279 254/1018/279 238/1019/279 237/1020/279
f 254/1021/280 255/1022/280 239/1023/280 238/1024/280
f 255/1025/281 256/1026/281 240/1027/281 239/1028/281
f 256/1029/282 257/1030/282 241/1031/282 240/1032/282
f 257/1033/283 258/1034/283 242/1035/283 241/1036/283
f 258/1037/284 259/1038/284 243/1039/284 242/1040/284
f 259/1041/285 260/1042/285 244/1043/285 243/1044/285
f 260/1045/286 261/1046/286 245/1047/286 244/1048/286
f 261/1049/287 262/1050/287 246/1051/287 245/1052/287
f 262/1053/288 247/1054/288 231/1055/288 246/1056/288
f 263/1057/289 199/1058/289 200/1059/289
f 263/1060/290 200/1061/290 201/1062/290
f 263/1063/291 201/1064/291 202/1065/291
f 263/1066/292 202/1067/292 203/1068/292
f 263/1069/293 203/1070/293 204/1071/293
f 263/1072/294 204/1073/294 205/1074/294
f 263/1075/295 205/1076/295 206/1077/295
f 263/1078/296 206/1079/296 207/1080/296
f 263/1081/297 207/1082/297 208/1083/297
f 263/1084/298 208/1085/298 209/1086/298
f 263/1087/299 209/1088/299 210/1089/299
f 263/1090/300 210/1091/300 211/1092/300
f 263/1093/301 211/1094/301 212/1095/301
f 263/1096/302 212/1097/302 213/1098/302
f 263/1099/303 213/1100/303 214/1101/303
f 263/1102/304 214/1103/304 199/1104/304
f 248/1105/305 247/1106/305 264/1107/305
f 249/1108/306 248/1109/306 264/1110/306
f 250/1111/307 249/1112/307 264/1113/307
f 251/1114/308 250/1115/308 264/1116/308
f 252/1117/309 251/1118/309 264/1119/309
f 253/1120/310 252/1121/310 264/1122/310
f 254/1123/311 253/1124/311 264/1125/311
f 255/1126/312 254/1127/312 264/1128/312
f 256/1129/313 255/1130/313 264/1131/313
f 257/1132/314 256/1133/314 264/1134/314
f 258/1135/315 257/1136/315 264/1137/315
f 259/1138/316 258/1139/316 264/1140/316
f 260/1141/317 259/1142/317 264/1143/317
f 261/1144/318 260/1145/318 264/1146/318
f 262/1147/319 261/1148/319 264/1149/319
f 247/1150/320 262/1151/320 264/1152/320
o seat_sculpted_undertray
v 0.828125 0.265625 0.8
v 0.8176582346706593 0.265625 0.8390625
v 0.7890625 0.265625 0.8676582346706593
v 0.75 0.265625 0.878125
v 0.25 0.265625 0.878125
v 0.2109375 0.265625 0.8676582346706594
v 0.1823417653293407 0.265625 0.8390625
v 0.171875 0.265625 0.8
v 0.171875 0.265625 0.34375
v 0.18234176532934077 0.265625 0.3046875
v 0.21093749999999994 0.265625 0.27609176532934077
v 0.25 0.265625 0.265625
v 0.75 0.265625 0.265625
v 0.7890625 0.265625 0.27609176532934077
v 0.8176582346706592 0.265625 0.30468749999999994
v 0.828125 0.265625 0.34375
v 0.915625 0.290625 0.825
v 0.9030648816047911 0.290625 0.871875
v 0.86875 0.290625 0.9061898816047911
v 0.821875 0.290625 0.91875
v 0.17812499999999998 0.290625 0.91875
v 0.13124999999999998 0.290625 0.9061898816047911
v 0.09693511839520885 0.290625 0.871875
v 0.08437499999999998 0.290625 0.825
v 0.08437499999999998 0.290625 0.31875000000000003
v 0.09693511839520885 0.290625 0.27187500000000003
v 0.13124999999999992 0.290625 0.2375601183952089
v 0.17812499999999998 0.290625 0.22500000000000003
v 0.821875 0.290625 0.22500000000000003
v 0.86875 0.290625 0.2375601183952089
v 0.9030648816047911 0.290625 0.271875
v 0.915625 0.290625 0.31875000000000003
v 0.95625 0.36875 0.85625
v 0.9445272228311384 0.36875 0.8999999999999999
v 0.9125000000000001 0.36875 0.9320272228311384
v 0.86875 0.36875 0.94375
v 0.13124999999999998 0.36875 0.94375
v 0.08750000000000002 0.36875 0.9320272228311384
v 0.055472777168861565 0.36875 0.8999999999999999
v 0.043749999999999956 0.36875 0.85625
v 0.043749999999999956 0.36875 0.30000000000000004
v 0.05547277716886162 0.36875 0.25625000000000003
v 0.08749999999999991 0.36875 0.2242227771688617
v 0.13124999999999998 0.36875 0.21250000000000002
v 0.86875 0.36875 0.21250000000000002
v 0.9125000000000001 0.36875 0.2242227771688617
v 0.9445272228311383 0.36875 0.25625
v 0.95625 0.36875 0.30000000000000004
v 0.940625 0.38875 0.84375
v 0.9297395640574857 0.38875 0.884375
v 0.9 0.38875 0.9141145640574857
v 0.859375 0.38875 0.925
v 0.140625 0.38875 0.925
v 0.10000000000000003 0.38875 0.9141145640574857
v 0.07026043594251435 0.38875 0.884375
v 0.05937500000000001 0.38875 0.84375
v 0.05937500000000001 0.38875 0.3125
v 0.07026043594251435 0.38875 0.271875
v 0.09999999999999998 0.38875 0.24213543594251435
v 0.140625 0.38875 0.23125
v 0.859375 0.38875 0.23125
v 0.9 0.38875 0.24213543594251435
v 0.9297395640574856 0.38875 0.271875
v 0.940625 0.38875 0.3125
v 0.5 0.265625 0.5718749999999999
v 0.5 0.38875 0.578125
vt 0.4578125 0.5875
vt 0.4515324408023956 0.5640625
vt 0.4088291173353297 0.58046875
vt 0.4140625 0.6
vt 0.4515324408023956 0.5640625
vt 0.434375 0.5469050591976045
vt 0.39453125 0.5661708826646703
vt 0.4088291173353297 0.58046875
vt 0.434375 0.5469050591976045
vt 0.4109375 0.540625
vt 0.375 0.5609375
vt 0.39453125 0.5661708826646703
vt 0.4109375 0.540625
vt 0.08906249999999999 0.540625
vt 0.125 0.5609375
vt 0.375 0.5609375
vt 0.08906249999999999 0.540625
vt 0.06562499999999999 0.5469050591976045
vt 0.10546875 0.5661708826646703
vt 0.125 0.5609375
vt 0.06562499999999999 0.5469050591976045
vt 0.048467559197604426 0.5640625
vt 0.09117088266467036 0.58046875
vt 0.10546875 0.5661708826646703
vt 0.048467559197604426 0.5640625
vt 0.04218749999999999 0.5875
vt 0.0859375 0.6
vt 0.09117088266467036 0.58046875
vt 0.04218749999999999 0.5875
vt 0.04218749999999999 0.840625
vt 0.0859375 0.828125
vt 0.0859375 0.6
vt 0.04218749999999999 0.840625
vt 0.048467559197604426 0.8640625
vt 0.09117088266467038 0.84765625
vt 0.0859375 0.828125
vt 0.048467559197604426 0.8640625
vt 0.06562499999999996 0.8812199408023955
vt 0.10546874999999997 0.8619541173353296
vt 0.09117088266467038 0.84765625
vt 0.06562499999999996 0.8812199408023955
vt 0.08906249999999999 0.8875
vt 0.125 0.8671875
vt 0.10546874999999997 0.8619541173353296
vt 0.08906249999999999 0.8875
vt 0.4109375 0.8875
vt 0.375 0.8671875
vt 0.125 0.8671875
vt 0.4109375 0.8875
vt 0.434375 0.8812199408023955
vt 0.39453125 0.8619541173353296
vt 0.375 0.8671875
vt 0.434375 0.8812199408023955
vt 0.4515324408023956 0.8640625
vt 0.4088291173353296 0.84765625
vt 0.39453125 0.8619541173353296
vt 0.4515324408023956 0.8640625
vt 0.4578125 0.840625
vt 0.4140625 0.828125
vt 0.4088291173353296 0.84765625
vt 0.4578125 0.840625
vt 0.4578125 0.5875
vt 0.4140625 0.6
vt 0.4140625 0.828125
vt 0.428125 0.18437499999999996
vt 0.44999999999999996 0.18437499999999996
vt 0.4359375 0.14531249999999996
vt 0.4125 0.14531249999999996
vt 0.44999999999999996 0.18437499999999996
vt 0.4660136114155692 0.18437499999999996
vt 0.45309494080239554 0.14531249999999996
vt 0.4359375 0.14531249999999996
vt 0.45625000000000004 0.18437499999999996
vt 0.434375 0.18437499999999996
vt 0.4109375 0.14531249999999996
vt 0.434375 0.14531249999999996
vt 0.434375 0.18437499999999996
vt 0.06562499999999999 0.18437499999999996
vt 0.08906249999999999 0.14531249999999996
vt 0.4109375 0.14531249999999996
vt 0.06562499999999999 0.18437499999999996
vt 0.04375000000000001 0.18437499999999996
vt 0.06562499999999999 0.14531249999999996
vt 0.08906249999999999 0.14531249999999996
vt 0.4660136114155692 0.18437499999999996
vt 0.44999999999999996 0.18437499999999996
vt 0.4359375 0.14531249999999996
vt 0.45309494080239554 0.14531249999999996
vt 0.44999999999999996 0.18437499999999996
vt 0.428125 0.18437499999999996
vt 0.4125 0.14531249999999996
vt 0.4359375 0.14531249999999996
vt 0.428125 0.18437499999999996
vt 0.15000000000000002 0.18437499999999996
vt 0.15937500000000002 0.14531249999999996
vt 0.4125 0.14531249999999996
vt 0.15000000000000002 0.18437499999999996
vt 0.12812500000000002 0.18437499999999996
vt 0.13593750000000002 0.14531249999999996
vt 0.15937500000000002 0.14531249999999996
vt 0.12812500000000002 0.18437499999999996
vt 0.11211138858443084 0.18437499999999996
vt 0.11878005919760445 0.14531249999999996
vt 0.13593750000000002 0.14531249999999996
vt 0.043749999999999956 0.18437499999999996
vt 0.06562499999999999 0.18437499999999996
vt 0.08906249999999999 0.14531249999999996
vt 0.06562499999999996 0.14531249999999996
vt 0.06562499999999999 0.18437499999999996
vt 0.434375 0.18437499999999996
vt 0.4109375 0.14531249999999996
vt 0.08906249999999999 0.14531249999999996
vt 0.434375 0.18437499999999996
vt 0.45625000000000004 0.18437499999999996
vt 0.434375 0.14531249999999996
vt 0.4109375 0.14531249999999996
vt 0.11211138858443084 0.18437499999999996
vt 0.128125 0.18437499999999996
vt 0.1359375 0.14531249999999996
vt 0.11878005919760445 0.14531249999999996
vt 0.128125 0.18437499999999996
vt 0.15000000000000002 0.18437499999999996
vt 0.15937500000000002 0.14531249999999996
vt 0.1359375 0.14531249999999996
vt 0.15000000000000002 0.18437499999999996
vt 0.428125 0.18437499999999996
vt 0.4125 0.14531249999999996
vt 0.15937500000000002 0.14531249999999996
vt 0.421875 0.19437499999999996
vt 0.4421875 0.19437499999999996
vt 0.44999999999999996 0.18437499999999996
vt 0.428125 0.18437499999999996
vt 0.46486978202874285 0.5578125
vt 0.45 0.5429427179712571
vt 0.45625000000000004 0.5339863885844308
vt 0.4722636114155692 0.55
vt 0.45 0.5429427179712571
vt 0.4296875 0.5375
vt 0.434375 0.528125
vt 0.45625000000000004 0.5339863885844308
vt 0.4296875 0.19437499999999996
vt 0.0703125 0.19437499999999996
vt 0.06562499999999999 0.18437499999999996
vt 0.434375 0.18437499999999996
vt 0.0703125 0.5375
vt 0.05000000000000002 0.5429427179712571
vt 0.04375000000000001 0.5339863885844308
vt 0.06562499999999999 0.528125
vt 0.05000000000000002 0.5429427179712571
vt 0.03513021797125718 0.5578125
vt 0.027736388584430782 0.55
vt 0.04375000000000001 0.5339863885844308
vt 0.4421875 0.19437499999999996
vt 0.421875 0.19437499999999996
vt 0.428125 0.18437499999999996
vt 0.44999999999999996 0.18437499999999996
vt 0.421875 0.19437499999999996
vt 0.15625 0.19437499999999996
vt 0.15000000000000002 0.18437499999999996
vt 0.428125 0.18437499999999996
vt 0.15625 0.19437499999999996
vt 0.1359375 0.19437499999999996
vt 0.12812500000000002 0.18437499999999996
vt 0.15000000000000002 0.18437499999999996
vt 0.03513021797125718 0.8640625
vt 0.04999999999999999 0.8789322820287429
vt 0.043749999999999956 0.8878886114155692
vt 0.02773638858443081 0.871875
vt 0.04999999999999999 0.8789322820287429
vt 0.0703125 0.884375
vt 0.06562499999999999 0.89375
vt 0.043749999999999956 0.8878886114155692
vt 0.0703125 0.19437499999999996
vt 0.4296875 0.19437499999999996
vt 0.434375 0.18437499999999996
vt 0.06562499999999999 0.18437499999999996
vt 0.4296875 0.884375
vt 0.45 0.8789322820287429
vt 0.45625000000000004 0.8878886114155692
vt 0.434375 0.89375
vt 0.45 0.8789322820287429
vt 0.4648697820287428 0.8640625
vt 0.47226361141556916 0.871875
vt 0.45625000000000004 0.8878886114155692
vt 0.1359375 0.19437499999999996
vt 0.15625 0.19437499999999996
vt 0.15000000000000002 0.18437499999999996
vt 0.128125 0.18437499999999996
vt 0.15625 0.19437499999999996
vt 0.421875 0.19437499999999996
vt 0.428125 0.18437499999999996
vt 0.15000000000000002 0.18437499999999996
vt 0.25 0.7140625
vt 0.4140625 0.6
vt 0.4088291173353297 0.58046875
vt 0.25 0.7140625
vt 0.4088291173353297 0.58046875
vt 0.39453125 0.5661708826646703
vt 0.25 0.7140625
vt 0.39453125 0.5661708826646703
vt 0.375 0.5609375
vt 0.25 0.7140625
vt 0.375 0.5609375
vt 0.125 0.5609375
vt 0.25 0.7140625
vt 0.125 0.5609375
vt 0.10546875 0.5661708826646703
vt 0.25 0.7140625
vt 0.10546875 0.5661708826646703
vt 0.09117088266467036 0.58046875
vt 0.25 0.7140625
vt 0.09117088266467036 0.58046875
vt 0.0859375 0.6
vt 0.25 0.7140625
vt 0.0859375 0.6
vt 0.0859375 0.828125
vt 0.25 0.7140625
vt 0.0859375 0.828125
vt 0.09117088266467038 0.84765625
vt 0.25 0.7140625
vt 0.09117088266467038 0.84765625
vt 0.10546874999999997 0.8619541173353296
vt 0.25 0.7140625
vt 0.10546874999999997 0.8619541173353296
vt 0.125 0.8671875
vt 0.25 0.7140625
vt 0.125 0.8671875
vt 0.375 0.8671875
vt 0.25 0.7140625
vt 0.375 0.8671875
vt 0.39453125 0.8619541173353296
vt 0.25 0.7140625
vt 0.39453125 0.8619541173353296
vt 0.4088291173353296 0.84765625
vt 0.25 0.7140625
vt 0.4088291173353296 0.84765625
vt 0.4140625 0.828125
vt 0.25 0.7140625
vt 0.4140625 0.828125
vt 0.4140625 0.6
vt 0.46486978202874285 0.5578125
vt 0.4703125 0.578125
vt 0.25 0.7109375
vt 0.45 0.5429427179712571
vt 0.46486978202874285 0.5578125
vt 0.25 0.7109375
vt 0.4296875 0.5375
vt 0.45 0.5429427179712571
vt 0.25 0.7109375
vt 0.0703125 0.5375
vt 0.4296875 0.5375
vt 0.25 0.7109375
vt 0.05000000000000002 0.5429427179712571
vt 0.0703125 0.5375
vt 0.25 0.7109375
vt 0.03513021797125718 0.5578125
vt 0.05000000000000002 0.5429427179712571
vt 0.25 0.7109375
vt 0.029687500000000006 0.578125
vt 0.03513021797125718 0.5578125
vt 0.25 0.7109375
vt 0.029687500000000006 0.84375
vt 0.029687500000000006 0.578125
vt 0.25 0.7109375
vt 0.03513021797125718 0.8640625
vt 0.029687500000000006 0.84375
vt 0.25 0.7109375
vt 0.04999999999999999 0.8789322820287429
vt 0.03513021797125718 0.8640625
vt 0.25 0.7109375
vt 0.0703125 0.884375
vt 0.04999999999999999 0.8789322820287429
vt 0.25 0.7109375
vt 0.4296875 0.884375
vt 0.0703125 0.884375
vt 0.25 0.7109375
vt 0.45 0.8789322820287429
vt 0.4296875 0.884375
vt 0.25 0.7109375
vt 0.4648697820287428 0.8640625
vt 0.45 0.8789322820287429
vt 0.25 0.7109375
vt 0.4703125 0.84375
vt 0.4648697820287428 0.8640625
vt 0.25 0.7109375
vt 0.4703125 0.578125
vt 0.4703125 0.84375
vt 0.25 0.7109375
vn 0.255912393901907 -0.9642648979358043 0.06857151927913134
vn 0.20260512327955835 -0.9580721935437592 0.20260512327955835
vn 0.1026819934770579 -0.9179341583496482 0.3832144166788362
vn 0 -0.8516583167045432 0.5240974256643358
vn -0.102681993477058 -0.9179341583496479 0.38321441667883654
vn -0.20260512327955843 -0.9580721935437592 0.20260512327955843
vn -0.2559123939019068 -0.9642648979358044 0.06857151927913128
vn -0.27472112789737824 -0.9615239476408232 0
vn -0.25591239390190673 -0.9642648979358044 -0.06857151927913127
vn -0.20260512327955835 -0.9580721935437592 -0.202605123279558
vn -0.10268199347705774 -0.9179341583496483 -0.383214416678836
vn 0 -0.8516583167045435 -0.5240974256643354
vn 0.10268199347705778 -0.9179341583496484 -0.38321441667883577
vn 0.20260512327955815 -0.9580721935437592 -0.20260512327955849
vn 0.2559123939019068 -0.9642648979358044 -0.06857151927913122
vn 0.27472112789737824 -0.9615239476408232 0
vn 0.8261497765808735 -0.5181443500068534 0.22136616546199755
vn 0.5983221861979094 -0.5329363217183746 0.5983221861979074
vn 0.23474205081780156 -0.42118739379466613 0.8760692603249528
vn 0 -0.304775727103784 0.9524241471993241
vn -0.23474205081780206 -0.4211873937946662 0.8760692603249525
vn -0.5983221861979089 -0.5329363217183738 0.5983221861979089
vn -0.8261497765808735 -0.5181443500068534 0.22136616546199755
vn -0.8872168012345952 -0.4613527366419897 0
vn -0.8411942260660807 -0.49151635280687295 -0.2253973135521304
vn -0.6282045631565593 -0.4590403616878961 -0.6282045631565581
vn -0.24722412247488296 -0.2959589512341926 -0.9226529859328917
vn 0 -0.157990501106673 -0.9874406319167054
vn 0.24722412247488304 -0.29595895123419225 -0.922652985932892
vn 0.6282045631565595 -0.4590403616878958 -0.6282045631565584
vn 0.8411942260660803 -0.4915163528068734 -0.2253973135521311
vn 0.8872168012345952 -0.4613527366419897 0
vn 0.7121338380017399 0.6756143651860103 0.19081568679544178
vn 0.48155320909384824 0.7322656714764342 0.48155320909384824
vn 0.1805700336466073 0.7164202094220603 0.6738965398935615
vn 0 0.6839411288813292 0.7295372041400857
vn -0.18057003364660754 0.7164202094220601 0.6738965398935616
vn -0.48155320909384874 0.7322656714764335 0.48155320909384874
vn -0.7121338380017386 0.6756143651860118 0.19081568679544145
vn -0.7880243737245619 0.6156440419723173 0
vn -0.7121338380017396 0.6756143651860106 -0.19081568679544172
vn -0.48155320909384824 0.7322656714764341 -0.48155320909384824
vn -0.18057003364660704 0.7164202094220613 -0.6738965398935605
vn 0 0.6839411288813303 -0.7295372041400847
vn 0.18057003364660726 0.7164202094220603 -0.6738965398935614
vn 0.48155320909384874 0.7322656714764341 -0.48155320909384786
vn 0.7121338380017386 0.6756143651860113 -0.1908156867954434
vn 0.7880243737245628 0.6156440419723158 0
vn 0 -1 0
vn 0 -1 0
vn 0 -1 0
vn 0 -1 0
vn 0 -1 0
vn 0 -1 0
vn 0 -1 0
vn 0 -1 0
vn 0 -1 0
vn 0 -1 0
vn 0 -1 0
vn 0 -1 0
vn 0 -1 0
vn 0 -1 0
vn 0 -1 0
vn 0 -1 0
vn 0 1 0
vn 0 1 0
vn 0 1 0
vn 0 1 0
vn 0 1 0
vn 0 1 0
vn 0 1 0
vn 0 1 0
vn 0 1 0
vn 0 1 0
vn 0 1 0
vn 0 1 0
vn 0 1 0
vn 0 1 0
vn 0 1 0
vn 0 1 0
usemtl chair_titanium
f 281/1153/321 282/1154/321 266/1155/321 265/1156/321
f 282/1157/322 283/1158/322 267/1159/322 266/1160/322
f 283/1161/323 284/1162/323 268/1163/323 267/1164/323
f 284/1165/324 285/1166/324 269/1167/324 268/1168/324
f 285/1169/325 286/1170/325 270/1171/325 269/1172/325
f 286/1173/326 287/1174/326 271/1175/326 270/1176/326
f 287/1177/327 288/1178/327 272/1179/327 271/1180/327
f 288/1181/328 289/1182/328 273/1183/328 272/1184/328
f 289/1185/329 290/1186/329 274/1187/329 273/1188/329
f 290/1189/330 291/1190/330 275/1191/330 274/1192/330
f 291/1193/331 292/1194/331 276/1195/331 275/1196/331
f 292/1197/332 293/1198/332 277/1199/332 276/1200/332
f 293/1201/333 294/1202/333 278/1203/333 277/1204/333
f 294/1205/334 295/1206/334 279/1207/334 278/1208/334
f 295/1209/335 296/1210/335 280/1211/335 279/1212/335
f 296/1213/336 281/1214/336 265/1215/336 280/1216/336
f 297/1217/337 298/1218/337 282/1219/337 281/1220/337
f 298/1221/338 299/1222/338 283/1223/338 282/1224/338
f 299/1225/339 300/1226/339 284/1227/339 283/1228/339
f 300/1229/340 301/1230/340 285/1231/340 284/1232/340
f 301/1233/341 302/1234/341 286/1235/341 285/1236/341
f 302/1237/342 303/1238/342 287/1239/342 286/1240/342
f 303/1241/343 304/1242/343 288/1243/343 287/1244/343
f 304/1245/344 305/1246/344 289/1247/344 288/1248/344
f 305/1249/345 306/1250/345 290/1251/345 289/1252/345
f 306/1253/346 307/1254/346 291/1255/346 290/1256/346
f 307/1257/347 308/1258/347 292/1259/347 291/1260/347
f 308/1261/348 309/1262/348 293/1263/348 292/1264/348
f 309/1265/349 310/1266/349 294/1267/349 293/1268/349
f 310/1269/350 311/1270/350 295/1271/350 294/1272/350
f 311/1273/351 312/1274/351 296/1275/351 295/1276/351
f 312/1277/352 297/1278/352 281/1279/352 296/1280/352
f 313/1281/353 314/1282/353 298/1283/353 297/1284/353
f 314/1285/354 315/1286/354 299/1287/354 298/1288/354
f 315/1289/355 316/1290/355 300/1291/355 299/1292/355
f 316/1293/356 317/1294/356 301/1295/356 300/1296/356
f 317/1297/357 318/1298/357 302/1299/357 301/1300/357
f 318/1301/358 319/1302/358 303/1303/358 302/1304/358
f 319/1305/359 320/1306/359 304/1307/359 303/1308/359
f 320/1309/360 321/1310/360 305/1311/360 304/1312/360
f 321/1313/361 322/1314/361 306/1315/361 305/1316/361
f 322/1317/362 323/1318/362 307/1319/362 306/1320/362
f 323/1321/363 324/1322/363 308/1323/363 307/1324/363
f 324/1325/364 325/1326/364 309/1327/364 308/1328/364
f 325/1329/365 326/1330/365 310/1331/365 309/1332/365
f 326/1333/366 327/1334/366 311/1335/366 310/1336/366
f 327/1337/367 328/1338/367 312/1339/367 311/1340/367
f 328/1341/368 313/1342/368 297/1343/368 312/1344/368
f 329/1345/369 265/1346/369 266/1347/369
f 329/1348/370 266/1349/370 267/1350/370
f 329/1351/371 267/1352/371 268/1353/371
f 329/1354/372 268/1355/372 269/1356/372
f 329/1357/373 269/1358/373 270/1359/373
f 329/1360/374 270/1361/374 271/1362/374
f 329/1363/375 271/1364/375 272/1365/375
f 329/1366/376 272/1367/376 273/1368/376
f 329/1369/377 273/1370/377 274/1371/377
f 329/1372/378 274/1373/378 275/1374/378
f 329/1375/379 275/1376/379 276/1377/379
f 329/1378/380 276/1379/380 277/1380/380
f 329/1381/381 277/1382/381 278/1383/381
f 329/1384/382 278/1385/382 279/1386/382
f 329/1387/383 279/1388/383 280/1389/383
f 329/1390/384 280/1391/384 265/1392/384
f 314/1393/385 313/1394/385 330/1395/385
f 315/1396/386 314/1397/386 330/1398/386
f 316/1399/387 315/1400/387 330/1401/387
f 317/1402/388 316/1403/388 330/1404/388
f 318/1405/389 317/1406/389 330/1407/389
f 319/1408/390 318/1409/390 330/1410/390
f 320/1411/391 319/1412/391 330/1413/391
f 321/1414/392 320/1415/392 330/1416/392
f 322/1417/393 321/1418/393 330/1419/393
f 323/1420/394 322/1421/394 330/1422/394
f 324/1423/395 323/1424/395 330/1425/395
f 325/1426/396 324/1427/396 330/1428/396
f 326/1429/397 325/1430/397 330/1431/397
f 327/1432/398 326/1433/398 330/1434/398
f 328/1435/399 327/1436/399 330/1437/399
f 313/1438/400 328/1439/400 330/1440/400
o seat_front_lower_trim
v 0.821875 0.3459375 0.8871874999999999
v 0.8206189881604791 0.3459375 0.891875
v 0.8171875 0.3459375 0.8953064881604791
v 0.8125 0.3459375 0.8965624999999999
v 0.1875 0.3459375 0.8965624999999999
v 0.1828125 0.3459375 0.8953064881604791
v 0.17938101183952088 0.3459375 0.891875
v 0.17812499999999998 0.3459375 0.8871874999999999
v 0.17812499999999998 0.3459375 0.8778125
v 0.17938101183952088 0.3459375 0.8731249999999999
v 0.1828125 0.3459375 0.8696935118395208
v 0.1875 0.3459375 0.8684375
v 0.8125 0.3459375 0.8684375
v 0.8171875 0.3459375 0.8696935118395208
v 0.8206189881604791 0.3459375 0.8731249999999999
v 0.821875 0.3459375 0.8778125
v 0.8375 0.356625 0.8946875
v 0.8351554445662277 0.356625 0.9034374999999999
v 0.82875 0.356625 0.9098429445662276
v 0.8200000000000001 0.356625 0.9121874999999999
v 0.18 0.356625 0.9121874999999999
v 0.17125 0.356625 0.9098429445662276
v 0.1648445554337723 0.356625 0.9034374999999999
v 0.16249999999999998 0.356625 0.8946875
v 0.16249999999999998 0.356625 0.8703124999999999
v 0.1648445554337723 0.356625 0.8615625
v 0.17125 0.356625 0.8551570554337723
v 0.18 0.356625 0.8528125
v 0.8200000000000001 0.356625 0.8528125
v 0.82875 0.356625 0.8551570554337723
v 0.8351554445662277 0.356625 0.8615624999999999
v 0.8375 0.356625 0.8703124999999999
v 0.8375 0.370875 0.8946875
v 0.8351554445662277 0.370875 0.9034374999999999
v 0.82875 0.370875 0.9098429445662276
v 0.8200000000000001 0.370875 0.9121874999999999
v 0.18 0.370875 0.9121874999999999
v 0.17125 0.370875 0.9098429445662276
v 0.1648445554337723 0.370875 0.9034374999999999
v 0.16249999999999998 0.370875 0.8946875
v 0.16249999999999998 0.370875 0.8703124999999999
v 0.1648445554337723 0.370875 0.8615625
v 0.17125 0.370875 0.8551570554337723
v 0.18 0.370875 0.8528125
v 0.8200000000000001 0.370875 0.8528125
v 0.82875 0.370875 0.8551570554337723
v 0.8351554445662277 0.370875 0.8615624999999999
v 0.8375 0.370875 0.8703124999999999
v 0.8171875 0.3815625 0.8825
v 0.8159314881604791 0.3815625 0.8871874999999999
v 0.8125 0.3815625 0.890618988160479
v 0.8078125 0.3815625 0.891875
v 0.1921875 0.3815625 0.891875
v 0.1875 0.3815625 0.890618988160479
v 0.1840685118395209 0.3815625 0.8871874999999999
v 0.1828125 0.3815625 0.8825
v 0.1828125 0.3815625 0.8825
v 0.1840685118395209 0.3815625 0.8778125
v 0.1875 0.3815625 0.8743810118395209
v 0.1921875 0.3815625 0.8731249999999999
v 0.8078125 0.3815625 0.8731249999999999
v 0.8125 0.3815625 0.8743810118395209
v 0.8159314881604791 0.3815625 0.8778125
v 0.8171875 0.3815625 0.8825
v 0.5 0.3459374999999999 0.8825000000000001
v 0.5 0.38156250000000014 0.8825
vt 0.41875 0.5526562500000001
vt 0.41757772228311385 0.54828125
vt 0.41030949408023953 0.5540625
vt 0.4109375 0.55640625
vt 0.41757772228311385 0.54828125
vt 0.414375 0.5450785277168861
vt 0.40859375 0.5523467559197605
vt 0.41030949408023953 0.5540625
vt 0.414375 0.5450785277168861
vt 0.41000000000000003 0.54390625
vt 0.40625 0.55171875
vt 0.40859375 0.5523467559197605
vt 0.41000000000000003 0.54390625
vt 0.09 0.54390625
vt 0.09375 0.55171875
vt 0.40625 0.55171875
vt 0.09 0.54390625
vt 0.085625 0.5450785277168861
vt 0.09140625 0.5523467559197605
vt 0.09375 0.55171875
vt 0.085625 0.5450785277168861
vt 0.08242227771688615 0.54828125
vt 0.08969050591976044 0.5540625
vt 0.09140625 0.5523467559197605
vt 0.08242227771688615 0.54828125
vt 0.08124999999999999 0.5526562500000001
vt 0.08906249999999999 0.55640625
vt 0.08969050591976044 0.5540625
vt 0.08124999999999999 0.5526562500000001
vt 0.08124999999999999 0.5648437500000001
vt 0.08906249999999999 0.56109375
vt 0.08906249999999999 0.55640625
vt 0.08124999999999999 0.5648437500000001
vt 0.08242227771688615 0.56921875
vt 0.08969050591976044 0.5634375
vt 0.08906249999999999 0.56109375
vt 0.08242227771688615 0.56921875
vt 0.085625 0.5724214722831138
vt 0.09140625 0.5651532440802396
vt 0.08969050591976044 0.5634375
vt 0.085625 0.5724214722831138
vt 0.09 0.57359375
vt 0.09375 0.56578125
vt 0.09140625 0.5651532440802396
vt 0.09 0.57359375
vt 0.41000000000000003 0.57359375
vt 0.40625 0.56578125
vt 0.09375 0.56578125
vt 0.41000000000000003 0.57359375
vt 0.414375 0.5724214722831138
vt 0.40859375 0.5651532440802396
vt 0.40625 0.56578125
vt 0.414375 0.5724214722831138
vt 0.41757772228311385 0.5692187500000001
vt 0.41030949408023953 0.5634375
vt 0.40859375 0.5651532440802396
vt 0.41757772228311385 0.5692187500000001
vt 0.41875 0.5648437500000001
vt 0.4109375 0.56109375
vt 0.41030949408023953 0.5634375
vt 0.41875 0.5648437500000001
vt 0.41875 0.5526562500000001
vt 0.4109375 0.55640625
vt 0.4109375 0.56109375
vt 0.44734375 0.18543750000000003
vt 0.45171874999999995 0.18543750000000003
vt 0.45171874999999995 0.17831249999999998
vt 0.44734375 0.17831249999999998
vt 0.45171874999999995 0.18543750000000003
vt 0.4549214722831138 0.18543750000000003
vt 0.4549214722831138 0.17831249999999998
vt 0.45171874999999995 0.17831249999999998
vt 0.414375 0.18543750000000003
vt 0.41000000000000003 0.18543750000000003
vt 0.41000000000000003 0.17831249999999998
vt 0.414375 0.17831249999999998
vt 0.41000000000000003 0.18543750000000003
vt 0.09 0.18543750000000003
vt 0.09 0.17831249999999998
vt 0.41000000000000003 0.17831249999999998
vt 0.09 0.18543750000000003
vt 0.085625 0.18543750000000003
vt 0.085625 0.17831249999999998
vt 0.09 0.17831249999999998
vt 0.4549214722831138 0.18543750000000003
vt 0.45171874999999995 0.18543750000000003
vt 0.45171874999999995 0.17831249999999998
vt 0.4549214722831138 0.17831249999999998
vt 0.45171874999999995 0.18543750000000003
vt 0.44734375 0.18543750000000003
vt 0.44734375 0.17831249999999998
vt 0.45171874999999995 0.17831249999999998
vt 0.44734375 0.18543750000000003
vt 0.43515624999999997 0.18543750000000003
vt 0.43515624999999997 0.17831249999999998
vt 0.44734375 0.17831249999999998
vt 0.43515624999999997 0.18543750000000003
vt 0.43078125 0.18543750000000003
vt 0.43078125 0.17831249999999998
vt 0.43515624999999997 0.17831249999999998
vt 0.43078125 0.18543750000000003
vt 0.42757852771688615 0.18543750000000003
vt 0.42757852771688615 0.17831249999999998
vt 0.43078125 0.17831249999999998
vt 0.085625 0.18543750000000003
vt 0.09 0.18543750000000003
vt 0.09 0.17831249999999998
vt 0.085625 0.17831249999999998
vt 0.09 0.18543750000000003
vt 0.41000000000000003 0.18543750000000003
vt 0.41000000000000003 0.17831249999999998
vt 0.09 0.17831249999999998
vt 0.41000000000000003 0.18543750000000003
vt 0.414375 0.18543750000000003
vt 0.414375 0.17831249999999998
vt 0.41000000000000003 0.17831249999999998
vt 0.414375 0.18543750000000003
vt 0.41757772228311385 0.18543750000000003
vt 0.41757772228311385 0.17831249999999998
vt 0.414375 0.17831249999999998
vt 0.43078124999999995 0.18543750000000003
vt 0.43515624999999997 0.18543750000000003
vt 0.43515624999999997 0.17831249999999998
vt 0.43078124999999995 0.17831249999999998
vt 0.43515624999999997 0.18543750000000003
vt 0.44734375 0.18543750000000003
vt 0.44734375 0.17831249999999998
vt 0.43515624999999997 0.17831249999999998
vt 0.40859375 0.5587500000000001
vt 0.40796574408023956 0.55640625
vt 0.41757772228311385 0.54828125
vt 0.41875 0.5526562500000001
vt 0.40796574408023956 0.55640625
vt 0.40625 0.5546905059197604
vt 0.414375 0.5450785277168861
vt 0.41757772228311385 0.54828125
vt 0.40625 0.5546905059197604
vt 0.40390625 0.5540625
vt 0.41000000000000003 0.54390625
vt 0.414375 0.5450785277168861
vt 0.40390625 0.5540625
vt 0.09609375 0.5540625
vt 0.09 0.54390625
vt 0.41000000000000003 0.54390625
vt 0.09609375 0.5540625
vt 0.09375 0.5546905059197604
vt 0.085625 0.5450785277168861
vt 0.09 0.54390625
vt 0.09375 0.5546905059197604
vt 0.09203425591976044 0.55640625
vt 0.08242227771688615 0.54828125
vt 0.085625 0.5450785277168861
vt 0.09203425591976044 0.55640625
vt 0.09140625 0.5587500000000001
vt 0.08124999999999999 0.5526562500000001
vt 0.08242227771688615 0.54828125
vt 0.44125 0.19078125
vt 0.44125 0.19078125
vt 0.43515624999999997 0.18543750000000003
vt 0.44734375 0.18543750000000003
vt 0.09140625 0.5587500000000001
vt 0.09203425591976044 0.56109375
vt 0.08242227771688615 0.56921875
vt 0.08124999999999999 0.5648437500000001
vt 0.09203425591976044 0.56109375
vt 0.09375 0.5628094940802395
vt 0.085625 0.5724214722831138
vt 0.08242227771688615 0.56921875
vt 0.09375 0.5628094940802395
vt 0.09609375 0.5634375
vt 0.09 0.57359375
vt 0.085625 0.5724214722831138
vt 0.09609375 0.5634375
vt 0.40390625 0.5634375
vt 0.41000000000000003 0.57359375
vt 0.09 0.57359375
vt 0.40390625 0.5634375
vt 0.40625 0.5628094940802395
vt 0.414375 0.5724214722831138
vt 0.41000000000000003 0.57359375
vt 0.40625 0.5628094940802395
vt 0.40796574408023956 0.56109375
vt 0.41757772228311385 0.5692187500000001
vt 0.414375 0.5724214722831138
vt 0.40796574408023956 0.56109375
vt 0.40859375 0.5587500000000001
vt 0.41875 0.5648437500000001
vt 0.41757772228311385 0.5692187500000001
vt 0.44125 0.19078125
vt 0.44125 0.19078125
vt 0.44734375 0.18543750000000003
vt 0.43515624999999997 0.18543750000000003
vt 0.25 0.55875
vt 0.4109375 0.55640625
vt 0.41030949408023953 0.5540625
vt 0.25 0.55875
vt 0.41030949408023953 0.5540625
vt 0.40859375 0.5523467559197605
vt 0.25 0.55875
vt 0.40859375 0.5523467559197605
vt 0.40625 0.55171875
vt 0.25 0.55875
vt 0.40625 0.55171875
vt 0.09375 0.55171875
vt 0.25 0.55875
vt 0.09375 0.55171875
vt 0.09140625 0.5523467559197605
vt 0.25 0.55875
vt 0.09140625 0.5523467559197605
vt 0.08969050591976044 0.5540625
vt 0.25 0.55875
vt 0.08969050591976044 0.5540625
vt 0.08906249999999999 0.55640625
vt 0.25 0.55875
vt 0.08906249999999999 0.55640625
vt 0.08906249999999999 0.56109375
vt 0.25 0.55875
vt 0.08906249999999999 0.56109375
vt 0.08969050591976044 0.5634375
vt 0.25 0.55875
vt 0.08969050591976044 0.5634375
vt 0.09140625 0.5651532440802396
vt 0.25 0.55875
vt 0.09140625 0.5651532440802396
vt 0.09375 0.56578125
vt 0.25 0.55875
vt 0.09375 0.56578125
vt 0.40625 0.56578125
vt 0.25 0.55875
vt 0.40625 0.56578125
vt 0.40859375 0.5651532440802396
vt 0.25 0.55875
vt 0.40859375 0.5651532440802396
vt 0.41030949408023953 0.5634375
vt 0.25 0.55875
vt 0.41030949408023953 0.5634375
vt 0.4109375 0.56109375
vt 0.25 0.55875
vt 0.4109375 0.56109375
vt 0.4109375 0.55640625
vt 0.40796574408023956 0.55640625
vt 0.40859375 0.5587500000000001
vt 0.25 0.5587500000000001
vt 0.40625 0.5546905059197604
vt 0.40796574408023956 0.55640625
vt 0.25 0.5587500000000001
vt 0.40390625 0.5540625
vt 0.40625 0.5546905059197604
vt 0.25 0.5587500000000001
vt 0.09609375 0.5540625
vt 0.40390625 0.5540625
vt 0.25 0.5587500000000001
vt 0.09375 0.5546905059197604
vt 0.09609375 0.5540625
vt 0.25 0.5587500000000001
vt 0.09203425591976044 0.55640625
vt 0.09375 0.5546905059197604
vt 0.25 0.5587500000000001
vt 0.09140625 0.5587500000000001
vt 0.09203425591976044 0.55640625
vt 0.25 0.5587500000000001
vt 0.44125 0.19078125000000012
vt 0.44125 0.19078125
vt 0.44125 0.19078125
vt 0.09203425591976044 0.56109375
vt 0.09140625 0.5587500000000001
vt 0.25 0.5587500000000001
vt 0.09375 0.5628094940802395
vt 0.09203425591976044 0.56109375
vt 0.25 0.5587500000000001
vt 0.09609375 0.5634375
vt 0.09375 0.5628094940802395
vt 0.25 0.5587500000000001
vt 0.40390625 0.5634375
vt 0.09609375 0.5634375
vt 0.25 0.5587500000000001
vt 0.40625 0.5628094940802395
vt 0.40390625 0.5634375
vt 0.25 0.5587500000000001
vt 0.40796574408023956 0.56109375
vt 0.40625 0.5628094940802395
vt 0.25 0.5587500000000001
vt 0.40859375 0.5587500000000001
vt 0.40796574408023956 0.56109375
vt 0.25 0.5587500000000001
vt 0.44125 0.19078125000000012
vt 0.44125 0.19078125
vt 0.44125 0.19078125
vn 0.5133694742215668 -0.847071350174077 0.13755693603645996
vn 0.3543649029086099 -0.865361792069157 0.3543649029086099
vn 0.1375569360364602 -0.8470713501740763 0.5133694742215676
vn 0 -0.8253882342501191 0.5645655522270824
vn -0.13755693603645974 -0.8470713501740753 0.5133694742215692
vn -0.3543649029086105 -0.8653617920691565 0.3543649029086105
vn -0.5133694742215676 -0.8470713501740763 0.1375569360364602
vn -0.5645655522270824 -0.8253882342501193 0
vn -0.5133694742215679 -0.8470713501740761 -0.13755693603646027
vn -0.3543649029086105 -0.8653617920691565 -0.3543649029086105
vn -0.1375569360364595 -0.8470713501740761 -0.5133694742215683
vn 0 -0.8253882342501191 -0.5645655522270824
vn 0.13755693603646044 -0.8470713501740758 -0.5133694742215685
vn 0.35436490290860606 -0.8653617920691579 -0.35436490290861217
vn 0.5133694742215683 -0.8470713501740761 -0.1375569360364586
vn 0.5645655522270824 -0.8253882342501193 0
vn 0.9659258262890679 0 0.2588190451025227
vn 0.7071067811865476 0 0.7071067811865476
vn 0.2588190451025227 0 0.9659258262890679
vn 0 0 1
vn -0.2588190451025212 0 0.9659258262890682
vn -0.7071067811865476 0 0.7071067811865476
vn -0.9659258262890679 0 0.2588190451025227
vn -1 0 0
vn -0.9659258262890679 0 -0.2588190451025227
vn -0.7071067811865476 0 -0.7071067811865476
vn -0.2588190451025212 0 -0.9659258262890682
vn 0 0 -1
vn 0.2588190451025227 0 -0.9659258262890679
vn 0.7071067811865414 0 -0.7071067811865537
vn 0.9659258262890686 0 -0.25881904510251963
vn 1 0 0
vn 0.4103445415956157 0.9052778730040456 0.10995148853906159
vn 0.2771679454270038 0.9199760105869865 0.2771679454270038
vn 0.1099514885390702 0.9052778730040464 0.41034454159561157
vn 0 0.8849772826629025 0.4656342010318674
vn -0.10995148853906862 0.905277873004047 0.4103445415956105
vn -0.2771679454270038 0.9199760105869865 0.2771679454270038
vn -0.41034454159561307 0.9052778730040463 0.10995148853906575
vn 0 0 0
vn -0.4103445415956127 0.9052778730040465 -0.10995148853906565
vn -0.2771679454270038 0.9199760105869865 -0.2771679454270038
vn -0.10995148853906907 0.9052778730040463 -0.4103445415956121
vn 0 0.8849772826629025 -0.4656342010318674
vn 0.10995148853906969 0.9052778730040472 -0.4103445415956097
vn 0.27716794542700307 0.9199760105869869 -0.27716794542700307
vn 0.4103445415956145 0.905277873004046 -0.10995148853906127
vn 0 0 0
vn 3.435829381726243e-16 -1 9.20627708164706e-17
vn 3.364373486965602e-16 -1 3.364373486965602e-16
vn 3.0418572221850657e-16 -1 1.1352365702565292e-15
vn 0 -1 7.89491928622341e-15
vn -3.04185722218506e-16 -1 1.1352365702565404e-15
vn -3.3643734869656033e-16 -1 3.3643734869656033e-16
vn -3.435829381726244e-16 -1 9.206277081646656e-17
vn -3.4492365813597096e-16 -1 0
vn -3.435829381726243e-16 -1 -9.206277081646653e-17
vn -3.3643734869655993e-16 -1 -3.3643734869655993e-16
vn -3.041857222185054e-16 -1 -1.1352365702565383e-15
vn 0 -1 -7.894919286223285e-15
vn 3.04185722218506e-16 -1 -1.135236570256527e-15
vn 3.3643734869656003e-16 -1 -3.3643734869656003e-16
vn 3.4358293817262424e-16 -1 -9.206277081647059e-17
vn 3.4492365813597096e-16 -1 0
vn 3.500210520985716e-16 1 9.378785824370174e-17
vn 3.462748825311175e-16 1 3.462748825311175e-16
vn 3.238685770044498e-16 1 1.2086939843555645e-15
vn 0 1 1.1842378929334974e-14
vn -3.2386857700444945e-16 1 1.2086939843555777e-15
vn -3.4627488253111757e-16 1 3.4627488253111757e-16
vn -3.5002105209857154e-16 1 9.378785824370587e-17
vn 0 0 0
vn -3.5002105209857154e-16 1 -9.378785824370587e-17
vn -3.462748825311175e-16 1 -3.462748825311175e-16
vn -3.2386857700444945e-16 1 -1.2086939843555777e-15
vn 0 1 -1.1842378929334974e-14
vn 3.238685770044498e-16 1 -1.2086939843555645e-15
vn 3.4627488253111757e-16 1 -3.4627488253111757e-16
vn 3.500210520985716e-16 1 -9.378785824370174e-17
vn 0 0 0
usemtl chair_graphite
f 347/1441/401 348/1442/401 332/1443/401 331/1444/401
f 348/1445/402 349/1446/402 333/1447/402 332/1448/402
f 349/1449/403 350/1450/403 334/1451/403 333/1452/403
f 350/1453/404 351/1454/404 335/1455/404 334/1456/404
f 351/1457/405 352/1458/405 336/1459/405 335/1460/405
f 352/1461/406 353/1462/406 337/1463/406 336/1464/406
f 353/1465/407 354/1466/407 338/1467/407 337/1468/407
f 354/1469/408 355/1470/408 339/1471/408 338/1472/408
f 355/1473/409 356/1474/409 340/1475/409 339/1476/409
f 356/1477/410 357/1478/410 341/1479/410 340/1480/410
f 357/1481/411 358/1482/411 342/1483/411 341/1484/411
f 358/1485/412 359/1486/412 343/1487/412 342/1488/412
f 359/1489/413 360/1490/413 344/1491/413 343/1492/413
f 360/1493/414 361/1494/414 345/1495/414 344/1496/414
f 361/1497/415 362/1498/415 346/1499/415 345/1500/415
f 362/1501/416 347/1502/416 331/1503/416 346/1504/416
f 363/1505/417 364/1506/417 348/1507/417 347/1508/417
f 364/1509/418 365/1510/418 349/1511/418 348/1512/418
f 365/1513/419 366/1514/419 350/1515/419 349/1516/419
f 366/1517/420 367/1518/420 351/1519/420 350/1520/420
f 367/1521/421 368/1522/421 352/1523/421 351/1524/421
f 368/1525/422 369/1526/422 353/1527/422 352/1528/422
f 369/1529/423 370/1530/423 354/1531/423 353/1532/423
f 370/1533/424 371/1534/424 355/1535/424 354/1536/424
f 371/1537/425 372/1538/425 356/1539/425 355/1540/425
f 372/1541/426 373/1542/426 357/1543/426 356/1544/426
f 373/1545/427 374/1546/427 358/1547/427 357/1548/427
f 374/1549/428 375/1550/428 359/1551/428 358/1552/428
f 375/1553/429 376/1554/429 360/1555/429 359/1556/429
f 376/1557/430 377/1558/430 361/1559/430 360/1560/430
f 377/1561/431 378/1562/431 362/1563/431 361/1564/431
f 378/1565/432 363/1566/432 347/1567/432 362/1568/432
f 379/1569/433 380/1570/433 364/1571/433 363/1572/433
f 380/1573/434 381/1574/434 365/1575/434 364/1576/434
f 381/1577/435 382/1578/435 366/1579/435 365/1580/435
f 382/1581/436 383/1582/436 367/1583/436 366/1584/436
f 383/1585/437 384/1586/437 368/1587/437 367/1588/437
f 384/1589/438 385/1590/438 369/1591/438 368/1592/438
f 385/1593/439 386/1594/439 370/1595/439 369/1596/439
f 386/1597/440 387/1598/440 371/1599/440 370/1600/440
f 387/1601/441 388/1602/441 372/1603/441 371/1604/441
f 388/1605/442 389/1606/442 373/1607/442 372/1608/442
f 389/1609/443 390/1610/443 374/1611/443 373/1612/443
f 390/1613/444 391/1614/444 375/1615/444 374/1616/444
f 391/1617/445 392/1618/445 376/1619/445 375/1620/445
f 392/1621/446 393/1622/446 377/1623/446 376/1624/446
f 393/1625/447 394/1626/447 378/1627/447 377/1628/447
f 394/1629/448 379/1630/448 363/1631/448 378/1632/448
f 395/1633/449 331/1634/449 332/1635/449
f 395/1636/450 332/1637/450 333/1638/450
f 395/1639/451 333/1640/451 334/1641/451
f 395/1642/452 334/1643/452 335/1644/452
f 395/1645/453 335/1646/453 336/1647/453
f 395/1648/454 336/1649/454 337/1650/454
f 395/1651/455 337/1652/455 338/1653/455
f 395/1654/456 338/1655/456 339/1656/456
f 395/1657/457 339/1658/457 340/1659/457
f 395/1660/458 340/1661/458 341/1662/458
f 395/1663/459 341/1664/459 342/1665/459
f 395/1666/460 342/1667/460 343/1668/460
f 395/1669/461 343/1670/461 344/1671/461
f 395/1672/462 344/1673/462 345/1674/462
f 395/1675/463 345/1676/463 346/1677/463
f 395/1678/464 346/1679/464 331/1680/464
f 380/1681/465 379/1682/465 396/1683/465
f 381/1684/466 380/1685/466 396/1686/466
f 382/1687/467 381/1688/467 396/1689/467
f 383/1690/468 382/1691/468 396/1692/468
f 384/1693/469 383/1694/469 396/1695/469
f 385/1696/470 384/1697/470 396/1698/470
f 386/1699/471 385/1700/471 396/1701/471
f 396/1702/472 386/1703/472 387/1704/472
f 388/1705/473 387/1706/473 396/1707/473
f 389/1708/474 388/1709/474 396/1710/474
f 390/1711/475 389/1712/475 396/1713/475
f 391/1714/476 390/1715/476 396/1716/476
f 392/1717/477 391/1718/477 396/1719/477
f 393/1720/478 392/1721/478 396/1722/478
f 394/1723/479 393/1724/479 396/1725/479
f 396/1726/480 394/1727/480 379/1728/480
o deep_seat_cushion
v 0.8 0.3828125 0.853125
v 0.7937199408023956 0.3828125 0.8765625
v 0.7765625 0.3828125 0.8937199408023956
v 0.753125 0.3828125 0.9
v 0.246875 0.3828125 0.9
v 0.2234375 0.3828125 0.8937199408023956
v 0.20628005919760445 0.3828125 0.8765625
v 0.2 0.3828125 0.853125
v 0.2 0.3828125 0.353125
v 0.20628005919760445 0.3828125 0.3296875
v 0.2234375 0.3828125 0.31253005919760446
v 0.246875 0.3828125 0.30625
v 0.753125 0.3828125 0.30625
v 0.7765625 0.3828125 0.31253005919760446
v 0.7937199408023956 0.3828125 0.3296875
v 0.8 0.3828125 0.353125
v 0.815625 0.4109375 0.85625
v 0.8076702583497011 0.4109375 0.8859375
v 0.7859375 0.4109375 0.907670258349701
v 0.75625 0.4109375 0.915625
v 0.24375000000000002 0.4109375 0.915625
v 0.21406250000000004 0.4109375 0.907670258349701
v 0.19232974165029898 0.4109375 0.8859375
v 0.184375 0.4109375 0.85625
v 0.184375 0.4109375 0.35000000000000003
v 0.19232974165029898 0.4109375 0.3203125
v 0.2140625 0.4109375 0.298579741650299
v 0.24375000000000002 0.4109375 0.290625
v 0.75625 0.4109375 0.290625
v 0.7859375 0.4109375 0.298579741650299
v 0.8076702583497011 0.4109375 0.3203125
v 0.815625 0.4109375 0.35000000000000003
v 0.815625 0.4578125 0.85625
v 0.8076702583497011 0.4578125 0.8859375
v 0.7859375 0.4578125 0.907670258349701
v 0.75625 0.4578125 0.915625
v 0.24375000000000002 0.4578125 0.915625
v 0.21406250000000004 0.4578125 0.907670258349701
v 0.19232974165029898 0.4578125 0.8859375
v 0.184375 0.4578125 0.85625
v 0.184375 0.4578125 0.35000000000000003
v 0.19232974165029898 0.4578125 0.3203125
v 0.2140625 0.4578125 0.298579741650299
v 0.24375000000000002 0.4578125 0.290625
v 0.75625 0.4578125 0.290625
v 0.7859375 0.4578125 0.298579741650299
v 0.8076702583497011 0.4578125 0.3203125
v 0.815625 0.4578125 0.35000000000000003
v 0.7953125 0.4859375 0.8484375
v 0.7890324408023955 0.4859375 0.871875
v 0.771875 0.4859375 0.8890324408023955
v 0.7484375 0.4859375 0.8953125
v 0.2515625 0.4859375 0.8953125
v 0.22812500000000002 0.4859375 0.8890324408023955
v 0.21096755919760446 0.4859375 0.871875
v 0.20468750000000002 0.4859375 0.8484375
v 0.20468750000000002 0.4859375 0.35781250000000003
v 0.21096755919760446 0.4859375 0.33437500000000003
v 0.22812500000000002 0.4859375 0.31721755919760447
v 0.2515625 0.4859375 0.31093750000000003
v 0.7484375 0.4859375 0.31093750000000003
v 0.771875 0.4859375 0.31721755919760447
v 0.7890324408023955 0.4859375 0.33437500000000003
v 0.7953125 0.4859375 0.35781250000000003
v 0.5000000000000001 0.3828125 0.6031250000000001
v 0.49999999999999994 0.48593750000000013 0.6031249999999999
vt 0.428125 0.20546874999999998
vt 0.44296875 0.20546874999999998
vt 0.43828125 0.19140625
vt 0.4265625 0.19140625
vt 0.40383512917485054 0.20546874999999998
vt 0.39296875 0.20546874999999998
vt 0.38828125 0.19140625
vt 0.3968599704011978 0.19140625
vt 0.39296875 0.20546874999999998
vt 0.378125 0.20546874999999998
vt 0.3765625 0.19140625
vt 0.38828125 0.19140625
vt 0.378125 0.20546874999999998
vt 0.12187500000000001 0.20546874999999998
vt 0.1234375 0.19140625
vt 0.3765625 0.19140625
vt 0.12187500000000001 0.20546874999999998
vt 0.10703125000000002 0.20546874999999998
vt 0.11171875 0.19140625
vt 0.1234375 0.19140625
vt 0.10703125000000002 0.20546874999999998
vt 0.09616487082514949 0.20546874999999998
vt 0.10314002959880222 0.19140625
vt 0.11171875 0.19140625
vt 0.44296875 0.20546874999999998
vt 0.428125 0.20546874999999998
vt 0.4265625 0.19140625
vt 0.43828125 0.19140625
vt 0.428125 0.20546874999999998
vt 0.17500000000000002 0.20546874999999998
vt 0.1765625 0.19140625
vt 0.4265625 0.19140625
vt 0.17500000000000002 0.20546874999999998
vt 0.16015625 0.20546874999999998
vt 0.16484375 0.19140625
vt 0.1765625 0.19140625
vt 0.16015625 0.20546874999999998
vt 0.1492898708251495 0.20546874999999998
vt 0.15626502959880223 0.19140625
vt 0.16484375 0.19140625
vt 0.10703125 0.20546874999999998
vt 0.12187500000000001 0.20546874999999998
vt 0.1234375 0.19140625
vt 0.11171875 0.19140625
vt 0.12187500000000001 0.20546874999999998
vt 0.378125 0.20546874999999998
vt 0.3765625 0.19140625
vt 0.1234375 0.19140625
vt 0.378125 0.20546874999999998
vt 0.39296875 0.20546874999999998
vt 0.38828125 0.19140625
vt 0.3765625 0.19140625
vt 0.39296875 0.20546874999999998
vt 0.40383512917485054 0.20546874999999998
vt 0.3968599704011978 0.19140625
vt 0.38828125 0.19140625
vt 0.16015625 0.20546874999999998
vt 0.17500000000000002 0.20546874999999998
vt 0.1765625 0.19140625
vt 0.16484375 0.19140625
vt 0.17500000000000002 0.20546874999999998
vt 0.428125 0.20546874999999998
vt 0.4265625 0.19140625
vt 0.1765625 0.19140625
vt 0.428125 0.22890624999999998
vt 0.44296875 0.22890624999999998
vt 0.44296875 0.20546874999999998
vt 0.428125 0.20546874999999998
vt 0.40383512917485054 0.22890624999999998
vt 0.39296875 0.22890624999999998
vt 0.39296875 0.20546874999999998
vt 0.40383512917485054 0.20546874999999998
vt 0.39296875 0.22890624999999998
vt 0.378125 0.22890624999999998
vt 0.378125 0.20546874999999998
vt 0.39296875 0.20546874999999998
vt 0.378125 0.22890624999999998
vt 0.12187500000000001 0.22890624999999998
vt 0.12187500000000001 0.20546874999999998
vt 0.378125 0.20546874999999998
vt 0.12187500000000001 0.22890624999999998
vt 0.10703125000000002 0.22890624999999998
vt 0.10703125000000002 0.20546874999999998
vt 0.12187500000000001 0.20546874999999998
vt 0.10703125000000002 0.22890624999999998
vt 0.09616487082514949 0.22890624999999998
vt 0.09616487082514949 0.20546874999999998
vt 0.10703125000000002 0.20546874999999998
vt 0.44296875 0.22890624999999998
vt 0.428125 0.22890624999999998
vt 0.428125 0.20546874999999998
vt 0.44296875 0.20546874999999998
vt 0.428125 0.22890624999999998
vt 0.17500000000000002 0.22890624999999998
vt 0.17500000000000002 0.20546874999999998
vt 0.428125 0.20546874999999998
vt 0.17500000000000002 0.22890624999999998
vt 0.16015625 0.22890624999999998
vt 0.16015625 0.20546874999999998
vt 0.17500000000000002 0.20546874999999998
vt 0.16015625 0.22890624999999998
vt 0.1492898708251495 0.22890624999999998
vt 0.1492898708251495 0.20546874999999998
vt 0.16015625 0.20546874999999998
vt 0.10703125 0.22890624999999998
vt 0.12187500000000001 0.22890624999999998
vt 0.12187500000000001 0.20546874999999998
vt 0.10703125 0.20546874999999998
vt 0.12187500000000001 0.22890624999999998
vt 0.378125 0.22890624999999998
vt 0.378125 0.20546874999999998
vt 0.12187500000000001 0.20546874999999998
vt 0.378125 0.22890624999999998
vt 0.39296875 0.22890624999999998
vt 0.39296875 0.20546874999999998
vt 0.378125 0.20546874999999998
vt 0.39296875 0.22890624999999998
vt 0.40383512917485054 0.22890624999999998
vt 0.40383512917485054 0.20546874999999998
vt 0.39296875 0.20546874999999998
vt 0.16015625 0.22890624999999998
vt 0.17500000000000002 0.22890624999999998
vt 0.17500000000000002 0.20546874999999998
vt 0.16015625 0.20546874999999998
vt 0.17500000000000002 0.22890624999999998
vt 0.428125 0.22890624999999998
vt 0.428125 0.20546874999999998
vt 0.17500000000000002 0.20546874999999998
vt 0.9678217821782177 0.10750000000000015
vt 0.9578731735483493 0.07000000000000006
vt 0.9873984290688335 0.04749999999999999
vt 1.0000000000000002 0.09500000000000008
vt 0.9578731735483493 0.07000000000000006
vt 0.9306930693069306 0.04254809471616716
vt 0.952970297029703 0.01272758664047835
vt 0.9873984290688335 0.04749999999999999
vt 0.9306930693069306 0.04254809471616716
vt 0.8935643564356435 0.032500000000000084
vt 0.9059405940594059 0
vt 0.952970297029703 0.01272758664047835
vt 0.37421875 0.24296874999999996
vt 0.12578125 0.24296874999999996
vt 0.12187500000000001 0.22890624999999998
vt 0.378125 0.22890624999999998
vt 0.10643564356435646 0.032500000000000084
vt 0.06930693069306933 0.04254809471616716
vt 0.047029702970297085 0.01272758664047835
vt 0.09405940594059407 0
vt 0.06930693069306933 0.04254809471616716
vt 0.04212682645165061 0.07000000000000006
vt 0.012601570931166683 0.04749999999999999
vt 0.047029702970297085 0.01272758664047835
vt 0.04212682645165061 0.07000000000000006
vt 0.0321782178217822 0.10750000000000015
vt 0 0.09500000000000008
vt 0.012601570931166683 0.04749999999999999
vt 0.42421875 0.24296874999999996
vt 0.17890625000000002 0.24296874999999996
vt 0.17500000000000002 0.22890624999999998
vt 0.428125 0.22890624999999998
vt 0.0321782178217822 0.8925
vt 0.04212682645165061 0.9299999999999999
vt 0.012601570931166683 0.9525
vt 0 0.905
vt 0.04212682645165061 0.9299999999999999
vt 0.06930693069306933 0.9574519052838328
vt 0.047029702970296995 0.9872724133595217
vt 0.012601570931166683 0.9525
vt 0.06930693069306933 0.9574519052838328
vt 0.10643564356435646 0.9675
vt 0.09405940594059407 1
vt 0.047029702970296995 0.9872724133595217
vt 0.12578125 0.24296874999999996
vt 0.37421875 0.24296874999999996
vt 0.378125 0.22890624999999998
vt 0.12187500000000001 0.22890624999999998
vt 0.8935643564356435 0.9675
vt 0.9306930693069306 0.9574519052838328
vt 0.952970297029703 0.9872724133595217
vt 0.9059405940594059 1
vt 0.9306930693069306 0.9574519052838328
vt 0.9578731735483493 0.9299999999999999
vt 0.9873984290688335 0.9525
vt 0.952970297029703 0.9872724133595217
vt 0.9578731735483493 0.9299999999999999
vt 0.9678217821782177 0.8925
vt 1.0000000000000002 0.905
vt 0.9873984290688335 0.9525
vt 0.17890625000000002 0.24296874999999996
vt 0.42421875 0.24296874999999996
vt 0.428125 0.22890624999999998
vt 0.17500000000000002 0.22890624999999998
vt 0.25000000000000006 0.6984374999999999
vt 0.4 0.5734375
vt 0.3968599704011978 0.56171875
vt 0.25000000000000006 0.6984374999999999
vt 0.3968599704011978 0.56171875
vt 0.38828125 0.5531400295988023
vt 0.25000000000000006 0.6984374999999999
vt 0.38828125 0.5531400295988023
vt 0.3765625 0.55
vt 0.25000000000000006 0.6984374999999999
vt 0.3765625 0.55
vt 0.1234375 0.55
vt 0.25000000000000006 0.6984374999999999
vt 0.1234375 0.55
vt 0.11171875 0.5531400295988023
vt 0.25000000000000006 0.6984374999999999
vt 0.11171875 0.5531400295988023
vt 0.10314002959880222 0.56171875
vt 0.25000000000000006 0.6984374999999999
vt 0.10314002959880222 0.56171875
vt 0.1 0.5734375
vt 0.25000000000000006 0.6984374999999999
vt 0.1 0.5734375
vt 0.1 0.8234375
vt 0.25000000000000006 0.6984374999999999
vt 0.1 0.8234375
vt 0.10314002959880222 0.83515625
vt 0.25000000000000006 0.6984374999999999
vt 0.10314002959880222 0.83515625
vt 0.11171875 0.8437349704011978
vt 0.25000000000000006 0.6984374999999999
vt 0.11171875 0.8437349704011978
vt 0.1234375 0.846875
vt 0.25000000000000006 0.6984374999999999
vt 0.1234375 0.846875
vt 0.3765625 0.846875
vt 0.25000000000000006 0.6984374999999999
vt 0.3765625 0.846875
vt 0.38828125 0.8437349704011978
vt 0.25000000000000006 0.6984374999999999
vt 0.38828125 0.8437349704011978
vt 0.3968599704011978 0.83515625
vt 0.25000000000000006 0.6984374999999999
vt 0.3968599704011978 0.83515625
vt 0.4 0.8234375
vt 0.25000000000000006 0.6984374999999999
vt 0.4 0.8234375
vt 0.4 0.5734375
vt 0.9578731735483493 0.07000000000000006
vt 0.9678217821782177 0.10750000000000015
vt 0.4999999999999999 0.5000000000000002
vt 0.9306930693069306 0.04254809471616716
vt 0.9578731735483493 0.07000000000000006
vt 0.4999999999999999 0.5000000000000002
vt 0.8935643564356435 0.032500000000000084
vt 0.9306930693069306 0.04254809471616716
vt 0.4999999999999999 0.5000000000000002
vt 0.10643564356435646 0.032500000000000084
vt 0.8935643564356435 0.032500000000000084
vt 0.4999999999999999 0.5000000000000002
vt 0.06930693069306933 0.04254809471616716
vt 0.10643564356435646 0.032500000000000084
vt 0.4999999999999999 0.5000000000000002
vt 0.04212682645165061 0.07000000000000006
vt 0.06930693069306933 0.04254809471616716
vt 0.4999999999999999 0.5000000000000002
vt 0.0321782178217822 0.10750000000000015
vt 0.04212682645165061 0.07000000000000006
vt 0.4999999999999999 0.5000000000000002
vt 0.0321782178217822 0.8925
vt 0.0321782178217822 0.10750000000000015
vt 0.4999999999999999 0.5000000000000002
vt 0.04212682645165061 0.9299999999999999
vt 0.0321782178217822 0.8925
vt 0.4999999999999999 0.5000000000000002
vt 0.06930693069306933 0.9574519052838328
vt 0.04212682645165061 0.9299999999999999
vt 0.4999999999999999 0.5000000000000002
vt 0.10643564356435646 0.9675
vt 0.06930693069306933 0.9574519052838328
vt 0.4999999999999999 0.5000000000000002
vt 0.8935643564356435 0.9675
vt 0.10643564356435646 0.9675
vt 0.4999999999999999 0.5000000000000002
vt 0.9306930693069306 0.9574519052838328
vt 0.8935643564356435 0.9675
vt 0.4999999999999999 0.5000000000000002
vt 0.9578731735483493 0.9299999999999999
vt 0.9306930693069306 0.9574519052838328
vt 0.4999999999999999 0.5000000000000002
vt 0.9678217821782177 0.8925
vt 0.9578731735483493 0.9299999999999999
vt 0.4999999999999999 0.5000000000000002
vt 0.9678217821782177 0.10750000000000015
vt 0.9678217821782177 0.8925
vt 0.4999999999999999 0.5000000000000002
vn 0.8408394253990197 -0.4921665968883344 0.22530224499991627
vn 0.6099588190492852 -0.5058660673814753 0.6099588190492882
vn 0.2253022449999171 -0.4921665968883343 0.8408394253990197
vn 0 -0.48564293117863205 0.874157276121538
vn -0.2253022449999171 -0.4921665968883343 0.8408394253990197
vn -0.6099588190492853 -0.5058660673814769 0.6099588190492867
vn -0.8408394253990197 -0.4921665968883342 0.22530224499991627
vn -0.8741572761215379 -0.48564293117863194 0
vn -0.8408394253990196 -0.49216659688833453 -0.22530224499991666
vn -0.609958819049286 -0.5058660673814769 -0.609958819049286
vn -0.22530224499991666 -0.49216659688833464 -0.8408394253990196
vn 0 -0.48564293117863205 -0.874157276121538
vn 0.22530224499991716 -0.492166596888334 -0.8408394253990198
vn 0.6099588190492845 -0.5058660673814768 -0.6099588190492875
vn 0.8408394253990196 -0.49216659688833464 -0.22530224499991666
vn 0.8741572761215379 -0.48564293117863194 0
vn 0.9659258262890685 0 0.2588190451025205
vn 0.7071067811865457 0 0.7071067811865493
vn 0.25881904510252135 0 0.9659258262890681
vn 0 0 1
vn -0.25881904510252135 0 0.9659258262890681
vn -0.7071067811865467 0 0.7071067811865485
vn -0.9659258262890685 0 0.2588190451025205
vn -1 0 0
vn -0.9659258262890683 0 -0.2588190451025209
vn -0.7071067811865476 0 -0.7071067811865476
vn -0.2588190451025209 0 -0.9659258262890683
vn 0 0 -1
vn 0.25881904510252135 0 -0.9659258262890681
vn 0.7071067811865457 0 -0.7071067811865493
vn 0.9659258262890683 0 -0.2588190451025209
vn 1 0 0
vn 0.7655136761648315 0.6098484248199764 0.20511877132334652
vn 0.546210008761723 0.6350663372097729 0.546210008761723
vn 0.2051187713233466 0.6098484248199763 0.7655136761648317
vn 0 0.5854905538443597 0.8106792283998802
vn -0.20511877132334663 0.6098484248199759 0.7655136761648318
vn -0.5462100087617227 0.6350663372097735 0.5462100087617227
vn -0.7655136761648322 0.6098484248199753 0.20511877132334677
vn -0.8106792283998809 0.5854905538443586 0
vn -0.7655136761648325 0.6098484248199753 -0.20511877132334683
vn -0.5462100087617231 0.6350663372097729 -0.5462100087617231
vn -0.20511877132334677 0.6098484248199753 -0.7655136761648322
vn 0 0.5854905538443586 -0.810679228399881
vn 0.2051187713233468 0.6098484248199749 -0.7655136761648325
vn 0.5462100087617227 0.6350663372097735 -0.5462100087617227
vn 0.7655136761648317 0.6098484248199763 -0.2051187713233466
vn 0.8106792283998802 0.5854905538443596 0
vn 0 -1 0
vn 0 -1 0
vn 0 -1 0
vn 0 -1 0
vn 0 -1 0
vn 0 -1 0
vn 0 -1 0
vn 0 -1 0
vn 0 -1 0
vn 0 -1 0
vn 0 -1 0
vn 0 -1 0
vn 0 -1 0
vn 0 -1 0
vn 0 -1 0
vn 0 -1 0
vn 3.075037064341685e-16 1 8.239536980861247e-17
vn 1.9904230456377395e-16 1 1.9904230456377395e-16
vn 8.292077544270542e-17 1 3.0946454695518635e-16
vn 0 1 3.7996937741181817e-16
vn -8.292077544270542e-17 1 3.0946454695518635e-16
vn -1.99042304563774e-16 1 1.99042304563774e-16
vn -3.0750370643416864e-16 1 8.239536980861251e-17
vn -3.7594853743920657e-16 1 0
vn -3.0750370643416864e-16 1 -8.239536980861251e-17
vn -1.9904230456377407e-16 1 -1.9904230456377407e-16
vn -8.292077544270546e-17 1 -3.0946454695518645e-16
vn 0 1 -3.799693774118184e-16
vn 8.292077544270546e-17 1 -3.0946454695518645e-16
vn 1.99042304563774e-16 1 -1.99042304563774e-16
vn 3.075037064341686e-16 1 -8.239536980861248e-17
vn 3.7594853743920643e-16 1 0
usemtl chair_upholstery
f 413/1729/481 414/1730/481 398/1731/481 397/1732/481
f 414/1733/482 415/1734/482 399/1735/482 398/1736/482
f 415/1737/483 416/1738/483 400/1739/483 399/1740/483
f 416/1741/484 417/1742/484 401/1743/484 400/1744/484
f 417/1745/485 418/1746/485 402/1747/485 401/1748/485
f 418/1749/486 419/1750/486 403/1751/486 402/1752/486
f 419/1753/487 420/1754/487 404/1755/487 403/1756/487
f 420/1757/488 421/1758/488 405/1759/488 404/1760/488
f 421/1761/489 422/1762/489 406/1763/489 405/1764/489
f 422/1765/490 423/1766/490 407/1767/490 406/1768/490
f 423/1769/491 424/1770/491 408/1771/491 407/1772/491
f 424/1773/492 425/1774/492 409/1775/492 408/1776/492
f 425/1777/493 426/1778/493 410/1779/493 409/1780/493
f 426/1781/494 427/1782/494 411/1783/494 410/1784/494
f 427/1785/495 428/1786/495 412/1787/495 411/1788/495
f 428/1789/496 413/1790/496 397/1791/496 412/1792/496
f 429/1793/497 430/1794/497 414/1795/497 413/1796/497
f 430/1797/498 431/1798/498 415/1799/498 414/1800/498
f 431/1801/499 432/1802/499 416/1803/499 415/1804/499
f 432/1805/500 433/1806/500 417/1807/500 416/1808/500
f 433/1809/501 434/1810/501 418/1811/501 417/1812/501
f 434/1813/502 435/1814/502 419/1815/502 418/1816/502
f 435/1817/503 436/1818/503 420/1819/503 419/1820/503
f 436/1821/504 437/1822/504 421/1823/504 420/1824/504
f 437/1825/505 438/1826/505 422/1827/505 421/1828/505
f 438/1829/506 439/1830/506 423/1831/506 422/1832/506
f 439/1833/507 440/1834/507 424/1835/507 423/1836/507
f 440/1837/508 441/1838/508 425/1839/508 424/1840/508
f 441/1841/509 442/1842/509 426/1843/509 425/1844/509
f 442/1845/510 443/1846/510 427/1847/510 426/1848/510
f 443/1849/511 444/1850/511 428/1851/511 427/1852/511
f 444/1853/512 429/1854/512 413/1855/512 428/1856/512
usemtl chair_seat_pad
f 445/1857/513 446/1858/513 430/1859/513 429/1860/513
f 446/1861/514 447/1862/514 431/1863/514 430/1864/514
f 447/1865/515 448/1866/515 432/1867/515 431/1868/515
usemtl chair_upholstery
f 448/1869/516 449/1870/516 433/1871/516 432/1872/516
usemtl chair_seat_pad
f 449/1873/517 450/1874/517 434/1875/517 433/1876/517
f 450/1877/518 451/1878/518 435/1879/518 434/1880/518
f 451/1881/519 452/1882/519 436/1883/519 435/1884/519
usemtl chair_upholstery
f 452/1885/520 453/1886/520 437/1887/520 436/1888/520
usemtl chair_seat_pad
f 453/1889/521 454/1890/521 438/1891/521 437/1892/521
f 454/1893/522 455/1894/522 439/1895/522 438/1896/522
f 455/1897/523 456/1898/523 440/1899/523 439/1900/523
usemtl chair_upholstery
f 456/1901/524 457/1902/524 441/1903/524 440/1904/524
usemtl chair_seat_pad
f 457/1905/525 458/1906/525 442/1907/525 441/1908/525
f 458/1909/526 459/1910/526 443/1911/526 442/1912/526
f 459/1913/527 460/1914/527 444/1915/527 443/1916/527
usemtl chair_upholstery
f 460/1917/528 445/1918/528 429/1919/528 444/1920/528
f 461/1921/529 397/1922/529 398/1923/529
f 461/1924/530 398/1925/530 399/1926/530
f 461/1927/531 399/1928/531 400/1929/531
f 461/1930/532 400/1931/532 401/1932/532
f 461/1933/533 401/1934/533 402/1935/533
f 461/1936/534 402/1937/534 403/1938/534
f 461/1939/535 403/1940/535 404/1941/535
f 461/1942/536 404/1943/536 405/1944/536
f 461/1945/537 405/1946/537 406/1947/537
f 461/1948/538 406/1949/538 407/1950/538
f 461/1951/539 407/1952/539 408/1953/539
f 461/1954/540 408/1955/540 409/1956/540
f 461/1957/541 409/1958/541 410/1959/541
f 461/1960/542 410/1961/542 411/1962/542
f 461/1963/543 411/1964/543 412/1965/543
f 461/1966/544 412/1967/544 397/1968/544
usemtl chair_seat_pad
f 446/1969/545 445/1970/545 462/1971/545
f 447/1972/546 446/1973/546 462/1974/546
f 448/1975/547 447/1976/547 462/1977/547
f 449/1978/548 448/1979/548 462/1980/548
f 450/1981/549 449/1982/549 462/1983/549
f 451/1984/550 450/1985/550 462/1986/550
f 452/1987/551 451/1988/551 462/1989/551
f 453/1990/552 452/1991/552 462/1992/552
f 454/1993/553 453/1994/553 462/1995/553
f 455/1996/554 454/1997/554 462/1998/554
f 456/1999/555 455/2000/555 462/2001/555
f 457/2002/556 456/2003/556 462/2004/556
f 458/2005/557 457/2006/557 462/2007/557
f 459/2008/558 458/2009/558 462/2010/558
f 460/2011/559 459/2012/559 462/2013/559
f 445/2014/560 460/2015/560 462/2016/560
o left_seat_bolster
v 0.184375 0.366875 0.85
v 0.17893228202874284 0.366875 0.8703125
v 0.16406250000000003 0.366875 0.8851822820287427
v 0.14375000000000002 0.366875 0.890625
v 0.13125 0.366875 0.890625
v 0.11093750000000002 0.366875 0.8851822820287427
v 0.09606771797125718 0.366875 0.8703125
v 0.09062500000000001 0.366875 0.85
v 0.09062500000000001 0.366875 0.30625
v 0.09606771797125718 0.366875 0.2859375
v 0.1109375 0.366875 0.2710677179712572
v 0.13125 0.366875 0.265625
v 0.14375000000000002 0.366875 0.265625
v 0.16406250000000003 0.366875 0.2710677179712572
v 0.1789322820287428 0.366875 0.2859375
v 0.184375 0.366875 0.30625
v 0.2 0.395 0.853125
v 0.1928825995760483 0.395 0.8796875
v 0.17343750000000002 0.395 0.8991325995760483
v 0.146875 0.395 0.90625
v 0.12812500000000002 0.395 0.90625
v 0.10156250000000003 0.395 0.8991325995760483
v 0.08211740042395171 0.395 0.8796875
v 0.07500000000000001 0.395 0.853125
v 0.07500000000000001 0.395 0.303125
v 0.08211740042395171 0.395 0.2765625
v 0.10156249999999999 0.395 0.2571174004239517
v 0.128125 0.395 0.25
v 0.146875 0.395 0.25
v 0.17343750000000002 0.395 0.2571174004239517
v 0.1928825995760483 0.395 0.27656249999999993
v 0.2 0.395 0.303125
v 0.2 0.49500000000000005 0.853125
v 0.1928825995760483 0.49500000000000005 0.8796875
v 0.17343750000000002 0.49500000000000005 0.8991325995760483
v 0.146875 0.49500000000000005 0.90625
v 0.12812500000000002 0.49500000000000005 0.90625
v 0.10156250000000003 0.49500000000000005 0.8991325995760483
v 0.08211740042395171 0.49500000000000005 0.8796875
v 0.07500000000000001 0.49500000000000005 0.853125
v 0.07500000000000001 0.49500000000000005 0.303125
v 0.08211740042395171 0.49500000000000005 0.2765625
v 0.10156249999999999 0.49500000000000005 0.2571174004239517
v 0.128125 0.49500000000000005 0.25
v 0.146875 0.49500000000000005 0.25
v 0.17343750000000002 0.49500000000000005 0.2571174004239517
v 0.1928825995760483 0.49500000000000005 0.27656249999999993
v 0.2 0.49500000000000005 0.303125
v 0.1796875 0.5231250000000001 0.8453125
v 0.17424478202874283 0.5231250000000001 0.8656250000000001
v 0.15937500000000002 0.5231250000000001 0.8804947820287428
v 0.13906250000000003 0.5231250000000001 0.8859375
v 0.13593750000000002 0.5231250000000001 0.8859375
v 0.11562500000000002 0.5231250000000001 0.8804947820287428
v 0.1007552179712572 0.5231250000000001 0.8656250000000001
v 0.09531250000000001 0.5231250000000001 0.8453125
v 0.09531250000000001 0.5231250000000001 0.3109375
v 0.1007552179712572 0.5231250000000001 0.29062499999999997
v 0.11562499999999999 0.5231250000000001 0.2757552179712572
v 0.1359375 0.5231250000000001 0.27031249999999996
v 0.1390625 0.5231250000000001 0.27031249999999996
v 0.15937500000000002 0.5231250000000001 0.2757552179712572
v 0.17424478202874283 0.5231250000000001 0.29062499999999997
v 0.1796875 0.5231250000000001 0.3109375
v 0.1375 0.36687500000000006 0.578125
v 0.1375 0.5231250000000002 0.5781249999999999
vt 0.4265625 0.1975
vt 0.43984375 0.1975
vt 0.43515625 0.18343750000000003
vt 0.425 0.18343750000000003
vt 0.43984375 0.1975
vt 0.44956629978802415 0.1975
vt 0.44259114101437136 0.18343750000000003
vt 0.43515625 0.18343750000000003
vt 0.08671875000000001 0.1975
vt 0.0734375 0.1975
vt 0.07187500000000001 0.18343750000000003
vt 0.08203125000000001 0.18343750000000003
vt 0.0734375 0.1975
vt 0.06406250000000001 0.1975
vt 0.065625 0.18343750000000003
vt 0.07187500000000001 0.18343750000000003
vt 0.06406250000000001 0.1975
vt 0.050781250000000014 0.1975
vt 0.05546875000000001 0.18343750000000003
vt 0.065625 0.18343750000000003
vt 0.44956629978802415 0.1975
vt 0.43984375 0.1975
vt 0.43515625 0.18343750000000003
vt 0.44259114101437136 0.18343750000000003
vt 0.43984375 0.1975
vt 0.4265625 0.1975
vt 0.425 0.18343750000000003
vt 0.43515625 0.18343750000000003
vt 0.4265625 0.1975
vt 0.1515625 0.1975
vt 0.153125 0.18343750000000003
vt 0.425 0.18343750000000003
vt 0.1515625 0.1975
vt 0.13828125 0.1975
vt 0.14296875 0.18343750000000003
vt 0.153125 0.18343750000000003
vt 0.13828125 0.1975
vt 0.12855870021197585 0.1975
vt 0.1355338589856286 0.18343750000000003
vt 0.14296875 0.18343750000000003
vt 0.05078124999999999 0.1975
vt 0.0640625 0.1975
vt 0.065625 0.18343750000000003
vt 0.05546875 0.18343750000000003
vt 0.0640625 0.1975
vt 0.0734375 0.1975
vt 0.07187500000000001 0.18343750000000003
vt 0.065625 0.18343750000000003
vt 0.0734375 0.1975
vt 0.08671875000000001 0.1975
vt 0.08203125000000001 0.18343750000000003
vt 0.07187500000000001 0.18343750000000003
vt 0.08671875000000001 0.1975
vt 0.09644129978802415 0.1975
vt 0.0894661410143714 0.18343750000000003
vt 0.08203125000000001 0.18343750000000003
vt 0.13828124999999997 0.1975
vt 0.1515625 0.1975
vt 0.153125 0.18343750000000003
vt 0.14296875 0.18343750000000003
vt 0.1515625 0.1975
vt 0.4265625 0.1975
vt 0.425 0.18343750000000003
vt 0.153125 0.18343750000000003
vt 0.4265625 0.24750000000000005
vt 0.43984375 0.24750000000000005
vt 0.43984375 0.1975
vt 0.4265625 0.1975
vt 0.43984375 0.24750000000000005
vt 0.44956629978802415 0.24750000000000005
vt 0.44956629978802415 0.1975
vt 0.43984375 0.1975
vt 0.08671875000000001 0.24750000000000005
vt 0.0734375 0.24750000000000005
vt 0.0734375 0.1975
vt 0.08671875000000001 0.1975
vt 0.0734375 0.24750000000000005
vt 0.06406250000000001 0.24750000000000005
vt 0.06406250000000001 0.1975
vt 0.0734375 0.1975
vt 0.06406250000000001 0.24750000000000005
vt 0.050781250000000014 0.24750000000000005
vt 0.050781250000000014 0.1975
vt 0.06406250000000001 0.1975
vt 0.44956629978802415 0.24750000000000005
vt 0.43984375 0.24750000000000005
vt 0.43984375 0.1975
vt 0.44956629978802415 0.1975
vt 0.43984375 0.24750000000000005
vt 0.4265625 0.24750000000000005
vt 0.4265625 0.1975
vt 0.43984375 0.1975
vt 0.4265625 0.24750000000000005
vt 0.1515625 0.24750000000000005
vt 0.1515625 0.1975
vt 0.4265625 0.1975
vt 0.1515625 0.24750000000000005
vt 0.13828125 0.24750000000000005
vt 0.13828125 0.1975
vt 0.1515625 0.1975
vt 0.13828125 0.24750000000000005
vt 0.12855870021197585 0.24750000000000005
vt 0.12855870021197585 0.1975
vt 0.13828125 0.1975
vt 0.05078124999999999 0.24750000000000005
vt 0.0640625 0.24750000000000005
vt 0.0640625 0.1975
vt 0.05078124999999999 0.1975
vt 0.0640625 0.24750000000000005
vt 0.0734375 0.24750000000000005
vt 0.0734375 0.1975
vt 0.0640625 0.1975
vt 0.0734375 0.24750000000000005
vt 0.08671875000000001 0.24750000000000005
vt 0.08671875000000001 0.1975
vt 0.0734375 0.1975
vt 0.08671875000000001 0.24750000000000005
vt 0.09644129978802415 0.24750000000000005
vt 0.09644129978802415 0.1975
vt 0.08671875000000001 0.1975
vt 0.13828124999999997 0.24750000000000005
vt 0.1515625 0.24750000000000005
vt 0.1515625 0.1975
vt 0.13828124999999997 0.1975
vt 0.1515625 0.24750000000000005
vt 0.4265625 0.24750000000000005
vt 0.4265625 0.1975
vt 0.1515625 0.1975
vt 0.42265625 0.26156250000000003
vt 0.43281250000000004 0.26156250000000003
vt 0.43984375 0.24750000000000005
vt 0.4265625 0.24750000000000005
vt 0.08712239101437141 0.5671875
vt 0.07968750000000001 0.5597526089856286
vt 0.08671875000000001 0.5504337002119759
vt 0.09644129978802415 0.56015625
vt 0.07968750000000001 0.26156250000000003
vt 0.06953125000000002 0.26156250000000003
vt 0.0734375 0.24750000000000005
vt 0.08671875000000001 0.24750000000000005
vt 0.06953125000000002 0.26156250000000003
vt 0.06796875000000001 0.26156250000000003
vt 0.06406250000000001 0.24750000000000005
vt 0.0734375 0.24750000000000005
vt 0.06796875000000001 0.26156250000000003
vt 0.05781250000000001 0.26156250000000003
vt 0.050781250000000014 0.24750000000000005
vt 0.06406250000000001 0.24750000000000005
vt 0.05781250000000001 0.5597526089856286
vt 0.0503776089856286 0.5671875
vt 0.04105870021197586 0.56015625
vt 0.050781250000000014 0.5504337002119759
vt 0.43281250000000004 0.26156250000000003
vt 0.42265625 0.26156250000000003
vt 0.4265625 0.24750000000000005
vt 0.43984375 0.24750000000000005
vt 0.42265625 0.26156250000000003
vt 0.15546875 0.26156250000000003
vt 0.1515625 0.24750000000000005
vt 0.4265625 0.24750000000000005
vt 0.15546875 0.26156250000000003
vt 0.14531249999999998 0.26156250000000003
vt 0.13828125 0.24750000000000005
vt 0.1515625 0.24750000000000005
vt 0.0503776089856286 0.8546875
vt 0.057812499999999996 0.8621223910143714
vt 0.05078124999999999 0.8714412997880241
vt 0.04105870021197586 0.86171875
vt 0.057812499999999996 0.26156250000000003
vt 0.06796875 0.26156250000000003
vt 0.0640625 0.24750000000000005
vt 0.05078124999999999 0.24750000000000005
vt 0.06796875 0.26156250000000003
vt 0.06953125 0.26156250000000003
vt 0.0734375 0.24750000000000005
vt 0.0640625 0.24750000000000005
vt 0.06953125 0.26156250000000003
vt 0.07968750000000001 0.26156250000000003
vt 0.08671875000000001 0.24750000000000005
vt 0.0734375 0.24750000000000005
vt 0.07968750000000001 0.8621223910143714
vt 0.08712239101437141 0.8546875
vt 0.09644129978802415 0.8617187500000001
vt 0.08671875000000001 0.8714412997880241
vt 0.14531249999999998 0.26156250000000003
vt 0.15546875 0.26156250000000003
vt 0.1515625 0.24750000000000005
vt 0.13828124999999997 0.24750000000000005
vt 0.15546875 0.26156250000000003
vt 0.42265625 0.26156250000000003
vt 0.4265625 0.24750000000000005
vt 0.1515625 0.24750000000000005
vt 0.06875 0.7109375
vt 0.0921875 0.575
vt 0.08946614101437142 0.56484375
vt 0.06875 0.7109375
vt 0.08946614101437142 0.56484375
vt 0.08203125000000001 0.5574088589856286
vt 0.06875 0.7109375
vt 0.08203125000000001 0.5574088589856286
vt 0.07187500000000001 0.5546875
vt 0.06875 0.7109375
vt 0.07187500000000001 0.5546875
vt 0.065625 0.5546875
vt 0.06875 0.7109375
vt 0.065625 0.5546875
vt 0.05546875000000001 0.5574088589856286
vt 0.06875 0.7109375
vt 0.05546875000000001 0.5574088589856286
vt 0.04803385898562859 0.56484375
vt 0.06875 0.7109375
vt 0.04803385898562859 0.56484375
vt 0.045312500000000006 0.575
vt 0.06875 0.7109375
vt 0.045312500000000006 0.575
vt 0.045312500000000006 0.846875
vt 0.06875 0.7109375
vt 0.045312500000000006 0.846875
vt 0.04803385898562859 0.85703125
vt 0.06875 0.7109375
vt 0.04803385898562859 0.85703125
vt 0.05546875 0.8644661410143714
vt 0.06875 0.7109375
vt 0.05546875 0.8644661410143714
vt 0.065625 0.8671875
vt 0.06875 0.7109375
vt 0.065625 0.8671875
vt 0.07187500000000001 0.8671875
vt 0.06875 0.7109375
vt 0.07187500000000001 0.8671875
vt 0.08203125000000001 0.8644661410143714
vt 0.06875 0.7109375
vt 0.08203125000000001 0.8644661410143714
vt 0.0894661410143714 0.85703125
vt 0.06875 0.7109375
vt 0.0894661410143714 0.85703125
vt 0.0921875 0.846875
vt 0.06875 0.7109375
vt 0.0921875 0.846875
vt 0.0921875 0.575
vt 0.08712239101437141 0.5671875
vt 0.08984375 0.57734375
vt 0.06875 0.7109375
vt 0.07968750000000001 0.5597526089856286
vt 0.08712239101437141 0.5671875
vt 0.06875 0.7109375
vt 0.06953125000000002 0.55703125
vt 0.07968750000000001 0.5597526089856286
vt 0.06875 0.7109375
vt 0.06796875000000001 0.55703125
vt 0.06953125000000002 0.55703125
vt 0.06875 0.7109375
vt 0.05781250000000001 0.5597526089856286
vt 0.06796875000000001 0.55703125
vt 0.06875 0.7109375
vt 0.0503776089856286 0.5671875
vt 0.05781250000000001 0.5597526089856286
vt 0.06875 0.7109375
vt 0.047656250000000004 0.57734375
vt 0.0503776089856286 0.5671875
vt 0.06875 0.7109375
vt 0.047656250000000004 0.84453125
vt 0.047656250000000004 0.57734375
vt 0.06875 0.7109375
vt 0.0503776089856286 0.8546875
vt 0.047656250000000004 0.84453125
vt 0.06875 0.7109375
vt 0.057812499999999996 0.8621223910143714
vt 0.0503776089856286 0.8546875
vt 0.06875 0.7109375
vt 0.06796875 0.86484375
vt 0.057812499999999996 0.8621223910143714
vt 0.06875 0.7109375
vt 0.06953125 0.86484375
vt 0.06796875 0.86484375
vt 0.06875 0.7109375
vt 0.07968750000000001 0.8621223910143714
vt 0.06953125 0.86484375
vt 0.06875 0.7109375
vt 0.08712239101437141 0.8546875
vt 0.07968750000000001 0.8621223910143714
vt 0.06875 0.7109375
vt 0.08984375 0.84453125
vt 0.08712239101437141 0.8546875
vt 0.06875 0.7109375
vt 0.08984375 0.57734375
vt 0.08984375 0.84453125
vt 0.06875 0.7109375
vn 0.8408394253990198 -0.492166596888334 0.22530224499991738
vn 0.6099588190492864 -0.5058660673814781 0.6099588190492845
vn 0.22530224499991655 -0.4921665968883346 0.8408394253990195
vn 0 -0.485642931178632 0.874157276121538
vn -0.22530224499991644 -0.4921665968883368 0.8408394253990181
vn -0.6099588190492872 -0.5058660673814752 0.6099588190492862
vn -0.8408394253990191 -0.4921665968883349 0.2253022449999172
vn -0.874157276121538 -0.48564293117863205 0
vn -0.8408394253990195 -0.4921665968883345 -0.2253022449999168
vn -0.6099588190492858 -0.5058660673814775 -0.6099588190492855
vn -0.22530224499991666 -0.49216659688833475 -0.8408394253990193
vn 0 -0.48564293117863205 -0.874157276121538
vn 0.2253022449999164 -0.49216659688833553 -0.8408394253990189
vn 0.6099588190492846 -0.5058660673814783 -0.6099588190492863
vn 0.8408394253990195 -0.492166596888335 -0.22530224499991633
vn 0.874157276121538 -0.48564293117863205 0
vn 0.9659258262890681 0 0.2588190451025216
vn 0.7071067811865485 0 0.7071067811865466
vn 0.25881904510252085 0 0.9659258262890683
vn 0 0 1
vn -0.25881904510252113 0 0.9659258262890683
vn -0.707106781186548 0 0.7071067811865471
vn -0.9659258262890681 0 0.2588190451025216
vn -1 0 0
vn -0.9659258262890683 0 -0.25881904510252113
vn -0.7071067811865478 0 -0.7071067811865472
vn -0.25881904510252096 0 -0.9659258262890682
vn 0 0 -1
vn 0.25881904510252085 0 -0.9659258262890683
vn 0.7071067811865465 0 -0.7071067811865486
vn 0.9659258262890683 0 -0.2588190451025206
vn 1 0 0
vn 0.7655136761648335 0.6098484248199743 0.2051187713233461
vn 0.5462100087617201 0.6350663372097736 0.5462100087617252
vn 0.20511877132335074 0.6098484248199744 0.7655136761648319
vn 0 0.5854905538443576 0.8106792283998816
vn -0.20511877132335016 0.6098484248199767 0.7655136761648303
vn -0.5462100087617214 0.6350663372097707 0.5462100087617271
vn -0.7655136761648328 0.6098484248199749 0.20511877132334644
vn -0.8106792283998812 0.5854905538443583 0
vn -0.7655136761648325 0.6098484248199749 -0.20511877132334694
vn -0.5462100087617229 0.6350663372097726 -0.5462100087617234
vn -0.20511877132334866 0.6098484248199745 -0.7655136761648326
vn 0 0.5854905538443576 -0.8106792283998816
vn 0.2051187713233483 0.6098484248199754 -0.7655136761648317
vn 0.5462100087617227 0.6350663372097728 -0.5462100087617237
vn 0.7655136761648325 0.6098484248199753 -0.20511877132334644
vn 0.810679228399881 0.5854905538443586 0
vn -4.636605567782706e-16 -1 -1.2423747175090171e-16
vn -1.6639046669742992e-16 -1 -1.6639046669743147e-16
vn -4.734362434050472e-17 -1 -1.7668881145321497e-16
vn 0 -1 -1.7763568394002506e-16
vn 4.7343624340504786e-17 -1 -1.7668881145321497e-16
vn 1.6639046669742967e-16 -1 -1.6639046669743152e-16
vn 4.636605567782706e-16 -1 -1.2423747175090171e-16
vn 1.1842378929335002e-15 -1 0
vn 4.636605567782699e-16 -1 1.2423747175090188e-16
vn 1.6639046669743108e-16 -1 1.663904666974314e-16
vn 4.734362434050424e-17 -1 1.7668881145321497e-16
vn 0 -1 1.7763568394002506e-16
vn -4.734362434050424e-17 -1 1.7668881145321497e-16
vn -1.6639046669743137e-16 -1 1.6639046669743137e-16
vn -4.636605567782686e-16 -1 1.2423747175090218e-16
vn -1.1842378929335002e-15 -1 0
vn 9.757613978556e-16 1 2.6145447856087017e-16
vn 3.424027420514451e-16 1 3.424027420514483e-16
vn 9.651306916006001e-17 1 3.601916776997458e-16
vn 0 1 3.6068159175639583e-16
vn -9.651306916005996e-17 1 3.6019167769974583e-16
vn -3.4240274205144477e-16 1 3.424027420514483e-16
vn -9.757613978555984e-16 1 2.614544785608704e-16
vn -2.631639762074445e-15 1 0
vn -9.757613978555972e-16 1 -2.614544785608708e-16
vn -3.424027420514479e-16 1 -3.424027420514482e-16
vn -9.651306916005902e-17 1 -3.6019167769974603e-16
vn 0 1 -3.6068159175639613e-16
vn 9.651306916005897e-17 1 -3.6019167769974607e-16
vn 3.424027420514477e-16 1 -3.424027420514483e-16
vn 9.757613978555988e-16 1 -2.6145447856087057e-16
vn 2.6316397620744458e-15 1 0
usemtl chair_bolster
f 479/2017/561 480/2018/561 464/2019/561 463/2020/561
f 480/2021/562 481/2022/562 465/2023/562 464/2024/562
f 481/2025/563 482/2026/563 466/2027/563 465/2028/563
f 482/2029/564 483/2030/564 467/2031/564 466/2032/564
f 483/2033/565 484/2034/565 468/2035/565 467/2036/565
f 484/2037/566 485/2038/566 469/2039/566 468/2040/566
f 485/2041/567 486/2042/567 470/2043/567 469/2044/567
f 486/2045/568 487/2046/568 471/2047/568 470/2048/568
f 487/2049/569 488/2050/569 472/2051/569 471/2052/569
f 488/2053/570 489/2054/570 473/2055/570 472/2056/570
f 489/2057/571 490/2058/571 474/2059/571 473/2060/571
f 490/2061/572 491/2062/572 475/2063/572 474/2064/572
f 491/2065/573 492/2066/573 476/2067/573 475/2068/573
f 492/2069/574 493/2070/574 477/2071/574 476/2072/574
f 493/2073/575 494/2074/575 478/2075/575 477/2076/575
f 494/2077/576 479/2078/576 463/2079/576 478/2080/576
f 495/2081/577 496/2082/577 480/2083/577 479/2084/577
f 496/2085/578 497/2086/578 481/2087/578 480/2088/578
f 497/2089/579 498/2090/579 482/2091/579 481/2092/579
f 498/2093/580 499/2094/580 483/2095/580 482/2096/580
f 499/2097/581 500/2098/581 484/2099/581 483/2100/581
f 500/2101/582 501/2102/582 485/2103/582 484/2104/582
f 501/2105/583 502/2106/583 486/2107/583 485/2108/583
f 502/2109/584 503/2110/584 487/2111/584 486/2112/584
f 503/2113/585 504/2114/585 488/2115/585 487/2116/585
f 504/2117/586 505/2118/586 489/2119/586 488/2120/586
f 505/2121/587 506/2122/587 490/2123/587 489/2124/587
f 506/2125/588 507/2126/588 491/2127/588 490/2128/588
f 507/2129/589 508/2130/589 492/2131/589 491/2132/589
f 508/2133/590 509/2134/590 493/2135/590 492/2136/590
f 509/2137/591 510/2138/591 494/2139/591 493/2140/591
f 510/2141/592 495/2142/592 479/2143/592 494/2144/592
f 511/2145/593 512/2146/593 496/2147/593 495/2148/593
f 512/2149/594 513/2150/594 497/2151/594 496/2152/594
f 513/2153/595 514/2154/595 498/2155/595 497/2156/595
f 514/2157/596 515/2158/596 499/2159/596 498/2160/596
f 515/2161/597 516/2162/597 500/2163/597 499/2164/597
f 516/2165/598 517/2166/598 501/2167/598 500/2168/598
f 517/2169/599 518/2170/599 502/2171/599 501/2172/599
f 518/2173/600 519/2174/600 503/2175/600 502/2176/600
f 519/2177/601 520/2178/601 504/2179/601 503/2180/601
f 520/2181/602 521/2182/602 505/2183/602 504/2184/602
f 521/2185/603 522/2186/603 506/2187/603 505/2188/603
f 522/2189/604 523/2190/604 507/2191/604 506/2192/604
f 523/2193/605 524/2194/605 508/2195/605 507/2196/605
f 524/2197/606 525/2198/606 509/2199/606 508/2200/606
f 525/2201/607 526/2202/607 510/2203/607 509/2204/607
f 526/2205/608 511/2206/608 495/2207/608 510/2208/608
f 527/2209/609 463/2210/609 464/2211/609
f 527/2212/610 464/2213/610 465/2214/610
f 527/2215/611 465/2216/611 466/2217/611
f 527/2218/612 466/2219/612 467/2220/612
f 527/2221/613 467/2222/613 468/2223/613
f 527/2224/614 468/2225/614 469/2226/614
f 527/2227/615 469/2228/615 470/2229/615
f 527/2230/616 470/2231/616 471/2232/616
f 527/2233/617 471/2234/617 472/2235/617
f 527/2236/618 472/2237/618 473/2238/618
f 527/2239/619 473/2240/619 474/2241/619
f 527/2242/620 474/2243/620 475/2244/620
f 527/2245/621 475/2246/621 476/2247/621
f 527/2248/622 476/2249/622 477/2250/622
f 527/2251/623 477/2252/623 478/2253/623
f 527/2254/624 478/2255/624 463/2256/624
f 512/2257/625 511/2258/625 528/2259/625
f 513/2260/626 512/2261/626 528/2262/626
f 514/2263/627 513/2264/627 528/2265/627
f 515/2266/628 514/2267/628 528/2268/628
f 516/2269/629 515/2270/629 528/2271/629
f 517/2272/630 516/2273/630 528/2274/630
f 518/2275/631 517/2276/631 528/2277/631
f 519/2278/632 518/2279/632 528/2280/632
f 520/2281/633 519/2282/633 528/2283/633
f 521/2284/634 520/2285/634 528/2286/634
f 522/2287/635 521/2288/635 528/2289/635
f 523/2290/636 522/2291/636 528/2292/636
f 524/2293/637 523/2294/637 528/2295/637
f 525/2296/638 524/2297/638 528/2298/638
f 526/2299/639 525/2300/639 528/2301/639
f 511/2302/640 526/2303/640 528/2304/640
o right_seat_bolster
v 0.909375 0.366875 0.85
v 0.9039322820287429 0.366875 0.8703125
v 0.8890625000000001 0.366875 0.8851822820287427
v 0.86875 0.366875 0.890625
v 0.8562500000000001 0.366875 0.890625
v 0.8359375 0.366875 0.8851822820287427
v 0.8210677179712572 0.366875 0.8703125
v 0.815625 0.366875 0.85
v 0.815625 0.366875 0.30625
v 0.8210677179712572 0.366875 0.2859375
v 0.8359375 0.366875 0.2710677179712572
v 0.8562500000000001 0.366875 0.265625
v 0.86875 0.366875 0.265625
v 0.8890625000000001 0.366875 0.2710677179712572
v 0.9039322820287429 0.366875 0.2859375
v 0.909375 0.366875 0.30625
v 0.925 0.395 0.853125
v 0.9178825995760483 0.395 0.8796875
v 0.8984375 0.395 0.8991325995760483
v 0.8718750000000001 0.395 0.90625
v 0.853125 0.395 0.90625
v 0.8265625000000001 0.395 0.8991325995760483
v 0.8071174004239517 0.395 0.8796875
v 0.8 0.395 0.853125
v 0.8 0.395 0.303125
v 0.8071174004239517 0.395 0.2765625
v 0.8265625 0.395 0.2571174004239517
v 0.853125 0.395 0.25
v 0.8718750000000001 0.395 0.25
v 0.8984375 0.395 0.2571174004239517
v 0.9178825995760483 0.395 0.27656249999999993
v 0.925 0.395 0.303125
v 0.925 0.49500000000000005 0.853125
v 0.9178825995760483 0.49500000000000005 0.8796875
v 0.8984375 0.49500000000000005 0.8991325995760483
v 0.8718750000000001 0.49500000000000005 0.90625
v 0.853125 0.49500000000000005 0.90625
v 0.8265625000000001 0.49500000000000005 0.8991325995760483
v 0.8071174004239517 0.49500000000000005 0.8796875
v 0.8 0.49500000000000005 0.853125
v 0.8 0.49500000000000005 0.303125
v 0.8071174004239517 0.49500000000000005 0.2765625
v 0.8265625 0.49500000000000005 0.2571174004239517
v 0.853125 0.49500000000000005 0.25
v 0.8718750000000001 0.49500000000000005 0.25
v 0.8984375 0.49500000000000005 0.2571174004239517
v 0.9178825995760483 0.49500000000000005 0.27656249999999993
v 0.925 0.49500000000000005 0.303125
v 0.9046875000000001 0.5231250000000001 0.8453125
v 0.8992447820287429 0.5231250000000001 0.8656250000000001
v 0.884375 0.5231250000000001 0.8804947820287428
v 0.8640625000000001 0.5231250000000001 0.8859375
v 0.8609375 0.5231250000000001 0.8859375
v 0.8406250000000001 0.5231250000000001 0.8804947820287428
v 0.8257552179712572 0.5231250000000001 0.8656250000000001
v 0.8203125 0.5231250000000001 0.8453125
v 0.8203125 0.5231250000000001 0.3109375
v 0.8257552179712572 0.5231250000000001 0.29062499999999997
v 0.8406250000000001 0.5231250000000001 0.2757552179712572
v 0.8609375 0.5231250000000001 0.27031249999999996
v 0.8640625000000001 0.5231250000000001 0.27031249999999996
v 0.884375 0.5231250000000001 0.2757552179712572
v 0.8992447820287428 0.5231250000000001 0.29062499999999997
v 0.9046875000000001 0.5231250000000001 0.3109375
v 0.8624999999999999 0.36687500000000006 0.578125
v 0.8625 0.5231250000000002 0.5781249999999999
vt 0.4265625 0.1975
vt 0.43984375 0.1975
vt 0.43515625 0.18343750000000003
vt 0.425 0.18343750000000003
vt 0.43984375 0.1975
vt 0.44956629978802415 0.1975
vt 0.44259114101437136 0.18343750000000003
vt 0.43515625 0.18343750000000003
vt 0.44921875 0.1975
vt 0.43593750000000003 0.1975
vt 0.434375 0.18343750000000003
vt 0.44453125000000004 0.18343750000000003
vt 0.43593750000000003 0.1975
vt 0.4265625 0.1975
vt 0.42812500000000003 0.18343750000000003
vt 0.434375 0.18343750000000003
vt 0.4265625 0.1975
vt 0.41328125000000004 0.1975
vt 0.41796875 0.18343750000000003
vt 0.42812500000000003 0.18343750000000003
vt 0.44956629978802415 0.1975
vt 0.43984375 0.1975
vt 0.43515625 0.18343750000000003
vt 0.44259114101437136 0.18343750000000003
vt 0.43984375 0.1975
vt 0.4265625 0.1975
vt 0.425 0.18343750000000003
vt 0.43515625 0.18343750000000003
vt 0.4265625 0.1975
vt 0.1515625 0.1975
vt 0.153125 0.18343750000000003
vt 0.425 0.18343750000000003
vt 0.1515625 0.1975
vt 0.13828125 0.1975
vt 0.14296875 0.18343750000000003
vt 0.153125 0.18343750000000003
vt 0.13828125 0.1975
vt 0.12855870021197585 0.1975
vt 0.1355338589856286 0.18343750000000003
vt 0.14296875 0.18343750000000003
vt 0.41328125 0.1975
vt 0.4265625 0.1975
vt 0.42812500000000003 0.18343750000000003
vt 0.41796875 0.18343750000000003
vt 0.4265625 0.1975
vt 0.43593750000000003 0.1975
vt 0.434375 0.18343750000000003
vt 0.42812500000000003 0.18343750000000003
vt 0.43593750000000003 0.1975
vt 0.44921875 0.1975
vt 0.44453125000000004 0.18343750000000003
vt 0.434375 0.18343750000000003
vt 0.44921875 0.1975
vt 0.45894129978802417 0.1975
vt 0.45196614101437144 0.18343750000000003
vt 0.44453125000000004 0.18343750000000003
vt 0.13828124999999997 0.1975
vt 0.1515625 0.1975
vt 0.153125 0.18343750000000003
vt 0.14296875 0.18343750000000003
vt 0.1515625 0.1975
vt 0.4265625 0.1975
vt 0.425 0.18343750000000003
vt 0.153125 0.18343750000000003
vt 0.4265625 0.24750000000000005
vt 0.43984375 0.24750000000000005
vt 0.43984375 0.1975
vt 0.4265625 0.1975
vt 0.43984375 0.24750000000000005
vt 0.44956629978802415 0.24750000000000005
vt 0.44956629978802415 0.1975
vt 0.43984375 0.1975
vt 0.44921875 0.24750000000000005
vt 0.43593750000000003 0.24750000000000005
vt 0.43593750000000003 0.1975
vt 0.44921875 0.1975
vt 0.43593750000000003 0.24750000000000005
vt 0.4265625 0.24750000000000005
vt 0.4265625 0.1975
vt 0.43593750000000003 0.1975
vt 0.4265625 0.24750000000000005
vt 0.41328125000000004 0.24750000000000005
vt 0.41328125000000004 0.1975
vt 0.4265625 0.1975
vt 0.44956629978802415 0.24750000000000005
vt 0.43984375 0.24750000000000005
vt 0.43984375 0.1975
vt 0.44956629978802415 0.1975
vt 0.43984375 0.24750000000000005
vt 0.4265625 0.24750000000000005
vt 0.4265625 0.1975
vt 0.43984375 0.1975
vt 0.4265625 0.24750000000000005
vt 0.1515625 0.24750000000000005
vt 0.1515625 0.1975
vt 0.4265625 0.1975
vt 0.1515625 0.24750000000000005
vt 0.13828125 0.24750000000000005
vt 0.13828125 0.1975
vt 0.1515625 0.1975
vt 0.13828125 0.24750000000000005
vt 0.12855870021197585 0.24750000000000005
vt 0.12855870021197585 0.1975
vt 0.13828125 0.1975
vt 0.41328125 0.24750000000000005
vt 0.4265625 0.24750000000000005
vt 0.4265625 0.1975
vt 0.41328125 0.1975
vt 0.4265625 0.24750000000000005
vt 0.43593750000000003 0.24750000000000005
vt 0.43593750000000003 0.1975
vt 0.4265625 0.1975
vt 0.43593750000000003 0.24750000000000005
vt 0.44921875 0.24750000000000005
vt 0.44921875 0.1975
vt 0.43593750000000003 0.1975
vt 0.44921875 0.24750000000000005
vt 0.45894129978802417 0.24750000000000005
vt 0.45894129978802417 0.1975
vt 0.44921875 0.1975
vt 0.13828124999999997 0.24750000000000005
vt 0.1515625 0.24750000000000005
vt 0.1515625 0.1975
vt 0.13828124999999997 0.1975
vt 0.1515625 0.24750000000000005
vt 0.4265625 0.24750000000000005
vt 0.4265625 0.1975
vt 0.1515625 0.1975
vt 0.42265625 0.26156250000000003
vt 0.43281250000000004 0.26156250000000003
vt 0.43984375 0.24750000000000005
vt 0.4265625 0.24750000000000005
vt 0.44962239101437146 0.5671875
vt 0.4421875 0.5597526089856286
vt 0.44921875 0.5504337002119759
vt 0.45894129978802417 0.56015625
vt 0.4421875 0.26156250000000003
vt 0.43203125000000003 0.26156250000000003
vt 0.43593750000000003 0.24750000000000005
vt 0.44921875 0.24750000000000005
vt 0.43203125000000003 0.26156250000000003
vt 0.43046875 0.26156250000000003
vt 0.4265625 0.24750000000000005
vt 0.43593750000000003 0.24750000000000005
vt 0.43046875 0.26156250000000003
vt 0.42031250000000003 0.26156250000000003
vt 0.41328125000000004 0.24750000000000005
vt 0.4265625 0.24750000000000005
vt 0.42031250000000003 0.5597526089856286
vt 0.4128776089856286 0.5671875
vt 0.4035587002119759 0.56015625
vt 0.41328125000000004 0.5504337002119759
vt 0.43281250000000004 0.26156250000000003
vt 0.42265625 0.26156250000000003
vt 0.4265625 0.24750000000000005
vt 0.43984375 0.24750000000000005
vt 0.42265625 0.26156250000000003
vt 0.15546875 0.26156250000000003
vt 0.1515625 0.24750000000000005
vt 0.4265625 0.24750000000000005
vt 0.15546875 0.26156250000000003
vt 0.14531249999999998 0.26156250000000003
vt 0.13828125 0.24750000000000005
vt 0.1515625 0.24750000000000005
vt 0.4128776089856286 0.8546875
vt 0.42031250000000003 0.8621223910143714
vt 0.41328125 0.8714412997880241
vt 0.4035587002119759 0.86171875
vt 0.42031250000000003 0.26156250000000003
vt 0.43046875 0.26156250000000003
vt 0.4265625 0.24750000000000005
vt 0.41328125 0.24750000000000005
vt 0.43046875 0.26156250000000003
vt 0.43203125000000003 0.26156250000000003
vt 0.43593750000000003 0.24750000000000005
vt 0.4265625 0.24750000000000005
vt 0.43203125000000003 0.26156250000000003
vt 0.4421875 0.26156250000000003
vt 0.44921875 0.24750000000000005
vt 0.43593750000000003 0.24750000000000005
vt 0.4421875 0.8621223910143714
vt 0.4496223910143714 0.8546875
vt 0.45894129978802417 0.8617187500000001
vt 0.44921875 0.8714412997880241
vt 0.14531249999999998 0.26156250000000003
vt 0.15546875 0.26156250000000003
vt 0.1515625 0.24750000000000005
vt 0.13828124999999997 0.24750000000000005
vt 0.15546875 0.26156250000000003
vt 0.42265625 0.26156250000000003
vt 0.4265625 0.24750000000000005
vt 0.1515625 0.24750000000000005
vt 0.43124999999999997 0.7109375
vt 0.4546875 0.575
vt 0.45196614101437144 0.56484375
vt 0.43124999999999997 0.7109375
vt 0.45196614101437144 0.56484375
vt 0.44453125000000004 0.5574088589856286
vt 0.43124999999999997 0.7109375
vt 0.44453125000000004 0.5574088589856286
vt 0.434375 0.5546875
vt 0.43124999999999997 0.7109375
vt 0.434375 0.5546875
vt 0.42812500000000003 0.5546875
vt 0.43124999999999997 0.7109375
vt 0.42812500000000003 0.5546875
vt 0.41796875 0.5574088589856286
vt 0.43124999999999997 0.7109375
vt 0.41796875 0.5574088589856286
vt 0.4105338589856286 0.56484375
vt 0.43124999999999997 0.7109375
vt 0.4105338589856286 0.56484375
vt 0.4078125 0.575
vt 0.43124999999999997 0.7109375
vt 0.4078125 0.575
vt 0.4078125 0.846875
vt 0.43124999999999997 0.7109375
vt 0.4078125 0.846875
vt 0.4105338589856286 0.85703125
vt 0.43124999999999997 0.7109375
vt 0.4105338589856286 0.85703125
vt 0.41796875 0.8644661410143714
vt 0.43124999999999997 0.7109375
vt 0.41796875 0.8644661410143714
vt 0.42812500000000003 0.8671875
vt 0.43124999999999997 0.7109375
vt 0.42812500000000003 0.8671875
vt 0.434375 0.8671875
vt 0.43124999999999997 0.7109375
vt 0.434375 0.8671875
vt 0.44453125000000004 0.8644661410143714
vt 0.43124999999999997 0.7109375
vt 0.44453125000000004 0.8644661410143714
vt 0.45196614101437144 0.85703125
vt 0.43124999999999997 0.7109375
vt 0.45196614101437144 0.85703125
vt 0.4546875 0.846875
vt 0.43124999999999997 0.7109375
vt 0.4546875 0.846875
vt 0.4546875 0.575
vt 0.44962239101437146 0.5671875
vt 0.45234375000000004 0.57734375
vt 0.43125 0.7109375
vt 0.4421875 0.5597526089856286
vt 0.44962239101437146 0.5671875
vt 0.43125 0.7109375
vt 0.43203125000000003 0.55703125
vt 0.4421875 0.5597526089856286
vt 0.43125 0.7109375
vt 0.43046875 0.55703125
vt 0.43203125000000003 0.55703125
vt 0.43125 0.7109375
vt 0.42031250000000003 0.5597526089856286
vt 0.43046875 0.55703125
vt 0.43125 0.7109375
vt 0.4128776089856286 0.5671875
vt 0.42031250000000003 0.5597526089856286
vt 0.43125 0.7109375
vt 0.41015625 0.57734375
vt 0.4128776089856286 0.5671875
vt 0.43125 0.7109375
vt 0.41015625 0.84453125
vt 0.41015625 0.57734375
vt 0.43125 0.7109375
vt 0.4128776089856286 0.8546875
vt 0.41015625 0.84453125
vt 0.43125 0.7109375
vt 0.42031250000000003 0.8621223910143714
vt 0.4128776089856286 0.8546875
vt 0.43125 0.7109375
vt 0.43046875 0.86484375
vt 0.42031250000000003 0.8621223910143714
vt 0.43125 0.7109375
vt 0.43203125000000003 0.86484375
vt 0.43046875 0.86484375
vt 0.43125 0.7109375
vt 0.4421875 0.8621223910143714
vt 0.43203125000000003 0.86484375
vt 0.43125 0.7109375
vt 0.4496223910143714 0.8546875
vt 0.4421875 0.8621223910143714
vt 0.43125 0.7109375
vt 0.45234375000000004 0.84453125
vt 0.4496223910143714 0.8546875
vt 0.43125 0.7109375
vt 0.45234375000000004 0.57734375
vt 0.45234375000000004 0.84453125
vt 0.43125 0.7109375
vn 0.8408394253990198 -0.492166596888334 0.22530224499991738
vn 0.609958819049286 -0.5058660673814769 0.609958819049286
vn 0.2253022449999172 -0.4921665968883349 0.8408394253990191
vn 0 -0.48564293117863205 0.874157276121538
vn -0.22530224499991697 -0.49216659688833636 0.8408394253990182
vn -0.6099588190492867 -0.5058660673814751 0.6099588190492867
vn -0.8408394253990191 -0.4921665968883349 0.2253022449999172
vn -0.874157276121538 -0.48564293117863205 0
vn -0.8408394253990195 -0.4921665968883345 -0.2253022449999168
vn -0.6099588190492864 -0.5058660673814778 -0.6099588190492847
vn -0.2253022449999163 -0.4921665968883349 -0.8408394253990193
vn 0 -0.48564293117863205 -0.874157276121538
vn 0.22530224499991713 -0.49216659688833514 -0.8408394253990189
vn 0.6099588190492838 -0.5058660673814775 -0.6099588190492874
vn 0.8408394253990195 -0.492166596888335 -0.22530224499991633
vn 0.874157276121538 -0.48564293117863205 0
vn 0.9659258262890681 0 0.2588190451025216
vn 0.7071067811865476 0 0.7071067811865476
vn 0.2588190451025216 0 0.9659258262890681
vn 0 0 1
vn -0.2588190451025216 0 0.9659258262890681
vn -0.7071067811865476 0 0.7071067811865476
vn -0.9659258262890681 0 0.2588190451025216
vn -1 0 0
vn -0.9659258262890683 0 -0.25881904510252113
vn -0.7071067811865486 0 -0.7071067811865465
vn -0.2588190451025206 0 -0.9659258262890683
vn 0 0 -1
vn 0.2588190451025216 0 -0.9659258262890681
vn 0.7071067811865455 0 -0.7071067811865496
vn 0.9659258262890683 0 -0.2588190451025206
vn 1 0 0
vn 0.765513676164834 0.6098484248199731 0.20511877132334627
vn 0.5462100087617188 0.6350663372097732 0.5462100087617269
vn 0.205118771323351 0.6098484248199745 0.7655136761648319
vn 0 0.5854905538443576 0.8106792283998818
vn -0.20511877132335052 0.6098484248199766 0.7655136761648301
vn -0.5462100087617207 0.63506633720977 0.5462100087617289
vn -0.7655136761648335 0.6098484248199743 0.2051187713233461
vn -0.8106792283998817 0.5854905538443576 0
vn -0.7655136761648335 0.6098484248199739 -0.20511877132334672
vn -0.5462100087617205 0.6350663372097738 -0.5462100087617245
vn -0.20511877132334902 0.6098484248199744 -0.7655136761648323
vn 0 0.5854905538443576 -0.8106792283998818
vn 0.20511877132334885 0.6098484248199753 -0.7655136761648317
vn 0.5462100087617227 0.6350663372097735 -0.5462100087617227
vn 0.7655136761648318 0.6098484248199745 -0.20511877132335044
vn 0.8106792283998817 0.5854905538443576 0
vn -4.636605567782699e-16 -1 -1.2423747175090154e-16
vn -1.6639046669743011e-16 -1 -1.6639046669743137e-16
vn -4.734362434050458e-17 -1 -1.7668881145321494e-16
vn 0 -1 -1.7763568394002506e-16
vn 4.7343624340504595e-17 -1 -1.76688811453215e-16
vn 1.6639046669743026e-16 -1 -1.6639046669743152e-16
vn 4.636605567782709e-16 -1 -1.242374717509018e-16
vn 1.184237892933503e-15 -1 0
vn 4.636605567782699e-16 -1 1.2423747175090188e-16
vn 1.6639046669743135e-16 -1 1.6639046669743135e-16
vn 4.7343624340504114e-17 -1 1.76688811453215e-16
vn 0 -1 1.7763568394002506e-16
vn -4.734362434050411e-17 -1 1.7668881145321497e-16
vn -1.6639046669743125e-16 -1 1.6639046669743125e-16
vn -4.636605567782693e-16 -1 1.2423747175090171e-16
vn -1.1842378929334975e-15 -1 0
vn 9.757613978555994e-16 1 2.6145447856087003e-16
vn 3.424027420514434e-16 1 3.4240274205144846e-16
vn 9.651306916006015e-17 1 3.601916776997458e-16
vn 0 1 3.6068159175639583e-16
vn -9.651306916006015e-17 1 3.601916776997458e-16
vn -3.424027420514433e-16 1 3.424027420514484e-16
vn -9.757613978555994e-16 1 2.6145447856087003e-16
vn -2.6316397620744422e-15 1 0
vn -9.757613978555984e-16 1 -2.6145447856087047e-16
vn -3.4240274205144585e-16 1 -3.424027420514484e-16
vn -9.651306916005923e-17 1 -3.6019167769974603e-16
vn 0 1 -3.6068159175639613e-16
vn 9.651306916005923e-17 1 -3.6019167769974603e-16
vn 3.4240274205144827e-16 1 -3.4240274205144827e-16
vn 9.757613978555858e-16 1 -2.6145447856087244e-16
vn 2.6316397620744422e-15 1 0
usemtl chair_bolster
f 545/2305/641 546/2306/641 530/2307/641 529/2308/641
f 546/2309/642 547/2310/642 531/2311/642 530/2312/642
f 547/2313/643 548/2314/643 532/2315/643 531/2316/643
f 548/2317/644 549/2318/644 533/2319/644 532/2320/644
f 549/2321/645 550/2322/645 534/2323/645 533/2324/645
f 550/2325/646 551/2326/646 535/2327/646 534/2328/646
f 551/2329/647 552/2330/647 536/2331/647 535/2332/647
f 552/2333/648 553/2334/648 537/2335/648 536/2336/648
f 553/2337/649 554/2338/649 538/2339/649 537/2340/649
f 554/2341/650 555/2342/650 539/2343/650 538/2344/650
f 555/2345/651 556/2346/651 540/2347/651 539/2348/651
f 556/2349/652 557/2350/652 541/2351/652 540/2352/652
f 557/2353/653 558/2354/653 542/2355/653 541/2356/653
f 558/2357/654 559/2358/654 543/2359/654 542/2360/654
f 559/2361/655 560/2362/655 544/2363/655 543/2364/655
f 560/2365/656 545/2366/656 529/2367/656 544/2368/656
f 561/2369/657 562/2370/657 546/2371/657 545/2372/657
f 562/2373/658 563/2374/658 547/2375/658 546/2376/658
f 563/2377/659 564/2378/659 548/2379/659 547/2380/659
f 564/2381/660 565/2382/660 549/2383/660 548/2384/660
f 565/2385/661 566/2386/661 550/2387/661 549/2388/661
f 566/2389/662 567/2390/662 551/2391/662 550/2392/662
f 567/2393/663 568/2394/663 552/2395/663 551/2396/663
f 568/2397/664 569/2398/664 553/2399/664 552/2400/664
f 569/2401/665 570/2402/665 554/2403/665 553/2404/665
f 570/2405/666 571/2406/666 555/2407/666 554/2408/666
f 571/2409/667 572/2410/667 556/2411/667 555/2412/667
f 572/2413/668 573/2414/668 557/2415/668 556/2416/668
f 573/2417/669 574/2418/669 558/2419/669 557/2420/669
f 574/2421/670 575/2422/670 559/2423/670 558/2424/670
f 575/2425/671 576/2426/671 560/2427/671 559/2428/671
f 576/2429/672 561/2430/672 545/2431/672 560/2432/672
f 577/2433/673 578/2434/673 562/2435/673 561/2436/673
f 578/2437/674 579/2438/674 563/2439/674 562/2440/674
f 579/2441/675 580/2442/675 564/2443/675 563/2444/675
f 580/2445/676 581/2446/676 565/2447/676 564/2448/676
f 581/2449/677 582/2450/677 566/2451/677 565/2452/677
f 582/2453/678 583/2454/678 567/2455/678 566/2456/678
f 583/2457/679 584/2458/679 568/2459/679 567/2460/679
f 584/2461/680 585/2462/680 569/2463/680 568/2464/680
f 585/2465/681 586/2466/681 570/2467/681 569/2468/681
f 586/2469/682 587/2470/682 571/2471/682 570/2472/682
f 587/2473/683 588/2474/683 572/2475/683 571/2476/683
f 588/2477/684 589/2478/684 573/2479/684 572/2480/684
f 589/2481/685 590/2482/685 574/2483/685 573/2484/685
f 590/2485/686 591/2486/686 575/2487/686 574/2488/686
f 591/2489/687 592/2490/687 576/2491/687 575/2492/687
f 592/2493/688 577/2494/688 561/2495/688 576/2496/688
f 593/2497/689 529/2498/689 530/2499/689
f 593/2500/690 530/2501/690 531/2502/690
f 593/2503/691 531/2504/691 532/2505/691
f 593/2506/692 532/2507/692 533/2508/692
f 593/2509/693 533/2510/693 534/2511/693
f 593/2512/694 534/2513/694 535/2514/694
f 593/2515/695 535/2516/695 536/2517/695
f 593/2518/696 536/2519/696 537/2520/696
f 593/2521/697 537/2522/697 538/2523/697
f 593/2524/698 538/2525/698 539/2526/698
f 593/2527/699 539/2528/699 540/2529/699
f 593/2530/700 540/2531/700 541/2532/700
f 593/2533/701 541/2534/701 542/2535/701
f 593/2536/702 542/2537/702 543/2538/702
f 593/2539/703 543/2540/703 544/2541/703
f 593/2542/704 544/2543/704 529/2544/704
f 578/2545/705 577/2546/705 594/2547/705
f 579/2548/706 578/2549/706 594/2550/706
f 580/2551/707 579/2552/707 594/2553/707
f 581/2554/708 580/2555/708 594/2556/708
f 582/2557/709 581/2558/709 594/2559/709
f 583/2560/710 582/2561/710 594/2562/710
f 584/2563/711 583/2564/711 594/2565/711
f 585/2566/712 584/2567/712 594/2568/712
f 586/2569/713 585/2570/713 594/2571/713
f 587/2572/714 586/2573/714 594/2574/714
f 588/2575/715 587/2576/715 594/2577/715
f 589/2578/716 588/2579/716 594/2580/716
f 590/2581/717 589/2582/717 594/2583/717
f 591/2584/718 590/2585/718 594/2586/718
f 592/2587/719 591/2588/719 594/2589/719
f 577/2590/720 592/2591/720 594/2592/720
o continuous_back_cushion
v 0.740625 1.1496875 0.2087515625
v 0.7351822820287428 1.17 0.2045875
v 0.7203125 1.1848697820287428 0.20153919468410772
v 0.7 1.1903125 0.20042343749999997
v 0.30000000000000004 1.1903125 0.20042343749999997
v 0.27968750000000003 1.1848697820287428 0.20153919468410772
v 0.2648177179712572 1.17 0.2045875
v 0.259375 1.1496875 0.2087515625
v 0.259375 0.5778125000000001 0.3259859375
v 0.2648177179712572 0.5575000000000001 0.33014999999999994
v 0.2796875 0.5426302179712572 0.3331983053158923
v 0.30000000000000004 0.5371875 0.33431406249999995
v 0.7 0.5371875 0.33431406249999995
v 0.7203125 0.5426302179712572 0.3331983053158923
v 0.7351822820287428 0.5575000000000001 0.33014999999999994
v 0.740625 0.5778125000000001 0.3259859375
v 0.75625 1.1528125 0.2319234375
v 0.7491325995760483 1.179375 0.22647812499999997
v 0.7296875 1.1988200995760483 0.2224918795869101
v 0.703125 1.2059375 0.22103281249999998
v 0.296875 1.2059375 0.22103281249999998
v 0.27031250000000007 1.1988200995760483 0.2224918795869101
v 0.2508674004239517 1.179375 0.22647812499999997
v 0.24375000000000002 1.1528125 0.2319234375
v 0.24375000000000002 0.5746875 0.3504390625
v 0.2508674004239517 0.548125 0.35588437500000003
v 0.2703125 0.5286799004239517 0.3598706204130899
v 0.296875 0.5215625 0.3613296875
v 0.703125 0.5215625 0.3613296875
v 0.7296875 0.5286799004239517 0.3598706204130899
v 0.7491325995760483 0.548125 0.35588437500000003
v 0.75625 0.5746875 0.3504390625
v 0.75625 1.1528125 0.26367343749999994
v 0.7491325995760483 1.179375 0.2582281249999999
v 0.7296875 1.1988200995760483 0.25424187958691
v 0.703125 1.2059375 0.2527828124999999
v 0.296875 1.2059375 0.2527828124999999
v 0.27031250000000007 1.1988200995760483 0.25424187958691
v 0.2508674004239517 1.179375 0.2582281249999999
v 0.24375000000000002 1.1528125 0.26367343749999994
v 0.24375000000000002 0.5746875 0.38218906249999995
v 0.2508674004239517 0.548125 0.387634375
v 0.2703125 0.5286799004239517 0.39162062041308987
v 0.296875 0.5215625 0.39307968749999994
v 0.703125 0.5215625 0.39307968749999994
v 0.7296875 0.5286799004239517 0.39162062041308987
v 0.7491325995760483 0.548125 0.387634375
v 0.75625 0.5746875 0.38218906249999995
v 0.7359374999999999 1.145 0.28908749999999994
v 0.7304947820287429 1.1653125 0.28492343749999993
v 0.715625 1.1801822820287429 0.28187513218410765
v 0.6953125 1.185625 0.280759375
v 0.3046875 1.185625 0.280759375
v 0.28437500000000004 1.1801822820287429 0.28187513218410765
v 0.2695052179712572 1.1653125 0.28492343749999993
v 0.26406250000000003 1.145 0.28908749999999994
v 0.26406250000000003 0.5825 0.4044
v 0.2695052179712572 0.5621875000000001 0.40856406249999994
v 0.28437500000000004 0.5473177179712572 0.4116123678158922
v 0.3046875 0.541875 0.41272812499999995
v 0.6953125 0.541875 0.41272812499999995
v 0.715625 0.5473177179712572 0.4116123678158922
v 0.7304947820287427 0.5621875000000001 0.40856406249999994
v 0.7359374999999999 0.5825 0.4044
v 0.49999999999999994 0.8637500000000002 0.26736874999999993
v 0.5 0.8637499999999999 0.34674374999999996
vt 0.10437578125 0.57484375
vt 0.10229375 0.585
vt 0.11323906249999999 0.5896875
vt 0.11596171875 0.57640625
vt 0.10229375 0.585
vt 0.10076959734205386 0.5924348910143714
vt 0.11124593979345505 0.5994100497880241
vt 0.11323906249999999 0.5896875
vt 0.36015625 0.8992304026579462
vt 0.35 0.89978828125
vt 0.3515625 0.88948359375
vt 0.36484375 0.8887540602065449
vt 0.35 0.89978828125
vt 0.15000000000000002 0.89978828125
vt 0.1484375 0.88948359375
vt 0.3515625 0.88948359375
vt 0.15000000000000002 0.89978828125
vt 0.13984375000000002 0.8992304026579462
vt 0.13515625000000003 0.8887540602065449
vt 0.1484375 0.88948359375
vt 0.10076959734205386 0.5924348910143714
vt 0.10229375 0.585
vt 0.11323906249999999 0.5896875
vt 0.11124593979345505 0.5994100497880241
vt 0.10229375 0.585
vt 0.10437578125 0.57484375
vt 0.11596171875 0.57640625
vt 0.11323906249999999 0.5896875
vt 0.10437578125 0.57484375
vt 0.16299296875 0.28890625000000003
vt 0.17521953125 0.28734375
vt 0.11596171875 0.57640625
vt 0.16299296875 0.28890625000000003
vt 0.16507499999999997 0.27875000000000005
vt 0.17794218750000002 0.2740625
vt 0.17521953125 0.28734375
vt 0.1324088589856286 0.834925
vt 0.13984375 0.8334008473420539
vt 0.13515625 0.820064689793455
vt 0.12543370021197586 0.8220578125
vt 0.13984375 0.8334008473420539
vt 0.15000000000000002 0.8328429687500001
vt 0.1484375 0.81933515625
vt 0.13515625 0.820064689793455
vt 0.15000000000000002 0.8328429687500001
vt 0.35 0.8328429687500001
vt 0.3515625 0.81933515625
vt 0.1484375 0.81933515625
vt 0.35 0.8328429687500001
vt 0.36015625 0.8334008473420539
vt 0.36484375 0.820064689793455
vt 0.3515625 0.81933515625
vt 0.36015625 0.8334008473420539
vt 0.3675911410143714 0.834925
vt 0.37456629978802414 0.8220578125
vt 0.36484375 0.820064689793455
vt 0.16507499999999997 0.27875000000000005
vt 0.16299296875 0.28890625000000003
vt 0.17521953125 0.28734375
vt 0.17794218750000002 0.2740625
vt 0.16299296875 0.28890625000000003
vt 0.10437578125 0.57484375
vt 0.11596171875 0.57640625
vt 0.17521953125 0.28734375
vt 0.11596171875 0.57640625
vt 0.11323906249999999 0.5896875
vt 0.12911406249999996 0.5896875
vt 0.13183671874999997 0.57640625
vt 0.11323906249999999 0.5896875
vt 0.11124593979345505 0.5994100497880241
vt 0.127120939793455 0.5994100497880241
vt 0.12911406249999996 0.5896875
vt 0.36484375 0.8887540602065449
vt 0.3515625 0.88948359375
vt 0.3515625 0.87360859375
vt 0.36484375 0.872879060206545
vt 0.3515625 0.88948359375
vt 0.1484375 0.88948359375
vt 0.1484375 0.87360859375
vt 0.3515625 0.87360859375
vt 0.1484375 0.88948359375
vt 0.13515625000000003 0.8887540602065449
vt 0.13515625000000003 0.872879060206545
vt 0.1484375 0.87360859375
vt 0.13515625000000003 0.8887540602065449
vt 0.12543370021197586 0.8867609375000001
vt 0.12543370021197586 0.8708859375
vt 0.13515625000000003 0.872879060206545
vt 0.11323906249999999 0.5896875
vt 0.11596171875 0.57640625
vt 0.13183671874999997 0.57640625
vt 0.12911406249999996 0.5896875
vt 0.11596171875 0.57640625
vt 0.17521953125 0.28734375
vt 0.19109453124999998 0.28734375
vt 0.13183671874999997 0.57640625
vt 0.17521953125 0.28734375
vt 0.17794218750000002 0.2740625
vt 0.1938171875 0.2740625
vt 0.19109453124999998 0.28734375
vt 0.12543370021197586 0.8220578125
vt 0.13515625 0.820064689793455
vt 0.13515625 0.8041896897934551
vt 0.12543370021197586 0.8061828125
vt 0.13515625 0.820064689793455
vt 0.1484375 0.81933515625
vt 0.1484375 0.80346015625
vt 0.13515625 0.8041896897934551
vt 0.1484375 0.81933515625
vt 0.3515625 0.81933515625
vt 0.3515625 0.80346015625
vt 0.1484375 0.80346015625
vt 0.3515625 0.81933515625
vt 0.36484375 0.820064689793455
vt 0.36484375 0.8041896897934551
vt 0.3515625 0.80346015625
vt 0.17993531020654496 0.26433995021197587
vt 0.17794218750000002 0.2740625
vt 0.1938171875 0.2740625
vt 0.19581031020654494 0.26433995021197587
vt 0.17794218750000002 0.2740625
vt 0.17521953125 0.28734375
vt 0.19109453124999998 0.28734375
vt 0.1938171875 0.2740625
vt 0.17521953125 0.28734375
vt 0.11596171875 0.57640625
vt 0.13183671874999997 0.57640625
vt 0.19109453124999998 0.28734375
vt 1 0.9223744292237441
vt 0.9861123894166796 0.9611872146118721
vt 0.9497459161536447 0.9406392694063925
vt 0.9603658536585364 0.9109589041095889
vt 0.9861123894166796 0.9611872146118721
vt 0.9481707317073172 0.9896001454992485
vt 0.9207317073170731 0.962366804790857
vt 0.9497459161536447 0.9406392694063925
vt 0.9481707317073172 0.9896001454992485
vt 0.8963414634146342 1
vt 0.8810975609756098 0.970319634703196
vt 0.9207317073170731 0.962366804790857
vt 0.3515625 0.87360859375
vt 0.1484375 0.87360859375
vt 0.15234375 0.8596203125
vt 0.34765625 0.8596203125
vt 0.10365853658536588 1
vt 0.05182926829268307 0.9896001454992485
vt 0.07926829268292693 0.962366804790857
vt 0.11890243902439027 0.970319634703196
vt 0.05182926829268307 0.9896001454992485
vt 0.01388761058332045 0.9611872146118721
vt 0.05025408384635554 0.9406392694063925
vt 0.07926829268292693 0.962366804790857
vt 0.01388761058332045 0.9611872146118721
vt 5.4157220713422275e-17 0.9223744292237441
vt 0.03963414634146349 0.9109589041095889
vt 0.05025408384635554 0.9406392694063925
vt 5.4157220713422275e-17 0.9223744292237441
vt 5.4157220713422275e-17 0.07762557077625554
vt 0.03963414634146349 0.08904109589041076
vt 0.03963414634146349 0.9109589041095889
vt 5.4157220713422275e-17 0.07762557077625554
vt 0.01388761058332045 0.0388127853881276
vt 0.05025408384635554 0.059360730593607136
vt 0.03963414634146349 0.08904109589041076
vt 0.01388761058332045 0.0388127853881276
vt 0.051829268292682966 0.010399854500751204
vt 0.07926829268292693 0.037633195209142656
vt 0.05025408384635554 0.059360730593607136
vt 0.051829268292682966 0.010399854500751204
vt 0.10365853658536588 -2.220446049250313e-16
vt 0.11890243902439027 0.0296803652968034
vt 0.07926829268292693 0.037633195209142656
vt 0.10365853658536588 -2.220446049250313e-16
vt 0.8963414634146342 -2.220446049250313e-16
vt 0.8810975609756098 0.0296803652968034
vt 0.11890243902439027 0.0296803652968034
vt 0.8963414634146342 -2.220446049250313e-16
vt 0.9481707317073172 0.010399854500751204
vt 0.9207317073170731 0.037633195209142656
vt 0.8810975609756098 0.0296803652968034
vt 0.9481707317073172 0.010399854500751204
vt 0.9861123894166796 0.0388127853881276
vt 0.9497459161536445 0.059360730593607136
vt 0.9207317073170731 0.037633195209142656
vt 0.9861123894166796 0.0388127853881276
vt 1 0.07762557077625554
vt 0.9603658536585364 0.08904109589041076
vt 0.9497459161536445 0.059360730593607136
vt 1 0.07762557077625554
vt 1 0.9223744292237441
vt 0.9603658536585364 0.9109589041095889
vt 0.9603658536585364 0.08904109589041076
vt 0.3675911410143714 0.585
vt 0.3703125 0.57484375
vt 0.24999999999999997 0.4318750000000001
vt 0.36015625 0.5924348910143714
vt 0.3675911410143714 0.585
vt 0.24999999999999997 0.4318750000000001
vt 0.35 0.59515625
vt 0.36015625 0.5924348910143714
vt 0.24999999999999997 0.4318750000000001
vt 0.15000000000000002 0.59515625
vt 0.35 0.59515625
vt 0.24999999999999997 0.4318750000000001
vt 0.13984375000000002 0.5924348910143714
vt 0.15000000000000002 0.59515625
vt 0.24999999999999997 0.4318750000000001
vt 0.1324088589856286 0.585
vt 0.13984375000000002 0.5924348910143714
vt 0.24999999999999997 0.4318750000000001
vt 0.1296875 0.57484375
vt 0.1324088589856286 0.585
vt 0.24999999999999997 0.4318750000000001
vt 0.1296875 0.28890625000000003
vt 0.1296875 0.57484375
vt 0.24999999999999997 0.4318750000000001
vt 0.1324088589856286 0.27875000000000005
vt 0.1296875 0.28890625000000003
vt 0.24999999999999997 0.4318750000000001
vt 0.13984375 0.2713151089856286
vt 0.1324088589856286 0.27875000000000005
vt 0.24999999999999997 0.4318750000000001
vt 0.15000000000000002 0.26859374999999996
vt 0.13984375 0.2713151089856286
vt 0.24999999999999997 0.4318750000000001
vt 0.35 0.26859374999999996
vt 0.15000000000000002 0.26859374999999996
vt 0.24999999999999997 0.4318750000000001
vt 0.36015625 0.2713151089856286
vt 0.35 0.26859374999999996
vt 0.24999999999999997 0.4318750000000001
vt 0.3675911410143714 0.27875000000000005
vt 0.36015625 0.2713151089856286
vt 0.24999999999999997 0.4318750000000001
vt 0.3703125 0.28890625000000003
vt 0.3675911410143714 0.27875000000000005
vt 0.24999999999999997 0.4318750000000001
vt 0.3703125 0.57484375
vt 0.3703125 0.28890625000000003
vt 0.24999999999999997 0.4318750000000001
vt 0.5 0.49999999999999967
vt 0.9603658536585364 0.9109589041095889
vt 0.9497459161536447 0.9406392694063925
vt 0.5 0.49999999999999967
vt 0.9497459161536447 0.9406392694063925
vt 0.9207317073170731 0.962366804790857
vt 0.5 0.49999999999999967
vt 0.9207317073170731 0.962366804790857
vt 0.8810975609756098 0.970319634703196
vt 0.5 0.49999999999999967
vt 0.8810975609756098 0.970319634703196
vt 0.11890243902439027 0.970319634703196
vt 0.5 0.49999999999999967
vt 0.11890243902439027 0.970319634703196
vt 0.07926829268292693 0.962366804790857
vt 0.5 0.49999999999999967
vt 0.07926829268292693 0.962366804790857
vt 0.05025408384635554 0.9406392694063925
vt 0.5 0.49999999999999967
vt 0.05025408384635554 0.9406392694063925
vt 0.03963414634146349 0.9109589041095889
vt 0.5 0.49999999999999967
vt 0.03963414634146349 0.9109589041095889
vt 0.03963414634146349 0.08904109589041076
vt 0.5 0.49999999999999967
vt 0.03963414634146349 0.08904109589041076
vt 0.05025408384635554 0.059360730593607136
vt 0.5 0.49999999999999967
vt 0.05025408384635554 0.059360730593607136
vt 0.07926829268292693 0.037633195209142656
vt 0.5 0.49999999999999967
vt 0.07926829268292693 0.037633195209142656
vt 0.11890243902439027 0.0296803652968034
vt 0.5 0.49999999999999967
vt 0.11890243902439027 0.0296803652968034
vt 0.8810975609756098 0.0296803652968034
vt 0.5 0.49999999999999967
vt 0.8810975609756098 0.0296803652968034
vt 0.9207317073170731 0.037633195209142656
vt 0.5 0.49999999999999967
vt 0.9207317073170731 0.037633195209142656
vt 0.9497459161536445 0.059360730593607136
vt 0.5 0.49999999999999967
vt 0.9497459161536445 0.059360730593607136
vt 0.9603658536585364 0.08904109589041076
vt 0.5 0.49999999999999967
vt 0.9603658536585364 0.08904109589041076
vt 0.9603658536585364 0.9109589041095889
vn 0.8181693041147611 0.10327436118598352 -0.565626551821955
vn 0.6203870750994476 0.4958097004671108 -0.6076945104016213
vn 0.23624819616526152 0.7567344434268084 -0.6095406236996669
vn 0 0.7968717959405552 -0.6041484427145981
vn -0.23624819616526205 0.7567344434268081 -0.6095406236996669
vn -0.6203870750994452 0.49580970046711037 -0.607694510401624
vn -0.8181693041147615 0.10327436118598374 -0.5656265518219542
vn -0.8308415019782648 -0.11176017579103949 -0.5451715892245828
vn -0.7794984870831628 -0.3193388873899993 -0.5388921818282182
vn -0.5422117233749258 -0.6510910274482601 -0.5311185564553002
vn -0.19682639046930936 -0.8386710306810651 -0.5078289813620163
vn 0 -0.8656432959476925 -0.5006612469333089
vn 0.19682639046930936 -0.8386710306810653 -0.5078289813620163
vn 0.5422117233749246 -0.6510910274482594 -0.5311185564553024
vn 0.7794984870831627 -0.3193388873899994 -0.5388921818282189
vn 0.8308415019782648 -0.11176017579103949 -0.5451715892245828
vn 0.9659258262890683 0.2588190451025205 0
vn 0.7071067811865476 0.7071067811865476 0
vn 0.25881904510252435 0.9659258262890673 0
vn 0 1 0
vn -0.2588190451025254 0.9659258262890672 0
vn -0.7071067811865456 0.7071067811865495 0
vn -0.9659258262890684 0.25881904510252063 0
vn -1 0 0
vn -0.9659258262890684 -0.25881904510252063 0
vn -0.7071067811865466 -0.7071067811865486 0
vn -0.2588190451025211 -0.9659258262890682 0
vn 0 -1 0
vn 0.25881904510252063 -0.9659258262890684 0
vn 0.7071067811865476 -0.7071067811865476 0
vn 0.9659258262890683 -0.2588190451025205 0
vn 1 0 0
vn 0.6904406487158355 0.31818230679285386 0.6496550855991465
vn 0.4699409887687842 0.602236212288069 0.6453425537526079
vn 0.17368092458386988 0.7732148229483634 0.60989652729674
vn 0 0.8092048712324453 0.5875265750361268
vn -0.17368092458387122 0.7732148229483652 0.6098965272967375
vn -0.4699409887687823 0.6022362122880699 0.6453425537526083
vn -0.690440648715835 0.31818230679285375 0.6496550855991472
vn -0.7541599451530392 0.13187901928037057 0.6433122891725392
vn -0.7272045071367192 -0.05458317679426699 0.684247237196532
vn -0.542165586372298 -0.3895380881378834 0.744524381631297
vn -0.21126747252445102 -0.6363744868353001 0.7418851444517802
vn 0 -0.6952602368472008 0.718758097734679
vn 0.21126747252445052 -0.6363744868352996 0.7418851444517808
vn 0.5421655863722975 -0.389538088137881 0.7445243816312984
vn 0.7272045071367192 -0.05458317679426697 0.6842472371965319
vn 0.7541599451530375 0.1318790192803709 0.6433122891725409
vn -3.95574937743903e-16 -0.2008236202156154 -0.9796274156859304
vn -2.638471763830439e-16 -0.20082362021561545 -0.9796274156859301
vn 3.7137607620575595e-16 -0.20082362021561595 -0.9796274156859303
vn 0 -0.20082362021561564 -0.9796274156859301
vn -3.782534109503079e-16 -0.20082362021561592 -0.9796274156859303
vn 2.770395352021955e-16 -0.20082362021561545 -0.9796274156859301
vn 3.9557493774390316e-16 -0.20082362021561542 -0.9796274156859304
vn -4.939799474608459e-17 -0.2008236202156157 -0.9796274156859301
vn -1.6482289072662624e-15 -0.2008236202156144 -0.9796274156859304
vn 1.7941607994046966e-15 -0.20082362021561698 -0.9796274156859299
vn -2.125096436066275e-15 -0.20082362021561437 -0.9796274156859304
vn 0 -0.20082362021561562 -0.9796274156859301
vn 2.125096436066275e-15 -0.2008236202156144 -0.9796274156859305
vn -1.807353158223849e-15 -0.200823620215617 -0.9796274156859299
vn 1.6482289072662619e-15 -0.2008236202156144 -0.9796274156859304
vn 0 -0.2008236202156157 -0.9796274156859301
vn -5.375033556564462e-16 0.20082362021561645 0.97962741568593
vn 4.295939813734382e-16 0.2008236202156159 0.9796274156859303
vn 8.942805234381474e-16 0.20082362021561487 0.9796274156859305
vn 0 0.20082362021561564 0.9796274156859301
vn -8.942805234381474e-16 0.20082362021561487 0.9796274156859305
vn -4.295939813734389e-16 0.20082362021561578 0.9796274156859301
vn 5.375033556564437e-16 0.20082362021561662 0.9796274156859299
vn 7.682860308687393e-17 0.20082362021561576 0.9796274156859301
vn 1.6125100669693286e-15 0.20082362021561412 0.9796274156859305
vn 4.295939813734389e-16 0.20082362021561578 0.9796274156859301
vn -4.471402617190723e-16 0.20082362021561556 0.9796274156859301
vn 0 0.20082362021561567 0.9796274156859301
vn 4.471402617190723e-16 0.20082362021561556 0.9796274156859301
vn -4.2959398137343964e-16 0.20082362021561548 0.9796274156859301
vn -1.6125100669693323e-15 0.2008236202156146 0.9796274156859305
vn -7.682860308687395e-17 0.20082362021561576 0.9796274156859301
usemtl chair_upholstery
f 595/2593/721 596/2594/721 612/2595/721 611/2596/721
f 596/2597/722 597/2598/722 613/2599/722 612/2600/722
f 597/2601/723 598/2602/723 614/2603/723 613/2604/723
f 598/2605/724 599/2606/724 615/2607/724 614/2608/724
f 599/2609/725 600/2610/725 616/2611/725 615/2612/725
f 600/2613/726 601/2614/726 617/2615/726 616/2616/726
f 601/2617/727 602/2618/727 618/2619/727 617/2620/727
f 602/2621/728 603/2622/728 619/2623/728 618/2624/728
f 603/2625/729 604/2626/729 620/2627/729 619/2628/729
f 604/2629/730 605/2630/730 621/2631/730 620/2632/730
f 605/2633/731 606/2634/731 622/2635/731 621/2636/731
f 606/2637/732 607/2638/732 623/2639/732 622/2640/732
f 607/2641/733 608/2642/733 624/2643/733 623/2644/733
f 608/2645/734 609/2646/734 625/2647/734 624/2648/734
f 609/2649/735 610/2650/735 626/2651/735 625/2652/735
f 610/2653/736 595/2654/736 611/2655/736 626/2656/736
f 611/2657/737 612/2658/737 628/2659/737 627/2660/737
f 612/2661/738 613/2662/738 629/2663/738 628/2664/738
f 613/2665/739 614/2666/739 630/2667/739 629/2668/739
f 614/2669/740 615/2670/740 631/2671/740 630/2672/740
f 615/2673/741 616/2674/741 632/2675/741 631/2676/741
f 616/2677/742 617/2678/742 633/2679/742 632/2680/742
f 617/2681/743 618/2682/743 634/2683/743 633/2684/743
f 618/2685/744 619/2686/744 635/2687/744 634/2688/744
f 619/2689/745 620/2690/745 636/2691/745 635/2692/745
f 620/2693/746 621/2694/746 637/2695/746 636/2696/746
f 621/2697/747 622/2698/747 638/2699/747 637/2700/747
f 622/2701/748 623/2702/748 639/2703/748 638/2704/748
f 623/2705/749 624/2706/749 640/2707/749 639/2708/749
f 624/2709/750 625/2710/750 641/2711/750 640/2712/750
f 625/2713/751 626/2714/751 642/2715/751 641/2716/751
f 626/2717/752 611/2718/752 627/2719/752 642/2720/752
usemtl chair_back_pad
f 627/2721/753 628/2722/753 644/2723/753 643/2724/753
f 628/2725/754 629/2726/754 645/2727/754 644/2728/754
f 629/2729/755 630/2730/755 646/2731/755 645/2732/755
usemtl chair_upholstery
f 630/2733/756 631/2734/756 647/2735/756 646/2736/756
usemtl chair_back_pad
f 631/2737/757 632/2738/757 648/2739/757 647/2740/757
f 632/2741/758 633/2742/758 649/2743/758 648/2744/758
f 633/2745/759 634/2746/759 650/2747/759 649/2748/759
f 634/2749/760 635/2750/760 651/2751/760 650/2752/760
f 635/2753/761 636/2754/761 652/2755/761 651/2756/761
f 636/2757/762 637/2758/762 653/2759/762 652/2760/762
f 637/2761/763 638/2762/763 654/2763/763 653/2764/763
f 638/2765/764 639/2766/764 655/2767/764 654/2768/764
f 639/2769/765 640/2770/765 656/2771/765 655/2772/765
f 640/2773/766 641/2774/766 657/2775/766 656/2776/766
f 641/2777/767 642/2778/767 658/2779/767 657/2780/767
f 642/2781/768 627/2782/768 643/2783/768 658/2784/768
usemtl chair_upholstery
f 596/2785/769 595/2786/769 659/2787/769
f 597/2788/770 596/2789/770 659/2790/770
f 598/2791/771 597/2792/771 659/2793/771
f 599/2794/772 598/2795/772 659/2796/772
f 600/2797/773 599/2798/773 659/2799/773
f 601/2800/774 600/2801/774 659/2802/774
f 602/2803/775 601/2804/775 659/2805/775
f 603/2806/776 602/2807/776 659/2808/776
f 604/2809/777 603/2810/777 659/2811/777
f 605/2812/778 604/2813/778 659/2814/778
f 606/2815/779 605/2816/779 659/2817/779
f 607/2818/780 606/2819/780 659/2820/780
f 608/2821/781 607/2822/781 659/2823/781
f 609/2824/782 608/2825/782 659/2826/782
f 610/2827/783 609/2828/783 659/2829/783
f 595/2830/784 610/2831/784 659/2832/784
usemtl chair_back_pad
f 660/2833/785 643/2834/785 644/2835/785
f 660/2836/786 644/2837/786 645/2838/786
f 660/2839/787 645/2840/787 646/2841/787
f 660/2842/788 646/2843/788 647/2844/788
f 660/2845/789 647/2846/789 648/2847/789
f 660/2848/790 648/2849/790 649/2850/790
f 660/2851/791 649/2852/791 650/2853/791
f 660/2854/792 650/2855/792 651/2856/792
f 660/2857/793 651/2858/793 652/2859/793
f 660/2860/794 652/2861/794 653/2862/794
f 660/2863/795 653/2864/795 654/2865/795
f 660/2866/796 654/2867/796 655/2868/796
f 660/2869/797 655/2870/797 656/2871/797
f 660/2872/798 656/2873/798 657/2874/798
f 660/2875/799 657/2876/799 658/2877/799
f 660/2878/800 658/2879/800 643/2880/800
o lumbar_comfort_pad
v 0.7546875 0.6034375 0.3547953125
v 0.75008212325509 0.620625 0.351271875
v 0.7375 0.6332071232550901 0.34869253973270653
v 0.7203125 0.6378125 0.3477484375
v 0.2796875 0.6378125 0.3477484375
v 0.26249999999999996 0.6332071232550901 0.34869253973270653
v 0.2499178767449099 0.620625 0.351271875
v 0.2453125 0.6034375 0.3547953125
v 0.2453125 0.5440625 0.3669671875
v 0.2499178767449099 0.526875 0.37049062499999996
v 0.26249999999999996 0.5142928767449099 0.37306996026729344
v 0.2796875 0.5096875 0.3740140625
v 0.7203125 0.5096875 0.3740140625
v 0.7375 0.5142928767449099 0.37306996026729344
v 0.75008212325509 0.526875 0.37049062499999996
v 0.7546875 0.5440625 0.3669671875
v 0.7703125 0.6065625 0.3729046875
v 0.7640324408023955 0.63 0.3681
v 0.746875 0.6471574408023956 0.3645827246355089
v 0.7234375 0.6534375 0.36329531249999997
v 0.2765625 0.6534375 0.36329531249999997
v 0.253125 0.6471574408023956 0.3645827246355089
v 0.23596755919760443 0.63 0.3681
v 0.2296875 0.6065625 0.3729046875
v 0.2296875 0.5409375 0.3863578125
v 0.23596755919760443 0.5175 0.39116249999999997
v 0.25312499999999993 0.5003425591976044 0.39467977536449106
v 0.2765625 0.49406249999999996 0.3959671875
v 0.7234375 0.49406249999999996 0.3959671875
v 0.746875 0.5003425591976044 0.39467977536449106
v 0.7640324408023955 0.5175 0.39116249999999997
v 0.7703125 0.5409375 0.3863578125
v 0.7703125 0.6065625 0.3979046875
v 0.7640324408023955 0.63 0.3931
v 0.746875 0.6471574408023956 0.3895827246355089
v 0.7234375 0.6534375 0.3882953125
v 0.2765625 0.6534375 0.3882953125
v 0.253125 0.6471574408023956 0.3895827246355089
v 0.23596755919760443 0.63 0.3931
v 0.2296875 0.6065625 0.3979046875
v 0.2296875 0.5409375 0.41135781250000003
v 0.23596755919760443 0.5175 0.4161625
v 0.25312499999999993 0.5003425591976044 0.4196797753644911
v 0.2765625 0.49406249999999996 0.4209671875
v 0.7234375 0.49406249999999996 0.4209671875
v 0.746875 0.5003425591976044 0.4196797753644911
v 0.7640324408023955 0.5175 0.4161625
v 0.7703125 0.5409375 0.41135781250000003
v 0.75 0.59875 0.41825625
v 0.7453946232550901 0.6159375 0.4147328125
v 0.7328125 0.62851962325509 0.4121534772327065
v 0.715625 0.6331249999999999 0.411209375
v 0.284375 0.6331249999999999 0.411209375
v 0.2671875 0.62851962325509 0.4121534772327065
v 0.2546053767449099 0.6159375 0.4147328125
v 0.25 0.59875 0.41825625
v 0.25 0.54875 0.42850625
v 0.2546053767449099 0.5315624999999999 0.4320296875
v 0.26718749999999997 0.5189803767449099 0.43460902276729346
v 0.284375 0.514375 0.435553125
v 0.715625 0.514375 0.435553125
v 0.7328125 0.5189803767449099 0.43460902276729346
v 0.7453946232550901 0.5315624999999999 0.4320296875
v 0.75 0.54875 0.42850625
v 0.49999999999999994 0.5737500000000001 0.36088124999999993
v 0.5 0.57375 0.42338125000000004
vt 0.17739765625 0.30171875000000004
vt 0.1756359375 0.3103125
vt 0.18405 0.31499999999999995
vt 0.18645234375 0.30328124999999995
vt 0.375041061627545 0.3103125
vt 0.36875 0.3166035616275451
vt 0.3734375 0.32357872040119773
vt 0.38201622040119776 0.31499999999999995
vt 0.36875 0.3166035616275451
vt 0.36015625 0.31890624999999995
vt 0.36171875 0.32671874999999995
vt 0.3734375 0.32357872040119773
vt 0.36015625 0.31890624999999995
vt 0.13984375 0.31890624999999995
vt 0.13828125 0.32671874999999995
vt 0.36171875 0.32671874999999995
vt 0.13984375 0.31890624999999995
vt 0.13124999999999998 0.3166035616275451
vt 0.1265625 0.32357872040119773
vt 0.13828125 0.32671874999999995
vt 0.13124999999999998 0.3166035616275451
vt 0.12495893837245495 0.3103125
vt 0.11798377959880221 0.31499999999999995
vt 0.1265625 0.32357872040119773
vt 0.1756359375 0.3103125
vt 0.17739765625 0.30171875000000004
vt 0.18645234375 0.30328124999999995
vt 0.18405 0.31499999999999995
vt 0.17739765625 0.30171875000000004
vt 0.18348359375 0.27203124999999995
vt 0.19317890625 0.27046875000000004
vt 0.18645234375 0.30328124999999995
vt 0.18348359375 0.27203124999999995
vt 0.18524531249999998 0.2634375
vt 0.19558124999999998 0.25875000000000004
vt 0.19317890625 0.27046875000000004
vt 0.12495893837245495 0.8147546875
vt 0.13124999999999998 0.8134650198663533
vt 0.12656249999999997 0.8026601123177545
vt 0.11798377959880221 0.80441875
vt 0.13124999999999998 0.8134650198663533
vt 0.13984375 0.8129929687499999
vt 0.13828125 0.80201640625
vt 0.12656249999999997 0.8026601123177545
vt 0.13984375 0.8129929687499999
vt 0.36015625 0.8129929687499999
vt 0.36171875 0.80201640625
vt 0.13828125 0.80201640625
vt 0.36015625 0.8129929687499999
vt 0.36875 0.8134650198663533
vt 0.3734375 0.8026601123177545
vt 0.36171875 0.80201640625
vt 0.36875 0.8134650198663533
vt 0.375041061627545 0.8147546875
vt 0.38201622040119776 0.80441875
vt 0.3734375 0.8026601123177545
vt 0.18524531249999998 0.2634375
vt 0.18348359375 0.27203124999999995
vt 0.19317890625 0.27046875000000004
vt 0.19558124999999998 0.25875000000000004
vt 0.18348359375 0.27203124999999995
vt 0.17739765625 0.30171875000000004
vt 0.18645234375 0.30328124999999995
vt 0.19317890625 0.27046875000000004
vt 0.18645234375 0.30328124999999995
vt 0.18405 0.31499999999999995
vt 0.19655 0.31499999999999995
vt 0.19895234375 0.30328124999999995
vt 0.18405 0.31499999999999995
vt 0.18229136231775445 0.32357872040119773
vt 0.19479136231775446 0.32357872040119773
vt 0.19655 0.31499999999999995
vt 0.3734375 0.8177086376822456
vt 0.36171875 0.81835234375
vt 0.36171875 0.80585234375
vt 0.3734375 0.8052086376822456
vt 0.36171875 0.81835234375
vt 0.13828125 0.81835234375
vt 0.13828125 0.80585234375
vt 0.36171875 0.80585234375
vt 0.13828125 0.81835234375
vt 0.1265625 0.8177086376822456
vt 0.1265625 0.8052086376822456
vt 0.13828125 0.80585234375
vt 0.18229136231775445 0.32357872040119773
vt 0.18405 0.31499999999999995
vt 0.19655 0.31499999999999995
vt 0.19479136231775446 0.32357872040119773
vt 0.18405 0.31499999999999995
vt 0.18645234375 0.30328124999999995
vt 0.19895234375 0.30328124999999995
vt 0.19655 0.31499999999999995
vt 0.18645234375 0.30328124999999995
vt 0.19317890625 0.27046875000000004
vt 0.20567890625000002 0.27046875000000004
vt 0.19895234375 0.30328124999999995
vt 0.19317890625 0.27046875000000004
vt 0.19558124999999998 0.25875000000000004
vt 0.20808125 0.25875000000000004
vt 0.20567890625000002 0.27046875000000004
vt 0.19558124999999998 0.25875000000000004
vt 0.19733988768224553 0.25017127959880225
vt 0.20983988768224554 0.25017127959880225
vt 0.20808125 0.25875000000000004
vt 0.12656249999999997 0.8026601123177545
vt 0.13828125 0.80201640625
vt 0.13828125 0.78951640625
vt 0.12656249999999997 0.7901601123177544
vt 0.13828125 0.80201640625
vt 0.36171875 0.80201640625
vt 0.36171875 0.78951640625
vt 0.13828125 0.78951640625
vt 0.36171875 0.80201640625
vt 0.3734375 0.8026601123177545
vt 0.3734375 0.7901601123177544
vt 0.36171875 0.78951640625
vt 0.19733988768224553 0.25017127959880225
vt 0.19558124999999998 0.25875000000000004
vt 0.20808125 0.25875000000000004
vt 0.20983988768224554 0.25017127959880225
vt 0.19558124999999998 0.25875000000000004
vt 0.19317890625 0.27046875000000004
vt 0.20567890625000002 0.27046875000000004
vt 0.20808125 0.25875000000000004
vt 0.19317890625 0.27046875000000004
vt 0.18645234375 0.30328124999999995
vt 0.19895234375 0.30328124999999995
vt 0.20567890625000002 0.27046875000000004
vt 0.38515625 0.30328124999999995
vt 0.38201622040119776 0.31499999999999995
vt 0.37269731162754505 0.30796875
vt 0.375 0.29937499999999995
vt 0.38201622040119776 0.31499999999999995
vt 0.3734375 0.32357872040119773
vt 0.36640625 0.314259811627545
vt 0.37269731162754505 0.30796875
vt 0.3734375 0.8052086376822456
vt 0.36171875 0.80585234375
vt 0.3578125 0.7943953125000001
vt 0.36640625 0.7939232613836468
vt 0.36171875 0.80585234375
vt 0.13828125 0.80585234375
vt 0.1421875 0.7943953125000001
vt 0.3578125 0.7943953125000001
vt 0.13828125 0.80585234375
vt 0.1265625 0.8052086376822456
vt 0.13359375 0.7939232613836468
vt 0.1421875 0.7943953125000001
vt 0.1265625 0.32357872040119773
vt 0.11798377959880221 0.31499999999999995
vt 0.12730268837245495 0.30796875
vt 0.13359375 0.314259811627545
vt 0.11798377959880221 0.31499999999999995
vt 0.11484375 0.30328124999999995
vt 0.125 0.29937499999999995
vt 0.12730268837245495 0.30796875
vt 0.11484375 0.30328124999999995
vt 0.11484375 0.27046875000000004
vt 0.125 0.27437500000000004
vt 0.125 0.29937499999999995
vt 0.11484375 0.27046875000000004
vt 0.11798377959880221 0.25875000000000004
vt 0.12730268837245495 0.26578124999999997
vt 0.125 0.27437500000000004
vt 0.11798377959880221 0.25875000000000004
vt 0.12656249999999997 0.25017127959880225
vt 0.13359374999999998 0.25949018837245497
vt 0.12730268837245495 0.26578124999999997
vt 0.12656249999999997 0.25017127959880225
vt 0.13828125 0.24703125000000004
vt 0.1421875 0.2571875
vt 0.13359374999999998 0.25949018837245497
vt 0.13828125 0.24703125000000004
vt 0.36171875 0.24703125000000004
vt 0.3578125 0.2571875
vt 0.1421875 0.2571875
vt 0.36171875 0.24703125000000004
vt 0.3734375 0.25017127959880225
vt 0.36640625 0.25949018837245497
vt 0.3578125 0.2571875
vt 0.3734375 0.25017127959880225
vt 0.38201622040119776 0.25875000000000004
vt 0.37269731162754505 0.26578124999999997
vt 0.36640625 0.25949018837245497
vt 0.38201622040119776 0.25875000000000004
vt 0.38515625 0.27046875000000004
vt 0.375 0.27437500000000004
vt 0.37269731162754505 0.26578124999999997
vt 0.38515625 0.27046875000000004
vt 0.38515625 0.30328124999999995
vt 0.375 0.29937499999999995
vt 0.375 0.27437500000000004
vt 0.375041061627545 0.3103125
vt 0.37734375 0.30171875000000004
vt 0.24999999999999997 0.286875
vt 0.36875 0.3166035616275451
vt 0.375041061627545 0.3103125
vt 0.24999999999999997 0.286875
vt 0.36015625 0.31890624999999995
vt 0.36875 0.3166035616275451
vt 0.24999999999999997 0.286875
vt 0.13984375 0.31890624999999995
vt 0.36015625 0.31890624999999995
vt 0.24999999999999997 0.286875
vt 0.13124999999999998 0.3166035616275451
vt 0.13984375 0.31890624999999995
vt 0.24999999999999997 0.286875
vt 0.12495893837245495 0.3103125
vt 0.13124999999999998 0.3166035616275451
vt 0.24999999999999997 0.286875
vt 0.12265625 0.30171875000000004
vt 0.12495893837245495 0.3103125
vt 0.24999999999999997 0.286875
vt 0.12265625 0.27203124999999995
vt 0.12265625 0.30171875000000004
vt 0.24999999999999997 0.286875
vt 0.12495893837245495 0.2634375
vt 0.12265625 0.27203124999999995
vt 0.24999999999999997 0.286875
vt 0.13124999999999998 0.2571464383724549
vt 0.12495893837245495 0.2634375
vt 0.24999999999999997 0.286875
vt 0.13984375 0.25484375000000004
vt 0.13124999999999998 0.2571464383724549
vt 0.24999999999999997 0.286875
vt 0.36015625 0.25484375000000004
vt 0.13984375 0.25484375000000004
vt 0.24999999999999997 0.286875
vt 0.36875 0.2571464383724549
vt 0.36015625 0.25484375000000004
vt 0.24999999999999997 0.286875
vt 0.375041061627545 0.2634375
vt 0.36875 0.2571464383724549
vt 0.24999999999999997 0.286875
vt 0.37734375 0.27203124999999995
vt 0.375041061627545 0.2634375
vt 0.24999999999999997 0.286875
vt 0.37734375 0.30171875000000004
vt 0.37734375 0.27203124999999995
vt 0.24999999999999997 0.286875
vt 0.25 0.286875
vt 0.375 0.29937499999999995
vt 0.37269731162754505 0.30796875
vt 0.25 0.286875
vt 0.37269731162754505 0.30796875
vt 0.36640625 0.314259811627545
vt 0.25 0.286875
vt 0.36640625 0.314259811627545
vt 0.3578125 0.31656249999999997
vt 0.25 0.286875
vt 0.3578125 0.31656249999999997
vt 0.1421875 0.31656249999999997
vt 0.25 0.286875
vt 0.1421875 0.31656249999999997
vt 0.13359375 0.314259811627545
vt 0.25 0.286875
vt 0.13359375 0.314259811627545
vt 0.12730268837245495 0.30796875
vt 0.25 0.286875
vt 0.12730268837245495 0.30796875
vt 0.125 0.29937499999999995
vt 0.25 0.286875
vt 0.125 0.29937499999999995
vt 0.125 0.27437500000000004
vt 0.25 0.286875
vt 0.125 0.27437500000000004
vt 0.12730268837245495 0.26578124999999997
vt 0.25 0.286875
vt 0.12730268837245495 0.26578124999999997
vt 0.13359374999999998 0.25949018837245497
vt 0.25 0.286875
vt 0.13359374999999998 0.25949018837245497
vt 0.1421875 0.2571875
vt 0.25 0.286875
vt 0.1421875 0.2571875
vt 0.3578125 0.2571875
vt 0.25 0.286875
vt 0.3578125 0.2571875
vt 0.36640625 0.25949018837245497
vt 0.25 0.286875
vt 0.36640625 0.25949018837245497
vt 0.37269731162754505 0.26578124999999997
vt 0.25 0.286875
vt 0.37269731162754505 0.26578124999999997
vt 0.375 0.27437500000000004
vt 0.25 0.286875
vt 0.375 0.27437500000000004
vt 0.375 0.29937499999999995
vn 0.7498253040774303 0.0659553298517643 -0.6583402675131867
vn 0.5677267191525902 0.42294308017197607 -0.7062616535639447
vn 0.21768772070563092 0.6661952742825547 -0.7132993149986752
vn 0 0.7053323685175064 -0.7088767522789027
vn -0.21768772070563108 0.6661952742825556 -0.7132993149986742
vn -0.5677267191525874 0.42294308017197546 -0.7062616535639474
vn -0.74982530407743 0.06595532985176412 -0.6583402675131871
vn -0.7616898532870163 -0.1301220166031988 -0.6347415444058474
vn -0.7121963217630511 -0.31901940890336167 -0.6253023396806783
vn -0.4925055537082037 -0.6181060299205403 -0.6126852498162851
vn -0.17922969964963548 -0.7892874773809052 -0.5872835710397393
vn 0 -0.8147118192290381 -0.5798660635082131
vn 0.17922969964963592 -0.7892874773809064 -0.5872835710397376
vn 0.49250555370820465 -0.6181060299205392 -0.6126852498162856
vn 0.7121963217630499 -0.3190194089033616 -0.6253023396806796
vn 0.7616898532870167 -0.1301220166031988 -0.6347415444058473
vn 0.9659258262890684 0.25881904510252074 0
vn 0.7071067811865476 0.7071067811865476 0
vn 0.25881904510252074 0.9659258262890684 0
vn 0 1 0
vn -0.25881904510252074 0.9659258262890684 0
vn -0.7071067811865476 0.7071067811865476 0
vn -0.9659258262890684 0.25881904510252074 0
vn -1 0 0
vn -0.9659258262890684 -0.25881904510252074 0
vn -0.7071067811865488 -0.7071067811865465 0
vn -0.2588190451025202 -0.9659258262890684 0
vn 0 -1 0
vn 0.25881904510252074 -0.9659258262890684 0
vn 0.7071067811865476 -0.7071067811865476 0
vn 0.9659258262890684 -0.25881904510252074 0
vn 1 0 0
vn 0.6095905338296262 0.31267108676918814 0.7284477830043044
vn 0.41223656071212567 0.5596208071216511 0.7189475434610998
vn 0.15343422585398583 0.71290048581055 0.6842739478218282
vn 0 0.7483095202772546 0.6633497281694062
vn -0.15343422585398575 0.7129004858105498 0.6842739478218284
vn -0.41223656071212644 0.5596208071216517 0.7189475434610989
vn -0.6095905338296249 0.3126710867691881 0.7284477830043056
vn -0.670713271079168 0.14895423895216572 0.7266060436691011
vn -0.6416980653315826 -0.014745279685326214 0.7668156034384704
vn -0.4738128109946533 -0.30441360980057963 0.8263375668003516
vn -0.1862447393424788 -0.5248018899164076 0.8305997070836344
vn 0 -0.5832754983613018 0.8122743951469693
vn 0.18624473934247934 -0.5248018899164083 0.8305997070836336
vn 0.47381281099465344 -0.3044136098005816 0.8263375668003508
vn 0.6416980653315826 -0.014745279685326218 0.7668156034384704
vn 0.6707132710791696 0.14895423895216545 0.7266060436690996
vn 2.1175634180626705e-16 -0.20082362021561564 -0.9796274156859303
vn 2.771584583481909e-16 -0.20082362021561598 -0.9796274156859301
vn -1.0667847906368943e-16 -0.20082362021561445 -0.9796274156859304
vn 0 -0.20082362021561487 -0.9796274156859304
vn 1.0981608138909211e-16 -0.20082362021561448 -0.9796274156859304
vn -2.7715845834819077e-16 -0.200823620215616 -0.9796274156859303
vn -2.0587422120053744e-16 -0.20082362021561562 -0.9796274156859303
vn -2.352906978819939e-16 -0.2008236202156158 -0.9796274156859301
vn -6.058584223901531e-16 -0.20082362021561276 -0.9796274156859308
vn 6.395964423419782e-17 -0.20082362021561614 -0.97962741568593
vn 1.2801417487642701e-15 -0.20082362021562092 -0.9796274156859293
vn 0 -0.20082362021561662 -0.9796274156859299
vn -1.2801417487642695e-15 -0.2008236202156209 -0.9796274156859293
vn -6.04063306656313e-17 -0.20082362021561617 -0.97962741568593
vn 6.029173620872882e-16 -0.20082362021561276 -0.9796274156859308
vn 2.317788964210686e-16 -0.20082362021561587 -0.9796274156859303
vn 1.6249445508552447e-16 0.20082362021561576 0.9796274156859303
vn -2.0547236646867378e-16 0.20082362021561778 0.9796274156859298
vn 3.6923980562406643e-16 0.20082362021561528 0.9796274156859303
vn 0 0.2008236202156167 0.9796274156859299
vn -3.69239805624067e-16 0.20082362021561542 0.9796274156859301
vn 2.0547236646867378e-16 0.20082362021561778 0.9796274156859298
vn -1.6249445508552447e-16 0.20082362021561576 0.9796274156859303
vn -2.1667129115186116e-16 0.20082362021561515 0.9796274156859303
vn -2.5878746550657603e-16 0.2008236202156156 0.9796274156859303
vn -5.870639041962111e-16 0.20082362021561742 0.9796274156859299
vn 1.5824563098174278e-16 0.20082362021561448 0.9796274156859304
vn 0 0.20082362021561495 0.9796274156859304
vn -1.582456309817428e-16 0.20082362021561434 0.9796274156859306
vn 5.870639041962107e-16 0.2008236202156174 0.9796274156859298
vn 2.5878746550657603e-16 0.2008236202156156 0.9796274156859303
vn 2.1667129115186116e-16 0.20082362021561515 0.9796274156859303
usemtl chair_bolster
f 661/2881/801 662/2882/801 678/2883/801 677/2884/801
f 662/2885/802 663/2886/802 679/2887/802 678/2888/802
f 663/2889/803 664/2890/803 680/2891/803 679/2892/803
f 664/2893/804 665/2894/804 681/2895/804 680/2896/804
f 665/2897/805 666/2898/805 682/2899/805 681/2900/805
f 666/2901/806 667/2902/806 683/2903/806 682/2904/806
f 667/2905/807 668/2906/807 684/2907/807 683/2908/807
f 668/2909/808 669/2910/808 685/2911/808 684/2912/808
f 669/2913/809 670/2914/809 686/2915/809 685/2916/809
f 670/2917/810 671/2918/810 687/2919/810 686/2920/810
f 671/2921/811 672/2922/811 688/2923/811 687/2924/811
f 672/2925/812 673/2926/812 689/2927/812 688/2928/812
f 673/2929/813 674/2930/813 690/2931/813 689/2932/813
f 674/2933/814 675/2934/814 691/2935/814 690/2936/814
f 675/2937/815 676/2938/815 692/2939/815 691/2940/815
f 676/2941/816 661/2942/816 677/2943/816 692/2944/816
f 677/2945/817 678/2946/817 694/2947/817 693/2948/817
f 678/2949/818 679/2950/818 695/2951/818 694/2952/818
f 679/2953/819 680/2954/819 696/2955/819 695/2956/819
f 680/2957/820 681/2958/820 697/2959/820 696/2960/820
f 681/2961/821 682/2962/821 698/2963/821 697/2964/821
f 682/2965/822 683/2966/822 699/2967/822 698/2968/822
f 683/2969/823 684/2970/823 700/2971/823 699/2972/823
f 684/2973/824 685/2974/824 701/2975/824 700/2976/824
f 685/2977/825 686/2978/825 702/2979/825 701/2980/825
f 686/2981/826 687/2982/826 703/2983/826 702/2984/826
f 687/2985/827 688/2986/827 704/2987/827 703/2988/827
f 688/2989/828 689/2990/828 705/2991/828 704/2992/828
f 689/2993/829 690/2994/829 706/2995/829 705/2996/829
f 690/2997/830 691/2998/830 707/2999/830 706/3000/830
f 691/3001/831 692/3002/831 708/3003/831 707/3004/831
f 692/3005/832 677/3006/832 693/3007/832 708/3008/832
f 693/3009/833 694/3010/833 710/3011/833 709/3012/833
f 694/3013/834 695/3014/834 711/3015/834 710/3016/834
f 695/3017/835 696/3018/835 712/3019/835 711/3020/835
f 696/3021/836 697/3022/836 713/3023/836 712/3024/836
f 697/3025/837 698/3026/837 714/3027/837 713/3028/837
f 698/3029/838 699/3030/838 715/3031/838 714/3032/838
f 699/3033/839 700/3034/839 716/3035/839 715/3036/839
f 700/3037/840 701/3038/840 717/3039/840 716/3040/840
f 701/3041/841 702/3042/841 718/3043/841 717/3044/841
f 702/3045/842 703/3046/842 719/3047/842 718/3048/842
f 703/3049/843 704/3050/843 720/3051/843 719/3052/843
f 704/3053/844 705/3054/844 721/3055/844 720/3056/844
f 705/3057/845 706/3058/845 722/3059/845 721/3060/845
f 706/3061/846 707/3062/846 723/3063/846 722/3064/846
f 707/3065/847 708/3066/847 724/3067/847 723/3068/847
f 708/3069/848 693/3070/848 709/3071/848 724/3072/848
f 662/3073/849 661/3074/849 725/3075/849
f 663/3076/850 662/3077/850 725/3078/850
f 664/3079/851 663/3080/851 725/3081/851
f 665/3082/852 664/3083/852 725/3084/852
f 666/3085/853 665/3086/853 725/3087/853
f 667/3088/854 666/3089/854 725/3090/854
f 668/3091/855 667/3092/855 725/3093/855
f 669/3094/856 668/3095/856 725/3096/856
f 670/3097/857 669/3098/857 725/3099/857
f 671/3100/858 670/3101/858 725/3102/858
f 672/3103/859 671/3104/859 725/3105/859
f 673/3106/860 672/3107/860 725/3108/860
f 674/3109/861 673/3110/861 725/3111/861
f 675/3112/862 674/3113/862 725/3114/862
f 676/3115/863 675/3116/863 725/3117/863
f 661/3118/864 676/3119/864 725/3120/864
f 726/3121/865 709/3122/865 710/3123/865
f 726/3124/866 710/3125/866 711/3126/866
f 726/3127/867 711/3128/867 712/3129/867
f 726/3130/868 712/3131/868 713/3132/868
f 726/3133/869 713/3134/869 714/3135/869
f 726/3136/870 714/3137/870 715/3138/870
f 726/3139/871 715/3140/871 716/3141/871
f 726/3142/872 716/3143/872 717/3144/872
f 726/3145/873 717/3146/873 718/3147/873
f 726/3148/874 718/3149/874 719/3150/874
f 726/3151/875 719/3152/875 720/3153/875
f 726/3154/876 720/3155/876 721/3156/876
f 726/3157/877 721/3158/877 722/3159/877
f 726/3160/878 722/3161/878 723/3162/878
f 726/3163/879 723/3164/879 724/3165/879
f 726/3166/880 724/3167/880 709/3168/880
o left_shoulder_bolster
v 0.2296875 0.4875 0.3954375
v 0.22550079386826372 0.4875 0.4110625
v 0.2140625 0.4875 0.42250079386826367
v 0.1984375 0.4875 0.4266875
v 0.1515625 0.4875 0.4266875
v 0.1359375 0.4875 0.42250079386826367
v 0.12449920613173628 0.4875 0.4110625
v 0.12031249999999999 0.4875 0.3954375
v 0.12031249999999999 0.4875 0.34543749999999995
v 0.12449920613173629 0.4875 0.32981249999999995
v 0.1359375 0.4875 0.3183742061317363
v 0.1515625 0.4875 0.31418749999999995
v 0.1984375 0.4875 0.31418749999999995
v 0.2140625 0.4875 0.3183742061317363
v 0.2255007938682637 0.4875 0.32981249999999995
v 0.2296875 0.4875 0.34543749999999995
v 0.23875000000000002 0.59375 0.37365625
v 0.23372595264191648 0.59375 0.39240625
v 0.22000000000000003 0.59375 0.40613220264191646
v 0.20125 0.59375 0.41115625
v 0.15125000000000002 0.59375 0.41115625
v 0.1325 0.59375 0.40613220264191646
v 0.11877404735808356 0.59375 0.39240625
v 0.11375000000000002 0.59375 0.37365625
v 0.11375000000000002 0.59375 0.32365625
v 0.11877404735808357 0.59375 0.30490625
v 0.1325 0.59375 0.29118029735808354
v 0.15125 0.59375 0.28615625
v 0.20125 0.59375 0.28615625
v 0.22000000000000003 0.59375 0.29118029735808354
v 0.23372595264191645 0.59375 0.30490625
v 0.23875000000000002 0.59375 0.32365625
v 0.24843749999999998 0.90625 0.30959375
v 0.24341345264191644 0.90625 0.32834375
v 0.2296875 0.90625 0.34206970264191644
v 0.2109375 0.90625 0.34709375
v 0.17031249999999998 0.90625 0.34709375
v 0.1515625 0.90625 0.34206970264191644
v 0.13783654735808354 0.90625 0.32834375
v 0.1328125 0.90625 0.30959375
v 0.1328125 0.90625 0.25959374999999996
v 0.13783654735808354 0.90625 0.24084374999999997
v 0.15156249999999996 0.90625 0.22711779735808352
v 0.17031249999999998 0.90625 0.22209374999999998
v 0.2109375 0.90625 0.22209374999999998
v 0.2296875 0.90625 0.22711779735808352
v 0.24341345264191644 0.90625 0.24084374999999997
v 0.24843749999999998 0.90625 0.25959374999999996
v 0.27499999999999997 1.103125 0.266109375
v 0.27039462325509006 1.103125 0.283296875
v 0.2578125 1.103125 0.29587899825509006
v 0.24062499999999998 1.103125 0.300484375
v 0.203125 1.103125 0.300484375
v 0.1859375 1.103125 0.29587899825509006
v 0.17335537674490992 1.103125 0.283296875
v 0.16874999999999998 1.103125 0.266109375
v 0.16874999999999998 1.103125 0.22235937500000003
v 0.17335537674490992 1.103125 0.205171875
v 0.18593749999999998 1.103125 0.19258975174490994
v 0.203125 1.103125 0.18798437499999998
v 0.24062499999999998 1.103125 0.18798437499999998
v 0.2578125 1.103125 0.19258975174490994
v 0.27039462325509006 1.103125 0.205171875
v 0.27499999999999997 1.103125 0.22235937499999997
v 0.28750000000000003 1.1875 0.24725
v 0.28373196448143734 1.1875 0.26131249999999995
v 0.2734375 1.1875 0.2716069644814373
v 0.259375 1.1875 0.27537500000000004
v 0.234375 1.1875 0.27537500000000004
v 0.22031250000000002 1.1875 0.2716069644814373
v 0.21001803551856268 1.1875 0.26131249999999995
v 0.20625000000000002 1.1875 0.24725
v 0.20625000000000002 1.1875 0.20662499999999998
v 0.21001803551856268 1.1875 0.1925625
v 0.2203125 1.1875 0.18226803551856266
v 0.234375 1.1875 0.17849999999999996
v 0.259375 1.1875 0.17849999999999996
v 0.2734375 1.1875 0.18226803551856266
v 0.28373196448143734 1.1875 0.1925625
v 0.28750000000000003 1.1875 0.20662499999999998
v 0.175 0.4874999999999999 0.3704375
v 0.24687499999999998 1.1875 0.22693750000000001
vt 0.186828125 0.296875
vt 0.196203125 0.296875
vt 0.20553125 0.24375000000000002
vt 0.19771875 0.24375000000000002
vt 0.196203125 0.296875
vt 0.20306610132095823 0.296875
vt 0.21125039693413183 0.24375000000000002
vt 0.20553125 0.24375000000000002
vt 0.11000000000000001 0.296875
vt 0.100625 0.296875
vt 0.09921875 0.24375000000000002
vt 0.10703125 0.24375000000000002
vt 0.100625 0.296875
vt 0.07562500000000001 0.296875
vt 0.07578125 0.24375000000000002
vt 0.09921875 0.24375000000000002
vt 0.07562500000000001 0.296875
vt 0.06625 0.296875
vt 0.06796875 0.24375000000000002
vt 0.07578125 0.24375000000000002
vt 0.20306610132095823 0.296875
vt 0.196203125 0.296875
vt 0.20553125 0.24375000000000002
vt 0.21125039693413183 0.24375000000000002
vt 0.196203125 0.296875
vt 0.186828125 0.296875
vt 0.19771875 0.24375000000000002
vt 0.20553125 0.24375000000000002
vt 0.186828125 0.296875
vt 0.161828125 0.296875
vt 0.17271874999999998 0.24375000000000002
vt 0.19771875 0.24375000000000002
vt 0.161828125 0.296875
vt 0.152453125 0.296875
vt 0.16490624999999998 0.24375000000000002
vt 0.17271874999999998 0.24375000000000002
vt 0.152453125 0.296875
vt 0.14559014867904177 0.296875
vt 0.15918710306586814 0.24375000000000002
vt 0.16490624999999998 0.24375000000000002
vt 0.06625 0.296875
vt 0.075625 0.296875
vt 0.07578125 0.24375000000000002
vt 0.06796875 0.24375000000000002
vt 0.075625 0.296875
vt 0.100625 0.296875
vt 0.09921875 0.24375000000000002
vt 0.07578125 0.24375000000000002
vt 0.100625 0.296875
vt 0.11000000000000001 0.296875
vt 0.10703125 0.24375000000000002
vt 0.09921875 0.24375000000000002
vt 0.14559014867904177 0.296875
vt 0.152453125 0.296875
vt 0.16490624999999998 0.24375000000000002
vt 0.15918710306586814 0.24375000000000002
vt 0.152453125 0.296875
vt 0.161828125 0.296875
vt 0.17271874999999998 0.24375000000000002
vt 0.16490624999999998 0.24375000000000002
vt 0.161828125 0.296875
vt 0.186828125 0.296875
vt 0.19771875 0.24375000000000002
vt 0.17271874999999998 0.24375000000000002
vt 0.154796875 0.453125
vt 0.164171875 0.453125
vt 0.196203125 0.296875
vt 0.186828125 0.296875
vt 0.164171875 0.453125
vt 0.17103485132095822 0.453125
vt 0.20306610132095823 0.296875
vt 0.196203125 0.296875
vt 0.11484375 0.453125
vt 0.10546875 0.453125
vt 0.100625 0.296875
vt 0.11000000000000001 0.296875
vt 0.10546875 0.453125
vt 0.08515624999999999 0.453125
vt 0.07562500000000001 0.296875
vt 0.100625 0.296875
vt 0.08515624999999999 0.453125
vt 0.07578125 0.453125
vt 0.06625 0.296875
vt 0.07562500000000001 0.296875
vt 0.17103485132095822 0.453125
vt 0.164171875 0.453125
vt 0.196203125 0.296875
vt 0.20306610132095823 0.296875
vt 0.164171875 0.453125
vt 0.154796875 0.453125
vt 0.186828125 0.296875
vt 0.196203125 0.296875
vt 0.154796875 0.453125
vt 0.12979687499999998 0.453125
vt 0.161828125 0.296875
vt 0.186828125 0.296875
vt 0.12979687499999998 0.453125
vt 0.12042187499999998 0.453125
vt 0.152453125 0.296875
vt 0.161828125 0.296875
vt 0.12042187499999998 0.453125
vt 0.11355889867904176 0.453125
vt 0.14559014867904177 0.296875
vt 0.152453125 0.296875
vt 0.07578124999999998 0.453125
vt 0.08515624999999999 0.453125
vt 0.075625 0.296875
vt 0.06625 0.296875
vt 0.08515624999999999 0.453125
vt 0.10546875 0.453125
vt 0.100625 0.296875
vt 0.075625 0.296875
vt 0.10546875 0.453125
vt 0.11484375 0.453125
vt 0.11000000000000001 0.296875
vt 0.100625 0.296875
vt 0.11355889867904176 0.453125
vt 0.12042187499999998 0.453125
vt 0.152453125 0.296875
vt 0.14559014867904177 0.296875
vt 0.12042187499999998 0.453125
vt 0.12979687499999998 0.453125
vt 0.161828125 0.296875
vt 0.152453125 0.296875
vt 0.12979687499999998 0.453125
vt 0.154796875 0.453125
vt 0.186828125 0.296875
vt 0.161828125 0.296875
vt 0.1330546875 0.5515625
vt 0.1416484375 0.5515625
vt 0.164171875 0.453125
vt 0.154796875 0.453125
vt 0.1416484375 0.5515625
vt 0.14793949912754503 0.5515625
vt 0.17103485132095822 0.453125
vt 0.164171875 0.453125
vt 0.12890625 0.5515625
vt 0.12031249999999999 0.5515625
vt 0.10546875 0.453125
vt 0.11484375 0.453125
vt 0.12031249999999999 0.5515625
vt 0.1015625 0.5515625
vt 0.08515624999999999 0.453125
vt 0.10546875 0.453125
vt 0.1015625 0.5515625
vt 0.09296875 0.5515625
vt 0.07578125 0.453125
vt 0.08515624999999999 0.453125
vt 0.09296875 0.5515625
vt 0.08667768837245496 0.5515625
vt 0.06891827367904177 0.453125
vt 0.07578125 0.453125
vt 0.1416484375 0.5515625
vt 0.1330546875 0.5515625
vt 0.154796875 0.453125
vt 0.164171875 0.453125
vt 0.1330546875 0.5515625
vt 0.11117968750000001 0.5515625
vt 0.12979687499999998 0.453125
vt 0.154796875 0.453125
vt 0.11117968750000001 0.5515625
vt 0.1025859375 0.5515625
vt 0.12042187499999998 0.453125
vt 0.12979687499999998 0.453125
vt 0.1025859375 0.5515625
vt 0.09629487587245497 0.5515625
vt 0.11355889867904176 0.453125
vt 0.12042187499999998 0.453125
vt 0.09296874999999999 0.5515625
vt 0.1015625 0.5515625
vt 0.08515624999999999 0.453125
vt 0.07578124999999998 0.453125
vt 0.1015625 0.5515625
vt 0.12031249999999999 0.5515625
vt 0.10546875 0.453125
vt 0.08515624999999999 0.453125
vt 0.12031249999999999 0.5515625
vt 0.12890625 0.5515625
vt 0.11484375 0.453125
vt 0.10546875 0.453125
vt 0.09629487587245497 0.5515625
vt 0.1025859375 0.5515625
vt 0.12042187499999998 0.453125
vt 0.11355889867904176 0.453125
vt 0.1025859375 0.5515625
vt 0.11117968749999999 0.5515625
vt 0.12979687499999998 0.453125
vt 0.12042187499999998 0.453125
vt 0.11117968749999999 0.5515625
vt 0.1330546875 0.5515625
vt 0.154796875 0.453125
vt 0.12979687499999998 0.453125
vt 0.123625 0.59375
vt 0.13065624999999997 0.59375
vt 0.1416484375 0.5515625
vt 0.1330546875 0.5515625
vt 0.13065624999999997 0.59375
vt 0.13580348224071864 0.59375
vt 0.14793949912754503 0.5515625
vt 0.1416484375 0.5515625
vt 0.13671875 0.59375
vt 0.1296875 0.59375
vt 0.12031249999999999 0.5515625
vt 0.12890625 0.5515625
vt 0.1296875 0.59375
vt 0.1171875 0.59375
vt 0.1015625 0.5515625
vt 0.12031249999999999 0.5515625
vt 0.1171875 0.59375
vt 0.11015625000000001 0.59375
vt 0.09296875 0.5515625
vt 0.1015625 0.5515625
vt 0.13580348224071864 0.59375
vt 0.13065624999999997 0.59375
vt 0.1416484375 0.5515625
vt 0.14793949912754503 0.5515625
vt 0.13065624999999997 0.59375
vt 0.123625 0.59375
vt 0.1330546875 0.5515625
vt 0.1416484375 0.5515625
vt 0.123625 0.59375
vt 0.10331249999999999 0.59375
vt 0.11117968750000001 0.5515625
vt 0.1330546875 0.5515625
vt 0.10331249999999999 0.59375
vt 0.09628125 0.59375
vt 0.1025859375 0.5515625
vt 0.11117968750000001 0.5515625
vt 0.09628125 0.59375
vt 0.09113401775928133 0.59375
vt 0.09629487587245497 0.5515625
vt 0.1025859375 0.5515625
vt 0.11015625 0.59375
vt 0.1171875 0.59375
vt 0.1015625 0.5515625
vt 0.09296874999999999 0.5515625
vt 0.1171875 0.59375
vt 0.1296875 0.59375
vt 0.12031249999999999 0.5515625
vt 0.1015625 0.5515625
vt 0.1296875 0.59375
vt 0.13671875 0.59375
vt 0.12890625 0.5515625
vt 0.12031249999999999 0.5515625
vt 0.09113401775928133 0.59375
vt 0.09628125 0.59375
vt 0.1025859375 0.5515625
vt 0.09629487587245497 0.5515625
vt 0.09628125 0.59375
vt 0.10331249999999999 0.59375
vt 0.11117968749999999 0.5515625
vt 0.1025859375 0.5515625
vt 0.10331249999999999 0.59375
vt 0.123625 0.59375
vt 0.1330546875 0.5515625
vt 0.11117968749999999 0.5515625
vt 0.0875 0.81478125
vt 0.11484375 0.8022812500000001
vt 0.11275039693413186 0.7944687500000001
vt 0.0875 0.81478125
vt 0.11275039693413186 0.7944687500000001
vt 0.10703125 0.7887496030658682
vt 0.0875 0.81478125
vt 0.10703125 0.7887496030658682
vt 0.09921875 0.7866562500000001
vt 0.0875 0.81478125
vt 0.09921875 0.7866562500000001
vt 0.07578125 0.7866562500000001
vt 0.0875 0.81478125
vt 0.07578125 0.7866562500000001
vt 0.06796875 0.7887496030658682
vt 0.0875 0.81478125
vt 0.06796875 0.7887496030658682
vt 0.06224960306586814 0.7944687500000001
vt 0.0875 0.81478125
vt 0.06224960306586814 0.7944687500000001
vt 0.060156249999999994 0.8022812500000001
vt 0.0875 0.81478125
vt 0.060156249999999994 0.8022812500000001
vt 0.060156249999999994 0.82728125
vt 0.0875 0.81478125
vt 0.060156249999999994 0.82728125
vt 0.062249603065868145 0.83509375
vt 0.0875 0.81478125
vt 0.062249603065868145 0.83509375
vt 0.06796875 0.8408128969341319
vt 0.0875 0.81478125
vt 0.06796875 0.8408128969341319
vt 0.07578125 0.84290625
vt 0.0875 0.81478125
vt 0.07578125 0.84290625
vt 0.09921875 0.84290625
vt 0.0875 0.81478125
vt 0.09921875 0.84290625
vt 0.10703125 0.8408128969341319
vt 0.0875 0.81478125
vt 0.10703125 0.8408128969341319
vt 0.11275039693413184 0.83509375
vt 0.0875 0.81478125
vt 0.11275039693413184 0.83509375
vt 0.11484375 0.82728125
vt 0.0875 0.81478125
vt 0.11484375 0.82728125
vt 0.11484375 0.8022812500000001
vt 0.14186598224071867 0.8693437500000001
vt 0.14375000000000002 0.876375
vt 0.12343749999999999 0.88653125
vt 0.13671875 0.8641965177592814
vt 0.14186598224071867 0.8693437500000001
vt 0.12343749999999999 0.88653125
vt 0.1296875 0.8623125
vt 0.13671875 0.8641965177592814
vt 0.12343749999999999 0.88653125
vt 0.1171875 0.8623125
vt 0.1296875 0.8623125
vt 0.12343749999999999 0.88653125
vt 0.11015625000000001 0.8641965177592814
vt 0.1171875 0.8623125
vt 0.12343749999999999 0.88653125
vt 0.10500901775928134 0.8693437500000001
vt 0.11015625000000001 0.8641965177592814
vt 0.12343749999999999 0.88653125
vt 0.10312500000000001 0.876375
vt 0.10500901775928134 0.8693437500000001
vt 0.12343749999999999 0.88653125
vt 0.10312500000000001 0.8966875
vt 0.10312500000000001 0.876375
vt 0.12343749999999999 0.88653125
vt 0.10500901775928134 0.90371875
vt 0.10312500000000001 0.8966875
vt 0.12343749999999999 0.88653125
vt 0.11015625 0.9088659822407187
vt 0.10500901775928134 0.90371875
vt 0.12343749999999999 0.88653125
vt 0.1171875 0.9107500000000001
vt 0.11015625 0.9088659822407187
vt 0.12343749999999999 0.88653125
vt 0.1296875 0.9107500000000001
vt 0.1171875 0.9107500000000001
vt 0.12343749999999999 0.88653125
vt 0.13671875 0.9088659822407187
vt 0.1296875 0.9107500000000001
vt 0.12343749999999999 0.88653125
vt 0.14186598224071867 0.90371875
vt 0.13671875 0.9088659822407187
vt 0.12343749999999999 0.88653125
vt 0.14375000000000002 0.8966875
vt 0.14186598224071867 0.90371875
vt 0.12343749999999999 0.88653125
vt 0.14375000000000002 0.876375
vt 0.14375000000000002 0.8966875
vt 0.12343749999999999 0.88653125
vn 0.9655106290392226 -0.029317279549138896 0.2587077933347245
vn 0.7054090834282373 0.06925352001067184 0.7054090834282373
vn 0.2565145511662194 0.13314834802884437 0.9573253378330603
vn 0 0.1446393433880451 0.98948444168884
vn -0.25630399434845824 0.13906973706320233 0.9565395290912956
vn -0.7045028269190442 0.08574108540338539 0.7045028269190442
vn -0.9659047749556202 -0.006602076430475716 0.2588134044147232
vn -0.9980980007494985 -0.06164722945805698 0
vn -0.959847471299726 -0.11200871948906999 -0.25719035479181707
vn -0.692856736118265 -0.19974755675875194 -0.6928567361182643
vn -0.25075775655453825 -0.2476343160500461 -0.9358406878535261
vn 0 -0.25509517800009246 -0.9669159478264392
vn 0.2503878329747667 -0.25316047866410724 -0.9344601142589022
vn 0.6905203270545363 -0.21532151738503696 -0.6905203270545348
vn 0.9571856873187675 -0.13422012066860523 -0.25647713192369387
vn 0.9963821847623701 -0.08498553928855535 0
vn 0.9656678987744473 0.023108031532813 0.2587499336332718
vn 0.7018146983945118 0.1221157575206452 0.7018146983945118
vn 0.2542705592818059 0.1866524951145385 0.9489506461086555
vn 0 0.20082362021561578 0.9796274156859303
vn -0.25309890363463766 0.20907751650112494 0.9445779677044487
vn -0.6949211597946275 0.18484902850537094 0.6949211597946275
vn -0.9599261357989748 0.11128383802431434 0.25721143288086307
vn -0.998144676142503 0.06088682524469263 0
vn -0.9659092217439083 0.005863470361127221 -0.25881459592805395
vn -0.7034693996003439 -0.10129959354244938 -0.7034693996003425
vn -0.2546259373715574 -0.17927458953541392 -0.9502769351955064
vn 0 -0.20082362021561578 -0.9796274156859303
vn 0.25349433167056923 -0.2017993379529706 -0.9460537252252824
vn 0.6974620060597365 -0.16460103343009785 -0.6974620060597365
vn 0.9626156597931315 -0.08271716362952686 -0.25793208866312145
vn 0.9995198460432633 -0.030985115227341032 0
vn 0.9633513509293521 -0.07296219738376918 0.25812921650894977
vn 0.7056229483773865 0.0647495903184595 0.7056229483773865
vn 0.25428642583916633 0.18632954015799502 0.9490098609068571
vn 0 0.23037785932500787 0.9731012495793163
vn -0.24975696005574416 0.2622984772410301 0.9321056644719794
vn -0.6792413836534034 0.27796094233762086 0.6792413836534049
vn -0.9406266013881002 0.2273705466557267 0.2520401382211733
vn -0.9837447502364622 0.1795724544082431 0
vn -0.9581847093707508 0.12634935934089153 -0.25674481907574304
vn -0.7071066743584384 -0.0005496867279050386 -0.7071066743584384
vn -0.25684518319900196 -0.12326666738621267 -0.9585592733780045
vn 0 -0.17071080388410123 -0.9853211767932546
vn 0.2534772560435863 -0.2021192819344424 -0.9459899981178024
vn 0.6898561329695663 -0.2195382235706402 -0.6898561329695663
vn 0.9507683690501197 -0.17645981174001543 -0.25475761667603486
vn 0.9910206194796548 -0.13370913119963596 0
vn 0.9624349388821252 -0.08494117923778775 0.25788366464096557
vn 0.7052574045962969 0.07227715077526373 0.7052574045962969
vn 0.2522369121127569 0.22408940495260107 0.9413609715490708
vn 0 0.28523030184414544 0.9584590105528238
vn -0.2416730599854815 0.35791805460001225 0.9019361386864354
vn -0.6346002231092559 0.44109535665133165 0.6346002231092559
vn -0.868367197374596 0.43794888312003016 0.23267828927020143
vn -0.9138115486202572 0.40613846605344756 0
vn -0.9026209038807919 0.3560630798614309 -0.24185654226630887
vn -0.6931639456974024 0.19760437437065995 -0.6931639456974005
vn -0.2587981149438525 -0.012717283783983402 -0.9658477138734999
vn 0 -0.11170390948186557 -0.9937415341055578
vn 0.2553212635689502 -0.16384792157651523 -0.9528719278919969
vn 0.6909600296933991 -0.21248170446462936 -0.6909600296933991
vn 0.948710837614462 -0.18795452166676854 -0.25420630278945167
vn 0.9892034623538709 -0.146548661089463 0
vn 1.808586433875153e-15 -1 4.846092743987291e-16
vn 1.2183411276835086e-15 -1 1.2183411276835145e-15
vn 4.75744572584937e-16 -1 1.7755029163121094e-15
vn 0 -1 1.973729821555833e-15
vn -4.75744572584937e-16 -1 1.7755029163121094e-15
vn -1.2183411276835095e-15 -1 1.218341127683514e-15
vn -1.808586433875152e-15 -1 4.846092743987304e-16
vn -2.0301221021717147e-15 -1 0
vn -1.8085864338751517e-15 -1 -4.846092743987319e-16
vn -1.2183411276835101e-15 -1 -1.218341127683513e-15
vn -4.75744572584937e-16 -1 -1.7755029163121094e-15
vn 0 -1 -1.973729821555833e-15
vn 4.75744572584937e-16 -1 -1.7755029163121094e-15
vn 1.2183411276835101e-15 -1 -1.218341127683513e-15
vn 1.8085864338751517e-15 -1 -4.846092743987319e-16
vn 2.0301221021717147e-15 -1 0
vn 0 1 0
vn 0 1 0
vn 0 1 0
vn 0 1 0
vn 0 1 0
vn 0 1 0
vn 0 1 0
vn 0 1 0
vn 0 1 0
vn 0 1 0
vn 0 1 0
vn 0 1 0
vn 0 1 0
vn 0 1 0
vn 0 1 0
vn 0 1 0
usemtl chair_bolster
f 743/3169/881 744/3170/881 728/3171/881 727/3172/881
f 744/3173/882 745/3174/882 729/3175/882 728/3176/882
f 745/3177/883 746/3178/883 730/3179/883 729/3180/883
f 746/3181/884 747/3182/884 731/3183/884 730/3184/884
f 747/3185/885 748/3186/885 732/3187/885 731/3188/885
f 748/3189/886 749/3190/886 733/3191/886 732/3192/886
f 749/3193/887 750/3194/887 734/3195/887 733/3196/887
f 750/3197/888 751/3198/888 735/3199/888 734/3200/888
f 751/3201/889 752/3202/889 736/3203/889 735/3204/889
f 752/3205/890 753/3206/890 737/3207/890 736/3208/890
f 753/3209/891 754/3210/891 738/3211/891 737/3212/891
f 754/3213/892 755/3214/892 739/3215/892 738/3216/892
f 755/3217/893 756/3218/893 740/3219/893 739/3220/893
f 756/3221/894 757/3222/894 741/3223/894 740/3224/894
f 757/3225/895 758/3226/895 742/3227/895 741/3228/895
f 758/3229/896 743/3230/896 727/3231/896 742/3232/896
f 759/3233/897 760/3234/897 744/3235/897 743/3236/897
f 760/3237/898 761/3238/898 745/3239/898 744/3240/898
f 761/3241/899 762/3242/899 746/3243/899 745/3244/899
f 762/3245/900 763/3246/900 747/3247/900 746/3248/900
f 763/3249/901 764/3250/901 748/3251/901 747/3252/901
f 764/3253/902 765/3254/902 749/3255/902 748/3256/902
f 765/3257/903 766/3258/903 750/3259/903 749/3260/903
f 766/3261/904 767/3262/904 751/3263/904 750/3264/904
f 767/3265/905 768/3266/905 752/3267/905 751/3268/905
f 768/3269/906 769/3270/906 753/3271/906 752/3272/906
f 769/3273/907 770/3274/907 754/3275/907 753/3276/907
f 770/3277/908 771/3278/908 755/3279/908 754/3280/908
f 771/3281/909 772/3282/909 756/3283/909 755/3284/909
f 772/3285/910 773/3286/910 757/3287/910 756/3288/910
f 773/3289/911 774/3290/911 758/3291/911 757/3292/911
f 774/3293/912 759/3294/912 743/3295/912 758/3296/912
f 775/3297/913 776/3298/913 760/3299/913 759/3300/913
f 776/3301/914 777/3302/914 761/3303/914 760/3304/914
f 777/3305/915 778/3306/915 762/3307/915 761/3308/915
f 778/3309/916 779/3310/916 763/3311/916 762/3312/916
f 779/3313/917 780/3314/917 764/3315/917 763/3316/917
f 780/3317/918 781/3318/918 765/3319/918 764/3320/918
f 781/3321/919 782/3322/919 766/3323/919 765/3324/919
f 782/3325/920 783/3326/920 767/3327/920 766/3328/920
f 783/3329/921 784/3330/921 768/3331/921 767/3332/921
f 784/3333/922 785/3334/922 769/3335/922 768/3336/922
f 785/3337/923 786/3338/923 770/3339/923 769/3340/923
f 786/3341/924 787/3342/924 771/3343/924 770/3344/924
f 787/3345/925 788/3346/925 772/3347/925 771/3348/925
f 788/3349/926 789/3350/926 773/3351/926 772/3352/926
f 789/3353/927 790/3354/927 774/3355/927 773/3356/927
f 790/3357/928 775/3358/928 759/3359/928 774/3360/928
f 791/3361/929 792/3362/929 776/3363/929 775/3364/929
f 792/3365/930 793/3366/930 777/3367/930 776/3368/930
f 793/3369/931 794/3370/931 778/3371/931 777/3372/931
f 794/3373/932 795/3374/932 779/3375/932 778/3376/932
f 795/3377/933 796/3378/933 780/3379/933 779/3380/933
f 796/3381/934 797/3382/934 781/3383/934 780/3384/934
f 797/3385/935 798/3386/935 782/3387/935 781/3388/935
f 798/3389/936 799/3390/936 783/3391/936 782/3392/936
f 799/3393/937 800/3394/937 784/3395/937 783/3396/937
f 800/3397/938 801/3398/938 785/3399/938 784/3400/938
f 801/3401/939 802/3402/939 786/3403/939 785/3404/939
f 802/3405/940 803/3406/940 787/3407/940 786/3408/940
f 803/3409/941 804/3410/941 788/3411/941 787/3412/941
f 804/3413/942 805/3414/942 789/3415/942 788/3416/942
f 805/3417/943 806/3418/943 790/3419/943 789/3420/943
f 806/3421/944 791/3422/944 775/3423/944 790/3424/944
f 807/3425/945 727/3426/945 728/3427/945
f 807/3428/946 728/3429/946 729/3430/946
f 807/3431/947 729/3432/947 730/3433/947
f 807/3434/948 730/3435/948 731/3436/948
f 807/3437/949 731/3438/949 732/3439/949
f 807/3440/950 732/3441/950 733/3442/950
f 807/3443/951 733/3444/951 734/3445/951
f 807/3446/952 734/3447/952 735/3448/952
f 807/3449/953 735/3450/953 736/3451/953
f 807/3452/954 736/3453/954 737/3454/954
f 807/3455/955 737/3456/955 738/3457/955
f 807/3458/956 738/3459/956 739/3460/956
f 807/3461/957 739/3462/957 740/3463/957
f 807/3464/958 740/3465/958 741/3466/958
f 807/3467/959 741/3468/959 742/3469/959
f 807/3470/960 742/3471/960 727/3472/960
f 792/3473/961 791/3474/961 808/3475/961
f 793/3476/962 792/3477/962 808/3478/962
f 794/3479/963 793/3480/963 808/3481/963
f 795/3482/964 794/3483/964 808/3484/964
f 796/3485/965 795/3486/965 808/3487/965
f 797/3488/966 796/3489/966 808/3490/966
f 798/3491/967 797/3492/967 808/3493/967
f 799/3494/968 798/3495/968 808/3496/968
f 800/3497/969 799/3498/969 808/3499/969
f 801/3500/970 800/3501/970 808/3502/970
f 802/3503/971 801/3504/971 808/3505/971
f 803/3506/972 802/3507/972 808/3508/972
f 804/3509/973 803/3510/973 808/3511/973
f 805/3512/974 804/3513/974 808/3514/974
f 806/3515/975 805/3516/975 808/3517/975
f 791/3518/976 806/3519/976 808/3520/976
o right_shoulder_bolster
v 0.7744992061317363 0.4875 0.32981249999999995
v 0.8796875 0.4875 0.3954375
v 0.8755007938682636 0.4875 0.4110625
v 0.8640625 0.4875 0.42250079386826367
v 0.8484375 0.4875 0.4266875
v 0.8015625 0.4875 0.4266875
v 0.7859375 0.4875 0.42250079386826367
v 0.7744992061317363 0.4875 0.4110625
v 0.7703125 0.4875 0.3954375
v 0.7703125 0.4875 0.34543749999999995
v 0.7859375 0.4875 0.3183742061317363
v 0.8015625 0.4875 0.31418749999999995
v 0.8484375 0.4875 0.31418749999999995
v 0.8640625 0.4875 0.3183742061317363
v 0.8755007938682636 0.4875 0.32981249999999995
v 0.8796875 0.4875 0.34543749999999995
v 0.88625 0.59375 0.37365625
v 0.8812259526419164 0.59375 0.39240625
v 0.8674999999999999 0.59375 0.40613220264191646
v 0.84875 0.59375 0.41115625
v 0.79875 0.59375 0.41115625
v 0.78 0.59375 0.40613220264191646
v 0.7662740473580836 0.59375 0.39240625
v 0.76125 0.59375 0.37365625
v 0.76125 0.59375 0.32365625
v 0.7662740473580836 0.59375 0.30490625
v 0.7799999999999999 0.59375 0.29118029735808354
v 0.79875 0.59375 0.28615625
v 0.84875 0.59375 0.28615625
v 0.8674999999999999 0.59375 0.29118029735808354
v 0.8812259526419164 0.59375 0.30490625
v 0.88625 0.59375 0.32365625
v 0.8671875 0.90625 0.30959375
v 0.8621634526419164 0.90625 0.32834375
v 0.8484375 0.90625 0.34206970264191644
v 0.8296874999999999 0.90625 0.34709375
v 0.7890625 0.90625 0.34709375
v 0.7703125 0.90625 0.34206970264191644
v 0.7565865473580835 0.90625 0.32834375
v 0.7515624999999999 0.90625 0.30959375
v 0.7515624999999999 0.90625 0.25959374999999996
v 0.7565865473580835 0.90625 0.24084374999999997
v 0.7703125 0.90625 0.22711779735808352
v 0.7890625 0.90625 0.22209374999999998
v 0.8296874999999999 0.90625 0.22209374999999998
v 0.8484375 0.90625 0.22711779735808352
v 0.8621634526419164 0.90625 0.24084374999999997
v 0.8671875 0.90625 0.25959374999999996
v 0.8312499999999999 1.103125 0.266109375
v 0.82664462325509 1.103125 0.283296875
v 0.8140624999999999 1.103125 0.29587899825509006
v 0.796875 1.103125 0.300484375
v 0.7593749999999999 1.103125 0.300484375
v 0.7421875 1.103125 0.29587899825509006
v 0.7296053767449099 1.103125 0.283296875
v 0.725 1.103125 0.266109375
v 0.725 1.103125 0.22235937500000003
v 0.7296053767449099 1.103125 0.205171875
v 0.7421875 1.103125 0.19258975174490994
v 0.7593749999999999 1.103125 0.18798437499999998
v 0.796875 1.103125 0.18798437499999998
v 0.8140624999999999 1.103125 0.19258975174490994
v 0.82664462325509 1.103125 0.205171875
v 0.8312499999999999 1.103125 0.22235937499999997
v 0.7937500000000001 1.1875 0.24725
v 0.7899819644814374 1.1875 0.26131249999999995
v 0.7796875000000001 1.1875 0.2716069644814373
v 0.765625 1.1875 0.27537500000000004
v 0.7406250000000001 1.1875 0.27537500000000004
v 0.7265625 1.1875 0.2716069644814373
v 0.7162680355185627 1.1875 0.26131249999999995
v 0.7125 1.1875 0.24725
v 0.7125 1.1875 0.20662499999999998
v 0.7162680355185627 1.1875 0.1925625
v 0.7265625 1.1875 0.18226803551856266
v 0.7406250000000001 1.1875 0.17849999999999996
v 0.765625 1.1875 0.17849999999999996
v 0.7796875000000001 1.1875 0.18226803551856266
v 0.7899819644814374 1.1875 0.1925625
v 0.7937500000000001 1.1875 0.20662499999999998
v 0.8249999999999998 0.4874999999999999 0.3704375
v 0.753125 1.1875 0.22693750000000001
vt 0.186828125 0.296875
vt 0.196203125 0.296875
vt 0.20553125 0.24375000000000002
vt 0.19771875 0.24375000000000002
vt 0.196203125 0.296875
vt 0.20306610132095823 0.296875
vt 0.21125039693413183 0.24375000000000002
vt 0.20553125 0.24375000000000002
vt 0.43374999999999997 0.296875
vt 0.424375 0.296875
vt 0.42421875 0.24375000000000002
vt 0.43203125 0.24375000000000002
vt 0.424375 0.296875
vt 0.399375 0.296875
vt 0.40078125 0.24375000000000002
vt 0.42421875 0.24375000000000002
vt 0.399375 0.296875
vt 0.39 0.296875
vt 0.39296875 0.24375000000000002
vt 0.40078125 0.24375000000000002
vt 0.20306610132095823 0.296875
vt 0.196203125 0.296875
vt 0.20553125 0.24375000000000002
vt 0.21125039693413183 0.24375000000000002
vt 0.196203125 0.296875
vt 0.186828125 0.296875
vt 0.19771875 0.24375000000000002
vt 0.20553125 0.24375000000000002
vt 0.186828125 0.296875
vt 0.161828125 0.296875
vt 0.17271874999999998 0.24375000000000002
vt 0.19771875 0.24375000000000002
vt 0.161828125 0.296875
vt 0.152453125 0.296875
vt 0.16490624999999998 0.24375000000000002
vt 0.17271874999999998 0.24375000000000002
vt 0.152453125 0.296875
vt 0.14559014867904177 0.296875
vt 0.15918710306586814 0.24375000000000002
vt 0.16490624999999998 0.24375000000000002
vt 0.38999999999999996 0.296875
vt 0.399375 0.296875
vt 0.40078125 0.24375000000000002
vt 0.39296875 0.24375000000000002
vt 0.399375 0.296875
vt 0.424375 0.296875
vt 0.42421875 0.24375000000000002
vt 0.40078125 0.24375000000000002
vt 0.424375 0.296875
vt 0.43374999999999997 0.296875
vt 0.43203125 0.24375000000000002
vt 0.42421875 0.24375000000000002
vt 0.14559014867904177 0.296875
vt 0.152453125 0.296875
vt 0.16490624999999998 0.24375000000000002
vt 0.15918710306586814 0.24375000000000002
vt 0.152453125 0.296875
vt 0.161828125 0.296875
vt 0.17271874999999998 0.24375000000000002
vt 0.16490624999999998 0.24375000000000002
vt 0.161828125 0.296875
vt 0.186828125 0.296875
vt 0.19771875 0.24375000000000002
vt 0.17271874999999998 0.24375000000000002
vt 0.154796875 0.453125
vt 0.164171875 0.453125
vt 0.196203125 0.296875
vt 0.186828125 0.296875
vt 0.164171875 0.453125
vt 0.17103485132095822 0.453125
vt 0.20306610132095823 0.296875
vt 0.196203125 0.296875
vt 0.42421875 0.453125
vt 0.41484374999999996 0.453125
vt 0.424375 0.296875
vt 0.43374999999999997 0.296875
vt 0.41484374999999996 0.453125
vt 0.39453125 0.453125
vt 0.399375 0.296875
vt 0.424375 0.296875
vt 0.39453125 0.453125
vt 0.38515625 0.453125
vt 0.39 0.296875
vt 0.399375 0.296875
vt 0.17103485132095822 0.453125
vt 0.164171875 0.453125
vt 0.196203125 0.296875
vt 0.20306610132095823 0.296875
vt 0.164171875 0.453125
vt 0.154796875 0.453125
vt 0.186828125 0.296875
vt 0.196203125 0.296875
vt 0.154796875 0.453125
vt 0.12979687499999998 0.453125
vt 0.161828125 0.296875
vt 0.186828125 0.296875
vt 0.12979687499999998 0.453125
vt 0.12042187499999998 0.453125
vt 0.152453125 0.296875
vt 0.161828125 0.296875
vt 0.12042187499999998 0.453125
vt 0.11355889867904176 0.453125
vt 0.14559014867904177 0.296875
vt 0.152453125 0.296875
vt 0.38515625 0.453125
vt 0.39453125 0.453125
vt 0.399375 0.296875
vt 0.38999999999999996 0.296875
vt 0.39453125 0.453125
vt 0.41484374999999996 0.453125
vt 0.424375 0.296875
vt 0.399375 0.296875
vt 0.41484374999999996 0.453125
vt 0.42421875 0.453125
vt 0.43374999999999997 0.296875
vt 0.424375 0.296875
vt 0.11355889867904176 0.453125
vt 0.12042187499999998 0.453125
vt 0.152453125 0.296875
vt 0.14559014867904177 0.296875
vt 0.12042187499999998 0.453125
vt 0.12979687499999998 0.453125
vt 0.161828125 0.296875
vt 0.152453125 0.296875
vt 0.12979687499999998 0.453125
vt 0.154796875 0.453125
vt 0.186828125 0.296875
vt 0.161828125 0.296875
vt 0.1330546875 0.5515625
vt 0.1416484375 0.5515625
vt 0.164171875 0.453125
vt 0.154796875 0.453125
vt 0.413322311627545 0.5515625
vt 0.40703124999999996 0.5515625
vt 0.42421875 0.453125
vt 0.4310817263209582 0.453125
vt 0.40703124999999996 0.5515625
vt 0.3984375 0.5515625
vt 0.41484374999999996 0.453125
vt 0.42421875 0.453125
vt 0.3984375 0.5515625
vt 0.37968749999999996 0.5515625
vt 0.39453125 0.453125
vt 0.41484374999999996 0.453125
vt 0.37968749999999996 0.5515625
vt 0.37109375 0.5515625
vt 0.38515625 0.453125
vt 0.39453125 0.453125
vt 0.37109375 0.5515625
vt 0.36480268837245494 0.5515625
vt 0.37829327367904175 0.453125
vt 0.38515625 0.453125
vt 0.1416484375 0.5515625
vt 0.1330546875 0.5515625
vt 0.154796875 0.453125
vt 0.164171875 0.453125
vt 0.1330546875 0.5515625
vt 0.11117968750000001 0.5515625
vt 0.12979687499999998 0.453125
vt 0.154796875 0.453125
vt 0.11117968750000001 0.5515625
vt 0.1025859375 0.5515625
vt 0.12042187499999998 0.453125
vt 0.12979687499999998 0.453125
vt 0.36480268837245494 0.5515625
vt 0.37109375 0.5515625
vt 0.38515625 0.453125
vt 0.37829327367904175 0.453125
vt 0.37109375 0.5515625
vt 0.37968749999999996 0.5515625
vt 0.39453125 0.453125
vt 0.38515625 0.453125
vt 0.37968749999999996 0.5515625
vt 0.3984375 0.5515625
vt 0.41484374999999996 0.453125
vt 0.39453125 0.453125
vt 0.3984375 0.5515625
vt 0.40703124999999996 0.5515625
vt 0.42421875 0.453125
vt 0.41484374999999996 0.453125
vt 0.40703124999999996 0.5515625
vt 0.413322311627545 0.5515625
vt 0.4310817263209582 0.453125
vt 0.42421875 0.453125
vt 0.1025859375 0.5515625
vt 0.11117968749999999 0.5515625
vt 0.12979687499999998 0.453125
vt 0.12042187499999998 0.453125
vt 0.11117968749999999 0.5515625
vt 0.1330546875 0.5515625
vt 0.154796875 0.453125
vt 0.12979687499999998 0.453125
vt 0.123625 0.59375
vt 0.13065624999999997 0.59375
vt 0.1416484375 0.5515625
vt 0.1330546875 0.5515625
vt 0.13065624999999997 0.59375
vt 0.13580348224071864 0.59375
vt 0.14793949912754503 0.5515625
vt 0.1416484375 0.5515625
vt 0.38984375000000004 0.59375
vt 0.3828125 0.59375
vt 0.3984375 0.5515625
vt 0.40703124999999996 0.5515625
vt 0.3828125 0.59375
vt 0.37031250000000004 0.59375
vt 0.37968749999999996 0.5515625
vt 0.3984375 0.5515625
vt 0.37031250000000004 0.59375
vt 0.36328125 0.59375
vt 0.37109375 0.5515625
vt 0.37968749999999996 0.5515625
vt 0.13580348224071864 0.59375
vt 0.13065624999999997 0.59375
vt 0.1416484375 0.5515625
vt 0.14793949912754503 0.5515625
vt 0.13065624999999997 0.59375
vt 0.123625 0.59375
vt 0.1330546875 0.5515625
vt 0.1416484375 0.5515625
vt 0.123625 0.59375
vt 0.10331249999999999 0.59375
vt 0.11117968750000001 0.5515625
vt 0.1330546875 0.5515625
vt 0.10331249999999999 0.59375
vt 0.09628125 0.59375
vt 0.1025859375 0.5515625
vt 0.11117968750000001 0.5515625
vt 0.09628125 0.59375
vt 0.09113401775928133 0.59375
vt 0.09629487587245497 0.5515625
vt 0.1025859375 0.5515625
vt 0.36328125 0.59375
vt 0.37031250000000004 0.59375
vt 0.37968749999999996 0.5515625
vt 0.37109375 0.5515625
vt 0.37031250000000004 0.59375
vt 0.3828125 0.59375
vt 0.3984375 0.5515625
vt 0.37968749999999996 0.5515625
vt 0.3828125 0.59375
vt 0.38984375000000004 0.59375
vt 0.40703124999999996 0.5515625
vt 0.3984375 0.5515625
vt 0.09113401775928133 0.59375
vt 0.09628125 0.59375
vt 0.1025859375 0.5515625
vt 0.09629487587245497 0.5515625
vt 0.09628125 0.59375
vt 0.10331249999999999 0.59375
vt 0.11117968749999999 0.5515625
vt 0.1025859375 0.5515625
vt 0.10331249999999999 0.59375
vt 0.123625 0.59375
vt 0.1330546875 0.5515625
vt 0.11117968749999999 0.5515625
vt 0.4124999999999999 0.81478125
vt 0.43984375 0.8022812500000001
vt 0.4377503969341318 0.7944687500000001
vt 0.4124999999999999 0.81478125
vt 0.4377503969341318 0.7944687500000001
vt 0.43203125 0.7887496030658682
vt 0.4124999999999999 0.81478125
vt 0.43203125 0.7887496030658682
vt 0.42421875 0.7866562500000001
vt 0.4124999999999999 0.81478125
vt 0.42421875 0.7866562500000001
vt 0.40078125 0.7866562500000001
vt 0.4124999999999999 0.81478125
vt 0.40078125 0.7866562500000001
vt 0.39296875 0.7887496030658682
vt 0.4124999999999999 0.81478125
vt 0.39296875 0.7887496030658682
vt 0.38724960306586814 0.7944687500000001
vt 0.4124999999999999 0.81478125
vt 0.38724960306586814 0.7944687500000001
vt 0.38515625 0.8022812500000001
vt 0.4124999999999999 0.81478125
vt 0.38515625 0.8022812500000001
vt 0.38515625 0.82728125
vt 0.4124999999999999 0.81478125
vt 0.38515625 0.82728125
vt 0.38724960306586814 0.83509375
vt 0.4124999999999999 0.81478125
vt 0.38724960306586814 0.83509375
vt 0.39296875 0.8408128969341319
vt 0.4124999999999999 0.81478125
vt 0.39296875 0.8408128969341319
vt 0.40078125 0.84290625
vt 0.4124999999999999 0.81478125
vt 0.40078125 0.84290625
vt 0.42421875 0.84290625
vt 0.4124999999999999 0.81478125
vt 0.42421875 0.84290625
vt 0.43203125 0.8408128969341319
vt 0.4124999999999999 0.81478125
vt 0.43203125 0.8408128969341319
vt 0.4377503969341318 0.83509375
vt 0.4124999999999999 0.81478125
vt 0.4377503969341318 0.83509375
vt 0.43984375 0.82728125
vt 0.4124999999999999 0.81478125
vt 0.43984375 0.82728125
vt 0.43984375 0.8022812500000001
vt 0.3949909822407187 0.8693437500000001
vt 0.39687500000000003 0.876375
vt 0.3765625 0.88653125
vt 0.38984375000000004 0.8641965177592814
vt 0.3949909822407187 0.8693437500000001
vt 0.3765625 0.88653125
vt 0.3828125 0.8623125
vt 0.38984375000000004 0.8641965177592814
vt 0.3765625 0.88653125
vt 0.37031250000000004 0.8623125
vt 0.3828125 0.8623125
vt 0.3765625 0.88653125
vt 0.36328125 0.8641965177592814
vt 0.37031250000000004 0.8623125
vt 0.3765625 0.88653125
vt 0.35813401775928133 0.8693437500000001
vt 0.36328125 0.8641965177592814
vt 0.3765625 0.88653125
vt 0.35625 0.876375
vt 0.35813401775928133 0.8693437500000001
vt 0.3765625 0.88653125
vt 0.35625 0.8966875
vt 0.35625 0.876375
vt 0.3765625 0.88653125
vt 0.35813401775928133 0.90371875
vt 0.35625 0.8966875
vt 0.3765625 0.88653125
vt 0.36328125 0.9088659822407187
vt 0.35813401775928133 0.90371875
vt 0.3765625 0.88653125
vt 0.37031250000000004 0.9107500000000001
vt 0.36328125 0.9088659822407187
vt 0.3765625 0.88653125
vt 0.3828125 0.9107500000000001
vt 0.37031250000000004 0.9107500000000001
vt 0.3765625 0.88653125
vt 0.38984375000000004 0.9088659822407187
vt 0.3828125 0.9107500000000001
vt 0.3765625 0.88653125
vt 0.3949909822407187 0.90371875
vt 0.38984375000000004 0.9088659822407187
vt 0.3765625 0.88653125
vt 0.39687500000000003 0.8966875
vt 0.3949909822407187 0.90371875
vt 0.3765625 0.88653125
vt 0.39687500000000003 0.876375
vt 0.39687500000000003 0.8966875
vt 0.3765625 0.88653125
vn 0.9659047749556193 -0.006602076430475608 0.2588134044147259
vn 0.7045028269190442 0.0857410854033851 0.7045028269190442
vn 0.2563039943484593 0.13906973706320255 0.9565395290912954
vn 0 0.14463934338804507 0.9894844416888399
vn -0.25651455116622046 0.1331483480288441 0.9573253378330601
vn -0.7054090834282373 0.06925352001067257 0.7054090834282373
vn -0.9655106290392218 -0.029317279549137897 0.25870779333472715
vn -0.9963821847623701 -0.08498553928855482 0
vn -0.9571856873187672 -0.13422012066860495 -0.25647713192369515
vn -0.6905203270545384 -0.21532151738503685 -0.6905203270545327
vn -0.25038783297476636 -0.2531604786641068 -0.9344601142589025
vn 0 -0.25509517800009246 -0.9669159478264392
vn 0.25075775655453897 -0.2476343160500465 -0.9358406878535259
vn 0.6928567361182647 -0.19974755675875205 -0.6928567361182647
vn 0.9598474712997253 -0.11200871948907079 -0.257190354791819
vn 0.9980980007494985 -0.061647229458057506 0
vn 0.9599261357989739 0.11128383802431484 0.2572114328808657
vn 0.6949211597946275 0.18484902850537094 0.6949211597946275
vn 0.25309890363463694 0.209077516501125 0.9445779677044488
vn 0 0.20082362021561576 0.9796274156859301
vn -0.2542705592818052 0.18665249511453846 0.9489506461086558
vn -0.7018146983945118 0.12211575752064495 0.7018146983945118
vn -0.9656678987744465 0.02310803153281323 0.2587499336332745
vn -0.9995198460432633 -0.03098511522734139 0
vn -0.9626156597931307 -0.08271716362952773 -0.2579320886631241
vn -0.6974620060597365 -0.1646010334300978 -0.6974620060597365
vn -0.2534943316705685 -0.2017993379529706 -0.9460537252252826
vn 0 -0.20082362021561576 -0.9796274156859301
vn 0.2546259373715571 -0.17927458953541395 -0.9502769351955065
vn 0.7034693996003432 -0.10129959354244954 -0.7034693996003432
vn 0.9659092217439076 0.0058634703611266815 -0.25881459592805667
vn 0.998144676142503 0.06088682524469263 0
vn 0.9406266013881007 0.2273705466557266 0.252040138221172
vn 0.6792413836534027 0.27796094233762114 0.6792413836534056
vn 0.2497569600557453 0.2622984772410299 0.9321056644719792
vn 0 0.23037785932500787 0.9731012495793163
vn -0.2542864258391679 0.18632954015799502 0.9490098609068567
vn -0.7056229483773849 0.06474959031846005 0.705622948377388
vn -0.9633513509293523 -0.07296219738376886 0.2581292165089498
vn -0.9910206194796548 -0.13370913119963568 0
vn -0.9507683690501202 -0.17645981174001538 -0.2547576166760342
vn -0.6898561329695647 -0.2195382235706401 -0.6898561329695677
vn -0.2534772560435878 -0.2021192819344429 -0.9459899981178018
vn 0 -0.17071080388410123 -0.9853211767932547
vn 0.25684518319900357 -0.12326666738621204 -0.9585592733780042
vn 0.7071066743584369 -0.0005496867279056873 -0.70710667435844
vn 0.958184709370751 0.12634935934089192 -0.25674481907574237
vn 0.9837447502364621 0.1795724544082435 0
vn 0.8683671973745972 0.4379488831200287 0.23267828927020007
vn 0.6346002231092563 0.4410953566513304 0.6346002231092563
vn 0.2416730599854798 0.3579180546000111 0.9019361386864363
vn 0 0.28523030184414544 0.9584590105528237
vn -0.252236912112755 0.22408940495260246 0.9413609715490712
vn -0.7052574045962969 0.07227715077526417 0.7052574045962969
vn -0.9624349388821263 -0.08494117923778831 0.257883664640962
vn -0.9892034623538709 -0.14654866108946168 0
vn -0.9487108376144633 -0.18795452166676704 -0.2542063027894483
vn -0.6909600296933991 -0.21248170446462936 -0.6909600296933991
vn -0.25532126356894835 -0.1638479215765144 -0.9528719278919976
vn 0 -0.11170390948186554 -0.9937415341055577
vn 0.2587981149438511 -0.01271728378398458 -0.9658477138735003
vn 0.6931639456974016 0.1976043743706584 -0.6931639456974016
vn 0.9026209038807927 0.3560630798614299 -0.24185654226630734
vn 0.9138115486202578 0.40613846605344606 0
vn 1.808586433875147e-15 -1 4.84609274398734e-16
vn 1.2183411276835103e-15 -1 1.2183411276835103e-15
vn 4.757445725849369e-16 -1 1.775502916312109e-15
vn 0 -1 1.973729821555833e-15
vn -4.757445725849371e-16 -1 1.7755029163121098e-15
vn -1.2183411276835135e-15 -1 1.2183411276835135e-15
vn -1.8085864338751533e-15 -1 4.846092743987356e-16
vn -2.030122102171719e-15 -1 0
vn -1.8085864338751533e-15 -1 -4.846092743987356e-16
vn -1.2183411276835135e-15 -1 -1.2183411276835135e-15
vn -4.757445725849371e-16 -1 -1.7755029163121098e-15
vn 0 -1 -1.973729821555833e-15
vn 4.757445725849369e-16 -1 -1.775502916312109e-15
vn 1.2183411276835103e-15 -1 -1.2183411276835103e-15
vn 1.808586433875147e-15 -1 -4.84609274398734e-16
vn 2.0301221021717108e-15 -1 0
vn 0 1 0
vn 0 1 0
vn 0 1 0
vn 0 1 0
vn 0 1 0
vn 0 1 0
vn 0 1 0
vn 0 1 0
vn 0 1 0
vn 0 1 0
vn 0 1 0
vn 0 1 0
vn 0 1 0
vn 0 1 0
vn 0 1 0
vn 0 1 0
usemtl chair_bolster
f 825/3521/977 826/3522/977 811/3523/977 810/3524/977
f 826/3525/978 827/3526/978 812/3527/978 811/3528/978
f 827/3529/979 828/3530/979 813/3531/979 812/3532/979
f 828/3533/980 829/3534/980 814/3535/980 813/3536/980
f 829/3537/981 830/3538/981 815/3539/981 814/3540/981
f 830/3541/982 831/3542/982 816/3543/982 815/3544/982
f 831/3545/983 832/3546/983 817/3547/983 816/3548/983
f 832/3549/984 833/3550/984 818/3551/984 817/3552/984
f 833/3553/985 834/3554/985 809/3555/985 818/3556/985
f 834/3557/986 835/3558/986 819/3559/986 809/3560/986
f 835/3561/987 836/3562/987 820/3563/987 819/3564/987
f 836/3565/988 837/3566/988 821/3567/988 820/3568/988
f 837/3569/989 838/3570/989 822/3571/989 821/3572/989
f 838/3573/990 839/3574/990 823/3575/990 822/3576/990
f 839/3577/991 840/3578/991 824/3579/991 823/3580/991
f 840/3581/992 825/3582/992 810/3583/992 824/3584/992
f 841/3585/993 842/3586/993 826/3587/993 825/3588/993
f 842/3589/994 843/3590/994 827/3591/994 826/3592/994
f 843/3593/995 844/3594/995 828/3595/995 827/3596/995
f 844/3597/996 845/3598/996 829/3599/996 828/3600/996
f 845/3601/997 846/3602/997 830/3603/997 829/3604/997
f 846/3605/998 847/3606/998 831/3607/998 830/3608/998
f 847/3609/999 848/3610/999 832/3611/999 831/3612/999
f 848/3613/1000 849/3614/1000 833/3615/1000 832/3616/1000
f 849/3617/1001 850/3618/1001 834/3619/1001 833/3620/1001
f 850/3621/1002 851/3622/1002 835/3623/1002 834/3624/1002
f 851/3625/1003 852/3626/1003 836/3627/1003 835/3628/1003
f 852/3629/1004 853/3630/1004 837/3631/1004 836/3632/1004
f 853/3633/1005 854/3634/1005 838/3635/1005 837/3636/1005
f 854/3637/1006 855/3638/1006 839/3639/1006 838/3640/1006
f 855/3641/1007 856/3642/1007 840/3643/1007 839/3644/1007
f 856/3645/1008 841/3646/1008 825/3647/1008 840/3648/1008
f 857/3649/1009 858/3650/1009 842/3651/1009 841/3652/1009
f 858/3653/1010 859/3654/1010 843/3655/1010 842/3656/1010
f 859/3657/1011 860/3658/1011 844/3659/1011 843/3660/1011
f 860/3661/1012 861/3662/1012 845/3663/1012 844/3664/1012
f 861/3665/1013 862/3666/1013 846/3667/1013 845/3668/1013
f 862/3669/1014 863/3670/1014 847/3671/1014 846/3672/1014
f 863/3673/1015 864/3674/1015 848/3675/1015 847/3676/1015
f 864/3677/1016 865/3678/1016 849/3679/1016 848/3680/1016
f 865/3681/1017 866/3682/1017 850/3683/1017 849/3684/1017
f 866/3685/1018 867/3686/1018 851/3687/1018 850/3688/1018
f 867/3689/1019 868/3690/1019 852/3691/1019 851/3692/1019
f 868/3693/1020 869/3694/1020 853/3695/1020 852/3696/1020
f 869/3697/1021 870/3698/1021 854/3699/1021 853/3700/1021
f 870/3701/1022 871/3702/1022 855/3703/1022 854/3704/1022
f 871/3705/1023 872/3706/1023 856/3707/1023 855/3708/1023
f 872/3709/1024 857/3710/1024 841/3711/1024 856/3712/1024
f 873/3713/1025 874/3714/1025 858/3715/1025 857/3716/1025
f 874/3717/1026 875/3718/1026 859/3719/1026 858/3720/1026
f 875/3721/1027 876/3722/1027 860/3723/1027 859/3724/1027
f 876/3725/1028 877/3726/1028 861/3727/1028 860/3728/1028
f 877/3729/1029 878/3730/1029 862/3731/1029 861/3732/1029
f 878/3733/1030 879/3734/1030 863/3735/1030 862/3736/1030
f 879/3737/1031 880/3738/1031 864/3739/1031 863/3740/1031
f 880/3741/1032 881/3742/1032 865/3743/1032 864/3744/1032
f 881/3745/1033 882/3746/1033 866/3747/1033 865/3748/1033
f 882/3749/1034 883/3750/1034 867/3751/1034 866/3752/1034
f 883/3753/1035 884/3754/1035 868/3755/1035 867/3756/1035
f 884/3757/1036 885/3758/1036 869/3759/1036 868/3760/1036
f 885/3761/1037 886/3762/1037 870/3763/1037 869/3764/1037
f 886/3765/1038 887/3766/1038 871/3767/1038 870/3768/1038
f 887/3769/1039 888/3770/1039 872/3771/1039 871/3772/1039
f 888/3773/1040 873/3774/1040 857/3775/1040 872/3776/1040
f 889/3777/1041 810/3778/1041 811/3779/1041
f 889/3780/1042 811/3781/1042 812/3782/1042
f 889/3783/1043 812/3784/1043 813/3785/1043
f 889/3786/1044 813/3787/1044 814/3788/1044
f 889/3789/1045 814/3790/1045 815/3791/1045
f 889/3792/1046 815/3793/1046 816/3794/1046
f 889/3795/1047 816/3796/1047 817/3797/1047
f 889/3798/1048 817/3799/1048 818/3800/1048
f 889/3801/1049 818/3802/1049 809/3803/1049
f 889/3804/1050 809/3805/1050 819/3806/1050
f 889/3807/1051 819/3808/1051 820/3809/1051
f 889/3810/1052 820/3811/1052 821/3812/1052
f 889/3813/1053 821/3814/1053 822/3815/1053
f 889/3816/1054 822/3817/1054 823/3818/1054
f 889/3819/1055 823/3820/1055 824/3821/1055
f 889/3822/1056 824/3823/1056 810/3824/1056
f 874/3825/1057 873/3826/1057 890/3827/1057
f 875/3828/1058 874/3829/1058 890/3830/1058
f 876/3831/1059 875/3832/1059 890/3833/1059
f 877/3834/1060 876/3835/1060 890/3836/1060
f 878/3837/1061 877/3838/1061 890/3839/1061
f 879/3840/1062 878/3841/1062 890/3842/1062
f 880/3843/1063 879/3844/1063 890/3845/1063
f 881/3846/1064 880/3847/1064 890/3848/1064
f 882/3849/1065 881/3850/1065 890/3851/1065
f 883/3852/1066 882/3853/1066 890/3854/1066
f 884/3855/1067 883/3856/1067 890/3857/1067
f 885/3858/1068 884/3859/1068 890/3860/1068
f 886/3861/1069 885/3862/1069 890/3863/1069
f 887/3864/1070 886/3865/1070 890/3866/1070
f 888/3867/1071 887/3868/1071 890/3869/1071
f 873/3870/1072 888/3871/1072 890/3872/1072
o tapered_back_protective_shell
v 0.921875 0.45 0.2625
v 0.921875 0.31875 0.36128125
v 0.9151762701892219 0.31875 0.38628125
v 0.8968750000000001 0.31875 0.4045825201892219
v 0.871875 0.31875 0.41128125000000004
v 0.128125 0.31875 0.41128125000000004
v 0.10312500000000002 0.31875 0.4045825201892219
v 0.08482372981077807 0.31875 0.38628125
v 0.078125 0.31875 0.36128125
v 0.078125 0.31875 0.28628125000000004
v 0.08482372981077807 0.31875 0.26128125
v 0.10312499999999997 0.31875 0.24297997981077807
v 0.128125 0.31875 0.23628125
v 0.871875 0.31875 0.23628125
v 0.8968750000000001 0.31875 0.24297997981077807
v 0.9151762701892219 0.31875 0.26128125
v 0.921875 0.31875 0.28628125000000004
v 0.921875 0.45 0.33125
v 0.9147575995760483 0.45 0.3578125
v 0.8953125 0.45 0.3772575995760483
v 0.86875 0.45 0.384375
v 0.13124999999999998 0.45 0.384375
v 0.10468749999999999 0.45 0.3772575995760483
v 0.0852424004239517 0.45 0.3578125
v 0.078125 0.45 0.33125
v 0.078125 0.45 0.2625
v 0.0852424004239517 0.45 0.2359375
v 0.10468749999999993 0.45 0.2164924004239517
v 0.13124999999999998 0.45 0.209375
v 0.86875 0.45 0.209375
v 0.8953125 0.45 0.2164924004239517
v 0.9147575995760483 0.45 0.23593749999999997
v 0.9 0.8625 0.23731250000000004
v 0.8928825995760483 0.8625 0.263875
v 0.8734375000000001 0.8625 0.2833200995760483
v 0.846875 0.8625 0.2904375
v 0.15312499999999996 0.8625 0.2904375
v 0.12656249999999997 0.8625 0.2833200995760483
v 0.10711740042395168 0.8625 0.263875
v 0.09999999999999998 0.8625 0.23731250000000004
v 0.09999999999999998 0.8625 0.1873125
v 0.10711740042395168 0.8625 0.16075
v 0.1265624999999999 0.8625 0.14130490042395172
v 0.15312499999999996 0.8625 0.13418750000000002
v 0.846875 0.8625 0.13418750000000002
v 0.8734375000000001 0.8625 0.14130490042395172
v 0.8928825995760483 0.8625 0.16075
v 0.9 0.8625 0.1873125
v 0.85625 1.15625 0.17553125
v 0.8495512701892219 1.15625 0.20053125000000002
v 0.83125 1.15625 0.21883252018922192
v 0.80625 1.15625 0.22553125
v 0.19374999999999998 1.15625 0.22553125
v 0.16875 1.15625 0.21883252018922192
v 0.15044872981077806 1.15625 0.20053125000000002
v 0.14375 1.15625 0.17553125
v 0.14375 1.15625 0.12865625
v 0.15044872981077806 1.15625 0.10365624999999998
v 0.16874999999999996 1.15625 0.08535497981077808
v 0.19374999999999998 1.15625 0.07865625000000001
v 0.80625 1.15625 0.07865625000000001
v 0.83125 1.15625 0.08535497981077808
v 0.8495512701892219 1.15625 0.10365624999999998
v 0.85625 1.15625 0.12865625
v 0.80625 1.23125 0.16015625
v 0.8003886114155692 1.23125 0.18203124999999998
v 0.784375 1.23125 0.1980448614155692
v 0.7625 1.23125 0.20390625
v 0.2375 1.23125 0.20390625
v 0.215625 1.23125 0.1980448614155692
v 0.19961138858443078 1.23125 0.18203124999999998
v 0.19374999999999998 1.23125 0.16015625
v 0.19374999999999998 1.23125 0.11328125
v 0.19961138858443078 1.23125 0.09140625000000002
v 0.21562499999999996 1.23125 0.07539263858443082
v 0.2375 1.23125 0.06953124999999999
v 0.7625 1.23125 0.06953124999999999
v 0.784375 1.23125 0.07539263858443082
v 0.8003886114155692 1.23125 0.09140624999999997
v 0.80625 1.23125 0.11328125
v 0.5 0.31875 0.32378125
v 0.5 1.2312499999999997 0.13671875
vt 0.165625 0.22499999999999998
vt 0.17890625 0.22499999999999998
vt 0.193140625 0.15937500000000004
vt 0.180640625 0.15937500000000004
vt 0.17890625 0.22499999999999998
vt 0.18862879978802416 0.22499999999999998
vt 0.20229126009461096 0.15937500000000004
vt 0.193140625 0.15937500000000004
vt 0.44765625 0.22499999999999998
vt 0.434375 0.22499999999999998
vt 0.4359375 0.15937500000000004
vt 0.44843750000000004 0.15937500000000004
vt 0.434375 0.22499999999999998
vt 0.06562499999999999 0.22499999999999998
vt 0.0640625 0.15937500000000004
vt 0.4359375 0.15937500000000004
vt 0.06562499999999999 0.22499999999999998
vt 0.052343749999999994 0.22499999999999998
vt 0.05156250000000001 0.15937500000000004
vt 0.0640625 0.15937500000000004
vt 0.18862879978802416 0.22499999999999998
vt 0.17890625 0.22499999999999998
vt 0.193140625 0.15937500000000004
vt 0.20229126009461096 0.15937500000000004
vt 0.17890625 0.22499999999999998
vt 0.165625 0.22499999999999998
vt 0.180640625 0.15937500000000004
vt 0.193140625 0.15937500000000004
vt 0.165625 0.22499999999999998
vt 0.13125 0.22499999999999998
vt 0.14314062500000002 0.15937500000000004
vt 0.180640625 0.15937500000000004
vt 0.13125 0.22499999999999998
vt 0.11796875 0.22499999999999998
vt 0.130640625 0.15937500000000004
vt 0.14314062500000002 0.15937500000000004
vt 0.11796875 0.22499999999999998
vt 0.10824620021197585 0.22499999999999998
vt 0.12148998990538903 0.15937500000000004
vt 0.130640625 0.15937500000000004
vt 0.05234374999999997 0.22499999999999998
vt 0.06562499999999999 0.22499999999999998
vt 0.0640625 0.15937500000000004
vt 0.05156249999999998 0.15937500000000004
vt 0.06562499999999999 0.22499999999999998
vt 0.434375 0.22499999999999998
vt 0.4359375 0.15937500000000004
vt 0.0640625 0.15937500000000004
vt 0.434375 0.22499999999999998
vt 0.44765625 0.22499999999999998
vt 0.44843750000000004 0.15937500000000004
vt 0.4359375 0.15937500000000004
vt 0.44765625 0.22499999999999998
vt 0.45737879978802415 0.22499999999999998
vt 0.45758813509461094 0.15937500000000004
vt 0.44843750000000004 0.15937500000000004
vt 0.11796874999999998 0.22499999999999998
vt 0.13125 0.22499999999999998
vt 0.14314062500000002 0.15937500000000004
vt 0.130640625 0.15937500000000004
vt 0.13125 0.22499999999999998
vt 0.165625 0.22499999999999998
vt 0.180640625 0.15937500000000004
vt 0.14314062500000002 0.15937500000000004
vt 0.11865625000000002 0.43125
vt 0.1319375 0.43125
vt 0.17890625 0.22499999999999998
vt 0.165625 0.22499999999999998
vt 0.1319375 0.43125
vt 0.14166004978802416 0.43125
vt 0.18862879978802416 0.22499999999999998
vt 0.17890625 0.22499999999999998
vt 0.43671875000000004 0.43125
vt 0.4234375 0.43125
vt 0.434375 0.22499999999999998
vt 0.44765625 0.22499999999999998
vt 0.4234375 0.43125
vt 0.07656249999999998 0.43125
vt 0.06562499999999999 0.22499999999999998
vt 0.434375 0.22499999999999998
vt 0.07656249999999998 0.43125
vt 0.06328124999999998 0.43125
vt 0.052343749999999994 0.22499999999999998
vt 0.06562499999999999 0.22499999999999998
vt 0.14166004978802416 0.43125
vt 0.1319375 0.43125
vt 0.17890625 0.22499999999999998
vt 0.18862879978802416 0.22499999999999998
vt 0.1319375 0.43125
vt 0.11865625000000002 0.43125
vt 0.165625 0.22499999999999998
vt 0.17890625 0.22499999999999998
vt 0.11865625000000002 0.43125
vt 0.09365625 0.43125
vt 0.13125 0.22499999999999998
vt 0.165625 0.22499999999999998
vt 0.09365625 0.43125
vt 0.080375 0.43125
vt 0.11796875 0.22499999999999998
vt 0.13125 0.22499999999999998
vt 0.080375 0.43125
vt 0.07065245021197586 0.43125
vt 0.10824620021197585 0.22499999999999998
vt 0.11796875 0.22499999999999998
vt 0.06328124999999996 0.43125
vt 0.07656249999999998 0.43125
vt 0.06562499999999999 0.22499999999999998
vt 0.05234374999999997 0.22499999999999998
vt 0.07656249999999998 0.43125
vt 0.4234375 0.43125
vt 0.434375 0.22499999999999998
vt 0.06562499999999999 0.22499999999999998
vt 0.4234375 0.43125
vt 0.43671875000000004 0.43125
vt 0.44765625 0.22499999999999998
vt 0.434375 0.22499999999999998
vt 0.07065245021197586 0.43125
vt 0.080375 0.43125
vt 0.11796874999999998 0.22499999999999998
vt 0.10824620021197585 0.22499999999999998
vt 0.080375 0.43125
vt 0.09365625 0.43125
vt 0.13125 0.22499999999999998
vt 0.11796874999999998 0.22499999999999998
vt 0.09365625 0.43125
vt 0.11865625000000002 0.43125
vt 0.165625 0.22499999999999998
vt 0.13125 0.22499999999999998
vt 0.087765625 0.578125
vt 0.10026562500000001 0.578125
vt 0.1319375 0.43125
vt 0.11865625000000002 0.43125
vt 0.10026562500000001 0.578125
vt 0.10941626009461096 0.578125
vt 0.14166004978802416 0.43125
vt 0.1319375 0.43125
vt 0.415625 0.578125
vt 0.403125 0.578125
vt 0.4234375 0.43125
vt 0.43671875000000004 0.43125
vt 0.403125 0.578125
vt 0.09687499999999999 0.578125
vt 0.07656249999999998 0.43125
vt 0.4234375 0.43125
vt 0.09687499999999999 0.578125
vt 0.084375 0.578125
vt 0.06328124999999998 0.43125
vt 0.07656249999999998 0.43125
vt 0.084375 0.578125
vt 0.07522436490538903 0.578125
vt 0.05355870021197584 0.43125
vt 0.06328124999999998 0.43125
vt 0.10026562500000001 0.578125
vt 0.087765625 0.578125
vt 0.11865625000000002 0.43125
vt 0.1319375 0.43125
vt 0.087765625 0.578125
vt 0.064328125 0.578125
vt 0.09365625 0.43125
vt 0.11865625000000002 0.43125
vt 0.064328125 0.578125
vt 0.05182812499999999 0.578125
vt 0.080375 0.43125
vt 0.09365625 0.43125
vt 0.05182812499999999 0.578125
vt 0.04267748990538904 0.578125
vt 0.07065245021197586 0.43125
vt 0.080375 0.43125
vt 0.08437499999999998 0.578125
vt 0.09687499999999999 0.578125
vt 0.07656249999999998 0.43125
vt 0.06328124999999996 0.43125
vt 0.09687499999999999 0.578125
vt 0.403125 0.578125
vt 0.4234375 0.43125
vt 0.07656249999999998 0.43125
vt 0.403125 0.578125
vt 0.415625 0.578125
vt 0.43671875000000004 0.43125
vt 0.4234375 0.43125
vt 0.04267748990538904 0.578125
vt 0.05182812499999999 0.578125
vt 0.080375 0.43125
vt 0.07065245021197586 0.43125
vt 0.05182812499999999 0.578125
vt 0.064328125 0.578125
vt 0.09365625 0.43125
vt 0.080375 0.43125
vt 0.064328125 0.578125
vt 0.087765625 0.578125
vt 0.11865625000000002 0.43125
vt 0.09365625 0.43125
vt 0.080078125 0.615625
vt 0.09101562499999999 0.615625
vt 0.10026562500000001 0.578125
vt 0.087765625 0.578125
vt 0.09101562499999999 0.615625
vt 0.0990224307077846 0.615625
vt 0.10941626009461096 0.578125
vt 0.10026562500000001 0.578125
vt 0.3921875 0.615625
vt 0.38125 0.615625
vt 0.403125 0.578125
vt 0.415625 0.578125
vt 0.38125 0.615625
vt 0.11875 0.615625
vt 0.09687499999999999 0.578125
vt 0.403125 0.578125
vt 0.11875 0.615625
vt 0.1078125 0.615625
vt 0.084375 0.578125
vt 0.09687499999999999 0.578125
vt 0.0990224307077846 0.615625
vt 0.09101562499999999 0.615625
vt 0.10026562500000001 0.578125
vt 0.10941626009461096 0.578125
vt 0.09101562499999999 0.615625
vt 0.080078125 0.615625
vt 0.087765625 0.578125
vt 0.10026562500000001 0.578125
vt 0.080078125 0.615625
vt 0.056640625 0.615625
vt 0.064328125 0.578125
vt 0.087765625 0.578125
vt 0.056640625 0.615625
vt 0.04570312500000001 0.615625
vt 0.05182812499999999 0.578125
vt 0.064328125 0.578125
vt 0.04570312500000001 0.615625
vt 0.03769631929221541 0.615625
vt 0.04267748990538904 0.578125
vt 0.05182812499999999 0.578125
vt 0.10781249999999998 0.615625
vt 0.11875 0.615625
vt 0.09687499999999999 0.578125
vt 0.08437499999999998 0.578125
vt 0.11875 0.615625
vt 0.38125 0.615625
vt 0.403125 0.578125
vt 0.09687499999999999 0.578125
vt 0.38125 0.615625
vt 0.3921875 0.615625
vt 0.415625 0.578125
vt 0.403125 0.578125
vt 0.03769631929221541 0.615625
vt 0.04570312499999998 0.615625
vt 0.05182812499999999 0.578125
vt 0.04267748990538904 0.578125
vt 0.04570312499999998 0.615625
vt 0.056640625 0.615625
vt 0.064328125 0.578125
vt 0.05182812499999999 0.578125
vt 0.056640625 0.615625
vt 0.080078125 0.615625
vt 0.087765625 0.578125
vt 0.064328125 0.578125
vt 0.25 0.8381093749999999
vt 0.4609375 0.819359375
vt 0.45758813509461094 0.8068593749999999
vt 0.25 0.8381093749999999
vt 0.45758813509461094 0.8068593749999999
vt 0.44843750000000004 0.797708739905389
vt 0.25 0.8381093749999999
vt 0.44843750000000004 0.797708739905389
vt 0.4359375 0.794359375
vt 0.25 0.8381093749999999
vt 0.4359375 0.794359375
vt 0.0640625 0.794359375
vt 0.25 0.8381093749999999
vt 0.0640625 0.794359375
vt 0.05156250000000001 0.797708739905389
vt 0.25 0.8381093749999999
vt 0.05156250000000001 0.797708739905389
vt 0.042411864905389035 0.8068593749999999
vt 0.25 0.8381093749999999
vt 0.042411864905389035 0.8068593749999999
vt 0.0390625 0.819359375
vt 0.25 0.8381093749999999
vt 0.0390625 0.819359375
vt 0.0390625 0.856859375
vt 0.25 0.8381093749999999
vt 0.0390625 0.856859375
vt 0.042411864905389035 0.8693593749999999
vt 0.25 0.8381093749999999
vt 0.042411864905389035 0.8693593749999999
vt 0.05156249999999998 0.8785100100946109
vt 0.25 0.8381093749999999
vt 0.05156249999999998 0.8785100100946109
vt 0.0640625 0.881859375
vt 0.25 0.8381093749999999
vt 0.0640625 0.881859375
vt 0.4359375 0.881859375
vt 0.25 0.8381093749999999
vt 0.4359375 0.881859375
vt 0.44843750000000004 0.8785100100946109
vt 0.25 0.8381093749999999
vt 0.44843750000000004 0.8785100100946109
vt 0.45758813509461094 0.8693593749999999
vt 0.25 0.8381093749999999
vt 0.45758813509461094 0.8693593749999999
vt 0.4609375 0.856859375
vt 0.25 0.8381093749999999
vt 0.4609375 0.856859375
vt 0.4609375 0.819359375
vt 0.4001943057077846 0.908984375
vt 0.403125 0.919921875
vt 0.25 0.931640625
vt 0.3921875 0.9009775692922154
vt 0.4001943057077846 0.908984375
vt 0.25 0.931640625
vt 0.38125 0.898046875
vt 0.3921875 0.9009775692922154
vt 0.25 0.931640625
vt 0.11875 0.898046875
vt 0.38125 0.898046875
vt 0.25 0.931640625
vt 0.1078125 0.9009775692922154
vt 0.11875 0.898046875
vt 0.25 0.931640625
vt 0.09980569429221539 0.908984375
vt 0.1078125 0.9009775692922154
vt 0.25 0.931640625
vt 0.09687499999999999 0.919921875
vt 0.09980569429221539 0.908984375
vt 0.25 0.931640625
vt 0.09687499999999999 0.943359375
vt 0.09687499999999999 0.919921875
vt 0.25 0.931640625
vt 0.09980569429221539 0.954296875
vt 0.09687499999999999 0.943359375
vt 0.25 0.931640625
vt 0.10781249999999998 0.9623036807077846
vt 0.09980569429221539 0.954296875
vt 0.25 0.931640625
vt 0.11875 0.965234375
vt 0.10781249999999998 0.9623036807077846
vt 0.25 0.931640625
vt 0.38125 0.965234375
vt 0.11875 0.965234375
vt 0.25 0.931640625
vt 0.3921875 0.9623036807077846
vt 0.38125 0.965234375
vt 0.25 0.931640625
vt 0.4001943057077846 0.954296875
vt 0.3921875 0.9623036807077846
vt 0.25 0.931640625
vt 0.403125 0.943359375
vt 0.4001943057077846 0.954296875
vt 0.25 0.931640625
vt 0.403125 0.919921875
vt 0.403125 0.943359375
vt 0.25 0.931640625
vn 0.9642364983907272 0.05911669090600189 0.25836639105640924
vn 0.6986959107602804 0.15377922022732735 0.6986959107602804
vn 0.25358720407621804 0.20004985817440815 0.9464003297617799
vn 0 0.20082362021561578 0.9796274156859301
vn -0.2535872040762176 0.2000498581744079 0.9464003297617802
vn -0.6986959107602814 0.15377922022732682 0.6986959107602794
vn -0.9642364983907272 0.05911669090600221 0.25836639105640924
vn -1 0 0
vn -0.9648654466633397 -0.04684406476624331 -0.2585349172381365
vn -0.700816441874526 -0.13308880342335777 -0.700816441874524
vn -0.2541834063262658 -0.1884162184394514 -0.948625386850549
vn 0 -0.20082362021561556 -0.9796274156859301
vn 0.25418340632626674 -0.18841621843945097 -0.9486253868505486
vn 0.7008164418745233 -0.1330888034233587 -0.7008164418745264
vn 0.9648654466633397 -0.046844064766243296 -0.2585349172381362
vn 1 0 0
vn 0.9601174056140548 0.10950104624626744 0.25726268347335096
vn 0.6935712041042599 0.19472536987957412 0.6935712041042579
vn 0.25202858383724436 0.22756166280953027 0.9405834798402292
vn 0 0.22204251341605175 0.9750369850605067
vn -0.25202858383724486 0.22756166280953027 0.940583479840229
vn -0.6935712041042589 0.19472536987957437 0.6935712041042589
vn -0.9601174056140548 0.10950104624626744 0.25726268347335096
vn -0.9985968522504756 0.052955893679949406 0
vn -0.9659179136366925 0.004047652894189776 -0.258816924913707
vn -0.704172341388001 -0.09100894048544889 -0.7041723413879991
vn -0.25547464865038366 -0.16023900737115773 -0.9534443688090404
vn 0 -0.17931828897574403 -0.9837911115876233
vn 0.25547464865038366 -0.1602390073711578 -0.9534443688090404
vn 0.704172341388001 -0.09100894048544883 -0.7041723413879991
vn 0.9659179136366925 0.004047652894189761 -0.258816924913707
vn 0.9985968522504756 0.052955893679949406 0
vn 0.9474774273326245 0.19450860400022849 0.25387581150049227
vn 0.6848869523914961 0.24871615325060248 0.6848869523914961
vn 0.2511372240680595 0.2418256309391402 0.937256879893808
vn 0 0.2157534299527849 0.9764478774945484
vn -0.25113722406806005 0.2418256309391403 0.937256879893808
vn -0.6848869523914951 0.24871615325060245 0.6848869523914972
vn -0.947477427332624 0.19450860400022887 0.2538758115004942
vn -0.9890901778818175 0.1473113030887814 0
vn -0.9618479784435866 0.09179092952607874 -0.2577263890654668
vn -0.7067190759958747 -0.03311034954624212 -0.7067190759958747
vn -0.2560742627500659 -0.14525006969520557 -0.9556821590939888
vn 0 -0.18575256114220515 -0.9825965530313606
vn 0.2560742627500659 -0.14525006969520557 -0.9556821590939888
vn 0.7067190759958747 -0.03311034954624226 -0.7067190759958747
vn 0.9618479784435872 0.09179092952607944 -0.25772638906546486
vn 0.9890901778818175 0.14731130308878157 0
vn 0.7924293694176624 0.5718140622452471 0.2123308095941685
vn 0.5961355388417444 0.5378148739666198 0.5961355388417402
vn 0.2378133853811235 0.39462943012978974 0.8875316369623151
vn 0 0.2770469256046618 0.9608563893803305
vn -0.23781338538112462 0.39462943012978996 0.8875316369623146
vn -0.5961355388417425 0.5378148739666195 0.5961355388417425
vn -0.7924293694176632 0.5718140622452466 0.2123308095941667
vn -0.8320502943378436 0.5547001962252293 0
vn -0.831597157447593 0.5087188186780117 -0.2228257867660998
vn -0.6678207511422197 0.3286805267850299 -0.6678207511422185
vn -0.2586743110760272 0.03343809142260167 -0.9653856715486079
vn 0 -0.12077604005490926 -0.9926797812732238
vn 0.2586743110760265 0.0334380914226015 -0.965385671548608
vn 0.6678207511422196 0.32868052678503024 -0.6678207511422184
vn 0.8315971574475932 0.5087188186780109 -0.2228257867661014
vn 0.832050294337844 0.5547001962252289 0
vn 0 -1 0
vn 0 -1 0
vn 0 -1 0
vn 0 -1 0
vn 0 -1 0
vn 0 -1 0
vn 0 -1 0
vn 0 -1 0
vn 0 -1 0
vn 0 -1 0
vn 0 -1 0
vn 0 -1 0
vn 0 -1 0
vn 0 -1 0
vn 0 -1 0
vn 0 -1 0
vn -7.104743956312963e-16 1 -1.9037104055239764e-16
vn -6.423022593586935e-16 1 -6.423022593586891e-16
vn -4.3262704727497317e-16 1 -1.6145861211587104e-15
vn 0 1 -3.3048499337679074e-15
vn 4.3262704727497415e-16 1 -1.6145861211587059e-15
vn 6.42302259358693e-16 1 -6.42302259358693e-16
vn 7.104743956312965e-16 1 -1.903710405523959e-16
vn 7.250436079184695e-16 1 0
vn 7.104743956312964e-16 1 1.9037104055239587e-16
vn 6.423022593586931e-16 1 6.423022593586919e-16
vn 4.3262704727497465e-16 1 1.6145861211587041e-15
vn 0 1 3.3048499337679074e-15
vn -4.3262704727497415e-16 1 1.6145861211587063e-15
vn -6.423022593586931e-16 1 6.42302259358692e-16
vn -7.104743956312963e-16 1 1.9037104055239717e-16
vn -7.250436079184695e-16 1 0
usemtl chair_titanium
f 908/3873/1073 909/3874/1073 893/3875/1073 892/3876/1073
f 909/3877/1074 910/3878/1074 894/3879/1074 893/3880/1074
f 910/3881/1075 911/3882/1075 895/3883/1075 894/3884/1075
f 911/3885/1076 912/3886/1076 896/3887/1076 895/3888/1076
f 912/3889/1077 913/3890/1077 897/3891/1077 896/3892/1077
f 913/3893/1078 914/3894/1078 898/3895/1078 897/3896/1078
f 914/3897/1079 915/3898/1079 899/3899/1079 898/3900/1079
f 915/3901/1080 916/3902/1080 900/3903/1080 899/3904/1080
f 916/3905/1081 917/3906/1081 901/3907/1081 900/3908/1081
f 917/3909/1082 918/3910/1082 902/3911/1082 901/3912/1082
f 918/3913/1083 919/3914/1083 903/3915/1083 902/3916/1083
f 919/3917/1084 920/3918/1084 904/3919/1084 903/3920/1084
f 920/3921/1085 921/3922/1085 905/3923/1085 904/3924/1085
f 921/3925/1086 922/3926/1086 906/3927/1086 905/3928/1086
f 922/3929/1087 891/3930/1087 907/3931/1087 906/3932/1087
f 891/3933/1088 908/3934/1088 892/3935/1088 907/3936/1088
f 923/3937/1089 924/3938/1089 909/3939/1089 908/3940/1089
f 924/3941/1090 925/3942/1090 910/3943/1090 909/3944/1090
f 925/3945/1091 926/3946/1091 911/3947/1091 910/3948/1091
f 926/3949/1092 927/3950/1092 912/3951/1092 911/3952/1092
f 927/3953/1093 928/3954/1093 913/3955/1093 912/3956/1093
f 928/3957/1094 929/3958/1094 914/3959/1094 913/3960/1094
f 929/3961/1095 930/3962/1095 915/3963/1095 914/3964/1095
f 930/3965/1096 931/3966/1096 916/3967/1096 915/3968/1096
f 931/3969/1097 932/3970/1097 917/3971/1097 916/3972/1097
f 932/3973/1098 933/3974/1098 918/3975/1098 917/3976/1098
f 933/3977/1099 934/3978/1099 919/3979/1099 918/3980/1099
f 934/3981/1100 935/3982/1100 920/3983/1100 919/3984/1100
f 935/3985/1101 936/3986/1101 921/3987/1101 920/3988/1101
f 936/3989/1102 937/3990/1102 922/3991/1102 921/3992/1102
f 937/3993/1103 938/3994/1103 891/3995/1103 922/3996/1103
f 938/3997/1104 923/3998/1104 908/3999/1104 891/4000/1104
f 939/4001/1105 940/4002/1105 924/4003/1105 923/4004/1105
f 940/4005/1106 941/4006/1106 925/4007/1106 924/4008/1106
f 941/4009/1107 942/4010/1107 926/4011/1107 925/4012/1107
f 942/4013/1108 943/4014/1108 927/4015/1108 926/4016/1108
f 943/4017/1109 944/4018/1109 928/4019/1109 927/4020/1109
f 944/4021/1110 945/4022/1110 929/4023/1110 928/4024/1110
f 945/4025/1111 946/4026/1111 930/4027/1111 929/4028/1111
f 946/4029/1112 947/4030/1112 931/4031/1112 930/4032/1112
f 947/4033/1113 948/4034/1113 932/4035/1113 931/4036/1113
f 948/4037/1114 949/4038/1114 933/4039/1114 932/4040/1114
f 949/4041/1115 950/4042/1115 934/4043/1115 933/4044/1115
f 950/4045/1116 951/4046/1116 935/4047/1116 934/4048/1116
f 951/4049/1117 952/4050/1117 936/4051/1117 935/4052/1117
f 952/4053/1118 953/4054/1118 937/4055/1118 936/4056/1118
f 953/4057/1119 954/4058/1119 938/4059/1119 937/4060/1119
f 954/4061/1120 939/4062/1120 923/4063/1120 938/4064/1120
f 955/4065/1121 956/4066/1121 940/4067/1121 939/4068/1121
f 956/4069/1122 957/4070/1122 941/4071/1122 940/4072/1122
f 957/4073/1123 958/4074/1123 942/4075/1123 941/4076/1123
f 958/4077/1124 959/4078/1124 943/4079/1124 942/4080/1124
f 959/4081/1125 960/4082/1125 944/4083/1125 943/4084/1125
f 960/4085/1126 961/4086/1126 945/4087/1126 944/4088/1126
f 961/4089/1127 962/4090/1127 946/4091/1127 945/4092/1127
f 962/4093/1128 963/4094/1128 947/4095/1128 946/4096/1128
f 963/4097/1129 964/4098/1129 948/4099/1129 947/4100/1129
f 964/4101/1130 965/4102/1130 949/4103/1130 948/4104/1130
f 965/4105/1131 966/4106/1131 950/4107/1131 949/4108/1131
f 966/4109/1132 967/4110/1132 951/4111/1132 950/4112/1132
f 967/4113/1133 968/4114/1133 952/4115/1133 951/4116/1133
f 968/4117/1134 969/4118/1134 953/4119/1134 952/4120/1134
f 969/4121/1135 970/4122/1135 954/4123/1135 953/4124/1135
f 970/4125/1136 955/4126/1136 939/4127/1136 954/4128/1136
f 971/4129/1137 892/4130/1137 893/4131/1137
f 971/4132/1138 893/4133/1138 894/4134/1138
f 971/4135/1139 894/4136/1139 895/4137/1139
f 971/4138/1140 895/4139/1140 896/4140/1140
f 971/4141/1141 896/4142/1141 897/4143/1141
f 971/4144/1142 897/4145/1142 898/4146/1142
f 971/4147/1143 898/4148/1143 899/4149/1143
f 971/4150/1144 899/4151/1144 900/4152/1144
f 971/4153/1145 900/4154/1145 901/4155/1145
f 971/4156/1146 901/4157/1146 902/4158/1146
f 971/4159/1147 902/4160/1147 903/4161/1147
f 971/4162/1148 903/4163/1148 904/4164/1148
f 971/4165/1149 904/4166/1149 905/4167/1149
f 971/4168/1150 905/4169/1150 906/4170/1150
f 971/4171/1151 906/4172/1151 907/4173/1151
f 971/4174/1152 907/4175/1152 892/4176/1152
f 956/4177/1153 955/4178/1153 972/4179/1153
f 957/4180/1154 956/4181/1154 972/4182/1154
f 958/4183/1155 957/4184/1155 972/4185/1155
f 959/4186/1156 958/4187/1156 972/4188/1156
f 960/4189/1157 959/4190/1157 972/4191/1157
f 961/4192/1158 960/4193/1158 972/4194/1158
f 962/4195/1159 961/4196/1159 972/4197/1159
f 963/4198/1160 962/4199/1160 972/4200/1160
f 964/4201/1161 963/4202/1161 972/4203/1161
f 965/4204/1162 964/4205/1162 972/4206/1162
f 966/4207/1163 965/4208/1163 972/4209/1163
f 967/4210/1164 966/4211/1164 972/4212/1164
f 968/4213/1165 967/4214/1165 972/4215/1165
f 969/4216/1166 968/4217/1166 972/4218/1166
f 970/4219/1167 969/4220/1167 972/4221/1167
f 955/4222/1168 970/4223/1168 972/4224/1168
o rear_central_spine
v 0.596875 1.0375 0.06206250000000001
v 0.593525635094611 1.05 0.05950000000000001
v 0.584375 1.059150635094611 0.05762411980560478
v 0.571875 1.0625 0.05693750000000003
v 0.428125 1.0625 0.05693750000000003
v 0.415625 1.059150635094611 0.05762411980560478
v 0.406474364905389 1.05 0.05950000000000001
v 0.403125 1.0375 0.06206250000000001
v 0.403125 0.4625 0.17993750000000003
v 0.406474364905389 0.45 0.18250000000000002
v 0.41562499999999997 0.44084936490538906 0.18437588019439527
v 0.428125 0.4375 0.18506250000000002
v 0.571875 0.4375 0.18506250000000002
v 0.584375 0.44084936490538906 0.18437588019439527
v 0.593525635094611 0.45 0.18250000000000002
v 0.596875 0.4625 0.17993750000000003
v 0.6125 1.040625 0.07267187500000005
v 0.6074759526419165 1.059375 0.06882812500000005
v 0.59375 1.0731009526419164 0.06601430470840716
v 0.575 1.078125 0.06498437500000004
v 0.425 1.078125 0.06498437500000004
v 0.40625 1.0731009526419164 0.06601430470840716
v 0.39252404735808355 1.059375 0.06882812500000005
v 0.38749999999999996 1.040625 0.07267187500000005
v 0.38749999999999996 0.459375 0.19182812500000004
v 0.39252404735808355 0.440625 0.19567187500000005
v 0.40625 0.42689904735808354 0.1984856952915929
v 0.425 0.421875 0.19951562500000003
v 0.575 0.421875 0.19951562500000003
v 0.59375 0.42689904735808354 0.1984856952915929
v 0.6074759526419165 0.44062499999999993 0.19567187500000005
v 0.6125 0.459375 0.19182812500000004
v 0.6125 1.040625 0.08767187500000001
v 0.6074759526419165 1.059375 0.083828125
v 0.59375 1.0731009526419164 0.08101430470840712
v 0.575 1.078125 0.079984375
v 0.425 1.078125 0.079984375
v 0.40625 1.0731009526419164 0.08101430470840712
v 0.39252404735808355 1.059375 0.083828125
v 0.38749999999999996 1.040625 0.08767187500000001
v 0.38749999999999996 0.459375 0.206828125
v 0.39252404735808355 0.440625 0.210671875
v 0.40625 0.42689904735808354 0.21348569529159286
v 0.425 0.421875 0.214515625
v 0.575 0.421875 0.214515625
v 0.59375 0.42689904735808354 0.21348569529159286
v 0.6074759526419165 0.44062499999999993 0.210671875
v 0.6125 0.459375 0.206828125
v 0.5921875 1.0328125 0.10052343750000002
v 0.588838135094611 1.0453125 0.09796093749999998
v 0.5796875 1.054463135094611 0.09608505730560475
v 0.5671875 1.0578125 0.09539843749999999
v 0.4328125 1.0578125 0.09539843749999999
v 0.4203125 1.054463135094611 0.09608505730560475
v 0.41116186490538903 1.0453125 0.09796093749999998
v 0.4078125 1.0328125 0.10052343750000002
v 0.4078125 0.46718750000000003 0.2164765625
v 0.41116186490538903 0.4546875 0.2190390625
v 0.4203125 0.4455368649053891 0.22091494269439524
v 0.4328125 0.4421875 0.2216015625
v 0.5671875 0.4421875 0.2216015625
v 0.5796875 0.4455368649053891 0.22091494269439524
v 0.588838135094611 0.4546875 0.2190390625
v 0.5921875 0.46718750000000003 0.2164765625
v 0.5 0.75 0.12100000000000001
v 0.5 0.7499999999999999 0.1585
vt 0.2984375 0.51875
vt 0.2967628175473055 0.525
vt 0.3037379763209582 0.5296875
vt 0.30625 0.5203125
vt 0.2967628175473055 0.525
vt 0.2921875 0.5295753175473055
vt 0.296875 0.5365504763209582
vt 0.3037379763209582 0.5296875
vt 0.2921875 0.5295753175473055
vt 0.2859375 0.53125
vt 0.2875 0.5390625
vt 0.296875 0.5365504763209582
vt 0.2859375 0.53125
vt 0.2140625 0.53125
vt 0.2125 0.5390625
vt 0.2875 0.5390625
vt 0.2140625 0.53125
vt 0.2078125 0.5295753175473055
vt 0.203125 0.5365504763209582
vt 0.2125 0.5390625
vt 0.2078125 0.5295753175473055
vt 0.2032371824526945 0.525
vt 0.19626202367904177 0.5296875
vt 0.203125 0.5365504763209582
vt 0.2032371824526945 0.525
vt 0.2015625 0.51875
vt 0.19374999999999998 0.5203125
vt 0.19626202367904177 0.5296875
vt 0.2015625 0.51875
vt 0.2015625 0.23124999999999996
vt 0.19374999999999998 0.22968750000000004
vt 0.19374999999999998 0.5203125
vt 0.2015625 0.23124999999999996
vt 0.2032371824526945 0.22499999999999998
vt 0.19626202367904177 0.22031250000000002
vt 0.19374999999999998 0.22968750000000004
vt 0.2032371824526945 0.22499999999999998
vt 0.20781249999999998 0.22042468245269453
vt 0.203125 0.2134495236790418
vt 0.19626202367904177 0.22031250000000002
vt 0.20781249999999998 0.22042468245269453
vt 0.2140625 0.21875
vt 0.2125 0.2109375
vt 0.203125 0.2134495236790418
vt 0.2140625 0.21875
vt 0.2859375 0.21875
vt 0.2875 0.2109375
vt 0.2125 0.2109375
vt 0.2859375 0.21875
vt 0.2921875 0.22042468245269453
vt 0.296875 0.2134495236790418
vt 0.2875 0.2109375
vt 0.2921875 0.22042468245269453
vt 0.2967628175473055 0.22499999999999998
vt 0.3037379763209582 0.2203124999999999
vt 0.296875 0.2134495236790418
vt 0.2967628175473055 0.22499999999999998
vt 0.2984375 0.23124999999999996
vt 0.30625 0.22968750000000004
vt 0.3037379763209582 0.2203124999999999
vt 0.2984375 0.23124999999999996
vt 0.2984375 0.51875
vt 0.30625 0.5203125
vt 0.30625 0.22968750000000004
vt 0.036335937500000026 0.5203125
vt 0.03441406250000002 0.5296875
vt 0.0419140625 0.5296875
vt 0.043835937500000005 0.5203125
vt 0.03441406250000002 0.5296875
vt 0.03300715235420358 0.5365504763209582
vt 0.04050715235420356 0.5365504763209582
vt 0.0419140625 0.5296875
vt 0.296875 0.9669928476457964
vt 0.2875 0.9675078125
vt 0.2875 0.9600078125
vt 0.296875 0.9594928476457965
vt 0.2875 0.9675078125
vt 0.2125 0.9675078125
vt 0.2125 0.9600078125
vt 0.2875 0.9600078125
vt 0.2125 0.9675078125
vt 0.203125 0.9669928476457964
vt 0.203125 0.9594928476457965
vt 0.2125 0.9600078125
vt 0.03300715235420358 0.5365504763209582
vt 0.03441406250000002 0.5296875
vt 0.0419140625 0.5296875
vt 0.04050715235420356 0.5365504763209582
vt 0.03441406250000002 0.5296875
vt 0.036335937500000026 0.5203125
vt 0.043835937500000005 0.5203125
vt 0.0419140625 0.5296875
vt 0.036335937500000026 0.5203125
vt 0.09591406250000002 0.22968750000000004
vt 0.1034140625 0.22968750000000004
vt 0.043835937500000005 0.5203125
vt 0.09591406250000002 0.22968750000000004
vt 0.09783593750000003 0.22031250000000002
vt 0.1053359375 0.22031250000000002
vt 0.1034140625 0.22968750000000004
vt 0.09783593750000003 0.22031250000000002
vt 0.09924284764579645 0.2134495236790418
vt 0.10674284764579643 0.2134495236790418
vt 0.1053359375 0.22031250000000002
vt 0.203125 0.9007571523542035
vt 0.2125 0.9002421875
vt 0.2125 0.8927421875
vt 0.203125 0.8932571523542036
vt 0.2125 0.9002421875
vt 0.2875 0.9002421875
vt 0.2875 0.8927421875
vt 0.2125 0.8927421875
vt 0.2875 0.9002421875
vt 0.296875 0.9007571523542035
vt 0.296875 0.8932571523542036
vt 0.2875 0.8927421875
vt 0.296875 0.9007571523542035
vt 0.3037379763209582 0.9021640625
vt 0.3037379763209582 0.8946640625
vt 0.296875 0.8932571523542036
vt 0.09783593750000003 0.2203124999999999
vt 0.09591406250000002 0.22968750000000004
vt 0.1034140625 0.22968750000000004
vt 0.1053359375 0.2203124999999999
vt 0.09591406250000002 0.22968750000000004
vt 0.036335937500000026 0.5203125
vt 0.043835937500000005 0.5203125
vt 0.1034140625 0.22968750000000004
vt 0.30625 0.5203125
vt 0.3037379763209582 0.5296875
vt 0.2944190675473055 0.52265625
vt 0.29609375 0.51640625
vt 0.3037379763209582 0.5296875
vt 0.296875 0.5365504763209582
vt 0.28984375 0.5272315675473055
vt 0.2944190675473055 0.52265625
vt 0.296875 0.5365504763209582
vt 0.2875 0.5390625
vt 0.28359375 0.52890625
vt 0.28984375 0.5272315675473055
vt 0.2875 0.5390625
vt 0.2125 0.5390625
vt 0.21640625 0.52890625
vt 0.28359375 0.52890625
vt 0.2125 0.5390625
vt 0.203125 0.5365504763209582
vt 0.21015625 0.5272315675473055
vt 0.21640625 0.52890625
vt 0.203125 0.5365504763209582
vt 0.19626202367904177 0.5296875
vt 0.20558093245269451 0.52265625
vt 0.21015625 0.5272315675473055
vt 0.19626202367904177 0.5296875
vt 0.19374999999999998 0.5203125
vt 0.20390625 0.51640625
vt 0.20558093245269451 0.52265625
vt 0.19374999999999998 0.5203125
vt 0.19374999999999998 0.22968750000000004
vt 0.20390625 0.23359375000000004
vt 0.20390625 0.51640625
vt 0.19374999999999998 0.22968750000000004
vt 0.19626202367904177 0.22031250000000002
vt 0.20558093245269451 0.22734374999999996
vt 0.20390625 0.23359375000000004
vt 0.19626202367904177 0.22031250000000002
vt 0.203125 0.2134495236790418
vt 0.21015625 0.2227684324526945
vt 0.20558093245269451 0.22734374999999996
vt 0.203125 0.2134495236790418
vt 0.2125 0.2109375
vt 0.21640625 0.22109374999999998
vt 0.21015625 0.2227684324526945
vt 0.2125 0.2109375
vt 0.2875 0.2109375
vt 0.28359375 0.22109374999999998
vt 0.21640625 0.22109374999999998
vt 0.2875 0.2109375
vt 0.296875 0.2134495236790418
vt 0.28984375 0.2227684324526945
vt 0.28359375 0.22109374999999998
vt 0.296875 0.2134495236790418
vt 0.3037379763209582 0.2203124999999999
vt 0.2944190675473055 0.22734374999999996
vt 0.28984375 0.2227684324526945
vt 0.3037379763209582 0.2203124999999999
vt 0.30625 0.22968750000000004
vt 0.29609375 0.23359375000000004
vt 0.2944190675473055 0.22734374999999996
vt 0.30625 0.22968750000000004
vt 0.30625 0.5203125
vt 0.29609375 0.51640625
vt 0.29609375 0.23359375000000004
vt 0.2967628175473055 0.525
vt 0.2984375 0.51875
vt 0.25 0.375
vt 0.2921875 0.5295753175473055
vt 0.2967628175473055 0.525
vt 0.25 0.375
vt 0.2859375 0.53125
vt 0.2921875 0.5295753175473055
vt 0.25 0.375
vt 0.2140625 0.53125
vt 0.2859375 0.53125
vt 0.25 0.375
vt 0.2078125 0.5295753175473055
vt 0.2140625 0.53125
vt 0.25 0.375
vt 0.2032371824526945 0.525
vt 0.2078125 0.5295753175473055
vt 0.25 0.375
vt 0.2015625 0.51875
vt 0.2032371824526945 0.525
vt 0.25 0.375
vt 0.2015625 0.23124999999999996
vt 0.2015625 0.51875
vt 0.25 0.375
vt 0.2032371824526945 0.22499999999999998
vt 0.2015625 0.23124999999999996
vt 0.25 0.375
vt 0.20781249999999998 0.22042468245269453
vt 0.2032371824526945 0.22499999999999998
vt 0.25 0.375
vt 0.2140625 0.21875
vt 0.20781249999999998 0.22042468245269453
vt 0.25 0.375
vt 0.2859375 0.21875
vt 0.2140625 0.21875
vt 0.25 0.375
vt 0.2921875 0.22042468245269453
vt 0.2859375 0.21875
vt 0.25 0.375
vt 0.2967628175473055 0.22499999999999998
vt 0.2921875 0.22042468245269453
vt 0.25 0.375
vt 0.2984375 0.23124999999999996
vt 0.2967628175473055 0.22499999999999998
vt 0.25 0.375
vt 0.2984375 0.51875
vt 0.2984375 0.23124999999999996
vt 0.25 0.375
vt 0.25 0.375
vt 0.29609375 0.51640625
vt 0.2944190675473055 0.52265625
vt 0.25 0.375
vt 0.2944190675473055 0.52265625
vt 0.28984375 0.5272315675473055
vt 0.25 0.375
vt 0.28984375 0.5272315675473055
vt 0.28359375 0.52890625
vt 0.25 0.375
vt 0.28359375 0.52890625
vt 0.21640625 0.52890625
vt 0.25 0.375
vt 0.21640625 0.52890625
vt 0.21015625 0.5272315675473055
vt 0.25 0.375
vt 0.21015625 0.5272315675473055
vt 0.20558093245269451 0.52265625
vt 0.25 0.375
vt 0.20558093245269451 0.52265625
vt 0.20390625 0.51640625
vt 0.25 0.375
vt 0.20390625 0.51640625
vt 0.20390625 0.23359375000000004
vt 0.25 0.375
vt 0.20390625 0.23359375000000004
vt 0.20558093245269451 0.22734374999999996
vt 0.25 0.375
vt 0.20558093245269451 0.22734374999999996
vt 0.21015625 0.2227684324526945
vt 0.25 0.375
vt 0.21015625 0.2227684324526945
vt 0.21640625 0.22109374999999998
vt 0.25 0.375
vt 0.21640625 0.22109374999999998
vt 0.28359375 0.22109374999999998
vt 0.25 0.375
vt 0.28359375 0.22109374999999998
vt 0.28984375 0.2227684324526945
vt 0.25 0.375
vt 0.28984375 0.2227684324526945
vt 0.2944190675473055 0.22734374999999996
vt 0.25 0.375
vt 0.2944190675473055 0.22734374999999996
vt 0.29609375 0.23359375000000004
vt 0.25 0.375
vt 0.29609375 0.23359375000000004
vt 0.29609375 0.51640625
vn 0.5641234633636603 -0.018069578384673553 -0.8254927064605654
vn 0.42147190522232053 0.24232985762689455 -0.8738636468069811
vn 0.16297432974579726 0.4257718321318494 -0.8900324234582673
vn 0 0.45785013512164424 -0.889029388585716
vn -0.1629743297457971 0.4257718321318486 -0.8900324234582679
vn -0.42147190522232303 0.24232985762689746 -0.8738636468069791
vn -0.5641234633636596 -0.018069578384676297 -0.8254927064605658
vn -0.5763828453562008 -0.1641090045805853 -0.8005317296613917
vn -0.537304696413356 -0.30515125880447214 -0.7862482893222711
vn -0.36936939669245406 -0.5263658399255359 -0.765836308454057
vn -0.1356283404185458 -0.6580135139462441 -0.7406910075999488
vn 0 -0.6790419816174273 -0.7340994395864074
vn 0.1356283404185459 -0.6580135139462424 -0.7406910075999501
vn 0.36936939669245267 -0.5263658399255368 -0.7658363084540571
vn 0.5373046964133539 -0.30515125880447413 -0.7862482893222719
vn 0.5763828453562017 -0.16410900458058517 -0.800531729661391
vn 0.9659258262890679 0.2588190451025223 0
vn 0.7071067811865476 0.7071067811865476 0
vn 0.2588190451025223 0.9659258262890679 0
vn 0 1 0
vn -0.258819045102523 0.9659258262890679 0
vn -0.7071067811865476 0.7071067811865476 0
vn -0.9659258262890679 0.25881904510252224 0
vn -1 0 0
vn -0.9659258262890679 -0.258819045102523 0
vn -0.7071067811865476 -0.7071067811865476 0
vn -0.25881904510252035 -0.9659258262890685 0
vn 0 -1 0
vn 0.25881904510251963 -0.9659258262890686 0
vn 0.7071067811865461 -0.7071067811865489 0
vn 0.9659258262890679 -0.2588190451025223 0
vn 1 0 0
vn 0.42938282015948226 0.2903631014511131 0.8551723002223474
vn 0.2887270609547014 0.46077156303758054 0.8392414735750164
vn 0.10919290785959156 0.5738948903254867 0.8116166359380914
vn 0 0.604500474071322 0.796604780833976
vn -0.10919290785959195 0.5738948903254869 0.8116166359380912
vn -0.28872706095470163 0.46077156303758066 0.8392414735750164
vn -0.42938282015948 0.2903631014511127 0.8551723002223485
vn -0.4768920743882829 0.176516302533997 0.8610551343121805
vn -0.44782800941761564 0.06284605172382074 0.8919083180258962
vn -0.32254382363772677 -0.13034884421954693 0.9375364849667362
vn -0.12790673963884136 -0.28245805930357853 0.9507141056539647
vn 0 -0.32937968551464325 0.9441975549482612
vn 0.12790673963884097 -0.2824580593035784 0.9507141056539646
vn 0.3225438236377265 -0.1303488442195472 0.9375364849667364
vn 0.447828009417615 0.06284605172382077 0.8919083180258965
vn 0.4768920743882837 0.17651630253399692 0.8610551343121801
vn 6.351539555912382e-16 -0.20082362021561584 -0.9796274156859301
vn -2.9494900696881583e-17 -0.2008236202156156 -0.9796274156859301
vn -6.402928983245017e-16 -0.2008236202156155 -0.9796274156859303
vn 0 -0.20082362021561562 -0.9796274156859303
vn 6.402928983245017e-16 -0.20082362021561548 -0.9796274156859303
vn 2.9494900696881583e-17 -0.20082362021561562 -0.9796274156859301
vn -6.35153955591243e-16 -0.20082362021561584 -0.9796274156859301
vn -1.2203140672634602e-16 -0.2008236202156157 -0.9796274156859301
vn -1.0260179282627749e-15 -0.20082362021561542 -0.9796274156859301
vn 1.1797960278752673e-16 -0.20082362021561576 -0.9796274156859301
vn -6.595016852742339e-16 -0.20082362021561556 -0.9796274156859301
vn 0 -0.2008236202156157 -0.9796274156859303
vn 6.595016852742367e-16 -0.20082362021561562 -0.9796274156859303
vn -1.1797960278752619e-16 -0.20082362021561578 -0.9796274156859301
vn 1.0260179282627672e-15 -0.20082362021561545 -0.9796274156859304
vn 2.4406281345269193e-16 -0.20082362021561573 -0.9796274156859303
vn 0 0.20082362021561595 0.9796274156859301
vn 0 0.20082362021561564 0.9796274156859301
vn -8.34525566366565e-16 0.2008236202156157 0.9796274156859301
vn 0 0.20082362021561562 0.9796274156859301
vn 8.345255663665687e-16 0.20082362021561573 0.9796274156859303
vn 0 0.2008236202156157 0.9796274156859301
vn 0 0.2008236202156159 0.9796274156859301
vn 2.6072371718965373e-16 0.20082362021561567 0.9796274156859301
vn 0 0.20082362021561553 0.9796274156859301
vn 0 0.2008236202156157 0.9796274156859301
vn 8.345255663665701e-16 0.20082362021561564 0.9796274156859301
vn 0 0.2008236202156157 0.9796274156859301
vn -8.345255663665666e-16 0.20082362021561567 0.9796274156859303
vn 0 0.20082362021561564 0.9796274156859301
vn 0 0.20082362021561567 0.9796274156859301
vn -2.6072371718965373e-16 0.20082362021561567 0.9796274156859301
usemtl chair_graphite
f 973/4225/1169 974/4226/1169 990/4227/1169 989/4228/1169
f 974/4229/1170 975/4230/1170 991/4231/1170 990/4232/1170
f 975/4233/1171 976/4234/1171 992/4235/1171 991/4236/1171
f 976/4237/1172 977/4238/1172 993/4239/1172 992/4240/1172
f 977/4241/1173 978/4242/1173 994/4243/1173 993/4244/1173
f 978/4245/1174 979/4246/1174 995/4247/1174 994/4248/1174
f 979/4249/1175 980/4250/1175 996/4251/1175 995/4252/1175
f 980/4253/1176 981/4254/1176 997/4255/1176 996/4256/1176
f 981/4257/1177 982/4258/1177 998/4259/1177 997/4260/1177
f 982/4261/1178 983/4262/1178 999/4263/1178 998/4264/1178
f 983/4265/1179 984/4266/1179 1000/4267/1179 999/4268/1179
f 984/4269/1180 985/4270/1180 1001/4271/1180 1000/4272/1180
f 985/4273/1181 986/4274/1181 1002/4275/1181 1001/4276/1181
f 986/4277/1182 987/4278/1182 1003/4279/1182 1002/4280/1182
f 987/4281/1183 988/4282/1183 1004/4283/1183 1003/4284/1183
f 988/4285/1184 973/4286/1184 989/4287/1184 1004/4288/1184
f 989/4289/1185 990/4290/1185 1006/4291/1185 1005/4292/1185
f 990/4293/1186 991/4294/1186 1007/4295/1186 1006/4296/1186
f 991/4297/1187 992/4298/1187 1008/4299/1187 1007/4300/1187
f 992/4301/1188 993/4302/1188 1009/4303/1188 1008/4304/1188
f 993/4305/1189 994/4306/1189 1010/4307/1189 1009/4308/1189
f 994/4309/1190 995/4310/1190 1011/4311/1190 1010/4312/1190
f 995/4313/1191 996/4314/1191 1012/4315/1191 1011/4316/1191
f 996/4317/1192 997/4318/1192 1013/4319/1192 1012/4320/1192
f 997/4321/1193 998/4322/1193 1014/4323/1193 1013/4324/1193
f 998/4325/1194 999/4326/1194 1015/4327/1194 1014/4328/1194
f 999/4329/1195 1000/4330/1195 1016/4331/1195 1015/4332/1195
f 1000/4333/1196 1001/4334/1196 1017/4335/1196 1016/4336/1196
f 1001/4337/1197 1002/4338/1197 1018/4339/1197 1017/4340/1197
f 1002/4341/1198 1003/4342/1198 1019/4343/1198 1018/4344/1198
f 1003/4345/1199 1004/4346/1199 1020/4347/1199 1019/4348/1199
f 1004/4349/1200 989/4350/1200 1005/4351/1200 1020/4352/1200
f 1005/4353/1201 1006/4354/1201 1022/4355/1201 1021/4356/1201
f 1006/4357/1202 1007/4358/1202 1023/4359/1202 1022/4360/1202
f 1007/4361/1203 1008/4362/1203 1024/4363/1203 1023/4364/1203
f 1008/4365/1204 1009/4366/1204 1025/4367/1204 1024/4368/1204
f 1009/4369/1205 1010/4370/1205 1026/4371/1205 1025/4372/1205
f 1010/4373/1206 1011/4374/1206 1027/4375/1206 1026/4376/1206
f 1011/4377/1207 1012/4378/1207 1028/4379/1207 1027/4380/1207
f 1012/4381/1208 1013/4382/1208 1029/4383/1208 1028/4384/1208
f 1013/4385/1209 1014/4386/1209 1030/4387/1209 1029/4388/1209
f 1014/4389/1210 1015/4390/1210 1031/4391/1210 1030/4392/1210
f 1015/4393/1211 1016/4394/1211 1032/4395/1211 1031/4396/1211
f 1016/4397/1212 1017/4398/1212 1033/4399/1212 1032/4400/1212
f 1017/4401/1213 1018/4402/1213 1034/4403/1213 1033/4404/1213
f 1018/4405/1214 1019/4406/1214 1035/4407/1214 1034/4408/1214
f 1019/4409/1215 1020/4410/1215 1036/4411/1215 1035/4412/1215
f 1020/4413/1216 1005/4414/1216 1021/4415/1216 1036/4416/1216
f 974/4417/1217 973/4418/1217 1037/4419/1217
f 975/4420/1218 974/4421/1218 1037/4422/1218
f 976/4423/1219 975/4424/1219 1037/4425/1219
f 977/4426/1220 976/4427/1220 1037/4428/1220
f 978/4429/1221 977/4430/1221 1037/4431/1221
f 979/4432/1222 978/4433/1222 1037/4434/1222
f 980/4435/1223 979/4436/1223 1037/4437/1223
f 981/4438/1224 980/4439/1224 1037/4440/1224
f 982/4441/1225 981/4442/1225 1037/4443/1225
f 983/4444/1226 982/4445/1226 1037/4446/1226
f 984/4447/1227 983/4448/1227 1037/4449/1227
f 985/4450/1228 984/4451/1228 1037/4452/1228
f 986/4453/1229 985/4454/1229 1037/4455/1229
f 987/4456/1230 986/4457/1230 1037/4458/1230
f 988/4459/1231 987/4460/1231 1037/4461/1231
f 973/4462/1232 988/4463/1232 1037/4464/1232
f 1038/4465/1233 1021/4466/1233 1022/4467/1233
f 1038/4468/1234 1022/4469/1234 1023/4470/1234
f 1038/4471/1235 1023/4472/1235 1024/4473/1235
f 1038/4474/1236 1024/4475/1236 1025/4476/1236
f 1038/4477/1237 1025/4478/1237 1026/4479/1237
f 1038/4480/1238 1026/4481/1238 1027/4482/1238
f 1038/4483/1239 1027/4484/1239 1028/4485/1239
f 1038/4486/1240 1028/4487/1240 1029/4488/1240
f 1038/4489/1241 1029/4490/1241 1030/4491/1241
f 1038/4492/1242 1030/4493/1242 1031/4494/1242
f 1038/4495/1243 1031/4496/1243 1032/4497/1243
f 1038/4498/1244 1032/4499/1244 1033/4500/1244
f 1038/4501/1245 1033/4502/1245 1034/4503/1245
f 1038/4504/1246 1034/4505/1246 1035/4506/1246
f 1038/4507/1247 1035/4508/1247 1036/4509/1247
f 1038/4510/1248 1036/4511/1248 1021/4512/1248
o rear_service_cover
v 0.5671875 0.9671875000000001 0.06647656249999999
v 0.5659314881604791 0.971875 0.06551562500000001
v 0.5625 0.9753064881604792 0.06481216992710179
v 0.5578125 0.9765625 0.06455468750000001
v 0.4421875 0.9765625 0.06455468750000001
v 0.4375 0.9753064881604792 0.06481216992710179
v 0.4340685118395209 0.971875 0.06551562500000001
v 0.4328125 0.9671875000000001 0.06647656249999999
v 0.4328125 0.7578125 0.10939843750000001
v 0.4340685118395209 0.753125 0.11035937500000001
v 0.4375 0.7496935118395209 0.11106283007289823
v 0.4421875 0.7484375000000001 0.1113203125
v 0.5578125 0.7484375000000001 0.1113203125
v 0.5625 0.7496935118395209 0.11106283007289823
v 0.5659314881604791 0.753125 0.11035937500000001
v 0.5671875 0.7578125 0.10939843750000001
v 0.5828125 0.9734375000000001 0.06932031250000001
v 0.5803004763209583 0.9828125000000001 0.06739843749999998
v 0.5734375 0.9896754763209583 0.06599152735420355
v 0.5640625 0.9921875 0.0654765625
v 0.4359375 0.9921875 0.0654765625
v 0.4265625 0.9896754763209583 0.06599152735420355
v 0.4196995236790418 0.9828125000000001 0.06739843749999998
v 0.4171875 0.9734375000000001 0.06932031250000001
v 0.4171875 0.7515625 0.1148046875
v 0.4196995236790418 0.7421875 0.11672656250000002
v 0.4265625 0.7353245236790418 0.11813347264579645
v 0.4359375 0.7328125000000001 0.11864843749999998
v 0.5640625 0.7328125000000001 0.11864843749999998
v 0.5734375 0.7353245236790418 0.11813347264579645
v 0.5803004763209583 0.7421875 0.11672656250000002
v 0.5828125 0.7515625 0.1148046875
v 0.5828125 0.9734375000000001 0.07482031250000001
v 0.5803004763209583 0.9828125000000001 0.07289843749999998
v 0.5734375 0.9896754763209583 0.07149152735420355
v 0.5640625 0.9921875 0.0709765625
v 0.4359375 0.9921875 0.0709765625
v 0.4265625 0.9896754763209583 0.07149152735420355
v 0.4196995236790418 0.9828125000000001 0.07289843749999998
v 0.4171875 0.9734375000000001 0.07482031250000001
v 0.4171875 0.7515625 0.12030468750000001
v 0.4196995236790418 0.7421875 0.12222656250000002
v 0.4265625 0.7353245236790418 0.12363347264579645
v 0.4359375 0.7328125000000001 0.12414843749999999
v 0.5640625 0.7328125000000001 0.12414843749999999
v 0.5734375 0.7353245236790418 0.12363347264579645
v 0.5803004763209583 0.7421875 0.12222656250000002
v 0.5828125 0.7515625 0.12030468750000001
v 0.5625 0.9625 0.08118750000000001
v 0.5612439881604792 0.9671875000000001 0.08022656249999997
v 0.5578125 0.9706189881604792 0.07952310742710177
v 0.553125 0.971875 0.07926562499999999
v 0.446875 0.971875 0.07926562499999999
v 0.4421875 0.9706189881604792 0.07952310742710177
v 0.4387560118395209 0.9671875000000001 0.08022656249999997
v 0.4375 0.9625 0.08118750000000001
v 0.4375 0.7625000000000001 0.12218749999999999
v 0.4387560118395209 0.7578125 0.1231484375
v 0.4421875 0.7543810118395209 0.12385189257289822
v 0.446875 0.753125 0.124109375
v 0.553125 0.753125 0.124109375
v 0.5578125 0.7543810118395209 0.12385189257289822
v 0.5612439881604792 0.7578125 0.1231484375
v 0.5625 0.7625000000000001 0.12218749999999999
v 0.5 0.8625 0.08793750000000002
v 0.5 0.8625 0.10168749999999999
vt 0.28359375 0.48359375000000004
vt 0.28296574408023956 0.4859375
vt 0.29015023816047913 0.49140625000000004
vt 0.29140625 0.4867187500000001
vt 0.28296574408023956 0.4859375
vt 0.28125 0.4876532440802396
vt 0.28671875 0.49483773816047916
vt 0.29015023816047913 0.49140625000000004
vt 0.28125 0.4876532440802396
vt 0.27890625 0.48828125
vt 0.28203125 0.49609375
vt 0.28671875 0.49483773816047916
vt 0.27890625 0.48828125
vt 0.22109375 0.48828125
vt 0.21796875 0.49609375
vt 0.28203125 0.49609375
vt 0.22109375 0.48828125
vt 0.21875 0.4876532440802396
vt 0.21328125 0.49483773816047916
vt 0.21796875 0.49609375
vt 0.21875 0.4876532440802396
vt 0.21703425591976044 0.4859375
vt 0.2098497618395209 0.49140625000000004
vt 0.21328125 0.49483773816047916
vt 0.21703425591976044 0.4859375
vt 0.21640625 0.48359375000000004
vt 0.20859375 0.4867187500000001
vt 0.2098497618395209 0.49140625000000004
vt 0.21640625 0.48359375000000004
vt 0.21640625 0.37890625
vt 0.20859375 0.37578124999999996
vt 0.20859375 0.4867187500000001
vt 0.21640625 0.37890625
vt 0.21703425591976044 0.3765625
vt 0.2098497618395209 0.37109375
vt 0.20859375 0.37578124999999996
vt 0.21703425591976044 0.3765625
vt 0.21875 0.37484675591976047
vt 0.21328125 0.3676622618395209
vt 0.2098497618395209 0.37109375
vt 0.21875 0.37484675591976047
vt 0.22109375 0.37421875000000004
vt 0.21796875 0.36640625000000004
vt 0.21328125 0.3676622618395209
vt 0.22109375 0.37421875000000004
vt 0.27890625 0.37421875000000004
vt 0.28203125 0.36640625000000004
vt 0.21796875 0.36640625000000004
vt 0.27890625 0.37421875000000004
vt 0.28125 0.37484675591976047
vt 0.28671875 0.3676622618395209
vt 0.28203125 0.36640625000000004
vt 0.28125 0.37484675591976047
vt 0.28296574408023956 0.3765625
vt 0.29015023816047913 0.37109375
vt 0.28671875 0.3676622618395209
vt 0.28296574408023956 0.3765625
vt 0.28359375 0.37890625
vt 0.29140625 0.37578124999999996
vt 0.29015023816047913 0.37109375
vt 0.28359375 0.37890625
vt 0.28359375 0.48359375000000004
vt 0.29140625 0.4867187500000001
vt 0.29140625 0.37578124999999996
vt 0.034660156250000004 0.4867187500000001
vt 0.03369921874999999 0.49140625000000004
vt 0.03644921874999999 0.49140625000000004
vt 0.03741015625000001 0.4867187500000001
vt 0.03369921874999999 0.49140625000000004
vt 0.032995763677101775 0.49483773816047916
vt 0.03574576367710178 0.49483773816047916
vt 0.03644921874999999 0.49140625000000004
vt 0.28671875 0.9670042363228982
vt 0.28203125 0.96726171875
vt 0.28203125 0.96451171875
vt 0.28671875 0.9642542363228982
vt 0.28203125 0.96726171875
vt 0.21796875 0.96726171875
vt 0.21796875 0.96451171875
vt 0.28203125 0.96451171875
vt 0.21796875 0.96726171875
vt 0.21328125 0.9670042363228982
vt 0.21328125 0.9642542363228982
vt 0.21796875 0.96451171875
vt 0.032995763677101775 0.49483773816047916
vt 0.03369921874999999 0.49140625000000004
vt 0.03644921874999999 0.49140625000000004
vt 0.03574576367710178 0.49483773816047916
vt 0.03369921874999999 0.49140625000000004
vt 0.034660156250000004 0.4867187500000001
vt 0.03741015625000001 0.4867187500000001
vt 0.03644921874999999 0.49140625000000004
vt 0.034660156250000004 0.4867187500000001
vt 0.05740234375 0.37578124999999996
vt 0.060152343750000004 0.37578124999999996
vt 0.03741015625000001 0.4867187500000001
vt 0.05740234375 0.37578124999999996
vt 0.05836328125000001 0.37109375
vt 0.06111328125000001 0.37109375
vt 0.060152343750000004 0.37578124999999996
vt 0.05836328125000001 0.37109375
vt 0.059066736322898224 0.3676622618395209
vt 0.061816736322898226 0.3676622618395209
vt 0.06111328125000001 0.37109375
vt 0.21328125 0.9409332636771017
vt 0.21796875 0.94067578125
vt 0.21796875 0.93792578125
vt 0.21328125 0.9381832636771018
vt 0.21796875 0.94067578125
vt 0.28203125 0.94067578125
vt 0.28203125 0.93792578125
vt 0.21796875 0.93792578125
vt 0.28203125 0.94067578125
vt 0.28671875 0.9409332636771017
vt 0.28671875 0.9381832636771018
vt 0.28203125 0.93792578125
vt 0.059066736322898224 0.3676622618395209
vt 0.05836328125000001 0.37109375
vt 0.06111328125000001 0.37109375
vt 0.061816736322898226 0.3676622618395209
vt 0.05836328125000001 0.37109375
vt 0.05740234375 0.37578124999999996
vt 0.060152343750000004 0.37578124999999996
vt 0.06111328125000001 0.37109375
vt 0.05740234375 0.37578124999999996
vt 0.034660156250000004 0.4867187500000001
vt 0.03741015625000001 0.4867187500000001
vt 0.060152343750000004 0.37578124999999996
vt 0.29140625 0.4867187500000001
vt 0.29015023816047913 0.49140625000000004
vt 0.2806219940802396 0.48359375000000004
vt 0.28125 0.48124999999999996
vt 0.29015023816047913 0.49140625000000004
vt 0.28671875 0.49483773816047916
vt 0.27890625 0.4853094940802396
vt 0.2806219940802396 0.48359375000000004
vt 0.28671875 0.49483773816047916
vt 0.28203125 0.49609375
vt 0.2765625 0.4859375
vt 0.27890625 0.4853094940802396
vt 0.28203125 0.49609375
vt 0.21796875 0.49609375
vt 0.2234375 0.4859375
vt 0.2765625 0.4859375
vt 0.21796875 0.49609375
vt 0.21328125 0.49483773816047916
vt 0.22109375 0.4853094940802396
vt 0.2234375 0.4859375
vt 0.21328125 0.49483773816047916
vt 0.2098497618395209 0.49140625000000004
vt 0.21937800591976045 0.48359375000000004
vt 0.22109375 0.4853094940802396
vt 0.2098497618395209 0.49140625000000004
vt 0.20859375 0.4867187500000001
vt 0.21875 0.48124999999999996
vt 0.21937800591976045 0.48359375000000004
vt 0.20859375 0.4867187500000001
vt 0.20859375 0.37578124999999996
vt 0.21875 0.3812500000000001
vt 0.21875 0.48124999999999996
vt 0.20859375 0.37578124999999996
vt 0.2098497618395209 0.37109375
vt 0.21937800591976045 0.37890625
vt 0.21875 0.3812500000000001
vt 0.2098497618395209 0.37109375
vt 0.21328125 0.3676622618395209
vt 0.22109375 0.37719050591976044
vt 0.21937800591976045 0.37890625
vt 0.21328125 0.3676622618395209
vt 0.21796875 0.36640625000000004
vt 0.2234375 0.3765625
vt 0.22109375 0.37719050591976044
vt 0.21796875 0.36640625000000004
vt 0.28203125 0.36640625000000004
vt 0.2765625 0.3765625
vt 0.2234375 0.3765625
vt 0.28203125 0.36640625000000004
vt 0.28671875 0.3676622618395209
vt 0.27890625 0.37719050591976044
vt 0.2765625 0.3765625
vt 0.28671875 0.3676622618395209
vt 0.29015023816047913 0.37109375
vt 0.2806219940802396 0.37890625
vt 0.27890625 0.37719050591976044
vt 0.29015023816047913 0.37109375
vt 0.29140625 0.37578124999999996
vt 0.28125 0.3812500000000001
vt 0.2806219940802396 0.37890625
vt 0.29140625 0.37578124999999996
vt 0.29140625 0.4867187500000001
vt 0.28125 0.48124999999999996
vt 0.28125 0.3812500000000001
vt 0.28296574408023956 0.4859375
vt 0.28359375 0.48359375000000004
vt 0.25 0.43125
vt 0.28125 0.4876532440802396
vt 0.28296574408023956 0.4859375
vt 0.25 0.43125
vt 0.27890625 0.48828125
vt 0.28125 0.4876532440802396
vt 0.25 0.43125
vt 0.22109375 0.48828125
vt 0.27890625 0.48828125
vt 0.25 0.43125
vt 0.21875 0.4876532440802396
vt 0.22109375 0.48828125
vt 0.25 0.43125
vt 0.21703425591976044 0.4859375
vt 0.21875 0.4876532440802396
vt 0.25 0.43125
vt 0.21640625 0.48359375000000004
vt 0.21703425591976044 0.4859375
vt 0.25 0.43125
vt 0.21640625 0.37890625
vt 0.21640625 0.48359375000000004
vt 0.25 0.43125
vt 0.21703425591976044 0.3765625
vt 0.21640625 0.37890625
vt 0.25 0.43125
vt 0.21875 0.37484675591976047
vt 0.21703425591976044 0.3765625
vt 0.25 0.43125
vt 0.22109375 0.37421875000000004
vt 0.21875 0.37484675591976047
vt 0.25 0.43125
vt 0.27890625 0.37421875000000004
vt 0.22109375 0.37421875000000004
vt 0.25 0.43125
vt 0.28125 0.37484675591976047
vt 0.27890625 0.37421875000000004
vt 0.25 0.43125
vt 0.28296574408023956 0.3765625
vt 0.28125 0.37484675591976047
vt 0.25 0.43125
vt 0.28359375 0.37890625
vt 0.28296574408023956 0.3765625
vt 0.25 0.43125
vt 0.28359375 0.48359375000000004
vt 0.28359375 0.37890625
vt 0.25 0.43125
vt 0.25 0.43125
vt 0.28125 0.48124999999999996
vt 0.2806219940802396 0.48359375000000004
vt 0.25 0.43125
vt 0.2806219940802396 0.48359375000000004
vt 0.27890625 0.4853094940802396
vt 0.25 0.43125
vt 0.27890625 0.4853094940802396
vt 0.2765625 0.4859375
vt 0.25 0.43125
vt 0.2765625 0.4859375
vt 0.2234375 0.4859375
vt 0.25 0.43125
vt 0.2234375 0.4859375
vt 0.22109375 0.4853094940802396
vt 0.25 0.43125
vt 0.22109375 0.4853094940802396
vt 0.21937800591976045 0.48359375000000004
vt 0.25 0.43125
vt 0.21937800591976045 0.48359375000000004
vt 0.21875 0.48124999999999996
vt 0.25 0.43125
vt 0.21875 0.48124999999999996
vt 0.21875 0.3812500000000001
vt 0.25 0.43125
vt 0.21875 0.3812500000000001
vt 0.21937800591976045 0.37890625
vt 0.25 0.43125
vt 0.21937800591976045 0.37890625
vt 0.22109375 0.37719050591976044
vt 0.25 0.43125
vt 0.22109375 0.37719050591976044
vt 0.2234375 0.3765625
vt 0.25 0.43125
vt 0.2234375 0.3765625
vt 0.2765625 0.3765625
vt 0.25 0.43125
vt 0.2765625 0.3765625
vt 0.27890625 0.37719050591976044
vt 0.25 0.43125
vt 0.27890625 0.37719050591976044
vt 0.2806219940802396 0.37890625
vt 0.25 0.43125
vt 0.2806219940802396 0.37890625
vt 0.28125 0.3812500000000001
vt 0.25 0.43125
vt 0.28125 0.3812500000000001
vt 0.28125 0.48124999999999996
vn 0.2297867130369392 -0.13598607685627506 -0.9636938587606123
vn 0.1607404202618645 -0.04141569759626996 -0.9861274041860179
vn 0.06372530504757581 0.03335705863581929 -0.9974098416076312
vn 0 0.058897577821269205 -0.9982640308689819
vn -0.06372530504757513 0.03335705863581955 -0.9974098416076312
vn -0.16074042026186428 -0.04141569759627015 -0.9861274041860179
vn -0.22978671303694118 -0.1359860768562718 -0.9636938587606122
vn -0.2503836823109379 -0.19442672300660013 -0.9484230390565859
vn -0.22439260026014424 -0.25304551287405413 -0.9410716919357409
vn -0.15121329708205292 -0.3413875734515983 -0.9276793969246081
vn -0.05830645239223758 -0.4046847293173735 -0.9125955442948185
vn 0 -0.42461943594365237 -0.9053719316495815
vn 0.05830645239223834 -0.40468472931737365 -0.9125955442948185
vn 0.1512132970820531 -0.3413875734515985 -0.9276793969246081
vn 0.2243926002601454 -0.2530455128740519 -0.9410716919357414
vn 0.25038368231093977 -0.19442672300660002 -0.9484230390565853
vn 0.9659258262890708 0.2588190451025116 0
vn 0.7071067811865476 0.7071067811865476 0
vn 0.25881904510251164 0.9659258262890709 0
vn 0 1 0
vn -0.2588190451025131 0.9659258262890705 0
vn -0.7071067811865476 0.7071067811865476 0
vn -0.965925826289068 0.25881904510252224 0
vn -1 0 0
vn -0.9659258262890679 -0.25881904510252224 0
vn -0.7071067811865476 -0.7071067811865476 0
vn -0.2588190451025131 -0.9659258262890705 0
vn 0 -1 0
vn 0.2588190451025117 -0.9659258262890709 0
vn 0.7071067811865476 -0.7071067811865476 0
vn 0.9659258262890709 -0.25881904510251164 0
vn 1 0 0
vn 0.16957651838267793 0.24131849543568806 0.955515142828132
vn 0.11243330967254694 0.30621941200991304 0.9452980601822795
vn 0.04437174096314866 0.35688207281168044 0.9330950298386214
vn 0 0.3778284704592691 0.9258756109275205
vn -0.044371740963148894 0.3568820728116804 0.9330950298386214
vn -0.11243330967254675 0.3062194120099128 0.9452980601822795
vn -0.16957651838267676 0.24131849543568965 0.9555151428281315
vn -0.1951161290807936 0.19696381969708965 0.9607991204736085
vn -0.17267818502053908 0.15319440981308197 0.9729921465356409
vn -0.11767813396413516 0.08514776325138251 0.9893946205635068
vn -0.047481669587423815 0.02748723331104714 0.9984938372659566
vn 0 0.001923073367100973 0.9999981508927028
vn 0.04748166958742354 0.027487233311047198 0.9984938372659568
vn 0.11767813396413496 0.08514776325138272 0.9893946205635068
vn 0.17267818502054075 0.15319440981308344 0.9729921465356404
vn 0.1951161290807945 0.19696381969708968 0.9607991204736084
vn -2.4683446321649074e-15 -0.20082362021561437 -0.9796274156859306
vn 4.413983627792693e-16 -0.20082362021561603 -0.97962741568593
vn 1.8036213282530363e-16 -0.20082362021561592 -0.9796274156859303
vn 0 -0.20082362021561584 -0.9796274156859303
vn -1.8036213282530178e-16 -0.20082362021561592 -0.9796274156859303
vn -4.413983627792692e-16 -0.200823620215616 -0.97962741568593
vn 2.468344632164873e-15 -0.2008236202156143 -0.9796274156859305
vn 1.8120456715560846e-16 -0.20082362021561573 -0.9796274156859301
vn 9.813900344751901e-16 -0.2008236202156162 -0.97962741568593
vn 5.296780353351232e-16 -0.200823620215616 -0.9796274156859303
vn 2.1315524788444756e-16 -0.2008236202156158 -0.9796274156859303
vn 0 -0.2008236202156157 -0.9796274156859303
vn -2.0768972870792534e-16 -0.20082362021561573 -0.9796274156859303
vn -5.296780353351231e-16 -0.20082362021561598 -0.9796274156859303
vn -9.813900344752035e-16 -0.2008236202156162 -0.97962741568593
vn -1.8120456715560865e-16 -0.20082362021561576 -0.9796274156859303
vn -6.089959662136386e-15 0.20082362021561878 0.9796274156859295
vn 2.2384177291422303e-15 0.20082362021561476 0.9796274156859304
vn 0 0.2008236202156157 0.9796274156859301
vn 0 0.20082362021561564 0.9796274156859301
vn 0 0.20082362021561564 0.9796274156859303
vn -2.2384177291422303e-15 0.20082362021561476 0.9796274156859304
vn 6.089959662136298e-15 0.20082362021561892 0.9796274156859295
vn 2.3791357459812236e-16 0.20082362021561567 0.9796274156859303
vn 1.014993277022717e-15 0.200823620215615 0.9796274156859303
vn 0 0.20082362021561623 0.9796274156859301
vn 0 0.20082362021561598 0.97962741568593
vn 0 0.20082362021561576 0.9796274156859301
vn 0 0.20082362021561606 0.9796274156859301
vn 0 0.20082362021561623 0.9796274156859301
vn -1.014993277022732e-15 0.20082362021561542 0.9796274156859304
vn -2.3791357459812236e-16 0.20082362021561567 0.9796274156859303
usemtl chair_edge
f 1039/4513/1249 1040/4514/1249 1056/4515/1249 1055/4516/1249
f 1040/4517/1250 1041/4518/1250 1057/4519/1250 1056/4520/1250
f 1041/4521/1251 1042/4522/1251 1058/4523/1251 1057/4524/1251
f 1042/4525/1252 1043/4526/1252 1059/4527/1252 1058/4528/1252
f 1043/4529/1253 1044/4530/1253 1060/4531/1253 1059/4532/1253
f 1044/4533/1254 1045/4534/1254 1061/4535/1254 1060/4536/1254
f 1045/4537/1255 1046/4538/1255 1062/4539/1255 1061/4540/1255
f 1046/4541/1256 1047/4542/1256 1063/4543/1256 1062/4544/1256
f 1047/4545/1257 1048/4546/1257 1064/4547/1257 1063/4548/1257
f 1048/4549/1258 1049/4550/1258 1065/4551/1258 1064/4552/1258
f 1049/4553/1259 1050/4554/1259 1066/4555/1259 1065/4556/1259
f 1050/4557/1260 1051/4558/1260 1067/4559/1260 1066/4560/1260
f 1051/4561/1261 1052/4562/1261 1068/4563/1261 1067/4564/1261
f 1052/4565/1262 1053/4566/1262 1069/4567/1262 1068/4568/1262
f 1053/4569/1263 1054/4570/1263 1070/4571/1263 1069/4572/1263
f 1054/4573/1264 1039/4574/1264 1055/4575/1264 1070/4576/1264
f 1055/4577/1265 1056/4578/1265 1072/4579/1265 1071/4580/1265
f 1056/4581/1266 1057/4582/1266 1073/4583/1266 1072/4584/1266
f 1057/4585/1267 1058/4586/1267 1074/4587/1267 1073/4588/1267
f 1058/4589/1268 1059/4590/1268 1075/4591/1268 1074/4592/1268
f 1059/4593/1269 1060/4594/1269 1076/4595/1269 1075/4596/1269
f 1060/4597/1270 1061/4598/1270 1077/4599/1270 1076/4600/1270
f 1061/4601/1271 1062/4602/1271 1078/4603/1271 1077/4604/1271
f 1062/4605/1272 1063/4606/1272 1079/4607/1272 1078/4608/1272
f 1063/4609/1273 1064/4610/1273 1080/4611/1273 1079/4612/1273
f 1064/4613/1274 1065/4614/1274 1081/4615/1274 1080/4616/1274
f 1065/4617/1275 1066/4618/1275 1082/4619/1275 1081/4620/1275
f 1066/4621/1276 1067/4622/1276 1083/4623/1276 1082/4624/1276
f 1067/4625/1277 1068/4626/1277 1084/4627/1277 1083/4628/1277
f 1068/4629/1278 1069/4630/1278 1085/4631/1278 1084/4632/1278
f 1069/4633/1279 1070/4634/1279 1086/4635/1279 1085/4636/1279
f 1070/4637/1280 1055/4638/1280 1071/4639/1280 1086/4640/1280
f 1071/4641/1281 1072/4642/1281 1088/4643/1281 1087/4644/1281
f 1072/4645/1282 1073/4646/1282 1089/4647/1282 1088/4648/1282
f 1073/4649/1283 1074/4650/1283 1090/4651/1283 1089/4652/1283
f 1074/4653/1284 1075/4654/1284 1091/4655/1284 1090/4656/1284
f 1075/4657/1285 1076/4658/1285 1092/4659/1285 1091/4660/1285
f 1076/4661/1286 1077/4662/1286 1093/4663/1286 1092/4664/1286
f 1077/4665/1287 1078/4666/1287 1094/4667/1287 1093/4668/1287
f 1078/4669/1288 1079/4670/1288 1095/4671/1288 1094/4672/1288
f 1079/4673/1289 1080/4674/1289 1096/4675/1289 1095/4676/1289
f 1080/4677/1290 1081/4678/1290 1097/4679/1290 1096/4680/1290
f 1081/4681/1291 1082/4682/1291 1098/4683/1291 1097/4684/1291
f 1082/4685/1292 1083/4686/1292 1099/4687/1292 1098/4688/1292
f 1083/4689/1293 1084/4690/1293 1100/4691/1293 1099/4692/1293
f 1084/4693/1294 1085/4694/1294 1101/4695/1294 1100/4696/1294
f 1085/4697/1295 1086/4698/1295 1102/4699/1295 1101/4700/1295
f 1086/4701/1296 1071/4702/1296 1087/4703/1296 1102/4704/1296
f 1040/4705/1297 1039/4706/1297 1103/4707/1297
f 1041/4708/1298 1040/4709/1298 1103/4710/1298
f 1042/4711/1299 1041/4712/1299 1103/4713/1299
f 1043/4714/1300 1042/4715/1300 1103/4716/1300
f 1044/4717/1301 1043/4718/1301 1103/4719/1301
f 1045/4720/1302 1044/4721/1302 1103/4722/1302
f 1046/4723/1303 1045/4724/1303 1103/4725/1303
f 1047/4726/1304 1046/4727/1304 1103/4728/1304
f 1048/4729/1305 1047/4730/1305 1103/4731/1305
f 1049/4732/1306 1048/4733/1306 1103/4734/1306
f 1050/4735/1307 1049/4736/1307 1103/4737/1307
f 1051/4738/1308 1050/4739/1308 1103/4740/1308
f 1052/4741/1309 1051/4742/1309 1103/4743/1309
f 1053/4744/1310 1052/4745/1310 1103/4746/1310
f 1054/4747/1311 1053/4748/1311 1103/4749/1311
f 1039/4750/1312 1054/4751/1312 1103/4752/1312
f 1104/4753/1313 1087/4754/1313 1088/4755/1313
f 1104/4756/1314 1088/4757/1314 1089/4758/1314
f 1104/4759/1315 1089/4760/1315 1090/4761/1315
f 1104/4762/1316 1090/4763/1316 1091/4764/1316
f 1104/4765/1317 1091/4766/1317 1092/4767/1317
f 1104/4768/1318 1092/4769/1318 1093/4770/1318
f 1104/4771/1319 1093/4772/1319 1094/4773/1319
f 1104/4774/1320 1094/4775/1320 1095/4776/1320
f 1104/4777/1321 1095/4778/1321 1096/4779/1321
f 1104/4780/1322 1096/4781/1322 1097/4782/1322
f 1104/4783/1323 1097/4784/1323 1098/4785/1323
f 1104/4786/1324 1098/4787/1324 1099/4788/1324
f 1104/4789/1325 1099/4790/1325 1100/4791/1325
f 1104/4792/1326 1100/4793/1326 1101/4794/1326
f 1104/4795/1327 1101/4796/1327 1102/4797/1327
f 1104/4798/1328 1102/4799/1328 1087/4800/1328
o headrest_backing
v 0.7765625 1.334375 0.06307812499999998
v 0.7711197820287428 1.3546875 0.0589140625
v 0.75625 1.369557282028743 0.05586575718410772
v 0.7359375 1.375 0.05475000000000002
v 0.2640625 1.375 0.05475000000000002
v 0.24375000000000002 1.369557282028743 0.05586575718410772
v 0.22888021797125718 1.3546875 0.0589140625
v 0.2234375 1.334375 0.06307812499999998
v 0.2234375 1.209375 0.088703125
v 0.22888021797125718 1.1890625000000001 0.09286718749999998
v 0.24374999999999997 1.1741927179712572 0.09591549281589226
v 0.2640625 1.1687500000000002 0.09703124999999999
v 0.7359375 1.1687500000000002 0.09703124999999999
v 0.75625 1.1741927179712572 0.09591549281589226
v 0.7711197820287428 1.1890625000000001 0.09286718749999998
v 0.7765625 1.209375 0.088703125
v 0.7921875 1.3375000000000001 0.09056249999999999
v 0.7850700995760482 1.3640625000000002 0.0851171875
v 0.765625 1.3835075995760484 0.0811309420869101
v 0.7390625 1.390625 0.07967187500000003
v 0.26093750000000004 1.390625 0.07967187500000003
v 0.234375 1.3835075995760484 0.0811309420869101
v 0.21492990042395171 1.3640625000000002 0.0851171875
v 0.2078125 1.3375000000000001 0.09056249999999999
v 0.2078125 1.20625 0.11746875000000001
v 0.21492990042395171 1.1796875 0.12291406250000003
v 0.234375 1.1602424004239518 0.1269003079130899
v 0.26093750000000004 1.1531250000000002 0.12835937499999997
v 0.7390625 1.1531250000000002 0.12835937499999997
v 0.765625 1.1602424004239518 0.1269003079130899
v 0.7850700995760482 1.1796875 0.12291406250000003
v 0.7921875 1.20625 0.11746875000000001
v 0.7921875 1.3375000000000001 0.1530625
v 0.7850700995760482 1.3640625000000002 0.1476171875
v 0.765625 1.3835075995760484 0.1436309420869101
v 0.7390625 1.390625 0.14217187500000003
v 0.26093750000000004 1.390625 0.14217187500000003
v 0.234375 1.3835075995760484 0.1436309420869101
v 0.21492990042395171 1.3640625000000002 0.1476171875
v 0.2078125 1.3375000000000001 0.1530625
v 0.2078125 1.20625 0.17996875
v 0.21492990042395171 1.1796875 0.18541406250000003
v 0.234375 1.1602424004239518 0.1894003079130899
v 0.26093750000000004 1.1531250000000002 0.19085937499999997
v 0.7390625 1.1531250000000002 0.19085937499999997
v 0.765625 1.1602424004239518 0.1894003079130899
v 0.7850700995760482 1.1796875 0.18541406250000003
v 0.7921875 1.20625 0.17996875
v 0.771875 1.3296875000000001 0.18278906250000002
v 0.7664322820287428 1.35 0.178625
v 0.7515624999999999 1.364869782028743 0.17557669468410772
v 0.73125 1.3703125 0.17446093750000002
v 0.26875000000000004 1.3703125 0.17446093750000002
v 0.24843750000000003 1.364869782028743 0.17557669468410772
v 0.2335677179712572 1.35 0.178625
v 0.22812500000000002 1.3296875000000001 0.18278906250000002
v 0.22812500000000002 1.2140625 0.20649218750000004
v 0.2335677179712572 1.19375 0.21065625000000002
v 0.24843749999999998 1.1788802179712572 0.2137045553158923
v 0.26875000000000004 1.1734375000000001 0.2148203125
v 0.73125 1.1734375000000001 0.2148203125
v 0.7515624999999999 1.1788802179712572 0.2137045553158923
v 0.7664322820287428 1.19375 0.21065625000000002
v 0.771875 1.2140625 0.20649218750000004
v 0.5 1.271875 0.07589062499999999
v 0.49999999999999994 1.271875 0.194640625
vt 0.03153906249999999 0.6671875
vt 0.02945703125 0.67734375
vt 0.04255859375 0.6820312500000001
vt 0.045281249999999995 0.6687500000000001
vt 0.02945703125 0.67734375
vt 0.02793287859205386 0.6847786410143715
vt 0.04056547104345505 0.6917537997880242
vt 0.04255859375 0.6820312500000001
vt 0.378125 0.9720671214079462
vt 0.36796875 0.972625
vt 0.36953125 0.9601640625
vt 0.3828125 0.9594345289565449
vt 0.36796875 0.972625
vt 0.13203125 0.972625
vt 0.13046875000000002 0.9601640625
vt 0.36953125 0.9601640625
vt 0.13203125 0.972625
vt 0.12187500000000001 0.9720671214079462
vt 0.1171875 0.9594345289565449
vt 0.13046875000000002 0.9601640625
vt 0.02793287859205386 0.6847786410143715
vt 0.02945703125 0.67734375
vt 0.04255859375 0.6820312500000001
vt 0.04056547104345505 0.6917537997880242
vt 0.02945703125 0.67734375
vt 0.03153906249999999 0.6671875
vt 0.045281249999999995 0.6687500000000001
vt 0.04255859375 0.6820312500000001
vt 0.03153906249999999 0.6671875
vt 0.0443515625 0.6046875
vt 0.058734375000000005 0.603125
vt 0.045281249999999995 0.6687500000000001
vt 0.0443515625 0.6046875
vt 0.04643359374999999 0.5945312500000001
vt 0.061457031250000016 0.58984375
vt 0.058734375000000005 0.603125
vt 0.11444010898562859 0.95356640625
vt 0.12187499999999998 0.9520422535920539
vt 0.1171875 0.936549846043455
vt 0.10746495021197586 0.93854296875
vt 0.12187499999999998 0.9520422535920539
vt 0.13203125 0.951484375
vt 0.13046875000000002 0.9358203125
vt 0.1171875 0.936549846043455
vt 0.13203125 0.951484375
vt 0.36796875 0.951484375
vt 0.36953125 0.9358203125
vt 0.13046875000000002 0.9358203125
vt 0.36796875 0.951484375
vt 0.378125 0.9520422535920539
vt 0.3828125 0.936549846043455
vt 0.36953125 0.9358203125
vt 0.378125 0.9520422535920539
vt 0.3855598910143714 0.95356640625
vt 0.3925350497880241 0.93854296875
vt 0.3828125 0.936549846043455
vt 0.04643359374999999 0.5945312500000001
vt 0.0443515625 0.6046875
vt 0.058734375000000005 0.603125
vt 0.061457031250000016 0.58984375
vt 0.0443515625 0.6046875
vt 0.03153906249999999 0.6671875
vt 0.045281249999999995 0.6687500000000001
vt 0.058734375000000005 0.603125
vt 0.045281249999999995 0.6687500000000001
vt 0.04255859375 0.6820312500000001
vt 0.07380859375 0.6820312500000001
vt 0.07653125 0.6687500000000001
vt 0.04255859375 0.6820312500000001
vt 0.04056547104345505 0.6917537997880242
vt 0.07181547104345505 0.6917537997880242
vt 0.07380859375 0.6820312500000001
vt 0.3828125 0.9594345289565449
vt 0.36953125 0.9601640625
vt 0.36953125 0.9289140625
vt 0.3828125 0.9281845289565449
vt 0.36953125 0.9601640625
vt 0.13046875000000002 0.9601640625
vt 0.13046875000000002 0.9289140625
vt 0.36953125 0.9289140625
vt 0.13046875000000002 0.9601640625
vt 0.1171875 0.9594345289565449
vt 0.1171875 0.9281845289565449
vt 0.13046875000000002 0.9289140625
vt 0.1171875 0.9594345289565449
vt 0.10746495021197586 0.95744140625
vt 0.10746495021197586 0.92619140625
vt 0.1171875 0.9281845289565449
vt 0.04255859375 0.6820312500000001
vt 0.045281249999999995 0.6687500000000001
vt 0.07653125 0.6687500000000001
vt 0.07380859375 0.6820312500000001
vt 0.045281249999999995 0.6687500000000001
vt 0.058734375000000005 0.603125
vt 0.089984375 0.603125
vt 0.07653125 0.6687500000000001
vt 0.058734375000000005 0.603125
vt 0.061457031250000016 0.58984375
vt 0.09270703125000002 0.58984375
vt 0.089984375 0.603125
vt 0.10746495021197586 0.93854296875
vt 0.1171875 0.936549846043455
vt 0.1171875 0.905299846043455
vt 0.10746495021197586 0.90729296875
vt 0.1171875 0.936549846043455
vt 0.13046875000000002 0.9358203125
vt 0.13046875000000002 0.9045703125
vt 0.1171875 0.905299846043455
vt 0.13046875000000002 0.9358203125
vt 0.36953125 0.9358203125
vt 0.36953125 0.9045703125
vt 0.13046875000000002 0.9045703125
vt 0.36953125 0.9358203125
vt 0.3828125 0.936549846043455
vt 0.3828125 0.905299846043455
vt 0.36953125 0.9045703125
vt 0.06345015395654495 0.5801212002119759
vt 0.061457031250000016 0.58984375
vt 0.09270703125000002 0.58984375
vt 0.09470015395654495 0.5801212002119759
vt 0.061457031250000016 0.58984375
vt 0.058734375000000005 0.603125
vt 0.089984375 0.603125
vt 0.09270703125000002 0.58984375
vt 0.058734375000000005 0.603125
vt 0.045281249999999995 0.6687500000000001
vt 0.07653125 0.6687500000000001
vt 0.089984375 0.603125
vt 0.07653125 0.6687500000000001
vt 0.07380859375 0.6820312500000001
vt 0.0893125 0.675
vt 0.09139453125000001 0.6648437500000001
vt 0.3925350497880241 0.92619140625
vt 0.3828125 0.9281845289565449
vt 0.37578124999999996 0.9122116526579461
vt 0.3832161410143714 0.9106875
vt 0.3828125 0.9281845289565449
vt 0.36953125 0.9289140625
vt 0.365625 0.9127695312499999
vt 0.37578124999999996 0.9122116526579461
vt 0.36953125 0.9289140625
vt 0.13046875000000002 0.9289140625
vt 0.13437500000000002 0.9127695312499999
vt 0.365625 0.9127695312499999
vt 0.13046875000000002 0.9289140625
vt 0.1171875 0.9281845289565449
vt 0.12421875000000002 0.9122116526579461
vt 0.13437500000000002 0.9127695312499999
vt 0.1171875 0.9281845289565449
vt 0.10746495021197586 0.92619140625
vt 0.1167838589856286 0.9106875
vt 0.12421875000000002 0.9122116526579461
vt 0.07380859375 0.6820312500000001
vt 0.07653125 0.6687500000000001
vt 0.09139453125000001 0.6648437500000001
vt 0.0893125 0.675
vt 0.07653125 0.6687500000000001
vt 0.089984375 0.603125
vt 0.10324609375000002 0.60703125
vt 0.09139453125000001 0.6648437500000001
vt 0.089984375 0.603125
vt 0.09270703125000002 0.58984375
vt 0.10532812500000001 0.596875
vt 0.10324609375000002 0.60703125
vt 0.10746495021197586 0.58984375
vt 0.1171875 0.5801212002119759
vt 0.12421874999999999 0.5894401089856286
vt 0.1167838589856286 0.596875
vt 0.1171875 0.905299846043455
vt 0.13046875000000002 0.9045703125
vt 0.13437500000000002 0.89258984375
vt 0.12421874999999999 0.8931477223420539
vt 0.13046875000000002 0.9045703125
vt 0.36953125 0.9045703125
vt 0.365625 0.89258984375
vt 0.13437500000000002 0.89258984375
vt 0.36953125 0.9045703125
vt 0.3828125 0.905299846043455
vt 0.37578124999999996 0.8931477223420539
vt 0.365625 0.89258984375
vt 0.3828125 0.5801212002119759
vt 0.3925350497880241 0.58984375
vt 0.3832161410143714 0.596875
vt 0.37578124999999996 0.5894401089856286
vt 0.09270703125000002 0.58984375
vt 0.089984375 0.603125
vt 0.10324609375000002 0.60703125
vt 0.10532812500000001 0.596875
vt 0.089984375 0.603125
vt 0.07653125 0.6687500000000001
vt 0.09139453125000001 0.6648437500000001
vt 0.10324609375000002 0.60703125
vt 0.3855598910143714 0.67734375
vt 0.38828125 0.6671875
vt 0.25 0.6359375
vt 0.378125 0.6847786410143715
vt 0.3855598910143714 0.67734375
vt 0.25 0.6359375
vt 0.36796875 0.6875
vt 0.378125 0.6847786410143715
vt 0.25 0.6359375
vt 0.13203125 0.6875
vt 0.36796875 0.6875
vt 0.25 0.6359375
vt 0.12187500000000001 0.6847786410143715
vt 0.13203125 0.6875
vt 0.25 0.6359375
vt 0.11444010898562859 0.67734375
vt 0.12187500000000001 0.6847786410143715
vt 0.25 0.6359375
vt 0.11171875 0.6671875
vt 0.11444010898562859 0.67734375
vt 0.25 0.6359375
vt 0.11171875 0.6046875
vt 0.11171875 0.6671875
vt 0.25 0.6359375
vt 0.11444010898562859 0.5945312500000001
vt 0.11171875 0.6046875
vt 0.25 0.6359375
vt 0.12187499999999998 0.5870963589856286
vt 0.11444010898562859 0.5945312500000001
vt 0.25 0.6359375
vt 0.13203125 0.5843750000000001
vt 0.12187499999999998 0.5870963589856286
vt 0.25 0.6359375
vt 0.36796875 0.5843750000000001
vt 0.13203125 0.5843750000000001
vt 0.25 0.6359375
vt 0.378125 0.5870963589856286
vt 0.36796875 0.5843750000000001
vt 0.25 0.6359375
vt 0.3855598910143714 0.5945312500000001
vt 0.378125 0.5870963589856286
vt 0.25 0.6359375
vt 0.38828125 0.6046875
vt 0.3855598910143714 0.5945312500000001
vt 0.25 0.6359375
vt 0.38828125 0.6671875
vt 0.38828125 0.6046875
vt 0.25 0.6359375
vt 0.24999999999999997 0.6359375
vt 0.3859375 0.6648437500000001
vt 0.3832161410143714 0.675
vt 0.24999999999999997 0.6359375
vt 0.3832161410143714 0.675
vt 0.37578124999999996 0.6824348910143715
vt 0.24999999999999997 0.6359375
vt 0.37578124999999996 0.6824348910143715
vt 0.365625 0.68515625
vt 0.24999999999999997 0.6359375
vt 0.365625 0.68515625
vt 0.13437500000000002 0.68515625
vt 0.24999999999999997 0.6359375
vt 0.13437500000000002 0.68515625
vt 0.12421875000000002 0.6824348910143715
vt 0.24999999999999997 0.6359375
vt 0.12421875000000002 0.6824348910143715
vt 0.1167838589856286 0.675
vt 0.24999999999999997 0.6359375
vt 0.1167838589856286 0.675
vt 0.11406250000000001 0.6648437500000001
vt 0.24999999999999997 0.6359375
vt 0.11406250000000001 0.6648437500000001
vt 0.11406250000000001 0.60703125
vt 0.24999999999999997 0.6359375
vt 0.11406250000000001 0.60703125
vt 0.1167838589856286 0.596875
vt 0.24999999999999997 0.6359375
vt 0.1167838589856286 0.596875
vt 0.12421874999999999 0.5894401089856286
vt 0.24999999999999997 0.6359375
vt 0.12421874999999999 0.5894401089856286
vt 0.13437500000000002 0.5867187500000001
vt 0.24999999999999997 0.6359375
vt 0.13437500000000002 0.5867187500000001
vt 0.365625 0.5867187500000001
vt 0.24999999999999997 0.6359375
vt 0.365625 0.5867187500000001
vt 0.37578124999999996 0.5894401089856286
vt 0.24999999999999997 0.6359375
vt 0.37578124999999996 0.5894401089856286
vt 0.3832161410143714 0.596875
vt 0.24999999999999997 0.6359375
vt 0.3832161410143714 0.596875
vt 0.3859375 0.60703125
vt 0.24999999999999997 0.6359375
vt 0.3859375 0.60703125
vt 0.3859375 0.6648437500000001
vn 0.8560778588573482 0.12666272578663185 -0.5010860739139721
vn 0.6486554144965254 0.538373843936818 -0.5379588807790383
vn 0.24575059386705905 0.807102433790729 -0.5368354561530654
vn 0 0.8472514075246917 -0.5311921050311544
vn -0.2457505938670592 0.8071024337907294 -0.5368354561530649
vn -0.6486554144965235 0.5383738439368181 -0.5379588807790406
vn -0.8560778588573494 0.1266627257866277 -0.5010860739139711
vn -0.8698570863678688 -0.09906705705856285 -0.4832539368710381
vn -0.8183791063962759 -0.31748311047158223 -0.47901995029364075
vn -0.5719658533483767 -0.6692089984822779 -0.4743568055312479
vn -0.20742060724738212 -0.8669906976050782 -0.4531046479075083
vn 0 -0.8948730663014776 -0.44632073132243294
vn 0.20742060724738282 -0.8669906976050785 -0.45310464790750743
vn 0.5719658533483752 -0.6692089984822771 -0.47435680553125054
vn 0.8183791063962745 -0.31748311047158634 -0.47901995029364053
vn 0.8698570863678691 -0.09906705705856285 -0.4832539368710381
vn 0.9659258262890674 0.25881904510252435 0
vn 0.7071067811865476 0.7071067811865476 0
vn 0.2588190451025168 0.9659258262890694 0
vn 0 1 0
vn -0.2588190451025168 0.9659258262890694 0
vn -0.7071067811865466 0.7071067811865486 0
vn -0.9659258262890684 0.2588190451025206 0
vn -1 0 0
vn -0.9659258262890684 -0.2588190451025206 0
vn -0.7071067811865466 -0.7071067811865486 0
vn -0.2588190451025168 -0.9659258262890694 0
vn 0 -1 0
vn 0.2588190451025168 -0.9659258262890694 0
vn 0.7071067811865476 -0.7071067811865476 0
vn 0.9659258262890674 -0.25881904510252435 0
vn 1 0 0
vn 0.7411184034129025 0.3196169207307759 0.5904138684899664
vn 0.507324858734658 0.6282452219685916 0.5898554304094304
vn 0.18670033262240748 0.8105681024011591 0.5550876842161667
vn 0 0.8464413983569788 0.532481886215374
vn -0.1867003326224076 0.8105681024011593 0.555087684216166
vn -0.5073248587346568 0.6282452219685919 0.5898554304094311
vn -0.7411184034129038 0.31961692073077314 0.5904138684899664
vn -0.8049021949782069 0.1191702416453845 0.5813182519287049
vn -0.7795381086814406 -0.08156729660748857 0.6210210247950619
vn -0.5840136938884177 -0.44481462492358975 0.6790198486089282
vn -0.22593484568415495 -0.7054940967155441 0.6717376906242463
vn 0 -0.7627916326073135 0.6466443576064586
vn 0.22593484568415503 -0.7054940967155444 0.6717376906242459
vn 0.5840136938884176 -0.44481462492358786 0.6790198486089296
vn 0.7795381086814394 -0.08156729660749135 0.6210210247950628
vn 0.8049021949782063 0.11917024164538473 0.5813182519287059
vn -1.0696290913670462e-16 -0.2008236202156153 -0.9796274156859303
vn -1.1099645657975119e-16 -0.2008236202156153 -0.9796274156859304
vn -1.1787759516013234e-17 -0.20082362021561556 -0.9796274156859303
vn 0 -0.20082362021561556 -0.9796274156859303
vn 1.1787759516013234e-17 -0.20082362021561556 -0.9796274156859303
vn 1.1099645657975111e-16 -0.20082362021561537 -0.9796274156859304
vn 1.0696290913670477e-16 -0.20082362021561528 -0.9796274156859303
vn 0 -0.20082362021561576 -0.9796274156859301
vn -1.0696290913670477e-16 -0.20082362021561528 -0.9796274156859303
vn -1.1099645657975118e-16 -0.2008236202156153 -0.9796274156859304
vn 7.740628748848675e-16 -0.2008236202156176 -0.9796274156859299
vn 0 -0.2008236202156158 -0.9796274156859301
vn -7.740628748848687e-16 -0.20082362021561753 -0.9796274156859299
vn 1.109964565797512e-16 -0.20082362021561534 -0.9796274156859304
vn 1.0696290913670462e-16 -0.2008236202156153 -0.9796274156859303
vn 0 -0.20082362021561576 -0.9796274156859301
vn -2.3654625577181535e-16 0.20082362021561645 0.9796274156859301
vn 1.2438168014454627e-16 0.2008236202156154 0.9796274156859304
vn 0 0.20082362021561556 0.9796274156859301
vn 0 0.2008236202156156 0.9796274156859301
vn 0 0.20082362021561545 0.9796274156859303
vn -1.2438168014454642e-16 0.20082362021561534 0.9796274156859304
vn 2.3654625577181555e-16 0.20082362021561656 0.9796274156859301
vn 5.0680564419783697e-17 0.20082362021561567 0.9796274156859301
vn 1.273710608002084e-16 0.20082362021561534 0.9796274156859303
vn 1.2438168014454651e-16 0.2008236202156153 0.9796274156859304
vn 0 0.20082362021561545 0.9796274156859301
vn 0 0.2008236202156156 0.9796274156859301
vn 0 0.20082362021561556 0.9796274156859301
vn -1.2438168014454627e-16 0.2008236202156154 0.9796274156859304
vn -1.2737106080020827e-16 0.20082362021561523 0.9796274156859303
vn -5.068056441978369e-17 0.20082362021561567 0.9796274156859301
usemtl chair_graphite
f 1105/4801/1329 1106/4802/1329 1122/4803/1329 1121/4804/1329
f 1106/4805/1330 1107/4806/1330 1123/4807/1330 1122/4808/1330
f 1107/4809/1331 1108/4810/1331 1124/4811/1331 1123/4812/1331
f 1108/4813/1332 1109/4814/1332 1125/4815/1332 1124/4816/1332
f 1109/4817/1333 1110/4818/1333 1126/4819/1333 1125/4820/1333
f 1110/4821/1334 1111/4822/1334 1127/4823/1334 1126/4824/1334
f 1111/4825/1335 1112/4826/1335 1128/4827/1335 1127/4828/1335
f 1112/4829/1336 1113/4830/1336 1129/4831/1336 1128/4832/1336
f 1113/4833/1337 1114/4834/1337 1130/4835/1337 1129/4836/1337
f 1114/4837/1338 1115/4838/1338 1131/4839/1338 1130/4840/1338
f 1115/4841/1339 1116/4842/1339 1132/4843/1339 1131/4844/1339
f 1116/4845/1340 1117/4846/1340 1133/4847/1340 1132/4848/1340
f 1117/4849/1341 1118/4850/1341 1134/4851/1341 1133/4852/1341
f 1118/4853/1342 1119/4854/1342 1135/4855/1342 1134/4856/1342
f 1119/4857/1343 1120/4858/1343 1136/4859/1343 1135/4860/1343
f 1120/4861/1344 1105/4862/1344 1121/4863/1344 1136/4864/1344
f 1121/4865/1345 1122/4866/1345 1138/4867/1345 1137/4868/1345
f 1122/4869/1346 1123/4870/1346 1139/4871/1346 1138/4872/1346
f 1123/4873/1347 1124/4874/1347 1140/4875/1347 1139/4876/1347
f 1124/4877/1348 1125/4878/1348 1141/4879/1348 1140/4880/1348
f 1125/4881/1349 1126/4882/1349 1142/4883/1349 1141/4884/1349
f 1126/4885/1350 1127/4886/1350 1143/4887/1350 1142/4888/1350
f 1127/4889/1351 1128/4890/1351 1144/4891/1351 1143/4892/1351
f 1128/4893/1352 1129/4894/1352 1145/4895/1352 1144/4896/1352
f 1129/4897/1353 1130/4898/1353 1146/4899/1353 1145/4900/1353
f 1130/4901/1354 1131/4902/1354 1147/4903/1354 1146/4904/1354
f 1131/4905/1355 1132/4906/1355 1148/4907/1355 1147/4908/1355
f 1132/4909/1356 1133/4910/1356 1149/4911/1356 1148/4912/1356
f 1133/4913/1357 1134/4914/1357 1150/4915/1357 1149/4916/1357
f 1134/4917/1358 1135/4918/1358 1151/4919/1358 1150/4920/1358
f 1135/4921/1359 1136/4922/1359 1152/4923/1359 1151/4924/1359
f 1136/4925/1360 1121/4926/1360 1137/4927/1360 1152/4928/1360
f 1137/4929/1361 1138/4930/1361 1154/4931/1361 1153/4932/1361
f 1138/4933/1362 1139/4934/1362 1155/4935/1362 1154/4936/1362
f 1139/4937/1363 1140/4938/1363 1156/4939/1363 1155/4940/1363
f 1140/4941/1364 1141/4942/1364 1157/4943/1364 1156/4944/1364
f 1141/4945/1365 1142/4946/1365 1158/4947/1365 1157/4948/1365
f 1142/4949/1366 1143/4950/1366 1159/4951/1366 1158/4952/1366
f 1143/4953/1367 1144/4954/1367 1160/4955/1367 1159/4956/1367
f 1144/4957/1368 1145/4958/1368 1161/4959/1368 1160/4960/1368
f 1145/4961/1369 1146/4962/1369 1162/4963/1369 1161/4964/1369
f 1146/4965/1370 1147/4966/1370 1163/4967/1370 1162/4968/1370
f 1147/4969/1371 1148/4970/1371 1164/4971/1371 1163/4972/1371
f 1148/4973/1372 1149/4974/1372 1165/4975/1372 1164/4976/1372
f 1149/4977/1373 1150/4978/1373 1166/4979/1373 1165/4980/1373
f 1150/4981/1374 1151/4982/1374 1167/4983/1374 1166/4984/1374
f 1151/4985/1375 1152/4986/1375 1168/4987/1375 1167/4988/1375
f 1152/4989/1376 1137/4990/1376 1153/4991/1376 1168/4992/1376
f 1106/4993/1377 1105/4994/1377 1169/4995/1377
f 1107/4996/1378 1106/4997/1378 1169/4998/1378
f 1108/4999/1379 1107/5000/1379 1169/5001/1379
f 1109/5002/1380 1108/5003/1380 1169/5004/1380
f 1110/5005/1381 1109/5006/1381 1169/5007/1381
f 1111/5008/1382 1110/5009/1382 1169/5010/1382
f 1112/5011/1383 1111/5012/1383 1169/5013/1383
f 1113/5014/1384 1112/5015/1384 1169/5016/1384
f 1114/5017/1385 1113/5018/1385 1169/5019/1385
f 1115/5020/1386 1114/5021/1386 1169/5022/1386
f 1116/5023/1387 1115/5024/1387 1169/5025/1387
f 1117/5026/1388 1116/5027/1388 1169/5028/1388
f 1118/5029/1389 1117/5030/1389 1169/5031/1389
f 1119/5032/1390 1118/5033/1390 1169/5034/1390
f 1120/5035/1391 1119/5036/1391 1169/5037/1391
f 1105/5038/1392 1120/5039/1392 1169/5040/1392
f 1170/5041/1393 1153/5042/1393 1154/5043/1393
f 1170/5044/1394 1154/5045/1394 1155/5046/1394
f 1170/5047/1395 1155/5048/1395 1156/5049/1395
f 1170/5050/1396 1156/5051/1396 1157/5052/1396
f 1170/5053/1397 1157/5054/1397 1158/5055/1397
f 1170/5056/1398 1158/5057/1398 1159/5058/1398
f 1170/5059/1399 1159/5060/1399 1160/5061/1399
f 1170/5062/1400 1160/5063/1400 1161/5064/1400
f 1170/5065/1401 1161/5066/1401 1162/5067/1401
f 1170/5068/1402 1162/5069/1402 1163/5070/1402
f 1170/5071/1403 1163/5072/1403 1164/5073/1403
f 1170/5074/1404 1164/5075/1404 1165/5076/1404
f 1170/5077/1405 1165/5078/1405 1166/5079/1405
f 1170/5080/1406 1166/5081/1406 1167/5082/1406
f 1170/5083/1407 1167/5084/1407 1168/5085/1407
f 1170/5086/1408 1168/5087/1408 1153/5088/1408
o independent_padded_headrest
v 0.7546875 1.34375 0.11959375
v 0.7479887701892219 1.36875 0.11446875000000001
v 0.7296875 1.387051270189222 0.11071698961120949
v 0.7046875 1.3937499999999998 0.10934375000000002
v 0.2953125 1.3937499999999998 0.10934375000000002
v 0.27031249999999996 1.387051270189222 0.11071698961120949
v 0.25201122981077806 1.36875 0.11446875000000001
v 0.2453125 1.34375 0.11959375
v 0.2453125 1.2374999999999998 0.14137500000000003
v 0.25201122981077806 1.2125 0.1465
v 0.27031249999999996 1.194198729810778 0.1502517603887905
v 0.2953125 1.1875 0.15162499999999998
v 0.7046875 1.1875 0.15162499999999998
v 0.7296875 1.194198729810778 0.1502517603887905
v 0.7479887701892219 1.2125 0.1465
v 0.7546875 1.2374999999999998 0.14137500000000003
v 0.7703125 1.3468749999999998 0.14707812500000003
v 0.7619390877365274 1.3781249999999998 0.14067187500000003
v 0.7390625 1.4010015877365274 0.13598217451401187
v 0.7078125 1.4093749999999998 0.13426562500000003
v 0.2921875 1.4093749999999998 0.13426562500000003
v 0.2609375 1.4010015877365274 0.13598217451401187
v 0.2380609122634726 1.3781249999999998 0.14067187500000003
v 0.2296875 1.3468749999999998 0.14707812500000003
v 0.2296875 1.234375 0.170140625
v 0.2380609122634726 1.203125 0.176546875
v 0.26093749999999993 1.1802484122634724 0.18123657548598815
v 0.2921875 1.171875 0.182953125
v 0.7078125 1.171875 0.182953125
v 0.7390625 1.1802484122634724 0.18123657548598815
v 0.7619390877365274 1.203125 0.176546875
v 0.7703125 1.234375 0.170140625
v 0.7703125 1.3468749999999998 0.237703125
v 0.7619390877365274 1.3781249999999998 0.23129687499999999
v 0.7390625 1.4010015877365274 0.22660717451401183
v 0.7078125 1.4093749999999998 0.22489062499999998
v 0.2921875 1.4093749999999998 0.22489062499999998
v 0.2609375 1.4010015877365274 0.22660717451401183
v 0.2380609122634726 1.3781249999999998 0.23129687499999999
v 0.2296875 1.3468749999999998 0.237703125
v 0.2296875 1.234375 0.26076562499999995
v 0.2380609122634726 1.203125 0.26717187499999995
v 0.26093749999999993 1.1802484122634724 0.2718615754859881
v 0.2921875 1.171875 0.27357812499999995
v 0.7078125 1.171875 0.27357812499999995
v 0.7390625 1.1802484122634724 0.2718615754859881
v 0.7619390877365274 1.203125 0.26717187499999995
v 0.7703125 1.234375 0.26076562499999995
v 0.75 1.3390624999999998 0.2674296875
v 0.743301270189222 1.3640625 0.26230468749999997
v 0.7250000000000001 1.3823637701892217 0.2585529271112095
v 0.7 1.3890624999999999 0.2571796875
v 0.3 1.3890624999999999 0.2571796875
v 0.275 1.382363770189222 0.2585529271112095
v 0.256698729810778 1.3640625 0.26230468749999997
v 0.25 1.3390624999999998 0.2674296875
v 0.25 1.2421875 0.28728906249999997
v 0.25669872981077807 1.2171874999999999 0.2924140625
v 0.27499999999999997 1.198886229810778 0.29616582288879045
v 0.3 1.1921875 0.29753906249999995
v 0.7 1.1921875 0.29753906249999995
v 0.7250000000000001 1.198886229810778 0.29616582288879045
v 0.7433012701892219 1.2171874999999999 0.2924140625
v 0.75 1.2421875 0.28728906249999997
v 0.5 1.290625 0.13048437499999999
v 0.5 1.290625 0.2773593749999999
vt 0.059796875 0.671875
vt 0.057234375000000004 0.684375
vt 0.07033593750000001 0.6890624999999999
vt 0.07353906250000002 0.6734374999999999
vt 0.057234375000000004 0.684375
vt 0.055358494805604744 0.693525635094611
vt 0.06799108725700594 0.7005007938682637
vt 0.07033593750000001 0.6890624999999999
vt 0.36484375 0.9446415051943953
vt 0.35234375 0.945328125
vt 0.35390625 0.9328671875
vt 0.36953125 0.932008912742994
vt 0.35234375 0.945328125
vt 0.14765625 0.945328125
vt 0.14609375 0.9328671875
vt 0.35390625 0.9328671875
vt 0.14765625 0.945328125
vt 0.13515624999999998 0.9446415051943953
vt 0.13046875 0.932008912742994
vt 0.14609375 0.9328671875
vt 0.055358494805604744 0.693525635094611
vt 0.057234375000000004 0.684375
vt 0.07033593750000001 0.6890624999999999
vt 0.06799108725700594 0.7005007938682637
vt 0.057234375000000004 0.684375
vt 0.059796875 0.671875
vt 0.07353906250000002 0.6734374999999999
vt 0.07033593750000001 0.6890624999999999
vt 0.059796875 0.671875
vt 0.07068750000000001 0.6187499999999999
vt 0.0850703125 0.6171875
vt 0.07353906250000002 0.6734374999999999
vt 0.07068750000000001 0.6187499999999999
vt 0.07325 0.60625
vt 0.0882734375 0.6015625
vt 0.0850703125 0.6171875
vt 0.12600561490538903 0.92675
vt 0.13515624999999998 0.9248741198056047
vt 0.13046874999999997 0.9093817122570059
vt 0.1190304561317363 0.9117265625
vt 0.13515624999999998 0.9248741198056047
vt 0.14765625 0.9241875
vt 0.14609375 0.9085234375
vt 0.13046874999999997 0.9093817122570059
vt 0.14765625 0.9241875
vt 0.35234375 0.9241875
vt 0.35390625 0.9085234375
vt 0.14609375 0.9085234375
vt 0.35234375 0.9241875
vt 0.36484375 0.9248741198056047
vt 0.36953125 0.9093817122570059
vt 0.35390625 0.9085234375
vt 0.36484375 0.9248741198056047
vt 0.37399438509461097 0.92675
vt 0.3809695438682637 0.9117265625
vt 0.36953125 0.9093817122570059
vt 0.07325 0.60625
vt 0.07068750000000001 0.6187499999999999
vt 0.0850703125 0.6171875
vt 0.0882734375 0.6015625
vt 0.07068750000000001 0.6187499999999999
vt 0.059796875 0.671875
vt 0.07353906250000002 0.6734374999999999
vt 0.0850703125 0.6171875
vt 0.07353906250000002 0.6734374999999999
vt 0.07033593750000001 0.6890624999999999
vt 0.11564843749999999 0.6890624999999999
vt 0.1188515625 0.6734374999999999
vt 0.07033593750000001 0.6890624999999999
vt 0.06799108725700594 0.7005007938682637
vt 0.11330358725700591 0.7005007938682637
vt 0.11564843749999999 0.6890624999999999
vt 0.36953125 0.932008912742994
vt 0.35390625 0.9328671875
vt 0.35390625 0.8875546875
vt 0.36953125 0.886696412742994
vt 0.35390625 0.9328671875
vt 0.14609375 0.9328671875
vt 0.14609375 0.8875546875
vt 0.35390625 0.8875546875
vt 0.14609375 0.9328671875
vt 0.13046875 0.932008912742994
vt 0.13046875 0.886696412742994
vt 0.14609375 0.8875546875
vt 0.06799108725700594 0.7005007938682637
vt 0.07033593750000001 0.6890624999999999
vt 0.11564843749999999 0.6890624999999999
vt 0.11330358725700591 0.7005007938682637
vt 0.07033593750000001 0.6890624999999999
vt 0.07353906250000002 0.6734374999999999
vt 0.1188515625 0.6734374999999999
vt 0.11564843749999999 0.6890624999999999
vt 0.07353906250000002 0.6734374999999999
vt 0.0850703125 0.6171875
vt 0.13038281249999997 0.6171875
vt 0.1188515625 0.6734374999999999
vt 0.0850703125 0.6171875
vt 0.0882734375 0.6015625
vt 0.13358593749999997 0.6015625
vt 0.13038281249999997 0.6171875
vt 0.0882734375 0.6015625
vt 0.09061828774299407 0.5901242061317362
vt 0.13593078774299405 0.5901242061317362
vt 0.13358593749999997 0.6015625
vt 0.13046874999999997 0.9093817122570059
vt 0.14609375 0.9085234375
vt 0.14609375 0.8632109375
vt 0.13046874999999997 0.864069212257006
vt 0.14609375 0.9085234375
vt 0.35390625 0.9085234375
vt 0.35390625 0.8632109375
vt 0.14609375 0.8632109375
vt 0.35390625 0.9085234375
vt 0.36953125 0.9093817122570059
vt 0.36953125 0.864069212257006
vt 0.35390625 0.8632109375
vt 0.09061828774299407 0.5901242061317362
vt 0.0882734375 0.6015625
vt 0.13358593749999997 0.6015625
vt 0.13593078774299405 0.5901242061317362
vt 0.0882734375 0.6015625
vt 0.0850703125 0.6171875
vt 0.13038281249999997 0.6171875
vt 0.13358593749999997 0.6015625
vt 0.0850703125 0.6171875
vt 0.07353906250000002 0.6734374999999999
vt 0.1188515625 0.6734374999999999
vt 0.13038281249999997 0.6171875
vt 0.1188515625 0.6734374999999999
vt 0.11564843749999999 0.6890624999999999
vt 0.13115234374999998 0.68203125
vt 0.13371484375 0.6695312499999999
vt 0.3809695438682637 0.8843515625
vt 0.36953125 0.886696412742994
vt 0.36250000000000004 0.8707235364443953
vt 0.371650635094611 0.86884765625
vt 0.36953125 0.886696412742994
vt 0.35390625 0.8875546875
vt 0.35 0.8714101562500001
vt 0.36250000000000004 0.8707235364443953
vt 0.35390625 0.8875546875
vt 0.14609375 0.8875546875
vt 0.15 0.8714101562500001
vt 0.35 0.8714101562500001
vt 0.14609375 0.8875546875
vt 0.13046875 0.886696412742994
vt 0.1375 0.8707235364443953
vt 0.15 0.8714101562500001
vt 0.13046875 0.886696412742994
vt 0.1190304561317363 0.8843515625
vt 0.128349364905389 0.86884765625
vt 0.1375 0.8707235364443953
vt 0.11564843749999999 0.6890624999999999
vt 0.1188515625 0.6734374999999999
vt 0.13371484375 0.6695312499999999
vt 0.13115234374999998 0.68203125
vt 0.1188515625 0.6734374999999999
vt 0.13038281249999997 0.6171875
vt 0.14364453124999998 0.62109375
vt 0.13371484375 0.6695312499999999
vt 0.13038281249999997 0.6171875
vt 0.13358593749999997 0.6015625
vt 0.14620703125 0.6085937499999999
vt 0.14364453124999998 0.62109375
vt 0.1190304561317363 0.6015625
vt 0.13046874999999997 0.5901242061317362
vt 0.13749999999999998 0.599443114905389
vt 0.12834936490538904 0.6085937499999999
vt 0.13046874999999997 0.864069212257006
vt 0.14609375 0.8632109375
vt 0.15 0.8512304687500001
vt 0.13749999999999998 0.8519170885556048
vt 0.14609375 0.8632109375
vt 0.35390625 0.8632109375
vt 0.35 0.8512304687500001
vt 0.15 0.8512304687500001
vt 0.35390625 0.8632109375
vt 0.36953125 0.864069212257006
vt 0.36250000000000004 0.8519170885556048
vt 0.35 0.8512304687500001
vt 0.36953125 0.5901242061317362
vt 0.3809695438682637 0.6015625
vt 0.37165063509461094 0.6085937499999999
vt 0.36250000000000004 0.599443114905389
vt 0.13358593749999997 0.6015625
vt 0.13038281249999997 0.6171875
vt 0.14364453124999998 0.62109375
vt 0.14620703125 0.6085937499999999
vt 0.13038281249999997 0.6171875
vt 0.1188515625 0.6734374999999999
vt 0.13371484375 0.6695312499999999
vt 0.14364453124999998 0.62109375
vt 0.37399438509461097 0.684375
vt 0.37734375 0.671875
vt 0.25 0.6453125
vt 0.36484375 0.693525635094611
vt 0.37399438509461097 0.684375
vt 0.25 0.6453125
vt 0.35234375 0.6968749999999999
vt 0.36484375 0.693525635094611
vt 0.25 0.6453125
vt 0.14765625 0.6968749999999999
vt 0.35234375 0.6968749999999999
vt 0.25 0.6453125
vt 0.13515624999999998 0.693525635094611
vt 0.14765625 0.6968749999999999
vt 0.25 0.6453125
vt 0.12600561490538903 0.684375
vt 0.13515624999999998 0.693525635094611
vt 0.25 0.6453125
vt 0.12265625 0.671875
vt 0.12600561490538903 0.684375
vt 0.25 0.6453125
vt 0.12265625 0.6187499999999999
vt 0.12265625 0.671875
vt 0.25 0.6453125
vt 0.12600561490538903 0.60625
vt 0.12265625 0.6187499999999999
vt 0.25 0.6453125
vt 0.13515624999999998 0.597099364905389
vt 0.12600561490538903 0.60625
vt 0.25 0.6453125
vt 0.14765625 0.59375
vt 0.13515624999999998 0.597099364905389
vt 0.25 0.6453125
vt 0.35234375 0.59375
vt 0.14765625 0.59375
vt 0.25 0.6453125
vt 0.36484375 0.597099364905389
vt 0.35234375 0.59375
vt 0.25 0.6453125
vt 0.37399438509461097 0.60625
vt 0.36484375 0.597099364905389
vt 0.25 0.6453125
vt 0.37734375 0.6187499999999999
vt 0.37399438509461097 0.60625
vt 0.25 0.6453125
vt 0.37734375 0.671875
vt 0.37734375 0.6187499999999999
vt 0.25 0.6453125
vt 0.25 0.6453125
vt 0.375 0.6695312499999999
vt 0.371650635094611 0.68203125
vt 0.25 0.6453125
vt 0.371650635094611 0.68203125
vt 0.36250000000000004 0.6911818850946109
vt 0.25 0.6453125
vt 0.36250000000000004 0.6911818850946109
vt 0.35 0.6945312499999999
vt 0.25 0.6453125
vt 0.35 0.6945312499999999
vt 0.15 0.6945312499999999
vt 0.25 0.6453125
vt 0.15 0.6945312499999999
vt 0.1375 0.691181885094611
vt 0.25 0.6453125
vt 0.1375 0.691181885094611
vt 0.128349364905389 0.68203125
vt 0.25 0.6453125
vt 0.128349364905389 0.68203125
vt 0.125 0.6695312499999999
vt 0.25 0.6453125
vt 0.125 0.6695312499999999
vt 0.125 0.62109375
vt 0.25 0.6453125
vt 0.125 0.62109375
vt 0.12834936490538904 0.6085937499999999
vt 0.25 0.6453125
vt 0.12834936490538904 0.6085937499999999
vt 0.13749999999999998 0.599443114905389
vt 0.25 0.6453125
vt 0.13749999999999998 0.599443114905389
vt 0.15 0.59609375
vt 0.25 0.6453125
vt 0.15 0.59609375
vt 0.35 0.59609375
vt 0.25 0.6453125
vt 0.35 0.59609375
vt 0.36250000000000004 0.599443114905389
vt 0.25 0.6453125
vt 0.36250000000000004 0.599443114905389
vt 0.37165063509461094 0.6085937499999999
vt 0.25 0.6453125
vt 0.37165063509461094 0.6085937499999999
vt 0.375 0.62109375
vt 0.25 0.6453125
vt 0.375 0.62109375
vt 0.375 0.6695312499999999
vn 0.8560778588573502 0.12666272578662668 -0.5010860739139699
vn 0.6486554144965259 0.5383738439368193 -0.5379588807790364
vn 0.24575059386705791 0.8071024337907294 -0.5368354561530655
vn 0 0.8472514075246916 -0.5311921050311543
vn -0.245750593867058 0.80710243379073 -0.5368354561530643
vn -0.6486554144965258 0.5383738439368191 -0.537958880779037
vn -0.85607785885735 0.12666272578662843 -0.50108607391397
vn -0.8698570863678688 -0.09906705705856281 -0.48325393687103824
vn -0.8183791063962764 -0.31748311047158273 -0.47901995029363964
vn -0.5719658533483755 -0.6692089984822782 -0.47435680553124865
vn -0.20742060724738212 -0.8669906976050782 -0.45310464790750826
vn 0 -0.8948730663014778 -0.4463207313224326
vn 0.2074206072473824 -0.866990697605079 -0.4531046479075067
vn 0.5719658533483761 -0.6692089984822785 -0.4743568055312473
vn 0.818379106396277 -0.3174831104715811 -0.4790199502936397
vn 0.8698570863678688 -0.09906705705856281 -0.48325393687103824
vn 0.9659258262890686 0.2588190451025197 0
vn 0.7071067811865493 0.7071067811865458 0
vn 0.25881904510251647 0.9659258262890694 0
vn 0 1 0
vn -0.25881904510251647 0.9659258262890694 0
vn -0.7071067811865501 0.707106781186545 0
vn -0.9659258262890682 0.25881904510252124 0
vn -1 0 0
vn -0.9659258262890682 -0.25881904510252124 0
vn -0.707106781186551 -0.7071067811865441 0
vn -0.258819045102516 -0.9659258262890695 0
vn 0 -1 0
vn 0.25881904510251647 -0.9659258262890694 0
vn 0.7071067811865493 -0.7071067811865458 0
vn 0.9659258262890686 -0.2588190451025197 0
vn 1 0 0
vn 0.7411184034129051 0.31961692073077286 0.5904138684899647
vn 0.5073248587346594 0.6282452219685902 0.5898554304094307
vn 0.1867003326224072 0.8105681024011591 0.5550876842161666
vn 0 0.8464413983569788 0.532481886215374
vn -0.18670033262240737 0.8105681024011596 0.5550876842161658
vn -0.5073248587346615 0.6282452219685907 0.5898554304094283
vn -0.7411184034129034 0.31961692073077397 0.5904138684899662
vn -0.8049021949782071 0.11917024164538448 0.5813182519287049
vn -0.7795381086814412 -0.08156729660748996 0.6210210247950605
vn -0.5840136938884196 -0.4448146249235829 0.679019848608931
vn -0.2259348456841543 -0.705494096715544 0.6717376906242467
vn 0 -0.7627916326073131 0.6466443576064589
vn 0.2259348456841542 -0.7054940967155416 0.6717376906242492
vn 0.5840136938884204 -0.44481462492358714 0.6790198486089276
vn 0.7795381086814416 -0.08156729660748861 0.6210210247950605
vn 0.8049021949782078 0.11917024164538426 0.5813182519287038
vn 1.8167794850912305e-16 -0.20082362021561598 -0.9796274156859301
vn 1.868573274008168e-16 -0.20082362021561598 -0.9796274156859301
vn 2.689392809174379e-17 -0.20082362021561556 -0.9796274156859301
vn 0 -0.20082362021561556 -0.9796274156859303
vn -2.0170446068807842e-17 -0.20082362021561556 -0.9796274156859301
vn -1.7795935942934934e-16 -0.20082362021561598 -0.9796274156859301
vn -1.8167794850912297e-16 -0.200823620215616 -0.9796274156859303
vn -1.0989872807130855e-16 -0.20082362021561564 -0.9796274156859301
vn -2.369712371858126e-16 -0.20082362021561498 -0.9796274156859303
vn 9.787764768614211e-17 -0.20082362021561603 -0.97962741568593
vn -2.0170446068807842e-17 -0.20082362021561573 -0.9796274156859301
vn 0 -0.20082362021561587 -0.9796274156859303
vn 2.689392809174379e-17 -0.20082362021561573 -0.9796274156859301
vn -9.787764768614211e-17 -0.20082362021561603 -0.97962741568593
vn 2.3697123718581273e-16 -0.200823620215615 -0.9796274156859303
vn 1.0989872807130858e-16 -0.20082362021561562 -0.9796274156859301
vn -4.523436576296228e-16 0.2008236202156163 0.9796274156859301
vn -5.130347424978102e-16 0.20082362021561656 0.9796274156859299
vn 3.912348544792792e-16 0.20082362021561426 0.9796274156859305
vn 0 0.20082362021561512 0.9796274156859304
vn 7.824697089585708e-16 0.20082362021561664 0.9796274156859299
vn -3.6645338749843204e-17 0.20082362021561476 0.9796274156859304
vn 4.523436576296228e-16 0.2008236202156163 0.9796274156859301
vn 3.2672002410249106e-16 0.20082362021561562 0.9796274156859301
vn 1.6155130629629378e-16 0.20082362021561642 0.97962741568593
vn 6.596160974971848e-16 0.20082362021561492 0.9796274156859305
vn 5.589069349704009e-16 0.2008236202156152 0.9796274156859304
vn 0 0.20082362021561617 0.97962741568593
vn -5.589069349703987e-16 0.20082362021561498 0.9796274156859303
vn -6.596160974971859e-16 0.20082362021561492 0.9796274156859303
vn -1.615513062962937e-16 0.20082362021561645 0.97962741568593
vn -3.2672002410249106e-16 0.20082362021561562 0.9796274156859301
usemtl chair_upholstery
f 1171/5089/1409 1172/5090/1409 1188/5091/1409 1187/5092/1409
f 1172/5093/1410 1173/5094/1410 1189/5095/1410 1188/5096/1410
f 1173/5097/1411 1174/5098/1411 1190/5099/1411 1189/5100/1411
f 1174/5101/1412 1175/5102/1412 1191/5103/1412 1190/5104/1412
f 1175/5105/1413 1176/5106/1413 1192/5107/1413 1191/5108/1413
f 1176/5109/1414 1177/5110/1414 1193/5111/1414 1192/5112/1414
f 1177/5113/1415 1178/5114/1415 1194/5115/1415 1193/5116/1415
f 1178/5117/1416 1179/5118/1416 1195/5119/1416 1194/5120/1416
f 1179/5121/1417 1180/5122/1417 1196/5123/1417 1195/5124/1417
f 1180/5125/1418 1181/5126/1418 1197/5127/1418 1196/5128/1418
f 1181/5129/1419 1182/5130/1419 1198/5131/1419 1197/5132/1419
f 1182/5133/1420 1183/5134/1420 1199/5135/1420 1198/5136/1420
f 1183/5137/1421 1184/5138/1421 1200/5139/1421 1199/5140/1421
f 1184/5141/1422 1185/5142/1422 1201/5143/1422 1200/5144/1422
f 1185/5145/1423 1186/5146/1423 1202/5147/1423 1201/5148/1423
f 1186/5149/1424 1171/5150/1424 1187/5151/1424 1202/5152/1424
f 1187/5153/1425 1188/5154/1425 1204/5155/1425 1203/5156/1425
f 1188/5157/1426 1189/5158/1426 1205/5159/1426 1204/5160/1426
f 1189/5161/1427 1190/5162/1427 1206/5163/1427 1205/5164/1427
f 1190/5165/1428 1191/5166/1428 1207/5167/1428 1206/5168/1428
f 1191/5169/1429 1192/5170/1429 1208/5171/1429 1207/5172/1429
f 1192/5173/1430 1193/5174/1430 1209/5175/1430 1208/5176/1430
f 1193/5177/1431 1194/5178/1431 1210/5179/1431 1209/5180/1431
f 1194/5181/1432 1195/5182/1432 1211/5183/1432 1210/5184/1432
f 1195/5185/1433 1196/5186/1433 1212/5187/1433 1211/5188/1433
f 1196/5189/1434 1197/5190/1434 1213/5191/1434 1212/5192/1434
f 1197/5193/1435 1198/5194/1435 1214/5195/1435 1213/5196/1435
f 1198/5197/1436 1199/5198/1436 1215/5199/1436 1214/5200/1436
f 1199/5201/1437 1200/5202/1437 1216/5203/1437 1215/5204/1437
f 1200/5205/1438 1201/5206/1438 1217/5207/1438 1216/5208/1438
f 1201/5209/1439 1202/5210/1439 1218/5211/1439 1217/5212/1439
f 1202/5213/1440 1187/5214/1440 1203/5215/1440 1218/5216/1440
f 1203/5217/1441 1204/5218/1441 1220/5219/1441 1219/5220/1441
f 1204/5221/1442 1205/5222/1442 1221/5223/1442 1220/5224/1442
f 1205/5225/1443 1206/5226/1443 1222/5227/1443 1221/5228/1443
f 1206/5229/1444 1207/5230/1444 1223/5231/1444 1222/5232/1444
f 1207/5233/1445 1208/5234/1445 1224/5235/1445 1223/5236/1445
f 1208/5237/1446 1209/5238/1446 1225/5239/1446 1224/5240/1446
f 1209/5241/1447 1210/5242/1447 1226/5243/1447 1225/5244/1447
f 1210/5245/1448 1211/5246/1448 1227/5247/1448 1226/5248/1448
f 1211/5249/1449 1212/5250/1449 1228/5251/1449 1227/5252/1449
f 1212/5253/1450 1213/5254/1450 1229/5255/1450 1228/5256/1450
f 1213/5257/1451 1214/5258/1451 1230/5259/1451 1229/5260/1451
f 1214/5261/1452 1215/5262/1452 1231/5263/1452 1230/5264/1452
f 1215/5265/1453 1216/5266/1453 1232/5267/1453 1231/5268/1453
f 1216/5269/1454 1217/5270/1454 1233/5271/1454 1232/5272/1454
f 1217/5273/1455 1218/5274/1455 1234/5275/1455 1233/5276/1455
f 1218/5277/1456 1203/5278/1456 1219/5279/1456 1234/5280/1456
f 1172/5281/1457 1171/5282/1457 1235/5283/1457
f 1173/5284/1458 1172/5285/1458 1235/5286/1458
f 1174/5287/1459 1173/5288/1459 1235/5289/1459
f 1175/5290/1460 1174/5291/1460 1235/5292/1460
f 1176/5293/1461 1175/5294/1461 1235/5295/1461
f 1177/5296/1462 1176/5297/1462 1235/5298/1462
f 1178/5299/1463 1177/5300/1463 1235/5301/1463
f 1179/5302/1464 1178/5303/1464 1235/5304/1464
f 1180/5305/1465 1179/5306/1465 1235/5307/1465
f 1181/5308/1466 1180/5309/1466 1235/5310/1466
f 1182/5311/1467 1181/5312/1467 1235/5313/1467
f 1183/5314/1468 1182/5315/1468 1235/5316/1468
f 1184/5317/1469 1183/5318/1469 1235/5319/1469
f 1185/5320/1470 1184/5321/1470 1235/5322/1470
f 1186/5323/1471 1185/5324/1471 1235/5325/1471
f 1171/5326/1472 1186/5327/1472 1235/5328/1472
f 1236/5329/1473 1219/5330/1473 1220/5331/1473
f 1236/5332/1474 1220/5333/1474 1221/5334/1474
f 1236/5335/1475 1221/5336/1475 1222/5337/1475
f 1236/5338/1476 1222/5339/1476 1223/5340/1476
f 1236/5341/1477 1223/5342/1477 1224/5343/1477
f 1236/5344/1478 1224/5345/1478 1225/5346/1478
f 1236/5347/1479 1225/5348/1479 1226/5349/1479
f 1236/5350/1480 1226/5351/1480 1227/5352/1480
f 1236/5353/1481 1227/5354/1481 1228/5355/1481
f 1236/5356/1482 1228/5357/1482 1229/5358/1482
f 1236/5359/1483 1229/5360/1483 1230/5361/1483
f 1236/5362/1484 1230/5363/1484 1231/5364/1484
f 1236/5365/1485 1231/5366/1485 1232/5367/1485
f 1236/5368/1486 1232/5369/1486 1233/5370/1486
f 1236/5371/1487 1233/5372/1487 1234/5373/1487
f 1236/5374/1488 1234/5375/1488 1219/5376/1488
o arm_left_sculpted_control_bridge
v 0.04375 0.64375 0.32622853444435945
v 0.04375 0.64375 0.6362789291710232
v 0.04375 0.48750000000000004 0.6581539291710232
v 0.04375 0.48750000000000004 0.7080118582874726
v 0.04375 0.6784520045593151 0.7480501818241032
v 0.04375 0.7692953902948334 0.9485321365507646
v 0.04375 0.7986198102676217 0.9575550350039301
v 0.04375 0.824039264299709 0.9118000177461733
v 0.04375 0.7032062436027564 0.601971759548859
v 0.04375 0.6880720429929816 0.2750730263777246
v 0.04375 0.6546023257109318 0.2855323130283652
v 0.05437499999999999 0.634375 0.325
v 0.05437499999999999 0.634375 0.628125
v 0.05437499999999999 0.478125 0.65
v 0.05437499999999999 0.478125 0.715625
v 0.05437499999999999 0.671875 0.75625
v 0.05437499999999999 0.7625 0.95625
v 0.05437499999999999 0.803125 0.96875
v 0.05437499999999999 0.834375 0.9125
v 0.05437499999999999 0.7125 0.6
v 0.05437499999999999 0.696875 0.2625
v 0.05437499999999999 0.646875 0.278125
v 0.18062499999999998 0.634375 0.325
v 0.18062499999999998 0.634375 0.628125
v 0.18062499999999998 0.478125 0.65
v 0.18062499999999998 0.478125 0.715625
v 0.18062499999999998 0.671875 0.75625
v 0.18062499999999998 0.7625 0.95625
v 0.18062499999999998 0.803125 0.96875
v 0.18062499999999998 0.834375 0.9125
v 0.18062499999999998 0.7125 0.6
v 0.18062499999999998 0.696875 0.2625
v 0.18062499999999998 0.646875 0.278125
v 0.19124999999999998 0.64375 0.32622853444435945
v 0.19124999999999998 0.64375 0.6362789291710232
v 0.19124999999999998 0.48750000000000004 0.6581539291710232
v 0.19124999999999998 0.48750000000000004 0.7080118582874726
v 0.19124999999999998 0.6784520045593151 0.7480501818241032
v 0.19124999999999998 0.7692953902948334 0.9485321365507646
v 0.19124999999999998 0.7986198102676217 0.9575550350039301
v 0.19124999999999998 0.824039264299709 0.9118000177461733
v 0.19124999999999998 0.7032062436027564 0.601971759548859
v 0.19124999999999998 0.6880720429929816 0.2750730263777246
v 0.19124999999999998 0.6546023257109318 0.2855323130283652
vt 0.021875 0.8368857327778203
vt 0.027187499999999996 0.8375
vt 0.027187499999999996 0.6859375
vt 0.021875 0.6818605354144884
vt 0.021875 0.321875
vt 0.027187499999999996 0.31718749999999996
vt 0.027187499999999996 0.23906249999999996
vt 0.021875 0.24375000000000002
vt 0.021875 0.6709230354144884
vt 0.027187499999999996 0.675
vt 0.027187499999999996 0.6421875
vt 0.021875 0.6459940708562637
vt 0.021875 0.24375000000000002
vt 0.027187499999999996 0.23906249999999996
vt 0.027187499999999996 0.3359375
vt 0.021875 0.3392260022796576
vt 0.021875 0.6259749090879484
vt 0.027187499999999996 0.621875
vt 0.027187499999999996 0.521875
vt 0.021875 0.5257339317246177
vt 0.021875 0.3846476951474167
vt 0.027187499999999996 0.38125
vt 0.027187499999999996 0.40156250000000004
vt 0.021875 0.3993099051338109
vt 0.47877751750196507 0.3993099051338109
vt 0.484375 0.40156250000000004
vt 0.45625 0.41718750000000004
vt 0.4559000088730866 0.4120196321498545
vt 0.021875 0.5440999911269133
vt 0.027187499999999996 0.54375
vt 0.027187499999999996 0.7
vt 0.021875 0.6990141202255705
vt 0.021875 0.6990141202255705
vt 0.027187499999999996 0.7
vt 0.027187499999999996 0.86875
vt 0.021875 0.8624634868111377
vt 0.021875 0.3440360214964908
vt 0.027187499999999996 0.34843749999999996
vt 0.027187499999999996 0.32343750000000004
vt 0.021875 0.32730116285546584
vt 0.021875 0.8572338434858174
vt 0.027187499999999996 0.8609375
vt 0.027187499999999996 0.8375
vt 0.021875 0.8368857327778203
vt 0.027187499999999996 0.8375
vt 0.09031249999999999 0.8375
vt 0.09031249999999999 0.6859375
vt 0.027187499999999996 0.6859375
vt 0.027187499999999996 0.31718749999999996
vt 0.09031249999999999 0.31718749999999996
vt 0.09031249999999999 0.23906249999999996
vt 0.027187499999999996 0.23906249999999996
vt 0.027187499999999996 0.675
vt 0.09031249999999999 0.675
vt 0.09031249999999999 0.6421875
vt 0.027187499999999996 0.6421875
vt 0.027187499999999996 0.23906249999999996
vt 0.09031249999999999 0.23906249999999996
vt 0.09031249999999999 0.3359375
vt 0.027187499999999996 0.3359375
vt 0.027187499999999996 0.621875
vt 0.09031249999999999 0.621875
vt 0.09031249999999999 0.521875
vt 0.027187499999999996 0.521875
vt 0.027187499999999996 0.38125
vt 0.09031249999999999 0.38125
vt 0.09031249999999999 0.40156250000000004
vt 0.027187499999999996 0.40156250000000004
vt 0.027187499999999996 0.515625
vt 0.09031249999999999 0.515625
vt 0.09031249999999999 0.54375
vt 0.027187499999999996 0.54375
vt 0.027187499999999996 0.54375
vt 0.09031249999999999 0.54375
vt 0.09031249999999999 0.7
vt 0.027187499999999996 0.7
vt 0.027187499999999996 0.7
vt 0.09031249999999999 0.7
vt 0.09031249999999999 0.86875
vt 0.027187499999999996 0.86875
vt 0.027187499999999996 0.34843749999999996
vt 0.09031249999999999 0.34843749999999996
vt 0.09031249999999999 0.32343750000000004
vt 0.027187499999999996 0.32343750000000004
vt 0.027187499999999996 0.8609375
vt 0.09031249999999999 0.8609375
vt 0.09031249999999999 0.8375
vt 0.027187499999999996 0.8375
vt 0.09031249999999999 0.8375
vt 0.09562499999999999 0.8368857327778203
vt 0.09562499999999999 0.6818605354144884
vt 0.09031249999999999 0.6859375
vt 0.09031249999999999 0.31718749999999996
vt 0.09562499999999999 0.321875
vt 0.09562499999999999 0.24375000000000002
vt 0.09031249999999999 0.23906249999999996
vt 0.09031249999999999 0.675
vt 0.09562499999999999 0.6709230354144884
vt 0.09562499999999999 0.6459940708562637
vt 0.09031249999999999 0.6421875
vt 0.09031249999999999 0.23906249999999996
vt 0.09562499999999999 0.24375000000000002
vt 0.09562499999999999 0.3392260022796576
vt 0.09031249999999999 0.3359375
vt 0.09031249999999999 0.621875
vt 0.09562499999999999 0.6259749090879484
vt 0.09562499999999999 0.5257339317246177
vt 0.09031249999999999 0.521875
vt 0.09031249999999999 0.38125
vt 0.09562499999999999 0.3846476951474167
vt 0.09562499999999999 0.3993099051338109
vt 0.09031249999999999 0.40156250000000004
vt 0.484375 0.40156250000000004
vt 0.47877751750196507 0.3993099051338109
vt 0.4559000088730866 0.4120196321498545
vt 0.45625 0.41718750000000004
vt 0.09031249999999999 0.54375
vt 0.09562499999999999 0.5440999911269133
vt 0.09562499999999999 0.6990141202255705
vt 0.09031249999999999 0.7
vt 0.09031249999999999 0.7
vt 0.09562499999999999 0.6990141202255705
vt 0.09562499999999999 0.8624634868111377
vt 0.09031249999999999 0.86875
vt 0.09031249999999999 0.34843749999999996
vt 0.09562499999999999 0.3440360214964908
vt 0.09562499999999999 0.32730116285546584
vt 0.09031249999999999 0.32343750000000004
vt 0.09031249999999999 0.8609375
vt 0.09562499999999999 0.8572338434858174
vt 0.09562499999999999 0.8368857327778203
vt 0.09031249999999999 0.8375
vt 0.1427661565141826 0.32730116285546584
vt 0.16311426722217973 0.321875
vt 0.3181394645855116 0.321875
vt 0.3181394645855116 0.321875
vt 0.3290769645855116 0.24375000000000002
vt 0.3540059291437363 0.24375000000000002
vt 0.3181394645855116 0.321875
vt 0.3540059291437363 0.24375000000000002
vt 0.3740250909120516 0.3392260022796576
vt 0.1427661565141826 0.32730116285546584
vt 0.3181394645855116 0.321875
vt 0.3740250909120516 0.3392260022796576
vt 0.3740250909120516 0.3392260022796576
vt 0.4742660682753823 0.3846476951474167
vt 0.47877751750196507 0.3993099051338109
vt 0.3740250909120516 0.3392260022796576
vt 0.47877751750196507 0.3993099051338109
vt 0.4559000088730866 0.4120196321498545
vt 0.3740250909120516 0.3392260022796576
vt 0.4559000088730866 0.4120196321498545
vt 0.3009858797744295 0.3516031218013782
vt 0.1427661565141826 0.32730116285546584
vt 0.3740250909120516 0.3392260022796576
vt 0.3009858797744295 0.3516031218013782
vt 0.3009858797744295 0.3516031218013782
vt 0.1375365131888623 0.3440360214964908
vt 0.1427661565141826 0.32730116285546584
vt 0.3181394645855116 0.321875
vt 0.16311426722217973 0.321875
vt 0.1427661565141826 0.32730116285546584
vt 0.3540059291437363 0.24375000000000002
vt 0.3290769645855116 0.24375000000000002
vt 0.3181394645855116 0.321875
vt 0.3740250909120516 0.3392260022796576
vt 0.3540059291437363 0.24375000000000002
vt 0.3181394645855116 0.321875
vt 0.3740250909120516 0.3392260022796576
vt 0.3181394645855116 0.321875
vt 0.1427661565141826 0.32730116285546584
vt 0.47877751750196507 0.3993099051338109
vt 0.4742660682753823 0.3846476951474167
vt 0.3740250909120516 0.3392260022796576
vt 0.4559000088730866 0.4120196321498545
vt 0.47877751750196507 0.3993099051338109
vt 0.3740250909120516 0.3392260022796576
vt 0.3009858797744295 0.3516031218013782
vt 0.4559000088730866 0.4120196321498545
vt 0.3740250909120516 0.3392260022796576
vt 0.3009858797744295 0.3516031218013782
vt 0.3740250909120516 0.3392260022796576
vt 0.1427661565141826 0.32730116285546584
vt 0.1427661565141826 0.32730116285546584
vt 0.1375365131888623 0.3440360214964908
vt 0.3009858797744295 0.3516031218013782
vn -0.6616216370868474 -0.7498378553650917 0
vn -0.6616216370868445 -0.10396340239667205 -0.7425957314048012
vn -0.6616216370868473 -0.7498378553650916 0
vn -0.6616216370868477 -0.15387785873695958 0.733879018591653
vn -0.6616216370868483 -0.6829922445586912 0.30948086081565673
vn -0.6616216370868447 -0.22051670218555075 0.7166792821030428
vn -0.6616216370868476 0.6554762171787639 0.36415345398820204
vn -0.6616216370868447 0.6985898535423881 -0.27245004288153124
vn -0.6616216370868465 0.7490355634495719 -0.034677572381924635
vn -0.6616216370868466 -0.2236578811620958 -0.7157052197187072
vn -0.661621637086847 -0.7245195348894179 -0.19320520930384408
vn 0 -1 0
vn 0 -0.1386478445344061 -0.9903417466743302
vn 0 -1 0
vn 0 -0.20521484429728806 0.978716949725527
vn 0 -0.9108532460343005 0.4127303771092921
vn 0 -0.29408584883752203 0.9557790087219505
vn 0 0.874157276121538 0.48564293117863205
vn 0 0.9316545551067795 -0.36334527649164383
vn 0 0.9989300461295999 -0.04624676139488889
vn 0 -0.29827499313594663 -0.95447997803503
vn 0 -0.9662349396012466 -0.2576626505603315
vn 0.6616216370868475 -0.7498378553650916 0
vn 0.6616216370868444 -0.10396340239667205 -0.7425957314048012
vn 0.6616216370868475 -0.7498378553650916 0
vn 0.6616216370868478 -0.15387785873695967 0.7338790185916529
vn 0.6616216370868482 -0.6829922445586913 0.30948086081565657
vn 0.6616216370868442 -0.2205167021855486 0.7166792821030439
vn 0.6616216370868481 0.6554762171787631 0.3641534539882028
vn 0.6616216370868447 0.6985898535423881 -0.27245004288153135
vn 0.6616216370868465 0.7490355634495718 -0.0346775723819247
vn 0.6616216370868467 -0.22365788116209553 -0.7157052197187072
vn 0.6616216370868471 -0.724519534889418 -0.19320520930384388
vn -1 0 0
vn -1 0 0
vn -1 0 0
vn -1 0 0
vn -1 0 0
vn -1 0 0
vn -1 0 0
vn -1 0 0
vn -1 0 0
vn 1 0 0
vn 1 0 0
vn 1 0 0
vn 1 0 0
vn 1 0 0
vn 1 0 0
vn 1 0 0
vn 1 0 0
vn 1 0 0
usemtl chair_titanium
f 1237/5377/1489 1248/5378/1489 1249/5379/1489 1238/5380/1489
f 1238/5381/1490 1249/5382/1490 1250/5383/1490 1239/5384/1490
f 1239/5385/1491 1250/5386/1491 1251/5387/1491 1240/5388/1491
f 1240/5389/1492 1251/5390/1492 1252/5391/1492 1241/5392/1492
f 1241/5393/1493 1252/5394/1493 1253/5395/1493 1242/5396/1493
f 1242/5397/1494 1253/5398/1494 1254/5399/1494 1243/5400/1494
f 1243/5401/1495 1254/5402/1495 1255/5403/1495 1244/5404/1495
f 1244/5405/1496 1255/5406/1496 1256/5407/1496 1245/5408/1496
f 1245/5409/1497 1256/5410/1497 1257/5411/1497 1246/5412/1497
f 1246/5413/1498 1257/5414/1498 1258/5415/1498 1247/5416/1498
f 1247/5417/1499 1258/5418/1499 1248/5419/1499 1237/5420/1499
f 1248/5421/1500 1259/5422/1500 1260/5423/1500 1249/5424/1500
f 1249/5425/1501 1260/5426/1501 1261/5427/1501 1250/5428/1501
f 1250/5429/1502 1261/5430/1502 1262/5431/1502 1251/5432/1502
f 1251/5433/1503 1262/5434/1503 1263/5435/1503 1252/5436/1503
f 1252/5437/1504 1263/5438/1504 1264/5439/1504 1253/5440/1504
f 1253/5441/1505 1264/5442/1505 1265/5443/1505 1254/5444/1505
f 1254/5445/1506 1265/5446/1506 1266/5447/1506 1255/5448/1506
f 1255/5449/1507 1266/5450/1507 1267/5451/1507 1256/5452/1507
f 1256/5453/1508 1267/5454/1508 1268/5455/1508 1257/5456/1508
f 1257/5457/1509 1268/5458/1509 1269/5459/1509 1258/5460/1509
f 1258/5461/1510 1269/5462/1510 1259/5463/1510 1248/5464/1510
f 1259/5465/1511 1270/5466/1511 1271/5467/1511 1260/5468/1511
f 1260/5469/1512 1271/5470/1512 1272/5471/1512 1261/5472/1512
f 1261/5473/1513 1272/5474/1513 1273/5475/1513 1262/5476/1513
f 1262/5477/1514 1273/5478/1514 1274/5479/1514 1263/5480/1514
f 1263/5481/1515 1274/5482/1515 1275/5483/1515 1264/5484/1515
f 1264/5485/1516 1275/5486/1516 1276/5487/1516 1265/5488/1516
f 1265/5489/1517 1276/5490/1517 1277/5491/1517 1266/5492/1517
f 1266/5493/1518 1277/5494/1518 1278/5495/1518 1267/5496/1518
f 1267/5497/1519 1278/5498/1519 1279/5499/1519 1268/5500/1519
f 1268/5501/1520 1279/5502/1520 1280/5503/1520 1269/5504/1520
f 1269/5505/1521 1280/5506/1521 1270/5507/1521 1259/5508/1521
f 1247/5509/1522 1237/5510/1522 1238/5511/1522
f 1238/5512/1523 1239/5513/1523 1240/5514/1523
f 1238/5515/1524 1240/5516/1524 1241/5517/1524
f 1247/5518/1525 1238/5519/1525 1241/5520/1525
f 1241/5521/1526 1242/5522/1526 1243/5523/1526
f 1241/5524/1527 1243/5525/1527 1244/5526/1527
f 1241/5527/1528 1244/5528/1528 1245/5529/1528
f 1247/5530/1529 1241/5531/1529 1245/5532/1529
f 1245/5533/1530 1246/5534/1530 1247/5535/1530
f 1271/5536/1531 1270/5537/1531 1280/5538/1531
f 1273/5539/1532 1272/5540/1532 1271/5541/1532
f 1274/5542/1533 1273/5543/1533 1271/5544/1533
f 1274/5545/1534 1271/5546/1534 1280/5547/1534
f 1276/5548/1535 1275/5549/1535 1274/5550/1535
f 1277/5551/1536 1276/5552/1536 1274/5553/1536
f 1278/5554/1537 1277/5555/1537 1274/5556/1537
f 1278/5557/1538 1274/5558/1538 1280/5559/1538
f 1280/5560/1539 1279/5561/1539 1278/5562/1539
o arm_left_elbow_pad
v 0.16749999999999998 0.705625 0.5428125
v 0.16549038105676658 0.705625 0.5503125
v 0.16 0.705625 0.5558028810567666
v 0.1525 0.705625 0.5578125
v 0.08249999999999999 0.705625 0.5578125
v 0.075 0.705625 0.5558028810567666
v 0.0695096189432334 0.705625 0.5503125
v 0.06749999999999999 0.705625 0.5428125
v 0.06749999999999999 0.705625 0.3196875
v 0.0695096189432334 0.705625 0.3121875
v 0.07499999999999998 0.705625 0.3066971189432335
v 0.08249999999999999 0.705625 0.3046875
v 0.1525 0.705625 0.3046875
v 0.16 0.705625 0.3066971189432335
v 0.16549038105676656 0.705625 0.3121875
v 0.16749999999999998 0.705625 0.3196875
v 0.18312499999999998 0.7168749999999999 0.5459375
v 0.17944069860407208 0.7168749999999999 0.5596875
v 0.169375 0.7168749999999999 0.569753198604072
v 0.155625 0.7168749999999999 0.5734375
v 0.07937499999999999 0.7168749999999999 0.5734375
v 0.06562499999999999 0.7168749999999999 0.569753198604072
v 0.05555930139592792 0.7168749999999999 0.5596875
v 0.05187499999999999 0.7168749999999999 0.5459375
v 0.05187499999999999 0.7168749999999999 0.3165625
v 0.05555930139592792 0.7168749999999999 0.30281250000000004
v 0.06562499999999998 0.7168749999999999 0.29274680139592796
v 0.07937499999999997 0.7168749999999999 0.2890625
v 0.15562499999999999 0.7168749999999999 0.2890625
v 0.169375 0.7168749999999999 0.29274680139592796
v 0.17944069860407205 0.7168749999999999 0.30281250000000004
v 0.18312499999999998 0.7168749999999999 0.3165625
v 0.18312499999999998 0.731875 0.5459375
v 0.17944069860407208 0.731875 0.5596875
v 0.169375 0.731875 0.569753198604072
v 0.155625 0.731875 0.5734375
v 0.07937499999999999 0.731875 0.5734375
v 0.06562499999999999 0.731875 0.569753198604072
v 0.05555930139592792 0.731875 0.5596875
v 0.05187499999999999 0.731875 0.5459375
v 0.05187499999999999 0.731875 0.3165625
v 0.05555930139592792 0.731875 0.30281250000000004
v 0.06562499999999998 0.731875 0.29274680139592796
v 0.07937499999999997 0.731875 0.2890625
v 0.15562499999999999 0.731875 0.2890625
v 0.169375 0.731875 0.29274680139592796
v 0.17944069860407205 0.731875 0.30281250000000004
v 0.18312499999999998 0.731875 0.3165625
v 0.1628125 0.743125 0.538125
v 0.16080288105676657 0.743125 0.545625
v 0.1553125 0.743125 0.5511153810567666
v 0.1478125 0.743125 0.553125
v 0.08718749999999999 0.743125 0.553125
v 0.0796875 0.743125 0.5511153810567666
v 0.07419711894323341 0.743125 0.545625
v 0.07218749999999999 0.743125 0.538125
v 0.07218749999999999 0.743125 0.324375
v 0.07419711894323341 0.743125 0.316875
v 0.07968749999999998 0.743125 0.31138461894323344
v 0.08718749999999999 0.743125 0.309375
v 0.14781249999999999 0.743125 0.309375
v 0.1553125 0.743125 0.31138461894323344
v 0.16080288105676657 0.743125 0.316875
v 0.1628125 0.743125 0.324375
v 0.11749999999999998 0.7056249999999997 0.43125
v 0.11749999999999998 0.7431249999999998 0.4312499999999999
vt 0.09156249999999999 0.72703125
vt 0.08972034930203604 0.72015625
vt 0.08274519052838329 0.72484375
vt 0.08374999999999999 0.7285937499999999
vt 0.08972034930203604 0.72015625
vt 0.0846875 0.715123400697964
vt 0.08 0.7220985594716167
vt 0.08274519052838329 0.72484375
vt 0.0846875 0.715123400697964
vt 0.0778125 0.71328125
vt 0.07625 0.72109375
vt 0.08 0.7220985594716167
vt 0.0778125 0.71328125
vt 0.039687499999999994 0.71328125
vt 0.041249999999999995 0.72109375
vt 0.07625 0.72109375
vt 0.039687499999999994 0.71328125
vt 0.032812499999999994 0.715123400697964
vt 0.0375 0.7220985594716167
vt 0.041249999999999995 0.72109375
vt 0.032812499999999994 0.715123400697964
vt 0.02777965069796396 0.72015625
vt 0.0347548094716167 0.72484375
vt 0.0375 0.7220985594716167
vt 0.02777965069796396 0.72015625
vt 0.025937499999999995 0.72703125
vt 0.033749999999999995 0.7285937499999999
vt 0.0347548094716167 0.72484375
vt 0.025937499999999995 0.72703125
vt 0.025937499999999995 0.84171875
vt 0.033749999999999995 0.8401562499999999
vt 0.033749999999999995 0.7285937499999999
vt 0.025937499999999995 0.84171875
vt 0.02777965069796396 0.84859375
vt 0.0347548094716167 0.84390625
vt 0.033749999999999995 0.8401562499999999
vt 0.02777965069796396 0.84859375
vt 0.03281249999999999 0.853626599302036
vt 0.03749999999999999 0.8466514405283833
vt 0.0347548094716167 0.84390625
vt 0.03281249999999999 0.853626599302036
vt 0.03968749999999999 0.85546875
vt 0.041249999999999995 0.84765625
vt 0.03749999999999999 0.8466514405283833
vt 0.03968749999999999 0.85546875
vt 0.07781249999999999 0.85546875
vt 0.07625 0.84765625
vt 0.041249999999999995 0.84765625
vt 0.07781249999999999 0.85546875
vt 0.0846875 0.853626599302036
vt 0.08 0.8466514405283833
vt 0.07625 0.84765625
vt 0.0846875 0.853626599302036
vt 0.08972034930203603 0.84859375
vt 0.08274519052838328 0.84390625
vt 0.08 0.8466514405283833
vt 0.08972034930203603 0.84859375
vt 0.09156249999999999 0.84171875
vt 0.08374999999999999 0.8401562499999999
vt 0.08274519052838328 0.84390625
vt 0.09156249999999999 0.84171875
vt 0.09156249999999999 0.72703125
vt 0.08374999999999999 0.7285937499999999
vt 0.08374999999999999 0.8401562499999999
vt 0.27296875 0.3659375
vt 0.27984375 0.3659375
vt 0.27984375 0.35843749999999996
vt 0.27296875 0.35843749999999996
vt 0.08972034930203604 0.3659375
vt 0.0846875 0.3659375
vt 0.0846875 0.35843749999999996
vt 0.08972034930203604 0.35843749999999996
vt 0.0846875 0.3659375
vt 0.0778125 0.3659375
vt 0.0778125 0.35843749999999996
vt 0.0846875 0.35843749999999996
vt 0.0778125 0.3659375
vt 0.039687499999999994 0.3659375
vt 0.039687499999999994 0.35843749999999996
vt 0.0778125 0.35843749999999996
vt 0.039687499999999994 0.3659375
vt 0.032812499999999994 0.3659375
vt 0.032812499999999994 0.35843749999999996
vt 0.039687499999999994 0.35843749999999996
vt 0.032812499999999994 0.3659375
vt 0.02777965069796396 0.3659375
vt 0.02777965069796396 0.35843749999999996
vt 0.032812499999999994 0.35843749999999996
vt 0.27984375 0.3659375
vt 0.27296875 0.3659375
vt 0.27296875 0.35843749999999996
vt 0.27984375 0.35843749999999996
vt 0.27296875 0.3659375
vt 0.15828125 0.3659375
vt 0.15828125 0.35843749999999996
vt 0.27296875 0.35843749999999996
vt 0.15828125 0.3659375
vt 0.15140625000000002 0.3659375
vt 0.15140625000000002 0.35843749999999996
vt 0.15828125 0.35843749999999996
vt 0.15140625000000002 0.3659375
vt 0.14637340069796398 0.3659375
vt 0.14637340069796398 0.35843749999999996
vt 0.15140625000000002 0.35843749999999996
vt 0.03281249999999999 0.3659375
vt 0.03968749999999999 0.3659375
vt 0.03968749999999999 0.35843749999999996
vt 0.03281249999999999 0.35843749999999996
vt 0.03968749999999999 0.3659375
vt 0.07781249999999999 0.3659375
vt 0.07781249999999999 0.35843749999999996
vt 0.03968749999999999 0.35843749999999996
vt 0.07781249999999999 0.3659375
vt 0.0846875 0.3659375
vt 0.0846875 0.35843749999999996
vt 0.07781249999999999 0.35843749999999996
vt 0.14637340069796398 0.3659375
vt 0.15140625000000002 0.3659375
vt 0.15140625000000002 0.35843749999999996
vt 0.14637340069796398 0.35843749999999996
vt 0.15140625000000002 0.3659375
vt 0.15828125 0.3659375
vt 0.15828125 0.35843749999999996
vt 0.15140625000000002 0.35843749999999996
vt 0.15828125 0.3659375
vt 0.27296875 0.3659375
vt 0.27296875 0.35843749999999996
vt 0.15828125 0.35843749999999996
vt 0.08140625 0.7309375
vt 0.08040144052838329 0.7271875
vt 0.08972034930203604 0.72015625
vt 0.09156249999999999 0.72703125
vt 0.08040144052838329 0.7271875
vt 0.07765625 0.7244423094716167
vt 0.0846875 0.715123400697964
vt 0.08972034930203604 0.72015625
vt 0.07765625 0.7244423094716167
vt 0.07390625 0.7234375
vt 0.0778125 0.71328125
vt 0.0846875 0.715123400697964
vt 0.07390625 0.7234375
vt 0.043593749999999994 0.7234375
vt 0.039687499999999994 0.71328125
vt 0.0778125 0.71328125
vt 0.043593749999999994 0.7234375
vt 0.03984375 0.7244423094716167
vt 0.032812499999999994 0.715123400697964
vt 0.039687499999999994 0.71328125
vt 0.03984375 0.7244423094716167
vt 0.03709855947161671 0.7271875
vt 0.02777965069796396 0.72015625
vt 0.032812499999999994 0.715123400697964
vt 0.03709855947161671 0.7271875
vt 0.036093749999999994 0.7309375
vt 0.025937499999999995 0.72703125
vt 0.02777965069796396 0.72015625
vt 0.036093749999999994 0.7309375
vt 0.036093749999999994 0.8378125
vt 0.025937499999999995 0.84171875
vt 0.025937499999999995 0.72703125
vt 0.036093749999999994 0.8378125
vt 0.03709855947161671 0.8415625
vt 0.02777965069796396 0.84859375
vt 0.025937499999999995 0.84171875
vt 0.03709855947161671 0.8415625
vt 0.03984374999999999 0.8443076905283833
vt 0.03281249999999999 0.853626599302036
vt 0.02777965069796396 0.84859375
vt 0.03984374999999999 0.8443076905283833
vt 0.043593749999999994 0.8453125
vt 0.03968749999999999 0.85546875
vt 0.03281249999999999 0.853626599302036
vt 0.043593749999999994 0.8453125
vt 0.07390624999999999 0.8453125
vt 0.07781249999999999 0.85546875
vt 0.03968749999999999 0.85546875
vt 0.07390624999999999 0.8453125
vt 0.07765625 0.8443076905283833
vt 0.0846875 0.853626599302036
vt 0.07781249999999999 0.85546875
vt 0.07765625 0.8443076905283833
vt 0.08040144052838329 0.8415625
vt 0.08972034930203603 0.84859375
vt 0.0846875 0.853626599302036
vt 0.08040144052838329 0.8415625
vt 0.08140625 0.8378125
vt 0.09156249999999999 0.84171875
vt 0.08972034930203603 0.84859375
vt 0.08140625 0.8378125
vt 0.08140625 0.7309375
vt 0.09156249999999999 0.72703125
vt 0.09156249999999999 0.84171875
vt 0.05874999999999999 0.784375
vt 0.08374999999999999 0.7285937499999999
vt 0.08274519052838329 0.72484375
vt 0.05874999999999999 0.784375
vt 0.08274519052838329 0.72484375
vt 0.08 0.7220985594716167
vt 0.05874999999999999 0.784375
vt 0.08 0.7220985594716167
vt 0.07625 0.72109375
vt 0.05874999999999999 0.784375
vt 0.07625 0.72109375
vt 0.041249999999999995 0.72109375
vt 0.05874999999999999 0.784375
vt 0.041249999999999995 0.72109375
vt 0.0375 0.7220985594716167
vt 0.05874999999999999 0.784375
vt 0.0375 0.7220985594716167
vt 0.0347548094716167 0.72484375
vt 0.05874999999999999 0.784375
vt 0.0347548094716167 0.72484375
vt 0.033749999999999995 0.7285937499999999
vt 0.05874999999999999 0.784375
vt 0.033749999999999995 0.7285937499999999
vt 0.033749999999999995 0.8401562499999999
vt 0.05874999999999999 0.784375
vt 0.033749999999999995 0.8401562499999999
vt 0.0347548094716167 0.84390625
vt 0.05874999999999999 0.784375
vt 0.0347548094716167 0.84390625
vt 0.03749999999999999 0.8466514405283833
vt 0.05874999999999999 0.784375
vt 0.03749999999999999 0.8466514405283833
vt 0.041249999999999995 0.84765625
vt 0.05874999999999999 0.784375
vt 0.041249999999999995 0.84765625
vt 0.07625 0.84765625
vt 0.05874999999999999 0.784375
vt 0.07625 0.84765625
vt 0.08 0.8466514405283833
vt 0.05874999999999999 0.784375
vt 0.08 0.8466514405283833
vt 0.08274519052838328 0.84390625
vt 0.05874999999999999 0.784375
vt 0.08274519052838328 0.84390625
vt 0.08374999999999999 0.8401562499999999
vt 0.05874999999999999 0.784375
vt 0.08374999999999999 0.8401562499999999
vt 0.08374999999999999 0.7285937499999999
vt 0.08040144052838329 0.7271875
vt 0.08140625 0.7309375
vt 0.05874999999999999 0.784375
vt 0.07765625 0.7244423094716167
vt 0.08040144052838329 0.7271875
vt 0.05874999999999999 0.784375
vt 0.07390625 0.7234375
vt 0.07765625 0.7244423094716167
vt 0.05874999999999999 0.784375
vt 0.043593749999999994 0.7234375
vt 0.07390625 0.7234375
vt 0.05874999999999999 0.784375
vt 0.03984375 0.7244423094716167
vt 0.043593749999999994 0.7234375
vt 0.05874999999999999 0.784375
vt 0.03709855947161671 0.7271875
vt 0.03984375 0.7244423094716167
vt 0.05874999999999999 0.784375
vt 0.036093749999999994 0.7309375
vt 0.03709855947161671 0.7271875
vt 0.05874999999999999 0.784375
vt 0.036093749999999994 0.8378125
vt 0.036093749999999994 0.7309375
vt 0.05874999999999999 0.784375
vt 0.03709855947161671 0.8415625
vt 0.036093749999999994 0.8378125
vt 0.05874999999999999 0.784375
vt 0.03984374999999999 0.8443076905283833
vt 0.03709855947161671 0.8415625
vt 0.05874999999999999 0.784375
vt 0.043593749999999994 0.8453125
vt 0.03984374999999999 0.8443076905283833
vt 0.05874999999999999 0.784375
vt 0.07390624999999999 0.8453125
vt 0.043593749999999994 0.8453125
vt 0.05874999999999999 0.784375
vt 0.07765625 0.8443076905283833
vt 0.07390624999999999 0.8453125
vt 0.05874999999999999 0.784375
vt 0.08040144052838329 0.8415625
vt 0.07765625 0.8443076905283833
vt 0.05874999999999999 0.784375
vt 0.08140625 0.8378125
vt 0.08040144052838329 0.8415625
vt 0.05874999999999999 0.784375
vt 0.08140625 0.7309375
vt 0.08140625 0.8378125
vt 0.05874999999999999 0.784375
vn 0.5578762655298001 -0.8163510617983899 0.14948249482519865
vn 0.398446595045709 -0.8261238537852298 0.3984465950457112
vn 0.14948249482520345 -0.8163510617983899 0.5578762655297989
vn 0 -0.811534341451495 0.5843047258450754
vn -0.14948249482520318 -0.8163510617983901 0.5578762655297985
vn -0.3984465950457091 -0.8261238537852301 0.3984465950457108
vn -0.5578762655298002 -0.8163510617983896 0.14948249482519982
vn -0.5843047258450753 -0.8115343414514948 0
vn -0.5578762655297999 -0.8163510617983896 -0.14948249482520035
vn -0.39844659504571006 -0.8261238537852303 -0.39844659504570895
vn -0.14948249482520118 -0.8163510617983898 -0.5578762655297994
vn 0 -0.8115343414514948 -0.5843047258450753
vn 0.14948249482520076 -0.8163510617983906 -0.5578762655297984
vn 0.3984465950457108 -0.8261238537852298 -0.3984465950457097
vn 0.5578762655297997 -0.8163510617983898 -0.14948249482520032
vn 0.5843047258450753 -0.8115343414514948 0
vn 0.9659258262890691 0 0.2588190451025178
vn 0.7071067811865456 0 0.7071067811865496
vn 0.258819045102526 0 0.9659258262890669
vn 0 0 1
vn -0.25881904510252585 0 0.965925826289067
vn -0.7071067811865461 0 0.707106781186549
vn -0.9659258262890686 0 0.25881904510251963
vn -1 0 0
vn -0.9659258262890683 0 -0.2588190451025206
vn -0.7071067811865486 0 -0.7071067811865465
vn -0.2588190451025222 0 -0.965925826289068
vn 0 0 -1
vn 0.2588190451025219 0 -0.9659258262890681
vn 0.7071067811865486 0 -0.7071067811865465
vn 0.9659258262890683 0 -0.2588190451025206
vn 1 0 0
vn 0.4455064628041971 0.8872846529320453 0.11937309693123001
vn 0.309360762103893 0.8992173473309983 0.309360762103893
vn 0.11937309693122795 0.8872846529320455 0.44550646280419676
vn 0 0.8747913560854168 0.48449982798576696
vn -0.11937309693122848 0.8872846529320443 0.4455064628041996
vn -0.3093607621038927 0.8992173473309985 0.3093607621038927
vn -0.4455064628041973 0.8872846529320451 0.11937309693123006
vn -0.48449982798576824 0.8747913560854161 0
vn -0.4455064628041968 0.8872846529320452 -0.11937309693123083
vn -0.309360762103893 0.8992173473309985 -0.3093607621038923
vn -0.11937309693123077 0.8872846529320452 -0.44550646280419665
vn 0 0.8747913560854161 -0.48449982798576796
vn 0.11937309693123084 0.8872846529320452 -0.44550646280419687
vn 0.3093607621038928 0.8992173473309983 -0.3093607621038928
vn 0.44550646280419715 0.887284652932045 -0.11937309693123091
vn 0.4844998279857684 0.8747913560854159 0
vn 2.779271996726974e-15 -1 7.447036870694234e-16
vn 1.329187521462607e-15 -1 1.329187521462607e-15
vn 4.3766629906007075e-16 -1 1.6333928648527701e-15
vn 0 -1 1.7544265080496298e-15
vn -4.376662990600719e-16 -1 1.6333928648527713e-15
vn -1.3291875214626046e-15 -1 1.329187521462608e-15
vn -2.7792719967269695e-15 -1 7.447036870694275e-16
vn -4.440892098500628e-15 -1 0
vn -2.779271996726978e-15 -1 -7.447036870694242e-16
vn -1.3291875214625973e-15 -1 -1.3291875214626109e-15
vn -4.3766629906007075e-16 -1 -1.6333928648527701e-15
vn 0 -1 -1.7544265080496298e-15
vn 4.3766629906007075e-16 -1 -1.6333928648527701e-15
vn 1.3291875214626024e-15 -1 -1.3291875214626091e-15
vn 2.7792719967269703e-15 -1 -7.447036870694273e-16
vn 4.440892098500626e-15 -1 0
vn -3.0026490363900567e-15 1 -8.045573844548004e-16
vn -1.4082165706240782e-15 1 -1.4082165706240782e-15
vn -4.576765349128991e-16 1 -1.7080720817270476e-15
vn 0 1 -1.8219044506669226e-15
vn 4.576765349128983e-16 1 -1.708072081727048e-15
vn 1.4082165706240784e-15 1 -1.4082165706240784e-15
vn 3.002649036390057e-15 1 -8.045573844548005e-16
vn 4.9002947293800024e-15 1 0
vn 3.0026490363900508e-15 1 8.045573844548047e-16
vn 1.4082165706240831e-15 1 1.4082165706240796e-15
vn 4.5767653491291e-16 1 1.7080720817270472e-15
vn 0 1 1.821904450666925e-15
vn -4.5767653491291e-16 1 1.7080720817270472e-15
vn -1.40821657062408e-15 1 1.40821657062408e-15
vn -3.0026490363900496e-15 1 8.045573844548044e-16
vn -4.900294729379999e-15 1 0
usemtl chair_bolster
f 1297/5563/1540 1298/5564/1540 1282/5565/1540 1281/5566/1540
f 1298/5567/1541 1299/5568/1541 1283/5569/1541 1282/5570/1541
f 1299/5571/1542 1300/5572/1542 1284/5573/1542 1283/5574/1542
f 1300/5575/1543 1301/5576/1543 1285/5577/1543 1284/5578/1543
f 1301/5579/1544 1302/5580/1544 1286/5581/1544 1285/5582/1544
f 1302/5583/1545 1303/5584/1545 1287/5585/1545 1286/5586/1545
f 1303/5587/1546 1304/5588/1546 1288/5589/1546 1287/5590/1546
f 1304/5591/1547 1305/5592/1547 1289/5593/1547 1288/5594/1547
f 1305/5595/1548 1306/5596/1548 1290/5597/1548 1289/5598/1548
f 1306/5599/1549 1307/5600/1549 1291/5601/1549 1290/5602/1549
f 1307/5603/1550 1308/5604/1550 1292/5605/1550 1291/5606/1550
f 1308/5607/1551 1309/5608/1551 1293/5609/1551 1292/5610/1551
f 1309/5611/1552 1310/5612/1552 1294/5613/1552 1293/5614/1552
f 1310/5615/1553 1311/5616/1553 1295/5617/1553 1294/5618/1553
f 1311/5619/1554 1312/5620/1554 1296/5621/1554 1295/5622/1554
f 1312/5623/1555 1297/5624/1555 1281/5625/1555 1296/5626/1555
f 1313/5627/1556 1314/5628/1556 1298/5629/1556 1297/5630/1556
f 1314/5631/1557 1315/5632/1557 1299/5633/1557 1298/5634/1557
f 1315/5635/1558 1316/5636/1558 1300/5637/1558 1299/5638/1558
f 1316/5639/1559 1317/5640/1559 1301/5641/1559 1300/5642/1559
f 1317/5643/1560 1318/5644/1560 1302/5645/1560 1301/5646/1560
f 1318/5647/1561 1319/5648/1561 1303/5649/1561 1302/5650/1561
f 1319/5651/1562 1320/5652/1562 1304/5653/1562 1303/5654/1562
f 1320/5655/1563 1321/5656/1563 1305/5657/1563 1304/5658/1563
f 1321/5659/1564 1322/5660/1564 1306/5661/1564 1305/5662/1564
f 1322/5663/1565 1323/5664/1565 1307/5665/1565 1306/5666/1565
f 1323/5667/1566 1324/5668/1566 1308/5669/1566 1307/5670/1566
f 1324/5671/1567 1325/5672/1567 1309/5673/1567 1308/5674/1567
f 1325/5675/1568 1326/5676/1568 1310/5677/1568 1309/5678/1568
f 1326/5679/1569 1327/5680/1569 1311/5681/1569 1310/5682/1569
f 1327/5683/1570 1328/5684/1570 1312/5685/1570 1311/5686/1570
f 1328/5687/1571 1313/5688/1571 1297/5689/1571 1312/5690/1571
f 1329/5691/1572 1330/5692/1572 1314/5693/1572 1313/5694/1572
f 1330/5695/1573 1331/5696/1573 1315/5697/1573 1314/5698/1573
f 1331/5699/1574 1332/5700/1574 1316/5701/1574 1315/5702/1574
f 1332/5703/1575 1333/5704/1575 1317/5705/1575 1316/5706/1575
f 1333/5707/1576 1334/5708/1576 1318/5709/1576 1317/5710/1576
f 1334/5711/1577 1335/5712/1577 1319/5713/1577 1318/5714/1577
f 1335/5715/1578 1336/5716/1578 1320/5717/1578 1319/5718/1578
f 1336/5719/1579 1337/5720/1579 1321/5721/1579 1320/5722/1579
f 1337/5723/1580 1338/5724/1580 1322/5725/1580 1321/5726/1580
f 1338/5727/1581 1339/5728/1581 1323/5729/1581 1322/5730/1581
f 1339/5731/1582 1340/5732/1582 1324/5733/1582 1323/5734/1582
f 1340/5735/1583 1341/5736/1583 1325/5737/1583 1324/5738/1583
f 1341/5739/1584 1342/5740/1584 1326/5741/1584 1325/5742/1584
f 1342/5743/1585 1343/5744/1585 1327/5745/1585 1326/5746/1585
f 1343/5747/1586 1344/5748/1586 1328/5749/1586 1327/5750/1586
f 1344/5751/1587 1329/5752/1587 1313/5753/1587 1328/5754/1587
f 1345/5755/1588 1281/5756/1588 1282/5757/1588
f 1345/5758/1589 1282/5759/1589 1283/5760/1589
f 1345/5761/1590 1283/5762/1590 1284/5763/1590
f 1345/5764/1591 1284/5765/1591 1285/5766/1591
f 1345/5767/1592 1285/5768/1592 1286/5769/1592
f 1345/5770/1593 1286/5771/1593 1287/5772/1593
f 1345/5773/1594 1287/5774/1594 1288/5775/1594
f 1345/5776/1595 1288/5777/1595 1289/5778/1595
f 1345/5779/1596 1289/5780/1596 1290/5781/1596
f 1345/5782/1597 1290/5783/1597 1291/5784/1597
f 1345/5785/1598 1291/5786/1598 1292/5787/1598
f 1345/5788/1599 1292/5789/1599 1293/5790/1599
f 1345/5791/1600 1293/5792/1600 1294/5793/1600
f 1345/5794/1601 1294/5795/1601 1295/5796/1601
f 1345/5797/1602 1295/5798/1602 1296/5799/1602
f 1345/5800/1603 1296/5801/1603 1281/5802/1603
f 1330/5803/1604 1329/5804/1604 1346/5805/1604
f 1331/5806/1605 1330/5807/1605 1346/5808/1605
f 1332/5809/1606 1331/5810/1606 1346/5811/1606
f 1333/5812/1607 1332/5813/1607 1346/5814/1607
f 1334/5815/1608 1333/5816/1608 1346/5817/1608
f 1335/5818/1609 1334/5819/1609 1346/5820/1609
f 1336/5821/1610 1335/5822/1610 1346/5823/1610
f 1337/5824/1611 1336/5825/1611 1346/5826/1611
f 1338/5827/1612 1337/5828/1612 1346/5829/1612
f 1339/5830/1613 1338/5831/1613 1346/5832/1613
f 1340/5833/1614 1339/5834/1614 1346/5835/1614
f 1341/5836/1615 1340/5837/1615 1346/5838/1615
f 1342/5839/1616 1341/5840/1616 1346/5841/1616
f 1343/5842/1617 1342/5843/1617 1346/5844/1617
f 1344/5845/1618 1343/5846/1618 1346/5847/1618
f 1329/5848/1619 1344/5849/1619 1346/5850/1619
o arm_left_front_support_insert
v 0.1525 0.5390625 0.6681250000000001
v 0.15124398816047913 0.54375 0.6681250000000001
v 0.14781249999999999 0.5471814881604791 0.6681250000000001
v 0.143125 0.5484375 0.6681250000000001
v 0.09187499999999998 0.5484375 0.6681250000000001
v 0.0871875 0.5471814881604791 0.6681250000000001
v 0.08375601183952087 0.54375 0.6681250000000001
v 0.08249999999999999 0.5390625 0.6681250000000001
v 0.08249999999999999 0.5234375 0.6681250000000001
v 0.08375601183952089 0.51875 0.6681250000000001
v 0.08718749999999999 0.5153185118395209 0.6681250000000001
v 0.09187499999999998 0.5140625 0.6681250000000001
v 0.143125 0.5140625 0.6681250000000001
v 0.14781249999999999 0.5153185118395209 0.6681250000000001
v 0.1512439881604791 0.51875 0.6681250000000001
v 0.1525 0.5234375 0.6681250000000001
v 0.168125 0.5515625 0.675625
v 0.1664503175473055 0.5578125 0.675625
v 0.161875 0.5623878175473055 0.675625
v 0.155625 0.5640625 0.675625
v 0.07937499999999999 0.5640625 0.675625
v 0.073125 0.5623878175473055 0.675625
v 0.0685496824526945 0.5578125 0.675625
v 0.06687499999999999 0.5515625 0.675625
v 0.06687499999999999 0.5109375 0.675625
v 0.06854968245269451 0.5046875 0.675625
v 0.07312499999999998 0.5001121824526945 0.675625
v 0.07937499999999999 0.4984375 0.675625
v 0.155625 0.4984375 0.675625
v 0.161875 0.5001121824526945 0.675625
v 0.1664503175473055 0.5046875 0.675625
v 0.168125 0.5109375 0.675625
v 0.168125 0.5515625 0.685625
v 0.1664503175473055 0.5578125 0.685625
v 0.161875 0.5623878175473055 0.685625
v 0.155625 0.5640625 0.685625
v 0.07937499999999999 0.5640625 0.685625
v 0.073125 0.5623878175473055 0.685625
v 0.0685496824526945 0.5578125 0.685625
v 0.06687499999999999 0.5515625 0.685625
v 0.06687499999999999 0.5109375 0.685625
v 0.06854968245269451 0.5046875 0.685625
v 0.07312499999999998 0.5001121824526945 0.685625
v 0.07937499999999999 0.4984375 0.685625
v 0.155625 0.4984375 0.685625
v 0.161875 0.5001121824526945 0.685625
v 0.1664503175473055 0.5046875 0.685625
v 0.168125 0.5109375 0.685625
v 0.1478125 0.534375 0.693125
v 0.14655648816047911 0.5390625 0.693125
v 0.143125 0.5424939881604791 0.693125
v 0.1384375 0.54375 0.693125
v 0.0965625 0.54375 0.693125
v 0.09187499999999998 0.5424939881604791 0.693125
v 0.08844351183952087 0.5390625 0.693125
v 0.08718749999999999 0.534375 0.693125
v 0.08718749999999999 0.528125 0.693125
v 0.08844351183952087 0.5234375 0.693125
v 0.09187499999999998 0.5200060118395209 0.693125
v 0.0965625 0.51875 0.693125
v 0.1384375 0.51875 0.693125
v 0.143125 0.5200060118395209 0.693125
v 0.14655648816047911 0.5234375 0.693125
v 0.1478125 0.528125 0.693125
v 0.11749999999999998 0.5312499999999999 0.668125
v 0.11749999999999997 0.53125 0.6931250000000001
vt 0.07625 0.26953125
vt 0.07562199408023956 0.271875
vt 0.08322515877365275 0.27890625
vt 0.0840625 0.27578125
vt 0.07562199408023956 0.271875
vt 0.07390624999999999 0.27359074408023953
vt 0.0809375 0.2811939087736528
vt 0.08322515877365275 0.27890625
vt 0.07390624999999999 0.27359074408023953
vt 0.0715625 0.27421874999999996
vt 0.0778125 0.28203124999999996
vt 0.0809375 0.2811939087736528
vt 0.0715625 0.27421874999999996
vt 0.04593749999999999 0.27421874999999996
vt 0.039687499999999994 0.28203124999999996
vt 0.0778125 0.28203124999999996
vt 0.04593749999999999 0.27421874999999996
vt 0.04359375 0.27359074408023953
vt 0.0365625 0.2811939087736528
vt 0.039687499999999994 0.28203124999999996
vt 0.04359375 0.27359074408023953
vt 0.04187800591976044 0.271875
vt 0.03427484122634725 0.27890625
vt 0.0365625 0.2811939087736528
vt 0.04187800591976044 0.271875
vt 0.041249999999999995 0.26953125
vt 0.033437499999999995 0.27578125
vt 0.03427484122634725 0.27890625
vt 0.041249999999999995 0.26953125
vt 0.041249999999999995 0.26171875
vt 0.033437499999999995 0.25546875
vt 0.033437499999999995 0.27578125
vt 0.041249999999999995 0.26171875
vt 0.041878005919760444 0.259375
vt 0.034274841226347254 0.25234375
vt 0.033437499999999995 0.25546875
vt 0.041878005919760444 0.259375
vt 0.043593749999999994 0.25765925591976047
vt 0.03656249999999999 0.2500560912263472
vt 0.034274841226347254 0.25234375
vt 0.043593749999999994 0.25765925591976047
vt 0.04593749999999999 0.25703125000000004
vt 0.039687499999999994 0.24921875000000004
vt 0.03656249999999999 0.2500560912263472
vt 0.04593749999999999 0.25703125000000004
vt 0.0715625 0.25703125000000004
vt 0.0778125 0.24921875000000004
vt 0.039687499999999994 0.24921875000000004
vt 0.0715625 0.25703125000000004
vt 0.07390624999999999 0.25765925591976047
vt 0.0809375 0.2500560912263472
vt 0.0778125 0.24921875000000004
vt 0.07390624999999999 0.25765925591976047
vt 0.07562199408023955 0.259375
vt 0.08322515877365275 0.25234375
vt 0.0809375 0.2500560912263472
vt 0.07562199408023955 0.259375
vt 0.07625 0.26171875
vt 0.0840625 0.25546875
vt 0.08322515877365275 0.25234375
vt 0.07625 0.26171875
vt 0.07625 0.26953125
vt 0.0840625 0.27578125
vt 0.0840625 0.25546875
vt 0.3378125 0.27578125
vt 0.3378125 0.27890625
vt 0.3428125 0.27890625
vt 0.3428125 0.27578125
vt 0.08322515877365275 0.6621874999999999
vt 0.0809375 0.6621874999999999
vt 0.0809375 0.6571875
vt 0.08322515877365275 0.6571875
vt 0.0809375 0.6621874999999999
vt 0.0778125 0.6621874999999999
vt 0.0778125 0.6571875
vt 0.0809375 0.6571875
vt 0.0778125 0.6621874999999999
vt 0.039687499999999994 0.6621874999999999
vt 0.039687499999999994 0.6571875
vt 0.0778125 0.6571875
vt 0.039687499999999994 0.6621874999999999
vt 0.0365625 0.6621874999999999
vt 0.0365625 0.6571875
vt 0.039687499999999994 0.6571875
vt 0.0365625 0.6621874999999999
vt 0.03427484122634725 0.6621874999999999
vt 0.03427484122634725 0.6571875
vt 0.0365625 0.6571875
vt 0.3378125 0.27890625
vt 0.3378125 0.27578125
vt 0.3428125 0.27578125
vt 0.3428125 0.27890625
vt 0.3378125 0.27578125
vt 0.3378125 0.25546875
vt 0.3428125 0.25546875
vt 0.3428125 0.27578125
vt 0.3378125 0.25546875
vt 0.3378125 0.25234375
vt 0.3428125 0.25234375
vt 0.3428125 0.25546875
vt 0.034274841226347254 0.6621874999999999
vt 0.03656249999999999 0.6621874999999999
vt 0.03656249999999999 0.6571875
vt 0.034274841226347254 0.6571875
vt 0.03656249999999999 0.6621874999999999
vt 0.039687499999999994 0.6621874999999999
vt 0.039687499999999994 0.6571875
vt 0.03656249999999999 0.6571875
vt 0.039687499999999994 0.6621874999999999
vt 0.0778125 0.6621874999999999
vt 0.0778125 0.6571875
vt 0.039687499999999994 0.6571875
vt 0.0778125 0.6621874999999999
vt 0.0809375 0.6621874999999999
vt 0.0809375 0.6571875
vt 0.0778125 0.6571875
vt 0.0809375 0.6621874999999999
vt 0.08322515877365275 0.6621874999999999
vt 0.08322515877365275 0.6571875
vt 0.0809375 0.6571875
vt 0.3378125 0.25234375
vt 0.3378125 0.25546875
vt 0.3428125 0.25546875
vt 0.3428125 0.25234375
vt 0.3378125 0.25546875
vt 0.3378125 0.27578125
vt 0.3428125 0.27578125
vt 0.3428125 0.25546875
vt 0.0840625 0.27578125
vt 0.08322515877365275 0.27890625
vt 0.07327824408023956 0.26953125
vt 0.07390625 0.2671875
vt 0.08322515877365275 0.27890625
vt 0.0809375 0.2811939087736528
vt 0.0715625 0.27124699408023956
vt 0.07327824408023956 0.26953125
vt 0.0809375 0.2811939087736528
vt 0.0778125 0.28203124999999996
vt 0.06921875 0.271875
vt 0.0715625 0.27124699408023956
vt 0.0778125 0.28203124999999996
vt 0.039687499999999994 0.28203124999999996
vt 0.04828125 0.271875
vt 0.06921875 0.271875
vt 0.039687499999999994 0.28203124999999996
vt 0.0365625 0.2811939087736528
vt 0.04593749999999999 0.27124699408023956
vt 0.04828125 0.271875
vt 0.0365625 0.2811939087736528
vt 0.03427484122634725 0.27890625
vt 0.044221755919760436 0.26953125
vt 0.04593749999999999 0.27124699408023956
vt 0.03427484122634725 0.27890625
vt 0.033437499999999995 0.27578125
vt 0.043593749999999994 0.2671875
vt 0.044221755919760436 0.26953125
vt 0.033437499999999995 0.27578125
vt 0.033437499999999995 0.25546875
vt 0.043593749999999994 0.2640625
vt 0.043593749999999994 0.2671875
vt 0.033437499999999995 0.25546875
vt 0.034274841226347254 0.25234375
vt 0.044221755919760436 0.26171875
vt 0.043593749999999994 0.2640625
vt 0.034274841226347254 0.25234375
vt 0.03656249999999999 0.2500560912263472
vt 0.04593749999999999 0.26000300591976044
vt 0.044221755919760436 0.26171875
vt 0.03656249999999999 0.2500560912263472
vt 0.039687499999999994 0.24921875000000004
vt 0.04828125 0.259375
vt 0.04593749999999999 0.26000300591976044
vt 0.039687499999999994 0.24921875000000004
vt 0.0778125 0.24921875000000004
vt 0.06921875 0.259375
vt 0.04828125 0.259375
vt 0.0778125 0.24921875000000004
vt 0.0809375 0.2500560912263472
vt 0.0715625 0.26000300591976044
vt 0.06921875 0.259375
vt 0.0809375 0.2500560912263472
vt 0.08322515877365275 0.25234375
vt 0.07327824408023956 0.26171875
vt 0.0715625 0.26000300591976044
vt 0.08322515877365275 0.25234375
vt 0.0840625 0.25546875
vt 0.07390625 0.2640625
vt 0.07327824408023956 0.26171875
vt 0.0840625 0.25546875
vt 0.0840625 0.27578125
vt 0.07390625 0.2671875
vt 0.07390625 0.2640625
vt 0.07562199408023956 0.271875
vt 0.07625 0.26953125
vt 0.05874999999999999 0.265625
vt 0.07390624999999999 0.27359074408023953
vt 0.07562199408023956 0.271875
vt 0.05874999999999999 0.265625
vt 0.0715625 0.27421874999999996
vt 0.07390624999999999 0.27359074408023953
vt 0.05874999999999999 0.265625
vt 0.04593749999999999 0.27421874999999996
vt 0.0715625 0.27421874999999996
vt 0.05874999999999999 0.265625
vt 0.04359375 0.27359074408023953
vt 0.04593749999999999 0.27421874999999996
vt 0.05874999999999999 0.265625
vt 0.04187800591976044 0.271875
vt 0.04359375 0.27359074408023953
vt 0.05874999999999999 0.265625
vt 0.041249999999999995 0.26953125
vt 0.04187800591976044 0.271875
vt 0.05874999999999999 0.265625
vt 0.041249999999999995 0.26171875
vt 0.041249999999999995 0.26953125
vt 0.05874999999999999 0.265625
vt 0.041878005919760444 0.259375
vt 0.041249999999999995 0.26171875
vt 0.05874999999999999 0.265625
vt 0.043593749999999994 0.25765925591976047
vt 0.041878005919760444 0.259375
vt 0.05874999999999999 0.265625
vt 0.04593749999999999 0.25703125000000004
vt 0.043593749999999994 0.25765925591976047
vt 0.05874999999999999 0.265625
vt 0.0715625 0.25703125000000004
vt 0.04593749999999999 0.25703125000000004
vt 0.05874999999999999 0.265625
vt 0.07390624999999999 0.25765925591976047
vt 0.0715625 0.25703125000000004
vt 0.05874999999999999 0.265625
vt 0.07562199408023955 0.259375
vt 0.07390624999999999 0.25765925591976047
vt 0.05874999999999999 0.265625
vt 0.07625 0.26171875
vt 0.07562199408023955 0.259375
vt 0.05874999999999999 0.265625
vt 0.07625 0.26953125
vt 0.07625 0.26171875
vt 0.05874999999999999 0.265625
vt 0.05874999999999998 0.265625
vt 0.07390625 0.2671875
vt 0.07327824408023956 0.26953125
vt 0.05874999999999998 0.265625
vt 0.07327824408023956 0.26953125
vt 0.0715625 0.27124699408023956
vt 0.05874999999999998 0.265625
vt 0.0715625 0.27124699408023956
vt 0.06921875 0.271875
vt 0.05874999999999998 0.265625
vt 0.06921875 0.271875
vt 0.04828125 0.271875
vt 0.05874999999999998 0.265625
vt 0.04828125 0.271875
vt 0.04593749999999999 0.27124699408023956
vt 0.05874999999999998 0.265625
vt 0.04593749999999999 0.27124699408023956
vt 0.044221755919760436 0.26953125
vt 0.05874999999999998 0.265625
vt 0.044221755919760436 0.26953125
vt 0.043593749999999994 0.2671875
vt 0.05874999999999998 0.265625
vt 0.043593749999999994 0.2671875
vt 0.043593749999999994 0.2640625
vt 0.05874999999999998 0.265625
vt 0.043593749999999994 0.2640625
vt 0.044221755919760436 0.26171875
vt 0.05874999999999998 0.265625
vt 0.044221755919760436 0.26171875
vt 0.04593749999999999 0.26000300591976044
vt 0.05874999999999998 0.265625
vt 0.04593749999999999 0.26000300591976044
vt 0.04828125 0.259375
vt 0.05874999999999998 0.265625
vt 0.04828125 0.259375
vt 0.06921875 0.259375
vt 0.05874999999999998 0.265625
vt 0.06921875 0.259375
vt 0.0715625 0.26000300591976044
vt 0.05874999999999998 0.265625
vt 0.0715625 0.26000300591976044
vt 0.07327824408023956 0.26171875
vt 0.05874999999999998 0.265625
vt 0.07327824408023956 0.26171875
vt 0.07390625 0.2640625
vt 0.05874999999999998 0.265625
vt 0.07390625 0.2640625
vt 0.07390625 0.2671875
vn 0.3658253285793761 0.09802260136369355 -0.9255071034798631
vn 0.24091427977391583 0.24091427977391774 -0.9401705268737316
vn 0.0980226013636986 0.36582532857937283 -0.925507103479864
vn 0 0.432731067584769 -0.9015230574682747
vn -0.09802260136369827 0.36582532857937156 -0.9255071034798643
vn -0.24091427977391608 0.24091427977391705 -0.9401705268737318
vn -0.36582532857937594 0.0980226013636946 -0.925507103479863
vn -0.43273106758476904 0 -0.9015230574682747
vn -0.3658253285793744 -0.09802260136369527 -0.9255071034798635
vn -0.24091427977391736 -0.24091427977391636 -0.9401705268737316
vn -0.09802260136369836 -0.3658253285793731 -0.9255071034798638
vn 0 -0.432731067584769 -0.9015230574682747
vn 0.09802260136369827 -0.36582532857937156 -0.9255071034798643
vn 0.2409142797739164 -0.2409142797739164 -0.9401705268737317
vn 0.36582532857937533 -0.09802260136369552 -0.9255071034798632
vn 0.43273106758476904 0 -0.9015230574682747
vn 0.9659258262890699 0.2588190451025154 0
vn 0.7071067811865432 0.7071067811865518 0
vn 0.25881904510252374 0.9659258262890676 0
vn 0 1 0
vn -0.2588190451025232 0.9659258262890676 0
vn -0.7071067811865432 0.7071067811865518 0
vn -0.9659258262890699 0.2588190451025154 0
vn -1 0 0
vn -0.9659258262890692 -0.2588190451025174 0
vn -0.7071067811865455 -0.7071067811865497 0
vn -0.2588190451025226 -0.9659258262890678 0
vn 0 -1 0
vn 0.25881904510252374 -0.9659258262890676 0
vn 0.7071067811865432 -0.7071067811865518 0
vn 0.9659258262890699 -0.2588190451025154 0
vn 1 0 0
vn 0.2873607195890434 0.07699807275030879 0.9547225322731235
vn 0.1871584229947405 0.18715842299474275 0.96433575553551
vn 0.07699807275031079 0.287360719589041 0.9547225322731241
vn 0 0.34637408275915565 0.9380964741393893
vn -0.07699807275031084 0.2873607195890419 0.954722532273124
vn -0.1871584229947403 0.18715842299474256 0.96433575553551
vn -0.2873607195890438 0.0769980727503089 0.9547225322731234
vn -0.3463740827591567 0 0.9380964741393888
vn -0.28736071958904313 -0.07699807275030936 0.9547225322731235
vn -0.18715842299474103 -0.18715842299474217 0.96433575553551
vn -0.07699807275031052 -0.28736071958904136 0.9547225322731241
vn 0 -0.34637408275915565 0.9380964741393893
vn 0.07699807275031098 -0.28736071958904175 0.954722532273124
vn 0.1871584229947403 -0.18715842299474256 0.96433575553551
vn 0.28736071958904397 -0.07699807275030894 0.9547225322731233
vn 0.346374082759157 0 0.9380964741393888
vn 2.9930511341309263e-15 8.019856342954344e-16 -1
vn 2.4007942843778488e-15 2.400794284377868e-15 -1
vn 1.2367468909503788e-15 4.615602233129399e-15 -1
vn 0 6.45947941600086e-15 -1
vn -1.2367468909503792e-15 4.6156022331294e-15 -1
vn -2.4007942843778535e-15 2.4007942843778634e-15 -1
vn -2.993051134130927e-15 8.019856342954436e-16 -1
vn -3.1720657846433054e-15 0 -1
vn -2.99305113413093e-15 -8.019856342954532e-16 -1
vn -2.4007942843778713e-15 -2.4007942843778614e-15 -1
vn -1.2367468909503883e-15 -4.615602233129447e-15 -1
vn 0 -6.459479416000944e-15 -1
vn 1.2367468909503902e-15 -4.615602233129442e-15 -1
vn 2.4007942843778673e-15 -2.4007942843778673e-15 -1
vn 2.993051134130928e-15 -8.019856342954526e-16 -1
vn 3.172065784643303e-15 0 -1
vn 3.564137025796784e-15 9.550076377761293e-16 1
vn 3.0112652394817667e-15 3.0112652394817667e-15 1
vn 1.6426300608398525e-15 6.130378845094518e-15 1
vn 0 8.881784197001284e-15 1
vn -1.642630060839854e-15 6.130378845094524e-15 1
vn -3.0112652394817706e-15 3.0112652394817706e-15 1
vn -3.564137025796794e-15 9.550076377761212e-16 1
vn -3.662591421443818e-15 0 1
vn -3.564137025796794e-15 -9.550076377761212e-16 1
vn -3.0112652394817706e-15 -3.0112652394817706e-15 1
vn -1.642630060839854e-15 -6.130378845094524e-15 1
vn 0 -8.881784197001284e-15 1
vn 1.6426300608398525e-15 -6.130378845094518e-15 1
vn 3.0112652394817667e-15 -3.0112652394817667e-15 1
vn 3.564137025796784e-15 -9.550076377761293e-16 1
vn 3.6625914214438095e-15 0 1
usemtl chair_graphite
f 1347/5851/1620 1348/5852/1620 1364/5853/1620 1363/5854/1620
f 1348/5855/1621 1349/5856/1621 1365/5857/1621 1364/5858/1621
f 1349/5859/1622 1350/5860/1622 1366/5861/1622 1365/5862/1622
f 1350/5863/1623 1351/5864/1623 1367/5865/1623 1366/5866/1623
f 1351/5867/1624 1352/5868/1624 1368/5869/1624 1367/5870/1624
f 1352/5871/1625 1353/5872/1625 1369/5873/1625 1368/5874/1625
f 1353/5875/1626 1354/5876/1626 1370/5877/1626 1369/5878/1626
f 1354/5879/1627 1355/5880/1627 1371/5881/1627 1370/5882/1627
f 1355/5883/1628 1356/5884/1628 1372/5885/1628 1371/5886/1628
f 1356/5887/1629 1357/5888/1629 1373/5889/1629 1372/5890/1629
f 1357/5891/1630 1358/5892/1630 1374/5893/1630 1373/5894/1630
f 1358/5895/1631 1359/5896/1631 1375/5897/1631 1374/5898/1631
f 1359/5899/1632 1360/5900/1632 1376/5901/1632 1375/5902/1632
f 1360/5903/1633 1361/5904/1633 1377/5905/1633 1376/5906/1633
f 1361/5907/1634 1362/5908/1634 1378/5909/1634 1377/5910/1634
f 1362/5911/1635 1347/5912/1635 1363/5913/1635 1378/5914/1635
f 1363/5915/1636 1364/5916/1636 1380/5917/1636 1379/5918/1636
f 1364/5919/1637 1365/5920/1637 1381/5921/1637 1380/5922/1637
f 1365/5923/1638 1366/5924/1638 1382/5925/1638 1381/5926/1638
f 1366/5927/1639 1367/5928/1639 1383/5929/1639 1382/5930/1639
f 1367/5931/1640 1368/5932/1640 1384/5933/1640 1383/5934/1640
f 1368/5935/1641 1369/5936/1641 1385/5937/1641 1384/5938/1641
f 1369/5939/1642 1370/5940/1642 1386/5941/1642 1385/5942/1642
f 1370/5943/1643 1371/5944/1643 1387/5945/1643 1386/5946/1643
f 1371/5947/1644 1372/5948/1644 1388/5949/1644 1387/5950/1644
f 1372/5951/1645 1373/5952/1645 1389/5953/1645 1388/5954/1645
f 1373/5955/1646 1374/5956/1646 1390/5957/1646 1389/5958/1646
f 1374/5959/1647 1375/5960/1647 1391/5961/1647 1390/5962/1647
f 1375/5963/1648 1376/5964/1648 1392/5965/1648 1391/5966/1648
f 1376/5967/1649 1377/5968/1649 1393/5969/1649 1392/5970/1649
f 1377/5971/1650 1378/5972/1650 1394/5973/1650 1393/5974/1650
f 1378/5975/1651 1363/5976/1651 1379/5977/1651 1394/5978/1651
f 1379/5979/1652 1380/5980/1652 1396/5981/1652 1395/5982/1652
f 1380/5983/1653 1381/5984/1653 1397/5985/1653 1396/5986/1653
f 1381/5987/1654 1382/5988/1654 1398/5989/1654 1397/5990/1654
f 1382/5991/1655 1383/5992/1655 1399/5993/1655 1398/5994/1655
f 1383/5995/1656 1384/5996/1656 1400/5997/1656 1399/5998/1656
f 1384/5999/1657 1385/6000/1657 1401/6001/1657 1400/6002/1657
f 1385/6003/1658 1386/6004/1658 1402/6005/1658 1401/6006/1658
f 1386/6007/1659 1387/6008/1659 1403/6009/1659 1402/6010/1659
f 1387/6011/1660 1388/6012/1660 1404/6013/1660 1403/6014/1660
f 1388/6015/1661 1389/6016/1661 1405/6017/1661 1404/6018/1661
f 1389/6019/1662 1390/6020/1662 1406/6021/1662 1405/6022/1662
f 1390/6023/1663 1391/6024/1663 1407/6025/1663 1406/6026/1663
f 1391/6027/1664 1392/6028/1664 1408/6029/1664 1407/6030/1664
f 1392/6031/1665 1393/6032/1665 1409/6033/1665 1408/6034/1665
f 1393/6035/1666 1394/6036/1666 1410/6037/1666 1409/6038/1666
f 1394/6039/1667 1379/6040/1667 1395/6041/1667 1410/6042/1667
f 1348/6043/1668 1347/6044/1668 1411/6045/1668
f 1349/6046/1669 1348/6047/1669 1411/6048/1669
f 1350/6049/1670 1349/6050/1670 1411/6051/1670
f 1351/6052/1671 1350/6053/1671 1411/6054/1671
f 1352/6055/1672 1351/6056/1672 1411/6057/1672
f 1353/6058/1673 1352/6059/1673 1411/6060/1673
f 1354/6061/1674 1353/6062/1674 1411/6063/1674
f 1355/6064/1675 1354/6065/1675 1411/6066/1675
f 1356/6067/1676 1355/6068/1676 1411/6069/1676
f 1357/6070/1677 1356/6071/1677 1411/6072/1677
f 1358/6073/1678 1357/6074/1678 1411/6075/1678
f 1359/6076/1679 1358/6077/1679 1411/6078/1679
f 1360/6079/1680 1359/6080/1680 1411/6081/1680
f 1361/6082/1681 1360/6083/1681 1411/6084/1681
f 1362/6085/1682 1361/6086/1682 1411/6087/1682
f 1347/6088/1683 1362/6089/1683 1411/6090/1683
f 1412/6091/1684 1395/6092/1684 1396/6093/1684
f 1412/6094/1685 1396/6095/1685 1397/6096/1685
f 1412/6097/1686 1397/6098/1686 1398/6099/1686
f 1412/6100/1687 1398/6101/1687 1399/6102/1687
f 1412/6103/1688 1399/6104/1688 1400/6105/1688
f 1412/6106/1689 1400/6107/1689 1401/6108/1689
f 1412/6109/1690 1401/6110/1690 1402/6111/1690
f 1412/6112/1691 1402/6113/1691 1403/6114/1691
f 1412/6115/1692 1403/6116/1692 1404/6117/1692
f 1412/6118/1693 1404/6119/1693 1405/6120/1693
f 1412/6121/1694 1405/6122/1694 1406/6123/1694
f 1412/6124/1695 1406/6125/1695 1407/6126/1695
f 1412/6127/1696 1407/6128/1696 1408/6129/1696
f 1412/6130/1697 1408/6131/1697 1409/6132/1697
f 1412/6133/1698 1409/6134/1698 1410/6135/1698
f 1412/6136/1699 1410/6137/1699 1395/6138/1699
o arm_left_control_rim
v 0.1696875 0.8202406250000001 0.8846875
v 0.1684314881604791 0.82206875 0.889375
v 0.16499999999999998 0.8234070303825869 0.8928064881604791
v 0.1603125 0.823896875 0.8940625
v 0.07468749999999999 0.823896875 0.8940625
v 0.07 0.8234070303825869 0.8928064881604791
v 0.06656851183952088 0.82206875 0.889375
v 0.0653125 0.8202406250000001 0.8846875
v 0.0653125 0.736634375 0.6703125
v 0.0665685118395209 0.73480625 0.6656249999999999
v 0.06999999999999999 0.7334679696174131 0.6621935118395208
v 0.07468749999999999 0.732978125 0.6609375
v 0.1603125 0.732978125 0.6609375
v 0.16499999999999998 0.7334679696174131 0.6621935118395208
v 0.1684314881604791 0.73480625 0.6656249999999999
v 0.1696875 0.736634375 0.6703125
v 0.1853125 0.825246875 0.8903125
v 0.18271674219832348 0.829025 0.9
v 0.17562499999999998 0.8317907794573461 0.9070917421983234
v 0.1659375 0.832803125 0.9096875
v 0.0690625 0.832803125 0.9096875
v 0.059375000000000004 0.8317907794573461 0.9070917421983234
v 0.0522832578016765 0.829025 0.9
v 0.049687499999999996 0.825246875 0.8903125
v 0.049687499999999996 0.737253125 0.6646875
v 0.0522832578016765 0.733475 0.6549999999999999
v 0.05937499999999999 0.7307092205426539 0.6479082578016765
v 0.0690625 0.729696875 0.6453125
v 0.1659375 0.729696875 0.6453125
v 0.17562499999999998 0.7307092205426539 0.6479082578016765
v 0.18271674219832348 0.733475 0.6549999999999999
v 0.1853125 0.737253125 0.6646875
v 0.1853125 0.828996875 0.8903125
v 0.18271674219832348 0.8327749999999999 0.9
v 0.17562499999999998 0.8355407794573461 0.9070917421983234
v 0.1659375 0.8365531249999999 0.9096875
v 0.0690625 0.8365531249999999 0.9096875
v 0.059375000000000004 0.8355407794573461 0.9070917421983234
v 0.0522832578016765 0.8327749999999999 0.9
v 0.049687499999999996 0.828996875 0.8903125
v 0.049687499999999996 0.7410031249999999 0.6646875
v 0.0522832578016765 0.7372249999999999 0.6549999999999999
v 0.05937499999999999 0.7344592205426538 0.6479082578016765
v 0.0690625 0.7334468749999999 0.6453125
v 0.1659375 0.7334468749999999 0.6453125
v 0.17562499999999998 0.7344592205426538 0.6479082578016765
v 0.18271674219832348 0.7372249999999999 0.6549999999999999
v 0.1853125 0.7410031249999999 0.6646875
v 0.16499999999999998 0.8277874999999999 0.88
v 0.1637439881604791 0.829615625 0.8846875
v 0.1603125 0.8309539053825867 0.8881189881604791
v 0.15562499999999999 0.8314437499999999 0.889375
v 0.079375 0.8314437499999999 0.889375
v 0.07468749999999999 0.8309539053825867 0.8881189881604791
v 0.07125601183952088 0.829615625 0.8846875
v 0.06999999999999999 0.8277874999999999 0.88
v 0.06999999999999999 0.7478374999999999 0.6749999999999999
v 0.07125601183952088 0.7460093749999999 0.6703125
v 0.07468749999999999 0.7446710946174131 0.6668810118395209
v 0.079375 0.7441812499999999 0.6656249999999999
v 0.15562499999999999 0.7441812499999999 0.6656249999999999
v 0.1603125 0.7446710946174131 0.6668810118395209
v 0.1637439881604791 0.7460093749999999 0.6703125
v 0.16499999999999998 0.7478374999999999 0.6749999999999999
v 0.11750000000000002 0.7784375 0.7774999999999999
v 0.11750000000000001 0.7878125 0.7775000000000002
vt 0.09265625 0.5548437500000001
vt 0.09135837109916174 0.55
vt 0.08421574408023955 0.5553125
vt 0.08484375 0.55765625
vt 0.09135837109916174 0.55
vt 0.08781249999999999 0.5464541289008382
vt 0.08249999999999999 0.5535967559197604
vt 0.08421574408023955 0.5553125
vt 0.08781249999999999 0.5464541289008382
vt 0.08296875 0.54515625
vt 0.08015625 0.55296875
vt 0.08249999999999999 0.5535967559197604
vt 0.08296875 0.54515625
vt 0.03453125 0.54515625
vt 0.037343749999999995 0.55296875
vt 0.08015625 0.55296875
vt 0.03453125 0.54515625
vt 0.029687500000000002 0.5464541289008382
vt 0.035 0.5535967559197604
vt 0.037343749999999995 0.55296875
vt 0.029687500000000002 0.5464541289008382
vt 0.02614162890083825 0.55
vt 0.03328425591976044 0.5553125
vt 0.035 0.5535967559197604
vt 0.02614162890083825 0.55
vt 0.024843749999999998 0.5548437500000001
vt 0.03265625 0.55765625
vt 0.03328425591976044 0.5553125
vt 0.024843749999999998 0.5548437500000001
vt 0.024843749999999998 0.6676562500000001
vt 0.03265625 0.66484375
vt 0.03265625 0.55765625
vt 0.024843749999999998 0.6676562500000001
vt 0.02614162890083825 0.6725000000000001
vt 0.03328425591976045 0.6671875
vt 0.03265625 0.66484375
vt 0.02614162890083825 0.6725000000000001
vt 0.029687499999999995 0.6760458710991617
vt 0.034999999999999996 0.6689032440802396
vt 0.03328425591976045 0.6671875
vt 0.029687499999999995 0.6760458710991617
vt 0.03453125 0.67734375
vt 0.037343749999999995 0.66953125
vt 0.034999999999999996 0.6689032440802396
vt 0.03453125 0.67734375
vt 0.08296875 0.67734375
vt 0.08015625 0.66953125
vt 0.037343749999999995 0.66953125
vt 0.08296875 0.67734375
vt 0.08781249999999999 0.6760458710991617
vt 0.08249999999999999 0.6689032440802396
vt 0.08015625 0.66953125
vt 0.08781249999999999 0.6760458710991617
vt 0.09135837109916174 0.6725000000000001
vt 0.08421574408023955 0.6671875
vt 0.08249999999999999 0.6689032440802396
vt 0.09135837109916174 0.6725000000000001
vt 0.09265625 0.6676562500000001
vt 0.08484375 0.66484375
vt 0.08421574408023955 0.6671875
vt 0.09265625 0.6676562500000001
vt 0.09265625 0.5548437500000001
vt 0.08484375 0.55765625
vt 0.08484375 0.66484375
vt 0.44515625 0.41449843750000004
vt 0.45 0.4163874999999999
vt 0.45 0.41451250000000006
vt 0.44515625 0.41262343749999997
vt 0.09135837109916174 0.4163874999999999
vt 0.08781249999999999 0.4177703897286731
vt 0.08781249999999999 0.415895389728673
vt 0.09135837109916174 0.41451250000000006
vt 0.08781249999999999 0.4177703897286731
vt 0.08296875 0.4182765625
vt 0.08296875 0.41640156249999993
vt 0.08781249999999999 0.415895389728673
vt 0.08296875 0.4182765625
vt 0.03453125 0.4182765625
vt 0.03453125 0.41640156249999993
vt 0.08296875 0.41640156249999993
vt 0.03453125 0.4182765625
vt 0.029687500000000002 0.4177703897286731
vt 0.029687500000000002 0.415895389728673
vt 0.03453125 0.41640156249999993
vt 0.029687500000000002 0.4177703897286731
vt 0.02614162890083825 0.4163874999999999
vt 0.02614162890083825 0.41451250000000006
vt 0.029687500000000002 0.415895389728673
vt 0.45 0.4163874999999999
vt 0.44515625 0.41449843750000004
vt 0.44515625 0.41262343749999997
vt 0.45 0.41451250000000006
vt 0.44515625 0.41449843750000004
vt 0.33234375 0.3705015624999999
vt 0.33234375 0.36862656250000003
vt 0.44515625 0.41262343749999997
vt 0.33234375 0.3705015624999999
vt 0.32749999999999996 0.3686125
vt 0.32749999999999996 0.36673749999999994
vt 0.33234375 0.36862656250000003
vt 0.02614162890083825 0.3686125
vt 0.029687499999999995 0.36722961027132683
vt 0.029687499999999995 0.365354610271327
vt 0.02614162890083825 0.36673749999999994
vt 0.029687499999999995 0.36722961027132683
vt 0.03453125 0.3667234374999999
vt 0.03453125 0.36484843750000007
vt 0.029687499999999995 0.365354610271327
vt 0.03453125 0.3667234374999999
vt 0.08296875 0.3667234374999999
vt 0.08296875 0.36484843750000007
vt 0.03453125 0.36484843750000007
vt 0.08296875 0.3667234374999999
vt 0.08781249999999999 0.36722961027132683
vt 0.08781249999999999 0.365354610271327
vt 0.08296875 0.36484843750000007
vt 0.08781249999999999 0.36722961027132683
vt 0.09135837109916174 0.3686125
vt 0.09135837109916174 0.36673749999999994
vt 0.08781249999999999 0.365354610271327
vt 0.32749999999999996 0.3686125
vt 0.33234375 0.3705015624999999
vt 0.33234375 0.36862656250000003
vt 0.32749999999999996 0.36673749999999994
vt 0.33234375 0.3705015624999999
vt 0.44515625 0.41449843750000004
vt 0.44515625 0.41262343749999997
vt 0.33234375 0.36862656250000003
vt 0.08249999999999999 0.56
vt 0.08187199408023955 0.55765625
vt 0.09135837109916174 0.55
vt 0.09265625 0.5548437500000001
vt 0.08187199408023955 0.55765625
vt 0.08015625 0.5559405059197604
vt 0.08781249999999999 0.5464541289008382
vt 0.09135837109916174 0.55
vt 0.08015625 0.5559405059197604
vt 0.07781249999999999 0.5553125
vt 0.08296875 0.54515625
vt 0.08781249999999999 0.5464541289008382
vt 0.07781249999999999 0.5553125
vt 0.0396875 0.5553125
vt 0.03453125 0.54515625
vt 0.08296875 0.54515625
vt 0.0396875 0.5553125
vt 0.037343749999999995 0.5559405059197604
vt 0.029687500000000002 0.5464541289008382
vt 0.03453125 0.54515625
vt 0.037343749999999995 0.5559405059197604
vt 0.03562800591976044 0.55765625
vt 0.02614162890083825 0.55
vt 0.029687500000000002 0.5464541289008382
vt 0.03562800591976044 0.55765625
vt 0.034999999999999996 0.56
vt 0.024843749999999998 0.5548437500000001
vt 0.02614162890083825 0.55
vt 0.034999999999999996 0.56
vt 0.034999999999999996 0.6625000000000001
vt 0.024843749999999998 0.6676562500000001
vt 0.024843749999999998 0.5548437500000001
vt 0.034999999999999996 0.6625000000000001
vt 0.03562800591976044 0.66484375
vt 0.02614162890083825 0.6725000000000001
vt 0.024843749999999998 0.6676562500000001
vt 0.03562800591976044 0.66484375
vt 0.037343749999999995 0.6665594940802395
vt 0.029687499999999995 0.6760458710991617
vt 0.02614162890083825 0.6725000000000001
vt 0.037343749999999995 0.6665594940802395
vt 0.0396875 0.6671875
vt 0.03453125 0.67734375
vt 0.029687499999999995 0.6760458710991617
vt 0.0396875 0.6671875
vt 0.07781249999999999 0.6671875
vt 0.08296875 0.67734375
vt 0.03453125 0.67734375
vt 0.07781249999999999 0.6671875
vt 0.08015625 0.6665594940802395
vt 0.08781249999999999 0.6760458710991617
vt 0.08296875 0.67734375
vt 0.08015625 0.6665594940802395
vt 0.08187199408023955 0.66484375
vt 0.09135837109916174 0.6725000000000001
vt 0.08781249999999999 0.6760458710991617
vt 0.08187199408023955 0.66484375
vt 0.08249999999999999 0.6625000000000001
vt 0.09265625 0.6676562500000001
vt 0.09135837109916174 0.6725000000000001
vt 0.08249999999999999 0.6625000000000001
vt 0.08249999999999999 0.56
vt 0.09265625 0.5548437500000001
vt 0.09265625 0.6676562500000001
vt 0.05875000000000001 0.6112500000000001
vt 0.08484375 0.55765625
vt 0.08421574408023955 0.5553125
vt 0.05875000000000001 0.6112500000000001
vt 0.08421574408023955 0.5553125
vt 0.08249999999999999 0.5535967559197604
vt 0.05875000000000001 0.6112500000000001
vt 0.08249999999999999 0.5535967559197604
vt 0.08015625 0.55296875
vt 0.05875000000000001 0.6112500000000001
vt 0.08015625 0.55296875
vt 0.037343749999999995 0.55296875
vt 0.05875000000000001 0.6112500000000001
vt 0.037343749999999995 0.55296875
vt 0.035 0.5535967559197604
vt 0.05875000000000001 0.6112500000000001
vt 0.035 0.5535967559197604
vt 0.03328425591976044 0.5553125
vt 0.05875000000000001 0.6112500000000001
vt 0.03328425591976044 0.5553125
vt 0.03265625 0.55765625
vt 0.05875000000000001 0.6112500000000001
vt 0.03265625 0.55765625
vt 0.03265625 0.66484375
vt 0.05875000000000001 0.6112500000000001
vt 0.03265625 0.66484375
vt 0.03328425591976045 0.6671875
vt 0.05875000000000001 0.6112500000000001
vt 0.03328425591976045 0.6671875
vt 0.034999999999999996 0.6689032440802396
vt 0.05875000000000001 0.6112500000000001
vt 0.034999999999999996 0.6689032440802396
vt 0.037343749999999995 0.66953125
vt 0.05875000000000001 0.6112500000000001
vt 0.037343749999999995 0.66953125
vt 0.08015625 0.66953125
vt 0.05875000000000001 0.6112500000000001
vt 0.08015625 0.66953125
vt 0.08249999999999999 0.6689032440802396
vt 0.05875000000000001 0.6112500000000001
vt 0.08249999999999999 0.6689032440802396
vt 0.08421574408023955 0.6671875
vt 0.05875000000000001 0.6112500000000001
vt 0.08421574408023955 0.6671875
vt 0.08484375 0.66484375
vt 0.05875000000000001 0.6112500000000001
vt 0.08484375 0.66484375
vt 0.08484375 0.55765625
vt 0.08187199408023955 0.55765625
vt 0.08249999999999999 0.56
vt 0.058750000000000004 0.6112499999999998
vt 0.08015625 0.5559405059197604
vt 0.08187199408023955 0.55765625
vt 0.058750000000000004 0.6112499999999998
vt 0.07781249999999999 0.5553125
vt 0.08015625 0.5559405059197604
vt 0.058750000000000004 0.6112499999999998
vt 0.0396875 0.5553125
vt 0.07781249999999999 0.5553125
vt 0.058750000000000004 0.6112499999999998
vt 0.037343749999999995 0.5559405059197604
vt 0.0396875 0.5553125
vt 0.058750000000000004 0.6112499999999998
vt 0.03562800591976044 0.55765625
vt 0.037343749999999995 0.5559405059197604
vt 0.058750000000000004 0.6112499999999998
vt 0.034999999999999996 0.56
vt 0.03562800591976044 0.55765625
vt 0.058750000000000004 0.6112499999999998
vt 0.034999999999999996 0.6625000000000001
vt 0.034999999999999996 0.56
vt 0.058750000000000004 0.6112499999999998
vt 0.03562800591976044 0.66484375
vt 0.034999999999999996 0.6625000000000001
vt 0.058750000000000004 0.6112499999999998
vt 0.037343749999999995 0.6665594940802395
vt 0.03562800591976044 0.66484375
vt 0.058750000000000004 0.6112499999999998
vt 0.0396875 0.6671875
vt 0.037343749999999995 0.6665594940802395
vt 0.058750000000000004 0.6112499999999998
vt 0.07781249999999999 0.6671875
vt 0.0396875 0.6671875
vt 0.058750000000000004 0.6112499999999998
vt 0.08015625 0.6665594940802395
vt 0.07781249999999999 0.6671875
vt 0.058750000000000004 0.6112499999999998
vt 0.08187199408023955 0.66484375
vt 0.08015625 0.6665594940802395
vt 0.058750000000000004 0.6112499999999998
vt 0.08249999999999999 0.6625000000000001
vt 0.08187199408023955 0.66484375
vt 0.058750000000000004 0.6112499999999998
vt 0.08249999999999999 0.56
vt 0.08249999999999999 0.6625000000000001
vt 0.058750000000000004 0.6112499999999998
vn 0.14891489032245142 -0.9071081954415591 0.3936738208250721
vn 0.10035883551327511 -0.8888761200277139 0.44702052232408385
vn 0.03844644334833365 -0.8740266641760743 0.48435447897496253
vn 0 -0.8687772701926607 0.49520304400981685
vn -0.038446443348333234 -0.874026664176075 0.4843544789749612
vn -0.10035883551327593 -0.8888761200277134 0.4470205223240844
vn -0.14891489032244942 -0.9071081954415594 0.3936738208250717
vn -0.16538837212586874 -0.9188242895881609 0.3583414729393832
vn -0.1533059345850192 -0.9338560393173735 0.3231256539668154
vn -0.10816704422186368 -0.9580332622539983 0.26546592805719377
vn -0.042867718555913724 -0.9745382351964754 0.2200854080713896
vn 0 -0.9786534966019704 0.20551723428641464
vn 0.0428677185559146 -0.9745382351964762 0.22008540807138693
vn 0.10816704422186238 -0.9580332622539981 0.26546592805719477
vn 0.15330593458502123 -0.9338560393173733 0.32312565396681486
vn 0.16538837212586874 -0.9188242895881609 0.3583414729393832
vn 0.9659258262890688 0 0.2588190451025195
vn 0.7071067811865434 0 0.7071067811865517
vn 0.25881904510252424 0 0.9659258262890674
vn 0 0 1
vn -0.25881904510252407 0 0.9659258262890674
vn -0.7071067811865438 0 0.7071067811865513
vn -0.9659258262890688 0 0.25881904510251963
vn -1 0 0
vn -0.9659258262890688 0 -0.25881904510251963
vn -0.7071067811865445 0 -0.7071067811865507
vn -0.25881904510252374 0 -0.9659258262890676
vn 0 0 -1
vn 0.25881904510252424 0 -0.9659258262890674
vn 0.7071067811865434 0 -0.7071067811865517
vn 0.9659258262890688 0 -0.2588190451025195
vn 1 0 0
vn 0.11402494226445777 0.9355407396313367 -0.3343079972594718
vn 0.07815890085352699 0.9527814297181696 -0.2934258567365345
vn 0.03152818883925251 0.9654047113233788 -0.25884303479742343
vn 0 0.9697904285240977 -0.24393959240567606
vn -0.03152818883925174 0.9654047113233782 -0.25884303479742615
vn -0.0781589008535318 0.9527814297181706 -0.29342585673653004
vn -0.11402494226444793 0.9355407396313369 -0.3343079972594742
vn -0.12793823255860653 0.9239983462565768 -0.36035935504006467
vn -0.1115647208923648 0.915355354956986 -0.38688226530015435
vn -0.07397979932723371 0.9018368759475563 -0.4256961809467573
vn -0.029058462179725363 0.8897807747586206 -0.45546215940042517
vn 0 0.8841350771586275 -0.4672313830830586
vn 0.029058462179725797 0.8897807747586199 -0.4554621594004265
vn 0.07397979932722913 0.9018368759475585 -0.4256961809467536
vn 0.11156472089237439 0.9153553549569843 -0.38688226530015596
vn 0.12793823255859885 0.9239983462565776 -0.360359355040065
vn 1.9176233207075142e-14 -0.9316545551067823 0.3633452764916366
vn -4.3393253488776555e-15 -0.9316545551067787 0.36334527649164533
vn 8.078664524927901e-15 -0.9316545551067807 0.36334527649164056
vn 0 -0.9316545551067795 0.3633452764916434
vn -8.0786645249279e-15 -0.9316545551067805 0.36334527649164083
vn 4.339325348877636e-15 -0.9316545551067789 0.3633452764916451
vn -1.9176233207075183e-14 -0.9316545551067822 0.3633452764916364
vn 7.222948887599396e-16 -0.9316545551067791 0.3633452764916444
vn 1.9176233207075142e-14 -0.9316545551067823 0.3633452764916366
vn -4.3393253488776634e-15 -0.931654555106779 0.3633452764916452
vn 8.078664524927897e-15 -0.9316545551067801 0.363345276491642
vn 0 -0.9316545551067793 0.363345276491644
vn -8.078664524927911e-15 -0.9316545551067804 0.36334527649164094
vn 4.339325348877662e-15 -0.9316545551067786 0.36334527649164583
vn -1.9176233207075142e-14 -0.9316545551067823 0.3633452764916366
vn -7.222948887599404e-16 -0.9316545551067792 0.3633452764916444
vn 2.4217899468040183e-14 0.9316545551067756 -0.36334527649165316
vn -1.7026937599235376e-14 0.9316545551067819 -0.36334527649163784
vn 3.91606758342712e-15 0.931654555106779 -0.3633452764916448
vn 0 0.9316545551067794 -0.36334527649164367
vn -3.916067583427119e-15 0.931654555106779 -0.3633452764916447
vn 1.7074900803740262e-14 0.9316545551067819 -0.36334527649163784
vn -2.4217899468040073e-14 0.9316545551067756 -0.36334527649165327
vn -4.979192898314117e-16 0.9316545551067795 -0.36334527649164367
vn 2.3571130639516705e-14 0.9316545551067756 -0.3633452764916533
vn -1.731471682626465e-14 0.9316545551067817 -0.363345276491638
vn 3.81678699680501e-15 0.9316545551067789 -0.3633452764916452
vn 0 0.9316545551067794 -0.363345276491644
vn -3.81678699680501e-15 0.9316545551067789 -0.36334527649164516
vn 1.736268003076954e-14 0.9316545551067816 -0.3633452764916381
vn -2.3642993842686082e-14 0.9316545551067758 -0.36334527649165343
vn 4.979192898314121e-16 0.9316545551067794 -0.3633452764916437
usemtl chair_edge
f 1429/6139/1700 1430/6140/1700 1414/6141/1700 1413/6142/1700
f 1430/6143/1701 1431/6144/1701 1415/6145/1701 1414/6146/1701
f 1431/6147/1702 1432/6148/1702 1416/6149/1702 1415/6150/1702
f 1432/6151/1703 1433/6152/1703 1417/6153/1703 1416/6154/1703
f 1433/6155/1704 1434/6156/1704 1418/6157/1704 1417/6158/1704
f 1434/6159/1705 1435/6160/1705 1419/6161/1705 1418/6162/1705
f 1435/6163/1706 1436/6164/1706 1420/6165/1706 1419/6166/1706
f 1436/6167/1707 1437/6168/1707 1421/6169/1707 1420/6170/1707
f 1437/6171/1708 1438/6172/1708 1422/6173/1708 1421/6174/1708
f 1438/6175/1709 1439/6176/1709 1423/6177/1709 1422/6178/1709
f 1439/6179/1710 1440/6180/1710 1424/6181/1710 1423/6182/1710
f 1440/6183/1711 1441/6184/1711 1425/6185/1711 1424/6186/1711
f 1441/6187/1712 1442/6188/1712 1426/6189/1712 1425/6190/1712
f 1442/6191/1713 1443/6192/1713 1427/6193/1713 1426/6194/1713
f 1443/6195/1714 1444/6196/1714 1428/6197/1714 1427/6198/1714
f 1444/6199/1715 1429/6200/1715 1413/6201/1715 1428/6202/1715
f 1445/6203/1716 1446/6204/1716 1430/6205/1716 1429/6206/1716
f 1446/6207/1717 1447/6208/1717 1431/6209/1717 1430/6210/1717
f 1447/6211/1718 1448/6212/1718 1432/6213/1718 1431/6214/1718
f 1448/6215/1719 1449/6216/1719 1433/6217/1719 1432/6218/1719
f 1449/6219/1720 1450/6220/1720 1434/6221/1720 1433/6222/1720
f 1450/6223/1721 1451/6224/1721 1435/6225/1721 1434/6226/1721
f 1451/6227/1722 1452/6228/1722 1436/6229/1722 1435/6230/1722
f 1452/6231/1723 1453/6232/1723 1437/6233/1723 1436/6234/1723
f 1453/6235/1724 1454/6236/1724 1438/6237/1724 1437/6238/1724
f 1454/6239/1725 1455/6240/1725 1439/6241/1725 1438/6242/1725
f 1455/6243/1726 1456/6244/1726 1440/6245/1726 1439/6246/1726
f 1456/6247/1727 1457/6248/1727 1441/6249/1727 1440/6250/1727
f 1457/6251/1728 1458/6252/1728 1442/6253/1728 1441/6254/1728
f 1458/6255/1729 1459/6256/1729 1443/6257/1729 1442/6258/1729
f 1459/6259/1730 1460/6260/1730 1444/6261/1730 1443/6262/1730
f 1460/6263/1731 1445/6264/1731 1429/6265/1731 1444/6266/1731
f 1461/6267/1732 1462/6268/1732 1446/6269/1732 1445/6270/1732
f 1462/6271/1733 1463/6272/1733 1447/6273/1733 1446/6274/1733
f 1463/6275/1734 1464/6276/1734 1448/6277/1734 1447/6278/1734
f 1464/6279/1735 1465/6280/1735 1449/6281/1735 1448/6282/1735
f 1465/6283/1736 1466/6284/1736 1450/6285/1736 1449/6286/1736
f 1466/6287/1737 1467/6288/1737 1451/6289/1737 1450/6290/1737
f 1467/6291/1738 1468/6292/1738 1452/6293/1738 1451/6294/1738
f 1468/6295/1739 1469/6296/1739 1453/6297/1739 1452/6298/1739
f 1469/6299/1740 1470/6300/1740 1454/6301/1740 1453/6302/1740
f 1470/6303/1741 1471/6304/1741 1455/6305/1741 1454/6306/1741
f 1471/6307/1742 1472/6308/1742 1456/6309/1742 1455/6310/1742
f 1472/6311/1743 1473/6312/1743 1457/6313/1743 1456/6314/1743
f 1473/6315/1744 1474/6316/1744 1458/6317/1744 1457/6318/1744
f 1474/6319/1745 1475/6320/1745 1459/6321/1745 1458/6322/1745
f 1475/6323/1746 1476/6324/1746 1460/6325/1746 1459/6326/1746
f 1476/6327/1747 1461/6328/1747 1445/6329/1747 1460/6330/1747
f 1477/6331/1748 1413/6332/1748 1414/6333/1748
f 1477/6334/1749 1414/6335/1749 1415/6336/1749
f 1477/6337/1750 1415/6338/1750 1416/6339/1750
f 1477/6340/1751 1416/6341/1751 1417/6342/1751
f 1477/6343/1752 1417/6344/1752 1418/6345/1752
f 1477/6346/1753 1418/6347/1753 1419/6348/1753
f 1477/6349/1754 1419/6350/1754 1420/6351/1754
f 1477/6352/1755 1420/6353/1755 1421/6354/1755
f 1477/6355/1756 1421/6356/1756 1422/6357/1756
f 1477/6358/1757 1422/6359/1757 1423/6360/1757
f 1477/6361/1758 1423/6362/1758 1424/6363/1758
f 1477/6364/1759 1424/6365/1759 1425/6366/1759
f 1477/6367/1760 1425/6368/1760 1426/6369/1760
f 1477/6370/1761 1426/6371/1761 1427/6372/1761
f 1477/6373/1762 1427/6374/1762 1428/6375/1762
f 1477/6376/1763 1428/6377/1763 1413/6378/1763
f 1462/6379/1764 1461/6380/1764 1478/6381/1764
f 1463/6382/1765 1462/6383/1765 1478/6384/1765
f 1464/6385/1766 1463/6386/1766 1478/6387/1766
f 1465/6388/1767 1464/6389/1767 1478/6390/1767
f 1466/6391/1768 1465/6392/1768 1478/6393/1768
f 1467/6394/1769 1466/6395/1769 1478/6396/1769
f 1468/6397/1770 1467/6398/1770 1478/6399/1770
f 1469/6400/1771 1468/6401/1771 1478/6402/1771
f 1470/6403/1772 1469/6404/1772 1478/6405/1772
f 1471/6406/1773 1470/6407/1773 1478/6408/1773
f 1472/6409/1774 1471/6410/1774 1478/6411/1774
f 1473/6412/1775 1472/6413/1775 1478/6414/1775
f 1474/6415/1776 1473/6416/1776 1478/6417/1776
f 1475/6418/1777 1474/6419/1777 1478/6420/1777
f 1476/6421/1778 1475/6422/1778 1478/6423/1778
f 1461/6424/1779 1476/6425/1779 1478/6426/1779
o arm_right_sculpted_control_bridge
v 0.8087500000000001 0.64375 0.32622853444435945
v 0.8087500000000001 0.64375 0.6362789291710232
v 0.8087500000000001 0.48750000000000004 0.6581539291710232
v 0.8087500000000001 0.48750000000000004 0.7080118582874726
v 0.8087500000000001 0.6784520045593151 0.7480501818241032
v 0.8087500000000001 0.7692953902948334 0.9485321365507646
v 0.8087500000000001 0.7986198102676217 0.9575550350039301
v 0.8087500000000001 0.824039264299709 0.9118000177461733
v 0.8087500000000001 0.7032062436027564 0.601971759548859
v 0.8087500000000001 0.6880720429929816 0.2750730263777246
v 0.8087500000000001 0.6546023257109318 0.2855323130283652
v 0.8193750000000001 0.634375 0.325
v 0.8193750000000001 0.634375 0.628125
v 0.8193750000000001 0.478125 0.65
v 0.8193750000000001 0.478125 0.715625
v 0.8193750000000001 0.671875 0.75625
v 0.8193750000000001 0.7625 0.95625
v 0.8193750000000001 0.803125 0.96875
v 0.8193750000000001 0.834375 0.9125
v 0.8193750000000001 0.7125 0.6
v 0.8193750000000001 0.696875 0.2625
v 0.8193750000000001 0.646875 0.278125
v 0.945625 0.634375 0.325
v 0.945625 0.634375 0.628125
v 0.945625 0.478125 0.65
v 0.945625 0.478125 0.715625
v 0.945625 0.671875 0.75625
v 0.945625 0.7625 0.95625
v 0.945625 0.803125 0.96875
v 0.945625 0.834375 0.9125
v 0.945625 0.7125 0.6
v 0.945625 0.696875 0.2625
v 0.945625 0.646875 0.278125
v 0.95625 0.64375 0.32622853444435945
v 0.95625 0.64375 0.6362789291710232
v 0.95625 0.48750000000000004 0.6581539291710232
v 0.95625 0.48750000000000004 0.7080118582874726
v 0.95625 0.6784520045593151 0.7480501818241032
v 0.95625 0.7692953902948334 0.9485321365507646
v 0.95625 0.7986198102676217 0.9575550350039301
v 0.95625 0.824039264299709 0.9118000177461733
v 0.95625 0.7032062436027564 0.601971759548859
v 0.95625 0.6880720429929816 0.2750730263777246
v 0.95625 0.6546023257109318 0.2855323130283652
vt 0.40437500000000004 0.8368857327778203
vt 0.40968750000000004 0.8375
vt 0.40968750000000004 0.6859375
vt 0.40437500000000004 0.6818605354144884
vt 0.40437500000000004 0.321875
vt 0.40968750000000004 0.31718749999999996
vt 0.40968750000000004 0.23906249999999996
vt 0.40437500000000004 0.24375000000000002
vt 0.40437500000000004 0.6709230354144884
vt 0.40968750000000004 0.675
vt 0.40968750000000004 0.6421875
vt 0.40437500000000004 0.6459940708562637
vt 0.40437500000000004 0.24375000000000002
vt 0.40968750000000004 0.23906249999999996
vt 0.40968750000000004 0.3359375
vt 0.40437500000000004 0.3392260022796576
vt 0.40437500000000004 0.6259749090879484
vt 0.40968750000000004 0.621875
vt 0.40968750000000004 0.521875
vt 0.40437500000000004 0.5257339317246177
vt 0.40437500000000004 0.3846476951474167
vt 0.40968750000000004 0.38125
vt 0.40968750000000004 0.40156250000000004
vt 0.40437500000000004 0.3993099051338109
vt 0.47877751750196507 0.3993099051338109
vt 0.484375 0.40156250000000004
vt 0.45625 0.41718750000000004
vt 0.4559000088730866 0.4120196321498545
vt 0.40437500000000004 0.5440999911269133
vt 0.40968750000000004 0.54375
vt 0.40968750000000004 0.7
vt 0.40437500000000004 0.6990141202255705
vt 0.40437500000000004 0.6990141202255705
vt 0.40968750000000004 0.7
vt 0.40968750000000004 0.86875
vt 0.40437500000000004 0.8624634868111377
vt 0.40437500000000004 0.3440360214964908
vt 0.40968750000000004 0.34843749999999996
vt 0.40968750000000004 0.32343750000000004
vt 0.40437500000000004 0.32730116285546584
vt 0.40437500000000004 0.8572338434858174
vt 0.40968750000000004 0.8609375
vt 0.40968750000000004 0.8375
vt 0.40437500000000004 0.8368857327778203
vt 0.40968750000000004 0.8375
vt 0.4728125 0.8375
vt 0.4728125 0.6859375
vt 0.40968750000000004 0.6859375
vt 0.40968750000000004 0.31718749999999996
vt 0.4728125 0.31718749999999996
vt 0.4728125 0.23906249999999996
vt 0.40968750000000004 0.23906249999999996
vt 0.40968750000000004 0.675
vt 0.4728125 0.675
vt 0.4728125 0.6421875
vt 0.40968750000000004 0.6421875
vt 0.40968750000000004 0.23906249999999996
vt 0.4728125 0.23906249999999996
vt 0.4728125 0.3359375
vt 0.40968750000000004 0.3359375
vt 0.40968750000000004 0.621875
vt 0.4728125 0.621875
vt 0.4728125 0.521875
vt 0.40968750000000004 0.521875
vt 0.40968750000000004 0.38125
vt 0.4728125 0.38125
vt 0.4728125 0.40156250000000004
vt 0.40968750000000004 0.40156250000000004
vt 0.40968750000000004 0.515625
vt 0.4728125 0.515625
vt 0.4728125 0.54375
vt 0.40968750000000004 0.54375
vt 0.40968750000000004 0.54375
vt 0.4728125 0.54375
vt 0.4728125 0.7
vt 0.40968750000000004 0.7
vt 0.40968750000000004 0.7
vt 0.4728125 0.7
vt 0.4728125 0.86875
vt 0.40968750000000004 0.86875
vt 0.40968750000000004 0.34843749999999996
vt 0.4728125 0.34843749999999996
vt 0.4728125 0.32343750000000004
vt 0.40968750000000004 0.32343750000000004
vt 0.40968750000000004 0.8609375
vt 0.4728125 0.8609375
vt 0.4728125 0.8375
vt 0.40968750000000004 0.8375
vt 0.4728125 0.8375
vt 0.478125 0.8368857327778203
vt 0.478125 0.6818605354144884
vt 0.4728125 0.6859375
vt 0.4728125 0.31718749999999996
vt 0.478125 0.321875
vt 0.478125 0.24375000000000002
vt 0.4728125 0.23906249999999996
vt 0.4728125 0.675
vt 0.478125 0.6709230354144884
vt 0.478125 0.6459940708562637
vt 0.4728125 0.6421875
vt 0.4728125 0.23906249999999996
vt 0.478125 0.24375000000000002
vt 0.478125 0.3392260022796576
vt 0.4728125 0.3359375
vt 0.4728125 0.621875
vt 0.478125 0.6259749090879484
vt 0.478125 0.5257339317246177
vt 0.4728125 0.521875
vt 0.4728125 0.38125
vt 0.478125 0.3846476951474167
vt 0.478125 0.3993099051338109
vt 0.4728125 0.40156250000000004
vt 0.484375 0.40156250000000004
vt 0.47877751750196507 0.3993099051338109
vt 0.4559000088730866 0.4120196321498545
vt 0.45625 0.41718750000000004
vt 0.4728125 0.54375
vt 0.478125 0.5440999911269133
vt 0.478125 0.6990141202255705
vt 0.4728125 0.7
vt 0.4728125 0.7
vt 0.478125 0.6990141202255705
vt 0.478125 0.8624634868111377
vt 0.4728125 0.86875
vt 0.4728125 0.34843749999999996
vt 0.478125 0.3440360214964908
vt 0.478125 0.32730116285546584
vt 0.4728125 0.32343750000000004
vt 0.4728125 0.8609375
vt 0.478125 0.8572338434858174
vt 0.478125 0.8368857327778203
vt 0.4728125 0.8375
vt 0.1427661565141826 0.32730116285546584
vt 0.16311426722217973 0.321875
vt 0.3181394645855116 0.321875
vt 0.3181394645855116 0.321875
vt 0.3290769645855116 0.24375000000000002
vt 0.3540059291437363 0.24375000000000002
vt 0.3181394645855116 0.321875
vt 0.3540059291437363 0.24375000000000002
vt 0.3740250909120516 0.3392260022796576
vt 0.1427661565141826 0.32730116285546584
vt 0.3181394645855116 0.321875
vt 0.3740250909120516 0.3392260022796576
vt 0.3740250909120516 0.3392260022796576
vt 0.4742660682753823 0.3846476951474167
vt 0.47877751750196507 0.3993099051338109
vt 0.3740250909120516 0.3392260022796576
vt 0.47877751750196507 0.3993099051338109
vt 0.4559000088730866 0.4120196321498545
vt 0.3740250909120516 0.3392260022796576
vt 0.4559000088730866 0.4120196321498545
vt 0.3009858797744295 0.3516031218013782
vt 0.1427661565141826 0.32730116285546584
vt 0.3740250909120516 0.3392260022796576
vt 0.3009858797744295 0.3516031218013782
vt 0.3009858797744295 0.3516031218013782
vt 0.1375365131888623 0.3440360214964908
vt 0.1427661565141826 0.32730116285546584
vt 0.3181394645855116 0.321875
vt 0.16311426722217973 0.321875
vt 0.1427661565141826 0.32730116285546584
vt 0.3540059291437363 0.24375000000000002
vt 0.3290769645855116 0.24375000000000002
vt 0.3181394645855116 0.321875
vt 0.3740250909120516 0.3392260022796576
vt 0.3540059291437363 0.24375000000000002
vt 0.3181394645855116 0.321875
vt 0.3740250909120516 0.3392260022796576
vt 0.3181394645855116 0.321875
vt 0.1427661565141826 0.32730116285546584
vt 0.47877751750196507 0.3993099051338109
vt 0.4742660682753823 0.3846476951474167
vt 0.3740250909120516 0.3392260022796576
vt 0.4559000088730866 0.4120196321498545
vt 0.47877751750196507 0.3993099051338109
vt 0.3740250909120516 0.3392260022796576
vt 0.3009858797744295 0.3516031218013782
vt 0.4559000088730866 0.4120196321498545
vt 0.3740250909120516 0.3392260022796576
vt 0.3009858797744295 0.3516031218013782
vt 0.3740250909120516 0.3392260022796576
vt 0.1427661565141826 0.32730116285546584
vt 0.1427661565141826 0.32730116285546584
vt 0.1375365131888623 0.3440360214964908
vt 0.3009858797744295 0.3516031218013782
vn -0.6616216370868474 -0.7498378553650917 0
vn -0.6616216370868445 -0.10396340239667205 -0.7425957314048012
vn -0.6616216370868473 -0.7498378553650916 0
vn -0.6616216370868477 -0.15387785873695958 0.733879018591653
vn -0.6616216370868483 -0.6829922445586912 0.30948086081565673
vn -0.6616216370868447 -0.22051670218555075 0.7166792821030428
vn -0.6616216370868476 0.6554762171787639 0.36415345398820204
vn -0.6616216370868447 0.6985898535423881 -0.27245004288153124
vn -0.6616216370868465 0.7490355634495719 -0.034677572381924635
vn -0.6616216370868466 -0.2236578811620958 -0.7157052197187072
vn -0.661621637086847 -0.7245195348894179 -0.19320520930384408
vn 0 -1 0
vn 0 -0.1386478445344061 -0.9903417466743302
vn 0 -1 0
vn 0 -0.20521484429728806 0.978716949725527
vn 0 -0.9108532460343005 0.4127303771092921
vn 0 -0.29408584883752203 0.9557790087219505
vn 0 0.874157276121538 0.48564293117863205
vn 0 0.9316545551067795 -0.36334527649164383
vn 0 0.9989300461295999 -0.04624676139488889
vn 0 -0.29827499313594663 -0.95447997803503
vn 0 -0.9662349396012466 -0.2576626505603315
vn 0.6616216370868475 -0.7498378553650916 0
vn 0.6616216370868444 -0.10396340239667205 -0.7425957314048012
vn 0.6616216370868475 -0.7498378553650916 0
vn 0.6616216370868478 -0.15387785873695967 0.7338790185916529
vn 0.6616216370868482 -0.6829922445586913 0.30948086081565657
vn 0.6616216370868442 -0.2205167021855486 0.7166792821030439
vn 0.6616216370868481 0.6554762171787631 0.3641534539882028
vn 0.6616216370868447 0.6985898535423881 -0.27245004288153135
vn 0.6616216370868465 0.7490355634495718 -0.0346775723819247
vn 0.6616216370868467 -0.22365788116209553 -0.7157052197187072
vn 0.6616216370868471 -0.724519534889418 -0.19320520930384388
vn -1 0 0
vn -1 0 0
vn -1 0 0
vn -1 0 0
vn -1 0 0
vn -1 0 0
vn -1 0 0
vn -1 0 0
vn -1 0 0
vn 1 0 0
vn 1 0 0
vn 1 0 0
vn 1 0 0
vn 1 0 0
vn 1 0 0
vn 1 0 0
vn 1 0 0
vn 1 0 0
usemtl chair_titanium
f 1479/6427/1780 1490/6428/1780 1491/6429/1780 1480/6430/1780
f 1480/6431/1781 1491/6432/1781 1492/6433/1781 1481/6434/1781
f 1481/6435/1782 1492/6436/1782 1493/6437/1782 1482/6438/1782
f 1482/6439/1783 1493/6440/1783 1494/6441/1783 1483/6442/1783
f 1483/6443/1784 1494/6444/1784 1495/6445/1784 1484/6446/1784
f 1484/6447/1785 1495/6448/1785 1496/6449/1785 1485/6450/1785
f 1485/6451/1786 1496/6452/1786 1497/6453/1786 1486/6454/1786
f 1486/6455/1787 1497/6456/1787 1498/6457/1787 1487/6458/1787
f 1487/6459/1788 1498/6460/1788 1499/6461/1788 1488/6462/1788
f 1488/6463/1789 1499/6464/1789 1500/6465/1789 1489/6466/1789
f 1489/6467/1790 1500/6468/1790 1490/6469/1790 1479/6470/1790
f 1490/6471/1791 1501/6472/1791 1502/6473/1791 1491/6474/1791
f 1491/6475/1792 1502/6476/1792 1503/6477/1792 1492/6478/1792
f 1492/6479/1793 1503/6480/1793 1504/6481/1793 1493/6482/1793
f 1493/6483/1794 1504/6484/1794 1505/6485/1794 1494/6486/1794
f 1494/6487/1795 1505/6488/1795 1506/6489/1795 1495/6490/1795
f 1495/6491/1796 1506/6492/1796 1507/6493/1796 1496/6494/1796
f 1496/6495/1797 1507/6496/1797 1508/6497/1797 1497/6498/1797
f 1497/6499/1798 1508/6500/1798 1509/6501/1798 1498/6502/1798
f 1498/6503/1799 1509/6504/1799 1510/6505/1799 1499/6506/1799
f 1499/6507/1800 1510/6508/1800 1511/6509/1800 1500/6510/1800
f 1500/6511/1801 1511/6512/1801 1501/6513/1801 1490/6514/1801
f 1501/6515/1802 1512/6516/1802 1513/6517/1802 1502/6518/1802
f 1502/6519/1803 1513/6520/1803 1514/6521/1803 1503/6522/1803
f 1503/6523/1804 1514/6524/1804 1515/6525/1804 1504/6526/1804
f 1504/6527/1805 1515/6528/1805 1516/6529/1805 1505/6530/1805
f 1505/6531/1806 1516/6532/1806 1517/6533/1806 1506/6534/1806
f 1506/6535/1807 1517/6536/1807 1518/6537/1807 1507/6538/1807
f 1507/6539/1808 1518/6540/1808 1519/6541/1808 1508/6542/1808
f 1508/6543/1809 1519/6544/1809 1520/6545/1809 1509/6546/1809
f 1509/6547/1810 1520/6548/1810 1521/6549/1810 1510/6550/1810
f 1510/6551/1811 1521/6552/1811 1522/6553/1811 1511/6554/1811
f 1511/6555/1812 1522/6556/1812 1512/6557/1812 1501/6558/1812
f 1489/6559/1813 1479/6560/1813 1480/6561/1813
f 1480/6562/1814 1481/6563/1814 1482/6564/1814
f 1480/6565/1815 1482/6566/1815 1483/6567/1815
f 1489/6568/1816 1480/6569/1816 1483/6570/1816
f 1483/6571/1817 1484/6572/1817 1485/6573/1817
f 1483/6574/1818 1485/6575/1818 1486/6576/1818
f 1483/6577/1819 1486/6578/1819 1487/6579/1819
f 1489/6580/1820 1483/6581/1820 1487/6582/1820
f 1487/6583/1821 1488/6584/1821 1489/6585/1821
f 1513/6586/1822 1512/6587/1822 1522/6588/1822
f 1515/6589/1823 1514/6590/1823 1513/6591/1823
f 1516/6592/1824 1515/6593/1824 1513/6594/1824
f 1516/6595/1825 1513/6596/1825 1522/6597/1825
f 1518/6598/1826 1517/6599/1826 1516/6600/1826
f 1519/6601/1827 1518/6602/1827 1516/6603/1827
f 1520/6604/1828 1519/6605/1828 1516/6606/1828
f 1520/6607/1829 1516/6608/1829 1522/6609/1829
f 1522/6610/1830 1521/6611/1830 1520/6612/1830
o arm_right_elbow_pad
v 0.9325000000000001 0.705625 0.5428125
v 0.9304903810567666 0.705625 0.5503125
v 0.925 0.705625 0.5558028810567666
v 0.9175000000000001 0.705625 0.5578125
v 0.8475 0.705625 0.5578125
v 0.8400000000000001 0.705625 0.5558028810567666
v 0.8345096189432335 0.705625 0.5503125
v 0.8325 0.705625 0.5428125
v 0.8325 0.705625 0.3196875
v 0.8345096189432335 0.705625 0.3121875
v 0.8400000000000001 0.705625 0.3066971189432335
v 0.8475 0.705625 0.3046875
v 0.9175000000000001 0.705625 0.3046875
v 0.925 0.705625 0.3066971189432335
v 0.9304903810567666 0.705625 0.3121875
v 0.9325000000000001 0.705625 0.3196875
v 0.9481250000000001 0.7168749999999999 0.5459375
v 0.9444406986040721 0.7168749999999999 0.5596875
v 0.9343750000000001 0.7168749999999999 0.569753198604072
v 0.920625 0.7168749999999999 0.5734375
v 0.8443750000000001 0.7168749999999999 0.5734375
v 0.8306250000000001 0.7168749999999999 0.569753198604072
v 0.820559301395928 0.7168749999999999 0.5596875
v 0.816875 0.7168749999999999 0.5459375
v 0.816875 0.7168749999999999 0.3165625
v 0.820559301395928 0.7168749999999999 0.30281250000000004
v 0.8306250000000001 0.7168749999999999 0.29274680139592796
v 0.8443750000000001 0.7168749999999999 0.2890625
v 0.920625 0.7168749999999999 0.2890625
v 0.9343750000000001 0.7168749999999999 0.29274680139592796
v 0.9444406986040721 0.7168749999999999 0.30281250000000004
v 0.9481250000000001 0.7168749999999999 0.3165625
v 0.9481250000000001 0.731875 0.5459375
v 0.9444406986040721 0.731875 0.5596875
v 0.9343750000000001 0.731875 0.569753198604072
v 0.920625 0.731875 0.5734375
v 0.8443750000000001 0.731875 0.5734375
v 0.8306250000000001 0.731875 0.569753198604072
v 0.820559301395928 0.731875 0.5596875
v 0.816875 0.731875 0.5459375
v 0.816875 0.731875 0.3165625
v 0.820559301395928 0.731875 0.30281250000000004
v 0.8306250000000001 0.731875 0.29274680139592796
v 0.8443750000000001 0.731875 0.2890625
v 0.920625 0.731875 0.2890625
v 0.9343750000000001 0.731875 0.29274680139592796
v 0.9444406986040721 0.731875 0.30281250000000004
v 0.9481250000000001 0.731875 0.3165625
v 0.9278125 0.743125 0.538125
v 0.9258028810567667 0.743125 0.545625
v 0.9203125000000001 0.743125 0.5511153810567666
v 0.9128125 0.743125 0.553125
v 0.8521875000000001 0.743125 0.553125
v 0.8446875 0.743125 0.5511153810567666
v 0.8391971189432335 0.743125 0.545625
v 0.8371875000000001 0.743125 0.538125
v 0.8371875000000001 0.743125 0.324375
v 0.8391971189432335 0.743125 0.316875
v 0.8446875 0.743125 0.31138461894323344
v 0.8521875000000001 0.743125 0.309375
v 0.9128125 0.743125 0.309375
v 0.9203125000000001 0.743125 0.31138461894323344
v 0.9258028810567667 0.743125 0.316875
v 0.9278125 0.743125 0.324375
v 0.8825000000000001 0.7056249999999997 0.43125
v 0.8824999999999998 0.7431249999999998 0.4312499999999999
vt 0.47406250000000005 0.72703125
vt 0.47222034930203605 0.72015625
vt 0.4652451905283833 0.72484375
vt 0.46625000000000005 0.7285937499999999
vt 0.47222034930203605 0.72015625
vt 0.46718750000000003 0.715123400697964
vt 0.4625 0.7220985594716167
vt 0.4652451905283833 0.72484375
vt 0.46718750000000003 0.715123400697964
vt 0.4603125 0.71328125
vt 0.45875000000000005 0.72109375
vt 0.4625 0.7220985594716167
vt 0.4603125 0.71328125
vt 0.42218750000000005 0.71328125
vt 0.42375 0.72109375
vt 0.45875000000000005 0.72109375
vt 0.42218750000000005 0.71328125
vt 0.41531250000000003 0.715123400697964
vt 0.42000000000000004 0.7220985594716167
vt 0.42375 0.72109375
vt 0.41531250000000003 0.715123400697964
vt 0.410279650697964 0.72015625
vt 0.41725480947161675 0.72484375
vt 0.42000000000000004 0.7220985594716167
vt 0.410279650697964 0.72015625
vt 0.4084375 0.72703125
vt 0.41625 0.7285937499999999
vt 0.41725480947161675 0.72484375
vt 0.4084375 0.72703125
vt 0.4084375 0.84171875
vt 0.41625 0.8401562499999999
vt 0.41625 0.7285937499999999
vt 0.4084375 0.84171875
vt 0.410279650697964 0.84859375
vt 0.41725480947161675 0.84390625
vt 0.41625 0.8401562499999999
vt 0.410279650697964 0.84859375
vt 0.41531250000000003 0.853626599302036
vt 0.42000000000000004 0.8466514405283833
vt 0.41725480947161675 0.84390625
vt 0.41531250000000003 0.853626599302036
vt 0.42218750000000005 0.85546875
vt 0.42375 0.84765625
vt 0.42000000000000004 0.8466514405283833
vt 0.42218750000000005 0.85546875
vt 0.4603125 0.85546875
vt 0.45875000000000005 0.84765625
vt 0.42375 0.84765625
vt 0.4603125 0.85546875
vt 0.46718750000000003 0.853626599302036
vt 0.4625 0.8466514405283833
vt 0.45875000000000005 0.84765625
vt 0.46718750000000003 0.853626599302036
vt 0.47222034930203605 0.84859375
vt 0.4652451905283833 0.84390625
vt 0.4625 0.8466514405283833
vt 0.47222034930203605 0.84859375
vt 0.47406250000000005 0.84171875
vt 0.46625000000000005 0.8401562499999999
vt 0.4652451905283833 0.84390625
vt 0.47406250000000005 0.84171875
vt 0.47406250000000005 0.72703125
vt 0.46625000000000005 0.7285937499999999
vt 0.46625000000000005 0.8401562499999999
vt 0.27296875 0.3659375
vt 0.27984375 0.3659375
vt 0.27984375 0.35843749999999996
vt 0.27296875 0.35843749999999996
vt 0.27984375 0.3659375
vt 0.284876599302036 0.3659375
vt 0.284876599302036 0.35843749999999996
vt 0.27984375 0.35843749999999996
vt 0.46718750000000003 0.3659375
vt 0.4603125 0.3659375
vt 0.4603125 0.35843749999999996
vt 0.46718750000000003 0.35843749999999996
vt 0.4603125 0.3659375
vt 0.42218750000000005 0.3659375
vt 0.42218750000000005 0.35843749999999996
vt 0.4603125 0.35843749999999996
vt 0.42218750000000005 0.3659375
vt 0.41531250000000003 0.3659375
vt 0.41531250000000003 0.35843749999999996
vt 0.42218750000000005 0.35843749999999996
vt 0.284876599302036 0.3659375
vt 0.27984375 0.3659375
vt 0.27984375 0.35843749999999996
vt 0.284876599302036 0.35843749999999996
vt 0.27984375 0.3659375
vt 0.27296875 0.3659375
vt 0.27296875 0.35843749999999996
vt 0.27984375 0.35843749999999996
vt 0.27296875 0.3659375
vt 0.15828125 0.3659375
vt 0.15828125 0.35843749999999996
vt 0.27296875 0.35843749999999996
vt 0.15828125 0.3659375
vt 0.15140625000000002 0.3659375
vt 0.15140625000000002 0.35843749999999996
vt 0.15828125 0.35843749999999996
vt 0.15140625000000002 0.3659375
vt 0.14637340069796398 0.3659375
vt 0.14637340069796398 0.35843749999999996
vt 0.15140625000000002 0.35843749999999996
vt 0.41531250000000003 0.3659375
vt 0.42218750000000005 0.3659375
vt 0.42218750000000005 0.35843749999999996
vt 0.41531250000000003 0.35843749999999996
vt 0.42218750000000005 0.3659375
vt 0.4603125 0.3659375
vt 0.4603125 0.35843749999999996
vt 0.42218750000000005 0.35843749999999996
vt 0.4603125 0.3659375
vt 0.46718750000000003 0.3659375
vt 0.46718750000000003 0.35843749999999996
vt 0.4603125 0.35843749999999996
vt 0.14637340069796398 0.3659375
vt 0.15140625000000002 0.3659375
vt 0.15140625000000002 0.35843749999999996
vt 0.14637340069796398 0.35843749999999996
vt 0.15140625000000002 0.3659375
vt 0.15828125 0.3659375
vt 0.15828125 0.35843749999999996
vt 0.15140625000000002 0.35843749999999996
vt 0.15828125 0.3659375
vt 0.27296875 0.3659375
vt 0.27296875 0.35843749999999996
vt 0.15828125 0.35843749999999996
vt 0.46390625 0.7309375
vt 0.46290144052838333 0.7271875
vt 0.47222034930203605 0.72015625
vt 0.47406250000000005 0.72703125
vt 0.46290144052838333 0.7271875
vt 0.46015625000000004 0.7244423094716167
vt 0.46718750000000003 0.715123400697964
vt 0.47222034930203605 0.72015625
vt 0.46015625000000004 0.7244423094716167
vt 0.45640625 0.7234375
vt 0.4603125 0.71328125
vt 0.46718750000000003 0.715123400697964
vt 0.45640625 0.7234375
vt 0.42609375000000005 0.7234375
vt 0.42218750000000005 0.71328125
vt 0.4603125 0.71328125
vt 0.42609375000000005 0.7234375
vt 0.42234375 0.7244423094716167
vt 0.41531250000000003 0.715123400697964
vt 0.42218750000000005 0.71328125
vt 0.42234375 0.7244423094716167
vt 0.4195985594716167 0.7271875
vt 0.410279650697964 0.72015625
vt 0.41531250000000003 0.715123400697964
vt 0.4195985594716167 0.7271875
vt 0.41859375000000004 0.7309375
vt 0.4084375 0.72703125
vt 0.410279650697964 0.72015625
vt 0.41859375000000004 0.7309375
vt 0.41859375000000004 0.8378125
vt 0.4084375 0.84171875
vt 0.4084375 0.72703125
vt 0.41859375000000004 0.8378125
vt 0.4195985594716167 0.8415625
vt 0.410279650697964 0.84859375
vt 0.4084375 0.84171875
vt 0.4195985594716167 0.8415625
vt 0.42234375 0.8443076905283833
vt 0.41531250000000003 0.853626599302036
vt 0.410279650697964 0.84859375
vt 0.42234375 0.8443076905283833
vt 0.42609375000000005 0.8453125
vt 0.42218750000000005 0.85546875
vt 0.41531250000000003 0.853626599302036
vt 0.42609375000000005 0.8453125
vt 0.45640625 0.8453125
vt 0.4603125 0.85546875
vt 0.42218750000000005 0.85546875
vt 0.45640625 0.8453125
vt 0.46015625000000004 0.8443076905283833
vt 0.46718750000000003 0.853626599302036
vt 0.4603125 0.85546875
vt 0.46015625000000004 0.8443076905283833
vt 0.46290144052838333 0.8415625
vt 0.47222034930203605 0.84859375
vt 0.46718750000000003 0.853626599302036
vt 0.46290144052838333 0.8415625
vt 0.46390625 0.8378125
vt 0.47406250000000005 0.84171875
vt 0.47222034930203605 0.84859375
vt 0.46390625 0.8378125
vt 0.46390625 0.7309375
vt 0.47406250000000005 0.72703125
vt 0.47406250000000005 0.84171875
vt 0.44125000000000003 0.784375
vt 0.46625000000000005 0.7285937499999999
vt 0.4652451905283833 0.72484375
vt 0.44125000000000003 0.784375
vt 0.4652451905283833 0.72484375
vt 0.4625 0.7220985594716167
vt 0.44125000000000003 0.784375
vt 0.4625 0.7220985594716167
vt 0.45875000000000005 0.72109375
vt 0.44125000000000003 0.784375
vt 0.45875000000000005 0.72109375
vt 0.42375 0.72109375
vt 0.44125000000000003 0.784375
vt 0.42375 0.72109375
vt 0.42000000000000004 0.7220985594716167
vt 0.44125000000000003 0.784375
vt 0.42000000000000004 0.7220985594716167
vt 0.41725480947161675 0.72484375
vt 0.44125000000000003 0.784375
vt 0.41725480947161675 0.72484375
vt 0.41625 0.7285937499999999
vt 0.44125000000000003 0.784375
vt 0.41625 0.7285937499999999
vt 0.41625 0.8401562499999999
vt 0.44125000000000003 0.784375
vt 0.41625 0.8401562499999999
vt 0.41725480947161675 0.84390625
vt 0.44125000000000003 0.784375
vt 0.41725480947161675 0.84390625
vt 0.42000000000000004 0.8466514405283833
vt 0.44125000000000003 0.784375
vt 0.42000000000000004 0.8466514405283833
vt 0.42375 0.84765625
vt 0.44125000000000003 0.784375
vt 0.42375 0.84765625
vt 0.45875000000000005 0.84765625
vt 0.44125000000000003 0.784375
vt 0.45875000000000005 0.84765625
vt 0.4625 0.8466514405283833
vt 0.44125000000000003 0.784375
vt 0.4625 0.8466514405283833
vt 0.4652451905283833 0.84390625
vt 0.44125000000000003 0.784375
vt 0.4652451905283833 0.84390625
vt 0.46625000000000005 0.8401562499999999
vt 0.44125000000000003 0.784375
vt 0.46625000000000005 0.8401562499999999
vt 0.46625000000000005 0.7285937499999999
vt 0.46290144052838333 0.7271875
vt 0.46390625 0.7309375
vt 0.4412499999999999 0.784375
vt 0.46015625000000004 0.7244423094716167
vt 0.46290144052838333 0.7271875
vt 0.4412499999999999 0.784375
vt 0.45640625 0.7234375
vt 0.46015625000000004 0.7244423094716167
vt 0.4412499999999999 0.784375
vt 0.42609375000000005 0.7234375
vt 0.45640625 0.7234375
vt 0.4412499999999999 0.784375
vt 0.42234375 0.7244423094716167
vt 0.42609375000000005 0.7234375
vt 0.4412499999999999 0.784375
vt 0.4195985594716167 0.7271875
vt 0.42234375 0.7244423094716167
vt 0.4412499999999999 0.784375
vt 0.41859375000000004 0.7309375
vt 0.4195985594716167 0.7271875
vt 0.4412499999999999 0.784375
vt 0.41859375000000004 0.8378125
vt 0.41859375000000004 0.7309375
vt 0.4412499999999999 0.784375
vt 0.4195985594716167 0.8415625
vt 0.41859375000000004 0.8378125
vt 0.4412499999999999 0.784375
vt 0.42234375 0.8443076905283833
vt 0.4195985594716167 0.8415625
vt 0.4412499999999999 0.784375
vt 0.42609375000000005 0.8453125
vt 0.42234375 0.8443076905283833
vt 0.4412499999999999 0.784375
vt 0.45640625 0.8453125
vt 0.42609375000000005 0.8453125
vt 0.4412499999999999 0.784375
vt 0.46015625000000004 0.8443076905283833
vt 0.45640625 0.8453125
vt 0.4412499999999999 0.784375
vt 0.46290144052838333 0.8415625
vt 0.46015625000000004 0.8443076905283833
vt 0.4412499999999999 0.784375
vt 0.46390625 0.8378125
vt 0.46290144052838333 0.8415625
vt 0.4412499999999999 0.784375
vt 0.46390625 0.7309375
vt 0.46390625 0.8378125
vt 0.4412499999999999 0.784375
vn 0.5578762655297986 -0.8163510617983901 0.14948249482520276
vn 0.39844659504570995 -0.82612385378523 0.39844659504570995
vn 0.149482494825203 -0.8163510617983895 0.5578762655297995
vn 0 -0.8115343414514948 0.5843047258450753
vn -0.14948249482520276 -0.8163510617983901 0.5578762655297986
vn -0.39844659504570995 -0.82612385378523 0.39844659504570995
vn -0.5578762655297995 -0.8163510617983895 0.149482494825203
vn -0.5843047258450753 -0.8115343414514948 0
vn -0.5578762655297986 -0.8163510617983899 -0.1494824948252034
vn -0.3984465950457105 -0.8261238537852305 -0.39844659504570834
vn -0.14948249482520087 -0.8163510617983895 -0.5578762655298
vn 0 -0.8115343414514948 -0.5843047258450753
vn 0.14948249482520046 -0.8163510617983908 -0.5578762655297984
vn 0.3984465950457116 -0.8261238537852297 -0.39844659504570945
vn 0.557876265529799 -0.8163510617983897 -0.14948249482520348
vn 0.5843047258450753 -0.8115343414514948 0
vn 0.9659258262890673 0 0.2588190451025251
vn 0.7071067811865476 0 0.7071067811865476
vn 0.2588190451025251 0 0.9659258262890673
vn 0 0 1
vn -0.2588190451025251 0 0.9659258262890673
vn -0.7071067811865476 0 0.7071067811865476
vn -0.9659258262890673 0 0.2588190451025251
vn -1 0 0
vn -0.9659258262890669 0 -0.258819045102526
vn -0.7071067811865496 0 -0.7071067811865456
vn -0.2588190451025214 0 -0.9659258262890681
vn 0 0 -1
vn 0.2588190451025214 0 -0.9659258262890681
vn 0.7071067811865496 0 -0.7071067811865456
vn 0.9659258262890669 0 -0.258819045102526
vn 1 0 0
vn 0.44550646280420025 0.887284652932044 0.11937309693122757
vn 0.30936076210389324 0.8992173473309981 0.30936076210389324
vn 0.11937309693122676 0.8872846529320455 0.44550646280419726
vn 0 0.8747913560854168 0.484499827985767
vn -0.11937309693122755 0.8872846529320438 0.4455064628042002
vn -0.30936076210389324 0.8992173473309981 0.30936076210389324
vn -0.44550646280419726 0.8872846529320455 0.11937309693122676
vn -0.48449982798576696 0.8747913560854168 0
vn -0.4455064628041997 0.8872846529320441 -0.1193730969312283
vn -0.3093607621038928 0.8992173473309983 -0.3093607621038928
vn -0.11937309693123002 0.8872846529320452 -0.4455064628041971
vn 0 0.8747913560854161 -0.4844998279857679
vn 0.11937309693123013 0.8872846529320451 -0.44550646280419753
vn 0.30936076210389324 0.8992173473309981 -0.30936076210389324
vn 0.4455064628041969 0.8872846529320456 -0.11937309693122757
vn 0.48449982798576696 0.8747913560854168 0
vn 2.7792719967269293e-15 -1 7.447036870694425e-16
vn 1.329187521462607e-15 -1 1.329187521462607e-15
vn 4.376662990600741e-16 -1 1.6333928648527705e-15
vn 0 -1 1.7544265080496298e-15
vn -4.376662990600741e-16 -1 1.6333928648527705e-15
vn -1.329187521462607e-15 -1 1.329187521462607e-15
vn -2.7792719967269293e-15 -1 7.447036870694425e-16
vn -4.440892098500622e-15 -1 0
vn -2.779271996726938e-15 -1 -7.447036870694392e-16
vn -1.3291875214625973e-15 -1 -1.3291875214626109e-15
vn -4.376662990600741e-16 -1 -1.6333928648527705e-15
vn 0 -1 -1.7544265080496298e-15
vn 4.376662990600741e-16 -1 -1.6333928648527705e-15
vn 1.3291875214625973e-15 -1 -1.3291875214626109e-15
vn 2.779271996726938e-15 -1 -7.447036870694392e-16
vn 4.440892098500622e-15 -1 0
vn -3.002649036390081e-15 1 -8.045573844547847e-16
vn -1.408216570624076e-15 1 -1.408216570624076e-15
vn -4.576765349128942e-16 1 -1.7080720817270482e-15
vn 0 1 -1.8219044506669226e-15
vn 4.576765349128947e-16 1 -1.7080720817270498e-15
vn 1.40821657062408e-15 1 -1.40821657062408e-15
vn 3.002649036390099e-15 1 -8.045573844547894e-16
vn 4.900294729380028e-15 1 0
vn 3.0026490363900926e-15 1 8.045573844547937e-16
vn 1.408216570624082e-15 1 1.408216570624082e-15
vn 4.576765349129071e-16 1 1.708072081727049e-15
vn 0 1 1.821904450666925e-15
vn -4.576765349129066e-16 1 1.7080720817270474e-15
vn -1.408216570624078e-15 1 1.408216570624078e-15
vn -3.0026490363900744e-15 1 8.045573844547888e-16
vn -4.90029472937998e-15 1 0
usemtl chair_bolster
f 1539/6613/1831 1540/6614/1831 1524/6615/1831 1523/6616/1831
f 1540/6617/1832 1541/6618/1832 1525/6619/1832 1524/6620/1832
f 1541/6621/1833 1542/6622/1833 1526/6623/1833 1525/6624/1833
f 1542/6625/1834 1543/6626/1834 1527/6627/1834 1526/6628/1834
f 1543/6629/1835 1544/6630/1835 1528/6631/1835 1527/6632/1835
f 1544/6633/1836 1545/6634/1836 1529/6635/1836 1528/6636/1836
f 1545/6637/1837 1546/6638/1837 1530/6639/1837 1529/6640/1837
f 1546/6641/1838 1547/6642/1838 1531/6643/1838 1530/6644/1838
f 1547/6645/1839 1548/6646/1839 1532/6647/1839 1531/6648/1839
f 1548/6649/1840 1549/6650/1840 1533/6651/1840 1532/6652/1840
f 1549/6653/1841 1550/6654/1841 1534/6655/1841 1533/6656/1841
f 1550/6657/1842 1551/6658/1842 1535/6659/1842 1534/6660/1842
f 1551/6661/1843 1552/6662/1843 1536/6663/1843 1535/6664/1843
f 1552/6665/1844 1553/6666/1844 1537/6667/1844 1536/6668/1844
f 1553/6669/1845 1554/6670/1845 1538/6671/1845 1537/6672/1845
f 1554/6673/1846 1539/6674/1846 1523/6675/1846 1538/6676/1846
f 1555/6677/1847 1556/6678/1847 1540/6679/1847 1539/6680/1847
f 1556/6681/1848 1557/6682/1848 1541/6683/1848 1540/6684/1848
f 1557/6685/1849 1558/6686/1849 1542/6687/1849 1541/6688/1849
f 1558/6689/1850 1559/6690/1850 1543/6691/1850 1542/6692/1850
f 1559/6693/1851 1560/6694/1851 1544/6695/1851 1543/6696/1851
f 1560/6697/1852 1561/6698/1852 1545/6699/1852 1544/6700/1852
f 1561/6701/1853 1562/6702/1853 1546/6703/1853 1545/6704/1853
f 1562/6705/1854 1563/6706/1854 1547/6707/1854 1546/6708/1854
f 1563/6709/1855 1564/6710/1855 1548/6711/1855 1547/6712/1855
f 1564/6713/1856 1565/6714/1856 1549/6715/1856 1548/6716/1856
f 1565/6717/1857 1566/6718/1857 1550/6719/1857 1549/6720/1857
f 1566/6721/1858 1567/6722/1858 1551/6723/1858 1550/6724/1858
f 1567/6725/1859 1568/6726/1859 1552/6727/1859 1551/6728/1859
f 1568/6729/1860 1569/6730/1860 1553/6731/1860 1552/6732/1860
f 1569/6733/1861 1570/6734/1861 1554/6735/1861 1553/6736/1861
f 1570/6737/1862 1555/6738/1862 1539/6739/1862 1554/6740/1862
f 1571/6741/1863 1572/6742/1863 1556/6743/1863 1555/6744/1863
f 1572/6745/1864 1573/6746/1864 1557/6747/1864 1556/6748/1864
f 1573/6749/1865 1574/6750/1865 1558/6751/1865 1557/6752/1865
f 1574/6753/1866 1575/6754/1866 1559/6755/1866 1558/6756/1866
f 1575/6757/1867 1576/6758/1867 1560/6759/1867 1559/6760/1867
f 1576/6761/1868 1577/6762/1868 1561/6763/1868 1560/6764/1868
f 1577/6765/1869 1578/6766/1869 1562/6767/1869 1561/6768/1869
f 1578/6769/1870 1579/6770/1870 1563/6771/1870 1562/6772/1870
f 1579/6773/1871 1580/6774/1871 1564/6775/1871 1563/6776/1871
f 1580/6777/1872 1581/6778/1872 1565/6779/1872 1564/6780/1872
f 1581/6781/1873 1582/6782/1873 1566/6783/1873 1565/6784/1873
f 1582/6785/1874 1583/6786/1874 1567/6787/1874 1566/6788/1874
f 1583/6789/1875 1584/6790/1875 1568/6791/1875 1567/6792/1875
f 1584/6793/1876 1585/6794/1876 1569/6795/1876 1568/6796/1876
f 1585/6797/1877 1586/6798/1877 1570/6799/1877 1569/6800/1877
f 1586/6801/1878 1571/6802/1878 1555/6803/1878 1570/6804/1878
f 1587/6805/1879 1523/6806/1879 1524/6807/1879
f 1587/6808/1880 1524/6809/1880 1525/6810/1880
f 1587/6811/1881 1525/6812/1881 1526/6813/1881
f 1587/6814/1882 1526/6815/1882 1527/6816/1882
f 1587/6817/1883 1527/6818/1883 1528/6819/1883
f 1587/6820/1884 1528/6821/1884 1529/6822/1884
f 1587/6823/1885 1529/6824/1885 1530/6825/1885
f 1587/6826/1886 1530/6827/1886 1531/6828/1886
f 1587/6829/1887 1531/6830/1887 1532/6831/1887
f 1587/6832/1888 1532/6833/1888 1533/6834/1888
f 1587/6835/1889 1533/6836/1889 1534/6837/1889
f 1587/6838/1890 1534/6839/1890 1535/6840/1890
f 1587/6841/1891 1535/6842/1891 1536/6843/1891
f 1587/6844/1892 1536/6845/1892 1537/6846/1892
f 1587/6847/1893 1537/6848/1893 1538/6849/1893
f 1587/6850/1894 1538/6851/1894 1523/6852/1894
f 1572/6853/1895 1571/6854/1895 1588/6855/1895
f 1573/6856/1896 1572/6857/1896 1588/6858/1896
f 1574/6859/1897 1573/6860/1897 1588/6861/1897
f 1575/6862/1898 1574/6863/1898 1588/6864/1898
f 1576/6865/1899 1575/6866/1899 1588/6867/1899
f 1577/6868/1900 1576/6869/1900 1588/6870/1900
f 1578/6871/1901 1577/6872/1901 1588/6873/1901
f 1579/6874/1902 1578/6875/1902 1588/6876/1902
f 1580/6877/1903 1579/6878/1903 1588/6879/1903
f 1581/6880/1904 1580/6881/1904 1588/6882/1904
f 1582/6883/1905 1581/6884/1905 1588/6885/1905
f 1583/6886/1906 1582/6887/1906 1588/6888/1906
f 1584/6889/1907 1583/6890/1907 1588/6891/1907
f 1585/6892/1908 1584/6893/1908 1588/6894/1908
f 1586/6895/1909 1585/6896/1909 1588/6897/1909
f 1571/6898/1910 1586/6899/1910 1588/6900/1910
o arm_right_front_support_insert
v 0.9175000000000001 0.5390625 0.6681250000000001
v 0.9162439881604791 0.54375 0.6681250000000001
v 0.9128125 0.5471814881604791 0.6681250000000001
v 0.9081250000000001 0.5484375 0.6681250000000001
v 0.856875 0.5484375 0.6681250000000001
v 0.8521875000000001 0.5471814881604791 0.6681250000000001
v 0.848756011839521 0.54375 0.6681250000000001
v 0.8475 0.5390625 0.6681250000000001
v 0.8475 0.5234375 0.6681250000000001
v 0.848756011839521 0.51875 0.6681250000000001
v 0.8521875000000001 0.5153185118395209 0.6681250000000001
v 0.856875 0.5140625 0.6681250000000001
v 0.9081250000000001 0.5140625 0.6681250000000001
v 0.9128125 0.5153185118395209 0.6681250000000001
v 0.9162439881604791 0.51875 0.6681250000000001
v 0.9175000000000001 0.5234375 0.6681250000000001
v 0.9331250000000001 0.5515625 0.675625
v 0.9314503175473056 0.5578125 0.675625
v 0.9268750000000001 0.5623878175473055 0.675625
v 0.920625 0.5640625 0.675625
v 0.8443750000000001 0.5640625 0.675625
v 0.838125 0.5623878175473055 0.675625
v 0.8335496824526946 0.5578125 0.675625
v 0.831875 0.5515625 0.675625
v 0.831875 0.5109375 0.675625
v 0.8335496824526946 0.5046875 0.675625
v 0.838125 0.5001121824526945 0.675625
v 0.8443750000000001 0.4984375 0.675625
v 0.920625 0.4984375 0.675625
v 0.9268750000000001 0.5001121824526945 0.675625
v 0.9314503175473056 0.5046875 0.675625
v 0.9331250000000001 0.5109375 0.675625
v 0.9331250000000001 0.5515625 0.685625
v 0.9314503175473056 0.5578125 0.685625
v 0.9268750000000001 0.5623878175473055 0.685625
v 0.920625 0.5640625 0.685625
v 0.8443750000000001 0.5640625 0.685625
v 0.838125 0.5623878175473055 0.685625
v 0.8335496824526946 0.5578125 0.685625
v 0.831875 0.5515625 0.685625
v 0.831875 0.5109375 0.685625
v 0.8335496824526946 0.5046875 0.685625
v 0.838125 0.5001121824526945 0.685625
v 0.8443750000000001 0.4984375 0.685625
v 0.920625 0.4984375 0.685625
v 0.9268750000000001 0.5001121824526945 0.685625
v 0.9314503175473056 0.5046875 0.685625
v 0.9331250000000001 0.5109375 0.685625
v 0.9128125 0.534375 0.693125
v 0.9115564881604792 0.5390625 0.693125
v 0.9081250000000001 0.5424939881604791 0.693125
v 0.9034375000000001 0.54375 0.693125
v 0.8615625 0.54375 0.693125
v 0.856875 0.5424939881604791 0.693125
v 0.8534435118395209 0.5390625 0.693125
v 0.8521875000000001 0.534375 0.693125
v 0.8521875000000001 0.528125 0.693125
v 0.8534435118395209 0.5234375 0.693125
v 0.856875 0.5200060118395209 0.693125
v 0.8615625 0.51875 0.693125
v 0.9034375000000001 0.51875 0.693125
v 0.9081250000000001 0.5200060118395209 0.693125
v 0.9115564881604792 0.5234375 0.693125
v 0.9128125 0.528125 0.693125
v 0.8825000000000001 0.5312499999999999 0.668125
v 0.8825 0.53125 0.6931250000000001
vt 0.45875000000000005 0.26953125
vt 0.45812199408023957 0.271875
vt 0.4657251587736528 0.27890625
vt 0.46656250000000005 0.27578125
vt 0.45812199408023957 0.271875
vt 0.45640625 0.27359074408023953
vt 0.46343750000000006 0.2811939087736528
vt 0.4657251587736528 0.27890625
vt 0.45640625 0.27359074408023953
vt 0.45406250000000004 0.27421874999999996
vt 0.4603125 0.28203124999999996
vt 0.46343750000000006 0.2811939087736528
vt 0.45406250000000004 0.27421874999999996
vt 0.4284375 0.27421874999999996
vt 0.42218750000000005 0.28203124999999996
vt 0.4603125 0.28203124999999996
vt 0.4284375 0.27421874999999996
vt 0.42609375000000005 0.27359074408023953
vt 0.4190625 0.2811939087736528
vt 0.42218750000000005 0.28203124999999996
vt 0.42609375000000005 0.27359074408023953
vt 0.4243780059197605 0.271875
vt 0.4167748412263473 0.27890625
vt 0.4190625 0.2811939087736528
vt 0.4243780059197605 0.271875
vt 0.42375 0.26953125
vt 0.4159375 0.27578125
vt 0.4167748412263473 0.27890625
vt 0.42375 0.26953125
vt 0.42375 0.26171875
vt 0.4159375 0.25546875
vt 0.4159375 0.27578125
vt 0.42375 0.26171875
vt 0.4243780059197605 0.259375
vt 0.4167748412263473 0.25234375
vt 0.4159375 0.25546875
vt 0.4243780059197605 0.259375
vt 0.42609375000000005 0.25765925591976047
vt 0.4190625 0.2500560912263472
vt 0.4167748412263473 0.25234375
vt 0.42609375000000005 0.25765925591976047
vt 0.4284375 0.25703125000000004
vt 0.42218750000000005 0.24921875000000004
vt 0.4190625 0.2500560912263472
vt 0.4284375 0.25703125000000004
vt 0.45406250000000004 0.25703125000000004
vt 0.4603125 0.24921875000000004
vt 0.42218750000000005 0.24921875000000004
vt 0.45406250000000004 0.25703125000000004
vt 0.45640625 0.25765925591976047
vt 0.46343750000000006 0.2500560912263472
vt 0.4603125 0.24921875000000004
vt 0.45640625 0.25765925591976047
vt 0.45812199408023957 0.259375
vt 0.4657251587736528 0.25234375
vt 0.46343750000000006 0.2500560912263472
vt 0.45812199408023957 0.259375
vt 0.45875000000000005 0.26171875
vt 0.46656250000000005 0.25546875
vt 0.4657251587736528 0.25234375
vt 0.45875000000000005 0.26171875
vt 0.45875000000000005 0.26953125
vt 0.46656250000000005 0.27578125
vt 0.46656250000000005 0.25546875
vt 0.3378125 0.27578125
vt 0.3378125 0.27890625
vt 0.3428125 0.27890625
vt 0.3428125 0.27578125
vt 0.3378125 0.27890625
vt 0.3378125 0.2811939087736528
vt 0.3428125 0.2811939087736528
vt 0.3428125 0.27890625
vt 0.46343750000000006 0.6621874999999999
vt 0.4603125 0.6621874999999999
vt 0.4603125 0.6571875
vt 0.46343750000000006 0.6571875
vt 0.4603125 0.6621874999999999
vt 0.42218750000000005 0.6621874999999999
vt 0.42218750000000005 0.6571875
vt 0.4603125 0.6571875
vt 0.42218750000000005 0.6621874999999999
vt 0.4190625 0.6621874999999999
vt 0.4190625 0.6571875
vt 0.42218750000000005 0.6571875
vt 0.3378125 0.2811939087736528
vt 0.3378125 0.27890625
vt 0.3428125 0.27890625
vt 0.3428125 0.2811939087736528
vt 0.3378125 0.27890625
vt 0.3378125 0.27578125
vt 0.3428125 0.27578125
vt 0.3428125 0.27890625
vt 0.3378125 0.27578125
vt 0.3378125 0.25546875
vt 0.3428125 0.25546875
vt 0.3428125 0.27578125
vt 0.3378125 0.25546875
vt 0.3378125 0.25234375
vt 0.3428125 0.25234375
vt 0.3428125 0.25546875
vt 0.3378125 0.25234375
vt 0.3378125 0.2500560912263472
vt 0.3428125 0.2500560912263472
vt 0.3428125 0.25234375
vt 0.4190625 0.6621874999999999
vt 0.42218750000000005 0.6621874999999999
vt 0.42218750000000005 0.6571875
vt 0.4190625 0.6571875
vt 0.42218750000000005 0.6621874999999999
vt 0.4603125 0.6621874999999999
vt 0.4603125 0.6571875
vt 0.42218750000000005 0.6571875
vt 0.4603125 0.6621874999999999
vt 0.46343750000000006 0.6621874999999999
vt 0.46343750000000006 0.6571875
vt 0.4603125 0.6571875
vt 0.3378125 0.2500560912263472
vt 0.3378125 0.25234375
vt 0.3428125 0.25234375
vt 0.3428125 0.2500560912263472
vt 0.3378125 0.25234375
vt 0.3378125 0.25546875
vt 0.3428125 0.25546875
vt 0.3428125 0.25234375
vt 0.3378125 0.25546875
vt 0.3378125 0.27578125
vt 0.3428125 0.27578125
vt 0.3428125 0.25546875
vt 0.46656250000000005 0.27578125
vt 0.4657251587736528 0.27890625
vt 0.4557782440802396 0.26953125
vt 0.45640625 0.2671875
vt 0.4657251587736528 0.27890625
vt 0.46343750000000006 0.2811939087736528
vt 0.45406250000000004 0.27124699408023956
vt 0.4557782440802396 0.26953125
vt 0.46343750000000006 0.2811939087736528
vt 0.4603125 0.28203124999999996
vt 0.45171875000000006 0.271875
vt 0.45406250000000004 0.27124699408023956
vt 0.4603125 0.28203124999999996
vt 0.42218750000000005 0.28203124999999996
vt 0.43078125 0.271875
vt 0.45171875000000006 0.271875
vt 0.42218750000000005 0.28203124999999996
vt 0.4190625 0.2811939087736528
vt 0.4284375 0.27124699408023956
vt 0.43078125 0.271875
vt 0.4190625 0.2811939087736528
vt 0.4167748412263473 0.27890625
vt 0.42672175591976047 0.26953125
vt 0.4284375 0.27124699408023956
vt 0.4167748412263473 0.27890625
vt 0.4159375 0.27578125
vt 0.42609375000000005 0.2671875
vt 0.42672175591976047 0.26953125
vt 0.4159375 0.27578125
vt 0.4159375 0.25546875
vt 0.42609375000000005 0.2640625
vt 0.42609375000000005 0.2671875
vt 0.4159375 0.25546875
vt 0.4167748412263473 0.25234375
vt 0.42672175591976047 0.26171875
vt 0.42609375000000005 0.2640625
vt 0.4167748412263473 0.25234375
vt 0.4190625 0.2500560912263472
vt 0.4284375 0.26000300591976044
vt 0.42672175591976047 0.26171875
vt 0.4190625 0.2500560912263472
vt 0.42218750000000005 0.24921875000000004
vt 0.43078125 0.259375
vt 0.4284375 0.26000300591976044
vt 0.42218750000000005 0.24921875000000004
vt 0.4603125 0.24921875000000004
vt 0.45171875000000006 0.259375
vt 0.43078125 0.259375
vt 0.4603125 0.24921875000000004
vt 0.46343750000000006 0.2500560912263472
vt 0.45406250000000004 0.26000300591976044
vt 0.45171875000000006 0.259375
vt 0.46343750000000006 0.2500560912263472
vt 0.4657251587736528 0.25234375
vt 0.4557782440802396 0.26171875
vt 0.45406250000000004 0.26000300591976044
vt 0.4657251587736528 0.25234375
vt 0.46656250000000005 0.25546875
vt 0.45640625 0.2640625
vt 0.4557782440802396 0.26171875
vt 0.46656250000000005 0.25546875
vt 0.46656250000000005 0.27578125
vt 0.45640625 0.2671875
vt 0.45640625 0.2640625
vt 0.45812199408023957 0.271875
vt 0.45875000000000005 0.26953125
vt 0.44125000000000003 0.265625
vt 0.45640625 0.27359074408023953
vt 0.45812199408023957 0.271875
vt 0.44125000000000003 0.265625
vt 0.45406250000000004 0.27421874999999996
vt 0.45640625 0.27359074408023953
vt 0.44125000000000003 0.265625
vt 0.4284375 0.27421874999999996
vt 0.45406250000000004 0.27421874999999996
vt 0.44125000000000003 0.265625
vt 0.42609375000000005 0.27359074408023953
vt 0.4284375 0.27421874999999996
vt 0.44125000000000003 0.265625
vt 0.4243780059197605 0.271875
vt 0.42609375000000005 0.27359074408023953
vt 0.44125000000000003 0.265625
vt 0.42375 0.26953125
vt 0.4243780059197605 0.271875
vt 0.44125000000000003 0.265625
vt 0.42375 0.26171875
vt 0.42375 0.26953125
vt 0.44125000000000003 0.265625
vt 0.4243780059197605 0.259375
vt 0.42375 0.26171875
vt 0.44125000000000003 0.265625
vt 0.42609375000000005 0.25765925591976047
vt 0.4243780059197605 0.259375
vt 0.44125000000000003 0.265625
vt 0.4284375 0.25703125000000004
vt 0.42609375000000005 0.25765925591976047
vt 0.44125000000000003 0.265625
vt 0.45406250000000004 0.25703125000000004
vt 0.4284375 0.25703125000000004
vt 0.44125000000000003 0.265625
vt 0.45640625 0.25765925591976047
vt 0.45406250000000004 0.25703125000000004
vt 0.44125000000000003 0.265625
vt 0.45812199408023957 0.259375
vt 0.45640625 0.25765925591976047
vt 0.44125000000000003 0.265625
vt 0.45875000000000005 0.26171875
vt 0.45812199408023957 0.259375
vt 0.44125000000000003 0.265625
vt 0.45875000000000005 0.26953125
vt 0.45875000000000005 0.26171875
vt 0.44125000000000003 0.265625
vt 0.44125 0.265625
vt 0.45640625 0.2671875
vt 0.4557782440802396 0.26953125
vt 0.44125 0.265625
vt 0.4557782440802396 0.26953125
vt 0.45406250000000004 0.27124699408023956
vt 0.44125 0.265625
vt 0.45406250000000004 0.27124699408023956
vt 0.45171875000000006 0.271875
vt 0.44125 0.265625
vt 0.45171875000000006 0.271875
vt 0.43078125 0.271875
vt 0.44125 0.265625
vt 0.43078125 0.271875
vt 0.4284375 0.27124699408023956
vt 0.44125 0.265625
vt 0.4284375 0.27124699408023956
vt 0.42672175591976047 0.26953125
vt 0.44125 0.265625
vt 0.42672175591976047 0.26953125
vt 0.42609375000000005 0.2671875
vt 0.44125 0.265625
vt 0.42609375000000005 0.2671875
vt 0.42609375000000005 0.2640625
vt 0.44125 0.265625
vt 0.42609375000000005 0.2640625
vt 0.42672175591976047 0.26171875
vt 0.44125 0.265625
vt 0.42672175591976047 0.26171875
vt 0.4284375 0.26000300591976044
vt 0.44125 0.265625
vt 0.4284375 0.26000300591976044
vt 0.43078125 0.259375
vt 0.44125 0.265625
vt 0.43078125 0.259375
vt 0.45171875000000006 0.259375
vt 0.44125 0.265625
vt 0.45171875000000006 0.259375
vt 0.45406250000000004 0.26000300591976044
vt 0.44125 0.265625
vt 0.45406250000000004 0.26000300591976044
vt 0.4557782440802396 0.26171875
vt 0.44125 0.265625
vt 0.4557782440802396 0.26171875
vt 0.45640625 0.2640625
vt 0.44125 0.265625
vt 0.45640625 0.2640625
vt 0.45640625 0.2671875
vn 0.36582532857937083 0.09802260136369864 -0.9255071034798645
vn 0.24091427977391622 0.24091427977391622 -0.9401705268737318
vn 0.09802260136369914 0.36582532857937267 -0.9255071034798638
vn 0 0.432731067584769 -0.9015230574682747
vn -0.09802260136369864 0.36582532857937083 -0.9255071034798645
vn -0.24091427977391622 0.24091427977391622 -0.9401705268737318
vn -0.36582532857937267 0.09802260136369914 -0.9255071034798638
vn -0.43273106758476904 0 -0.9015230574682747
vn -0.36582532857937083 -0.09802260136369864 -0.9255071034798645
vn -0.24091427977391622 -0.24091427977391622 -0.9401705268737318
vn -0.09802260136369914 -0.36582532857937267 -0.9255071034798638
vn 0 -0.432731067584769 -0.9015230574682747
vn 0.09802260136369864 -0.36582532857937083 -0.9255071034798645
vn 0.24091427977391622 -0.24091427977391622 -0.9401705268737318
vn 0.36582532857937267 -0.09802260136369914 -0.9255071034798638
vn 0.43273106758476904 0 -0.9015230574682747
vn 0.9659258262890689 0.2588190451025194 0
vn 0.7071067811865476 0.7071067811865476 0
vn 0.2588190451025194 0.9659258262890689 0
vn 0 1 0
vn -0.2588190451025194 0.9659258262890689 0
vn -0.7071067811865476 0.7071067811865476 0
vn -0.9659258262890689 0.2588190451025194 0
vn -1 0 0
vn -0.9659258262890689 -0.2588190451025194 0
vn -0.7071067811865476 -0.7071067811865476 0
vn -0.2588190451025194 -0.9659258262890689 0
vn 0 -1 0
vn 0.2588190451025194 -0.9659258262890689 0
vn 0.7071067811865476 -0.7071067811865476 0
vn 0.9659258262890689 -0.2588190451025194 0
vn 1 0 0
vn 0.2873607195890425 0.07699807275030982 0.9547225322731239
vn 0.18715842299474142 0.18715842299474142 0.9643357555355101
vn 0.07699807275030975 0.28736071958904225 0.954722532273124
vn 0 0.3463740827591557 0.9380964741393892
vn -0.07699807275030982 0.2873607195890425 0.9547225322731239
vn -0.18715842299474142 0.18715842299474142 0.9643357555355101
vn -0.28736071958904225 0.07699807275030975 0.954722532273124
vn -0.34637408275915565 0 0.9380964741393891
vn -0.2873607195890425 -0.07699807275030982 0.9547225322731239
vn -0.18715842299474142 -0.18715842299474142 0.9643357555355101
vn -0.07699807275030975 -0.28736071958904225 0.954722532273124
vn 0 -0.3463740827591557 0.9380964741393892
vn 0.07699807275030982 -0.2873607195890425 0.9547225322731239
vn 0.18715842299474142 -0.18715842299474142 0.9643357555355101
vn 0.28736071958904225 -0.07699807275030975 0.954722532273124
vn 0.34637408275915565 0 0.9380964741393891
vn 2.993051134130914e-15 8.019856342954843e-16 -1
vn 2.400794284377858e-15 2.400794284377858e-15 -1
vn 1.2367468909503845e-15 4.615602233129393e-15 -1
vn 0 6.45947941600086e-15 -1
vn -1.2367468909503843e-15 4.615602233129392e-15 -1
vn -2.400794284377858e-15 2.400794284377858e-15 -1
vn -2.993051134130914e-15 8.019856342954843e-16 -1
vn -3.1720657846433014e-15 0 -1
vn -2.993051134130919e-15 -8.019856342954856e-16 -1
vn -2.4007942843778693e-15 -2.4007942843778693e-15 -1
vn -1.2367468909503958e-15 -4.615602233129435e-15 -1
vn 0 -6.459479416000944e-15 -1
vn 1.2367468909503958e-15 -4.615602233129435e-15 -1
vn 2.4007942843778693e-15 -2.4007942843778693e-15 -1
vn 2.993051134130919e-15 -8.019856342954856e-16 -1
vn 3.1720657846433014e-15 0 -1
vn 3.564137025796786e-15 9.550076377760875e-16 1
vn 3.011265239481759e-15 3.011265239481759e-15 1
vn 1.642630060839863e-15 6.1303788450944845e-15 1
vn 0 8.881784197001285e-15 1
vn -1.6426300608398683e-15 6.130378845094504e-15 1
vn -3.011265239481778e-15 3.011265239481778e-15 1
vn -3.564137025796811e-15 9.550076377760942e-16 1
vn -3.662591421443833e-15 0 1
vn -3.564137025796811e-15 -9.550076377760942e-16 1
vn -3.011265239481778e-15 -3.011265239481778e-15 1
vn -1.6426300608398683e-15 -6.130378845094504e-15 1
vn 0 -8.881784197001285e-15 1
vn 1.642630060839863e-15 -6.1303788450944845e-15 1
vn 3.011265239481759e-15 -3.011265239481759e-15 1
vn 3.564137025796786e-15 -9.550076377760875e-16 1
vn 3.662591421443806e-15 0 1
usemtl chair_graphite
f 1589/6901/1911 1590/6902/1911 1606/6903/1911 1605/6904/1911
f 1590/6905/1912 1591/6906/1912 1607/6907/1912 1606/6908/1912
f 1591/6909/1913 1592/6910/1913 1608/6911/1913 1607/6912/1913
f 1592/6913/1914 1593/6914/1914 1609/6915/1914 1608/6916/1914
f 1593/6917/1915 1594/6918/1915 1610/6919/1915 1609/6920/1915
f 1594/6921/1916 1595/6922/1916 1611/6923/1916 1610/6924/1916
f 1595/6925/1917 1596/6926/1917 1612/6927/1917 1611/6928/1917
f 1596/6929/1918 1597/6930/1918 1613/6931/1918 1612/6932/1918
f 1597/6933/1919 1598/6934/1919 1614/6935/1919 1613/6936/1919
f 1598/6937/1920 1599/6938/1920 1615/6939/1920 1614/6940/1920
f 1599/6941/1921 1600/6942/1921 1616/6943/1921 1615/6944/1921
f 1600/6945/1922 1601/6946/1922 1617/6947/1922 1616/6948/1922
f 1601/6949/1923 1602/6950/1923 1618/6951/1923 1617/6952/1923
f 1602/6953/1924 1603/6954/1924 1619/6955/1924 1618/6956/1924
f 1603/6957/1925 1604/6958/1925 1620/6959/1925 1619/6960/1925
f 1604/6961/1926 1589/6962/1926 1605/6963/1926 1620/6964/1926
f 1605/6965/1927 1606/6966/1927 1622/6967/1927 1621/6968/1927
f 1606/6969/1928 1607/6970/1928 1623/6971/1928 1622/6972/1928
f 1607/6973/1929 1608/6974/1929 1624/6975/1929 1623/6976/1929
f 1608/6977/1930 1609/6978/1930 1625/6979/1930 1624/6980/1930
f 1609/6981/1931 1610/6982/1931 1626/6983/1931 1625/6984/1931
f 1610/6985/1932 1611/6986/1932 1627/6987/1932 1626/6988/1932
f 1611/6989/1933 1612/6990/1933 1628/6991/1933 1627/6992/1933
f 1612/6993/1934 1613/6994/1934 1629/6995/1934 1628/6996/1934
f 1613/6997/1935 1614/6998/1935 1630/6999/1935 1629/7000/1935
f 1614/7001/1936 1615/7002/1936 1631/7003/1936 1630/7004/1936
f 1615/7005/1937 1616/7006/1937 1632/7007/1937 1631/7008/1937
f 1616/7009/1938 1617/7010/1938 1633/7011/1938 1632/7012/1938
f 1617/7013/1939 1618/7014/1939 1634/7015/1939 1633/7016/1939
f 1618/7017/1940 1619/7018/1940 1635/7019/1940 1634/7020/1940
f 1619/7021/1941 1620/7022/1941 1636/7023/1941 1635/7024/1941
f 1620/7025/1942 1605/7026/1942 1621/7027/1942 1636/7028/1942
f 1621/7029/1943 1622/7030/1943 1638/7031/1943 1637/7032/1943
f 1622/7033/1944 1623/7034/1944 1639/7035/1944 1638/7036/1944
f 1623/7037/1945 1624/7038/1945 1640/7039/1945 1639/7040/1945
f 1624/7041/1946 1625/7042/1946 1641/7043/1946 1640/7044/1946
f 1625/7045/1947 1626/7046/1947 1642/7047/1947 1641/7048/1947
f 1626/7049/1948 1627/7050/1948 1643/7051/1948 1642/7052/1948
f 1627/7053/1949 1628/7054/1949 1644/7055/1949 1643/7056/1949
f 1628/7057/1950 1629/7058/1950 1645/7059/1950 1644/7060/1950
f 1629/7061/1951 1630/7062/1951 1646/7063/1951 1645/7064/1951
f 1630/7065/1952 1631/7066/1952 1647/7067/1952 1646/7068/1952
f 1631/7069/1953 1632/7070/1953 1648/7071/1953 1647/7072/1953
f 1632/7073/1954 1633/7074/1954 1649/7075/1954 1648/7076/1954
f 1633/7077/1955 1634/7078/1955 1650/7079/1955 1649/7080/1955
f 1634/7081/1956 1635/7082/1956 1651/7083/1956 1650/7084/1956
f 1635/7085/1957 1636/7086/1957 1652/7087/1957 1651/7088/1957
f 1636/7089/1958 1621/7090/1958 1637/7091/1958 1652/7092/1958
f 1590/7093/1959 1589/7094/1959 1653/7095/1959
f 1591/7096/1960 1590/7097/1960 1653/7098/1960
f 1592/7099/1961 1591/7100/1961 1653/7101/1961
f 1593/7102/1962 1592/7103/1962 1653/7104/1962
f 1594/7105/1963 1593/7106/1963 1653/7107/1963
f 1595/7108/1964 1594/7109/1964 1653/7110/1964
f 1596/7111/1965 1595/7112/1965 1653/7113/1965
f 1597/7114/1966 1596/7115/1966 1653/7116/1966
f 1598/7117/1967 1597/7118/1967 1653/7119/1967
f 1599/7120/1968 1598/7121/1968 1653/7122/1968
f 1600/7123/1969 1599/7124/1969 1653/7125/1969
f 1601/7126/1970 1600/7127/1970 1653/7128/1970
f 1602/7129/1971 1601/7130/1971 1653/7131/1971
f 1603/7132/1972 1602/7133/1972 1653/7134/1972
f 1604/7135/1973 1603/7136/1973 1653/7137/1973
f 1589/7138/1974 1604/7139/1974 1653/7140/1974
f 1654/7141/1975 1637/7142/1975 1638/7143/1975
f 1654/7144/1976 1638/7145/1976 1639/7146/1976
f 1654/7147/1977 1639/7148/1977 1640/7149/1977
f 1654/7150/1978 1640/7151/1978 1641/7152/1978
f 1654/7153/1979 1641/7154/1979 1642/7155/1979
f 1654/7156/1980 1642/7157/1980 1643/7158/1980
f 1654/7159/1981 1643/7160/1981 1644/7161/1981
f 1654/7162/1982 1644/7163/1982 1645/7164/1982
f 1654/7165/1983 1645/7166/1983 1646/7167/1983
f 1654/7168/1984 1646/7169/1984 1647/7170/1984
f 1654/7171/1985 1647/7172/1985 1648/7173/1985
f 1654/7174/1986 1648/7175/1986 1649/7176/1986
f 1654/7177/1987 1649/7178/1987 1650/7179/1987
f 1654/7180/1988 1650/7181/1988 1651/7182/1988
f 1654/7183/1989 1651/7184/1989 1652/7185/1989
f 1654/7186/1990 1652/7187/1990 1637/7188/1990
o arm_right_control_rim
v 0.9346875000000001 0.8202406250000001 0.8846875
v 0.9334314881604792 0.82206875 0.889375
v 0.93 0.8234070303825869 0.8928064881604791
v 0.9253125000000001 0.823896875 0.8940625
v 0.8396875 0.823896875 0.8940625
v 0.8350000000000001 0.8234070303825869 0.8928064881604791
v 0.831568511839521 0.82206875 0.889375
v 0.8303125 0.8202406250000001 0.8846875
v 0.8303125 0.736634375 0.6703125
v 0.831568511839521 0.73480625 0.6656249999999999
v 0.8350000000000001 0.7334679696174131 0.6621935118395208
v 0.8396875 0.732978125 0.6609375
v 0.9253125000000001 0.732978125 0.6609375
v 0.93 0.7334679696174131 0.6621935118395208
v 0.9334314881604792 0.73480625 0.6656249999999999
v 0.9346875000000001 0.736634375 0.6703125
v 0.9503125000000001 0.825246875 0.8903125
v 0.9477167421983236 0.829025 0.9
v 0.940625 0.8317907794573461 0.9070917421983234
v 0.9309375000000001 0.832803125 0.9096875
v 0.8340625 0.832803125 0.9096875
v 0.8243750000000001 0.8317907794573461 0.9070917421983234
v 0.8172832578016765 0.829025 0.9
v 0.8146875 0.825246875 0.8903125
v 0.8146875 0.737253125 0.6646875
v 0.8172832578016765 0.733475 0.6549999999999999
v 0.8243750000000001 0.7307092205426539 0.6479082578016765
v 0.8340625 0.729696875 0.6453125
v 0.9309375000000001 0.729696875 0.6453125
v 0.940625 0.7307092205426539 0.6479082578016765
v 0.9477167421983236 0.733475 0.6549999999999999
v 0.9503125000000001 0.737253125 0.6646875
v 0.9503125000000001 0.828996875 0.8903125
v 0.9477167421983236 0.8327749999999999 0.9
v 0.940625 0.8355407794573461 0.9070917421983234
v 0.9309375000000001 0.8365531249999999 0.9096875
v 0.8340625 0.8365531249999999 0.9096875
v 0.8243750000000001 0.8355407794573461 0.9070917421983234
v 0.8172832578016765 0.8327749999999999 0.9
v 0.8146875 0.828996875 0.8903125
v 0.8146875 0.7410031249999999 0.6646875
v 0.8172832578016765 0.7372249999999999 0.6549999999999999
v 0.8243750000000001 0.7344592205426538 0.6479082578016765
v 0.8340625 0.7334468749999999 0.6453125
v 0.9309375000000001 0.7334468749999999 0.6453125
v 0.940625 0.7344592205426538 0.6479082578016765
v 0.9477167421983236 0.7372249999999999 0.6549999999999999
v 0.9503125000000001 0.7410031249999999 0.6646875
v 0.93 0.8277874999999999 0.88
v 0.9287439881604792 0.829615625 0.8846875
v 0.9253125000000001 0.8309539053825867 0.8881189881604791
v 0.920625 0.8314437499999999 0.889375
v 0.8443750000000001 0.8314437499999999 0.889375
v 0.8396875 0.8309539053825867 0.8881189881604791
v 0.8362560118395209 0.829615625 0.8846875
v 0.8350000000000001 0.8277874999999999 0.88
v 0.8350000000000001 0.7478374999999999 0.6749999999999999
v 0.8362560118395209 0.7460093749999999 0.6703125
v 0.8396875 0.7446710946174131 0.6668810118395209
v 0.8443750000000001 0.7441812499999999 0.6656249999999999
v 0.920625 0.7441812499999999 0.6656249999999999
v 0.9253125000000001 0.7446710946174131 0.6668810118395209
v 0.9287439881604792 0.7460093749999999 0.6703125
v 0.93 0.7478374999999999 0.6749999999999999
v 0.8825000000000002 0.7784375 0.7774999999999999
v 0.8825 0.7878125 0.7775000000000002
vt 0.47515625000000006 0.5548437500000001
vt 0.4738583710991618 0.55
vt 0.4667157440802396 0.5553125
vt 0.46734375000000006 0.55765625
vt 0.4738583710991618 0.55
vt 0.4703125 0.5464541289008382
vt 0.465 0.5535967559197604
vt 0.4667157440802396 0.5553125
vt 0.4703125 0.5464541289008382
vt 0.46546875000000004 0.54515625
vt 0.46265625000000005 0.55296875
vt 0.465 0.5535967559197604
vt 0.46546875000000004 0.54515625
vt 0.41703125 0.54515625
vt 0.41984375 0.55296875
vt 0.46265625000000005 0.55296875
vt 0.41703125 0.54515625
vt 0.41218750000000004 0.5464541289008382
vt 0.41750000000000004 0.5535967559197604
vt 0.41984375 0.55296875
vt 0.41218750000000004 0.5464541289008382
vt 0.40864162890083827 0.55
vt 0.4157842559197605 0.5553125
vt 0.41750000000000004 0.5535967559197604
vt 0.40864162890083827 0.55
vt 0.40734375 0.5548437500000001
vt 0.41515625 0.55765625
vt 0.4157842559197605 0.5553125
vt 0.40734375 0.5548437500000001
vt 0.40734375 0.6676562500000001
vt 0.41515625 0.66484375
vt 0.41515625 0.55765625
vt 0.40734375 0.6676562500000001
vt 0.40864162890083827 0.6725000000000001
vt 0.4157842559197605 0.6671875
vt 0.41515625 0.66484375
vt 0.40864162890083827 0.6725000000000001
vt 0.41218750000000004 0.6760458710991617
vt 0.41750000000000004 0.6689032440802396
vt 0.4157842559197605 0.6671875
vt 0.41218750000000004 0.6760458710991617
vt 0.41703125 0.67734375
vt 0.41984375 0.66953125
vt 0.41750000000000004 0.6689032440802396
vt 0.41703125 0.67734375
vt 0.46546875000000004 0.67734375
vt 0.46265625000000005 0.66953125
vt 0.41984375 0.66953125
vt 0.46546875000000004 0.67734375
vt 0.4703125 0.6760458710991617
vt 0.465 0.6689032440802396
vt 0.46265625000000005 0.66953125
vt 0.4703125 0.6760458710991617
vt 0.4738583710991618 0.6725000000000001
vt 0.4667157440802396 0.6671875
vt 0.465 0.6689032440802396
vt 0.4738583710991618 0.6725000000000001
vt 0.47515625000000006 0.6676562500000001
vt 0.46734375000000006 0.66484375
vt 0.4667157440802396 0.6671875
vt 0.47515625000000006 0.6676562500000001
vt 0.47515625000000006 0.5548437500000001
vt 0.46734375000000006 0.55765625
vt 0.46734375000000006 0.66484375
vt 0.44515625 0.41449843750000004
vt 0.45 0.4163874999999999
vt 0.45 0.41451250000000006
vt 0.44515625 0.41262343749999997
vt 0.4738583710991618 0.4163874999999999
vt 0.4703125 0.4177703897286731
vt 0.4703125 0.415895389728673
vt 0.4738583710991618 0.41451250000000006
vt 0.4703125 0.4177703897286731
vt 0.46546875000000004 0.4182765625
vt 0.46546875000000004 0.41640156249999993
vt 0.4703125 0.415895389728673
vt 0.46546875000000004 0.4182765625
vt 0.41703125 0.4182765625
vt 0.41703125 0.41640156249999993
vt 0.46546875000000004 0.41640156249999993
vt 0.41703125 0.4182765625
vt 0.41218750000000004 0.4177703897286731
vt 0.41218750000000004 0.415895389728673
vt 0.41703125 0.41640156249999993
vt 0.41218750000000004 0.4177703897286731
vt 0.40864162890083827 0.4163874999999999
vt 0.40864162890083827 0.41451250000000006
vt 0.41218750000000004 0.415895389728673
vt 0.45 0.4163874999999999
vt 0.44515625 0.41449843750000004
vt 0.44515625 0.41262343749999997
vt 0.45 0.41451250000000006
vt 0.44515625 0.41449843750000004
vt 0.33234375 0.3705015624999999
vt 0.33234375 0.36862656250000003
vt 0.44515625 0.41262343749999997
vt 0.33234375 0.3705015624999999
vt 0.32749999999999996 0.3686125
vt 0.32749999999999996 0.36673749999999994
vt 0.33234375 0.36862656250000003
vt 0.40864162890083827 0.3686125
vt 0.41218750000000004 0.36722961027132683
vt 0.41218750000000004 0.365354610271327
vt 0.40864162890083827 0.36673749999999994
vt 0.41218750000000004 0.36722961027132683
vt 0.41703125 0.3667234374999999
vt 0.41703125 0.36484843750000007
vt 0.41218750000000004 0.365354610271327
vt 0.41703125 0.3667234374999999
vt 0.46546875000000004 0.3667234374999999
vt 0.46546875000000004 0.36484843750000007
vt 0.41703125 0.36484843750000007
vt 0.46546875000000004 0.3667234374999999
vt 0.4703125 0.36722961027132683
vt 0.4703125 0.365354610271327
vt 0.46546875000000004 0.36484843750000007
vt 0.4703125 0.36722961027132683
vt 0.4738583710991618 0.3686125
vt 0.4738583710991618 0.36673749999999994
vt 0.4703125 0.365354610271327
vt 0.32749999999999996 0.3686125
vt 0.33234375 0.3705015624999999
vt 0.33234375 0.36862656250000003
vt 0.32749999999999996 0.36673749999999994
vt 0.33234375 0.3705015624999999
vt 0.44515625 0.41449843750000004
vt 0.44515625 0.41262343749999997
vt 0.33234375 0.36862656250000003
vt 0.465 0.56
vt 0.4643719940802396 0.55765625
vt 0.4738583710991618 0.55
vt 0.47515625000000006 0.5548437500000001
vt 0.4643719940802396 0.55765625
vt 0.46265625000000005 0.5559405059197604
vt 0.4703125 0.5464541289008382
vt 0.4738583710991618 0.55
vt 0.46265625000000005 0.5559405059197604
vt 0.4603125 0.5553125
vt 0.46546875000000004 0.54515625
vt 0.4703125 0.5464541289008382
vt 0.4603125 0.5553125
vt 0.42218750000000005 0.5553125
vt 0.41703125 0.54515625
vt 0.46546875000000004 0.54515625
vt 0.42218750000000005 0.5553125
vt 0.41984375 0.5559405059197604
vt 0.41218750000000004 0.5464541289008382
vt 0.41703125 0.54515625
vt 0.41984375 0.5559405059197604
vt 0.41812800591976046 0.55765625
vt 0.40864162890083827 0.55
vt 0.41218750000000004 0.5464541289008382
vt 0.41812800591976046 0.55765625
vt 0.41750000000000004 0.56
vt 0.40734375 0.5548437500000001
vt 0.40864162890083827 0.55
vt 0.41750000000000004 0.56
vt 0.41750000000000004 0.6625000000000001
vt 0.40734375 0.6676562500000001
vt 0.40734375 0.5548437500000001
vt 0.41750000000000004 0.6625000000000001
vt 0.41812800591976046 0.66484375
vt 0.40864162890083827 0.6725000000000001
vt 0.40734375 0.6676562500000001
vt 0.41812800591976046 0.66484375
vt 0.41984375 0.6665594940802395
vt 0.41218750000000004 0.6760458710991617
vt 0.40864162890083827 0.6725000000000001
vt 0.41984375 0.6665594940802395
vt 0.42218750000000005 0.6671875
vt 0.41703125 0.67734375
vt 0.41218750000000004 0.6760458710991617
vt 0.42218750000000005 0.6671875
vt 0.4603125 0.6671875
vt 0.46546875000000004 0.67734375
vt 0.41703125 0.67734375
vt 0.4603125 0.6671875
vt 0.46265625000000005 0.6665594940802395
vt 0.4703125 0.6760458710991617
vt 0.46546875000000004 0.67734375
vt 0.46265625000000005 0.6665594940802395
vt 0.4643719940802396 0.66484375
vt 0.4738583710991618 0.6725000000000001
vt 0.4703125 0.6760458710991617
vt 0.4643719940802396 0.66484375
vt 0.465 0.6625000000000001
vt 0.47515625000000006 0.6676562500000001
vt 0.4738583710991618 0.6725000000000001
vt 0.465 0.6625000000000001
vt 0.465 0.56
vt 0.47515625000000006 0.5548437500000001
vt 0.47515625000000006 0.6676562500000001
vt 0.4412500000000001 0.6112500000000001
vt 0.46734375000000006 0.55765625
vt 0.4667157440802396 0.5553125
vt 0.4412500000000001 0.6112500000000001
vt 0.4667157440802396 0.5553125
vt 0.465 0.5535967559197604
vt 0.4412500000000001 0.6112500000000001
vt 0.465 0.5535967559197604
vt 0.46265625000000005 0.55296875
vt 0.4412500000000001 0.6112500000000001
vt 0.46265625000000005 0.55296875
vt 0.41984375 0.55296875
vt 0.4412500000000001 0.6112500000000001
vt 0.41984375 0.55296875
vt 0.41750000000000004 0.5535967559197604
vt 0.4412500000000001 0.6112500000000001
vt 0.41750000000000004 0.5535967559197604
vt 0.4157842559197605 0.5553125
vt 0.4412500000000001 0.6112500000000001
vt 0.4157842559197605 0.5553125
vt 0.41515625 0.55765625
vt 0.4412500000000001 0.6112500000000001
vt 0.41515625 0.55765625
vt 0.41515625 0.66484375
vt 0.4412500000000001 0.6112500000000001
vt 0.41515625 0.66484375
vt 0.4157842559197605 0.6671875
vt 0.4412500000000001 0.6112500000000001
vt 0.4157842559197605 0.6671875
vt 0.41750000000000004 0.6689032440802396
vt 0.4412500000000001 0.6112500000000001
vt 0.41750000000000004 0.6689032440802396
vt 0.41984375 0.66953125
vt 0.4412500000000001 0.6112500000000001
vt 0.41984375 0.66953125
vt 0.46265625000000005 0.66953125
vt 0.4412500000000001 0.6112500000000001
vt 0.46265625000000005 0.66953125
vt 0.465 0.6689032440802396
vt 0.4412500000000001 0.6112500000000001
vt 0.465 0.6689032440802396
vt 0.4667157440802396 0.6671875
vt 0.4412500000000001 0.6112500000000001
vt 0.4667157440802396 0.6671875
vt 0.46734375000000006 0.66484375
vt 0.4412500000000001 0.6112500000000001
vt 0.46734375000000006 0.66484375
vt 0.46734375000000006 0.55765625
vt 0.4643719940802396 0.55765625
vt 0.465 0.56
vt 0.44125 0.6112499999999998
vt 0.46265625000000005 0.5559405059197604
vt 0.4643719940802396 0.55765625
vt 0.44125 0.6112499999999998
vt 0.4603125 0.5553125
vt 0.46265625000000005 0.5559405059197604
vt 0.44125 0.6112499999999998
vt 0.42218750000000005 0.5553125
vt 0.4603125 0.5553125
vt 0.44125 0.6112499999999998
vt 0.41984375 0.5559405059197604
vt 0.42218750000000005 0.5553125
vt 0.44125 0.6112499999999998
vt 0.41812800591976046 0.55765625
vt 0.41984375 0.5559405059197604
vt 0.44125 0.6112499999999998
vt 0.41750000000000004 0.56
vt 0.41812800591976046 0.55765625
vt 0.44125 0.6112499999999998
vt 0.41750000000000004 0.6625000000000001
vt 0.41750000000000004 0.56
vt 0.44125 0.6112499999999998
vt 0.41812800591976046 0.66484375
vt 0.41750000000000004 0.6625000000000001
vt 0.44125 0.6112499999999998
vt 0.41984375 0.6665594940802395
vt 0.41812800591976046 0.66484375
vt 0.44125 0.6112499999999998
vt 0.42218750000000005 0.6671875
vt 0.41984375 0.6665594940802395
vt 0.44125 0.6112499999999998
vt 0.4603125 0.6671875
vt 0.42218750000000005 0.6671875
vt 0.44125 0.6112499999999998
vt 0.46265625000000005 0.6665594940802395
vt 0.4603125 0.6671875
vt 0.44125 0.6112499999999998
vt 0.4643719940802396 0.66484375
vt 0.46265625000000005 0.6665594940802395
vt 0.44125 0.6112499999999998
vt 0.465 0.6625000000000001
vt 0.4643719940802396 0.66484375
vt 0.44125 0.6112499999999998
vt 0.465 0.56
vt 0.465 0.6625000000000001
vt 0.44125 0.6112499999999998
vn 0.14891489032245087 -0.9071081954415589 0.3936738208250723
vn 0.10035883551327487 -0.8888761200277138 0.44702052232408396
vn 0.03844644334833375 -0.8740266641760742 0.4843544789749625
vn 0 -0.8687772701926608 0.4952030440098169
vn -0.03844644334833335 -0.874026664176075 0.4843544789749612
vn -0.10035883551327555 -0.8888761200277135 0.44702052232408457
vn -0.14891489032244923 -0.9071081954415592 0.393673820825072
vn -0.16538837212586874 -0.9188242895881609 0.3583414729393832
vn -0.1533059345850187 -0.9338560393173736 0.32312565396681525
vn -0.10816704422186331 -0.9580332622539984 0.2654659280571935
vn -0.042867718555913925 -0.9745382351964755 0.22008540807138968
vn 0 -0.9786534966019704 0.2055172342864146
vn 0.042867718555914695 -0.9745382351964761 0.220085408071387
vn 0.1081670442218621 -0.9580332622539984 0.2654659280571947
vn 0.15330593458502112 -0.9338560393173735 0.32312565396681453
vn 0.16538837212586874 -0.9188242895881609 0.3583414729393832
vn 0.9659258262890679 0 0.25881904510252207
vn 0.707106781186542 0 0.7071067811865531
vn 0.25881904510252496 0 0.9659258262890673
vn 0 0 1
vn -0.25881904510252496 0 0.9659258262890673
vn -0.7071067811865421 0 0.707106781186553
vn -0.9659258262890681 0 0.2588190451025221
vn -1 0 0
vn -0.9659258262890681 0 -0.2588190451025221
vn -0.7071067811865421 0 -0.707106781186553
vn -0.25881904510252496 0 -0.9659258262890673
vn 0 0 -1
vn 0.25881904510252496 0 -0.9659258262890673
vn 0.707106781186542 0 -0.7071067811865531
vn 0.9659258262890679 0 -0.25881904510252207
vn 1 0 0
vn 0.11402494226445815 0.9355407396313362 -0.3343079972594723
vn 0.07815890085352706 0.9527814297181696 -0.29342585673653443
vn 0.031528188839252166 0.9654047113233788 -0.2588430347974234
vn 0 0.9697904285240975 -0.24393959240567603
vn -0.03152818883925144 0.9654047113233781 -0.2588430347974258
vn -0.0781589008535318 0.9527814297181706 -0.29342585673653004
vn -0.11402494226444804 0.9355407396313367 -0.3343079972594752
vn -0.1279382325586061 0.9239983462565767 -0.3603593550400646
vn -0.11156472089236551 0.9153553549569863 -0.3868822653001538
vn -0.07397979932723381 0.9018368759475563 -0.4256961809467575
vn -0.029058462179725044 0.8897807747586206 -0.4554621594004253
vn 0 0.8841350771586276 -0.4672313830830588
vn 0.029058462179725523 0.8897807747586198 -0.4554621594004268
vn 0.07397979932722913 0.9018368759475585 -0.4256961809467536
vn 0.11156472089237443 0.9153553549569844 -0.3868822653001554
vn 0.1279382325585985 0.9239983462565776 -0.360359355040065
vn 1.917623320707483e-14 -0.9316545551067821 0.3633452764916371
vn -4.339325348877655e-15 -0.9316545551067785 0.36334527649164594
vn 8.078664524927947e-15 -0.9316545551067805 0.3633452764916412
vn 0 -0.9316545551067796 0.36334527649164344
vn -8.078664524927936e-15 -0.9316545551067805 0.3633452764916407
vn 4.339325348877649e-15 -0.9316545551067787 0.3633452764916455
vn -1.917623320707479e-14 -0.9316545551067823 0.3633452764916364
vn 7.222948887599377e-16 -0.9316545551067792 0.3633452764916444
vn 1.917623320707479e-14 -0.9316545551067823 0.3633452764916364
vn -4.339325348877649e-15 -0.9316545551067787 0.3633452764916455
vn 8.078664524927957e-15 -0.9316545551067803 0.3633452764916416
vn 0 -0.9316545551067793 0.36334527649164405
vn -8.078664524927957e-15 -0.9316545551067803 0.3633452764916416
vn 4.33932534887766e-15 -0.9316545551067783 0.36334527649164644
vn -1.917623320707483e-14 -0.9316545551067821 0.3633452764916371
vn -7.222948887599408e-16 -0.9316545551067792 0.3633452764916444
vn 2.421789946804034e-14 0.9316545551067758 -0.36334527649165327
vn -1.7026937599235357e-14 0.9316545551067817 -0.3633452764916377
vn 3.916067583427077e-15 0.9316545551067791 -0.3633452764916449
vn 0 0.9316545551067794 -0.36334527649164367
vn -3.916067583427079e-15 0.931654555106779 -0.3633452764916449
vn 1.7074900803740272e-14 0.9316545551067819 -0.36334527649163784
vn -2.421789946804041e-14 0.9316545551067756 -0.3633452764916532
vn -4.979192898314132e-16 0.9316545551067794 -0.3633452764916437
vn 2.357113063951704e-14 0.9316545551067756 -0.36334527649165343
vn -1.731471682626466e-14 0.9316545551067816 -0.363345276491638
vn 3.816786996804969e-15 0.9316545551067789 -0.36334527649164516
vn 0 0.9316545551067793 -0.36334527649164405
vn -3.816786996804967e-15 0.9316545551067789 -0.36334527649164516
vn 1.7362680030769524e-14 0.9316545551067817 -0.36334527649163806
vn -2.364299384268623e-14 0.9316545551067758 -0.3633452764916534
vn 4.979192898314108e-16 0.9316545551067795 -0.36334527649164367
usemtl chair_edge
f 1671/7189/1991 1672/7190/1991 1656/7191/1991 1655/7192/1991
f 1672/7193/1992 1673/7194/1992 1657/7195/1992 1656/7196/1992
f 1673/7197/1993 1674/7198/1993 1658/7199/1993 1657/7200/1993
f 1674/7201/1994 1675/7202/1994 1659/7203/1994 1658/7204/1994
f 1675/7205/1995 1676/7206/1995 1660/7207/1995 1659/7208/1995
f 1676/7209/1996 1677/7210/1996 1661/7211/1996 1660/7212/1996
f 1677/7213/1997 1678/7214/1997 1662/7215/1997 1661/7216/1997
f 1678/7217/1998 1679/7218/1998 1663/7219/1998 1662/7220/1998
f 1679/7221/1999 1680/7222/1999 1664/7223/1999 1663/7224/1999
f 1680/7225/2000 1681/7226/2000 1665/7227/2000 1664/7228/2000
f 1681/7229/2001 1682/7230/2001 1666/7231/2001 1665/7232/2001
f 1682/7233/2002 1683/7234/2002 1667/7235/2002 1666/7236/2002
f 1683/7237/2003 1684/7238/2003 1668/7239/2003 1667/7240/2003
f 1684/7241/2004 1685/7242/2004 1669/7243/2004 1668/7244/2004
f 1685/7245/2005 1686/7246/2005 1670/7247/2005 1669/7248/2005
f 1686/7249/2006 1671/7250/2006 1655/7251/2006 1670/7252/2006
f 1687/7253/2007 1688/7254/2007 1672/7255/2007 1671/7256/2007
f 1688/7257/2008 1689/7258/2008 1673/7259/2008 1672/7260/2008
f 1689/7261/2009 1690/7262/2009 1674/7263/2009 1673/7264/2009
f 1690/7265/2010 1691/7266/2010 1675/7267/2010 1674/7268/2010
f 1691/7269/2011 1692/7270/2011 1676/7271/2011 1675/7272/2011
f 1692/7273/2012 1693/7274/2012 1677/7275/2012 1676/7276/2012
f 1693/7277/2013 1694/7278/2013 1678/7279/2013 1677/7280/2013
f 1694/7281/2014 1695/7282/2014 1679/7283/2014 1678/7284/2014
f 1695/7285/2015 1696/7286/2015 1680/7287/2015 1679/7288/2015
f 1696/7289/2016 1697/7290/2016 1681/7291/2016 1680/7292/2016
f 1697/7293/2017 1698/7294/2017 1682/7295/2017 1681/7296/2017
f 1698/7297/2018 1699/7298/2018 1683/7299/2018 1682/7300/2018
f 1699/7301/2019 1700/7302/2019 1684/7303/2019 1683/7304/2019
f 1700/7305/2020 1701/7306/2020 1685/7307/2020 1684/7308/2020
f 1701/7309/2021 1702/7310/2021 1686/7311/2021 1685/7312/2021
f 1702/7313/2022 1687/7314/2022 1671/7315/2022 1686/7316/2022
f 1703/7317/2023 1704/7318/2023 1688/7319/2023 1687/7320/2023
f 1704/7321/2024 1705/7322/2024 1689/7323/2024 1688/7324/2024
f 1705/7325/2025 1706/7326/2025 1690/7327/2025 1689/7328/2025
f 1706/7329/2026 1707/7330/2026 1691/7331/2026 1690/7332/2026
f 1707/7333/2027 1708/7334/2027 1692/7335/2027 1691/7336/2027
f 1708/7337/2028 1709/7338/2028 1693/7339/2028 1692/7340/2028
f 1709/7341/2029 1710/7342/2029 1694/7343/2029 1693/7344/2029
f 1710/7345/2030 1711/7346/2030 1695/7347/2030 1694/7348/2030
f 1711/7349/2031 1712/7350/2031 1696/7351/2031 1695/7352/2031
f 1712/7353/2032 1713/7354/2032 1697/7355/2032 1696/7356/2032
f 1713/7357/2033 1714/7358/2033 1698/7359/2033 1697/7360/2033
f 1714/7361/2034 1715/7362/2034 1699/7363/2034 1698/7364/2034
f 1715/7365/2035 1716/7366/2035 1700/7367/2035 1699/7368/2035
f 1716/7369/2036 1717/7370/2036 1701/7371/2036 1700/7372/2036
f 1717/7373/2037 1718/7374/2037 1702/7375/2037 1701/7376/2037
f 1718/7377/2038 1703/7378/2038 1687/7379/2038 1702/7380/2038
f 1719/7381/2039 1655/7382/2039 1656/7383/2039
f 1719/7384/2040 1656/7385/2040 1657/7386/2040
f 1719/7387/2041 1657/7388/2041 1658/7389/2041
f 1719/7390/2042 1658/7391/2042 1659/7392/2042
f 1719/7393/2043 1659/7394/2043 1660/7395/2043
f 1719/7396/2044 1660/7397/2044 1661/7398/2044
f 1719/7399/2045 1661/7400/2045 1662/7401/2045
f 1719/7402/2046 1662/7403/2046 1663/7404/2046
f 1719/7405/2047 1663/7406/2047 1664/7407/2047
f 1719/7408/2048 1664/7409/2048 1665/7410/2048
f 1719/7411/2049 1665/7412/2049 1666/7413/2049
f 1719/7414/2050 1666/7415/2050 1667/7416/2050
f 1719/7417/2051 1667/7418/2051 1668/7419/2051
f 1719/7420/2052 1668/7421/2052 1669/7422/2052
f 1719/7423/2053 1669/7424/2053 1670/7425/2053
f 1719/7426/2054 1670/7427/2054 1655/7428/2054
f 1704/7429/2055 1703/7430/2055 1720/7431/2055
f 1705/7432/2056 1704/7433/2056 1720/7434/2056
f 1706/7435/2057 1705/7436/2057 1720/7437/2057
f 1707/7438/2058 1706/7439/2058 1720/7440/2058
f 1708/7441/2059 1707/7442/2059 1720/7443/2059
f 1709/7444/2060 1708/7445/2060 1720/7446/2060
f 1710/7447/2061 1709/7448/2061 1720/7449/2061
f 1711/7450/2062 1710/7451/2062 1720/7452/2062
f 1712/7453/2063 1711/7454/2063 1720/7455/2063
f 1713/7456/2064 1712/7457/2064 1720/7458/2064
f 1714/7459/2065 1713/7460/2065 1720/7461/2065
f 1715/7462/2066 1714/7463/2066 1720/7464/2066
f 1716/7465/2067 1715/7466/2067 1720/7467/2067
f 1717/7468/2068 1716/7469/2068 1720/7470/2068
f 1718/7471/2069 1717/7472/2069 1720/7473/2069
f 1703/7474/2070 1718/7475/2070 1720/7476/2070
o arm_left_black_touch_surface
v 0.15968749999999998 0.8260281250000001 0.8746875
v 0.1584314881604791 0.8278562500000001 0.879375
v 0.155 0.829194530382587 0.8828064881604791
v 0.1503125 0.829684375 0.8840625
v 0.0846875 0.829684375 0.8840625
v 0.07999999999999999 0.829194530382587 0.8828064881604791
v 0.07656851183952088 0.8278562500000001 0.879375
v 0.07531249999999999 0.8260281250000001 0.8746875
v 0.07531249999999999 0.750221875 0.6803125
v 0.07656851183952088 0.7483937500000001 0.6756249999999999
v 0.07999999999999999 0.7470554696174132 0.6721935118395208
v 0.0846875 0.7465656250000001 0.6709375
v 0.1503125 0.7465656250000001 0.6709375
v 0.155 0.7470554696174132 0.6721935118395208
v 0.1584314881604791 0.7483937500000001 0.6756249999999999
v 0.15968749999999998 0.750221875 0.6803125
v 0.17531249999999998 0.832403125 0.8871875
v 0.17363781754730548 0.834840625 0.8934375
v 0.1690625 0.8366249988434492 0.8980128175473054
v 0.1628125 0.837278125 0.8996875
v 0.07218749999999999 0.837278125 0.8996875
v 0.06593749999999998 0.8366249988434492 0.8980128175473054
v 0.0613621824526945 0.834840625 0.8934375
v 0.05968749999999999 0.832403125 0.8871875
v 0.05968749999999999 0.746846875 0.6678124999999999
v 0.06136218245269451 0.744409375 0.6615624999999999
v 0.06593749999999998 0.7426250011565508 0.6569871824526945
v 0.07218749999999999 0.7419718750000001 0.6553125
v 0.1628125 0.7419718750000001 0.6553125
v 0.1690625 0.7426250011565508 0.6569871824526945
v 0.17363781754730548 0.744409375 0.6615624999999999
v 0.17531249999999998 0.746846875 0.6678124999999999
v 0.17531249999999998 0.834403125 0.8871875
v 0.17363781754730548 0.836840625 0.8934375
v 0.1690625 0.8386249988434492 0.8980128175473054
v 0.1628125 0.839278125 0.8996875
v 0.07218749999999999 0.839278125 0.8996875
v 0.06593749999999998 0.8386249988434492 0.8980128175473054
v 0.0613621824526945 0.836840625 0.8934375
v 0.05968749999999999 0.834403125 0.8871875
v 0.05968749999999999 0.748846875 0.6678124999999999
v 0.06136218245269451 0.746409375 0.6615624999999999
v 0.06593749999999998 0.7446250011565508 0.6569871824526945
v 0.07218749999999999 0.7439718750000001 0.6553125
v 0.1628125 0.7439718750000001 0.6553125
v 0.1690625 0.7446250011565508 0.6569871824526945
v 0.17363781754730548 0.746409375 0.6615624999999999
v 0.17531249999999998 0.748846875 0.6678124999999999
v 0.155 0.8291999999999999 0.87
v 0.15374398816047913 0.831028125 0.8746875
v 0.15031250000000002 0.8323664053825868 0.8781189881604791
v 0.145625 0.83285625 0.879375
v 0.08937499999999998 0.83285625 0.879375
v 0.0846875 0.8323664053825868 0.8781189881604791
v 0.08125601183952087 0.831028125 0.8746875
v 0.07999999999999999 0.8291999999999999 0.87
v 0.07999999999999999 0.75705 0.6849999999999999
v 0.08125601183952089 0.7552218749999999 0.6803125
v 0.08468749999999999 0.7538835946174132 0.6768810118395209
v 0.08937499999999998 0.75339375 0.6756249999999999
v 0.145625 0.75339375 0.6756249999999999
v 0.15031250000000002 0.7538835946174132 0.6768810118395209
v 0.1537439881604791 0.7552218749999999 0.6803125
v 0.155 0.75705 0.6849999999999999
v 0.11750000000000001 0.7881250000000001 0.7774999999999999
v 0.11750000000000001 0.7931250000000001 0.7775000000000001
vt 0.08765624999999999 0.55640625
vt 0.08681890877365274 0.55328125
vt 0.07921574408023956 0.5603125
vt 0.07984374999999999 0.5626562500000001
vt 0.08681890877365274 0.55328125
vt 0.08453125 0.5509935912263473
vt 0.0775 0.5585967559197604
vt 0.07921574408023956 0.5603125
vt 0.08453125 0.5509935912263473
vt 0.08140625 0.55015625
vt 0.07515625 0.55796875
vt 0.0775 0.5585967559197604
vt 0.08140625 0.55015625
vt 0.036093749999999994 0.55015625
vt 0.04234375 0.55796875
vt 0.07515625 0.55796875
vt 0.036093749999999994 0.55015625
vt 0.03296874999999999 0.5509935912263473
vt 0.039999999999999994 0.5585967559197604
vt 0.04234375 0.55796875
vt 0.03296874999999999 0.5509935912263473
vt 0.03068109122634725 0.55328125
vt 0.03828425591976044 0.5603125
vt 0.039999999999999994 0.5585967559197604
vt 0.03068109122634725 0.55328125
vt 0.029843749999999995 0.55640625
vt 0.037656249999999995 0.5626562500000001
vt 0.03828425591976044 0.5603125
vt 0.029843749999999995 0.55640625
vt 0.029843749999999995 0.66609375
vt 0.037656249999999995 0.6598437500000001
vt 0.037656249999999995 0.5626562500000001
vt 0.029843749999999995 0.66609375
vt 0.030681091226347254 0.66921875
vt 0.03828425591976044 0.6621875
vt 0.037656249999999995 0.6598437500000001
vt 0.030681091226347254 0.66921875
vt 0.03296874999999999 0.6715064087736528
vt 0.039999999999999994 0.6639032440802396
vt 0.03828425591976044 0.6621875
vt 0.03296874999999999 0.6715064087736528
vt 0.036093749999999994 0.67234375
vt 0.04234375 0.66453125
vt 0.039999999999999994 0.6639032440802396
vt 0.036093749999999994 0.67234375
vt 0.08140625 0.67234375
vt 0.07515625 0.66453125
vt 0.04234375 0.66453125
vt 0.08140625 0.67234375
vt 0.08453125 0.6715064087736528
vt 0.0775 0.6639032440802396
vt 0.07515625 0.66453125
vt 0.08453125 0.6715064087736528
vt 0.08681890877365274 0.66921875
vt 0.07921574408023956 0.6621875
vt 0.0775 0.6639032440802396
vt 0.08681890877365274 0.66921875
vt 0.08765624999999999 0.66609375
vt 0.07984374999999999 0.6598437500000001
vt 0.07921574408023956 0.6621875
vt 0.08765624999999999 0.66609375
vt 0.08765624999999999 0.55640625
vt 0.07984374999999999 0.5626562500000001
vt 0.07984374999999999 0.6598437500000001
vt 0.44359375 0.41720156250000007
vt 0.44671875 0.4184203125
vt 0.44671875 0.4174203125
vt 0.44359375 0.41620156249999996
vt 0.08681890877365274 0.4184203125
vt 0.08453125 0.41931249942172455
vt 0.08453125 0.41831249942172466
vt 0.08681890877365274 0.4174203125
vt 0.08453125 0.41931249942172455
vt 0.08140625 0.41963906249999994
vt 0.08140625 0.41863906250000005
vt 0.08453125 0.41831249942172466
vt 0.08140625 0.41963906249999994
vt 0.036093749999999994 0.41963906249999994
vt 0.036093749999999994 0.41863906250000005
vt 0.08140625 0.41863906250000005
vt 0.036093749999999994 0.41963906249999994
vt 0.03296874999999999 0.41931249942172455
vt 0.03296874999999999 0.41831249942172466
vt 0.036093749999999994 0.41863906250000005
vt 0.03296874999999999 0.41931249942172455
vt 0.03068109122634725 0.4184203125
vt 0.03068109122634725 0.4174203125
vt 0.03296874999999999 0.41831249942172466
vt 0.44671875 0.4184203125
vt 0.44359375 0.41720156250000007
vt 0.44359375 0.41620156249999996
vt 0.44671875 0.4174203125
vt 0.44359375 0.41720156250000007
vt 0.33390624999999996 0.37442343749999996
vt 0.33390624999999996 0.37342343750000007
vt 0.44359375 0.41620156249999996
vt 0.33390624999999996 0.37442343749999996
vt 0.33078124999999997 0.3732046875
vt 0.33078124999999997 0.3722046875
vt 0.33390624999999996 0.37342343750000007
vt 0.030681091226347254 0.3732046875
vt 0.03296874999999999 0.3723125005782755
vt 0.03296874999999999 0.37131250057827536
vt 0.030681091226347254 0.3722046875
vt 0.03296874999999999 0.3723125005782755
vt 0.036093749999999994 0.3719859375000001
vt 0.036093749999999994 0.3709859375
vt 0.03296874999999999 0.37131250057827536
vt 0.036093749999999994 0.3719859375000001
vt 0.08140625 0.3719859375000001
vt 0.08140625 0.3709859375
vt 0.036093749999999994 0.3709859375
vt 0.08140625 0.3719859375000001
vt 0.08453125 0.3723125005782755
vt 0.08453125 0.37131250057827536
vt 0.08140625 0.3709859375
vt 0.08453125 0.3723125005782755
vt 0.08681890877365274 0.3732046875
vt 0.08681890877365274 0.3722046875
vt 0.08453125 0.37131250057827536
vt 0.33078124999999997 0.3732046875
vt 0.33390624999999996 0.37442343749999996
vt 0.33390624999999996 0.37342343750000007
vt 0.33078124999999997 0.3722046875
vt 0.33390624999999996 0.37442343749999996
vt 0.44359375 0.41720156250000007
vt 0.44359375 0.41620156249999996
vt 0.33390624999999996 0.37342343750000007
vt 0.38175675675675674 0.8312020460358057
vt 0.37734374218546723 0.8479859335038362
vt 0.4472409805716138 0.9151214833759591
vt 0.45312499999999994 0.8927429667519183
vt 0.37734374218546723 0.8479859335038362
vt 0.3652871621621622 0.8602725918789533
vt 0.43116554054054057 0.9315036945427817
vt 0.4472409805716138 0.9151214833759591
vt 0.3652871621621622 0.8602725918789533
vt 0.3488175675675676 0.8647698209718672
vt 0.4092060810810811 0.9375
vt 0.43116554054054057 0.9315036945427817
vt 0.3488175675675676 0.8647698209718672
vt 0.1511824324324324 0.8647698209718672
vt 0.09079391891891891 0.9375
vt 0.4092060810810811 0.9375
vt 0.1511824324324324 0.8647698209718672
vt 0.13471283783783788 0.8602725918789533
vt 0.06883445945945943 0.9315036945427817
vt 0.09079391891891891 0.9375
vt 0.13471283783783788 0.8602725918789533
vt 0.12265625781453283 0.8479859335038362
vt 0.052759019428386116 0.9151214833759591
vt 0.06883445945945943 0.9315036945427817
vt 0.12265625781453283 0.8479859335038362
vt 0.11824324324324323 0.8312020460358057
vt 0.046875 0.8927429667519183
vt 0.052759019428386116 0.9151214833759591
vt 0.11824324324324323 0.8312020460358057
vt 0.11824324324324323 0.16879795396419428
vt 0.046875 0.10725703324808167
vt 0.046875 0.8927429667519183
vt 0.11824324324324323 0.16879795396419428
vt 0.12265625781453288 0.15201406649616378
vt 0.05275901942838614 0.08487851662404078
vt 0.046875 0.10725703324808167
vt 0.12265625781453288 0.15201406649616378
vt 0.13471283783783783 0.13972740812104678
vt 0.06883445945945943 0.0684963054572183
vt 0.05275901942838614 0.08487851662404078
vt 0.13471283783783783 0.13972740812104678
vt 0.1511824324324324 0.13523017902813284
vt 0.09079391891891891 0.0625
vt 0.06883445945945943 0.0684963054572183
vt 0.1511824324324324 0.13523017902813284
vt 0.3488175675675676 0.13523017902813284
vt 0.4092060810810811 0.0625
vt 0.09079391891891891 0.0625
vt 0.3488175675675676 0.13523017902813284
vt 0.3652871621621622 0.13972740812104678
vt 0.43116554054054057 0.0684963054572183
vt 0.4092060810810811 0.0625
vt 0.3652871621621622 0.13972740812104678
vt 0.3773437421854671 0.15201406649616378
vt 0.4472409805716138 0.08487851662404078
vt 0.43116554054054057 0.0684963054572183
vt 0.3773437421854671 0.15201406649616378
vt 0.38175675675675674 0.16879795396419428
vt 0.45312499999999994 0.10725703324808167
vt 0.4472409805716138 0.08487851662404078
vt 0.38175675675675674 0.16879795396419428
vt 0.38175675675675674 0.8312020460358057
vt 0.45312499999999994 0.8927429667519183
vt 0.45312499999999994 0.10725703324808167
vt 0.058750000000000004 0.6112500000000001
vt 0.07984374999999999 0.5626562500000001
vt 0.07921574408023956 0.5603125
vt 0.058750000000000004 0.6112500000000001
vt 0.07921574408023956 0.5603125
vt 0.0775 0.5585967559197604
vt 0.058750000000000004 0.6112500000000001
vt 0.0775 0.5585967559197604
vt 0.07515625 0.55796875
vt 0.058750000000000004 0.6112500000000001
vt 0.07515625 0.55796875
vt 0.04234375 0.55796875
vt 0.058750000000000004 0.6112500000000001
vt 0.04234375 0.55796875
vt 0.039999999999999994 0.5585967559197604
vt 0.058750000000000004 0.6112500000000001
vt 0.039999999999999994 0.5585967559197604
vt 0.03828425591976044 0.5603125
vt 0.058750000000000004 0.6112500000000001
vt 0.03828425591976044 0.5603125
vt 0.037656249999999995 0.5626562500000001
vt 0.058750000000000004 0.6112500000000001
vt 0.037656249999999995 0.5626562500000001
vt 0.037656249999999995 0.6598437500000001
vt 0.058750000000000004 0.6112500000000001
vt 0.037656249999999995 0.6598437500000001
vt 0.03828425591976044 0.6621875
vt 0.058750000000000004 0.6112500000000001
vt 0.03828425591976044 0.6621875
vt 0.039999999999999994 0.6639032440802396
vt 0.058750000000000004 0.6112500000000001
vt 0.039999999999999994 0.6639032440802396
vt 0.04234375 0.66453125
vt 0.058750000000000004 0.6112500000000001
vt 0.04234375 0.66453125
vt 0.07515625 0.66453125
vt 0.058750000000000004 0.6112500000000001
vt 0.07515625 0.66453125
vt 0.0775 0.6639032440802396
vt 0.058750000000000004 0.6112500000000001
vt 0.0775 0.6639032440802396
vt 0.07921574408023956 0.6621875
vt 0.058750000000000004 0.6112500000000001
vt 0.07921574408023956 0.6621875
vt 0.07984374999999999 0.6598437500000001
vt 0.058750000000000004 0.6112500000000001
vt 0.07984374999999999 0.6598437500000001
vt 0.07984374999999999 0.5626562500000001
vt 0.37734374218546723 0.8479859335038362
vt 0.38175675675675674 0.8312020460358057
vt 0.25000000000000006 0.5000000000000004
vt 0.3652871621621622 0.8602725918789533
vt 0.37734374218546723 0.8479859335038362
vt 0.25000000000000006 0.5000000000000004
vt 0.3488175675675676 0.8647698209718672
vt 0.3652871621621622 0.8602725918789533
vt 0.25000000000000006 0.5000000000000004
vt 0.1511824324324324 0.8647698209718672
vt 0.3488175675675676 0.8647698209718672
vt 0.25000000000000006 0.5000000000000004
vt 0.13471283783783788 0.8602725918789533
vt 0.1511824324324324 0.8647698209718672
vt 0.25000000000000006 0.5000000000000004
vt 0.12265625781453283 0.8479859335038362
vt 0.13471283783783788 0.8602725918789533
vt 0.25000000000000006 0.5000000000000004
vt 0.11824324324324323 0.8312020460358057
vt 0.12265625781453283 0.8479859335038362
vt 0.25000000000000006 0.5000000000000004
vt 0.11824324324324323 0.16879795396419428
vt 0.11824324324324323 0.8312020460358057
vt 0.25000000000000006 0.5000000000000004
vt 0.12265625781453288 0.15201406649616378
vt 0.11824324324324323 0.16879795396419428
vt 0.25000000000000006 0.5000000000000004
vt 0.13471283783783783 0.13972740812104678
vt 0.12265625781453288 0.15201406649616378
vt 0.25000000000000006 0.5000000000000004
vt 0.1511824324324324 0.13523017902813284
vt 0.13471283783783783 0.13972740812104678
vt 0.25000000000000006 0.5000000000000004
vt 0.3488175675675676 0.13523017902813284
vt 0.1511824324324324 0.13523017902813284
vt 0.25000000000000006 0.5000000000000004
vt 0.3652871621621622 0.13972740812104678
vt 0.3488175675675676 0.13523017902813284
vt 0.25000000000000006 0.5000000000000004
vt 0.3773437421854671 0.15201406649616378
vt 0.3652871621621622 0.13972740812104678
vt 0.25000000000000006 0.5000000000000004
vt 0.38175675675675674 0.16879795396419428
vt 0.3773437421854671 0.15201406649616378
vt 0.25000000000000006 0.5000000000000004
vt 0.38175675675675674 0.8312020460358057
vt 0.38175675675675674 0.16879795396419428
vt 0.25000000000000006 0.5000000000000004
vn 0.07291986304940128 -0.9224053935669111 0.37927692190736895
vn 0.046835965972094065 -0.9138892648031168 0.4032527792453261
vn 0.01917408377295845 -0.9051866859123184 0.42458146233501737
vn 0 -0.8994071443113787 0.43711187213532743
vn -0.019174083772958796 -0.9051866859123179 0.42458146233501837
vn -0.04683596597209278 -0.9138892648031173 0.40325277924532504
vn -0.07291986304939825 -0.9224053935669116 0.37927692190736845
vn -0.08908324494596113 -0.927950468187092 0.36190068259296576
vn -0.07396708448818524 -0.9356523013777565 0.34508497698222956
vn -0.04848257952756998 -0.946018898950357 0.3204647910630857
vn -0.020223029330626887 -0.9547062125980401 0.29686204996832916
vn 0 -0.9593960499611466 0.28206243868858094
vn 0.020223029330626644 -0.9547062125980399 0.29686204996833
vn 0.048482579527571235 -0.9460188989503574 0.3204647910630847
vn 0.0739670844881882 -0.9356523013777563 0.3450849769822289
vn 0.08908324494595461 -0.9279504681870926 0.361900682592966
vn 0.9659258262890685 0 0.2588190451025197
vn 0.7071067811865454 0 0.7071067811865497
vn 0.2588190451025226 0 0.9659258262890678
vn 0 0 1
vn -0.2588190451025227 0 0.9659258262890678
vn -0.7071067811865448 0 0.7071067811865503
vn -0.9659258262890684 0 0.2588190451025208
vn -1 0 0
vn -0.965925826289068 0 -0.2588190451025218
vn -0.7071067811865454 0 -0.7071067811865497
vn -0.2588190451025227 0 -0.9659258262890678
vn 0 0 -1
vn 0.2588190451025226 0 -0.9659258262890678
vn 0.7071067811865454 0 -0.7071067811865497
vn 0.9659258262890685 0 -0.2588190451025197
vn 1 0 0
vn 0.05629640203638642 0.9351912047494864 -0.34963999438988946
vn 0.03659875670552674 0.9428774065993137 -0.3311234318681812
vn 0.015316554813102878 0.949573117516964 -0.3131713550722212
vn 0 0.953482849047998 -0.30144726996825333
vn -0.015316554813101669 0.9495731175169627 -0.31317135507222554
vn -0.03659875670553156 0.9428774065993151 -0.3311234318681768
vn -0.05629640203638157 0.9351912047494862 -0.3496399943898905
vn -0.06863685737470604 0.9294574436158228 -0.3624884030101705
vn -0.05568698869395564 0.925067680381082 -0.3756976789981058
vn -0.03565172082796809 0.918479344681499 -0.39385866525372887
vn -0.014706557415143645 0.9117554008098578 -0.41047022579360176
vn 0 0.9071612125131457 -0.42078323934263306
vn 0.01470655741514471 0.9117554008098564 -0.4104702257936054
vn 0.03565172082796345 0.9184793446815009 -0.39385866525372476
vn 0.05568698869396033 0.9250676803810813 -0.3756976789981068
vn 0.0686368573747031 0.929457443615823 -0.36248840301017055
vn 1.894991840036658e-14 -0.9316545551067822 0.3633452764916367
vn -4.947046385193774e-15 -0.931654555106779 0.3633452764916449
vn 8.966651452266311e-15 -0.9316545551067804 0.36334527649164106
vn 0 -0.9316545551067795 0.3633452764916432
vn -8.966651452266305e-15 -0.9316545551067806 0.3633452764916409
vn 4.947046385193778e-15 -0.931654555106779 0.36334527649164516
vn -1.894991840036648e-14 -0.9316545551067823 0.36334527649163667
vn 9.854417892832703e-16 -0.9316545551067791 0.3633452764916443
vn 2.0213246293724292e-14 -0.931654555106782 0.3633452764916375
vn -4.947046385193786e-15 -0.9316545551067786 0.3633452764916457
vn 7.47220954355527e-15 -0.9316545551067803 0.3633452764916416
vn 0 -0.9316545551067793 0.3633452764916439
vn -7.472209543555265e-15 -0.9316545551067804 0.36334527649164133
vn 4.947046385193786e-15 -0.9316545551067786 0.3633452764916457
vn -2.02132462937244e-14 -0.9316545551067819 0.36334527649163756
vn -9.854417892832713e-16 -0.9316545551067792 0.3633452764916443
vn 2.7158638738486365e-14 0.9316545551067761 -0.36334527649165255
vn -1.737300372542556e-14 0.9316545551067815 -0.36334527649163806
vn 4.1113941998496194e-15 0.9316545551067793 -0.3633452764916442
vn 0 0.9316545551067795 -0.3633452764916432
vn -4.111394199849642e-15 0.9316545551067793 -0.3633452764916442
vn 1.7428156118204636e-14 0.9316545551067815 -0.36334527649163806
vn -2.7158638738486236e-14 0.9316545551067761 -0.3633452764916525
vn -1.630723055525939e-15 0.9316545551067796 -0.36334527649164355
vn 2.5169311697132007e-14 0.9316545551067758 -0.363345276491653
vn -1.8365746795449898e-14 0.9316545551067814 -0.3633452764916389
vn 3.803655113034529e-15 0.9316545551067789 -0.3633452764916452
vn 0 0.9316545551067792 -0.3633452764916443
vn -3.8036551130345184e-15 0.9316545551067789 -0.36334527649164516
vn 1.8365746795449955e-14 0.9316545551067813 -0.36334527649163895
vn -2.5169311697132017e-14 0.9316545551067758 -0.363345276491653
vn 1.6307230555259397e-15 0.9316545551067794 -0.3633452764916436
usemtl chair_control
f 1737/7477/2071 1738/7478/2071 1722/7479/2071 1721/7480/2071
f 1738/7481/2072 1739/7482/2072 1723/7483/2072 1722/7484/2072
f 1739/7485/2073 1740/7486/2073 1724/7487/2073 1723/7488/2073
f 1740/7489/2074 1741/7490/2074 1725/7491/2074 1724/7492/2074
f 1741/7493/2075 1742/7494/2075 1726/7495/2075 1725/7496/2075
f 1742/7497/2076 1743/7498/2076 1727/7499/2076 1726/7500/2076
f 1743/7501/2077 1744/7502/2077 1728/7503/2077 1727/7504/2077
f 1744/7505/2078 1745/7506/2078 1729/7507/2078 1728/7508/2078
f 1745/7509/2079 1746/7510/2079 1730/7511/2079 1729/7512/2079
f 1746/7513/2080 1747/7514/2080 1731/7515/2080 1730/7516/2080
f 1747/7517/2081 1748/7518/2081 1732/7519/2081 1731/7520/2081
f 1748/7521/2082 1749/7522/2082 1733/7523/2082 1732/7524/2082
f 1749/7525/2083 1750/7526/2083 1734/7527/2083 1733/7528/2083
f 1750/7529/2084 1751/7530/2084 1735/7531/2084 1734/7532/2084
f 1751/7533/2085 1752/7534/2085 1736/7535/2085 1735/7536/2085
f 1752/7537/2086 1737/7538/2086 1721/7539/2086 1736/7540/2086
f 1753/7541/2087 1754/7542/2087 1738/7543/2087 1737/7544/2087
f 1754/7545/2088 1755/7546/2088 1739/7547/2088 1738/7548/2088
f 1755/7549/2089 1756/7550/2089 1740/7551/2089 1739/7552/2089
f 1756/7553/2090 1757/7554/2090 1741/7555/2090 1740/7556/2090
f 1757/7557/2091 1758/7558/2091 1742/7559/2091 1741/7560/2091
f 1758/7561/2092 1759/7562/2092 1743/7563/2092 1742/7564/2092
f 1759/7565/2093 1760/7566/2093 1744/7567/2093 1743/7568/2093
f 1760/7569/2094 1761/7570/2094 1745/7571/2094 1744/7572/2094
f 1761/7573/2095 1762/7574/2095 1746/7575/2095 1745/7576/2095
f 1762/7577/2096 1763/7578/2096 1747/7579/2096 1746/7580/2096
f 1763/7581/2097 1764/7582/2097 1748/7583/2097 1747/7584/2097
f 1764/7585/2098 1765/7586/2098 1749/7587/2098 1748/7588/2098
f 1765/7589/2099 1766/7590/2099 1750/7591/2099 1749/7592/2099
f 1766/7593/2100 1767/7594/2100 1751/7595/2100 1750/7596/2100
f 1767/7597/2101 1768/7598/2101 1752/7599/2101 1751/7600/2101
f 1768/7601/2102 1753/7602/2102 1737/7603/2102 1752/7604/2102
usemtl chair_instruments
f 1769/7605/2103 1770/7606/2103 1754/7607/2103 1753/7608/2103
f 1770/7609/2104 1771/7610/2104 1755/7611/2104 1754/7612/2104
f 1771/7613/2105 1772/7614/2105 1756/7615/2105 1755/7616/2105
f 1772/7617/2106 1773/7618/2106 1757/7619/2106 1756/7620/2106
f 1773/7621/2107 1774/7622/2107 1758/7623/2107 1757/7624/2107
f 1774/7625/2108 1775/7626/2108 1759/7627/2108 1758/7628/2108
f 1775/7629/2109 1776/7630/2109 1760/7631/2109 1759/7632/2109
f 1776/7633/2110 1777/7634/2110 1761/7635/2110 1760/7636/2110
f 1777/7637/2111 1778/7638/2111 1762/7639/2111 1761/7640/2111
f 1778/7641/2112 1779/7642/2112 1763/7643/2112 1762/7644/2112
f 1779/7645/2113 1780/7646/2113 1764/7647/2113 1763/7648/2113
f 1780/7649/2114 1781/7650/2114 1765/7651/2114 1764/7652/2114
f 1781/7653/2115 1782/7654/2115 1766/7655/2115 1765/7656/2115
f 1782/7657/2116 1783/7658/2116 1767/7659/2116 1766/7660/2116
f 1783/7661/2117 1784/7662/2117 1768/7663/2117 1767/7664/2117
f 1784/7665/2118 1769/7666/2118 1753/7667/2118 1768/7668/2118
usemtl chair_control
f 1785/7669/2119 1721/7670/2119 1722/7671/2119
f 1785/7672/2120 1722/7673/2120 1723/7674/2120
f 1785/7675/2121 1723/7676/2121 1724/7677/2121
f 1785/7678/2122 1724/7679/2122 1725/7680/2122
f 1785/7681/2123 1725/7682/2123 1726/7683/2123
f 1785/7684/2124 1726/7685/2124 1727/7686/2124
f 1785/7687/2125 1727/7688/2125 1728/7689/2125
f 1785/7690/2126 1728/7691/2126 1729/7692/2126
f 1785/7693/2127 1729/7694/2127 1730/7695/2127
f 1785/7696/2128 1730/7697/2128 1731/7698/2128
f 1785/7699/2129 1731/7700/2129 1732/7701/2129
f 1785/7702/2130 1732/7703/2130 1733/7704/2130
f 1785/7705/2131 1733/7706/2131 1734/7707/2131
f 1785/7708/2132 1734/7709/2132 1735/7710/2132
f 1785/7711/2133 1735/7712/2133 1736/7713/2133
f 1785/7714/2134 1736/7715/2134 1721/7716/2134
usemtl chair_instruments
f 1770/7717/2135 1769/7718/2135 1786/7719/2135
f 1771/7720/2136 1770/7721/2136 1786/7722/2136
f 1772/7723/2137 1771/7724/2137 1786/7725/2137
f 1773/7726/2138 1772/7727/2138 1786/7728/2138
f 1774/7729/2139 1773/7730/2139 1786/7731/2139
f 1775/7732/2140 1774/7733/2140 1786/7734/2140
f 1776/7735/2141 1775/7736/2141 1786/7737/2141
f 1777/7738/2142 1776/7739/2142 1786/7740/2142
f 1778/7741/2143 1777/7742/2143 1786/7743/2143
f 1779/7744/2144 1778/7745/2144 1786/7746/2144
f 1780/7747/2145 1779/7748/2145 1786/7749/2145
f 1781/7750/2146 1780/7751/2146 1786/7752/2146
f 1782/7753/2147 1781/7754/2147 1786/7755/2147
f 1783/7756/2148 1782/7757/2148 1786/7758/2148
f 1784/7759/2149 1783/7760/2149 1786/7761/2149
f 1769/7762/2150 1784/7763/2150 1786/7764/2150
o arm_right_black_touch_surface
v 0.9246875000000001 0.8260281250000001 0.8746875
v 0.9234314881604792 0.8278562500000001 0.879375
v 0.92 0.829194530382587 0.8828064881604791
v 0.9153125000000001 0.829684375 0.8840625
v 0.8496875 0.829684375 0.8840625
v 0.8450000000000001 0.829194530382587 0.8828064881604791
v 0.841568511839521 0.8278562500000001 0.879375
v 0.8403125 0.8260281250000001 0.8746875
v 0.8403125 0.750221875 0.6803125
v 0.841568511839521 0.7483937500000001 0.6756249999999999
v 0.8450000000000001 0.7470554696174132 0.6721935118395208
v 0.8496875 0.7465656250000001 0.6709375
v 0.9153125000000001 0.7465656250000001 0.6709375
v 0.92 0.7470554696174132 0.6721935118395208
v 0.9234314881604792 0.7483937500000001 0.6756249999999999
v 0.9246875000000001 0.750221875 0.6803125
v 0.9403125000000001 0.832403125 0.8871875
v 0.9386378175473056 0.834840625 0.8934375
v 0.9340625 0.8366249988434492 0.8980128175473054
v 0.9278125 0.837278125 0.8996875
v 0.8371875000000001 0.837278125 0.8996875
v 0.8309375000000001 0.8366249988434492 0.8980128175473054
v 0.8263621824526945 0.834840625 0.8934375
v 0.8246875 0.832403125 0.8871875
v 0.8246875 0.746846875 0.6678124999999999
v 0.8263621824526945 0.744409375 0.6615624999999999
v 0.8309375000000001 0.7426250011565508 0.6569871824526945
v 0.8371875000000001 0.7419718750000001 0.6553125
v 0.9278125 0.7419718750000001 0.6553125
v 0.9340625 0.7426250011565508 0.6569871824526945
v 0.9386378175473056 0.744409375 0.6615624999999999
v 0.9403125000000001 0.746846875 0.6678124999999999
v 0.9403125000000001 0.834403125 0.8871875
v 0.9386378175473056 0.836840625 0.8934375
v 0.9340625 0.8386249988434492 0.8980128175473054
v 0.9278125 0.839278125 0.8996875
v 0.8371875000000001 0.839278125 0.8996875
v 0.8309375000000001 0.8386249988434492 0.8980128175473054
v 0.8263621824526945 0.836840625 0.8934375
v 0.8246875 0.834403125 0.8871875
v 0.8246875 0.748846875 0.6678124999999999
v 0.8263621824526945 0.746409375 0.6615624999999999
v 0.8309375000000001 0.7446250011565508 0.6569871824526945
v 0.8371875000000001 0.7439718750000001 0.6553125
v 0.9278125 0.7439718750000001 0.6553125
v 0.9340625 0.7446250011565508 0.6569871824526945
v 0.9386378175473056 0.746409375 0.6615624999999999
v 0.9403125000000001 0.748846875 0.6678124999999999
v 0.92 0.8291999999999999 0.87
v 0.9187439881604792 0.831028125 0.8746875
v 0.9153125000000001 0.8323664053825868 0.8781189881604791
v 0.910625 0.83285625 0.879375
v 0.8543750000000001 0.83285625 0.879375
v 0.8496875 0.8323664053825868 0.8781189881604791
v 0.8462560118395209 0.831028125 0.8746875
v 0.8450000000000001 0.8291999999999999 0.87
v 0.8450000000000001 0.75705 0.6849999999999999
v 0.8462560118395209 0.7552218749999999 0.6803125
v 0.8496875 0.7538835946174132 0.6768810118395209
v 0.8543750000000001 0.75339375 0.6756249999999999
v 0.910625 0.75339375 0.6756249999999999
v 0.9153125000000001 0.7538835946174132 0.6768810118395209
v 0.9187439881604792 0.7552218749999999 0.6803125
v 0.92 0.75705 0.6849999999999999
v 0.8825000000000001 0.7881250000000001 0.7774999999999999
v 0.8825000000000001 0.7931250000000001 0.7775000000000001
vt 0.47015625000000005 0.55640625
vt 0.4693189087736528 0.55328125
vt 0.4617157440802396 0.5603125
vt 0.46234375000000005 0.5626562500000001
vt 0.4693189087736528 0.55328125
vt 0.46703125 0.5509935912263473
vt 0.46 0.5585967559197604
vt 0.4617157440802396 0.5603125
vt 0.46703125 0.5509935912263473
vt 0.46390625 0.55015625
vt 0.45765625000000004 0.55796875
vt 0.46 0.5585967559197604
vt 0.46390625 0.55015625
vt 0.41859375000000004 0.55015625
vt 0.42484375 0.55796875
vt 0.45765625000000004 0.55796875
vt 0.41859375000000004 0.55015625
vt 0.41546875000000005 0.5509935912263473
vt 0.42250000000000004 0.5585967559197604
vt 0.42484375 0.55796875
vt 0.41546875000000005 0.5509935912263473
vt 0.4131810912263473 0.55328125
vt 0.4207842559197605 0.5603125
vt 0.42250000000000004 0.5585967559197604
vt 0.4131810912263473 0.55328125
vt 0.41234375 0.55640625
vt 0.42015625 0.5626562500000001
vt 0.4207842559197605 0.5603125
vt 0.41234375 0.55640625
vt 0.41234375 0.66609375
vt 0.42015625 0.6598437500000001
vt 0.42015625 0.5626562500000001
vt 0.41234375 0.66609375
vt 0.4131810912263473 0.66921875
vt 0.4207842559197605 0.6621875
vt 0.42015625 0.6598437500000001
vt 0.4131810912263473 0.66921875
vt 0.41546875000000005 0.6715064087736528
vt 0.42250000000000004 0.6639032440802396
vt 0.4207842559197605 0.6621875
vt 0.41546875000000005 0.6715064087736528
vt 0.41859375000000004 0.67234375
vt 0.42484375 0.66453125
vt 0.42250000000000004 0.6639032440802396
vt 0.41859375000000004 0.67234375
vt 0.46390625 0.67234375
vt 0.45765625000000004 0.66453125
vt 0.42484375 0.66453125
vt 0.46390625 0.67234375
vt 0.46703125 0.6715064087736528
vt 0.46 0.6639032440802396
vt 0.45765625000000004 0.66453125
vt 0.46703125 0.6715064087736528
vt 0.4693189087736528 0.66921875
vt 0.4617157440802396 0.6621875
vt 0.46 0.6639032440802396
vt 0.4693189087736528 0.66921875
vt 0.47015625000000005 0.66609375
vt 0.46234375000000005 0.6598437500000001
vt 0.4617157440802396 0.6621875
vt 0.47015625000000005 0.66609375
vt 0.47015625000000005 0.55640625
vt 0.46234375000000005 0.5626562500000001
vt 0.46234375000000005 0.6598437500000001
vt 0.44359375 0.41720156250000007
vt 0.44671875 0.4184203125
vt 0.44671875 0.4174203125
vt 0.44359375 0.41620156249999996
vt 0.4693189087736528 0.4184203125
vt 0.46703125 0.41931249942172455
vt 0.46703125 0.41831249942172466
vt 0.4693189087736528 0.4174203125
vt 0.46703125 0.41931249942172455
vt 0.46390625 0.41963906249999994
vt 0.46390625 0.41863906250000005
vt 0.46703125 0.41831249942172466
vt 0.46390625 0.41963906249999994
vt 0.41859375000000004 0.41963906249999994
vt 0.41859375000000004 0.41863906250000005
vt 0.46390625 0.41863906250000005
vt 0.41859375000000004 0.41963906249999994
vt 0.41546875000000005 0.41931249942172455
vt 0.41546875000000005 0.41831249942172466
vt 0.41859375000000004 0.41863906250000005
vt 0.41546875000000005 0.41931249942172455
vt 0.4131810912263473 0.4184203125
vt 0.4131810912263473 0.4174203125
vt 0.41546875000000005 0.41831249942172466
vt 0.44671875 0.4184203125
vt 0.44359375 0.41720156250000007
vt 0.44359375 0.41620156249999996
vt 0.44671875 0.4174203125
vt 0.44359375 0.41720156250000007
vt 0.33390624999999996 0.37442343749999996
vt 0.33390624999999996 0.37342343750000007
vt 0.44359375 0.41620156249999996
vt 0.33390624999999996 0.37442343749999996
vt 0.33078124999999997 0.3732046875
vt 0.33078124999999997 0.3722046875
vt 0.33390624999999996 0.37342343750000007
vt 0.4131810912263473 0.3732046875
vt 0.41546875000000005 0.3723125005782755
vt 0.41546875000000005 0.37131250057827536
vt 0.4131810912263473 0.3722046875
vt 0.41546875000000005 0.3723125005782755
vt 0.41859375000000004 0.3719859375000001
vt 0.41859375000000004 0.3709859375
vt 0.41546875000000005 0.37131250057827536
vt 0.41859375000000004 0.3719859375000001
vt 0.46390625 0.3719859375000001
vt 0.46390625 0.3709859375
vt 0.41859375000000004 0.3709859375
vt 0.46390625 0.3719859375000001
vt 0.46703125 0.3723125005782755
vt 0.46703125 0.37131250057827536
vt 0.46390625 0.3709859375
vt 0.46703125 0.3723125005782755
vt 0.4693189087736528 0.3732046875
vt 0.4693189087736528 0.3722046875
vt 0.46703125 0.37131250057827536
vt 0.33078124999999997 0.3732046875
vt 0.33390624999999996 0.37442343749999996
vt 0.33390624999999996 0.37342343750000007
vt 0.33078124999999997 0.3722046875
vt 0.33390624999999996 0.37442343749999996
vt 0.44359375 0.41720156250000007
vt 0.44359375 0.41620156249999996
vt 0.33390624999999996 0.37342343750000007
vt 0.881756756756757 0.8312020460358057
vt 0.8773437421854676 0.8479859335038362
vt 0.9472409805716143 0.9151214833759591
vt 0.9531250000000006 0.8927429667519183
vt 0.8773437421854676 0.8479859335038362
vt 0.8652871621621626 0.8602725918789533
vt 0.9311655405405408 0.9315036945427817
vt 0.9472409805716143 0.9151214833759591
vt 0.8652871621621626 0.8602725918789533
vt 0.8488175675675678 0.8647698209718672
vt 0.9092060810810814 0.9375
vt 0.9311655405405408 0.9315036945427817
vt 0.8488175675675678 0.8647698209718672
vt 0.651182432432433 0.8647698209718672
vt 0.5907939189189194 0.9375
vt 0.9092060810810814 0.9375
vt 0.651182432432433 0.8647698209718672
vt 0.6347128378378382 0.8602725918789533
vt 0.56883445945946 0.9315036945427817
vt 0.5907939189189194 0.9375
vt 0.6347128378378382 0.8602725918789533
vt 0.6226562578145332 0.8479859335038362
vt 0.5527590194283865 0.9151214833759591
vt 0.56883445945946 0.9315036945427817
vt 0.6226562578145332 0.8479859335038362
vt 0.6182432432432438 0.8312020460358057
vt 0.5468750000000002 0.8927429667519183
vt 0.5527590194283865 0.9151214833759591
vt 0.6182432432432438 0.8312020460358057
vt 0.6182432432432438 0.16879795396419428
vt 0.5468750000000002 0.10725703324808167
vt 0.5468750000000002 0.8927429667519183
vt 0.6182432432432438 0.16879795396419428
vt 0.6226562578145332 0.15201406649616378
vt 0.5527590194283865 0.08487851662404078
vt 0.5468750000000002 0.10725703324808167
vt 0.6226562578145332 0.15201406649616378
vt 0.6347128378378382 0.13972740812104678
vt 0.56883445945946 0.0684963054572183
vt 0.5527590194283865 0.08487851662404078
vt 0.6347128378378382 0.13972740812104678
vt 0.651182432432433 0.13523017902813284
vt 0.5907939189189194 0.0625
vt 0.56883445945946 0.0684963054572183
vt 0.651182432432433 0.13523017902813284
vt 0.8488175675675678 0.13523017902813284
vt 0.9092060810810814 0.0625
vt 0.5907939189189194 0.0625
vt 0.8488175675675678 0.13523017902813284
vt 0.8652871621621626 0.13972740812104678
vt 0.9311655405405408 0.0684963054572183
vt 0.9092060810810814 0.0625
vt 0.8652871621621626 0.13972740812104678
vt 0.8773437421854676 0.15201406649616378
vt 0.9472409805716143 0.08487851662404078
vt 0.9311655405405408 0.0684963054572183
vt 0.8773437421854676 0.15201406649616378
vt 0.881756756756757 0.16879795396419428
vt 0.9531250000000006 0.10725703324808167
vt 0.9472409805716143 0.08487851662404078
vt 0.881756756756757 0.16879795396419428
vt 0.881756756756757 0.8312020460358057
vt 0.9531250000000006 0.8927429667519183
vt 0.9531250000000006 0.10725703324808167
vt 0.44125000000000003 0.6112500000000001
vt 0.46234375000000005 0.5626562500000001
vt 0.4617157440802396 0.5603125
vt 0.44125000000000003 0.6112500000000001
vt 0.4617157440802396 0.5603125
vt 0.46 0.5585967559197604
vt 0.44125000000000003 0.6112500000000001
vt 0.46 0.5585967559197604
vt 0.45765625000000004 0.55796875
vt 0.44125000000000003 0.6112500000000001
vt 0.45765625000000004 0.55796875
vt 0.42484375 0.55796875
vt 0.44125000000000003 0.6112500000000001
vt 0.42484375 0.55796875
vt 0.42250000000000004 0.5585967559197604
vt 0.44125000000000003 0.6112500000000001
vt 0.42250000000000004 0.5585967559197604
vt 0.4207842559197605 0.5603125
vt 0.44125000000000003 0.6112500000000001
vt 0.4207842559197605 0.5603125
vt 0.42015625 0.5626562500000001
vt 0.44125000000000003 0.6112500000000001
vt 0.42015625 0.5626562500000001
vt 0.42015625 0.6598437500000001
vt 0.44125000000000003 0.6112500000000001
vt 0.42015625 0.6598437500000001
vt 0.4207842559197605 0.6621875
vt 0.44125000000000003 0.6112500000000001
vt 0.4207842559197605 0.6621875
vt 0.42250000000000004 0.6639032440802396
vt 0.44125000000000003 0.6112500000000001
vt 0.42250000000000004 0.6639032440802396
vt 0.42484375 0.66453125
vt 0.44125000000000003 0.6112500000000001
vt 0.42484375 0.66453125
vt 0.45765625000000004 0.66453125
vt 0.44125000000000003 0.6112500000000001
vt 0.45765625000000004 0.66453125
vt 0.46 0.6639032440802396
vt 0.44125000000000003 0.6112500000000001
vt 0.46 0.6639032440802396
vt 0.4617157440802396 0.6621875
vt 0.44125000000000003 0.6112500000000001
vt 0.4617157440802396 0.6621875
vt 0.46234375000000005 0.6598437500000001
vt 0.44125000000000003 0.6112500000000001
vt 0.46234375000000005 0.6598437500000001
vt 0.46234375000000005 0.5626562500000001
vt 0.8773437421854676 0.8479859335038362
vt 0.881756756756757 0.8312020460358057
vt 0.7500000000000004 0.5000000000000004
vt 0.8652871621621626 0.8602725918789533
vt 0.8773437421854676 0.8479859335038362
vt 0.7500000000000004 0.5000000000000004
vt 0.8488175675675678 0.8647698209718672
vt 0.8652871621621626 0.8602725918789533
vt 0.7500000000000004 0.5000000000000004
vt 0.651182432432433 0.8647698209718672
vt 0.8488175675675678 0.8647698209718672
vt 0.7500000000000004 0.5000000000000004
vt 0.6347128378378382 0.8602725918789533
vt 0.651182432432433 0.8647698209718672
vt 0.7500000000000004 0.5000000000000004
vt 0.6226562578145332 0.8479859335038362
vt 0.6347128378378382 0.8602725918789533
vt 0.7500000000000004 0.5000000000000004
vt 0.6182432432432438 0.8312020460358057
vt 0.6226562578145332 0.8479859335038362
vt 0.7500000000000004 0.5000000000000004
vt 0.6182432432432438 0.16879795396419428
vt 0.6182432432432438 0.8312020460358057
vt 0.7500000000000004 0.5000000000000004
vt 0.6226562578145332 0.15201406649616378
vt 0.6182432432432438 0.16879795396419428
vt 0.7500000000000004 0.5000000000000004
vt 0.6347128378378382 0.13972740812104678
vt 0.6226562578145332 0.15201406649616378
vt 0.7500000000000004 0.5000000000000004
vt 0.651182432432433 0.13523017902813284
vt 0.6347128378378382 0.13972740812104678
vt 0.7500000000000004 0.5000000000000004
vt 0.8488175675675678 0.13523017902813284
vt 0.651182432432433 0.13523017902813284
vt 0.7500000000000004 0.5000000000000004
vt 0.8652871621621626 0.13972740812104678
vt 0.8488175675675678 0.13523017902813284
vt 0.7500000000000004 0.5000000000000004
vt 0.8773437421854676 0.15201406649616378
vt 0.8652871621621626 0.13972740812104678
vt 0.7500000000000004 0.5000000000000004
vt 0.881756756756757 0.16879795396419428
vt 0.8773437421854676 0.15201406649616378
vt 0.7500000000000004 0.5000000000000004
vt 0.881756756756757 0.8312020460358057
vt 0.881756756756757 0.16879795396419428
vt 0.7500000000000004 0.5000000000000004
vn 0.07291986304940082 -0.9224053935669111 0.37927692190736906
vn 0.04683596597209365 -0.9138892648031166 0.4032527792453264
vn 0.019174083772958535 -0.9051866859123183 0.42458146233501726
vn 0 -0.8994071443113788 0.4371118721353275
vn -0.019174083772958872 -0.905186685912318 0.4245814623350183
vn -0.046835965972092324 -0.9138892648031173 0.4032527792453253
vn -0.07291986304939808 -0.9224053935669116 0.37927692190736856
vn -0.08908324494596113 -0.927950468187092 0.36190068259296576
vn -0.07396708448818491 -0.9356523013777566 0.3450849769822295
vn -0.048482579527569576 -0.9460188989503573 0.3204647910630853
vn -0.020223029330626977 -0.9547062125980401 0.2968620499683291
vn 0 -0.9593960499611465 0.2820624386885809
vn 0.02022302933062672 -0.9547062125980398 0.29686204996832993
vn 0.04848257952757071 -0.9460188989503574 0.3204647910630842
vn 0.07396708448818799 -0.9356523013777566 0.3450849769822287
vn 0.08908324494595461 -0.9279504681870926 0.361900682592966
vn 0.9659258262890675 0 0.2588190451025237
vn 0.707106781186539 0 0.7071067811865561
vn 0.2588190451025237 0 0.9659258262890675
vn 0 0 1
vn -0.25881904510252374 0 0.9659258262890675
vn -0.707106781186539 0 0.7071067811865561
vn -0.9659258262890675 0 0.25881904510252374
vn -1 0 0
vn -0.9659258262890675 0 -0.25881904510252374
vn -0.707106781186539 0 -0.7071067811865561
vn -0.25881904510252374 0 -0.9659258262890675
vn 0 0 -1
vn 0.2588190451025237 0 -0.9659258262890675
vn 0.707106781186539 0 -0.7071067811865561
vn 0.9659258262890675 0 -0.2588190451025237
vn 1 0 0
vn 0.056296402036386604 0.9351912047494864 -0.3496399943898897
vn 0.03659875670552679 0.9428774065993137 -0.33112343186818116
vn 0.015316554813102729 0.9495731175169643 -0.3131713550722211
vn 0 0.9534828490479978 -0.3014472699682533
vn -0.015316554813101466 0.9495731175169628 -0.3131713550722253
vn -0.03659875670553163 0.9428774065993152 -0.3311234318681769
vn -0.05629640203638175 0.935191204749486 -0.34963999438989096
vn -0.06863685737470582 0.9294574436158229 -0.36248840301017055
vn -0.05568698869395614 0.9250676803810821 -0.37569767899810536
vn -0.035651720827968074 0.9184793446814989 -0.39385866525372887
vn -0.014706557415143465 0.911755400809858 -0.410470225793602
vn 0 0.9071612125131455 -0.420783239342633
vn 0.014706557415144575 0.9117554008098563 -0.4104702257936055
vn 0.035651720827963314 0.918479344681501 -0.393858665253725
vn 0.055686988693960604 0.9250676803810814 -0.3756976789981063
vn 0.06863685737470283 0.9294574436158232 -0.3624884030101706
vn 1.894991840036607e-14 -0.9316545551067823 0.3633452764916364
vn -4.947046385193778e-15 -0.931654555106779 0.3633452764916448
vn 8.9666514522664e-15 -0.9316545551067806 0.36334527649164094
vn 0 -0.9316545551067795 0.3633452764916432
vn -8.9666514522664e-15 -0.9316545551067806 0.36334527649164094
vn 4.947046385193778e-15 -0.931654555106779 0.3633452764916448
vn -1.894991840036607e-14 -0.9316545551067823 0.3633452764916364
vn 9.854417892832697e-16 -0.9316545551067791 0.3633452764916443
vn 2.0213246293723853e-14 -0.931654555106782 0.3633452764916372
vn -4.9470463851937904e-15 -0.9316545551067787 0.36334527649164566
vn 7.472209543555352e-15 -0.9316545551067801 0.3633452764916419
vn 0 -0.9316545551067793 0.3633452764916439
vn -7.472209543555352e-15 -0.9316545551067801 0.3633452764916419
vn 4.9470463851937904e-15 -0.9316545551067787 0.36334527649164566
vn -2.0213246293723853e-14 -0.931654555106782 0.3633452764916372
vn -9.854417892832697e-16 -0.9316545551067791 0.3633452764916443
vn 2.7158638738486608e-14 0.931654555106776 -0.36334527649165255
vn -1.737300372542556e-14 0.9316545551067817 -0.36334527649163806
vn 4.111394199849574e-15 0.9316545551067792 -0.36334527649164416
vn 0 0.9316545551067795 -0.3633452764916432
vn -4.111394199849574e-15 0.9316545551067792 -0.36334527649164416
vn 1.7428156118204684e-14 0.9316545551067815 -0.36334527649163806
vn -2.7158638738486608e-14 0.931654555106776 -0.36334527649165255
vn -1.6307230555259403e-15 0.9316545551067794 -0.3633452764916436
vn 2.5169311697132465e-14 0.9316545551067758 -0.36334527649165294
vn -1.8365746795449838e-14 0.9316545551067812 -0.3633452764916389
vn 3.803655113034477e-15 0.9316545551067787 -0.3633452764916452
vn 0 0.9316545551067792 -0.3633452764916442
vn -3.803655113034477e-15 0.9316545551067787 -0.3633452764916452
vn 1.8365746795449838e-14 0.9316545551067812 -0.3633452764916389
vn -2.5169311697132465e-14 0.9316545551067758 -0.363345276491653
vn 1.6307230555259403e-15 0.9316545551067794 -0.3633452764916436
usemtl chair_control
f 1803/7765/2151 1804/7766/2151 1788/7767/2151 1787/7768/2151
f 1804/7769/2152 1805/7770/2152 1789/7771/2152 1788/7772/2152
f 1805/7773/2153 1806/7774/2153 1790/7775/2153 1789/7776/2153
f 1806/7777/2154 1807/7778/2154 1791/7779/2154 1790/7780/2154
f 1807/7781/2155 1808/7782/2155 1792/7783/2155 1791/7784/2155
f 1808/7785/2156 1809/7786/2156 1793/7787/2156 1792/7788/2156
f 1809/7789/2157 1810/7790/2157 1794/7791/2157 1793/7792/2157
f 1810/7793/2158 1811/7794/2158 1795/7795/2158 1794/7796/2158
f 1811/7797/2159 1812/7798/2159 1796/7799/2159 1795/7800/2159
f 1812/7801/2160 1813/7802/2160 1797/7803/2160 1796/7804/2160
f 1813/7805/2161 1814/7806/2161 1798/7807/2161 1797/7808/2161
f 1814/7809/2162 1815/7810/2162 1799/7811/2162 1798/7812/2162
f 1815/7813/2163 1816/7814/2163 1800/7815/2163 1799/7816/2163
f 1816/7817/2164 1817/7818/2164 1801/7819/2164 1800/7820/2164
f 1817/7821/2165 1818/7822/2165 1802/7823/2165 1801/7824/2165
f 1818/7825/2166 1803/7826/2166 1787/7827/2166 1802/7828/2166
f 1819/7829/2167 1820/7830/2167 1804/7831/2167 1803/7832/2167
f 1820/7833/2168 1821/7834/2168 1805/7835/2168 1804/7836/2168
f 1821/7837/2169 1822/7838/2169 1806/7839/2169 1805/7840/2169
f 1822/7841/2170 1823/7842/2170 1807/7843/2170 1806/7844/2170
f 1823/7845/2171 1824/7846/2171 1808/7847/2171 1807/7848/2171
f 1824/7849/2172 1825/7850/2172 1809/7851/2172 1808/7852/2172
f 1825/7853/2173 1826/7854/2173 1810/7855/2173 1809/7856/2173
f 1826/7857/2174 1827/7858/2174 1811/7859/2174 1810/7860/2174
f 1827/7861/2175 1828/7862/2175 1812/7863/2175 1811/7864/2175
f 1828/7865/2176 1829/7866/2176 1813/7867/2176 1812/7868/2176
f 1829/7869/2177 1830/7870/2177 1814/7871/2177 1813/7872/2177
f 1830/7873/2178 1831/7874/2178 1815/7875/2178 1814/7876/2178
f 1831/7877/2179 1832/7878/2179 1816/7879/2179 1815/7880/2179
f 1832/7881/2180 1833/7882/2180 1817/7883/2180 1816/7884/2180
f 1833/7885/2181 1834/7886/2181 1818/7887/2181 1817/7888/2181
f 1834/7889/2182 1819/7890/2182 1803/7891/2182 1818/7892/2182
usemtl chair_instruments
f 1835/7893/2183 1836/7894/2183 1820/7895/2183 1819/7896/2183
f 1836/7897/2184 1837/7898/2184 1821/7899/2184 1820/7900/2184
f 1837/7901/2185 1838/7902/2185 1822/7903/2185 1821/7904/2185
f 1838/7905/2186 1839/7906/2186 1823/7907/2186 1822/7908/2186
f 1839/7909/2187 1840/7910/2187 1824/7911/2187 1823/7912/2187
f 1840/7913/2188 1841/7914/2188 1825/7915/2188 1824/7916/2188
f 1841/7917/2189 1842/7918/2189 1826/7919/2189 1825/7920/2189
f 1842/7921/2190 1843/7922/2190 1827/7923/2190 1826/7924/2190
f 1843/7925/2191 1844/7926/2191 1828/7927/2191 1827/7928/2191
f 1844/7929/2192 1845/7930/2192 1829/7931/2192 1828/7932/2192
f 1845/7933/2193 1846/7934/2193 1830/7935/2193 1829/7936/2193
f 1846/7937/2194 1847/7938/2194 1831/7939/2194 1830/7940/2194
f 1847/7941/2195 1848/7942/2195 1832/7943/2195 1831/7944/2195
f 1848/7945/2196 1849/7946/2196 1833/7947/2196 1832/7948/2196
f 1849/7949/2197 1850/7950/2197 1834/7951/2197 1833/7952/2197
f 1850/7953/2198 1835/7954/2198 1819/7955/2198 1834/7956/2198
usemtl chair_control
f 1851/7957/2199 1787/7958/2199 1788/7959/2199
f 1851/7960/2200 1788/7961/2200 1789/7962/2200
f 1851/7963/2201 1789/7964/2201 1790/7965/2201
f 1851/7966/2202 1790/7967/2202 1791/7968/2202
f 1851/7969/2203 1791/7970/2203 1792/7971/2203
f 1851/7972/2204 1792/7973/2204 1793/7974/2204
f 1851/7975/2205 1793/7976/2205 1794/7977/2205
f 1851/7978/2206 1794/7979/2206 1795/7980/2206
f 1851/7981/2207 1795/7982/2207 1796/7983/2207
f 1851/7984/2208 1796/7985/2208 1797/7986/2208
f 1851/7987/2209 1797/7988/2209 1798/7989/2209
f 1851/7990/2210 1798/7991/2210 1799/7992/2210
f 1851/7993/2211 1799/7994/2211 1800/7995/2211
f 1851/7996/2212 1800/7997/2212 1801/7998/2212
f 1851/7999/2213 1801/8000/2213 1802/8001/2213
f 1851/8002/2214 1802/8003/2214 1787/8004/2214
usemtl chair_instruments
f 1836/8005/2215 1835/8006/2215 1852/8007/2215
f 1837/8008/2216 1836/8009/2216 1852/8010/2216
f 1838/8011/2217 1837/8012/2217 1852/8013/2217
f 1839/8014/2218 1838/8015/2218 1852/8016/2218
f 1840/8017/2219 1839/8018/2219 1852/8019/2219
f 1841/8020/2220 1840/8021/2220 1852/8022/2220
f 1842/8023/2221 1841/8024/2221 1852/8025/2221
f 1843/8026/2222 1842/8027/2222 1852/8028/2222
f 1844/8029/2223 1843/8030/2223 1852/8031/2223
f 1845/8032/2224 1844/8033/2224 1852/8034/2224
f 1846/8035/2225 1845/8036/2225 1852/8037/2225
f 1847/8038/2226 1846/8039/2226 1852/8040/2226
f 1848/8041/2227 1847/8042/2227 1852/8043/2227
f 1849/8044/2228 1848/8045/2228 1852/8046/2228
f 1850/8047/2229 1849/8048/2229 1852/8049/2229
f 1835/8050/2230 1850/8051/2230 1852/8052/2230
