# Made in Blockbench 5.2.1
mtllib nova_terminal.mtl

o rear_wall_mount
v 0.178125 0.134375 0.896875
v 0.8218749999999999 0.134375 0.896875
v 0.8531249999999999 0.165625 0.896875
v 0.8531249999999999 0.834375 0.896875
v 0.8218749999999999 0.865625 0.896875
v 0.178125 0.865625 0.896875
v 0.146875 0.834375 0.896875
v 0.146875 0.165625 0.896875
v 0.178125 0.125 0.90625
v 0.821875 0.125 0.90625
v 0.8625 0.165625 0.90625
v 0.8625 0.834375 0.90625
v 0.821875 0.875 0.90625
v 0.178125 0.875 0.90625
v 0.1375 0.834375 0.90625
v 0.1375 0.165625 0.90625
v 0.178125 0.125 0.990625
v 0.821875 0.125 0.990625
v 0.8625 0.165625 0.990625
v 0.8625 0.834375 0.990625
v 0.821875 0.875 0.990625
v 0.178125 0.875 0.990625
v 0.1375 0.834375 0.990625
v 0.1375 0.165625 0.990625
v 0.178125 0.134375 1
v 0.8218749999999999 0.134375 1
v 0.8531249999999999 0.165625 1
v 0.8531249999999999 0.834375 1
v 0.8218749999999999 0.865625 1
v 0.178125 0.865625 1
v 0.146875 0.834375 1
v 0.146875 0.165625 1
v 0.5 0.5 0.896875
v 0.5 0.5 1
vt 0.178125 0.10312500000000002
vt 0.8218749999999999 0.10312500000000002
vt 0.821875 0.09375
vt 0.178125 0.09375
vt 0.8218749999999999 0.13437500000000002
vt 0.8531249999999999 0.16562500000000002
vt 0.8625 0.16562500000000002
vt 0.821875 0.125
vt 0.8531249999999999 0.16562500000000002
vt 0.8531249999999999 0.834375
vt 0.8625 0.834375
vt 0.8625 0.16562500000000002
vt 0.8531249999999999 0.834375
vt 0.8218749999999999 0.865625
vt 0.821875 0.875
vt 0.8625 0.834375
vt 0.8218749999999999 0.10312500000000002
vt 0.178125 0.10312500000000002
vt 0.178125 0.09375
vt 0.821875 0.09375
vt 0.896875 0.865625
vt 0.896875 0.834375
vt 0.90625 0.834375
vt 0.90625 0.875
vt 0.896875 0.834375
vt 0.896875 0.16562500000000002
vt 0.90625 0.16562500000000002
vt 0.90625 0.834375
vt 0.896875 0.16562500000000002
vt 0.896875 0.13437500000000002
vt 0.90625 0.125
vt 0.90625 0.16562500000000002
vt 0.178125 0.09375
vt 0.821875 0.09375
vt 0.821875 0.009375000000000022
vt 0.178125 0.009375000000000022
vt 0.821875 0.09375
vt 0.8625 0.09375
vt 0.8625 0.009375000000000022
vt 0.821875 0.009375000000000022
vt 0.90625 0.16562500000000002
vt 0.90625 0.834375
vt 0.990625 0.834375
vt 0.990625 0.16562500000000002
vt 0.90625 0.834375
vt 0.90625 0.875
vt 0.990625 0.875
vt 0.990625 0.834375
vt 0.821875 0.09375
vt 0.178125 0.09375
vt 0.178125 0.009375000000000022
vt 0.821875 0.009375000000000022
vt 0.90625 0.875
vt 0.90625 0.834375
vt 0.990625 0.834375
vt 0.990625 0.875
vt 0.90625 0.834375
vt 0.90625 0.16562500000000002
vt 0.990625 0.16562500000000002
vt 0.990625 0.834375
vt 0.90625 0.16562500000000002
vt 0.90625 0.125
vt 0.990625 0.125
vt 0.990625 0.16562500000000002
vt 0.178125 0.009375000000000022
vt 0.821875 0.009375000000000022
vt 0.8218749999999999 0
vt 0.178125 0
vt 0.821875 0.125
vt 0.8625 0.16562500000000002
vt 0.8531249999999999 0.16562500000000002
vt 0.8218749999999999 0.13437500000000002
vt 0.8625 0.16562500000000002
vt 0.8625 0.834375
vt 0.8531249999999999 0.834375
vt 0.8531249999999999 0.16562500000000002
vt 0.8625 0.834375
vt 0.821875 0.875
vt 0.8218749999999999 0.865625
vt 0.8531249999999999 0.834375
vt 0.821875 0.009375000000000022
vt 0.178125 0.009375000000000022
vt 0.178125 0
vt 0.8218749999999999 0
vt 0.990625 0.875
vt 0.990625 0.834375
vt 1 0.834375
vt 1 0.865625
vt 0.990625 0.834375
vt 0.990625 0.16562500000000002
vt 1 0.16562500000000002
vt 1 0.834375
vt 0.990625 0.16562500000000002
vt 0.990625 0.125
vt 1 0.13437500000000002
vt 1 0.16562500000000002
vt 0.5 0.5
vt 0.8218749999999999 0.13437500000000002
vt 0.178125 0.13437500000000002
vt 0.5 0.5
vt 0.178125 0.13437500000000002
vt 0.8218749999999999 0.13437500000000002
vt 0.5 0.5
vt 0.8531249999999999 0.16562500000000002
vt 0.8218749999999999 0.13437500000000002
vt 0.5 0.5
vt 0.8218749999999999 0.13437500000000002
vt 0.8531249999999999 0.16562500000000002
vt 0.5 0.5
vt 0.8531249999999999 0.834375
vt 0.8531249999999999 0.16562500000000002
vt 0.5 0.5
vt 0.8531249999999999 0.16562500000000002
vt 0.8531249999999999 0.834375
vt 0.5 0.5
vt 0.8218749999999999 0.865625
vt 0.8531249999999999 0.834375
vt 0.5 0.5
vt 0.8531249999999999 0.834375
vt 0.8218749999999999 0.865625
vt 0.5 0.5
vt 0.178125 0.865625
vt 0.8218749999999999 0.865625
vt 0.5 0.5
vt 0.8218749999999999 0.865625
vt 0.178125 0.865625
vt 0.5 0.5
vt 0.146875 0.834375
vt 0.178125 0.865625
vt 0.5 0.5
vt 0.178125 0.865625
vt 0.146875 0.834375
vt 0.5 0.5
vt 0.146875 0.16562500000000002
vt 0.146875 0.834375
vt 0.5 0.5
vt 0.146875 0.834375
vt 0.146875 0.16562500000000002
vt 0.5 0.5
vt 0.178125 0.13437500000000002
vt 0.146875 0.16562500000000002
vt 0.5 0.5
vt 0.146875 0.16562500000000002
vt 0.178125 0.13437500000000002
vn 0 -0.7071067811865486 -0.7071067811865465
vn 0.5773502691896235 -0.5773502691896235 -0.5773502691896303
vn 0.7071067811865435 0 -0.7071067811865518
vn 0.5773502691896235 0.5773502691896235 -0.5773502691896303
vn 0 0.7071067811865476 -0.7071067811865476
vn -0.5773502691896264 0.5773502691896264 -0.5773502691896247
vn -0.7071067811865486 0 -0.7071067811865465
vn -0.5773502691896264 -0.5773502691896264 -0.5773502691896247
vn 0 -1 0
vn 0.7071067811865472 -0.7071067811865478 0
vn 1 0 0
vn 0.7071067811865476 0.7071067811865476 0
vn 0 1 0
vn -0.7071067811865478 0.7071067811865472 0
vn -1 0 0
vn -0.7071067811865476 -0.7071067811865476 0
vn 0 -0.7071067811865486 0.7071067811865465
vn 0.5773502691896234 -0.5773502691896238 0.5773502691896302
vn 0.7071067811865435 0 0.7071067811865518
vn 0.5773502691896235 0.5773502691896235 0.5773502691896303
vn 0 0.7071067811865476 0.7071067811865476
vn -0.5773502691896265 0.5773502691896262 0.5773502691896247
vn -0.7071067811865486 0 0.7071067811865465
vn -0.5773502691896264 -0.5773502691896264 0.5773502691896247
vn 0 0 -1
vn 0 0 1
vn 0 0 -1
vn 0 0 1
vn 0 0 -1
vn 0 0 1
vn 0 0 -1
vn 0 0 1
vn 0 0 -1
vn 0 0 1
vn 0 0 -1
vn 0 0 1
vn 0 0 -1
vn 0 0 1
vn 0 0 -1
vn 0 0 1
usemtl nova_recess
f 1/1/1 2/2/1 10/3/1 9/4/1
f 2/5/2 3/6/2 11/7/2 10/8/2
f 3/9/3 4/10/3 12/11/3 11/12/3
f 4/13/4 5/14/4 13/15/4 12/16/4
f 5/17/5 6/18/5 14/19/5 13/20/5
f 6/21/6 7/22/6 15/23/6 14/24/6
f 7/25/7 8/26/7 16/27/7 15/28/7
f 8/29/8 1/30/8 9/31/8 16/32/8
f 9/33/9 10/34/9 18/35/9 17/36/9
f 10/37/10 11/38/10 19/39/10 18/40/10
f 11/41/11 12/42/11 20/43/11 19/44/11
f 12/45/12 13/46/12 21/47/12 20/48/12
f 13/49/13 14/50/13 22/51/13 21/52/13
f 14/53/14 15/54/14 23/55/14 22/56/14
f 15/57/15 16/58/15 24/59/15 23/60/15
f 16/61/16 9/62/16 17/63/16 24/64/16
f 17/65/17 18/66/17 26/67/17 25/68/17
f 18/69/18 19/70/18 27/71/18 26/72/18
f 19/73/19 20/74/19 28/75/19 27/76/19
f 20/77/20 21/78/20 29/79/20 28/80/20
f 21/81/21 22/82/21 30/83/21 29/84/21
f 22/85/22 23/86/22 31/87/22 30/88/22
f 23/89/23 24/90/23 32/91/23 31/92/23
f 24/93/24 17/94/24 25/95/24 32/96/24
f 33/97/25 2/98/25 1/99/25
f 34/100/26 25/101/26 26/102/26
f 33/103/27 3/104/27 2/105/27
f 34/106/28 26/107/28 27/108/28
f 33/109/29 4/110/29 3/111/29
f 34/112/30 27/113/30 28/114/30
f 33/115/31 5/116/31 4/117/31
f 34/118/32 28/119/32 29/120/32
f 33/121/33 6/122/33 5/123/33
f 34/124/34 29/125/34 30/126/34
f 33/127/35 7/128/35 6/129/35
f 34/130/36 30/131/36 31/132/36
f 33/133/37 8/134/37 7/135/37
f 34/136/38 31/137/38 32/138/38
f 33/139/39 1/140/39 8/141/39
f 34/142/40 32/143/40 25/144/40
o faceted_main_housing
v 0.11875 0.08625 0.65625
v 0.88125 0.08625 0.65625
v 0.9356249999999999 0.140625 0.65625
v 0.9356249999999999 0.884375 0.65625
v 0.88125 0.93875 0.65625
v 0.11875 0.93875 0.65625
v 0.064375 0.884375 0.65625
v 0.064375 0.140625 0.65625
v 0.11875 0.0625 0.68
v 0.88125 0.0625 0.68
v 0.959375 0.140625 0.68
v 0.959375 0.884375 0.68
v 0.88125 0.9625 0.68
v 0.11875 0.9625 0.68
v 0.040625 0.884375 0.68
v 0.040625 0.140625 0.68
v 0.11875 0.0625 0.9075
v 0.88125 0.0625 0.9075
v 0.959375 0.140625 0.9075
v 0.959375 0.884375 0.9075
v 0.88125 0.9625 0.9075
v 0.11875 0.9625 0.9075
v 0.040625 0.884375 0.9075
v 0.040625 0.140625 0.9075
v 0.11875 0.08625 0.93125
v 0.88125 0.08625 0.93125
v 0.9356249999999999 0.140625 0.93125
v 0.9356249999999999 0.884375 0.93125
v 0.88125 0.93875 0.93125
v 0.11875 0.93875 0.93125
v 0.064375 0.884375 0.93125
v 0.064375 0.140625 0.93125
v 0.5 0.5125 0.65625
v 0.5 0.5125 0.93125
vt 0.11875 0.34375
vt 0.88125 0.34375
vt 0.88125 0.31999999999999995
vt 0.11875 0.31999999999999995
vt 0.65625 0.08624999999999994
vt 0.65625 0.140625
vt 0.68 0.140625
vt 0.68 0.0625
vt 0.65625 0.140625
vt 0.65625 0.884375
vt 0.68 0.884375
vt 0.68 0.140625
vt 0.65625 0.884375
vt 0.65625 0.93875
vt 0.68 0.9625
vt 0.68 0.884375
vt 0.88125 0.34375
vt 0.11875 0.34375
vt 0.11875 0.31999999999999995
vt 0.88125 0.31999999999999995
vt 0.11875 0.34375
vt 0.064375 0.34375
vt 0.040625 0.31999999999999995
vt 0.11875 0.31999999999999995
vt 0.65625 0.884375
vt 0.65625 0.140625
vt 0.68 0.140625
vt 0.68 0.884375
vt 0.65625 0.140625
vt 0.65625 0.08624999999999994
vt 0.68 0.0625
vt 0.68 0.140625
vt 0.11875 0.31999999999999995
vt 0.88125 0.31999999999999995
vt 0.88125 0.09250000000000003
vt 0.11875 0.09250000000000003
vt 0.68 0.0625
vt 0.68 0.140625
vt 0.9075 0.140625
vt 0.9075 0.0625
vt 0.68 0.140625
vt 0.68 0.884375
vt 0.9075 0.884375
vt 0.9075 0.140625
vt 0.68 0.884375
vt 0.68 0.9625
vt 0.9075 0.9625
vt 0.9075 0.884375
vt 0.88125 0.31999999999999995
vt 0.11875 0.31999999999999995
vt 0.11875 0.09250000000000003
vt 0.88125 0.09250000000000003
vt 0.68 0.9625
vt 0.68 0.884375
vt 0.9075 0.884375
vt 0.9075 0.9625
vt 0.68 0.884375
vt 0.68 0.140625
vt 0.9075 0.140625
vt 0.9075 0.884375
vt 0.68 0.140625
vt 0.68 0.0625
vt 0.9075 0.0625
vt 0.9075 0.140625
vt 0.11875 0.09250000000000003
vt 0.88125 0.09250000000000003
vt 0.88125 0.06874999999999998
vt 0.11875 0.06874999999999998
vt 0.9075 0.0625
vt 0.9075 0.140625
vt 0.93125 0.140625
vt 0.93125 0.08624999999999994
vt 0.9075 0.140625
vt 0.9075 0.884375
vt 0.93125 0.884375
vt 0.93125 0.140625
vt 0.9075 0.884375
vt 0.9075 0.9625
vt 0.93125 0.93875
vt 0.93125 0.884375
vt 0.88125 0.09250000000000003
vt 0.11875 0.09250000000000003
vt 0.11875 0.06874999999999998
vt 0.88125 0.06874999999999998
vt 0.9075 0.9625
vt 0.9075 0.884375
vt 0.93125 0.884375
vt 0.93125 0.93875
vt 0.9075 0.884375
vt 0.9075 0.140625
vt 0.93125 0.140625
vt 0.93125 0.884375
vt 0.9075 0.140625
vt 0.9075 0.0625
vt 0.93125 0.08624999999999994
vt 0.93125 0.140625
vt 0.5 0.5125
vt 0.88125 0.08624999999999994
vt 0.11875 0.08624999999999994
vt 0.5 0.5125
vt 0.11875 0.08624999999999994
vt 0.88125 0.08624999999999994
vt 0.5 0.5125
vt 0.9356249999999999 0.140625
vt 0.88125 0.08624999999999994
vt 0.5 0.5125
vt 0.88125 0.08624999999999994
vt 0.9356249999999999 0.140625
vt 0.5 0.5125
vt 0.9356249999999999 0.884375
vt 0.9356249999999999 0.140625
vt 0.5 0.5125
vt 0.9356249999999999 0.140625
vt 0.9356249999999999 0.884375
vt 0.5 0.5125
vt 0.88125 0.93875
vt 0.9356249999999999 0.884375
vt 0.5 0.5125
vt 0.9356249999999999 0.884375
vt 0.88125 0.93875
vt 0.5 0.5125
vt 0.11875 0.93875
vt 0.88125 0.93875
vt 0.5 0.5125
vt 0.88125 0.93875
vt 0.11875 0.93875
vt 0.5 0.5125
vt 0.064375 0.884375
vt 0.11875 0.93875
vt 0.5 0.5125
vt 0.11875 0.93875
vt 0.064375 0.884375
vt 0.5 0.5125
vt 0.064375 0.140625
vt 0.064375 0.884375
vt 0.5 0.5125
vt 0.064375 0.884375
vt 0.064375 0.140625
vt 0.5 0.5125
vt 0.11875 0.08624999999999994
vt 0.064375 0.140625
vt 0.5 0.5125
vt 0.064375 0.140625
vt 0.11875 0.08624999999999994
vn 0 -0.7071067811865483 -0.7071067811865467
vn 0.5773502691896261 -0.5773502691896254 -0.577350269189626
vn 0.7071067811865476 0 -0.7071067811865476
vn 0.5773502691896257 0.5773502691896257 -0.5773502691896257
vn 0 0.7071067811865476 -0.7071067811865476
vn -0.577350269189626 0.5773502691896264 -0.577350269189625
vn -0.7071067811865482 0 -0.7071067811865469
vn -0.5773502691896264 -0.5773502691896262 -0.577350269189625
vn 0 -1 0
vn 0.7071067811865476 -0.7071067811865476 0
vn 1 0 0
vn 0.7071067811865476 0.7071067811865476 0
vn 0 1 0
vn -0.7071067811865476 0.7071067811865476 0
vn -1 0 0
vn -0.7071067811865476 -0.7071067811865476 0
vn 0 -0.7071067811865483 0.7071067811865467
vn 0.5773502691896257 -0.5773502691896257 0.5773502691896257
vn 0.7071067811865476 0 0.7071067811865476
vn 0.5773502691896257 0.5773502691896257 0.5773502691896257
vn 0 0.7071067811865476 0.7071067811865476
vn -0.5773502691896262 0.5773502691896262 0.5773502691896251
vn -0.7071067811865482 0 0.7071067811865469
vn -0.5773502691896263 -0.5773502691896263 0.577350269189625
vn 0 0 -1
vn 0 0 1
vn 0 0 -1
vn 0 0 1
vn 0 0 -1
vn 0 0 1
vn 0 0 -1
vn 0 0 1
vn 0 0 -1
vn 0 0 1
vn 0 0 -1
vn 0 0 1
vn 0 0 -1
vn 0 0 1
vn 0 0 -1
vn 0 0 1
usemtl nova_graphite
f 35/145/41 36/146/41 44/147/41 43/148/41
f 36/149/42 37/150/42 45/151/42 44/152/42
f 37/153/43 38/154/43 46/155/43 45/156/43
f 38/157/44 39/158/44 47/159/44 46/160/44
f 39/161/45 40/162/45 48/163/45 47/164/45
f 40/165/46 41/166/46 49/167/46 48/168/46
f 41/169/47 42/170/47 50/171/47 49/172/47
f 42/173/48 35/174/48 43/175/48 50/176/48
f 43/177/49 44/178/49 52/179/49 51/180/49
f 44/181/50 45/182/50 53/183/50 52/184/50
f 45/185/51 46/186/51 54/187/51 53/188/51
f 46/189/52 47/190/52 55/191/52 54/192/52
f 47/193/53 48/194/53 56/195/53 55/196/53
f 48/197/54 49/198/54 57/199/54 56/200/54
f 49/201/55 50/202/55 58/203/55 57/204/55
f 50/205/56 43/206/56 51/207/56 58/208/56
f 51/209/57 52/210/57 60/211/57 59/212/57
f 52/213/58 53/214/58 61/215/58 60/216/58
f 53/217/59 54/218/59 62/219/59 61/220/59
f 54/221/60 55/222/60 63/223/60 62/224/60
f 55/225/61 56/226/61 64/227/61 63/228/61
f 56/229/62 57/230/62 65/231/62 64/232/62
f 57/233/63 58/234/63 66/235/63 65/236/63
f 58/237/64 51/238/64 59/239/64 66/240/64
f 67/241/65 36/242/65 35/243/65
f 68/244/66 59/245/66 60/246/66
f 67/247/67 37/248/67 36/249/67
f 68/250/68 60/251/68 61/252/68
f 67/253/69 38/254/69 37/255/69
f 68/256/70 61/257/70 62/258/70
f 67/259/71 39/260/71 38/261/71
f 68/262/72 62/263/72 63/264/72
f 67/265/73 40/266/73 39/267/73
f 68/268/74 63/269/74 64/270/74
f 67/271/75 41/272/75 40/273/75
f 68/274/76 64/275/76 65/276/76
f 67/277/77 42/278/77 41/279/77
f 68/280/78 65/281/78 66/282/78
f 67/283/79 35/284/79 42/285/79
f 68/286/80 66/287/80 59/288/80
o left_shoulder
v 0.065 0.263125 0.66875
v 0.075625 0.263125 0.66875
v 0.08499999999999999 0.2725 0.66875
v 0.08499999999999999 0.8462499999999998 0.66875
v 0.075625 0.8556249999999999 0.66875
v 0.065 0.8556249999999999 0.66875
v 0.055625 0.8462499999999998 0.66875
v 0.055625 0.2725 0.66875
v 0.065 0.25625 0.6756249999999999
v 0.075625 0.25625 0.6756249999999999
v 0.091875 0.27249999999999996 0.6756249999999999
v 0.091875 0.84625 0.6756249999999999
v 0.075625 0.8624999999999999 0.6756249999999999
v 0.065 0.8624999999999999 0.6756249999999999
v 0.04875 0.84625 0.6756249999999999
v 0.04875 0.27249999999999996 0.6756249999999999
v 0.065 0.25625 0.836875
v 0.075625 0.25625 0.836875
v 0.091875 0.27249999999999996 0.836875
v 0.091875 0.84625 0.836875
v 0.075625 0.8624999999999999 0.836875
v 0.065 0.8624999999999999 0.836875
v 0.04875 0.84625 0.836875
v 0.04875 0.27249999999999996 0.836875
v 0.065 0.263125 0.84375
v 0.075625 0.263125 0.84375
v 0.08499999999999999 0.2725 0.84375
v 0.08499999999999999 0.8462499999999998 0.84375
v 0.075625 0.8556249999999999 0.84375
v 0.065 0.8556249999999999 0.84375
v 0.055625 0.8462499999999998 0.84375
v 0.055625 0.2725 0.84375
v 0.0703125 0.559375 0.66875
v 0.0703125 0.559375 0.84375
vt 0.065 0.26312500000000005
vt 0.075625 0.26312500000000005
vt 0.075625 0.25625
vt 0.065 0.25625
vt 0.075625 0.26312500000000005
vt 0.08499999999999999 0.27249999999999996
vt 0.091875 0.27249999999999996
vt 0.075625 0.25625
vt 0.08499999999999999 0.27249999999999996
vt 0.08499999999999999 0.8462499999999998
vt 0.091875 0.84625
vt 0.091875 0.27249999999999996
vt 0.08499999999999999 0.8462499999999998
vt 0.075625 0.8556249999999999
vt 0.075625 0.8624999999999999
vt 0.091875 0.84625
vt 0.075625 0.8556249999999999
vt 0.065 0.8556249999999999
vt 0.065 0.8624999999999999
vt 0.075625 0.8624999999999999
vt 0.065 0.8556249999999999
vt 0.055625 0.8462499999999998
vt 0.04875 0.84625
vt 0.065 0.8624999999999999
vt 0.055625 0.8462499999999998
vt 0.055625 0.27249999999999996
vt 0.04875 0.27249999999999996
vt 0.04875 0.84625
vt 0.055625 0.27249999999999996
vt 0.065 0.26312500000000005
vt 0.065 0.25625
vt 0.04875 0.27249999999999996
vt 0.065 0.3243750000000001
vt 0.075625 0.3243750000000001
vt 0.075625 0.16312499999999996
vt 0.065 0.16312499999999996
vt 0.075625 0.3243750000000001
vt 0.091875 0.3243750000000001
vt 0.091875 0.16312499999999996
vt 0.075625 0.16312499999999996
vt 0.6756249999999999 0.27249999999999996
vt 0.6756249999999999 0.84625
vt 0.836875 0.84625
vt 0.836875 0.27249999999999996
vt 0.091875 0.3243750000000001
vt 0.075625 0.3243750000000001
vt 0.075625 0.16312499999999996
vt 0.091875 0.16312499999999996
vt 0.075625 0.3243750000000001
vt 0.065 0.3243750000000001
vt 0.065 0.16312499999999996
vt 0.075625 0.16312499999999996
vt 0.065 0.3243750000000001
vt 0.04875 0.3243750000000001
vt 0.04875 0.16312499999999996
vt 0.065 0.16312499999999996
vt 0.6756249999999999 0.84625
vt 0.6756249999999999 0.27249999999999996
vt 0.836875 0.27249999999999996
vt 0.836875 0.84625
vt 0.04875 0.3243750000000001
vt 0.065 0.3243750000000001
vt 0.065 0.16312499999999996
vt 0.04875 0.16312499999999996
vt 0.065 0.25625
vt 0.075625 0.25625
vt 0.075625 0.26312500000000005
vt 0.065 0.26312500000000005
vt 0.075625 0.25625
vt 0.091875 0.27249999999999996
vt 0.08499999999999999 0.27249999999999996
vt 0.075625 0.26312500000000005
vt 0.091875 0.27249999999999996
vt 0.091875 0.84625
vt 0.08499999999999999 0.8462499999999998
vt 0.08499999999999999 0.27249999999999996
vt 0.091875 0.84625
vt 0.075625 0.8624999999999999
vt 0.075625 0.8556249999999999
vt 0.08499999999999999 0.8462499999999998
vt 0.075625 0.8624999999999999
vt 0.065 0.8624999999999999
vt 0.065 0.8556249999999999
vt 0.075625 0.8556249999999999
vt 0.065 0.8624999999999999
vt 0.04875 0.84625
vt 0.055625 0.8462499999999998
vt 0.065 0.8556249999999999
vt 0.04875 0.84625
vt 0.04875 0.27249999999999996
vt 0.055625 0.27249999999999996
vt 0.055625 0.8462499999999998
vt 0.04875 0.27249999999999996
vt 0.065 0.25625
vt 0.065 0.26312500000000005
vt 0.055625 0.27249999999999996
vt 0.0703125 0.559375
vt 0.075625 0.26312500000000005
vt 0.065 0.26312500000000005
vt 0.0703125 0.559375
vt 0.065 0.26312500000000005
vt 0.075625 0.26312500000000005
vt 0.0703125 0.559375
vt 0.08499999999999999 0.27249999999999996
vt 0.075625 0.26312500000000005
vt 0.0703125 0.559375
vt 0.075625 0.26312500000000005
vt 0.08499999999999999 0.27249999999999996
vt 0.0703125 0.559375
vt 0.08499999999999999 0.8462499999999998
vt 0.08499999999999999 0.27249999999999996
vt 0.0703125 0.559375
vt 0.08499999999999999 0.27249999999999996
vt 0.08499999999999999 0.8462499999999998
vt 0.0703125 0.559375
vt 0.075625 0.8556249999999999
vt 0.08499999999999999 0.8462499999999998
vt 0.0703125 0.559375
vt 0.08499999999999999 0.8462499999999998
vt 0.075625 0.8556249999999999
vt 0.0703125 0.559375
vt 0.065 0.8556249999999999
vt 0.075625 0.8556249999999999
vt 0.0703125 0.559375
vt 0.075625 0.8556249999999999
vt 0.065 0.8556249999999999
vt 0.0703125 0.559375
vt 0.055625 0.8462499999999998
vt 0.065 0.8556249999999999
vt 0.0703125 0.559375
vt 0.065 0.8556249999999999
vt 0.055625 0.8462499999999998
vt 0.0703125 0.559375
vt 0.055625 0.27249999999999996
vt 0.055625 0.8462499999999998
vt 0.0703125 0.559375
vt 0.055625 0.8462499999999998
vt 0.055625 0.27249999999999996
vt 0.0703125 0.559375
vt 0.065 0.26312500000000005
vt 0.055625 0.27249999999999996
vt 0.0703125 0.559375
vt 0.055625 0.27249999999999996
vt 0.065 0.26312500000000005
vn 0 -0.7071067811865447 -0.7071067811865503
vn 0.5773502691896235 -0.5773502691896218 -0.577350269189632
vn 0.7071067811865454 0 -0.7071067811865498
vn 0.5773502691896238 0.5773502691896222 -0.5773502691896314
vn 0 0.7071067811865418 -0.7071067811865532
vn -0.5773502691896221 0.5773502691896208 -0.5773502691896344
vn -0.7071067811865458 0 -0.7071067811865493
vn -0.5773502691896251 -0.5773502691896238 -0.5773502691896284
vn 0 -1 0
vn 0.7071067811865472 -0.7071067811865478 0
vn 1 0 0
vn 0.7071067811865472 0.7071067811865478 0
vn 0 1 0
vn -0.7071067811865472 0.7071067811865478 0
vn -1 0 0
vn -0.7071067811865472 -0.7071067811865478 0
vn 0 -0.7071067811865447 0.7071067811865503
vn 0.577350269189623 -0.5773502691896234 0.577350269189631
vn 0.7071067811865454 0 0.7071067811865497
vn 0.5773502691896223 0.5773502691896227 0.5773502691896322
vn 0 0.7071067811865418 0.7071067811865532
vn -0.5773502691896215 0.577350269189622 0.5773502691896337
vn -0.7071067811865458 0 0.7071067811865493
vn -0.577350269189624 -0.5773502691896244 0.5773502691896292
vn 0 0 -1
vn 0 0 1
vn 0 0 -1
vn 0 0 1
vn 0 0 -1
vn 0 0 1
vn 0 0 -1
vn 0 0 1
vn 0 0 -1
vn 0 0 1
vn 0 0 -1
vn 0 0 1
vn 0 0 -1
vn 0 0 1
vn 0 0 -1
vn 0 0 1
usemtl nova_edge
f 69/289/81 70/290/81 78/291/81 77/292/81
f 70/293/82 71/294/82 79/295/82 78/296/82
f 71/297/83 72/298/83 80/299/83 79/300/83
f 72/301/84 73/302/84 81/303/84 80/304/84
f 73/305/85 74/306/85 82/307/85 81/308/85
f 74/309/86 75/310/86 83/311/86 82/312/86
f 75/313/87 76/314/87 84/315/87 83/316/87
f 76/317/88 69/318/88 77/319/88 84/320/88
f 77/321/89 78/322/89 86/323/89 85/324/89
f 78/325/90 79/326/90 87/327/90 86/328/90
f 79/329/91 80/330/91 88/331/91 87/332/91
f 80/333/92 81/334/92 89/335/92 88/336/92
f 81/337/93 82/338/93 90/339/93 89/340/93
f 82/341/94 83/342/94 91/343/94 90/344/94
f 83/345/95 84/346/95 92/347/95 91/348/95
f 84/349/96 77/350/96 85/351/96 92/352/96
f 85/353/97 86/354/97 94/355/97 93/356/97
f 86/357/98 87/358/98 95/359/98 94/360/98
f 87/361/99 88/362/99 96/363/99 95/364/99
f 88/365/100 89/366/100 97/367/100 96/368/100
f 89/369/101 90/370/101 98/371/101 97/372/101
f 90/373/102 91/374/102 99/375/102 98/376/102
f 91/377/103 92/378/103 100/379/103 99/380/103
f 92/381/104 85/382/104 93/383/104 100/384/104
f 101/385/105 70/386/105 69/387/105
f 102/388/106 93/389/106 94/390/106
f 101/391/107 71/392/107 70/393/107
f 102/394/108 94/395/108 95/396/108
f 101/397/109 72/398/109 71/399/109
f 102/400/110 95/401/110 96/402/110
f 101/403/111 73/404/111 72/405/111
f 102/406/112 96/407/112 97/408/112
f 101/409/113 74/410/113 73/411/113
f 102/412/114 97/413/114 98/414/114
f 101/415/115 75/416/115 74/417/115
f 102/418/116 98/419/116 99/420/116
f 101/421/117 76/422/117 75/423/117
f 102/424/118 99/425/118 100/426/118
f 101/427/119 69/428/119 76/429/119
f 102/430/120 100/431/120 93/432/120
o right_shoulder
v 0.924375 0.263125 0.66875
v 0.9349999999999999 0.263125 0.66875
v 0.944375 0.2725 0.66875
v 0.944375 0.8462499999999998 0.66875
v 0.9349999999999999 0.8556249999999999 0.66875
v 0.924375 0.8556249999999999 0.66875
v 0.9149999999999999 0.8462499999999998 0.66875
v 0.9149999999999999 0.2725 0.66875
v 0.924375 0.25625 0.6756249999999999
v 0.9349999999999999 0.25625 0.6756249999999999
v 0.9512499999999999 0.27249999999999996 0.6756249999999999
v 0.9512499999999999 0.84625 0.6756249999999999
v 0.9349999999999999 0.8624999999999999 0.6756249999999999
v 0.924375 0.8624999999999999 0.6756249999999999
v 0.908125 0.84625 0.6756249999999999
v 0.908125 0.27249999999999996 0.6756249999999999
v 0.924375 0.25625 0.836875
v 0.9349999999999999 0.25625 0.836875
v 0.9512499999999999 0.27249999999999996 0.836875
v 0.9512499999999999 0.84625 0.836875
v 0.9349999999999999 0.8624999999999999 0.836875
v 0.924375 0.8624999999999999 0.836875
v 0.908125 0.84625 0.836875
v 0.908125 0.27249999999999996 0.836875
v 0.924375 0.263125 0.84375
v 0.9349999999999999 0.263125 0.84375
v 0.944375 0.2725 0.84375
v 0.944375 0.8462499999999998 0.84375
v 0.9349999999999999 0.8556249999999999 0.84375
v 0.924375 0.8556249999999999 0.84375
v 0.9149999999999999 0.8462499999999998 0.84375
v 0.9149999999999999 0.2725 0.84375
v 0.9296875 0.559375 0.66875
v 0.9296875 0.559375 0.84375
vt 0.924375 0.26312500000000005
vt 0.9349999999999999 0.26312500000000005
vt 0.9349999999999999 0.25625
vt 0.924375 0.25625
vt 0.9349999999999999 0.26312500000000005
vt 0.944375 0.27249999999999996
vt 0.9512499999999999 0.27249999999999996
vt 0.9349999999999999 0.25625
vt 0.66875 0.27249999999999996
vt 0.66875 0.8462499999999998
vt 0.6756249999999999 0.84625
vt 0.6756249999999999 0.27249999999999996
vt 0.944375 0.8462499999999998
vt 0.9349999999999999 0.8556249999999999
vt 0.9349999999999999 0.8624999999999999
vt 0.9512499999999999 0.84625
vt 0.9349999999999999 0.8556249999999999
vt 0.924375 0.8556249999999999
vt 0.924375 0.8624999999999999
vt 0.9349999999999999 0.8624999999999999
vt 0.924375 0.8556249999999999
vt 0.9149999999999999 0.8462499999999998
vt 0.908125 0.84625
vt 0.924375 0.8624999999999999
vt 0.66875 0.8462499999999998
vt 0.66875 0.27249999999999996
vt 0.6756249999999999 0.27249999999999996
vt 0.6756249999999999 0.84625
vt 0.9149999999999999 0.27249999999999996
vt 0.924375 0.26312500000000005
vt 0.924375 0.25625
vt 0.908125 0.27249999999999996
vt 0.924375 0.3243750000000001
vt 0.9349999999999999 0.3243750000000001
vt 0.9349999999999999 0.16312499999999996
vt 0.924375 0.16312499999999996
vt 0.6756249999999999 0.25625
vt 0.6756249999999999 0.27249999999999996
vt 0.836875 0.27249999999999996
vt 0.836875 0.25625
vt 0.6756249999999999 0.27249999999999996
vt 0.6756249999999999 0.84625
vt 0.836875 0.84625
vt 0.836875 0.27249999999999996
vt 0.6756249999999999 0.84625
vt 0.6756249999999999 0.8624999999999999
vt 0.836875 0.8624999999999999
vt 0.836875 0.84625
vt 0.9349999999999999 0.3243750000000001
vt 0.924375 0.3243750000000001
vt 0.924375 0.16312499999999996
vt 0.9349999999999999 0.16312499999999996
vt 0.6756249999999999 0.8624999999999999
vt 0.6756249999999999 0.84625
vt 0.836875 0.84625
vt 0.836875 0.8624999999999999
vt 0.6756249999999999 0.84625
vt 0.6756249999999999 0.27249999999999996
vt 0.836875 0.27249999999999996
vt 0.836875 0.84625
vt 0.6756249999999999 0.27249999999999996
vt 0.6756249999999999 0.25625
vt 0.836875 0.25625
vt 0.836875 0.27249999999999996
vt 0.924375 0.25625
vt 0.9349999999999999 0.25625
vt 0.9349999999999999 0.26312500000000005
vt 0.924375 0.26312500000000005
vt 0.9349999999999999 0.25625
vt 0.9512499999999999 0.27249999999999996
vt 0.944375 0.27249999999999996
vt 0.9349999999999999 0.26312500000000005
vt 0.836875 0.27249999999999996
vt 0.836875 0.84625
vt 0.84375 0.8462499999999998
vt 0.84375 0.27249999999999996
vt 0.9512499999999999 0.84625
vt 0.9349999999999999 0.8624999999999999
vt 0.9349999999999999 0.8556249999999999
vt 0.944375 0.8462499999999998
vt 0.9349999999999999 0.8624999999999999
vt 0.924375 0.8624999999999999
vt 0.924375 0.8556249999999999
vt 0.9349999999999999 0.8556249999999999
vt 0.924375 0.8624999999999999
vt 0.908125 0.84625
vt 0.9149999999999999 0.8462499999999998
vt 0.924375 0.8556249999999999
vt 0.836875 0.84625
vt 0.836875 0.27249999999999996
vt 0.84375 0.27249999999999996
vt 0.84375 0.8462499999999998
vt 0.908125 0.27249999999999996
vt 0.924375 0.25625
vt 0.924375 0.26312500000000005
vt 0.9149999999999999 0.27249999999999996
vt 0.9296875 0.559375
vt 0.9349999999999999 0.26312500000000005
vt 0.924375 0.26312500000000005
vt 0.9296875 0.559375
vt 0.924375 0.26312500000000005
vt 0.9349999999999999 0.26312500000000005
vt 0.9296875 0.559375
vt 0.944375 0.27249999999999996
vt 0.9349999999999999 0.26312500000000005
vt 0.9296875 0.559375
vt 0.9349999999999999 0.26312500000000005
vt 0.944375 0.27249999999999996
vt 0.9296875 0.559375
vt 0.944375 0.8462499999999998
vt 0.944375 0.27249999999999996
vt 0.9296875 0.559375
vt 0.944375 0.27249999999999996
vt 0.944375 0.8462499999999998
vt 0.9296875 0.559375
vt 0.9349999999999999 0.8556249999999999
vt 0.944375 0.8462499999999998
vt 0.9296875 0.559375
vt 0.944375 0.8462499999999998
vt 0.9349999999999999 0.8556249999999999
vt 0.9296875 0.559375
vt 0.924375 0.8556249999999999
vt 0.9349999999999999 0.8556249999999999
vt 0.9296875 0.559375
vt 0.9349999999999999 0.8556249999999999
vt 0.924375 0.8556249999999999
vt 0.9296875 0.559375
vt 0.9149999999999999 0.8462499999999998
vt 0.924375 0.8556249999999999
vt 0.9296875 0.559375
vt 0.924375 0.8556249999999999
vt 0.9149999999999999 0.8462499999999998
vt 0.9296875 0.559375
vt 0.9149999999999999 0.27249999999999996
vt 0.9149999999999999 0.8462499999999998
vt 0.9296875 0.559375
vt 0.9149999999999999 0.8462499999999998
vt 0.9149999999999999 0.27249999999999996
vt 0.9296875 0.559375
vt 0.924375 0.26312500000000005
vt 0.9149999999999999 0.27249999999999996
vt 0.9296875 0.559375
vt 0.9149999999999999 0.27249999999999996
vt 0.924375 0.26312500000000005
vn 0 -0.7071067811865447 -0.7071067811865503
vn 0.5773502691896242 -0.5773502691896242 -0.577350269189629
vn 0.7071067811865476 0 -0.7071067811865476
vn 0.5773502691896227 0.5773502691896227 -0.5773502691896321
vn 0 0.7071067811865418 -0.7071067811865532
vn -0.5773502691896226 0.5773502691896226 -0.5773502691896321
vn -0.7071067811865476 0 -0.7071067811865476
vn -0.5773502691896242 -0.5773502691896242 -0.577350269189629
vn 0 -1 0
vn 0.7071067811865476 -0.7071067811865476 0
vn 1 0 0
vn 0.7071067811865476 0.7071067811865476 0
vn 0 1 0
vn -0.7071067811865476 0.7071067811865476 0
vn -1 0 0
vn -0.7071067811865476 -0.7071067811865476 0
vn 0 -0.7071067811865447 0.7071067811865503
vn 0.5773502691896243 -0.5773502691896243 0.5773502691896288
vn 0.7071067811865476 0 0.7071067811865476
vn 0.5773502691896227 0.5773502691896227 0.5773502691896318
vn 0 0.7071067811865418 0.7071067811865532
vn -0.5773502691896227 0.5773502691896227 0.5773502691896321
vn -0.7071067811865476 0 0.7071067811865476
vn -0.5773502691896243 -0.5773502691896243 0.5773502691896288
vn 0 0 -1
vn 0 0 1
vn 0 0 -1
vn 0 0 1
vn 0 0 -1
vn 0 0 1
vn 0 0 -1
vn 0 0 1
vn 0 0 -1
vn 0 0 1
vn 0 0 -1
vn 0 0 1
vn 0 0 -1
vn 0 0 1
vn 0 0 -1
vn 0 0 1
usemtl nova_edge
f 103/433/121 104/434/121 112/435/121 111/436/121
f 104/437/122 105/438/122 113/439/122 112/440/122
f 105/441/123 106/442/123 114/443/123 113/444/123
f 106/445/124 107/446/124 115/447/124 114/448/124
f 107/449/125 108/450/125 116/451/125 115/452/125
f 108/453/126 109/454/126 117/455/126 116/456/126
f 109/457/127 110/458/127 118/459/127 117/460/127
f 110/461/128 103/462/128 111/463/128 118/464/128
f 111/465/129 112/466/129 120/467/129 119/468/129
f 112/469/130 113/470/130 121/471/130 120/472/130
f 113/473/131 114/474/131 122/475/131 121/476/131
f 114/477/132 115/478/132 123/479/132 122/480/132
f 115/481/133 116/482/133 124/483/133 123/484/133
f 116/485/134 117/486/134 125/487/134 124/488/134
f 117/489/135 118/490/135 126/491/135 125/492/135
f 118/493/136 111/494/136 119/495/136 126/496/136
f 119/497/137 120/498/137 128/499/137 127/500/137
f 120/501/138 121/502/138 129/503/138 128/504/138
f 121/505/139 122/506/139 130/507/139 129/508/139
f 122/509/140 123/510/140 131/511/140 130/512/140
f 123/513/141 124/514/141 132/515/141 131/516/141
f 124/517/142 125/518/142 133/519/142 132/520/142
f 125/521/143 126/522/143 134/523/143 133/524/143
f 126/525/144 119/526/144 127/527/144 134/528/144
f 135/529/145 104/530/145 103/531/145
f 136/532/146 127/533/146 128/534/146
f 135/535/147 105/536/147 104/537/147
f 136/538/148 128/539/148 129/540/148
f 135/541/149 106/542/149 105/543/149
f 136/544/150 129/545/150 130/546/150
f 135/547/151 107/548/151 106/549/151
f 136/550/152 130/551/152 131/552/152
f 135/553/153 108/554/153 107/555/153
f 136/556/154 131/557/154 132/558/154
f 135/559/155 109/560/155 108/561/155
f 136/562/156 132/563/156 133/564/156
f 135/565/157 110/566/157 109/567/157
f 136/568/158 133/569/158 134/570/158
f 135/571/159 103/572/159 110/573/159
f 136/574/160 134/575/160 127/576/160
o titanium_display_surround
v 0.121875 0.1875 0.615625
v 0.878125 0.1875 0.615625
v 0.9500000000000001 0.259375 0.615625
v 0.9500000000000001 0.884375 0.615625
v 0.878125 0.95625 0.615625
v 0.121875 0.95625 0.615625
v 0.05 0.884375 0.615625
v 0.05 0.259375 0.615625
v 0.14375000000000002 0.22375 0.62625
v 0.8562500000000001 0.22375 0.62625
v 0.884375 0.251875 0.62625
v 0.884375 0.8706250000000001 0.62625
v 0.8562500000000001 0.89875 0.62625
v 0.14375000000000002 0.89875 0.62625
v 0.115625 0.8706250000000001 0.62625
v 0.115625 0.251875 0.62625
v 0.121875 0.1875 0.69375
v 0.878125 0.1875 0.69375
v 0.9500000000000001 0.259375 0.69375
v 0.9500000000000001 0.884375 0.69375
v 0.878125 0.95625 0.69375
v 0.121875 0.95625 0.69375
v 0.05 0.884375 0.69375
v 0.05 0.259375 0.69375
v 0.14375000000000002 0.22375 0.69375
v 0.8562500000000001 0.22375 0.69375
v 0.884375 0.251875 0.69375
v 0.884375 0.8706250000000001 0.69375
v 0.8562500000000001 0.89875 0.69375
v 0.14375000000000002 0.89875 0.69375
v 0.115625 0.8706250000000001 0.69375
v 0.115625 0.251875 0.69375
vt 0.121875 0.1875
vt 0.14375000000000002 0.22375
vt 0.8562500000000001 0.22375
vt 0.878125 0.1875
vt 0.121875 0.384375
vt 0.878125 0.384375
vt 0.878125 0.30625
vt 0.121875 0.30625
vt 0.14375000000000002 0.37375
vt 0.14375000000000002 0.30625
vt 0.8562500000000001 0.30625
vt 0.8562500000000001 0.37375
vt 0.121875 0.1875
vt 0.878125 0.1875
vt 0.8562500000000001 0.22375
vt 0.14375000000000002 0.22375
vt 0.878125 0.1875
vt 0.8562500000000001 0.22375
vt 0.884375 0.25187500000000007
vt 0.9500000000000001 0.259375
vt 0.615625 0.1875
vt 0.615625 0.259375
vt 0.69375 0.259375
vt 0.69375 0.1875
vt 0.62625 0.22375
vt 0.69375 0.22375
vt 0.69375 0.25187500000000007
vt 0.62625 0.25187500000000007
vt 0.878125 0.1875
vt 0.9500000000000001 0.259375
vt 0.884375 0.25187500000000007
vt 0.8562500000000001 0.22375
vt 0.9500000000000001 0.259375
vt 0.884375 0.25187500000000007
vt 0.884375 0.8706250000000001
vt 0.9500000000000001 0.884375
vt 0.615625 0.259375
vt 0.615625 0.884375
vt 0.69375 0.884375
vt 0.69375 0.259375
vt 0.62625 0.25187500000000007
vt 0.69375 0.25187500000000007
vt 0.69375 0.8706250000000001
vt 0.62625 0.8706250000000001
vt 0.9500000000000001 0.259375
vt 0.9500000000000001 0.884375
vt 0.884375 0.8706250000000001
vt 0.884375 0.25187500000000007
vt 0.9500000000000001 0.884375
vt 0.884375 0.8706250000000001
vt 0.8562500000000001 0.89875
vt 0.878125 0.95625
vt 0.615625 0.884375
vt 0.615625 0.95625
vt 0.69375 0.95625
vt 0.69375 0.884375
vt 0.62625 0.8706250000000001
vt 0.69375 0.8706250000000001
vt 0.69375 0.89875
vt 0.62625 0.89875
vt 0.9500000000000001 0.884375
vt 0.878125 0.95625
vt 0.8562500000000001 0.89875
vt 0.884375 0.8706250000000001
vt 0.878125 0.95625
vt 0.8562500000000001 0.89875
vt 0.14375000000000002 0.89875
vt 0.121875 0.95625
vt 0.878125 0.384375
vt 0.121875 0.384375
vt 0.121875 0.30625
vt 0.878125 0.30625
vt 0.8562500000000001 0.37375
vt 0.8562500000000001 0.30625
vt 0.14375000000000002 0.30625
vt 0.14375000000000002 0.37375
vt 0.878125 0.95625
vt 0.121875 0.95625
vt 0.14375000000000002 0.89875
vt 0.8562500000000001 0.89875
vt 0.121875 0.95625
vt 0.14375000000000002 0.89875
vt 0.115625 0.8706250000000001
vt 0.05 0.884375
vt 0.615625 0.95625
vt 0.615625 0.884375
vt 0.69375 0.884375
vt 0.69375 0.95625
vt 0.14375000000000002 0.37375
vt 0.14375000000000002 0.30625
vt 0.115625 0.30625
vt 0.115625 0.37375
vt 0.121875 0.95625
vt 0.05 0.884375
vt 0.115625 0.8706250000000001
vt 0.14375000000000002 0.89875
vt 0.05 0.884375
vt 0.115625 0.8706250000000001
vt 0.115625 0.25187500000000007
vt 0.05 0.259375
vt 0.615625 0.884375
vt 0.615625 0.259375
vt 0.69375 0.259375
vt 0.69375 0.884375
vt 0.62625 0.8706250000000001
vt 0.69375 0.8706250000000001
vt 0.69375 0.25187500000000007
vt 0.62625 0.25187500000000007
vt 0.05 0.884375
vt 0.05 0.259375
vt 0.115625 0.25187500000000007
vt 0.115625 0.8706250000000001
vt 0.05 0.259375
vt 0.115625 0.25187500000000007
vt 0.14375000000000002 0.22375
vt 0.121875 0.1875
vt 0.615625 0.259375
vt 0.615625 0.1875
vt 0.69375 0.1875
vt 0.69375 0.259375
vt 0.62625 0.25187500000000007
vt 0.69375 0.25187500000000007
vt 0.69375 0.22375
vt 0.62625 0.22375
vt 0.05 0.259375
vt 0.121875 0.1875
vt 0.14375000000000002 0.22375
vt 0.115625 0.25187500000000007
vn 0 0.2812704352767004 -0.9596285438852138
vn 0 -1 0
vn 0 1 0
vn 0 0 1
vn -0.17697774660054508 0.1769777466005447 -0.9681723784618042
vn 0.7071067811865476 -0.7071067811865476 0
vn -0.7071067811865482 0.7071067811865469 0
vn 0 0 1
vn -0.15982357251884063 0 -0.987145594969311
vn 1 0 0
vn -1 0 0
vn 0 0 1
vn -0.13152238784639797 -0.13152238784639797 -0.9825496033230909
vn 0.7071067811865476 0.7071067811865476 0
vn -0.7071067811865476 -0.7071067811865476 0
vn 0 0 1
vn 0 -0.18170649748468085 -0.9833528099170968
vn 0 1 0
vn 0 -1 0
vn 0 0 1
vn 0.13152238784639772 -0.131522387846398 -0.9825496033230909
vn -0.7071067811865477 0.7071067811865475 0
vn 0.7071067811865469 -0.7071067811865482 0
vn 0 0 1
vn 0.15982357251884075 0 -0.9871455949693111
vn -1 0 0
vn 1 0 0
vn 0 0 1
vn 0.17697774660054477 0.17697774660054477 -0.968172378461804
vn -0.7071067811865477 -0.7071067811865475 0
vn 0.7071067811865476 0.7071067811865476 0
vn 0 0 1
usemtl nova_titanium
f 137/577/161 145/578/161 146/579/161 138/580/161
f 137/581/162 138/582/162 154/583/162 153/584/162
f 145/585/163 161/586/163 162/587/163 146/588/163
f 153/589/164 154/590/164 162/591/164 161/592/164
f 138/593/165 146/594/165 147/595/165 139/596/165
f 138/597/166 139/598/166 155/599/166 154/600/166
f 146/601/167 162/602/167 163/603/167 147/604/167
f 154/605/168 155/606/168 163/607/168 162/608/168
f 139/609/169 147/610/169 148/611/169 140/612/169
f 139/613/170 140/614/170 156/615/170 155/616/170
f 147/617/171 163/618/171 164/619/171 148/620/171
f 155/621/172 156/622/172 164/623/172 163/624/172
f 140/625/173 148/626/173 149/627/173 141/628/173
f 140/629/174 141/630/174 157/631/174 156/632/174
f 148/633/175 164/634/175 165/635/175 149/636/175
f 156/637/176 157/638/176 165/639/176 164/640/176
f 141/641/177 149/642/177 150/643/177 142/644/177
f 141/645/178 142/646/178 158/647/178 157/648/178
f 149/649/179 165/650/179 166/651/179 150/652/179
f 157/653/180 158/654/180 166/655/180 165/656/180
f 142/657/181 150/658/181 151/659/181 143/660/181
f 142/661/182 143/662/182 159/663/182 158/664/182
f 150/665/183 166/666/183 167/667/183 151/668/183
f 158/669/184 159/670/184 167/671/184 166/672/184
f 143/673/185 151/674/185 152/675/185 144/676/185
f 143/677/186 144/678/186 160/679/186 159/680/186
f 151/681/187 167/682/187 168/683/187 152/684/187
f 159/685/188 160/686/188 168/687/188 167/688/188
f 144/689/189 152/690/189 145/691/189 137/692/189
f 144/693/190 137/694/190 153/695/190 160/696/190
f 152/697/191 168/698/191 161/699/191 145/700/191
f 160/701/192 153/702/192 161/703/192 168/704/192
o recessed_glass_gasket
v 0.14375000000000002 0.22375 0.62625
v 0.8562500000000001 0.22375 0.62625
v 0.884375 0.251875 0.62625
v 0.884375 0.8706250000000001 0.62625
v 0.8562500000000001 0.89875 0.62625
v 0.14375000000000002 0.89875 0.62625
v 0.115625 0.8706250000000001 0.62625
v 0.115625 0.251875 0.62625
v 0.146875 0.233125 0.636875
v 0.853125 0.233125 0.636875
v 0.875 0.255 0.636875
v 0.875 0.8675 0.636875
v 0.853125 0.889375 0.636875
v 0.146875 0.889375 0.636875
v 0.125 0.8675 0.636875
v 0.125 0.255 0.636875
v 0.14375000000000002 0.22375 0.65625
v 0.8562500000000001 0.22375 0.65625
v 0.884375 0.251875 0.65625
v 0.884375 0.8706250000000001 0.65625
v 0.8562500000000001 0.89875 0.65625
v 0.14375000000000002 0.89875 0.65625
v 0.115625 0.8706250000000001 0.65625
v 0.115625 0.251875 0.65625
v 0.146875 0.233125 0.65625
v 0.853125 0.233125 0.65625
v 0.875 0.255 0.65625
v 0.875 0.8675 0.65625
v 0.853125 0.889375 0.65625
v 0.146875 0.889375 0.65625
v 0.125 0.8675 0.65625
v 0.125 0.255 0.65625
vt 0.14375000000000002 0.37375
vt 0.146875 0.36312500000000003
vt 0.853125 0.36312500000000003
vt 0.8562500000000001 0.37375
vt 0.14375000000000002 0.37375
vt 0.8562500000000001 0.37375
vt 0.8562500000000001 0.34375
vt 0.14375000000000002 0.34375
vt 0.146875 0.36312500000000003
vt 0.146875 0.34375
vt 0.853125 0.34375
vt 0.853125 0.36312500000000003
vt 0.14375000000000002 0.22375
vt 0.8562500000000001 0.22375
vt 0.853125 0.23312500000000003
vt 0.146875 0.23312500000000003
vt 0.8562500000000001 0.22375
vt 0.853125 0.23312500000000003
vt 0.875 0.255
vt 0.884375 0.25187500000000007
vt 0.62625 0.22375
vt 0.62625 0.25187500000000007
vt 0.65625 0.25187500000000007
vt 0.65625 0.22375
vt 0.636875 0.23312500000000003
vt 0.65625 0.23312500000000003
vt 0.65625 0.255
vt 0.636875 0.255
vt 0.8562500000000001 0.22375
vt 0.884375 0.25187500000000007
vt 0.875 0.255
vt 0.853125 0.23312500000000003
vt 0.62625 0.25187500000000007
vt 0.636875 0.255
vt 0.636875 0.8675
vt 0.62625 0.8706250000000001
vt 0.62625 0.25187500000000007
vt 0.62625 0.8706250000000001
vt 0.65625 0.8706250000000001
vt 0.65625 0.25187500000000007
vt 0.636875 0.255
vt 0.65625 0.255
vt 0.65625 0.8675
vt 0.636875 0.8675
vt 0.884375 0.25187500000000007
vt 0.884375 0.8706250000000001
vt 0.875 0.8675
vt 0.875 0.255
vt 0.884375 0.8706250000000001
vt 0.875 0.8675
vt 0.853125 0.889375
vt 0.8562500000000001 0.89875
vt 0.62625 0.8706250000000001
vt 0.62625 0.89875
vt 0.65625 0.89875
vt 0.65625 0.8706250000000001
vt 0.636875 0.8675
vt 0.65625 0.8675
vt 0.65625 0.889375
vt 0.636875 0.889375
vt 0.884375 0.8706250000000001
vt 0.8562500000000001 0.89875
vt 0.853125 0.889375
vt 0.875 0.8675
vt 0.8562500000000001 0.37375
vt 0.853125 0.36312500000000003
vt 0.146875 0.36312500000000003
vt 0.14375000000000002 0.37375
vt 0.8562500000000001 0.37375
vt 0.14375000000000002 0.37375
vt 0.14375000000000002 0.34375
vt 0.8562500000000001 0.34375
vt 0.853125 0.36312500000000003
vt 0.853125 0.34375
vt 0.146875 0.34375
vt 0.146875 0.36312500000000003
vt 0.8562500000000001 0.89875
vt 0.14375000000000002 0.89875
vt 0.146875 0.889375
vt 0.853125 0.889375
vt 0.14375000000000002 0.89875
vt 0.146875 0.889375
vt 0.125 0.8675
vt 0.115625 0.8706250000000001
vt 0.14375000000000002 0.37375
vt 0.115625 0.37375
vt 0.115625 0.34375
vt 0.14375000000000002 0.34375
vt 0.146875 0.36312500000000003
vt 0.146875 0.34375
vt 0.125 0.34375
vt 0.125 0.36312500000000003
vt 0.14375000000000002 0.89875
vt 0.115625 0.8706250000000001
vt 0.125 0.8675
vt 0.146875 0.889375
vt 0.62625 0.8706250000000001
vt 0.636875 0.8675
vt 0.636875 0.255
vt 0.62625 0.25187500000000007
vt 0.62625 0.8706250000000001
vt 0.62625 0.25187500000000007
vt 0.65625 0.25187500000000007
vt 0.65625 0.8706250000000001
vt 0.636875 0.8675
vt 0.65625 0.8675
vt 0.65625 0.255
vt 0.636875 0.255
vt 0.115625 0.8706250000000001
vt 0.115625 0.25187500000000007
vt 0.125 0.255
vt 0.125 0.8675
vt 0.115625 0.25187500000000007
vt 0.125 0.255
vt 0.146875 0.23312500000000003
vt 0.14375000000000002 0.22375
vt 0.62625 0.25187500000000007
vt 0.62625 0.22375
vt 0.65625 0.22375
vt 0.65625 0.25187500000000007
vt 0.636875 0.255
vt 0.65625 0.255
vt 0.65625 0.23312500000000003
vt 0.636875 0.23312500000000003
vt 0.115625 0.25187500000000007
vt 0.14375000000000002 0.22375
vt 0.146875 0.23312500000000003
vt 0.125 0.255
vn 0 0.7498378553650926 -0.6616216370868463
vn 0 -1 0
vn 0 1 0
vn 0 0 1
vn -0.543600057482417 0.5436000574824164 -0.6395294793910806
vn 0.7071067811865482 -0.7071067811865469 0
vn -0.707106781186548 0.7071067811865471 0
vn 0 0 1
vn -0.7498378553650916 0 -0.6616216370868474
vn 1 0 0
vn -1 0 0
vn 0 0 1
vn -0.5436000574824161 -0.5436000574824161 -0.6395294793910815
vn 0.7071067811865476 0.7071067811865476 0
vn -0.7071067811865476 -0.7071067811865476 0
vn 0 0 1
vn 0 -0.7498378553650916 -0.6616216370868475
vn 0 1 0
vn 0 -1 0
vn 0 0 1
vn 0.5436000574824167 -0.5436000574824175 -0.63952947939108
vn -0.7071067811865469 0.7071067811865482 0
vn 0.7071067811865471 -0.707106781186548 0
vn 0 0 1
vn 0.7498378553650925 0 -0.6616216370868463
vn -1 0 0
vn 1 0 0
vn 0 0 1
vn 0.5436000574824177 0.5436000574824177 -0.6395294793910791
vn -0.7071067811865476 -0.7071067811865476 0
vn 0.7071067811865476 0.7071067811865476 0
vn 0 0 1
usemtl nova_recess
f 169/705/193 177/706/193 178/707/193 170/708/193
f 169/709/194 170/710/194 186/711/194 185/712/194
f 177/713/195 193/714/195 194/715/195 178/716/195
f 185/717/196 186/718/196 194/719/196 193/720/196
f 170/721/197 178/722/197 179/723/197 171/724/197
f 170/725/198 171/726/198 187/727/198 186/728/198
f 178/729/199 194/730/199 195/731/199 179/732/199
f 186/733/200 187/734/200 195/735/200 194/736/200
f 171/737/201 179/738/201 180/739/201 172/740/201
f 171/741/202 172/742/202 188/743/202 187/744/202
f 179/745/203 195/746/203 196/747/203 180/748/203
f 187/749/204 188/750/204 196/751/204 195/752/204
f 172/753/205 180/754/205 181/755/205 173/756/205
f 172/757/206 173/758/206 189/759/206 188/760/206
f 180/761/207 196/762/207 197/763/207 181/764/207
f 188/765/208 189/766/208 197/767/208 196/768/208
f 173/769/209 181/770/209 182/771/209 174/772/209
f 173/773/210 174/774/210 190/775/210 189/776/210
f 181/777/211 197/778/211 198/779/211 182/780/211
f 189/781/212 190/782/212 198/783/212 197/784/212
f 174/785/213 182/786/213 183/787/213 175/788/213
f 174/789/214 175/790/214 191/791/214 190/792/214
f 182/793/215 198/794/215 199/795/215 183/796/215
f 190/797/216 191/798/216 199/799/216 198/800/216
f 175/801/217 183/802/217 184/803/217 176/804/217
f 175/805/218 176/806/218 192/807/218 191/808/218
f 183/809/219 199/810/219 200/811/219 184/812/219
f 191/813/220 192/814/220 200/815/220 199/816/220
f 176/817/221 184/818/221 177/819/221 169/820/221
f 176/821/222 169/822/222 185/823/222 192/824/222
f 184/825/223 200/826/223 193/827/223 177/828/223
f 192/829/224 185/830/224 193/831/224 200/832/224
o upper_sensor_socket
v 0.46187500000000004 0.911875 0.599375
v 0.5381250000000001 0.911875 0.599375
v 0.545625 0.9193749999999999 0.599375
v 0.545625 0.925 0.599375
v 0.5381250000000001 0.9325 0.599375
v 0.46187500000000004 0.9325 0.599375
v 0.45437500000000003 0.925 0.599375
v 0.45437500000000003 0.9193749999999999 0.599375
v 0.46187500000000004 0.9075 0.60375
v 0.5381250000000001 0.9075 0.60375
v 0.55 0.9193749999999999 0.60375
v 0.55 0.925 0.60375
v 0.5381250000000001 0.936875 0.60375
v 0.46187500000000004 0.936875 0.60375
v 0.45 0.925 0.60375
v 0.45 0.9193749999999999 0.60375
v 0.46187500000000004 0.9075 0.6174999999999999
v 0.5381250000000001 0.9075 0.6174999999999999
v 0.55 0.9193749999999999 0.6174999999999999
v 0.55 0.925 0.6174999999999999
v 0.5381250000000001 0.936875 0.6174999999999999
v 0.46187500000000004 0.936875 0.6174999999999999
v 0.45 0.925 0.6174999999999999
v 0.45 0.9193749999999999 0.6174999999999999
v 0.46187500000000004 0.911875 0.621875
v 0.5381250000000001 0.911875 0.621875
v 0.545625 0.9193749999999999 0.621875
v 0.545625 0.925 0.621875
v 0.5381250000000001 0.9325 0.621875
v 0.46187500000000004 0.9325 0.621875
v 0.45437500000000003 0.925 0.621875
v 0.45437500000000003 0.9193749999999999 0.621875
v 0.5 0.9221874999999999 0.599375
v 0.5 0.9221874999999999 0.621875
vt 0.46187500000000004 0.400625
vt 0.5381250000000001 0.400625
vt 0.5381250000000001 0.39625
vt 0.46187500000000004 0.39625
vt 0.5381250000000001 0.911875
vt 0.545625 0.9193749999999999
vt 0.55 0.9193749999999999
vt 0.5381250000000001 0.9075
vt 0.599375 0.9193749999999999
vt 0.599375 0.925
vt 0.60375 0.925
vt 0.60375 0.9193749999999999
vt 0.545625 0.925
vt 0.5381250000000001 0.9325
vt 0.5381250000000001 0.936875
vt 0.55 0.925
vt 0.5381250000000001 0.400625
vt 0.46187500000000004 0.400625
vt 0.46187500000000004 0.39625
vt 0.5381250000000001 0.39625
vt 0.46187500000000004 0.400625
vt 0.45437500000000003 0.400625
vt 0.45 0.39625
vt 0.46187500000000004 0.39625
vt 0.599375 0.925
vt 0.599375 0.9193749999999999
vt 0.60375 0.9193749999999999
vt 0.60375 0.925
vt 0.45437500000000003 0.400625
vt 0.46187500000000004 0.400625
vt 0.46187500000000004 0.39625
vt 0.45 0.39625
vt 0.46187500000000004 0.39625
vt 0.5381250000000001 0.39625
vt 0.5381250000000001 0.38250000000000006
vt 0.46187500000000004 0.38250000000000006
vt 0.60375 0.9075
vt 0.60375 0.9193749999999999
vt 0.6174999999999999 0.9193749999999999
vt 0.6174999999999999 0.9075
vt 0.60375 0.9193749999999999
vt 0.60375 0.925
vt 0.6174999999999999 0.925
vt 0.6174999999999999 0.9193749999999999
vt 0.60375 0.925
vt 0.60375 0.936875
vt 0.6174999999999999 0.936875
vt 0.6174999999999999 0.925
vt 0.5381250000000001 0.39625
vt 0.46187500000000004 0.39625
vt 0.46187500000000004 0.38250000000000006
vt 0.5381250000000001 0.38250000000000006
vt 0.46187500000000004 0.39625
vt 0.45 0.39625
vt 0.45 0.38250000000000006
vt 0.46187500000000004 0.38250000000000006
vt 0.60375 0.925
vt 0.60375 0.9193749999999999
vt 0.6174999999999999 0.9193749999999999
vt 0.6174999999999999 0.925
vt 0.45 0.39625
vt 0.46187500000000004 0.39625
vt 0.46187500000000004 0.38250000000000006
vt 0.45 0.38250000000000006
vt 0.46187500000000004 0.38250000000000006
vt 0.5381250000000001 0.38250000000000006
vt 0.5381250000000001 0.37812500000000004
vt 0.46187500000000004 0.37812500000000004
vt 0.5381250000000001 0.9075
vt 0.55 0.9193749999999999
vt 0.545625 0.9193749999999999
vt 0.5381250000000001 0.911875
vt 0.6174999999999999 0.9193749999999999
vt 0.6174999999999999 0.925
vt 0.621875 0.925
vt 0.621875 0.9193749999999999
vt 0.55 0.925
vt 0.5381250000000001 0.936875
vt 0.5381250000000001 0.9325
vt 0.545625 0.925
vt 0.5381250000000001 0.38250000000000006
vt 0.46187500000000004 0.38250000000000006
vt 0.46187500000000004 0.37812500000000004
vt 0.5381250000000001 0.37812500000000004
vt 0.46187500000000004 0.38250000000000006
vt 0.45 0.38250000000000006
vt 0.45437500000000003 0.37812500000000004
vt 0.46187500000000004 0.37812500000000004
vt 0.6174999999999999 0.925
vt 0.6174999999999999 0.9193749999999999
vt 0.621875 0.9193749999999999
vt 0.621875 0.925
vt 0.45 0.9193749999999999
vt 0.46187500000000004 0.9075
vt 0.46187500000000004 0.911875
vt 0.45437500000000003 0.9193749999999999
vt 0.5 0.9221874999999999
vt 0.5381250000000001 0.911875
vt 0.46187500000000004 0.911875
vt 0.5 0.9221874999999999
vt 0.46187500000000004 0.911875
vt 0.5381250000000001 0.911875
vt 0.5 0.9221874999999999
vt 0.545625 0.9193749999999999
vt 0.5381250000000001 0.911875
vt 0.5 0.9221874999999999
vt 0.5381250000000001 0.911875
vt 0.545625 0.9193749999999999
vt 0.5 0.9221874999999999
vt 0.545625 0.925
vt 0.545625 0.9193749999999999
vt 0.5 0.9221874999999999
vt 0.545625 0.9193749999999999
vt 0.545625 0.925
vt 0.5 0.9221874999999999
vt 0.5381250000000001 0.9325
vt 0.545625 0.925
vt 0.5 0.9221874999999999
vt 0.545625 0.925
vt 0.5381250000000001 0.9325
vt 0.5 0.9221874999999999
vt 0.46187500000000004 0.9325
vt 0.5381250000000001 0.9325
vt 0.5 0.9221874999999999
vt 0.5381250000000001 0.9325
vt 0.46187500000000004 0.9325
vt 0.5 0.9221874999999999
vt 0.45437500000000003 0.925
vt 0.46187500000000004 0.9325
vt 0.5 0.9221874999999999
vt 0.46187500000000004 0.9325
vt 0.45437500000000003 0.925
vt 0.5 0.9221874999999999
vt 0.45437500000000003 0.9193749999999999
vt 0.45437500000000003 0.925
vt 0.5 0.9221874999999999
vt 0.45437500000000003 0.925
vt 0.45437500000000003 0.9193749999999999
vt 0.5 0.9221874999999999
vt 0.46187500000000004 0.911875
vt 0.45437500000000003 0.9193749999999999
vt 0.5 0.9221874999999999
vt 0.45437500000000003 0.9193749999999999
vt 0.46187500000000004 0.911875
vn 0 -0.7071067811865476 -0.7071067811865476
vn 0.5773502691896257 -0.5773502691896257 -0.5773502691896258
vn 0.7071067811865476 0 -0.7071067811865476
vn 0.5773502691896257 0.5773502691896257 -0.5773502691896258
vn 0 0.7071067811865476 -0.7071067811865476
vn -0.5773502691896244 0.5773502691896287 -0.5773502691896243
vn -0.7071067811865476 0 -0.7071067811865476
vn -0.577350269189623 -0.5773502691896273 -0.5773502691896272
vn 0 -1 0
vn 0.7071067811865476 -0.7071067811865476 0
vn 1 0 0
vn 0.7071067811865476 0.7071067811865476 0
vn 0 1 0
vn -0.7071067811865459 0.7071067811865492 0
vn -1 0 0
vn -0.7071067811865459 -0.7071067811865492 0
vn 0 -0.7071067811865476 0.7071067811865476
vn 0.5773502691896257 -0.5773502691896257 0.5773502691896258
vn 0.7071067811865476 0 0.7071067811865476
vn 0.5773502691896257 0.5773502691896257 0.5773502691896258
vn 0 0.7071067811865476 0.7071067811865476
vn -0.577350269189625 0.5773502691896276 0.577350269189625
vn -0.7071067811865476 0 0.7071067811865476
vn -0.577350269189624 -0.5773502691896266 0.5773502691896267
vn 0 0 -1
vn 0 0 1
vn 0 0 -1
vn 0 0 1
vn 0 0 -1
vn 0 0 1
vn 0 0 -1
vn 0 0 1
vn 0 0 -1
vn 0 0 1
vn 0 0 -1
vn 0 0 1
vn 0 0 -1
vn 0 0 1
vn 0 0 -1
vn 0 0 1
usemtl nova_recess
f 201/833/225 202/834/225 210/835/225 209/836/225
f 202/837/226 203/838/226 211/839/226 210/840/226
f 203/841/227 204/842/227 212/843/227 211/844/227
f 204/845/228 205/846/228 213/847/228 212/848/228
f 205/849/229 206/850/229 214/851/229 213/852/229
f 206/853/230 207/854/230 215/855/230 214/856/230
f 207/857/231 208/858/231 216/859/231 215/860/231
f 208/861/232 201/862/232 209/863/232 216/864/232
f 209/865/233 210/866/233 218/867/233 217/868/233
f 210/869/234 211/870/234 219/871/234 218/872/234
f 211/873/235 212/874/235 220/875/235 219/876/235
f 212/877/236 213/878/236 221/879/236 220/880/236
f 213/881/237 214/882/237 222/883/237 221/884/237
f 214/885/238 215/886/238 223/887/238 222/888/238
f 215/889/239 216/890/239 224/891/239 223/892/239
f 216/893/240 209/894/240 217/895/240 224/896/240
f 217/897/241 218/898/241 226/899/241 225/900/241
f 218/901/242 219/902/242 227/903/242 226/904/242
f 219/905/243 220/906/243 228/907/243 227/908/243
f 220/909/244 221/910/244 229/911/244 228/912/244
f 221/913/245 222/914/245 230/915/245 229/916/245
f 222/917/246 223/918/246 231/919/246 230/920/246
f 223/921/247 224/922/247 232/923/247 231/924/247
f 224/925/248 217/926/248 225/927/248 232/928/248
f 233/929/249 202/930/249 201/931/249
f 234/932/250 225/933/250 226/934/250
f 233/935/251 203/936/251 202/937/251
f 234/938/252 226/939/252 227/940/252
f 233/941/253 204/942/253 203/943/253
f 234/944/254 227/945/254 228/946/254
f 233/947/255 205/948/255 204/949/255
f 234/950/256 228/951/256 229/952/256
f 233/953/257 206/954/257 205/955/257
f 234/956/258 229/957/258 230/958/258
f 233/959/259 207/960/259 206/961/259
f 234/962/260 230/963/260 231/964/260
f 233/965/261 208/966/261 207/967/261
f 234/968/262 231/969/262 232/970/262
f 233/971/263 201/972/263 208/973/263
f 234/974/264 232/975/264 225/976/264
o upper_sensor_lens
v 0.49187499999999995 0.91625 0.59625
v 0.508125 0.91625 0.59625
v 0.510625 0.91875 0.59625
v 0.510625 0.9237500000000001 0.59625
v 0.508125 0.92625 0.59625
v 0.49187499999999995 0.92625 0.59625
v 0.48937499999999995 0.9237500000000001 0.59625
v 0.48937499999999995 0.91875 0.59625
v 0.49187499999999995 0.915 0.5974999999999999
v 0.5081249999999999 0.915 0.5974999999999999
v 0.511875 0.9187500000000001 0.5974999999999999
v 0.511875 0.92375 0.5974999999999999
v 0.5081249999999999 0.9275 0.5974999999999999
v 0.49187499999999995 0.9275 0.5974999999999999
v 0.488125 0.92375 0.5974999999999999
v 0.488125 0.9187500000000001 0.5974999999999999
v 0.49187499999999995 0.915 0.6012500000000001
v 0.5081249999999999 0.915 0.6012500000000001
v 0.511875 0.9187500000000001 0.6012500000000001
v 0.511875 0.92375 0.6012500000000001
v 0.5081249999999999 0.9275 0.6012500000000001
v 0.49187499999999995 0.9275 0.6012500000000001
v 0.488125 0.92375 0.6012500000000001
v 0.488125 0.9187500000000001 0.6012500000000001
v 0.49187499999999995 0.91625 0.6025
v 0.508125 0.91625 0.6025
v 0.510625 0.91875 0.6025
v 0.510625 0.9237500000000001 0.6025
v 0.508125 0.92625 0.6025
v 0.49187499999999995 0.92625 0.6025
v 0.48937499999999995 0.9237500000000001 0.6025
v 0.48937499999999995 0.91875 0.6025
v 0.5 0.92125 0.59625
v 0.5 0.92125 0.6025
vt 0.49187499999999995 0.40375000000000005
vt 0.508125 0.40375000000000005
vt 0.5081249999999999 0.4025000000000001
vt 0.49187499999999995 0.4025000000000001
vt 0.59625 0.91625
vt 0.59625 0.91875
vt 0.5974999999999999 0.9187500000000001
vt 0.5974999999999999 0.915
vt 0.59625 0.91875
vt 0.59625 0.9237500000000001
vt 0.5974999999999999 0.92375
vt 0.5974999999999999 0.9187500000000001
vt 0.59625 0.9237500000000001
vt 0.59625 0.92625
vt 0.5974999999999999 0.9275
vt 0.5974999999999999 0.92375
vt 0.508125 0.40375000000000005
vt 0.49187499999999995 0.40375000000000005
vt 0.49187499999999995 0.4025000000000001
vt 0.5081249999999999 0.4025000000000001
vt 0.49187499999999995 0.40375000000000005
vt 0.48937499999999995 0.40375000000000005
vt 0.488125 0.4025000000000001
vt 0.49187499999999995 0.4025000000000001
vt 0.59625 0.9237500000000001
vt 0.59625 0.91875
vt 0.5974999999999999 0.9187500000000001
vt 0.5974999999999999 0.92375
vt 0.48937499999999995 0.40375000000000005
vt 0.49187499999999995 0.40375000000000005
vt 0.49187499999999995 0.4025000000000001
vt 0.488125 0.4025000000000001
vt 0.49187499999999995 0.4025000000000001
vt 0.5081249999999999 0.4025000000000001
vt 0.5081249999999999 0.39874999999999994
vt 0.49187499999999995 0.39874999999999994
vt 0.5974999999999999 0.915
vt 0.5974999999999999 0.9187500000000001
vt 0.6012500000000001 0.9187500000000001
vt 0.6012500000000001 0.915
vt 0.5974999999999999 0.9187500000000001
vt 0.5974999999999999 0.92375
vt 0.6012500000000001 0.92375
vt 0.6012500000000001 0.9187500000000001
vt 0.5974999999999999 0.92375
vt 0.5974999999999999 0.9275
vt 0.6012500000000001 0.9275
vt 0.6012500000000001 0.92375
vt 0.5081249999999999 0.4025000000000001
vt 0.49187499999999995 0.4025000000000001
vt 0.49187499999999995 0.39874999999999994
vt 0.5081249999999999 0.39874999999999994
vt 0.5974999999999999 0.9275
vt 0.5974999999999999 0.92375
vt 0.6012500000000001 0.92375
vt 0.6012500000000001 0.9275
vt 0.5974999999999999 0.92375
vt 0.5974999999999999 0.9187500000000001
vt 0.6012500000000001 0.9187500000000001
vt 0.6012500000000001 0.92375
vt 0.5974999999999999 0.9187500000000001
vt 0.5974999999999999 0.915
vt 0.6012500000000001 0.915
vt 0.6012500000000001 0.9187500000000001
vt 0.49187499999999995 0.39874999999999994
vt 0.5081249999999999 0.39874999999999994
vt 0.508125 0.39749999999999996
vt 0.49187499999999995 0.39749999999999996
vt 0.6012500000000001 0.915
vt 0.6012500000000001 0.9187500000000001
vt 0.6025 0.91875
vt 0.6025 0.91625
vt 0.6012500000000001 0.9187500000000001
vt 0.6012500000000001 0.92375
vt 0.6025 0.9237500000000001
vt 0.6025 0.91875
vt 0.6012500000000001 0.92375
vt 0.6012500000000001 0.9275
vt 0.6025 0.92625
vt 0.6025 0.9237500000000001
vt 0.5081249999999999 0.39874999999999994
vt 0.49187499999999995 0.39874999999999994
vt 0.49187499999999995 0.39749999999999996
vt 0.508125 0.39749999999999996
vt 0.6012500000000001 0.9275
vt 0.6012500000000001 0.92375
vt 0.6025 0.9237500000000001
vt 0.6025 0.92625
vt 0.6012500000000001 0.92375
vt 0.6012500000000001 0.9187500000000001
vt 0.6025 0.91875
vt 0.6025 0.9237500000000001
vt 0.6012500000000001 0.9187500000000001
vt 0.6012500000000001 0.915
vt 0.6025 0.91625
vt 0.6025 0.91875
vt 0.5 0.92125
vt 0.508125 0.91625
vt 0.49187499999999995 0.91625
vt 0.5 0.92125
vt 0.49187499999999995 0.91625
vt 0.508125 0.91625
vt 0.5 0.92125
vt 0.510625 0.91875
vt 0.508125 0.91625
vt 0.5 0.92125
vt 0.508125 0.91625
vt 0.510625 0.91875
vt 0.5 0.92125
vt 0.510625 0.9237500000000001
vt 0.510625 0.91875
vt 0.5 0.92125
vt 0.510625 0.91875
vt 0.510625 0.9237500000000001
vt 0.5 0.92125
vt 0.508125 0.92625
vt 0.510625 0.9237500000000001
vt 0.5 0.92125
vt 0.510625 0.9237500000000001
vt 0.508125 0.92625
vt 0.5 0.92125
vt 0.49187499999999995 0.92625
vt 0.508125 0.92625
vt 0.5 0.92125
vt 0.508125 0.92625
vt 0.49187499999999995 0.92625
vt 0.5 0.92125
vt 0.48937499999999995 0.9237500000000001
vt 0.49187499999999995 0.92625
vt 0.5 0.92125
vt 0.49187499999999995 0.92625
vt 0.48937499999999995 0.9237500000000001
vt 0.5 0.92125
vt 0.48937499999999995 0.91875
vt 0.48937499999999995 0.9237500000000001
vt 0.5 0.92125
vt 0.48937499999999995 0.9237500000000001
vt 0.48937499999999995 0.91875
vt 0.5 0.92125
vt 0.49187499999999995 0.91625
vt 0.48937499999999995 0.91875
vt 0.5 0.92125
vt 0.48937499999999995 0.91875
vt 0.49187499999999995 0.91625
vn 0 -0.7071067811865476 -0.7071067811865476
vn 0.5773502691896428 -0.5773502691896428 -0.5773502691895916
vn 0.7071067811865476 0 -0.7071067811865476
vn 0.5773502691896428 0.5773502691896428 -0.5773502691895916
vn 0 0.7071067811865476 -0.7071067811865476
vn -0.5773502691896386 0.5773502691896515 -0.5773502691895872
vn -0.7071067811865476 0 -0.7071067811865476
vn -0.5773502691896173 -0.5773502691896302 -0.57735026918963
vn 0 -1 0
vn 0.7071067811865476 -0.7071067811865476 0
vn 1 0 0
vn 0.7071067811865476 0.7071067811865476 0
vn 0 1 0
vn -0.7071067811865528 0.7071067811865422 0
vn -1 0 0
vn -0.7071067811865528 -0.7071067811865422 0
vn 0 -0.7071067811865476 0.7071067811865476
vn 0.5773502691896428 -0.5773502691896428 0.5773502691895916
vn 0.7071067811865476 0 0.7071067811865476
vn 0.5773502691896428 0.5773502691896428 0.5773502691895916
vn 0 0.7071067811865476 0.7071067811865476
vn -0.5773502691896457 0.5773502691896372 0.5773502691895945
vn -0.7071067811865476 0 0.7071067811865476
vn -0.5773502691896314 -0.5773502691896228 0.577350269189623
vn 0 0 -1
vn 0 0 1
vn 0 0 -1
vn 0 0 1
vn 0 0 -1
vn 0 0 1
vn 0 0 -1
vn 0 0 1
vn 0 0 -1
vn 0 0 1
vn 0 0 -1
vn 0 0 1
vn 0 0 -1
vn 0 0 1
vn 0 0 -1
vn 0 0 1
usemtl nova_cyan
f 235/977/265 236/978/265 244/979/265 243/980/265
f 236/981/266 237/982/266 245/983/266 244/984/266
f 237/985/267 238/986/267 246/987/267 245/988/267
f 238/989/268 239/990/268 247/991/268 246/992/268
f 239/993/269 240/994/269 248/995/269 247/996/269
f 240/997/270 241/998/270 249/999/270 248/1000/270
f 241/1001/271 242/1002/271 250/1003/271 249/1004/271
f 242/1005/272 235/1006/272 243/1007/272 250/1008/272
f 243/1009/273 244/1010/273 252/1011/273 251/1012/273
f 244/1013/274 245/1014/274 253/1015/274 252/1016/274
f 245/1017/275 246/1018/275 254/1019/275 253/1020/275
f 246/1021/276 247/1022/276 255/1023/276 254/1024/276
f 247/1025/277 248/1026/277 256/1027/277 255/1028/277
f 248/1029/278 249/1030/278 257/1031/278 256/1032/278
f 249/1033/279 250/1034/279 258/1035/279 257/1036/279
f 250/1037/280 243/1038/280 251/1039/280 258/1040/280
f 251/1041/281 252/1042/281 260/1043/281 259/1044/281
f 252/1045/282 253/1046/282 261/1047/282 260/1048/282
f 253/1049/283 254/1050/283 262/1051/283 261/1052/283
f 254/1053/284 255/1054/284 263/1055/284 262/1056/284
f 255/1057/285 256/1058/285 264/1059/285 263/1060/285
f 256/1061/286 257/1062/286 265/1063/286 264/1064/286
f 257/1065/287 258/1066/287 266/1067/287 265/1068/287
f 258/1069/288 251/1070/288 259/1071/288 266/1072/288
f 267/1073/289 236/1074/289 235/1075/289
f 268/1076/290 259/1077/290 260/1078/290
f 267/1079/291 237/1080/291 236/1081/291
f 268/1082/292 260/1083/292 261/1084/292
f 267/1085/293 238/1086/293 237/1087/293
f 268/1088/294 261/1089/294 262/1090/294
f 267/1091/295 239/1092/295 238/1093/295
f 268/1094/296 262/1095/296 263/1096/296
f 267/1097/297 240/1098/297 239/1099/297
f 268/1100/298 263/1101/298 264/1102/298
f 267/1103/299 241/1104/299 240/1105/299
f 268/1106/300 264/1107/300 265/1108/300
f 267/1109/301 242/1110/301 241/1111/301
f 268/1112/302 265/1113/302 266/1114/302
f 267/1115/303 235/1116/303 242/1117/303
f 268/1118/304 266/1119/304 259/1120/304
o lower_frame_fastener_1_4
v 0.096875 0.21625 0.596875
v 0.10937499999999999 0.21625 0.596875
v 0.11499999999999999 0.221875 0.596875
v 0.11499999999999999 0.234375 0.596875
v 0.10937499999999999 0.24 0.596875
v 0.096875 0.24 0.596875
v 0.09125 0.234375 0.596875
v 0.09125 0.221875 0.596875
v 0.09687499999999999 0.2125 0.6006250000000001
v 0.109375 0.2125 0.6006250000000001
v 0.11875 0.221875 0.6006250000000001
v 0.11875 0.234375 0.6006250000000001
v 0.109375 0.24375 0.6006250000000001
v 0.09687499999999999 0.24375 0.6006250000000001
v 0.0875 0.234375 0.6006250000000001
v 0.0875 0.221875 0.6006250000000001
v 0.09687499999999999 0.2125 0.61625
v 0.109375 0.2125 0.61625
v 0.11875 0.221875 0.61625
v 0.11875 0.234375 0.61625
v 0.109375 0.24375 0.61625
v 0.09687499999999999 0.24375 0.61625
v 0.0875 0.234375 0.61625
v 0.0875 0.221875 0.61625
v 0.096875 0.21625 0.62
v 0.10937499999999999 0.21625 0.62
v 0.11499999999999999 0.221875 0.62
v 0.11499999999999999 0.234375 0.62
v 0.10937499999999999 0.24 0.62
v 0.096875 0.24 0.62
v 0.09125 0.234375 0.62
v 0.09125 0.221875 0.62
v 0.103125 0.228125 0.596875
v 0.103125 0.228125 0.62
vt 0.096875 0.40312499999999996
vt 0.10937499999999999 0.40312499999999996
vt 0.109375 0.3993749999999999
vt 0.09687499999999999 0.3993749999999999
vt 0.10937499999999999 0.40312499999999996
vt 0.11499999999999999 0.40312499999999996
vt 0.11875 0.3993749999999999
vt 0.109375 0.3993749999999999
vt 0.596875 0.22187500000000004
vt 0.596875 0.234375
vt 0.6006250000000001 0.234375
vt 0.6006250000000001 0.22187500000000004
vt 0.11499999999999999 0.40312499999999996
vt 0.10937499999999999 0.40312499999999996
vt 0.109375 0.3993749999999999
vt 0.11875 0.3993749999999999
vt 0.10937499999999999 0.40312499999999996
vt 0.096875 0.40312499999999996
vt 0.09687499999999999 0.3993749999999999
vt 0.109375 0.3993749999999999
vt 0.096875 0.40312499999999996
vt 0.09125 0.40312499999999996
vt 0.0875 0.3993749999999999
vt 0.09687499999999999 0.3993749999999999
vt 0.596875 0.234375
vt 0.596875 0.22187500000000004
vt 0.6006250000000001 0.22187500000000004
vt 0.6006250000000001 0.234375
vt 0.09125 0.40312499999999996
vt 0.096875 0.40312499999999996
vt 0.09687499999999999 0.3993749999999999
vt 0.0875 0.3993749999999999
vt 0.09687499999999999 0.3993749999999999
vt 0.109375 0.3993749999999999
vt 0.109375 0.38375000000000004
vt 0.09687499999999999 0.38375000000000004
vt 0.6006250000000001 0.21250000000000002
vt 0.6006250000000001 0.22187500000000004
vt 0.61625 0.22187500000000004
vt 0.61625 0.21250000000000002
vt 0.6006250000000001 0.22187500000000004
vt 0.6006250000000001 0.234375
vt 0.61625 0.234375
vt 0.61625 0.22187500000000004
vt 0.6006250000000001 0.234375
vt 0.6006250000000001 0.24375000000000002
vt 0.61625 0.24375000000000002
vt 0.61625 0.234375
vt 0.109375 0.3993749999999999
vt 0.09687499999999999 0.3993749999999999
vt 0.09687499999999999 0.38375000000000004
vt 0.109375 0.38375000000000004
vt 0.6006250000000001 0.24375000000000002
vt 0.6006250000000001 0.234375
vt 0.61625 0.234375
vt 0.61625 0.24375000000000002
vt 0.6006250000000001 0.234375
vt 0.6006250000000001 0.22187500000000004
vt 0.61625 0.22187500000000004
vt 0.61625 0.234375
vt 0.6006250000000001 0.22187500000000004
vt 0.6006250000000001 0.21250000000000002
vt 0.61625 0.21250000000000002
vt 0.61625 0.22187500000000004
vt 0.09687499999999999 0.38375000000000004
vt 0.109375 0.38375000000000004
vt 0.10937499999999999 0.38
vt 0.096875 0.38
vt 0.61625 0.21250000000000002
vt 0.61625 0.22187500000000004
vt 0.62 0.22187500000000004
vt 0.62 0.21625000000000005
vt 0.61625 0.22187500000000004
vt 0.61625 0.234375
vt 0.62 0.234375
vt 0.62 0.22187500000000004
vt 0.61625 0.234375
vt 0.61625 0.24375000000000002
vt 0.62 0.24
vt 0.62 0.234375
vt 0.109375 0.38375000000000004
vt 0.09687499999999999 0.38375000000000004
vt 0.096875 0.38
vt 0.10937499999999999 0.38
vt 0.61625 0.24375000000000002
vt 0.61625 0.234375
vt 0.62 0.234375
vt 0.62 0.24
vt 0.61625 0.234375
vt 0.61625 0.22187500000000004
vt 0.62 0.22187500000000004
vt 0.62 0.234375
vt 0.61625 0.22187500000000004
vt 0.61625 0.21250000000000002
vt 0.62 0.21625000000000005
vt 0.62 0.22187500000000004
vt 0.103125 0.22812500000000002
vt 0.10937499999999999 0.21625000000000005
vt 0.096875 0.21625000000000005
vt 0.103125 0.22812500000000002
vt 0.096875 0.21625000000000005
vt 0.10937499999999999 0.21625000000000005
vt 0.103125 0.22812500000000002
vt 0.11499999999999999 0.22187500000000004
vt 0.10937499999999999 0.21625000000000005
vt 0.103125 0.22812500000000002
vt 0.10937499999999999 0.21625000000000005
vt 0.11499999999999999 0.22187500000000004
vt 0.103125 0.22812500000000002
vt 0.11499999999999999 0.234375
vt 0.11499999999999999 0.22187500000000004
vt 0.103125 0.22812500000000002
vt 0.11499999999999999 0.22187500000000004
vt 0.11499999999999999 0.234375
vt 0.103125 0.22812500000000002
vt 0.10937499999999999 0.24
vt 0.11499999999999999 0.234375
vt 0.103125 0.22812500000000002
vt 0.11499999999999999 0.234375
vt 0.10937499999999999 0.24
vt 0.103125 0.22812500000000002
vt 0.096875 0.24
vt 0.10937499999999999 0.24
vt 0.103125 0.22812500000000002
vt 0.10937499999999999 0.24
vt 0.096875 0.24
vt 0.103125 0.22812500000000002
vt 0.09125 0.234375
vt 0.096875 0.24
vt 0.103125 0.22812500000000002
vt 0.096875 0.24
vt 0.09125 0.234375
vt 0.103125 0.22812500000000002
vt 0.09125 0.22187500000000004
vt 0.09125 0.234375
vt 0.103125 0.22812500000000002
vt 0.09125 0.234375
vt 0.09125 0.22187500000000004
vt 0.103125 0.22812500000000002
vt 0.096875 0.21625000000000005
vt 0.09125 0.22187500000000004
vt 0.103125 0.22812500000000002
vt 0.09125 0.22187500000000004
vt 0.096875 0.21625000000000005
vn 0 -0.7071067811865501 -0.7071067811865449
vn 0.5773502691896267 -0.5773502691896282 -0.5773502691896225
vn 0.7071067811865501 0 -0.7071067811865449
vn 0.5773502691896256 0.5773502691896271 -0.5773502691896248
vn 0 0.7071067811865501 -0.7071067811865449
vn -0.5773502691896267 0.5773502691896282 -0.5773502691896225
vn -0.7071067811865501 0 -0.7071067811865449
vn -0.5773502691896256 -0.5773502691896271 -0.5773502691896248
vn 0 -1 0
vn 0.7071067811865476 -0.7071067811865476 0
vn 1 0 0
vn 0.7071067811865476 0.7071067811865476 0
vn 0 1 0
vn -0.7071067811865476 0.7071067811865476 0
vn -1 0 0
vn -0.7071067811865476 -0.7071067811865476 0
vn 0 -0.7071067811865501 0.7071067811865449
vn 0.5773502691896272 -0.5773502691896272 0.5773502691896231
vn 0.7071067811865501 0 0.7071067811865449
vn 0.5773502691896265 0.5773502691896265 0.5773502691896244
vn 0 0.7071067811865501 0.7071067811865449
vn -0.5773502691896272 0.5773502691896272 0.5773502691896231
vn -0.7071067811865501 0 0.7071067811865449
vn -0.5773502691896265 -0.5773502691896265 0.5773502691896244
vn 0 0 -1
vn 0 0 1
vn 0 0 -1
vn 0 0 1
vn 0 0 -1
vn 0 0 1
vn 0 0 -1
vn 0 0 1
vn 0 0 -1
vn 0 0 1
vn 0 0 -1
vn 0 0 1
vn 0 0 -1
vn 0 0 1
vn 0 0 -1
vn 0 0 1
usemtl nova_edge
f 269/1121/305 270/1122/305 278/1123/305 277/1124/305
f 270/1125/306 271/1126/306 279/1127/306 278/1128/306
f 271/1129/307 272/1130/307 280/1131/307 279/1132/307
f 272/1133/308 273/1134/308 281/1135/308 280/1136/308
f 273/1137/309 274/1138/309 282/1139/309 281/1140/309
f 274/1141/310 275/1142/310 283/1143/310 282/1144/310
f 275/1145/311 276/1146/311 284/1147/311 283/1148/311
f 276/1149/312 269/1150/312 277/1151/312 284/1152/312
f 277/1153/313 278/1154/313 286/1155/313 285/1156/313
f 278/1157/314 279/1158/314 287/1159/314 286/1160/314
f 279/1161/315 280/1162/315 288/1163/315 287/1164/315
f 280/1165/316 281/1166/316 289/1167/316 288/1168/316
f 281/1169/317 282/1170/317 290/1171/317 289/1172/317
f 282/1173/318 283/1174/318 291/1175/318 290/1176/318
f 283/1177/319 284/1178/319 292/1179/319 291/1180/319
f 284/1181/320 277/1182/320 285/1183/320 292/1184/320
f 285/1185/321 286/1186/321 294/1187/321 293/1188/321
f 286/1189/322 287/1190/322 295/1191/322 294/1192/322
f 287/1193/323 288/1194/323 296/1195/323 295/1196/323
f 288/1197/324 289/1198/324 297/1199/324 296/1200/324
f 289/1201/325 290/1202/325 298/1203/325 297/1204/325
f 290/1205/326 291/1206/326 299/1207/326 298/1208/326
f 291/1209/327 292/1210/327 300/1211/327 299/1212/327
f 292/1213/328 285/1214/328 293/1215/328 300/1216/328
f 301/1217/329 270/1218/329 269/1219/329
f 302/1220/330 293/1221/330 294/1222/330
f 301/1223/331 271/1224/331 270/1225/331
f 302/1226/332 294/1227/332 295/1228/332
f 301/1229/333 272/1230/333 271/1231/333
f 302/1232/334 295/1233/334 296/1234/334
f 301/1235/335 273/1236/335 272/1237/335
f 302/1238/336 296/1239/336 297/1240/336
f 301/1241/337 274/1242/337 273/1243/337
f 302/1244/338 297/1245/338 298/1246/338
f 301/1247/339 275/1248/339 274/1249/339
f 302/1250/340 298/1251/340 299/1252/340
f 301/1253/341 276/1254/341 275/1255/341
f 302/1256/342 299/1257/342 300/1258/342
f 301/1259/343 269/1260/343 276/1261/343
f 302/1262/344 300/1263/344 293/1264/344
o lower_frame_fastener_14_1
v 0.890625 0.21625 0.596875
v 0.9031250000000001 0.21625 0.596875
v 0.9087500000000001 0.221875 0.596875
v 0.9087500000000001 0.234375 0.596875
v 0.9031250000000001 0.24 0.596875
v 0.890625 0.24 0.596875
v 0.885 0.234375 0.596875
v 0.885 0.221875 0.596875
v 0.890625 0.2125 0.6006250000000001
v 0.903125 0.2125 0.6006250000000001
v 0.9125 0.221875 0.6006250000000001
v 0.9125 0.234375 0.6006250000000001
v 0.903125 0.24375 0.6006250000000001
v 0.890625 0.24375 0.6006250000000001
v 0.88125 0.234375 0.6006250000000001
v 0.88125 0.221875 0.6006250000000001
v 0.890625 0.2125 0.61625
v 0.903125 0.2125 0.61625
v 0.9125 0.221875 0.61625
v 0.9125 0.234375 0.61625
v 0.903125 0.24375 0.61625
v 0.890625 0.24375 0.61625
v 0.88125 0.234375 0.61625
v 0.88125 0.221875 0.61625
v 0.890625 0.21625 0.62
v 0.9031250000000001 0.21625 0.62
v 0.9087500000000001 0.221875 0.62
v 0.9087500000000001 0.234375 0.62
v 0.9031250000000001 0.24 0.62
v 0.890625 0.24 0.62
v 0.885 0.234375 0.62
v 0.885 0.221875 0.62
v 0.896875 0.228125 0.596875
v 0.896875 0.228125 0.62
vt 0.890625 0.40312499999999996
vt 0.9031250000000001 0.40312499999999996
vt 0.903125 0.3993749999999999
vt 0.890625 0.3993749999999999
vt 0.596875 0.21625000000000005
vt 0.596875 0.22187500000000004
vt 0.6006250000000001 0.22187500000000004
vt 0.6006250000000001 0.21250000000000002
vt 0.596875 0.22187500000000004
vt 0.596875 0.234375
vt 0.6006250000000001 0.234375
vt 0.6006250000000001 0.22187500000000004
vt 0.596875 0.234375
vt 0.596875 0.24
vt 0.6006250000000001 0.24375000000000002
vt 0.6006250000000001 0.234375
vt 0.9031250000000001 0.40312499999999996
vt 0.890625 0.40312499999999996
vt 0.890625 0.3993749999999999
vt 0.903125 0.3993749999999999
vt 0.596875 0.24
vt 0.596875 0.234375
vt 0.6006250000000001 0.234375
vt 0.6006250000000001 0.24375000000000002
vt 0.596875 0.234375
vt 0.596875 0.22187500000000004
vt 0.6006250000000001 0.22187500000000004
vt 0.6006250000000001 0.234375
vt 0.596875 0.22187500000000004
vt 0.596875 0.21625000000000005
vt 0.6006250000000001 0.21250000000000002
vt 0.6006250000000001 0.22187500000000004
vt 0.890625 0.3993749999999999
vt 0.903125 0.3993749999999999
vt 0.903125 0.38375000000000004
vt 0.890625 0.38375000000000004
vt 0.903125 0.3993749999999999
vt 0.9125 0.3993749999999999
vt 0.9125 0.38375000000000004
vt 0.903125 0.38375000000000004
vt 0.6006250000000001 0.22187500000000004
vt 0.6006250000000001 0.234375
vt 0.61625 0.234375
vt 0.61625 0.22187500000000004
vt 0.9125 0.3993749999999999
vt 0.903125 0.3993749999999999
vt 0.903125 0.38375000000000004
vt 0.9125 0.38375000000000004
vt 0.903125 0.3993749999999999
vt 0.890625 0.3993749999999999
vt 0.890625 0.38375000000000004
vt 0.903125 0.38375000000000004
vt 0.890625 0.3993749999999999
vt 0.88125 0.3993749999999999
vt 0.88125 0.38375000000000004
vt 0.890625 0.38375000000000004
vt 0.6006250000000001 0.234375
vt 0.6006250000000001 0.22187500000000004
vt 0.61625 0.22187500000000004
vt 0.61625 0.234375
vt 0.88125 0.3993749999999999
vt 0.890625 0.3993749999999999
vt 0.890625 0.38375000000000004
vt 0.88125 0.38375000000000004
vt 0.890625 0.38375000000000004
vt 0.903125 0.38375000000000004
vt 0.9031250000000001 0.38
vt 0.890625 0.38
vt 0.903125 0.38375000000000004
vt 0.9125 0.38375000000000004
vt 0.9087500000000001 0.38
vt 0.9031250000000001 0.38
vt 0.61625 0.22187500000000004
vt 0.61625 0.234375
vt 0.62 0.234375
vt 0.62 0.22187500000000004
vt 0.9125 0.38375000000000004
vt 0.903125 0.38375000000000004
vt 0.9031250000000001 0.38
vt 0.9087500000000001 0.38
vt 0.903125 0.38375000000000004
vt 0.890625 0.38375000000000004
vt 0.890625 0.38
vt 0.9031250000000001 0.38
vt 0.890625 0.38375000000000004
vt 0.88125 0.38375000000000004
vt 0.885 0.38
vt 0.890625 0.38
vt 0.61625 0.234375
vt 0.61625 0.22187500000000004
vt 0.62 0.22187500000000004
vt 0.62 0.234375
vt 0.88125 0.38375000000000004
vt 0.890625 0.38375000000000004
vt 0.890625 0.38
vt 0.885 0.38
vt 0.896875 0.22812500000000002
vt 0.9031250000000001 0.21625000000000005
vt 0.890625 0.21625000000000005
vt 0.896875 0.22812500000000002
vt 0.890625 0.21625000000000005
vt 0.9031250000000001 0.21625000000000005
vt 0.896875 0.22812500000000002
vt 0.9087500000000001 0.22187500000000004
vt 0.9031250000000001 0.21625000000000005
vt 0.896875 0.22812500000000002
vt 0.9031250000000001 0.21625000000000005
vt 0.9087500000000001 0.22187500000000004
vt 0.896875 0.22812500000000002
vt 0.9087500000000001 0.234375
vt 0.9087500000000001 0.22187500000000004
vt 0.896875 0.22812500000000002
vt 0.9087500000000001 0.22187500000000004
vt 0.9087500000000001 0.234375
vt 0.896875 0.22812500000000002
vt 0.9031250000000001 0.24
vt 0.9087500000000001 0.234375
vt 0.896875 0.22812500000000002
vt 0.9087500000000001 0.234375
vt 0.9031250000000001 0.24
vt 0.896875 0.22812500000000002
vt 0.890625 0.24
vt 0.9031250000000001 0.24
vt 0.896875 0.22812500000000002
vt 0.9031250000000001 0.24
vt 0.890625 0.24
vt 0.896875 0.22812500000000002
vt 0.885 0.234375
vt 0.890625 0.24
vt 0.896875 0.22812500000000002
vt 0.890625 0.24
vt 0.885 0.234375
vt 0.896875 0.22812500000000002
vt 0.885 0.22187500000000004
vt 0.885 0.234375
vt 0.896875 0.22812500000000002
vt 0.885 0.234375
vt 0.885 0.22187500000000004
vt 0.896875 0.22812500000000002
vt 0.890625 0.21625000000000005
vt 0.885 0.22187500000000004
vt 0.896875 0.22812500000000002
vt 0.885 0.22187500000000004
vt 0.890625 0.21625000000000005
vn 0 -0.7071067811865501 -0.7071067811865449
vn 0.5773502691896315 -0.5773502691896315 -0.5773502691896144
vn 0.707106781186558 0 -0.7071067811865371
vn 0.577350269189633 0.577350269189633 -0.5773502691896115
vn 0 0.7071067811865501 -0.7071067811865449
vn -0.5773502691896258 0.5773502691896258 -0.5773502691896257
vn -0.7071067811865476 0 -0.7071067811865476
vn -0.5773502691896272 -0.5773502691896272 -0.5773502691896228
vn 0 -1 0
vn 0.7071067811865465 -0.7071067811865486 0
vn 1 0 0
vn 0.7071067811865465 0.7071067811865486 0
vn 0 1 0
vn -0.7071067811865465 0.7071067811865486 0
vn -1 0 0
vn -0.7071067811865465 -0.7071067811865486 0
vn 0 -0.7071067811865502 0.7071067811865449
vn 0.5773502691896308 -0.5773502691896326 0.5773502691896139
vn 0.707106781186558 0 0.7071067811865371
vn 0.5773502691896317 0.5773502691896335 0.5773502691896121
vn 0 0.7071067811865502 0.7071067811865449
vn -0.5773502691896252 0.577350269189627 0.5773502691896253
vn -0.7071067811865476 0 0.7071067811865476
vn -0.5773502691896261 -0.5773502691896278 0.5773502691896236
vn 0 0 -1
vn 0 0 1
vn 0 0 -1
vn 0 0 1
vn 0 0 -1
vn 0 0 1
vn 0 0 -1
vn 0 0 1
vn 0 0 -1
vn 0 0 1
vn 0 0 -1
vn 0 0 1
vn 0 0 -1
vn 0 0 1
vn 0 0 -1
vn 0 0 1
usemtl nova_edge
f 303/1265/345 304/1266/345 312/1267/345 311/1268/345
f 304/1269/346 305/1270/346 313/1271/346 312/1272/346
f 305/1273/347 306/1274/347 314/1275/347 313/1276/347
f 306/1277/348 307/1278/348 315/1279/348 314/1280/348
f 307/1281/349 308/1282/349 316/1283/349 315/1284/349
f 308/1285/350 309/1286/350 317/1287/350 316/1288/350
f 309/1289/351 310/1290/351 318/1291/351 317/1292/351
f 310/1293/352 303/1294/352 311/1295/352 318/1296/352
f 311/1297/353 312/1298/353 320/1299/353 319/1300/353
f 312/1301/354 313/1302/354 321/1303/354 320/1304/354
f 313/1305/355 314/1306/355 322/1307/355 321/1308/355
f 314/1309/356 315/1310/356 323/1311/356 322/1312/356
f 315/1313/357 316/1314/357 324/1315/357 323/1316/357
f 316/1317/358 317/1318/358 325/1319/358 324/1320/358
f 317/1321/359 318/1322/359 326/1323/359 325/1324/359
f 318/1325/360 311/1326/360 319/1327/360 326/1328/360
f 319/1329/361 320/1330/361 328/1331/361 327/1332/361
f 320/1333/362 321/1334/362 329/1335/362 328/1336/362
f 321/1337/363 322/1338/363 330/1339/363 329/1340/363
f 322/1341/364 323/1342/364 331/1343/364 330/1344/364
f 323/1345/365 324/1346/365 332/1347/365 331/1348/365
f 324/1349/366 325/1350/366 333/1351/366 332/1352/366
f 325/1353/367 326/1354/367 334/1355/367 333/1356/367
f 326/1357/368 319/1358/368 327/1359/368 334/1360/368
f 335/1361/369 304/1362/369 303/1363/369
f 336/1364/370 327/1365/370 328/1366/370
f 335/1367/371 305/1368/371 304/1369/371
f 336/1370/372 328/1371/372 329/1372/372
f 335/1373/373 306/1374/373 305/1375/373
f 336/1376/374 329/1377/374 330/1378/374
f 335/1379/375 307/1380/375 306/1381/375
f 336/1382/376 330/1383/376 331/1384/376
f 335/1385/377 308/1386/377 307/1387/377
f 336/1388/378 331/1389/378 332/1390/378
f 335/1391/379 309/1392/379 308/1393/379
f 336/1394/380 332/1395/380 333/1396/380
f 335/1397/381 310/1398/381 309/1399/381
f 336/1400/382 333/1401/382 334/1402/382
f 335/1403/383 303/1404/383 310/1405/383
f 336/1406/384 334/1407/384 327/1408/384
o nova_animated_display
v 0.146875 0.233125 0.63875
v 0.853125 0.233125 0.63875
v 0.875 0.255 0.63875
v 0.875 0.8675 0.63875
v 0.853125 0.889375 0.63875
v 0.146875 0.889375 0.63875
v 0.125 0.8675 0.63875
v 0.125 0.255 0.63875
v 0.5 0.56125 0.63875
vt 0.5 0.5
vt 0.029166666666666636 0
vt 0.9708333333333333 0
vt 0.5 0.5
vt 0 0.033333333333333326
vt 0.029166666666666636 0
vt 0.5 0.5
vt 0 0.9666666666666667
vt 0 0.033333333333333326
vt 0.5 0.5
vt 0.029166666666666636 1
vt 0 0.9666666666666667
vt 0.5 0.5
vt 0.9708333333333333 1
vt 0.029166666666666636 1
vt 0.5 0.5
vt 1 0.9666666666666667
vt 0.9708333333333333 1
vt 0.5 0.5
vt 1 0.033333333333333326
vt 1 0.9666666666666667
vt 0.5 0.5
vt 0.9708333333333333 0
vt 1 0.033333333333333326
vn 0 0 -1
vn 0 0 -1
vn 0 0 -1
vn 0 0 -1
vn 0 0 -1
vn 0 0 -1
vn 0 0 -1
vn 0 0 -1
usemtl nova_screen
f 345/1409/385 338/1410/385 337/1411/385
f 345/1412/386 339/1413/386 338/1414/386
f 345/1415/387 340/1416/387 339/1417/387
f 345/1418/388 341/1419/388 340/1420/388
f 345/1421/389 342/1422/389 341/1423/389
f 345/1424/390 343/1425/390 342/1426/390
f 345/1427/391 344/1428/391 343/1429/391
f 345/1430/392 337/1431/392 344/1432/392
o lower_communications_chin
v 0.11562499999999999 0.065625 0.54375
v 0.884375 0.065625 0.54375
v 0.9125 0.09375 0.54375
v 0.9125 0.190625 0.54375
v 0.884375 0.21875 0.54375
v 0.11562499999999999 0.21875 0.54375
v 0.0875 0.190625 0.54375
v 0.0875 0.09375 0.54375
v 0.11562499999999999 0.05 0.559375
v 0.884375 0.05 0.559375
v 0.928125 0.09375 0.559375
v 0.928125 0.190625 0.559375
v 0.884375 0.234375 0.559375
v 0.11562499999999999 0.234375 0.559375
v 0.071875 0.190625 0.559375
v 0.071875 0.09375 0.559375
v 0.11562499999999999 0.05 0.853125
v 0.884375 0.05 0.853125
v 0.928125 0.09375 0.853125
v 0.928125 0.190625 0.853125
v 0.884375 0.234375 0.853125
v 0.11562499999999999 0.234375 0.853125
v 0.071875 0.190625 0.853125
v 0.071875 0.09375 0.853125
v 0.11562499999999999 0.065625 0.86875
v 0.884375 0.065625 0.86875
v 0.9125 0.09375 0.86875
v 0.9125 0.190625 0.86875
v 0.884375 0.21875 0.86875
v 0.11562499999999999 0.21875 0.86875
v 0.0875 0.190625 0.86875
v 0.0875 0.09375 0.86875
v 0.5 0.14218750000000002 0.54375
v 0.5 0.14218750000000002 0.86875
vt 0.11562499999999999 0.45625000000000004
vt 0.884375 0.45625000000000004
vt 0.884375 0.44062500000000004
vt 0.11562499999999999 0.44062500000000004
vt 0.884375 0.06562500000000004
vt 0.9125 0.09375
vt 0.928125 0.09375
vt 0.884375 0.050000000000000044
vt 0.54375 0.09375
vt 0.54375 0.19062500000000004
vt 0.559375 0.19062500000000004
vt 0.559375 0.09375
vt 0.54375 0.19062500000000004
vt 0.54375 0.21875
vt 0.559375 0.234375
vt 0.559375 0.19062500000000004
vt 0.884375 0.45625000000000004
vt 0.11562499999999999 0.45625000000000004
vt 0.11562499999999999 0.44062500000000004
vt 0.884375 0.44062500000000004
vt 0.54375 0.21875
vt 0.54375 0.19062500000000004
vt 0.559375 0.19062500000000004
vt 0.559375 0.234375
vt 0.54375 0.19062500000000004
vt 0.54375 0.09375
vt 0.559375 0.09375
vt 0.559375 0.19062500000000004
vt 0.54375 0.09375
vt 0.54375 0.06562500000000004
vt 0.559375 0.050000000000000044
vt 0.559375 0.09375
vt 0.11562499999999999 0.44062500000000004
vt 0.884375 0.44062500000000004
vt 0.884375 0.14687499999999998
vt 0.11562499999999999 0.14687499999999998
vt 0.559375 0.050000000000000044
vt 0.559375 0.09375
vt 0.853125 0.09375
vt 0.853125 0.050000000000000044
vt 0.559375 0.09375
vt 0.559375 0.19062500000000004
vt 0.853125 0.19062500000000004
vt 0.853125 0.09375
vt 0.559375 0.19062500000000004
vt 0.559375 0.234375
vt 0.853125 0.234375
vt 0.853125 0.19062500000000004
vt 0.884375 0.44062500000000004
vt 0.11562499999999999 0.44062500000000004
vt 0.11562499999999999 0.14687499999999998
vt 0.884375 0.14687499999999998
vt 0.559375 0.234375
vt 0.559375 0.19062500000000004
vt 0.853125 0.19062500000000004
vt 0.853125 0.234375
vt 0.559375 0.19062500000000004
vt 0.559375 0.09375
vt 0.853125 0.09375
vt 0.853125 0.19062500000000004
vt 0.559375 0.09375
vt 0.559375 0.050000000000000044
vt 0.853125 0.050000000000000044
vt 0.853125 0.09375
vt 0.11562499999999999 0.14687499999999998
vt 0.884375 0.14687499999999998
vt 0.884375 0.13124999999999998
vt 0.11562499999999999 0.13124999999999998
vt 0.853125 0.050000000000000044
vt 0.853125 0.09375
vt 0.86875 0.09375
vt 0.86875 0.06562500000000004
vt 0.853125 0.09375
vt 0.853125 0.19062500000000004
vt 0.86875 0.19062500000000004
vt 0.86875 0.09375
vt 0.853125 0.19062500000000004
vt 0.853125 0.234375
vt 0.86875 0.21875
vt 0.86875 0.19062500000000004
vt 0.884375 0.14687499999999998
vt 0.11562499999999999 0.14687499999999998
vt 0.11562499999999999 0.13124999999999998
vt 0.884375 0.13124999999999998
vt 0.853125 0.234375
vt 0.853125 0.19062500000000004
vt 0.86875 0.19062500000000004
vt 0.86875 0.21875
vt 0.853125 0.19062500000000004
vt 0.853125 0.09375
vt 0.86875 0.09375
vt 0.86875 0.19062500000000004
vt 0.853125 0.09375
vt 0.853125 0.050000000000000044
vt 0.86875 0.06562500000000004
vt 0.86875 0.09375
vt 0.5 0.14218750000000002
vt 0.884375 0.06562500000000004
vt 0.11562499999999999 0.06562500000000004
vt 0.5 0.14218750000000002
vt 0.11562499999999999 0.06562500000000004
vt 0.884375 0.06562500000000004
vt 0.5 0.14218750000000002
vt 0.9125 0.09375
vt 0.884375 0.06562500000000004
vt 0.5 0.14218750000000002
vt 0.884375 0.06562500000000004
vt 0.9125 0.09375
vt 0.5 0.14218750000000002
vt 0.9125 0.19062500000000004
vt 0.9125 0.09375
vt 0.5 0.14218750000000002
vt 0.9125 0.09375
vt 0.9125 0.19062500000000004
vt 0.5 0.14218750000000002
vt 0.884375 0.21875
vt 0.9125 0.19062500000000004
vt 0.5 0.14218750000000002
vt 0.9125 0.19062500000000004
vt 0.884375 0.21875
vt 0.5 0.14218750000000002
vt 0.11562499999999999 0.21875
vt 0.884375 0.21875
vt 0.5 0.14218750000000002
vt 0.884375 0.21875
vt 0.11562499999999999 0.21875
vt 0.5 0.14218750000000002
vt 0.0875 0.19062500000000004
vt 0.11562499999999999 0.21875
vt 0.5 0.14218750000000002
vt 0.11562499999999999 0.21875
vt 0.0875 0.19062500000000004
vt 0.5 0.14218750000000002
vt 0.0875 0.09375
vt 0.0875 0.19062500000000004
vt 0.5 0.14218750000000002
vt 0.0875 0.19062500000000004
vt 0.0875 0.09375
vt 0.5 0.14218750000000002
vt 0.11562499999999999 0.06562500000000004
vt 0.0875 0.09375
vt 0.5 0.14218750000000002
vt 0.0875 0.09375
vt 0.11562499999999999 0.06562500000000004
vn 0 -0.7071067811865476 -0.7071067811865476
vn 0.5773502691896261 -0.5773502691896252 -0.5773502691896262
vn 0.7071067811865476 0 -0.7071067811865476
vn 0.5773502691896266 0.5773502691896254 -0.5773502691896253
vn 0 0.7071067811865476 -0.7071067811865476
vn -0.5773502691896258 0.5773502691896255 -0.5773502691896258
vn -0.7071067811865476 0 -0.7071067811865476
vn -0.5773502691896257 -0.5773502691896257 -0.5773502691896257
vn 0 -1 0
vn 0.7071067811865479 -0.7071067811865472 0
vn 1 0 0
vn 0.7071067811865479 0.7071067811865471 0
vn 0 1 0
vn -0.7071067811865477 0.7071067811865475 0
vn -1 0 0
vn -0.7071067811865476 -0.7071067811865476 0
vn 0 -0.7071067811865476 0.7071067811865476
vn 0.577350269189626 -0.5773502691896254 0.577350269189626
vn 0.7071067811865476 0 0.7071067811865476
vn 0.5773502691896263 0.5773502691896256 0.5773502691896256
vn 0 0.7071067811865476 0.7071067811865476
vn -0.5773502691896258 0.5773502691896257 0.5773502691896258
vn -0.7071067811865476 0 0.7071067811865476
vn -0.5773502691896258 -0.5773502691896258 0.5773502691896258
vn 0 0 -1
vn 0 0 1
vn 0 0 -1
vn 0 0 1
vn 0 0 -1
vn 0 0 1
vn 0 0 -1
vn 0 0 1
vn 0 0 -1
vn 0 0 1
vn 0 0 -1
vn 0 0 1
vn 0 0 -1
vn 0 0 1
vn 0 0 -1
vn 0 0 1
usemtl nova_titanium
f 346/1433/393 347/1434/393 355/1435/393 354/1436/393
f 347/1437/394 348/1438/394 356/1439/394 355/1440/394
f 348/1441/395 349/1442/395 357/1443/395 356/1444/395
f 349/1445/396 350/1446/396 358/1447/396 357/1448/396
f 350/1449/397 351/1450/397 359/1451/397 358/1452/397
f 351/1453/398 352/1454/398 360/1455/398 359/1456/398
f 352/1457/399 353/1458/399 361/1459/399 360/1460/399
f 353/1461/400 346/1462/400 354/1463/400 361/1464/400
f 354/1465/401 355/1466/401 363/1467/401 362/1468/401
f 355/1469/402 356/1470/402 364/1471/402 363/1472/402
f 356/1473/403 357/1474/403 365/1475/403 364/1476/403
f 357/1477/404 358/1478/404 366/1479/404 365/1480/404
f 358/1481/405 359/1482/405 367/1483/405 366/1484/405
f 359/1485/406 360/1486/406 368/1487/406 367/1488/406
f 360/1489/407 361/1490/407 369/1491/407 368/1492/407
f 361/1493/408 354/1494/408 362/1495/408 369/1496/408
f 362/1497/409 363/1498/409 371/1499/409 370/1500/409
f 363/1501/410 364/1502/410 372/1503/410 371/1504/410
f 364/1505/411 365/1506/411 373/1507/411 372/1508/411
f 365/1509/412 366/1510/412 374/1511/412 373/1512/412
f 366/1513/413 367/1514/413 375/1515/413 374/1516/413
f 367/1517/414 368/1518/414 376/1519/414 375/1520/414
f 368/1521/415 369/1522/415 377/1523/415 376/1524/415
f 369/1525/416 362/1526/416 370/1527/416 377/1528/416
f 378/1529/417 347/1530/417 346/1531/417
f 379/1532/418 370/1533/418 371/1534/418
f 378/1535/419 348/1536/419 347/1537/419
f 379/1538/420 371/1539/420 372/1540/420
f 378/1541/421 349/1542/421 348/1543/421
f 379/1544/422 372/1545/422 373/1546/422
f 378/1547/423 350/1548/423 349/1549/423
f 379/1550/424 373/1551/424 374/1552/424
f 378/1553/425 351/1554/425 350/1555/425
f 379/1556/426 374/1557/426 375/1558/426
f 378/1559/427 352/1560/427 351/1561/427
f 379/1562/428 375/1563/428 376/1564/428
f 378/1565/429 353/1566/429 352/1567/429
f 379/1568/430 376/1569/430 377/1570/430
f 378/1571/431 346/1572/431 353/1573/431
f 379/1574/432 377/1575/432 370/1576/432
o chin_graphite_inset
v 0.17375000000000002 0.085625 0.524375
v 0.8262499999999999 0.085625 0.524375
v 0.8362499999999999 0.09562500000000002 0.524375
v 0.8362499999999999 0.17812499999999998 0.524375
v 0.8262499999999999 0.188125 0.524375
v 0.17375000000000002 0.188125 0.524375
v 0.16375 0.17812499999999998 0.524375
v 0.16375 0.09562500000000002 0.524375
v 0.17375000000000002 0.078125 0.531875
v 0.82625 0.078125 0.531875
v 0.84375 0.095625 0.531875
v 0.84375 0.17812499999999998 0.531875
v 0.82625 0.195625 0.531875
v 0.17375000000000002 0.195625 0.531875
v 0.15625 0.17812499999999998 0.531875
v 0.15625 0.095625 0.531875
v 0.17375000000000002 0.078125 0.544375
v 0.82625 0.078125 0.544375
v 0.84375 0.095625 0.544375
v 0.84375 0.17812499999999998 0.544375
v 0.82625 0.195625 0.544375
v 0.17375000000000002 0.195625 0.544375
v 0.15625 0.17812499999999998 0.544375
v 0.15625 0.095625 0.544375
v 0.17375000000000002 0.085625 0.551875
v 0.8262499999999999 0.085625 0.551875
v 0.8362499999999999 0.09562500000000002 0.551875
v 0.8362499999999999 0.17812499999999998 0.551875
v 0.8262499999999999 0.188125 0.551875
v 0.17375000000000002 0.188125 0.551875
v 0.16375 0.17812499999999998 0.551875
v 0.16375 0.09562500000000002 0.551875
v 0.5 0.136875 0.524375
v 0.5 0.136875 0.551875
vt 0.17375000000000002 0.08562500000000006
vt 0.8262499999999999 0.08562500000000006
vt 0.82625 0.078125
vt 0.17375000000000002 0.078125
vt 0.8262499999999999 0.08562500000000006
vt 0.8362499999999999 0.09562500000000007
vt 0.84375 0.09562499999999996
vt 0.82625 0.078125
vt 0.8362499999999999 0.09562500000000007
vt 0.8362499999999999 0.17812499999999998
vt 0.84375 0.17812499999999998
vt 0.84375 0.09562499999999996
vt 0.8362499999999999 0.17812499999999998
vt 0.8262499999999999 0.188125
vt 0.82625 0.19562499999999994
vt 0.84375 0.17812499999999998
vt 0.8262499999999999 0.188125
vt 0.17375000000000002 0.188125
vt 0.17375000000000002 0.19562499999999994
vt 0.82625 0.19562499999999994
vt 0.17375000000000002 0.188125
vt 0.16375 0.17812499999999998
vt 0.15625 0.17812499999999998
vt 0.17375000000000002 0.19562499999999994
vt 0.16375 0.17812499999999998
vt 0.16375 0.09562500000000007
vt 0.15625 0.09562499999999996
vt 0.15625 0.17812499999999998
vt 0.16375 0.09562500000000007
vt 0.17375000000000002 0.08562500000000006
vt 0.17375000000000002 0.078125
vt 0.15625 0.09562499999999996
vt 0.17375000000000002 0.468125
vt 0.82625 0.468125
vt 0.82625 0.45562499999999995
vt 0.17375000000000002 0.45562499999999995
vt 0.531875 0.078125
vt 0.531875 0.09562499999999996
vt 0.544375 0.09562499999999996
vt 0.544375 0.078125
vt 0.531875 0.09562499999999996
vt 0.531875 0.17812499999999998
vt 0.544375 0.17812499999999998
vt 0.544375 0.09562499999999996
vt 0.531875 0.17812499999999998
vt 0.531875 0.19562499999999994
vt 0.544375 0.19562499999999994
vt 0.544375 0.17812499999999998
vt 0.82625 0.468125
vt 0.17375000000000002 0.468125
vt 0.17375000000000002 0.45562499999999995
vt 0.82625 0.45562499999999995
vt 0.531875 0.19562499999999994
vt 0.531875 0.17812499999999998
vt 0.544375 0.17812499999999998
vt 0.544375 0.19562499999999994
vt 0.531875 0.17812499999999998
vt 0.531875 0.09562499999999996
vt 0.544375 0.09562499999999996
vt 0.544375 0.17812499999999998
vt 0.15625 0.468125
vt 0.17375000000000002 0.468125
vt 0.17375000000000002 0.45562499999999995
vt 0.15625 0.45562499999999995
vt 0.17375000000000002 0.078125
vt 0.82625 0.078125
vt 0.8262499999999999 0.08562500000000006
vt 0.17375000000000002 0.08562500000000006
vt 0.82625 0.078125
vt 0.84375 0.09562499999999996
vt 0.8362499999999999 0.09562500000000007
vt 0.8262499999999999 0.08562500000000006
vt 0.84375 0.09562499999999996
vt 0.84375 0.17812499999999998
vt 0.8362499999999999 0.17812499999999998
vt 0.8362499999999999 0.09562500000000007
vt 0.84375 0.17812499999999998
vt 0.82625 0.19562499999999994
vt 0.8262499999999999 0.188125
vt 0.8362499999999999 0.17812499999999998
vt 0.82625 0.19562499999999994
vt 0.17375000000000002 0.19562499999999994
vt 0.17375000000000002 0.188125
vt 0.8262499999999999 0.188125
vt 0.17375000000000002 0.19562499999999994
vt 0.15625 0.17812499999999998
vt 0.16375 0.17812499999999998
vt 0.17375000000000002 0.188125
vt 0.15625 0.17812499999999998
vt 0.15625 0.09562499999999996
vt 0.16375 0.09562500000000007
vt 0.16375 0.17812499999999998
vt 0.15625 0.09562499999999996
vt 0.17375000000000002 0.078125
vt 0.17375000000000002 0.08562500000000006
vt 0.16375 0.09562500000000007
vt 0.5 0.13687499999999997
vt 0.8262499999999999 0.08562500000000006
vt 0.17375000000000002 0.08562500000000006
vt 0.5 0.13687499999999997
vt 0.17375000000000002 0.08562500000000006
vt 0.8262499999999999 0.08562500000000006
vt 0.5 0.13687499999999997
vt 0.8362499999999999 0.09562500000000007
vt 0.8262499999999999 0.08562500000000006
vt 0.5 0.13687499999999997
vt 0.8262499999999999 0.08562500000000006
vt 0.8362499999999999 0.09562500000000007
vt 0.5 0.13687499999999997
vt 0.8362499999999999 0.17812499999999998
vt 0.8362499999999999 0.09562500000000007
vt 0.5 0.13687499999999997
vt 0.8362499999999999 0.09562500000000007
vt 0.8362499999999999 0.17812499999999998
vt 0.5 0.13687499999999997
vt 0.8262499999999999 0.188125
vt 0.8362499999999999 0.17812499999999998
vt 0.5 0.13687499999999997
vt 0.8362499999999999 0.17812499999999998
vt 0.8262499999999999 0.188125
vt 0.5 0.13687499999999997
vt 0.17375000000000002 0.188125
vt 0.8262499999999999 0.188125
vt 0.5 0.13687499999999997
vt 0.8262499999999999 0.188125
vt 0.17375000000000002 0.188125
vt 0.5 0.13687499999999997
vt 0.16375 0.17812499999999998
vt 0.17375000000000002 0.188125
vt 0.5 0.13687499999999997
vt 0.17375000000000002 0.188125
vt 0.16375 0.17812499999999998
vt 0.5 0.13687499999999997
vt 0.16375 0.09562500000000007
vt 0.16375 0.17812499999999998
vt 0.5 0.13687499999999997
vt 0.16375 0.17812499999999998
vt 0.16375 0.09562500000000007
vt 0.5 0.13687499999999997
vt 0.17375000000000002 0.08562500000000006
vt 0.16375 0.09562500000000007
vt 0.5 0.13687499999999997
vt 0.16375 0.09562500000000007
vt 0.17375000000000002 0.08562500000000006
vn 0 -0.7071067811865449 -0.7071067811865501
vn 0.5773502691896225 -0.5773502691896225 -0.5773502691896322
vn 0.7071067811865424 0 -0.7071067811865528
vn 0.5773502691896215 0.5773502691896215 -0.5773502691896344
vn 0 0.7071067811865449 -0.7071067811865501
vn -0.5773502691896243 0.5773502691896243 -0.5773502691896287
vn -0.7071067811865449 0 -0.7071067811865501
vn -0.5773502691896243 -0.5773502691896243 -0.5773502691896287
vn 0 -1 0
vn 0.7071067811865485 -0.7071067811865467 0
vn 1 0 0
vn 0.7071067811865487 0.7071067811865465 0
vn 0 1 0
vn -0.7071067811865476 0.7071067811865476 0
vn -1 0 0
vn -0.7071067811865472 -0.7071067811865478 0
vn 0 -0.7071067811865449 0.7071067811865501
vn 0.5773502691896231 -0.5773502691896217 0.5773502691896326
vn 0.7071067811865424 0 0.7071067811865527
vn 0.5773502691896227 0.577350269189621 0.5773502691896337
vn 0 0.7071067811865449 0.7071067811865501
vn -0.5773502691896244 0.5773502691896244 0.5773502691896286
vn -0.7071067811865449 0 0.7071067811865501
vn -0.577350269189624 -0.5773502691896245 0.5773502691896287
vn 0 0 -1
vn 0 0 1
vn 0 0 -1
vn 0 0 1
vn 0 0 -1
vn 0 0 1
vn 0 0 -1
vn 0 0 1
vn 0 0 -1
vn 0 0 1
vn 0 0 -1
vn 0 0 1
vn 0 0 -1
vn 0 0 1
vn 0 0 -1
vn 0 0 1
usemtl nova_graphite
f 380/1577/433 381/1578/433 389/1579/433 388/1580/433
f 381/1581/434 382/1582/434 390/1583/434 389/1584/434
f 382/1585/435 383/1586/435 391/1587/435 390/1588/435
f 383/1589/436 384/1590/436 392/1591/436 391/1592/436
f 384/1593/437 385/1594/437 393/1595/437 392/1596/437
f 385/1597/438 386/1598/438 394/1599/438 393/1600/438
f 386/1601/439 387/1602/439 395/1603/439 394/1604/439
f 387/1605/440 380/1606/440 388/1607/440 395/1608/440
f 388/1609/441 389/1610/441 397/1611/441 396/1612/441
f 389/1613/442 390/1614/442 398/1615/442 397/1616/442
f 390/1617/443 391/1618/443 399/1619/443 398/1620/443
f 391/1621/444 392/1622/444 400/1623/444 399/1624/444
f 392/1625/445 393/1626/445 401/1627/445 400/1628/445
f 393/1629/446 394/1630/446 402/1631/446 401/1632/446
f 394/1633/447 395/1634/447 403/1635/447 402/1636/447
f 395/1637/448 388/1638/448 396/1639/448 403/1640/448
f 396/1641/449 397/1642/449 405/1643/449 404/1644/449
f 397/1645/450 398/1646/450 406/1647/450 405/1648/450
f 398/1649/451 399/1650/451 407/1651/451 406/1652/451
f 399/1653/452 400/1654/452 408/1655/452 407/1656/452
f 400/1657/453 401/1658/453 409/1659/453 408/1660/453
f 401/1661/454 402/1662/454 410/1663/454 409/1664/454
f 402/1665/455 403/1666/455 411/1667/455 410/1668/455
f 403/1669/456 396/1670/456 404/1671/456 411/1672/456
f 412/1673/457 381/1674/457 380/1675/457
f 413/1676/458 404/1677/458 405/1678/458
f 412/1679/459 382/1680/459 381/1681/459
f 413/1682/460 405/1683/460 406/1684/460
f 412/1685/461 383/1686/461 382/1687/461
f 413/1688/462 406/1689/462 407/1690/462
f 412/1691/463 384/1692/463 383/1693/463
f 413/1694/464 407/1695/464 408/1696/464
f 412/1697/465 385/1698/465 384/1699/465
f 413/1700/466 408/1701/466 409/1702/466
f 412/1703/467 386/1704/467 385/1705/467
f 413/1706/468 409/1707/468 410/1708/468
f 412/1709/469 387/1710/469 386/1711/469
f 413/1712/470 410/1713/470 411/1714/470
f 412/1715/471 380/1716/471 387/1717/471
f 413/1718/472 411/1719/472 404/1720/472
o nova_identification_plate
v 0.28125 0.13 0.51625
v 0.71875 0.13 0.51625
v 0.71875 0.18875 0.51625
v 0.28125 0.18875 0.51625
vt 1 0
vt 1 1
vt 0 1
vt 0 0
vn 0 0 -1
usemtl nova_ident
f 414/1721/473 417/1722/473 416/1723/473 415/1724/473
o microphone_slot_0
v 0.31593750000000004 0.09343749999999999 0.515
v 0.3340625 0.09343749999999999 0.515
v 0.3359375 0.0953125 0.515
v 0.3359375 0.10281249999999999 0.515
v 0.3340625 0.10468749999999999 0.515
v 0.31593750000000004 0.10468749999999999 0.515
v 0.3140625 0.10281249999999999 0.515
v 0.3140625 0.0953125 0.515
v 0.3159375 0.091875 0.5165625
v 0.33406250000000004 0.091875 0.5165625
v 0.3375 0.0953125 0.5165625
v 0.3375 0.1028125 0.5165625
v 0.33406250000000004 0.10625 0.5165625
v 0.3159375 0.10625 0.5165625
v 0.3125 0.1028125 0.5165625
v 0.3125 0.0953125 0.5165625
v 0.3159375 0.091875 0.5234375
v 0.33406250000000004 0.091875 0.5234375
v 0.3375 0.0953125 0.5234375
v 0.3375 0.1028125 0.5234375
v 0.33406250000000004 0.10625 0.5234375
v 0.3159375 0.10625 0.5234375
v 0.3125 0.1028125 0.5234375
v 0.3125 0.0953125 0.5234375
v 0.31593750000000004 0.09343749999999999 0.525
v 0.3340625 0.09343749999999999 0.525
v 0.3359375 0.0953125 0.525
v 0.3359375 0.10281249999999999 0.525
v 0.3340625 0.10468749999999999 0.525
v 0.31593750000000004 0.10468749999999999 0.525
v 0.3140625 0.10281249999999999 0.525
v 0.3140625 0.0953125 0.525
v 0.325 0.0990625 0.515
v 0.325 0.0990625 0.525
vt 0.31593750000000004 0.485
vt 0.3340625 0.485
vt 0.33406250000000004 0.48343749999999996
vt 0.3159375 0.48343749999999996
vt 0.3340625 0.485
vt 0.3359375 0.485
vt 0.3375 0.48343749999999996
vt 0.33406250000000004 0.48343749999999996
vt 0.515 0.09531250000000002
vt 0.515 0.10281249999999997
vt 0.5165625 0.10281249999999997
vt 0.5165625 0.09531250000000002
vt 0.3359375 0.10281249999999997
vt 0.3340625 0.10468750000000004
vt 0.33406250000000004 0.10624999999999996
vt 0.3375 0.10281249999999997
vt 0.3340625 0.485
vt 0.31593750000000004 0.485
vt 0.3159375 0.48343749999999996
vt 0.33406250000000004 0.48343749999999996
vt 0.31593750000000004 0.10468750000000004
vt 0.3140625 0.10281249999999997
vt 0.3125 0.10281249999999997
vt 0.3159375 0.10624999999999996
vt 0.515 0.10281249999999997
vt 0.515 0.09531250000000002
vt 0.5165625 0.09531250000000002
vt 0.5165625 0.10281249999999997
vt 0.3140625 0.09531250000000002
vt 0.31593750000000004 0.09343749999999995
vt 0.3159375 0.09187500000000004
vt 0.3125 0.09531250000000002
vt 0.3159375 0.48343749999999996
vt 0.33406250000000004 0.48343749999999996
vt 0.33406250000000004 0.4765625
vt 0.3159375 0.4765625
vt 0.5165625 0.09187500000000004
vt 0.5165625 0.09531250000000002
vt 0.5234375 0.09531250000000002
vt 0.5234375 0.09187500000000004
vt 0.5165625 0.09531250000000002
vt 0.5165625 0.10281249999999997
vt 0.5234375 0.10281249999999997
vt 0.5234375 0.09531250000000002
vt 0.5165625 0.10281249999999997
vt 0.5165625 0.10624999999999996
vt 0.5234375 0.10624999999999996
vt 0.5234375 0.10281249999999997
vt 0.33406250000000004 0.48343749999999996
vt 0.3159375 0.48343749999999996
vt 0.3159375 0.4765625
vt 0.33406250000000004 0.4765625
vt 0.5165625 0.10624999999999996
vt 0.5165625 0.10281249999999997
vt 0.5234375 0.10281249999999997
vt 0.5234375 0.10624999999999996
vt 0.5165625 0.10281249999999997
vt 0.5165625 0.09531250000000002
vt 0.5234375 0.09531250000000002
vt 0.5234375 0.10281249999999997
vt 0.5165625 0.09531250000000002
vt 0.5165625 0.09187500000000004
vt 0.5234375 0.09187500000000004
vt 0.5234375 0.09531250000000002
vt 0.3159375 0.4765625
vt 0.33406250000000004 0.4765625
vt 0.3340625 0.475
vt 0.31593750000000004 0.475
vt 0.5234375 0.09187500000000004
vt 0.5234375 0.09531250000000002
vt 0.525 0.09531250000000002
vt 0.525 0.09343749999999995
vt 0.5234375 0.09531250000000002
vt 0.5234375 0.10281249999999997
vt 0.525 0.10281249999999997
vt 0.525 0.09531250000000002
vt 0.3375 0.10281249999999997
vt 0.33406250000000004 0.10624999999999996
vt 0.3340625 0.10468750000000004
vt 0.3359375 0.10281249999999997
vt 0.33406250000000004 0.4765625
vt 0.3159375 0.4765625
vt 0.31593750000000004 0.475
vt 0.3340625 0.475
vt 0.3159375 0.10624999999999996
vt 0.3125 0.10281249999999997
vt 0.3140625 0.10281249999999997
vt 0.31593750000000004 0.10468750000000004
vt 0.5234375 0.10281249999999997
vt 0.5234375 0.09531250000000002
vt 0.525 0.09531250000000002
vt 0.525 0.10281249999999997
vt 0.3125 0.09531250000000002
vt 0.3159375 0.09187500000000004
vt 0.31593750000000004 0.09343749999999995
vt 0.3140625 0.09531250000000002
vt 0.325 0.09906250000000005
vt 0.3340625 0.09343749999999995
vt 0.31593750000000004 0.09343749999999995
vt 0.325 0.09906250000000005
vt 0.31593750000000004 0.09343749999999995
vt 0.3340625 0.09343749999999995
vt 0.325 0.09906250000000005
vt 0.3359375 0.09531250000000002
vt 0.3340625 0.09343749999999995
vt 0.325 0.09906250000000005
vt 0.3340625 0.09343749999999995
vt 0.3359375 0.09531250000000002
vt 0.325 0.09906250000000005
vt 0.3359375 0.10281249999999997
vt 0.3359375 0.09531250000000002
vt 0.325 0.09906250000000005
vt 0.3359375 0.09531250000000002
vt 0.3359375 0.10281249999999997
vt 0.325 0.09906250000000005
vt 0.3340625 0.10468750000000004
vt 0.3359375 0.10281249999999997
vt 0.325 0.09906250000000005
vt 0.3359375 0.10281249999999997
vt 0.3340625 0.10468750000000004
vt 0.325 0.09906250000000005
vt 0.31593750000000004 0.10468750000000004
vt 0.3340625 0.10468750000000004
vt 0.325 0.09906250000000005
vt 0.3340625 0.10468750000000004
vt 0.31593750000000004 0.10468750000000004
vt 0.325 0.09906250000000005
vt 0.3140625 0.10281249999999997
vt 0.31593750000000004 0.10468750000000004
vt 0.325 0.09906250000000005
vt 0.31593750000000004 0.10468750000000004
vt 0.3140625 0.10281249999999997
vt 0.325 0.09906250000000005
vt 0.3140625 0.09531250000000002
vt 0.3140625 0.10281249999999997
vt 0.325 0.09906250000000005
vt 0.3140625 0.10281249999999997
vt 0.3140625 0.09531250000000002
vt 0.325 0.09906250000000005
vt 0.31593750000000004 0.09343749999999995
vt 0.3140625 0.09531250000000002
vt 0.325 0.09906250000000005
vt 0.3140625 0.09531250000000002
vt 0.31593750000000004 0.09343749999999995
vn 0 -0.7071067811865538 -0.7071067811865412
vn 0.5773502691896244 -0.5773502691896287 -0.5773502691896244
vn 0.7071067811865476 0 -0.7071067811865476
vn 0.5773502691896178 0.5773502691896222 -0.5773502691896374
vn 0 0.7071067811865507 -0.7071067811865445
vn -0.5773502691896226 0.577350269189627 -0.5773502691896277
vn -0.7071067811865476 0 -0.7071067811865476
vn -0.5773502691896195 -0.5773502691896238 -0.5773502691896342
vn 0 -1 0
vn 0.7071067811865489 -0.7071067811865461 0
vn 1 0 0
vn 0.7071067811865489 0.7071067811865461 0
vn 0 1 0
vn -0.7071067811865489 0.7071067811865461 0
vn -1 0 0
vn -0.7071067811865489 -0.7071067811865461 0
vn 0 -0.7071067811865538 0.7071067811865414
vn 0.5773502691896265 -0.5773502691896243 0.5773502691896265
vn 0.7071067811865476 0 0.7071067811865476
vn 0.5773502691896222 0.57735026918962 0.5773502691896353
vn 0 0.7071067811865507 0.7071067811865445
vn -0.5773502691896248 0.5773502691896225 0.57735026918963
vn -0.7071067811865476 0 0.7071067811865476
vn -0.5773502691896238 -0.5773502691896216 0.577350269189632
vn 0 0 -1
vn 0 0 1
vn 0 0 -1
vn 0 0 1
vn 0 0 -1
vn 0 0 1
vn 0 0 -1
vn 0 0 1
vn 0 0 -1
vn 0 0 1
vn 0 0 -1
vn 0 0 1
vn 0 0 -1
vn 0 0 1
vn 0 0 -1
vn 0 0 1
usemtl nova_recess
f 418/1725/474 419/1726/474 427/1727/474 426/1728/474
f 419/1729/475 420/1730/475 428/1731/475 427/1732/475
f 420/1733/476 421/1734/476 429/1735/476 428/1736/476
f 421/1737/477 422/1738/477 430/1739/477 429/1740/477
f 422/1741/478 423/1742/478 431/1743/478 430/1744/478
f 423/1745/479 424/1746/479 432/1747/479 431/1748/479
f 424/1749/480 425/1750/480 433/1751/480 432/1752/480
f 425/1753/481 418/1754/481 426/1755/481 433/1756/481
f 426/1757/482 427/1758/482 435/1759/482 434/1760/482
f 427/1761/483 428/1762/483 436/1763/483 435/1764/483
f 428/1765/484 429/1766/484 437/1767/484 436/1768/484
f 429/1769/485 430/1770/485 438/1771/485 437/1772/485
f 430/1773/486 431/1774/486 439/1775/486 438/1776/486
f 431/1777/487 432/1778/487 440/1779/487 439/1780/487
f 432/1781/488 433/1782/488 441/1783/488 440/1784/488
f 433/1785/489 426/1786/489 434/1787/489 441/1788/489
f 434/1789/490 435/1790/490 443/1791/490 442/1792/490
f 435/1793/491 436/1794/491 444/1795/491 443/1796/491
f 436/1797/492 437/1798/492 445/1799/492 444/1800/492
f 437/1801/493 438/1802/493 446/1803/493 445/1804/493
f 438/1805/494 439/1806/494 447/1807/494 446/1808/494
f 439/1809/495 440/1810/495 448/1811/495 447/1812/495
f 440/1813/496 441/1814/496 449/1815/496 448/1816/496
f 441/1817/497 434/1818/497 442/1819/497 449/1820/497
f 450/1821/498 419/1822/498 418/1823/498
f 451/1824/499 442/1825/499 443/1826/499
f 450/1827/500 420/1828/500 419/1829/500
f 451/1830/501 443/1831/501 444/1832/501
f 450/1833/502 421/1834/502 420/1835/502
f 451/1836/503 444/1837/503 445/1838/503
f 450/1839/504 422/1840/504 421/1841/504
f 451/1842/505 445/1843/505 446/1844/505
f 450/1845/506 423/1846/506 422/1847/506
f 451/1848/507 446/1849/507 447/1850/507
f 450/1851/508 424/1852/508 423/1853/508
f 451/1854/509 447/1855/509 448/1856/509
f 450/1857/510 425/1858/510 424/1859/510
f 451/1860/511 448/1861/511 449/1862/511
f 450/1863/512 418/1864/512 425/1865/512
f 451/1866/513 449/1867/513 442/1868/513
o microphone_slot_1
v 0.35781250000000003 0.09343749999999999 0.515
v 0.3759375 0.09343749999999999 0.515
v 0.3778125 0.0953125 0.515
v 0.3778125 0.10281249999999999 0.515
v 0.3759375 0.10468749999999999 0.515
v 0.35781250000000003 0.10468749999999999 0.515
v 0.3559375 0.10281249999999999 0.515
v 0.3559375 0.0953125 0.515
v 0.3578125 0.091875 0.5165625
v 0.37593750000000004 0.091875 0.5165625
v 0.379375 0.0953125 0.5165625
v 0.379375 0.1028125 0.5165625
v 0.37593750000000004 0.10625 0.5165625
v 0.3578125 0.10625 0.5165625
v 0.354375 0.1028125 0.5165625
v 0.354375 0.0953125 0.5165625
v 0.3578125 0.091875 0.5234375
v 0.37593750000000004 0.091875 0.5234375
v 0.379375 0.0953125 0.5234375
v 0.379375 0.1028125 0.5234375
v 0.37593750000000004 0.10625 0.5234375
v 0.3578125 0.10625 0.5234375
v 0.354375 0.1028125 0.5234375
v 0.354375 0.0953125 0.5234375
v 0.35781250000000003 0.09343749999999999 0.525
v 0.3759375 0.09343749999999999 0.525
v 0.3778125 0.0953125 0.525
v 0.3778125 0.10281249999999999 0.525
v 0.3759375 0.10468749999999999 0.525
v 0.35781250000000003 0.10468749999999999 0.525
v 0.3559375 0.10281249999999999 0.525
v 0.3559375 0.0953125 0.525
v 0.366875 0.0990625 0.515
v 0.366875 0.0990625 0.525
vt 0.35781250000000003 0.485
vt 0.3759375 0.485
vt 0.37593750000000004 0.48343749999999996
vt 0.3578125 0.48343749999999996
vt 0.3759375 0.485
vt 0.3778125 0.485
vt 0.379375 0.48343749999999996
vt 0.37593750000000004 0.48343749999999996
vt 0.515 0.09531250000000002
vt 0.515 0.10281249999999997
vt 0.5165625 0.10281249999999997
vt 0.5165625 0.09531250000000002
vt 0.3778125 0.10281249999999997
vt 0.3759375 0.10468750000000004
vt 0.37593750000000004 0.10624999999999996
vt 0.379375 0.10281249999999997
vt 0.3759375 0.485
vt 0.35781250000000003 0.485
vt 0.3578125 0.48343749999999996
vt 0.37593750000000004 0.48343749999999996
vt 0.35781250000000003 0.10468750000000004
vt 0.3559375 0.10281249999999997
vt 0.354375 0.10281249999999997
vt 0.3578125 0.10624999999999996
vt 0.515 0.10281249999999997
vt 0.515 0.09531250000000002
vt 0.5165625 0.09531250000000002
vt 0.5165625 0.10281249999999997
vt 0.3559375 0.09531250000000002
vt 0.35781250000000003 0.09343749999999995
vt 0.3578125 0.09187500000000004
vt 0.354375 0.09531250000000002
vt 0.3578125 0.48343749999999996
vt 0.37593750000000004 0.48343749999999996
vt 0.37593750000000004 0.4765625
vt 0.3578125 0.4765625
vt 0.5165625 0.09187500000000004
vt 0.5165625 0.09531250000000002
vt 0.5234375 0.09531250000000002
vt 0.5234375 0.09187500000000004
vt 0.5165625 0.09531250000000002
vt 0.5165625 0.10281249999999997
vt 0.5234375 0.10281249999999997
vt 0.5234375 0.09531250000000002
vt 0.5165625 0.10281249999999997
vt 0.5165625 0.10624999999999996
vt 0.5234375 0.10624999999999996
vt 0.5234375 0.10281249999999997
vt 0.37593750000000004 0.48343749999999996
vt 0.3578125 0.48343749999999996
vt 0.3578125 0.4765625
vt 0.37593750000000004 0.4765625
vt 0.5165625 0.10624999999999996
vt 0.5165625 0.10281249999999997
vt 0.5234375 0.10281249999999997
vt 0.5234375 0.10624999999999996
vt 0.5165625 0.10281249999999997
vt 0.5165625 0.09531250000000002
vt 0.5234375 0.09531250000000002
vt 0.5234375 0.10281249999999997
vt 0.5165625 0.09531250000000002
vt 0.5165625 0.09187500000000004
vt 0.5234375 0.09187500000000004
vt 0.5234375 0.09531250000000002
vt 0.3578125 0.4765625
vt 0.37593750000000004 0.4765625
vt 0.3759375 0.475
vt 0.35781250000000003 0.475
vt 0.5234375 0.09187500000000004
vt 0.5234375 0.09531250000000002
vt 0.525 0.09531250000000002
vt 0.525 0.09343749999999995
vt 0.5234375 0.09531250000000002
vt 0.5234375 0.10281249999999997
vt 0.525 0.10281249999999997
vt 0.525 0.09531250000000002
vt 0.379375 0.10281249999999997
vt 0.37593750000000004 0.10624999999999996
vt 0.3759375 0.10468750000000004
vt 0.3778125 0.10281249999999997
vt 0.37593750000000004 0.4765625
vt 0.3578125 0.4765625
vt 0.35781250000000003 0.475
vt 0.3759375 0.475
vt 0.3578125 0.10624999999999996
vt 0.354375 0.10281249999999997
vt 0.3559375 0.10281249999999997
vt 0.35781250000000003 0.10468750000000004
vt 0.5234375 0.10281249999999997
vt 0.5234375 0.09531250000000002
vt 0.525 0.09531250000000002
vt 0.525 0.10281249999999997
vt 0.354375 0.09531250000000002
vt 0.3578125 0.09187500000000004
vt 0.35781250000000003 0.09343749999999995
vt 0.3559375 0.09531250000000002
vt 0.366875 0.09906250000000005
vt 0.3759375 0.09343749999999995
vt 0.35781250000000003 0.09343749999999995
vt 0.366875 0.09906250000000005
vt 0.35781250000000003 0.09343749999999995
vt 0.3759375 0.09343749999999995
vt 0.366875 0.09906250000000005
vt 0.3778125 0.09531250000000002
vt 0.3759375 0.09343749999999995
vt 0.366875 0.09906250000000005
vt 0.3759375 0.09343749999999995
vt 0.3778125 0.09531250000000002
vt 0.366875 0.09906250000000005
vt 0.3778125 0.10281249999999997
vt 0.3778125 0.09531250000000002
vt 0.366875 0.09906250000000005
vt 0.3778125 0.09531250000000002
vt 0.3778125 0.10281249999999997
vt 0.366875 0.09906250000000005
vt 0.3759375 0.10468750000000004
vt 0.3778125 0.10281249999999997
vt 0.366875 0.09906250000000005
vt 0.3778125 0.10281249999999997
vt 0.3759375 0.10468750000000004
vt 0.366875 0.09906250000000005
vt 0.35781250000000003 0.10468750000000004
vt 0.3759375 0.10468750000000004
vt 0.366875 0.09906250000000005
vt 0.3759375 0.10468750000000004
vt 0.35781250000000003 0.10468750000000004
vt 0.366875 0.09906250000000005
vt 0.3559375 0.10281249999999997
vt 0.35781250000000003 0.10468750000000004
vt 0.366875 0.09906250000000005
vt 0.35781250000000003 0.10468750000000004
vt 0.3559375 0.10281249999999997
vt 0.366875 0.09906250000000005
vt 0.3559375 0.09531250000000002
vt 0.3559375 0.10281249999999997
vt 0.366875 0.09906250000000005
vt 0.3559375 0.10281249999999997
vt 0.3559375 0.09531250000000002
vt 0.366875 0.09906250000000005
vt 0.35781250000000003 0.09343749999999995
vt 0.3559375 0.09531250000000002
vt 0.366875 0.09906250000000005
vt 0.3559375 0.09531250000000002
vt 0.35781250000000003 0.09343749999999995
vn 0 -0.7071067811865538 -0.7071067811865412
vn 0.5773502691896244 -0.5773502691896287 -0.5773502691896244
vn 0.7071067811865476 0 -0.7071067811865476
vn 0.5773502691896178 0.5773502691896222 -0.5773502691896374
vn 0 0.7071067811865507 -0.7071067811865445
vn -0.5773502691896226 0.577350269189627 -0.5773502691896277
vn -0.7071067811865476 0 -0.7071067811865476
vn -0.5773502691896195 -0.5773502691896238 -0.5773502691896342
vn 0 -1 0
vn 0.7071067811865489 -0.7071067811865461 0
vn 1 0 0
vn 0.7071067811865489 0.7071067811865461 0
vn 0 1 0
vn -0.7071067811865489 0.7071067811865461 0
vn -1 0 0
vn -0.7071067811865489 -0.7071067811865461 0
vn 0 -0.7071067811865538 0.7071067811865414
vn 0.5773502691896265 -0.5773502691896243 0.5773502691896265
vn 0.7071067811865476 0 0.7071067811865476
vn 0.5773502691896222 0.57735026918962 0.5773502691896353
vn 0 0.7071067811865507 0.7071067811865445
vn -0.5773502691896248 0.5773502691896225 0.57735026918963
vn -0.7071067811865476 0 0.7071067811865476
vn -0.5773502691896238 -0.5773502691896216 0.577350269189632
vn 0 0 -1
vn 0 0 1
vn 0 0 -1
vn 0 0 1
vn 0 0 -1
vn 0 0 1
vn 0 0 -1
vn 0 0 1
vn 0 0 -1
vn 0 0 1
vn 0 0 -1
vn 0 0 1
vn 0 0 -1
vn 0 0 1
vn 0 0 -1
vn 0 0 1
usemtl nova_recess
f 452/1869/514 453/1870/514 461/1871/514 460/1872/514
f 453/1873/515 454/1874/515 462/1875/515 461/1876/515
f 454/1877/516 455/1878/516 463/1879/516 462/1880/516
f 455/1881/517 456/1882/517 464/1883/517 463/1884/517
f 456/1885/518 457/1886/518 465/1887/518 464/1888/518
f 457/1889/519 458/1890/519 466/1891/519 465/1892/519
f 458/1893/520 459/1894/520 467/1895/520 466/1896/520
f 459/1897/521 452/1898/521 460/1899/521 467/1900/521
f 460/1901/522 461/1902/522 469/1903/522 468/1904/522
f 461/1905/523 462/1906/523 470/1907/523 469/1908/523
f 462/1909/524 463/1910/524 471/1911/524 470/1912/524
f 463/1913/525 464/1914/525 472/1915/525 471/1916/525
f 464/1917/526 465/1918/526 473/1919/526 472/1920/526
f 465/1921/527 466/1922/527 474/1923/527 473/1924/527
f 466/1925/528 467/1926/528 475/1927/528 474/1928/528
f 467/1929/529 460/1930/529 468/1931/529 475/1932/529
f 468/1933/530 469/1934/530 477/1935/530 476/1936/530
f 469/1937/531 470/1938/531 478/1939/531 477/1940/531
f 470/1941/532 471/1942/532 479/1943/532 478/1944/532
f 471/1945/533 472/1946/533 480/1947/533 479/1948/533
f 472/1949/534 473/1950/534 481/1951/534 480/1952/534
f 473/1953/535 474/1954/535 482/1955/535 481/1956/535
f 474/1957/536 475/1958/536 483/1959/536 482/1960/536
f 475/1961/537 468/1962/537 476/1963/537 483/1964/537
f 484/1965/538 453/1966/538 452/1967/538
f 485/1968/539 476/1969/539 477/1970/539
f 484/1971/540 454/1972/540 453/1973/540
f 485/1974/541 477/1975/541 478/1976/541
f 484/1977/542 455/1978/542 454/1979/542
f 485/1980/543 478/1981/543 479/1982/543
f 484/1983/544 456/1984/544 455/1985/544
f 485/1986/545 479/1987/545 480/1988/545
f 484/1989/546 457/1990/546 456/1991/546
f 485/1992/547 480/1993/547 481/1994/547
f 484/1995/548 458/1996/548 457/1997/548
f 485/1998/549 481/1999/549 482/2000/549
f 484/2001/550 459/2002/550 458/2003/550
f 485/2004/551 482/2005/551 483/2006/551
f 484/2007/552 452/2008/552 459/2009/552
f 485/2010/553 483/2011/553 476/2012/553
o microphone_slot_2
v 0.39968750000000003 0.09343749999999999 0.515
v 0.4178125 0.09343749999999999 0.515
v 0.4196875 0.0953125 0.515
v 0.4196875 0.10281249999999999 0.515
v 0.4178125 0.10468749999999999 0.515
v 0.39968750000000003 0.10468749999999999 0.515
v 0.3978125 0.10281249999999999 0.515
v 0.3978125 0.0953125 0.515
v 0.3996875 0.091875 0.5165625
v 0.41781250000000003 0.091875 0.5165625
v 0.42125 0.0953125 0.5165625
v 0.42125 0.1028125 0.5165625
v 0.41781250000000003 0.10625 0.5165625
v 0.3996875 0.10625 0.5165625
v 0.39625 0.1028125 0.5165625
v 0.39625 0.0953125 0.5165625
v 0.3996875 0.091875 0.5234375
v 0.41781250000000003 0.091875 0.5234375
v 0.42125 0.0953125 0.5234375
v 0.42125 0.1028125 0.5234375
v 0.41781250000000003 0.10625 0.5234375
v 0.3996875 0.10625 0.5234375
v 0.39625 0.1028125 0.5234375
v 0.39625 0.0953125 0.5234375
v 0.39968750000000003 0.09343749999999999 0.525
v 0.4178125 0.09343749999999999 0.525
v 0.4196875 0.0953125 0.525
v 0.4196875 0.10281249999999999 0.525
v 0.4178125 0.10468749999999999 0.525
v 0.39968750000000003 0.10468749999999999 0.525
v 0.3978125 0.10281249999999999 0.525
v 0.3978125 0.0953125 0.525
v 0.40875 0.0990625 0.515
v 0.40875 0.0990625 0.525
vt 0.39968750000000003 0.485
vt 0.4178125 0.485
vt 0.41781250000000003 0.48343749999999996
vt 0.3996875 0.48343749999999996
vt 0.4178125 0.485
vt 0.4196875 0.485
vt 0.42125 0.48343749999999996
vt 0.41781250000000003 0.48343749999999996
vt 0.515 0.09531250000000002
vt 0.515 0.10281249999999997
vt 0.5165625 0.10281249999999997
vt 0.5165625 0.09531250000000002
vt 0.4196875 0.10281249999999997
vt 0.4178125 0.10468750000000004
vt 0.41781250000000003 0.10624999999999996
vt 0.42125 0.10281249999999997
vt 0.4178125 0.485
vt 0.39968750000000003 0.485
vt 0.3996875 0.48343749999999996
vt 0.41781250000000003 0.48343749999999996
vt 0.39968750000000003 0.10468750000000004
vt 0.3978125 0.10281249999999997
vt 0.39625 0.10281249999999997
vt 0.3996875 0.10624999999999996
vt 0.515 0.10281249999999997
vt 0.515 0.09531250000000002
vt 0.5165625 0.09531250000000002
vt 0.5165625 0.10281249999999997
vt 0.3978125 0.09531250000000002
vt 0.39968750000000003 0.09343749999999995
vt 0.3996875 0.09187500000000004
vt 0.39625 0.09531250000000002
vt 0.3996875 0.48343749999999996
vt 0.41781250000000003 0.48343749999999996
vt 0.41781250000000003 0.4765625
vt 0.3996875 0.4765625
vt 0.5165625 0.09187500000000004
vt 0.5165625 0.09531250000000002
vt 0.5234375 0.09531250000000002
vt 0.5234375 0.09187500000000004
vt 0.5165625 0.09531250000000002
vt 0.5165625 0.10281249999999997
vt 0.5234375 0.10281249999999997
vt 0.5234375 0.09531250000000002
vt 0.5165625 0.10281249999999997
vt 0.5165625 0.10624999999999996
vt 0.5234375 0.10624999999999996
vt 0.5234375 0.10281249999999997
vt 0.41781250000000003 0.48343749999999996
vt 0.3996875 0.48343749999999996
vt 0.3996875 0.4765625
vt 0.41781250000000003 0.4765625
vt 0.5165625 0.10624999999999996
vt 0.5165625 0.10281249999999997
vt 0.5234375 0.10281249999999997
vt 0.5234375 0.10624999999999996
vt 0.5165625 0.10281249999999997
vt 0.5165625 0.09531250000000002
vt 0.5234375 0.09531250000000002
vt 0.5234375 0.10281249999999997
vt 0.5165625 0.09531250000000002
vt 0.5165625 0.09187500000000004
vt 0.5234375 0.09187500000000004
vt 0.5234375 0.09531250000000002
vt 0.3996875 0.4765625
vt 0.41781250000000003 0.4765625
vt 0.4178125 0.475
vt 0.39968750000000003 0.475
vt 0.5234375 0.09187500000000004
vt 0.5234375 0.09531250000000002
vt 0.525 0.09531250000000002
vt 0.525 0.09343749999999995
vt 0.5234375 0.09531250000000002
vt 0.5234375 0.10281249999999997
vt 0.525 0.10281249999999997
vt 0.525 0.09531250000000002
vt 0.42125 0.10281249999999997
vt 0.41781250000000003 0.10624999999999996
vt 0.4178125 0.10468750000000004
vt 0.4196875 0.10281249999999997
vt 0.41781250000000003 0.4765625
vt 0.3996875 0.4765625
vt 0.39968750000000003 0.475
vt 0.4178125 0.475
vt 0.3996875 0.10624999999999996
vt 0.39625 0.10281249999999997
vt 0.3978125 0.10281249999999997
vt 0.39968750000000003 0.10468750000000004
vt 0.5234375 0.10281249999999997
vt 0.5234375 0.09531250000000002
vt 0.525 0.09531250000000002
vt 0.525 0.10281249999999997
vt 0.39625 0.09531250000000002
vt 0.3996875 0.09187500000000004
vt 0.39968750000000003 0.09343749999999995
vt 0.3978125 0.09531250000000002
vt 0.40875 0.09906250000000005
vt 0.4178125 0.09343749999999995
vt 0.39968750000000003 0.09343749999999995
vt 0.40875 0.09906250000000005
vt 0.39968750000000003 0.09343749999999995
vt 0.4178125 0.09343749999999995
vt 0.40875 0.09906250000000005
vt 0.4196875 0.09531250000000002
vt 0.4178125 0.09343749999999995
vt 0.40875 0.09906250000000005
vt 0.4178125 0.09343749999999995
vt 0.4196875 0.09531250000000002
vt 0.40875 0.09906250000000005
vt 0.4196875 0.10281249999999997
vt 0.4196875 0.09531250000000002
vt 0.40875 0.09906250000000005
vt 0.4196875 0.09531250000000002
vt 0.4196875 0.10281249999999997
vt 0.40875 0.09906250000000005
vt 0.4178125 0.10468750000000004
vt 0.4196875 0.10281249999999997
vt 0.40875 0.09906250000000005
vt 0.4196875 0.10281249999999997
vt 0.4178125 0.10468750000000004
vt 0.40875 0.09906250000000005
vt 0.39968750000000003 0.10468750000000004
vt 0.4178125 0.10468750000000004
vt 0.40875 0.09906250000000005
vt 0.4178125 0.10468750000000004
vt 0.39968750000000003 0.10468750000000004
vt 0.40875 0.09906250000000005
vt 0.3978125 0.10281249999999997
vt 0.39968750000000003 0.10468750000000004
vt 0.40875 0.09906250000000005
vt 0.39968750000000003 0.10468750000000004
vt 0.3978125 0.10281249999999997
vt 0.40875 0.09906250000000005
vt 0.3978125 0.09531250000000002
vt 0.3978125 0.10281249999999997
vt 0.40875 0.09906250000000005
vt 0.3978125 0.10281249999999997
vt 0.3978125 0.09531250000000002
vt 0.40875 0.09906250000000005
vt 0.39968750000000003 0.09343749999999995
vt 0.3978125 0.09531250000000002
vt 0.40875 0.09906250000000005
vt 0.3978125 0.09531250000000002
vt 0.39968750000000003 0.09343749999999995
vn 0 -0.7071067811865538 -0.7071067811865412
vn 0.5773502691896244 -0.5773502691896287 -0.5773502691896244
vn 0.7071067811865476 0 -0.7071067811865476
vn 0.5773502691896178 0.5773502691896222 -0.5773502691896374
vn 0 0.7071067811865507 -0.7071067811865445
vn -0.5773502691896226 0.577350269189627 -0.5773502691896277
vn -0.7071067811865476 0 -0.7071067811865476
vn -0.5773502691896195 -0.5773502691896238 -0.5773502691896342
vn 0 -1 0
vn 0.7071067811865489 -0.7071067811865461 0
vn 1 0 0
vn 0.7071067811865489 0.7071067811865461 0
vn 0 1 0
vn -0.7071067811865489 0.7071067811865461 0
vn -1 0 0
vn -0.7071067811865489 -0.7071067811865461 0
vn 0 -0.7071067811865538 0.7071067811865414
vn 0.5773502691896265 -0.5773502691896243 0.5773502691896265
vn 0.7071067811865476 0 0.7071067811865476
vn 0.5773502691896222 0.57735026918962 0.5773502691896353
vn 0 0.7071067811865507 0.7071067811865445
vn -0.5773502691896248 0.5773502691896225 0.57735026918963
vn -0.7071067811865476 0 0.7071067811865476
vn -0.5773502691896238 -0.5773502691896216 0.577350269189632
vn 0 0 -1
vn 0 0 1
vn 0 0 -1
vn 0 0 1
vn 0 0 -1
vn 0 0 1
vn 0 0 -1
vn 0 0 1
vn 0 0 -1
vn 0 0 1
vn 0 0 -1
vn 0 0 1
vn 0 0 -1
vn 0 0 1
vn 0 0 -1
vn 0 0 1
usemtl nova_recess
f 486/2013/554 487/2014/554 495/2015/554 494/2016/554
f 487/2017/555 488/2018/555 496/2019/555 495/2020/555
f 488/2021/556 489/2022/556 497/2023/556 496/2024/556
f 489/2025/557 490/2026/557 498/2027/557 497/2028/557
f 490/2029/558 491/2030/558 499/2031/558 498/2032/558
f 491/2033/559 492/2034/559 500/2035/559 499/2036/559
f 492/2037/560 493/2038/560 501/2039/560 500/2040/560
f 493/2041/561 486/2042/561 494/2043/561 501/2044/561
f 494/2045/562 495/2046/562 503/2047/562 502/2048/562
f 495/2049/563 496/2050/563 504/2051/563 503/2052/563
f 496/2053/564 497/2054/564 505/2055/564 504/2056/564
f 497/2057/565 498/2058/565 506/2059/565 505/2060/565
f 498/2061/566 499/2062/566 507/2063/566 506/2064/566
f 499/2065/567 500/2066/567 508/2067/567 507/2068/567
f 500/2069/568 501/2070/568 509/2071/568 508/2072/568
f 501/2073/569 494/2074/569 502/2075/569 509/2076/569
f 502/2077/570 503/2078/570 511/2079/570 510/2080/570
f 503/2081/571 504/2082/571 512/2083/571 511/2084/571
f 504/2085/572 505/2086/572 513/2087/572 512/2088/572
f 505/2089/573 506/2090/573 514/2091/573 513/2092/573
f 506/2093/574 507/2094/574 515/2095/574 514/2096/574
f 507/2097/575 508/2098/575 516/2099/575 515/2100/575
f 508/2101/576 509/2102/576 517/2103/576 516/2104/576
f 509/2105/577 502/2106/577 510/2107/577 517/2108/577
f 518/2109/578 487/2110/578 486/2111/578
f 519/2112/579 510/2113/579 511/2114/579
f 518/2115/580 488/2116/580 487/2117/580
f 519/2118/581 511/2119/581 512/2120/581
f 518/2121/582 489/2122/582 488/2123/582
f 519/2124/583 512/2125/583 513/2126/583
f 518/2127/584 490/2128/584 489/2129/584
f 519/2130/585 513/2131/585 514/2132/585
f 518/2133/586 491/2134/586 490/2135/586
f 519/2136/587 514/2137/587 515/2138/587
f 518/2139/588 492/2140/588 491/2141/588
f 519/2142/589 515/2143/589 516/2144/589
f 518/2145/590 493/2146/590 492/2147/590
f 519/2148/591 516/2149/591 517/2150/591
f 518/2151/592 486/2152/592 493/2153/592
f 519/2154/593 517/2155/593 510/2156/593
o microphone_slot_3
v 0.4415625 0.09343749999999999 0.515
v 0.45968749999999997 0.09343749999999999 0.515
v 0.4615625 0.0953125 0.515
v 0.4615625 0.10281249999999999 0.515
v 0.45968749999999997 0.10468749999999999 0.515
v 0.4415625 0.10468749999999999 0.515
v 0.4396875 0.10281249999999999 0.515
v 0.4396875 0.0953125 0.515
v 0.44156249999999997 0.091875 0.5165625
v 0.4596875 0.091875 0.5165625
v 0.463125 0.0953125 0.5165625
v 0.463125 0.1028125 0.5165625
v 0.4596875 0.10625 0.5165625
v 0.44156249999999997 0.10625 0.5165625
v 0.438125 0.1028125 0.5165625
v 0.438125 0.0953125 0.5165625
v 0.44156249999999997 0.091875 0.5234375
v 0.4596875 0.091875 0.5234375
v 0.463125 0.0953125 0.5234375
v 0.463125 0.1028125 0.5234375
v 0.4596875 0.10625 0.5234375
v 0.44156249999999997 0.10625 0.5234375
v 0.438125 0.1028125 0.5234375
v 0.438125 0.0953125 0.5234375
v 0.4415625 0.09343749999999999 0.525
v 0.45968749999999997 0.09343749999999999 0.525
v 0.4615625 0.0953125 0.525
v 0.4615625 0.10281249999999999 0.525
v 0.45968749999999997 0.10468749999999999 0.525
v 0.4415625 0.10468749999999999 0.525
v 0.4396875 0.10281249999999999 0.525
v 0.4396875 0.0953125 0.525
v 0.450625 0.0990625 0.515
v 0.450625 0.0990625 0.525
vt 0.4415625 0.485
vt 0.45968749999999997 0.485
vt 0.4596875 0.48343749999999996
vt 0.44156249999999997 0.48343749999999996
vt 0.45968749999999997 0.485
vt 0.4615625 0.485
vt 0.463125 0.48343749999999996
vt 0.4596875 0.48343749999999996
vt 0.515 0.09531250000000002
vt 0.515 0.10281249999999997
vt 0.5165625 0.10281249999999997
vt 0.5165625 0.09531250000000002
vt 0.4615625 0.10281249999999997
vt 0.45968749999999997 0.10468750000000004
vt 0.4596875 0.10624999999999996
vt 0.463125 0.10281249999999997
vt 0.45968749999999997 0.485
vt 0.4415625 0.485
vt 0.44156249999999997 0.48343749999999996
vt 0.4596875 0.48343749999999996
vt 0.4415625 0.10468750000000004
vt 0.4396875 0.10281249999999997
vt 0.438125 0.10281249999999997
vt 0.44156249999999997 0.10624999999999996
vt 0.515 0.10281249999999997
vt 0.515 0.09531250000000002
vt 0.5165625 0.09531250000000002
vt 0.5165625 0.10281249999999997
vt 0.4396875 0.09531250000000002
vt 0.4415625 0.09343749999999995
vt 0.44156249999999997 0.09187500000000004
vt 0.438125 0.09531250000000002
vt 0.44156249999999997 0.48343749999999996
vt 0.4596875 0.48343749999999996
vt 0.4596875 0.4765625
vt 0.44156249999999997 0.4765625
vt 0.5165625 0.09187500000000004
vt 0.5165625 0.09531250000000002
vt 0.5234375 0.09531250000000002
vt 0.5234375 0.09187500000000004
vt 0.5165625 0.09531250000000002
vt 0.5165625 0.10281249999999997
vt 0.5234375 0.10281249999999997
vt 0.5234375 0.09531250000000002
vt 0.5165625 0.10281249999999997
vt 0.5165625 0.10624999999999996
vt 0.5234375 0.10624999999999996
vt 0.5234375 0.10281249999999997
vt 0.4596875 0.48343749999999996
vt 0.44156249999999997 0.48343749999999996
vt 0.44156249999999997 0.4765625
vt 0.4596875 0.4765625
vt 0.5165625 0.10624999999999996
vt 0.5165625 0.10281249999999997
vt 0.5234375 0.10281249999999997
vt 0.5234375 0.10624999999999996
vt 0.5165625 0.10281249999999997
vt 0.5165625 0.09531250000000002
vt 0.5234375 0.09531250000000002
vt 0.5234375 0.10281249999999997
vt 0.5165625 0.09531250000000002
vt 0.5165625 0.09187500000000004
vt 0.5234375 0.09187500000000004
vt 0.5234375 0.09531250000000002
vt 0.44156249999999997 0.4765625
vt 0.4596875 0.4765625
vt 0.45968749999999997 0.475
vt 0.4415625 0.475
vt 0.5234375 0.09187500000000004
vt 0.5234375 0.09531250000000002
vt 0.525 0.09531250000000002
vt 0.525 0.09343749999999995
vt 0.5234375 0.09531250000000002
vt 0.5234375 0.10281249999999997
vt 0.525 0.10281249999999997
vt 0.525 0.09531250000000002
vt 0.463125 0.10281249999999997
vt 0.4596875 0.10624999999999996
vt 0.45968749999999997 0.10468750000000004
vt 0.4615625 0.10281249999999997
vt 0.4596875 0.4765625
vt 0.44156249999999997 0.4765625
vt 0.4415625 0.475
vt 0.45968749999999997 0.475
vt 0.44156249999999997 0.10624999999999996
vt 0.438125 0.10281249999999997
vt 0.4396875 0.10281249999999997
vt 0.4415625 0.10468750000000004
vt 0.5234375 0.10281249999999997
vt 0.5234375 0.09531250000000002
vt 0.525 0.09531250000000002
vt 0.525 0.10281249999999997
vt 0.438125 0.09531250000000002
vt 0.44156249999999997 0.09187500000000004
vt 0.4415625 0.09343749999999995
vt 0.4396875 0.09531250000000002
vt 0.450625 0.09906250000000005
vt 0.45968749999999997 0.09343749999999995
vt 0.4415625 0.09343749999999995
vt 0.450625 0.09906250000000005
vt 0.4415625 0.09343749999999995
vt 0.45968749999999997 0.09343749999999995
vt 0.450625 0.09906250000000005
vt 0.4615625 0.09531250000000002
vt 0.45968749999999997 0.09343749999999995
vt 0.450625 0.09906250000000005
vt 0.45968749999999997 0.09343749999999995
vt 0.4615625 0.09531250000000002
vt 0.450625 0.09906250000000005
vt 0.4615625 0.10281249999999997
vt 0.4615625 0.09531250000000002
vt 0.450625 0.09906250000000005
vt 0.4615625 0.09531250000000002
vt 0.4615625 0.10281249999999997
vt 0.450625 0.09906250000000005
vt 0.45968749999999997 0.10468750000000004
vt 0.4615625 0.10281249999999997
vt 0.450625 0.09906250000000005
vt 0.4615625 0.10281249999999997
vt 0.45968749999999997 0.10468750000000004
vt 0.450625 0.09906250000000005
vt 0.4415625 0.10468750000000004
vt 0.45968749999999997 0.10468750000000004
vt 0.450625 0.09906250000000005
vt 0.45968749999999997 0.10468750000000004
vt 0.4415625 0.10468750000000004
vt 0.450625 0.09906250000000005
vt 0.4396875 0.10281249999999997
vt 0.4415625 0.10468750000000004
vt 0.450625 0.09906250000000005
vt 0.4415625 0.10468750000000004
vt 0.4396875 0.10281249999999997
vt 0.450625 0.09906250000000005
vt 0.4396875 0.09531250000000002
vt 0.4396875 0.10281249999999997
vt 0.450625 0.09906250000000005
vt 0.4396875 0.10281249999999997
vt 0.4396875 0.09531250000000002
vt 0.450625 0.09906250000000005
vt 0.4415625 0.09343749999999995
vt 0.4396875 0.09531250000000002
vt 0.450625 0.09906250000000005
vt 0.4396875 0.09531250000000002
vt 0.4415625 0.09343749999999995
vn 0 -0.7071067811865538 -0.7071067811865412
vn 0.5773502691896244 -0.5773502691896287 -0.5773502691896244
vn 0.7071067811865476 0 -0.7071067811865476
vn 0.5773502691896178 0.5773502691896222 -0.5773502691896374
vn 0 0.7071067811865507 -0.7071067811865445
vn -0.5773502691896226 0.577350269189627 -0.5773502691896277
vn -0.7071067811865476 0 -0.7071067811865476
vn -0.5773502691896195 -0.5773502691896238 -0.5773502691896342
vn 0 -1 0
vn 0.7071067811865489 -0.7071067811865461 0
vn 1 0 0
vn 0.7071067811865489 0.7071067811865461 0
vn 0 1 0
vn -0.7071067811865489 0.7071067811865461 0
vn -1 0 0
vn -0.7071067811865489 -0.7071067811865461 0
vn 0 -0.7071067811865538 0.7071067811865414
vn 0.5773502691896265 -0.5773502691896243 0.5773502691896265
vn 0.7071067811865476 0 0.7071067811865476
vn 0.5773502691896222 0.57735026918962 0.5773502691896353
vn 0 0.7071067811865507 0.7071067811865445
vn -0.5773502691896248 0.5773502691896225 0.57735026918963
vn -0.7071067811865476 0 0.7071067811865476
vn -0.5773502691896238 -0.5773502691896216 0.577350269189632
vn 0 0 -1
vn 0 0 1
vn 0 0 -1
vn 0 0 1
vn 0 0 -1
vn 0 0 1
vn 0 0 -1
vn 0 0 1
vn 0 0 -1
vn 0 0 1
vn 0 0 -1
vn 0 0 1
vn 0 0 -1
vn 0 0 1
vn 0 0 -1
vn 0 0 1
usemtl nova_recess
f 520/2157/594 521/2158/594 529/2159/594 528/2160/594
f 521/2161/595 522/2162/595 530/2163/595 529/2164/595
f 522/2165/596 523/2166/596 531/2167/596 530/2168/596
f 523/2169/597 524/2170/597 532/2171/597 531/2172/597
f 524/2173/598 525/2174/598 533/2175/598 532/2176/598
f 525/2177/599 526/2178/599 534/2179/599 533/2180/599
f 526/2181/600 527/2182/600 535/2183/600 534/2184/600
f 527/2185/601 520/2186/601 528/2187/601 535/2188/601
f 528/2189/602 529/2190/602 537/2191/602 536/2192/602
f 529/2193/603 530/2194/603 538/2195/603 537/2196/603
f 530/2197/604 531/2198/604 539/2199/604 538/2200/604
f 531/2201/605 532/2202/605 540/2203/605 539/2204/605
f 532/2205/606 533/2206/606 541/2207/606 540/2208/606
f 533/2209/607 534/2210/607 542/2211/607 541/2212/607
f 534/2213/608 535/2214/608 543/2215/608 542/2216/608
f 535/2217/609 528/2218/609 536/2219/609 543/2220/609
f 536/2221/610 537/2222/610 545/2223/610 544/2224/610
f 537/2225/611 538/2226/611 546/2227/611 545/2228/611
f 538/2229/612 539/2230/612 547/2231/612 546/2232/612
f 539/2233/613 540/2234/613 548/2235/613 547/2236/613
f 540/2237/614 541/2238/614 549/2239/614 548/2240/614
f 541/2241/615 542/2242/615 550/2243/615 549/2244/615
f 542/2245/616 543/2246/616 551/2247/616 550/2248/616
f 543/2249/617 536/2250/617 544/2251/617 551/2252/617
f 552/2253/618 521/2254/618 520/2255/618
f 553/2256/619 544/2257/619 545/2258/619
f 552/2259/620 522/2260/620 521/2261/620
f 553/2262/621 545/2263/621 546/2264/621
f 552/2265/622 523/2266/622 522/2267/622
f 553/2268/623 546/2269/623 547/2270/623
f 552/2271/624 524/2272/624 523/2273/624
f 553/2274/625 547/2275/625 548/2276/625
f 552/2277/626 525/2278/626 524/2279/626
f 553/2280/627 548/2281/627 549/2282/627
f 552/2283/628 526/2284/628 525/2285/628
f 553/2286/629 549/2287/629 550/2288/629
f 552/2289/630 527/2290/630 526/2291/630
f 553/2292/631 550/2293/631 551/2294/631
f 552/2295/632 520/2296/632 527/2297/632
f 553/2298/633 551/2299/633 544/2300/633
o microphone_slot_4
v 0.4834375 0.09343749999999999 0.515
v 0.5015625 0.09343749999999999 0.515
v 0.5034375 0.0953125 0.515
v 0.5034375 0.10281249999999999 0.515
v 0.5015625 0.10468749999999999 0.515
v 0.4834375 0.10468749999999999 0.515
v 0.4815625 0.10281249999999999 0.515
v 0.4815625 0.0953125 0.515
v 0.48343749999999996 0.091875 0.5165625
v 0.5015625 0.091875 0.5165625
v 0.505 0.0953125 0.5165625
v 0.505 0.1028125 0.5165625
v 0.5015625 0.10625 0.5165625
v 0.48343749999999996 0.10625 0.5165625
v 0.48 0.1028125 0.5165625
v 0.48 0.0953125 0.5165625
v 0.48343749999999996 0.091875 0.5234375
v 0.5015625 0.091875 0.5234375
v 0.505 0.0953125 0.5234375
v 0.505 0.1028125 0.5234375
v 0.5015625 0.10625 0.5234375
v 0.48343749999999996 0.10625 0.5234375
v 0.48 0.1028125 0.5234375
v 0.48 0.0953125 0.5234375
v 0.4834375 0.09343749999999999 0.525
v 0.5015625 0.09343749999999999 0.525
v 0.5034375 0.0953125 0.525
v 0.5034375 0.10281249999999999 0.525
v 0.5015625 0.10468749999999999 0.525
v 0.4834375 0.10468749999999999 0.525
v 0.4815625 0.10281249999999999 0.525
v 0.4815625 0.0953125 0.525
v 0.4925 0.0990625 0.515
v 0.4925 0.0990625 0.525
vt 0.4834375 0.485
vt 0.5015625 0.485
vt 0.5015625 0.48343749999999996
vt 0.48343749999999996 0.48343749999999996
vt 0.515 0.09343749999999995
vt 0.515 0.09531250000000002
vt 0.5165625 0.09531250000000002
vt 0.5165625 0.09187500000000004
vt 0.515 0.09531250000000002
vt 0.515 0.10281249999999997
vt 0.5165625 0.10281249999999997
vt 0.5165625 0.09531250000000002
vt 0.515 0.10281249999999997
vt 0.515 0.10468750000000004
vt 0.5165625 0.10624999999999996
vt 0.5165625 0.10281249999999997
vt 0.5015625 0.485
vt 0.4834375 0.485
vt 0.48343749999999996 0.48343749999999996
vt 0.5015625 0.48343749999999996
vt 0.4834375 0.10468750000000004
vt 0.4815625 0.10281249999999997
vt 0.48 0.10281249999999997
vt 0.48343749999999996 0.10624999999999996
vt 0.515 0.10281249999999997
vt 0.515 0.09531250000000002
vt 0.5165625 0.09531250000000002
vt 0.5165625 0.10281249999999997
vt 0.4815625 0.09531250000000002
vt 0.4834375 0.09343749999999995
vt 0.48343749999999996 0.09187500000000004
vt 0.48 0.09531250000000002
vt 0.48343749999999996 0.48343749999999996
vt 0.5015625 0.48343749999999996
vt 0.5015625 0.4765625
vt 0.48343749999999996 0.4765625
vt 0.5165625 0.09187500000000004
vt 0.5165625 0.09531250000000002
vt 0.5234375 0.09531250000000002
vt 0.5234375 0.09187500000000004
vt 0.5165625 0.09531250000000002
vt 0.5165625 0.10281249999999997
vt 0.5234375 0.10281249999999997
vt 0.5234375 0.09531250000000002
vt 0.5165625 0.10281249999999997
vt 0.5165625 0.10624999999999996
vt 0.5234375 0.10624999999999996
vt 0.5234375 0.10281249999999997
vt 0.5015625 0.48343749999999996
vt 0.48343749999999996 0.48343749999999996
vt 0.48343749999999996 0.4765625
vt 0.5015625 0.4765625
vt 0.5165625 0.10624999999999996
vt 0.5165625 0.10281249999999997
vt 0.5234375 0.10281249999999997
vt 0.5234375 0.10624999999999996
vt 0.5165625 0.10281249999999997
vt 0.5165625 0.09531250000000002
vt 0.5234375 0.09531250000000002
vt 0.5234375 0.10281249999999997
vt 0.5165625 0.09531250000000002
vt 0.5165625 0.09187500000000004
vt 0.5234375 0.09187500000000004
vt 0.5234375 0.09531250000000002
vt 0.48343749999999996 0.4765625
vt 0.5015625 0.4765625
vt 0.5015625 0.475
vt 0.4834375 0.475
vt 0.5234375 0.09187500000000004
vt 0.5234375 0.09531250000000002
vt 0.525 0.09531250000000002
vt 0.525 0.09343749999999995
vt 0.5234375 0.09531250000000002
vt 0.5234375 0.10281249999999997
vt 0.525 0.10281249999999997
vt 0.525 0.09531250000000002
vt 0.5234375 0.10281249999999997
vt 0.5234375 0.10624999999999996
vt 0.525 0.10468750000000004
vt 0.525 0.10281249999999997
vt 0.5015625 0.4765625
vt 0.48343749999999996 0.4765625
vt 0.4834375 0.475
vt 0.5015625 0.475
vt 0.48343749999999996 0.10624999999999996
vt 0.48 0.10281249999999997
vt 0.4815625 0.10281249999999997
vt 0.4834375 0.10468750000000004
vt 0.5234375 0.10281249999999997
vt 0.5234375 0.09531250000000002
vt 0.525 0.09531250000000002
vt 0.525 0.10281249999999997
vt 0.48 0.09531250000000002
vt 0.48343749999999996 0.09187500000000004
vt 0.4834375 0.09343749999999995
vt 0.4815625 0.09531250000000002
vt 0.4925 0.09906250000000005
vt 0.5015625 0.09343749999999995
vt 0.4834375 0.09343749999999995
vt 0.4925 0.09906250000000005
vt 0.4834375 0.09343749999999995
vt 0.5015625 0.09343749999999995
vt 0.4925 0.09906250000000005
vt 0.5034375 0.09531250000000002
vt 0.5015625 0.09343749999999995
vt 0.4925 0.09906250000000005
vt 0.5015625 0.09343749999999995
vt 0.5034375 0.09531250000000002
vt 0.4925 0.09906250000000005
vt 0.5034375 0.10281249999999997
vt 0.5034375 0.09531250000000002
vt 0.4925 0.09906250000000005
vt 0.5034375 0.09531250000000002
vt 0.5034375 0.10281249999999997
vt 0.4925 0.09906250000000005
vt 0.5015625 0.10468750000000004
vt 0.5034375 0.10281249999999997
vt 0.4925 0.09906250000000005
vt 0.5034375 0.10281249999999997
vt 0.5015625 0.10468750000000004
vt 0.4925 0.09906250000000005
vt 0.4834375 0.10468750000000004
vt 0.5015625 0.10468750000000004
vt 0.4925 0.09906250000000005
vt 0.5015625 0.10468750000000004
vt 0.4834375 0.10468750000000004
vt 0.4925 0.09906250000000005
vt 0.4815625 0.10281249999999997
vt 0.4834375 0.10468750000000004
vt 0.4925 0.09906250000000005
vt 0.4834375 0.10468750000000004
vt 0.4815625 0.10281249999999997
vt 0.4925 0.09906250000000005
vt 0.4815625 0.09531250000000002
vt 0.4815625 0.10281249999999997
vt 0.4925 0.09906250000000005
vt 0.4815625 0.10281249999999997
vt 0.4815625 0.09531250000000002
vt 0.4925 0.09906250000000005
vt 0.4834375 0.09343749999999995
vt 0.4815625 0.09531250000000002
vt 0.4925 0.09906250000000005
vt 0.4815625 0.09531250000000002
vt 0.4834375 0.09343749999999995
vn 0 -0.7071067811865538 -0.7071067811865412
vn 0.5773502691896301 -0.5773502691896173 -0.57735026918963
vn 0.7071067811865476 0 -0.7071067811865476
vn 0.5773502691896361 0.5773502691896233 -0.5773502691896181
vn 0 0.7071067811865507 -0.7071067811865445
vn -0.5773502691896226 0.577350269189627 -0.5773502691896277
vn -0.7071067811865476 0 -0.7071067811865476
vn -0.5773502691896195 -0.5773502691896238 -0.5773502691896342
vn 0 -1 0
vn 0.7071067811865489 -0.7071067811865461 0
vn 1 0 0
vn 0.7071067811865489 0.7071067811865461 0
vn 0 1 0
vn -0.7071067811865489 0.7071067811865461 0
vn -1 0 0
vn -0.7071067811865489 -0.7071067811865461 0
vn 0 -0.7071067811865538 0.7071067811865414
vn 0.5773502691896265 -0.5773502691896243 0.5773502691896265
vn 0.7071067811865476 0 0.7071067811865476
vn 0.5773502691896291 0.5773502691896267 0.5773502691896216
vn 0 0.7071067811865507 0.7071067811865445
vn -0.5773502691896248 0.5773502691896225 0.57735026918963
vn -0.7071067811865476 0 0.7071067811865476
vn -0.5773502691896238 -0.5773502691896216 0.577350269189632
vn 0 0 -1
vn 0 0 1
vn 0 0 -1
vn 0 0 1
vn 0 0 -1
vn 0 0 1
vn 0 0 -1
vn 0 0 1
vn 0 0 -1
vn 0 0 1
vn 0 0 -1
vn 0 0 1
vn 0 0 -1
vn 0 0 1
vn 0 0 -1
vn 0 0 1
usemtl nova_recess
f 554/2301/634 555/2302/634 563/2303/634 562/2304/634
f 555/2305/635 556/2306/635 564/2307/635 563/2308/635
f 556/2309/636 557/2310/636 565/2311/636 564/2312/636
f 557/2313/637 558/2314/637 566/2315/637 565/2316/637
f 558/2317/638 559/2318/638 567/2319/638 566/2320/638
f 559/2321/639 560/2322/639 568/2323/639 567/2324/639
f 560/2325/640 561/2326/640 569/2327/640 568/2328/640
f 561/2329/641 554/2330/641 562/2331/641 569/2332/641
f 562/2333/642 563/2334/642 571/2335/642 570/2336/642
f 563/2337/643 564/2338/643 572/2339/643 571/2340/643
f 564/2341/644 565/2342/644 573/2343/644 572/2344/644
f 565/2345/645 566/2346/645 574/2347/645 573/2348/645
f 566/2349/646 567/2350/646 575/2351/646 574/2352/646
f 567/2353/647 568/2354/647 576/2355/647 575/2356/647
f 568/2357/648 569/2358/648 577/2359/648 576/2360/648
f 569/2361/649 562/2362/649 570/2363/649 577/2364/649
f 570/2365/650 571/2366/650 579/2367/650 578/2368/650
f 571/2369/651 572/2370/651 580/2371/651 579/2372/651
f 572/2373/652 573/2374/652 581/2375/652 580/2376/652
f 573/2377/653 574/2378/653 582/2379/653 581/2380/653
f 574/2381/654 575/2382/654 583/2383/654 582/2384/654
f 575/2385/655 576/2386/655 584/2387/655 583/2388/655
f 576/2389/656 577/2390/656 585/2391/656 584/2392/656
f 577/2393/657 570/2394/657 578/2395/657 585/2396/657
f 586/2397/658 555/2398/658 554/2399/658
f 587/2400/659 578/2401/659 579/2402/659
f 586/2403/660 556/2404/660 555/2405/660
f 587/2406/661 579/2407/661 580/2408/661
f 586/2409/662 557/2410/662 556/2411/662
f 587/2412/663 580/2413/663 581/2414/663
f 586/2415/664 558/2416/664 557/2417/664
f 587/2418/665 581/2419/665 582/2420/665
f 586/2421/666 559/2422/666 558/2423/666
f 587/2424/667 582/2425/667 583/2426/667
f 586/2427/668 560/2428/668 559/2429/668
f 587/2430/669 583/2431/669 584/2432/669
f 586/2433/670 561/2434/670 560/2435/670
f 587/2436/671 584/2437/671 585/2438/671
f 586/2439/672 554/2440/672 561/2441/672
f 587/2442/673 585/2443/673 578/2444/673
o microphone_slot_5
v 0.5253125 0.09343749999999999 0.515
v 0.5434375 0.09343749999999999 0.515
v 0.5453125 0.0953125 0.515
v 0.5453125 0.10281249999999999 0.515
v 0.5434375 0.10468749999999999 0.515
v 0.5253125 0.10468749999999999 0.515
v 0.5234375 0.10281249999999999 0.515
v 0.5234375 0.0953125 0.515
v 0.5253125 0.091875 0.5165625
v 0.5434375 0.091875 0.5165625
v 0.546875 0.0953125 0.5165625
v 0.546875 0.1028125 0.5165625
v 0.5434375 0.10625 0.5165625
v 0.5253125 0.10625 0.5165625
v 0.521875 0.1028125 0.5165625
v 0.521875 0.0953125 0.5165625
v 0.5253125 0.091875 0.5234375
v 0.5434375 0.091875 0.5234375
v 0.546875 0.0953125 0.5234375
v 0.546875 0.1028125 0.5234375
v 0.5434375 0.10625 0.5234375
v 0.5253125 0.10625 0.5234375
v 0.521875 0.1028125 0.5234375
v 0.521875 0.0953125 0.5234375
v 0.5253125 0.09343749999999999 0.525
v 0.5434375 0.09343749999999999 0.525
v 0.5453125 0.0953125 0.525
v 0.5453125 0.10281249999999999 0.525
v 0.5434375 0.10468749999999999 0.525
v 0.5253125 0.10468749999999999 0.525
v 0.5234375 0.10281249999999999 0.525
v 0.5234375 0.0953125 0.525
v 0.5343749999999999 0.0990625 0.515
v 0.5343749999999999 0.0990625 0.525
vt 0.5253125 0.485
vt 0.5434375 0.485
vt 0.5434375 0.48343749999999996
vt 0.5253125 0.48343749999999996
vt 0.515 0.09343749999999995
vt 0.515 0.09531250000000002
vt 0.5165625 0.09531250000000002
vt 0.5165625 0.09187500000000004
vt 0.515 0.09531250000000002
vt 0.515 0.10281249999999997
vt 0.5165625 0.10281249999999997
vt 0.5165625 0.09531250000000002
vt 0.515 0.10281249999999997
vt 0.515 0.10468750000000004
vt 0.5165625 0.10624999999999996
vt 0.5165625 0.10281249999999997
vt 0.5434375 0.485
vt 0.5253125 0.485
vt 0.5253125 0.48343749999999996
vt 0.5434375 0.48343749999999996
vt 0.5253125 0.10468750000000004
vt 0.5234375 0.10281249999999997
vt 0.521875 0.10281249999999997
vt 0.5253125 0.10624999999999996
vt 0.515 0.10281249999999997
vt 0.515 0.09531250000000002
vt 0.5165625 0.09531250000000002
vt 0.5165625 0.10281249999999997
vt 0.515 0.09531250000000002
vt 0.515 0.09343749999999995
vt 0.5165625 0.09187500000000004
vt 0.5165625 0.09531250000000002
vt 0.5253125 0.48343749999999996
vt 0.5434375 0.48343749999999996
vt 0.5434375 0.4765625
vt 0.5253125 0.4765625
vt 0.5165625 0.09187500000000004
vt 0.5165625 0.09531250000000002
vt 0.5234375 0.09531250000000002
vt 0.5234375 0.09187500000000004
vt 0.5165625 0.09531250000000002
vt 0.5165625 0.10281249999999997
vt 0.5234375 0.10281249999999997
vt 0.5234375 0.09531250000000002
vt 0.5165625 0.10281249999999997
vt 0.5165625 0.10624999999999996
vt 0.5234375 0.10624999999999996
vt 0.5234375 0.10281249999999997
vt 0.5434375 0.48343749999999996
vt 0.5253125 0.48343749999999996
vt 0.5253125 0.4765625
vt 0.5434375 0.4765625
vt 0.5165625 0.10624999999999996
vt 0.5165625 0.10281249999999997
vt 0.5234375 0.10281249999999997
vt 0.5234375 0.10624999999999996
vt 0.5165625 0.10281249999999997
vt 0.5165625 0.09531250000000002
vt 0.5234375 0.09531250000000002
vt 0.5234375 0.10281249999999997
vt 0.5165625 0.09531250000000002
vt 0.5165625 0.09187500000000004
vt 0.5234375 0.09187500000000004
vt 0.5234375 0.09531250000000002
vt 0.5253125 0.4765625
vt 0.5434375 0.4765625
vt 0.5434375 0.475
vt 0.5253125 0.475
vt 0.5234375 0.09187500000000004
vt 0.5234375 0.09531250000000002
vt 0.525 0.09531250000000002
vt 0.525 0.09343749999999995
vt 0.5234375 0.09531250000000002
vt 0.5234375 0.10281249999999997
vt 0.525 0.10281249999999997
vt 0.525 0.09531250000000002
vt 0.5234375 0.10281249999999997
vt 0.5234375 0.10624999999999996
vt 0.525 0.10468750000000004
vt 0.525 0.10281249999999997
vt 0.5434375 0.4765625
vt 0.5253125 0.4765625
vt 0.5253125 0.475
vt 0.5434375 0.475
vt 0.5253125 0.10624999999999996
vt 0.521875 0.10281249999999997
vt 0.5234375 0.10281249999999997
vt 0.5253125 0.10468750000000004
vt 0.5234375 0.10281249999999997
vt 0.5234375 0.09531250000000002
vt 0.525 0.09531250000000002
vt 0.525 0.10281249999999997
vt 0.5234375 0.09531250000000002
vt 0.5234375 0.09187500000000004
vt 0.525 0.09343749999999995
vt 0.525 0.09531250000000002
vt 0.5343749999999999 0.09906250000000005
vt 0.5434375 0.09343749999999995
vt 0.5253125 0.09343749999999995
vt 0.5343749999999999 0.09906250000000005
vt 0.5253125 0.09343749999999995
vt 0.5434375 0.09343749999999995
vt 0.5343749999999999 0.09906250000000005
vt 0.5453125 0.09531250000000002
vt 0.5434375 0.09343749999999995
vt 0.5343749999999999 0.09906250000000005
vt 0.5434375 0.09343749999999995
vt 0.5453125 0.09531250000000002
vt 0.5343749999999999 0.09906250000000005
vt 0.5453125 0.10281249999999997
vt 0.5453125 0.09531250000000002
vt 0.5343749999999999 0.09906250000000005
vt 0.5453125 0.09531250000000002
vt 0.5453125 0.10281249999999997
vt 0.5343749999999999 0.09906250000000005
vt 0.5434375 0.10468750000000004
vt 0.5453125 0.10281249999999997
vt 0.5343749999999999 0.09906250000000005
vt 0.5453125 0.10281249999999997
vt 0.5434375 0.10468750000000004
vt 0.5343749999999999 0.09906250000000005
vt 0.5253125 0.10468750000000004
vt 0.5434375 0.10468750000000004
vt 0.5343749999999999 0.09906250000000005
vt 0.5434375 0.10468750000000004
vt 0.5253125 0.10468750000000004
vt 0.5343749999999999 0.09906250000000005
vt 0.5234375 0.10281249999999997
vt 0.5253125 0.10468750000000004
vt 0.5343749999999999 0.09906250000000005
vt 0.5253125 0.10468750000000004
vt 0.5234375 0.10281249999999997
vt 0.5343749999999999 0.09906250000000005
vt 0.5234375 0.09531250000000002
vt 0.5234375 0.10281249999999997
vt 0.5343749999999999 0.09906250000000005
vt 0.5234375 0.10281249999999997
vt 0.5234375 0.09531250000000002
vt 0.5343749999999999 0.09906250000000005
vt 0.5253125 0.09343749999999995
vt 0.5234375 0.09531250000000002
vt 0.5343749999999999 0.09906250000000005
vt 0.5234375 0.09531250000000002
vt 0.5253125 0.09343749999999995
vn 0 -0.7071067811865538 -0.7071067811865414
vn 0.5773502691896301 -0.5773502691896173 -0.57735026918963
vn 0.7071067811865476 0 -0.7071067811865476
vn 0.5773502691896361 0.5773502691896233 -0.5773502691896181
vn 0 0.7071067811865507 -0.7071067811865445
vn -0.5773502691896284 0.5773502691896156 -0.5773502691896335
vn -0.7071067811865476 0 -0.7071067811865476
vn -0.5773502691896377 -0.577350269189625 -0.5773502691896146
vn 0 -1 0
vn 0.7071067811865489 -0.7071067811865461 0
vn 1 0 0
vn 0.7071067811865489 0.7071067811865461 0
vn 0 1 0
vn -0.7071067811865489 0.7071067811865461 0
vn -1 0 0
vn -0.7071067811865489 -0.7071067811865461 0
vn 0 -0.7071067811865538 0.7071067811865414
vn 0.5773502691896265 -0.5773502691896243 0.5773502691896265
vn 0.7071067811865476 0 0.7071067811865476
vn 0.5773502691896291 0.5773502691896267 0.5773502691896216
vn 0 0.7071067811865507 0.7071067811865445
vn -0.5773502691896248 0.5773502691896225 0.57735026918963
vn -0.7071067811865476 0 0.7071067811865476
vn -0.5773502691896307 -0.5773502691896284 0.5773502691896182
vn 0 0 -1
vn 0 0 1
vn 0 0 -1
vn 0 0 1
vn 0 0 -1
vn 0 0 1
vn 0 0 -1
vn 0 0 1
vn 0 0 -1
vn 0 0 1
vn 0 0 -1
vn 0 0 1
vn 0 0 -1
vn 0 0 1
vn 0 0 -1
vn 0 0 1
usemtl nova_recess
f 588/2445/674 589/2446/674 597/2447/674 596/2448/674
f 589/2449/675 590/2450/675 598/2451/675 597/2452/675
f 590/2453/676 591/2454/676 599/2455/676 598/2456/676
f 591/2457/677 592/2458/677 600/2459/677 599/2460/677
f 592/2461/678 593/2462/678 601/2463/678 600/2464/678
f 593/2465/679 594/2466/679 602/2467/679 601/2468/679
f 594/2469/680 595/2470/680 603/2471/680 602/2472/680
f 595/2473/681 588/2474/681 596/2475/681 603/2476/681
f 596/2477/682 597/2478/682 605/2479/682 604/2480/682
f 597/2481/683 598/2482/683 606/2483/683 605/2484/683
f 598/2485/684 599/2486/684 607/2487/684 606/2488/684
f 599/2489/685 600/2490/685 608/2491/685 607/2492/685
f 600/2493/686 601/2494/686 609/2495/686 608/2496/686
f 601/2497/687 602/2498/687 610/2499/687 609/2500/687
f 602/2501/688 603/2502/688 611/2503/688 610/2504/688
f 603/2505/689 596/2506/689 604/2507/689 611/2508/689
f 604/2509/690 605/2510/690 613/2511/690 612/2512/690
f 605/2513/691 606/2514/691 614/2515/691 613/2516/691
f 606/2517/692 607/2518/692 615/2519/692 614/2520/692
f 607/2521/693 608/2522/693 616/2523/693 615/2524/693
f 608/2525/694 609/2526/694 617/2527/694 616/2528/694
f 609/2529/695 610/2530/695 618/2531/695 617/2532/695
f 610/2533/696 611/2534/696 619/2535/696 618/2536/696
f 611/2537/697 604/2538/697 612/2539/697 619/2540/697
f 620/2541/698 589/2542/698 588/2543/698
f 621/2544/699 612/2545/699 613/2546/699
f 620/2547/700 590/2548/700 589/2549/700
f 621/2550/701 613/2551/701 614/2552/701
f 620/2553/702 591/2554/702 590/2555/702
f 621/2556/703 614/2557/703 615/2558/703
f 620/2559/704 592/2560/704 591/2561/704
f 621/2562/705 615/2563/705 616/2564/705
f 620/2565/706 593/2566/706 592/2567/706
f 621/2568/707 616/2569/707 617/2570/707
f 620/2571/708 594/2572/708 593/2573/708
f 621/2574/709 617/2575/709 618/2576/709
f 620/2577/710 595/2578/710 594/2579/710
f 621/2580/711 618/2581/711 619/2582/711
f 620/2583/712 588/2584/712 595/2585/712
f 621/2586/713 619/2587/713 612/2588/713
o microphone_slot_6
v 0.5671875 0.09343749999999999 0.515
v 0.5853125 0.09343749999999999 0.515
v 0.5871875 0.0953125 0.515
v 0.5871875 0.10281249999999999 0.515
v 0.5853125 0.10468749999999999 0.515
v 0.5671875 0.10468749999999999 0.515
v 0.5653125 0.10281249999999999 0.515
v 0.5653125 0.0953125 0.515
v 0.5671875 0.091875 0.5165625
v 0.5853125 0.091875 0.5165625
v 0.58875 0.0953125 0.5165625
v 0.58875 0.1028125 0.5165625
v 0.5853125 0.10625 0.5165625
v 0.5671875 0.10625 0.5165625
v 0.56375 0.1028125 0.5165625
v 0.56375 0.0953125 0.5165625
v 0.5671875 0.091875 0.5234375
v 0.5853125 0.091875 0.5234375
v 0.58875 0.0953125 0.5234375
v 0.58875 0.1028125 0.5234375
v 0.5853125 0.10625 0.5234375
v 0.5671875 0.10625 0.5234375
v 0.56375 0.1028125 0.5234375
v 0.56375 0.0953125 0.5234375
v 0.5671875 0.09343749999999999 0.525
v 0.5853125 0.09343749999999999 0.525
v 0.5871875 0.0953125 0.525
v 0.5871875 0.10281249999999999 0.525
v 0.5853125 0.10468749999999999 0.525
v 0.5671875 0.10468749999999999 0.525
v 0.5653125 0.10281249999999999 0.525
v 0.5653125 0.0953125 0.525
v 0.5762499999999999 0.0990625 0.515
v 0.5762499999999999 0.0990625 0.525
vt 0.5671875 0.485
vt 0.5853125 0.485
vt 0.5853125 0.48343749999999996
vt 0.5671875 0.48343749999999996
vt 0.515 0.09343749999999995
vt 0.515 0.09531250000000002
vt 0.5165625 0.09531250000000002
vt 0.5165625 0.09187500000000004
vt 0.515 0.09531250000000002
vt 0.515 0.10281249999999997
vt 0.5165625 0.10281249999999997
vt 0.5165625 0.09531250000000002
vt 0.515 0.10281249999999997
vt 0.515 0.10468750000000004
vt 0.5165625 0.10624999999999996
vt 0.5165625 0.10281249999999997
vt 0.5853125 0.485
vt 0.5671875 0.485
vt 0.5671875 0.48343749999999996
vt 0.5853125 0.48343749999999996
vt 0.5671875 0.10468750000000004
vt 0.5653125 0.10281249999999997
vt 0.56375 0.10281249999999997
vt 0.5671875 0.10624999999999996
vt 0.515 0.10281249999999997
vt 0.515 0.09531250000000002
vt 0.5165625 0.09531250000000002
vt 0.5165625 0.10281249999999997
vt 0.515 0.09531250000000002
vt 0.515 0.09343749999999995
vt 0.5165625 0.09187500000000004
vt 0.5165625 0.09531250000000002
vt 0.5671875 0.48343749999999996
vt 0.5853125 0.48343749999999996
vt 0.5853125 0.4765625
vt 0.5671875 0.4765625
vt 0.5165625 0.09187500000000004
vt 0.5165625 0.09531250000000002
vt 0.5234375 0.09531250000000002
vt 0.5234375 0.09187500000000004
vt 0.5165625 0.09531250000000002
vt 0.5165625 0.10281249999999997
vt 0.5234375 0.10281249999999997
vt 0.5234375 0.09531250000000002
vt 0.5165625 0.10281249999999997
vt 0.5165625 0.10624999999999996
vt 0.5234375 0.10624999999999996
vt 0.5234375 0.10281249999999997
vt 0.5853125 0.48343749999999996
vt 0.5671875 0.48343749999999996
vt 0.5671875 0.4765625
vt 0.5853125 0.4765625
vt 0.5165625 0.10624999999999996
vt 0.5165625 0.10281249999999997
vt 0.5234375 0.10281249999999997
vt 0.5234375 0.10624999999999996
vt 0.5165625 0.10281249999999997
vt 0.5165625 0.09531250000000002
vt 0.5234375 0.09531250000000002
vt 0.5234375 0.10281249999999997
vt 0.5165625 0.09531250000000002
vt 0.5165625 0.09187500000000004
vt 0.5234375 0.09187500000000004
vt 0.5234375 0.09531250000000002
vt 0.5671875 0.4765625
vt 0.5853125 0.4765625
vt 0.5853125 0.475
vt 0.5671875 0.475
vt 0.5234375 0.09187500000000004
vt 0.5234375 0.09531250000000002
vt 0.525 0.09531250000000002
vt 0.525 0.09343749999999995
vt 0.5234375 0.09531250000000002
vt 0.5234375 0.10281249999999997
vt 0.525 0.10281249999999997
vt 0.525 0.09531250000000002
vt 0.5234375 0.10281249999999997
vt 0.5234375 0.10624999999999996
vt 0.525 0.10468750000000004
vt 0.525 0.10281249999999997
vt 0.5853125 0.4765625
vt 0.5671875 0.4765625
vt 0.5671875 0.475
vt 0.5853125 0.475
vt 0.5671875 0.10624999999999996
vt 0.56375 0.10281249999999997
vt 0.5653125 0.10281249999999997
vt 0.5671875 0.10468750000000004
vt 0.5234375 0.10281249999999997
vt 0.5234375 0.09531250000000002
vt 0.525 0.09531250000000002
vt 0.525 0.10281249999999997
vt 0.5234375 0.09531250000000002
vt 0.5234375 0.09187500000000004
vt 0.525 0.09343749999999995
vt 0.525 0.09531250000000002
vt 0.5762499999999999 0.09906250000000005
vt 0.5853125 0.09343749999999995
vt 0.5671875 0.09343749999999995
vt 0.5762499999999999 0.09906250000000005
vt 0.5671875 0.09343749999999995
vt 0.5853125 0.09343749999999995
vt 0.5762499999999999 0.09906250000000005
vt 0.5871875 0.09531250000000002
vt 0.5853125 0.09343749999999995
vt 0.5762499999999999 0.09906250000000005
vt 0.5853125 0.09343749999999995
vt 0.5871875 0.09531250000000002
vt 0.5762499999999999 0.09906250000000005
vt 0.5871875 0.10281249999999997
vt 0.5871875 0.09531250000000002
vt 0.5762499999999999 0.09906250000000005
vt 0.5871875 0.09531250000000002
vt 0.5871875 0.10281249999999997
vt 0.5762499999999999 0.09906250000000005
vt 0.5853125 0.10468750000000004
vt 0.5871875 0.10281249999999997
vt 0.5762499999999999 0.09906250000000005
vt 0.5871875 0.10281249999999997
vt 0.5853125 0.10468750000000004
vt 0.5762499999999999 0.09906250000000005
vt 0.5671875 0.10468750000000004
vt 0.5853125 0.10468750000000004
vt 0.5762499999999999 0.09906250000000005
vt 0.5853125 0.10468750000000004
vt 0.5671875 0.10468750000000004
vt 0.5762499999999999 0.09906250000000005
vt 0.5653125 0.10281249999999997
vt 0.5671875 0.10468750000000004
vt 0.5762499999999999 0.09906250000000005
vt 0.5671875 0.10468750000000004
vt 0.5653125 0.10281249999999997
vt 0.5762499999999999 0.09906250000000005
vt 0.5653125 0.09531250000000002
vt 0.5653125 0.10281249999999997
vt 0.5762499999999999 0.09906250000000005
vt 0.5653125 0.10281249999999997
vt 0.5653125 0.09531250000000002
vt 0.5762499999999999 0.09906250000000005
vt 0.5671875 0.09343749999999995
vt 0.5653125 0.09531250000000002
vt 0.5762499999999999 0.09906250000000005
vt 0.5653125 0.09531250000000002
vt 0.5671875 0.09343749999999995
vn 0 -0.7071067811865538 -0.7071067811865414
vn 0.5773502691896301 -0.5773502691896173 -0.57735026918963
vn 0.7071067811865476 0 -0.7071067811865476
vn 0.5773502691896361 0.5773502691896233 -0.5773502691896181
vn 0 0.7071067811865507 -0.7071067811865445
vn -0.5773502691896284 0.5773502691896156 -0.5773502691896335
vn -0.7071067811865476 0 -0.7071067811865476
vn -0.5773502691896377 -0.577350269189625 -0.5773502691896146
vn 0 -1 0
vn 0.7071067811865489 -0.7071067811865461 0
vn 1 0 0
vn 0.7071067811865489 0.7071067811865461 0
vn 0 1 0
vn -0.7071067811865489 0.7071067811865461 0
vn -1 0 0
vn -0.7071067811865489 -0.7071067811865461 0
vn 0 -0.7071067811865538 0.7071067811865414
vn 0.5773502691896265 -0.5773502691896243 0.5773502691896265
vn 0.7071067811865476 0 0.7071067811865476
vn 0.5773502691896291 0.5773502691896267 0.5773502691896216
vn 0 0.7071067811865507 0.7071067811865445
vn -0.5773502691896248 0.5773502691896225 0.57735026918963
vn -0.7071067811865476 0 0.7071067811865476
vn -0.5773502691896307 -0.5773502691896284 0.5773502691896182
vn 0 0 -1
vn 0 0 1
vn 0 0 -1
vn 0 0 1
vn 0 0 -1
vn 0 0 1
vn 0 0 -1
vn 0 0 1
vn 0 0 -1
vn 0 0 1
vn 0 0 -1
vn 0 0 1
vn 0 0 -1
vn 0 0 1
vn 0 0 -1
vn 0 0 1
usemtl nova_recess
f 622/2589/714 623/2590/714 631/2591/714 630/2592/714
f 623/2593/715 624/2594/715 632/2595/715 631/2596/715
f 624/2597/716 625/2598/716 633/2599/716 632/2600/716
f 625/2601/717 626/2602/717 634/2603/717 633/2604/717
f 626/2605/718 627/2606/718 635/2607/718 634/2608/718
f 627/2609/719 628/2610/719 636/2611/719 635/2612/719
f 628/2613/720 629/2614/720 637/2615/720 636/2616/720
f 629/2617/721 622/2618/721 630/2619/721 637/2620/721
f 630/2621/722 631/2622/722 639/2623/722 638/2624/722
f 631/2625/723 632/2626/723 640/2627/723 639/2628/723
f 632/2629/724 633/2630/724 641/2631/724 640/2632/724
f 633/2633/725 634/2634/725 642/2635/725 641/2636/725
f 634/2637/726 635/2638/726 643/2639/726 642/2640/726
f 635/2641/727 636/2642/727 644/2643/727 643/2644/727
f 636/2645/728 637/2646/728 645/2647/728 644/2648/728
f 637/2649/729 630/2650/729 638/2651/729 645/2652/729
f 638/2653/730 639/2654/730 647/2655/730 646/2656/730
f 639/2657/731 640/2658/731 648/2659/731 647/2660/731
f 640/2661/732 641/2662/732 649/2663/732 648/2664/732
f 641/2665/733 642/2666/733 650/2667/733 649/2668/733
f 642/2669/734 643/2670/734 651/2671/734 650/2672/734
f 643/2673/735 644/2674/735 652/2675/735 651/2676/735
f 644/2677/736 645/2678/736 653/2679/736 652/2680/736
f 645/2681/737 638/2682/737 646/2683/737 653/2684/737
f 654/2685/738 623/2686/738 622/2687/738
f 655/2688/739 646/2689/739 647/2690/739
f 654/2691/740 624/2692/740 623/2693/740
f 655/2694/741 647/2695/741 648/2696/741
f 654/2697/742 625/2698/742 624/2699/742
f 655/2700/743 648/2701/743 649/2702/743
f 654/2703/744 626/2704/744 625/2705/744
f 655/2706/745 649/2707/745 650/2708/745
f 654/2709/746 627/2710/746 626/2711/746
f 655/2712/747 650/2713/747 651/2714/747
f 654/2715/748 628/2716/748 627/2717/748
f 655/2718/749 651/2719/749 652/2720/749
f 654/2721/750 629/2722/750 628/2723/750
f 655/2724/751 652/2725/751 653/2726/751
f 654/2727/752 622/2728/752 629/2729/752
f 655/2730/753 653/2731/753 646/2732/753
o microphone_slot_7
v 0.6090625000000001 0.09343749999999999 0.515
v 0.6271875000000001 0.09343749999999999 0.515
v 0.6290625000000001 0.0953125 0.515
v 0.6290625000000001 0.10281249999999999 0.515
v 0.6271875000000001 0.10468749999999999 0.515
v 0.6090625000000001 0.10468749999999999 0.515
v 0.6071875000000001 0.10281249999999999 0.515
v 0.6071875000000001 0.0953125 0.515
v 0.6090625000000001 0.091875 0.5165625
v 0.6271875000000001 0.091875 0.5165625
v 0.6306250000000001 0.0953125 0.5165625
v 0.6306250000000001 0.1028125 0.5165625
v 0.6271875000000001 0.10625 0.5165625
v 0.6090625000000001 0.10625 0.5165625
v 0.6056250000000001 0.1028125 0.5165625
v 0.6056250000000001 0.0953125 0.5165625
v 0.6090625000000001 0.091875 0.5234375
v 0.6271875000000001 0.091875 0.5234375
v 0.6306250000000001 0.0953125 0.5234375
v 0.6306250000000001 0.1028125 0.5234375
v 0.6271875000000001 0.10625 0.5234375
v 0.6090625000000001 0.10625 0.5234375
v 0.6056250000000001 0.1028125 0.5234375
v 0.6056250000000001 0.0953125 0.5234375
v 0.6090625000000001 0.09343749999999999 0.525
v 0.6271875000000001 0.09343749999999999 0.525
v 0.6290625000000001 0.0953125 0.525
v 0.6290625000000001 0.10281249999999999 0.525
v 0.6271875000000001 0.10468749999999999 0.525
v 0.6090625000000001 0.10468749999999999 0.525
v 0.6071875000000001 0.10281249999999999 0.525
v 0.6071875000000001 0.0953125 0.525
v 0.618125 0.0990625 0.515
v 0.618125 0.0990625 0.525
vt 0.6090625000000001 0.485
vt 0.6271875000000001 0.485
vt 0.6271875000000001 0.48343749999999996
vt 0.6090625000000001 0.48343749999999996
vt 0.515 0.09343749999999995
vt 0.515 0.09531250000000002
vt 0.5165625 0.09531250000000002
vt 0.5165625 0.09187500000000004
vt 0.515 0.09531250000000002
vt 0.515 0.10281249999999997
vt 0.5165625 0.10281249999999997
vt 0.5165625 0.09531250000000002
vt 0.515 0.10281249999999997
vt 0.515 0.10468750000000004
vt 0.5165625 0.10624999999999996
vt 0.5165625 0.10281249999999997
vt 0.6271875000000001 0.485
vt 0.6090625000000001 0.485
vt 0.6090625000000001 0.48343749999999996
vt 0.6271875000000001 0.48343749999999996
vt 0.6090625000000001 0.10468750000000004
vt 0.6071875000000001 0.10281249999999997
vt 0.6056250000000001 0.10281249999999997
vt 0.6090625000000001 0.10624999999999996
vt 0.515 0.10281249999999997
vt 0.515 0.09531250000000002
vt 0.5165625 0.09531250000000002
vt 0.5165625 0.10281249999999997
vt 0.515 0.09531250000000002
vt 0.515 0.09343749999999995
vt 0.5165625 0.09187500000000004
vt 0.5165625 0.09531250000000002
vt 0.6090625000000001 0.48343749999999996
vt 0.6271875000000001 0.48343749999999996
vt 0.6271875000000001 0.4765625
vt 0.6090625000000001 0.4765625
vt 0.5165625 0.09187500000000004
vt 0.5165625 0.09531250000000002
vt 0.5234375 0.09531250000000002
vt 0.5234375 0.09187500000000004
vt 0.5165625 0.09531250000000002
vt 0.5165625 0.10281249999999997
vt 0.5234375 0.10281249999999997
vt 0.5234375 0.09531250000000002
vt 0.5165625 0.10281249999999997
vt 0.5165625 0.10624999999999996
vt 0.5234375 0.10624999999999996
vt 0.5234375 0.10281249999999997
vt 0.6271875000000001 0.48343749999999996
vt 0.6090625000000001 0.48343749999999996
vt 0.6090625000000001 0.4765625
vt 0.6271875000000001 0.4765625
vt 0.5165625 0.10624999999999996
vt 0.5165625 0.10281249999999997
vt 0.5234375 0.10281249999999997
vt 0.5234375 0.10624999999999996
vt 0.5165625 0.10281249999999997
vt 0.5165625 0.09531250000000002
vt 0.5234375 0.09531250000000002
vt 0.5234375 0.10281249999999997
vt 0.5165625 0.09531250000000002
vt 0.5165625 0.09187500000000004
vt 0.5234375 0.09187500000000004
vt 0.5234375 0.09531250000000002
vt 0.6090625000000001 0.4765625
vt 0.6271875000000001 0.4765625
vt 0.6271875000000001 0.475
vt 0.6090625000000001 0.475
vt 0.5234375 0.09187500000000004
vt 0.5234375 0.09531250000000002
vt 0.525 0.09531250000000002
vt 0.525 0.09343749999999995
vt 0.5234375 0.09531250000000002
vt 0.5234375 0.10281249999999997
vt 0.525 0.10281249999999997
vt 0.525 0.09531250000000002
vt 0.5234375 0.10281249999999997
vt 0.5234375 0.10624999999999996
vt 0.525 0.10468750000000004
vt 0.525 0.10281249999999997
vt 0.6271875000000001 0.4765625
vt 0.6090625000000001 0.4765625
vt 0.6090625000000001 0.475
vt 0.6271875000000001 0.475
vt 0.6090625000000001 0.10624999999999996
vt 0.6056250000000001 0.10281249999999997
vt 0.6071875000000001 0.10281249999999997
vt 0.6090625000000001 0.10468750000000004
vt 0.5234375 0.10281249999999997
vt 0.5234375 0.09531250000000002
vt 0.525 0.09531250000000002
vt 0.525 0.10281249999999997
vt 0.5234375 0.09531250000000002
vt 0.5234375 0.09187500000000004
vt 0.525 0.09343749999999995
vt 0.525 0.09531250000000002
vt 0.618125 0.09906250000000005
vt 0.6271875000000001 0.09343749999999995
vt 0.6090625000000001 0.09343749999999995
vt 0.618125 0.09906250000000005
vt 0.6090625000000001 0.09343749999999995
vt 0.6271875000000001 0.09343749999999995
vt 0.618125 0.09906250000000005
vt 0.6290625000000001 0.09531250000000002
vt 0.6271875000000001 0.09343749999999995
vt 0.618125 0.09906250000000005
vt 0.6271875000000001 0.09343749999999995
vt 0.6290625000000001 0.09531250000000002
vt 0.618125 0.09906250000000005
vt 0.6290625000000001 0.10281249999999997
vt 0.6290625000000001 0.09531250000000002
vt 0.618125 0.09906250000000005
vt 0.6290625000000001 0.09531250000000002
vt 0.6290625000000001 0.10281249999999997
vt 0.618125 0.09906250000000005
vt 0.6271875000000001 0.10468750000000004
vt 0.6290625000000001 0.10281249999999997
vt 0.618125 0.09906250000000005
vt 0.6290625000000001 0.10281249999999997
vt 0.6271875000000001 0.10468750000000004
vt 0.618125 0.09906250000000005
vt 0.6090625000000001 0.10468750000000004
vt 0.6271875000000001 0.10468750000000004
vt 0.618125 0.09906250000000005
vt 0.6271875000000001 0.10468750000000004
vt 0.6090625000000001 0.10468750000000004
vt 0.618125 0.09906250000000005
vt 0.6071875000000001 0.10281249999999997
vt 0.6090625000000001 0.10468750000000004
vt 0.618125 0.09906250000000005
vt 0.6090625000000001 0.10468750000000004
vt 0.6071875000000001 0.10281249999999997
vt 0.618125 0.09906250000000005
vt 0.6071875000000001 0.09531250000000002
vt 0.6071875000000001 0.10281249999999997
vt 0.618125 0.09906250000000005
vt 0.6071875000000001 0.10281249999999997
vt 0.6071875000000001 0.09531250000000002
vt 0.618125 0.09906250000000005
vt 0.6090625000000001 0.09343749999999995
vt 0.6071875000000001 0.09531250000000002
vt 0.618125 0.09906250000000005
vt 0.6071875000000001 0.09531250000000002
vt 0.6090625000000001 0.09343749999999995
vn 0 -0.7071067811865538 -0.7071067811865414
vn 0.5773502691896301 -0.5773502691896173 -0.57735026918963
vn 0.7071067811865476 0 -0.7071067811865476
vn 0.5773502691896361 0.5773502691896233 -0.5773502691896181
vn 0 0.7071067811865507 -0.7071067811865445
vn -0.5773502691896284 0.5773502691896156 -0.5773502691896335
vn -0.7071067811865476 0 -0.7071067811865476
vn -0.5773502691896377 -0.577350269189625 -0.5773502691896146
vn 0 -1 0
vn 0.7071067811865489 -0.7071067811865461 0
vn 1 0 0
vn 0.7071067811865489 0.7071067811865461 0
vn 0 1 0
vn -0.7071067811865489 0.7071067811865461 0
vn -1 0 0
vn -0.7071067811865489 -0.7071067811865461 0
vn 0 -0.7071067811865538 0.7071067811865414
vn 0.5773502691896265 -0.5773502691896243 0.5773502691896265
vn 0.7071067811865476 0 0.7071067811865476
vn 0.5773502691896291 0.5773502691896267 0.5773502691896216
vn 0 0.7071067811865507 0.7071067811865445
vn -0.5773502691896248 0.5773502691896225 0.57735026918963
vn -0.7071067811865476 0 0.7071067811865476
vn -0.5773502691896307 -0.5773502691896284 0.5773502691896182
vn 0 0 -1
vn 0 0 1
vn 0 0 -1
vn 0 0 1
vn 0 0 -1
vn 0 0 1
vn 0 0 -1
vn 0 0 1
vn 0 0 -1
vn 0 0 1
vn 0 0 -1
vn 0 0 1
vn 0 0 -1
vn 0 0 1
vn 0 0 -1
vn 0 0 1
usemtl nova_recess
f 656/2733/754 657/2734/754 665/2735/754 664/2736/754
f 657/2737/755 658/2738/755 666/2739/755 665/2740/755
f 658/2741/756 659/2742/756 667/2743/756 666/2744/756
f 659/2745/757 660/2746/757 668/2747/757 667/2748/757
f 660/2749/758 661/2750/758 669/2751/758 668/2752/758
f 661/2753/759 662/2754/759 670/2755/759 669/2756/759
f 662/2757/760 663/2758/760 671/2759/760 670/2760/760
f 663/2761/761 656/2762/761 664/2763/761 671/2764/761
f 664/2765/762 665/2766/762 673/2767/762 672/2768/762
f 665/2769/763 666/2770/763 674/2771/763 673/2772/763
f 666/2773/764 667/2774/764 675/2775/764 674/2776/764
f 667/2777/765 668/2778/765 676/2779/765 675/2780/765
f 668/2781/766 669/2782/766 677/2783/766 676/2784/766
f 669/2785/767 670/2786/767 678/2787/767 677/2788/767
f 670/2789/768 671/2790/768 679/2791/768 678/2792/768
f 671/2793/769 664/2794/769 672/2795/769 679/2796/769
f 672/2797/770 673/2798/770 681/2799/770 680/2800/770
f 673/2801/771 674/2802/771 682/2803/771 681/2804/771
f 674/2805/772 675/2806/772 683/2807/772 682/2808/772
f 675/2809/773 676/2810/773 684/2811/773 683/2812/773
f 676/2813/774 677/2814/774 685/2815/774 684/2816/774
f 677/2817/775 678/2818/775 686/2819/775 685/2820/775
f 678/2821/776 679/2822/776 687/2823/776 686/2824/776
f 679/2825/777 672/2826/777 680/2827/777 687/2828/777
f 688/2829/778 657/2830/778 656/2831/778
f 689/2832/779 680/2833/779 681/2834/779
f 688/2835/780 658/2836/780 657/2837/780
f 689/2838/781 681/2839/781 682/2840/781
f 688/2841/782 659/2842/782 658/2843/782
f 689/2844/783 682/2845/783 683/2846/783
f 688/2847/784 660/2848/784 659/2849/784
f 689/2850/785 683/2851/785 684/2852/785
f 688/2853/786 661/2854/786 660/2855/786
f 689/2856/787 684/2857/787 685/2858/787
f 688/2859/788 662/2860/788 661/2861/788
f 689/2862/789 685/2863/789 686/2864/789
f 688/2865/790 663/2866/790 662/2867/790
f 689/2868/791 686/2869/791 687/2870/791
f 688/2871/792 656/2872/792 663/2873/792
f 689/2874/793 687/2875/793 680/2876/793
o microphone_slot_8
v 0.6509375 0.09343749999999999 0.515
v 0.6690625 0.09343749999999999 0.515
v 0.6709375 0.0953125 0.515
v 0.6709375 0.10281249999999999 0.515
v 0.6690625 0.10468749999999999 0.515
v 0.6509375 0.10468749999999999 0.515
v 0.6490625 0.10281249999999999 0.515
v 0.6490625 0.0953125 0.515
v 0.6509375 0.091875 0.5165625
v 0.6690625 0.091875 0.5165625
v 0.6725 0.0953125 0.5165625
v 0.6725 0.1028125 0.5165625
v 0.6690625 0.10625 0.5165625
v 0.6509375 0.10625 0.5165625
v 0.6475 0.1028125 0.5165625
v 0.6475 0.0953125 0.5165625
v 0.6509375 0.091875 0.5234375
v 0.6690625 0.091875 0.5234375
v 0.6725 0.0953125 0.5234375
v 0.6725 0.1028125 0.5234375
v 0.6690625 0.10625 0.5234375
v 0.6509375 0.10625 0.5234375
v 0.6475 0.1028125 0.5234375
v 0.6475 0.0953125 0.5234375
v 0.6509375 0.09343749999999999 0.525
v 0.6690625 0.09343749999999999 0.525
v 0.6709375 0.0953125 0.525
v 0.6709375 0.10281249999999999 0.525
v 0.6690625 0.10468749999999999 0.525
v 0.6509375 0.10468749999999999 0.525
v 0.6490625 0.10281249999999999 0.525
v 0.6490625 0.0953125 0.525
v 0.6599999999999999 0.0990625 0.515
v 0.6599999999999999 0.0990625 0.525
vt 0.6509375 0.485
vt 0.6690625 0.485
vt 0.6690625 0.48343749999999996
vt 0.6509375 0.48343749999999996
vt 0.515 0.09343749999999995
vt 0.515 0.09531250000000002
vt 0.5165625 0.09531250000000002
vt 0.5165625 0.09187500000000004
vt 0.515 0.09531250000000002
vt 0.515 0.10281249999999997
vt 0.5165625 0.10281249999999997
vt 0.5165625 0.09531250000000002
vt 0.515 0.10281249999999997
vt 0.515 0.10468750000000004
vt 0.5165625 0.10624999999999996
vt 0.5165625 0.10281249999999997
vt 0.6690625 0.485
vt 0.6509375 0.485
vt 0.6509375 0.48343749999999996
vt 0.6690625 0.48343749999999996
vt 0.6509375 0.10468750000000004
vt 0.6490625 0.10281249999999997
vt 0.6475 0.10281249999999997
vt 0.6509375 0.10624999999999996
vt 0.515 0.10281249999999997
vt 0.515 0.09531250000000002
vt 0.5165625 0.09531250000000002
vt 0.5165625 0.10281249999999997
vt 0.515 0.09531250000000002
vt 0.515 0.09343749999999995
vt 0.5165625 0.09187500000000004
vt 0.5165625 0.09531250000000002
vt 0.6509375 0.48343749999999996
vt 0.6690625 0.48343749999999996
vt 0.6690625 0.4765625
vt 0.6509375 0.4765625
vt 0.5165625 0.09187500000000004
vt 0.5165625 0.09531250000000002
vt 0.5234375 0.09531250000000002
vt 0.5234375 0.09187500000000004
vt 0.5165625 0.09531250000000002
vt 0.5165625 0.10281249999999997
vt 0.5234375 0.10281249999999997
vt 0.5234375 0.09531250000000002
vt 0.5165625 0.10281249999999997
vt 0.5165625 0.10624999999999996
vt 0.5234375 0.10624999999999996
vt 0.5234375 0.10281249999999997
vt 0.6690625 0.48343749999999996
vt 0.6509375 0.48343749999999996
vt 0.6509375 0.4765625
vt 0.6690625 0.4765625
vt 0.5165625 0.10624999999999996
vt 0.5165625 0.10281249999999997
vt 0.5234375 0.10281249999999997
vt 0.5234375 0.10624999999999996
vt 0.5165625 0.10281249999999997
vt 0.5165625 0.09531250000000002
vt 0.5234375 0.09531250000000002
vt 0.5234375 0.10281249999999997
vt 0.5165625 0.09531250000000002
vt 0.5165625 0.09187500000000004
vt 0.5234375 0.09187500000000004
vt 0.5234375 0.09531250000000002
vt 0.6509375 0.4765625
vt 0.6690625 0.4765625
vt 0.6690625 0.475
vt 0.6509375 0.475
vt 0.5234375 0.09187500000000004
vt 0.5234375 0.09531250000000002
vt 0.525 0.09531250000000002
vt 0.525 0.09343749999999995
vt 0.5234375 0.09531250000000002
vt 0.5234375 0.10281249999999997
vt 0.525 0.10281249999999997
vt 0.525 0.09531250000000002
vt 0.5234375 0.10281249999999997
vt 0.5234375 0.10624999999999996
vt 0.525 0.10468750000000004
vt 0.525 0.10281249999999997
vt 0.6690625 0.4765625
vt 0.6509375 0.4765625
vt 0.6509375 0.475
vt 0.6690625 0.475
vt 0.6509375 0.10624999999999996
vt 0.6475 0.10281249999999997
vt 0.6490625 0.10281249999999997
vt 0.6509375 0.10468750000000004
vt 0.5234375 0.10281249999999997
vt 0.5234375 0.09531250000000002
vt 0.525 0.09531250000000002
vt 0.525 0.10281249999999997
vt 0.5234375 0.09531250000000002
vt 0.5234375 0.09187500000000004
vt 0.525 0.09343749999999995
vt 0.525 0.09531250000000002
vt 0.6599999999999999 0.09906250000000005
vt 0.6690625 0.09343749999999995
vt 0.6509375 0.09343749999999995
vt 0.6599999999999999 0.09906250000000005
vt 0.6509375 0.09343749999999995
vt 0.6690625 0.09343749999999995
vt 0.6599999999999999 0.09906250000000005
vt 0.6709375 0.09531250000000002
vt 0.6690625 0.09343749999999995
vt 0.6599999999999999 0.09906250000000005
vt 0.6690625 0.09343749999999995
vt 0.6709375 0.09531250000000002
vt 0.6599999999999999 0.09906250000000005
vt 0.6709375 0.10281249999999997
vt 0.6709375 0.09531250000000002
vt 0.6599999999999999 0.09906250000000005
vt 0.6709375 0.09531250000000002
vt 0.6709375 0.10281249999999997
vt 0.6599999999999999 0.09906250000000005
vt 0.6690625 0.10468750000000004
vt 0.6709375 0.10281249999999997
vt 0.6599999999999999 0.09906250000000005
vt 0.6709375 0.10281249999999997
vt 0.6690625 0.10468750000000004
vt 0.6599999999999999 0.09906250000000005
vt 0.6509375 0.10468750000000004
vt 0.6690625 0.10468750000000004
vt 0.6599999999999999 0.09906250000000005
vt 0.6690625 0.10468750000000004
vt 0.6509375 0.10468750000000004
vt 0.6599999999999999 0.09906250000000005
vt 0.6490625 0.10281249999999997
vt 0.6509375 0.10468750000000004
vt 0.6599999999999999 0.09906250000000005
vt 0.6509375 0.10468750000000004
vt 0.6490625 0.10281249999999997
vt 0.6599999999999999 0.09906250000000005
vt 0.6490625 0.09531250000000002
vt 0.6490625 0.10281249999999997
vt 0.6599999999999999 0.09906250000000005
vt 0.6490625 0.10281249999999997
vt 0.6490625 0.09531250000000002
vt 0.6599999999999999 0.09906250000000005
vt 0.6509375 0.09343749999999995
vt 0.6490625 0.09531250000000002
vt 0.6599999999999999 0.09906250000000005
vt 0.6490625 0.09531250000000002
vt 0.6509375 0.09343749999999995
vn 0 -0.7071067811865538 -0.7071067811865414
vn 0.5773502691896301 -0.5773502691896173 -0.57735026918963
vn 0.7071067811865476 0 -0.7071067811865476
vn 0.5773502691896361 0.5773502691896233 -0.5773502691896181
vn 0 0.7071067811865507 -0.7071067811865445
vn -0.5773502691896284 0.5773502691896156 -0.5773502691896335
vn -0.7071067811865476 0 -0.7071067811865476
vn -0.5773502691896377 -0.577350269189625 -0.5773502691896146
vn 0 -1 0
vn 0.7071067811865489 -0.7071067811865461 0
vn 1 0 0
vn 0.7071067811865489 0.7071067811865461 0
vn 0 1 0
vn -0.7071067811865489 0.7071067811865461 0
vn -1 0 0
vn -0.7071067811865489 -0.7071067811865461 0
vn 0 -0.7071067811865538 0.7071067811865414
vn 0.5773502691896265 -0.5773502691896243 0.5773502691896265
vn 0.7071067811865476 0 0.7071067811865476
vn 0.5773502691896291 0.5773502691896267 0.5773502691896216
vn 0 0.7071067811865507 0.7071067811865445
vn -0.5773502691896248 0.5773502691896225 0.57735026918963
vn -0.7071067811865476 0 0.7071067811865476
vn -0.5773502691896307 -0.5773502691896284 0.5773502691896182
vn 0 0 -1
vn 0 0 1
vn 0 0 -1
vn 0 0 1
vn 0 0 -1
vn 0 0 1
vn 0 0 -1
vn 0 0 1
vn 0 0 -1
vn 0 0 1
vn 0 0 -1
vn 0 0 1
vn 0 0 -1
vn 0 0 1
vn 0 0 -1
vn 0 0 1
usemtl nova_recess
f 690/2877/794 691/2878/794 699/2879/794 698/2880/794
f 691/2881/795 692/2882/795 700/2883/795 699/2884/795
f 692/2885/796 693/2886/796 701/2887/796 700/2888/796
f 693/2889/797 694/2890/797 702/2891/797 701/2892/797
f 694/2893/798 695/2894/798 703/2895/798 702/2896/798
f 695/2897/799 696/2898/799 704/2899/799 703/2900/799
f 696/2901/800 697/2902/800 705/2903/800 704/2904/800
f 697/2905/801 690/2906/801 698/2907/801 705/2908/801
f 698/2909/802 699/2910/802 707/2911/802 706/2912/802
f 699/2913/803 700/2914/803 708/2915/803 707/2916/803
f 700/2917/804 701/2918/804 709/2919/804 708/2920/804
f 701/2921/805 702/2922/805 710/2923/805 709/2924/805
f 702/2925/806 703/2926/806 711/2927/806 710/2928/806
f 703/2929/807 704/2930/807 712/2931/807 711/2932/807
f 704/2933/808 705/2934/808 713/2935/808 712/2936/808
f 705/2937/809 698/2938/809 706/2939/809 713/2940/809
f 706/2941/810 707/2942/810 715/2943/810 714/2944/810
f 707/2945/811 708/2946/811 716/2947/811 715/2948/811
f 708/2949/812 709/2950/812 717/2951/812 716/2952/812
f 709/2953/813 710/2954/813 718/2955/813 717/2956/813
f 710/2957/814 711/2958/814 719/2959/814 718/2960/814
f 711/2961/815 712/2962/815 720/2963/815 719/2964/815
f 712/2965/816 713/2966/816 721/2967/816 720/2968/816
f 713/2969/817 706/2970/817 714/2971/817 721/2972/817
f 722/2973/818 691/2974/818 690/2975/818
f 723/2976/819 714/2977/819 715/2978/819
f 722/2979/820 692/2980/820 691/2981/820
f 723/2982/821 715/2983/821 716/2984/821
f 722/2985/822 693/2986/822 692/2987/822
f 723/2988/823 716/2989/823 717/2990/823
f 722/2991/824 694/2992/824 693/2993/824
f 723/2994/825 717/2995/825 718/2996/825
f 722/2997/826 695/2998/826 694/2999/826
f 723/3000/827 718/3001/827 719/3002/827
f 722/3003/828 696/3004/828 695/3005/828
f 723/3006/829 719/3007/829 720/3008/829
f 722/3009/830 697/3010/830 696/3011/830
f 723/3012/831 720/3013/831 721/3014/831
f 722/3015/832 690/3016/832 697/3017/832
f 723/3018/833 721/3019/833 714/3020/833
o access_key
v 0.21875 0.1365625 0.53125
v 0.20124999999999998 0.11 0.505
v 0.23625 0.11 0.505
v 0.24312499999999998 0.116875 0.505
v 0.24312499999999998 0.15625000000000003 0.505
v 0.23625 0.16312500000000002 0.505
v 0.20124999999999998 0.16312500000000002 0.505
v 0.194375 0.15625000000000003 0.505
v 0.194375 0.116875 0.505
v 0.20125 0.103125 0.511875
v 0.23625 0.103125 0.511875
v 0.25 0.11687499999999999 0.511875
v 0.25 0.15624999999999997 0.511875
v 0.23625 0.16999999999999998 0.511875
v 0.20125 0.16999999999999998 0.511875
v 0.1875 0.15624999999999997 0.511875
v 0.1875 0.11687499999999999 0.511875
v 0.20125 0.103125 0.524375
v 0.23625 0.103125 0.524375
v 0.25 0.11687499999999999 0.524375
v 0.25 0.15624999999999997 0.524375
v 0.23625 0.16999999999999998 0.524375
v 0.20125 0.16999999999999998 0.524375
v 0.1875 0.15624999999999997 0.524375
v 0.1875 0.11687499999999999 0.524375
v 0.20124999999999998 0.11 0.53125
v 0.23625 0.11 0.53125
v 0.24312499999999998 0.116875 0.53125
v 0.24312499999999998 0.15625000000000003 0.53125
v 0.23625 0.16312500000000002 0.53125
v 0.20124999999999998 0.16312500000000002 0.53125
v 0.194375 0.15625000000000003 0.53125
v 0.194375 0.116875 0.53125
v 0.21875 0.1365625 0.505
vt 0.20124999999999998 0.10999999999999999
vt 0.23625 0.10999999999999999
vt 0.23625 0.10312500000000002
vt 0.20125 0.10312500000000002
vt 0.23625 0.10999999999999999
vt 0.24312499999999998 0.11687500000000006
vt 0.25 0.11687499999999995
vt 0.23625 0.10312500000000002
vt 0.24312499999999998 0.11687500000000006
vt 0.24312499999999998 0.15625
vt 0.25 0.15625
vt 0.25 0.11687499999999995
vt 0.505 0.15625
vt 0.505 0.16312499999999996
vt 0.511875 0.16999999999999993
vt 0.511875 0.15625
vt 0.23625 0.495
vt 0.20124999999999998 0.495
vt 0.20125 0.48812500000000003
vt 0.23625 0.48812500000000003
vt 0.505 0.16312499999999996
vt 0.505 0.15625
vt 0.511875 0.15625
vt 0.511875 0.16999999999999993
vt 0.194375 0.15625
vt 0.194375 0.11687500000000006
vt 0.1875 0.11687499999999995
vt 0.1875 0.15625
vt 0.194375 0.11687500000000006
vt 0.20124999999999998 0.10999999999999999
vt 0.20125 0.10312500000000002
vt 0.1875 0.11687499999999995
vt 0.20125 0.48812500000000003
vt 0.23625 0.48812500000000003
vt 0.23625 0.47562499999999996
vt 0.20125 0.47562499999999996
vt 0.23625 0.48812500000000003
vt 0.25 0.48812500000000003
vt 0.25 0.47562499999999996
vt 0.23625 0.47562499999999996
vt 0.511875 0.11687499999999995
vt 0.511875 0.15625
vt 0.524375 0.15625
vt 0.524375 0.11687499999999995
vt 0.511875 0.15625
vt 0.511875 0.16999999999999993
vt 0.524375 0.16999999999999993
vt 0.524375 0.15625
vt 0.23625 0.48812500000000003
vt 0.20125 0.48812500000000003
vt 0.20125 0.47562499999999996
vt 0.23625 0.47562499999999996
vt 0.511875 0.16999999999999993
vt 0.511875 0.15625
vt 0.524375 0.15625
vt 0.524375 0.16999999999999993
vt 0.511875 0.15625
vt 0.511875 0.11687499999999995
vt 0.524375 0.11687499999999995
vt 0.524375 0.15625
vt 0.1875 0.48812500000000003
vt 0.20125 0.48812500000000003
vt 0.20125 0.47562499999999996
vt 0.1875 0.47562499999999996
vt 0.20125 0.10312500000000002
vt 0.23625 0.10312500000000002
vt 0.23625 0.10999999999999999
vt 0.20124999999999998 0.10999999999999999
vt 0.23625 0.10312500000000002
vt 0.25 0.11687499999999995
vt 0.24312499999999998 0.11687500000000006
vt 0.23625 0.10999999999999999
vt 0.25 0.11687499999999995
vt 0.25 0.15625
vt 0.24312499999999998 0.15625
vt 0.24312499999999998 0.11687500000000006
vt 0.25 0.15625
vt 0.23625 0.16999999999999993
vt 0.23625 0.16312499999999996
vt 0.24312499999999998 0.15625
vt 0.23625 0.47562499999999996
vt 0.20125 0.47562499999999996
vt 0.20124999999999998 0.46875
vt 0.23625 0.46875
vt 0.524375 0.16999999999999993
vt 0.524375 0.15625
vt 0.53125 0.15625
vt 0.53125 0.16312499999999996
vt 0.1875 0.15625
vt 0.1875 0.11687499999999995
vt 0.194375 0.11687500000000006
vt 0.194375 0.15625
vt 0.1875 0.11687499999999995
vt 0.20125 0.10312500000000002
vt 0.20124999999999998 0.10999999999999999
vt 0.194375 0.11687500000000006
vt 0.21875 0.13656250000000003
vt 0.23625 0.10999999999999999
vt 0.20124999999999998 0.10999999999999999
vt 0.21875 0.13656250000000003
vt 0.20124999999999998 0.10999999999999999
vt 0.23625 0.10999999999999999
vt 0.21875 0.13656250000000003
vt 0.24312499999999998 0.11687500000000006
vt 0.23625 0.10999999999999999
vt 0.21875 0.13656250000000003
vt 0.23625 0.10999999999999999
vt 0.24312499999999998 0.11687500000000006
vt 0.21875 0.13656250000000003
vt 0.24312499999999998 0.15625
vt 0.24312499999999998 0.11687500000000006
vt 0.21875 0.13656250000000003
vt 0.24312499999999998 0.11687500000000006
vt 0.24312499999999998 0.15625
vt 0.21875 0.13656250000000003
vt 0.23625 0.16312499999999996
vt 0.24312499999999998 0.15625
vt 0.21875 0.13656250000000003
vt 0.24312499999999998 0.15625
vt 0.23625 0.16312499999999996
vt 0.21875 0.13656250000000003
vt 0.20124999999999998 0.16312499999999996
vt 0.23625 0.16312499999999996
vt 0.21875 0.13656250000000003
vt 0.23625 0.16312499999999996
vt 0.20124999999999998 0.16312499999999996
vt 0.21875 0.13656250000000003
vt 0.194375 0.15625
vt 0.20124999999999998 0.16312499999999996
vt 0.21875 0.13656250000000003
vt 0.20124999999999998 0.16312499999999996
vt 0.194375 0.15625
vt 0.21875 0.13656250000000003
vt 0.194375 0.11687500000000006
vt 0.194375 0.15625
vt 0.21875 0.13656250000000003
vt 0.194375 0.15625
vt 0.194375 0.11687500000000006
vt 0.21875 0.13656250000000003
vt 0.20124999999999998 0.10999999999999999
vt 0.194375 0.11687500000000006
vt 0.21875 0.13656250000000003
vt 0.194375 0.11687500000000006
vt 0.20124999999999998 0.10999999999999999
vn 0 -0.7071067811865455 -0.7071067811865497
vn 0.5773502691896242 -0.5773502691896231 -0.5773502691896302
vn 0.7071067811865447 0 -0.7071067811865503
vn 0.5773502691896258 0.5773502691896258 -0.5773502691896258
vn 0 0.7071067811865476 -0.7071067811865476
vn -0.5773502691896266 0.5773502691896266 -0.5773502691896243
vn -0.7071067811865461 0 -0.707106781186549
vn -0.5773502691896262 -0.5773502691896251 -0.5773502691896263
vn 0 -1 0
vn 0.7071067811865471 -0.7071067811865479 0
vn 1 0 0
vn 0.7071067811865476 0.7071067811865476 0
vn 0 1 0
vn -0.7071067811865476 0.7071067811865476 0
vn -1 0 0
vn -0.7071067811865471 -0.7071067811865479 0
vn 0 -0.7071067811865455 0.7071067811865497
vn 0.5773502691896236 -0.5773502691896242 0.5773502691896295
vn 0.7071067811865447 0 0.7071067811865503
vn 0.5773502691896257 0.5773502691896257 0.5773502691896257
vn 0 0.7071067811865476 0.7071067811865476
vn -0.5773502691896266 0.5773502691896266 0.5773502691896242
vn -0.7071067811865461 0 0.707106781186549
vn -0.5773502691896251 -0.5773502691896256 0.5773502691896267
vn 0 0 -1
vn 0 0 1
vn 0 0 -1
vn 0 0 1
vn 0 0 -1
vn 0 0 1
vn 0 0 -1
vn 0 0 1
vn 0 0 -1
vn 0 0 1
vn 0 0 -1
vn 0 0 1
vn 0 0 -1
vn 0 0 1
vn 0 0 -1
vn 0 0 1
usemtl nova_edge
f 725/3021/834 726/3022/834 734/3023/834 733/3024/834
f 726/3025/835 727/3026/835 735/3027/835 734/3028/835
f 727/3029/836 728/3030/836 736/3031/836 735/3032/836
f 728/3033/837 729/3034/837 737/3035/837 736/3036/837
f 729/3037/838 730/3038/838 738/3039/838 737/3040/838
f 730/3041/839 731/3042/839 739/3043/839 738/3044/839
f 731/3045/840 732/3046/840 740/3047/840 739/3048/840
f 732/3049/841 725/3050/841 733/3051/841 740/3052/841
f 733/3053/842 734/3054/842 742/3055/842 741/3056/842
f 734/3057/843 735/3058/843 743/3059/843 742/3060/843
f 735/3061/844 736/3062/844 744/3063/844 743/3064/844
f 736/3065/845 737/3066/845 745/3067/845 744/3068/845
f 737/3069/846 738/3070/846 746/3071/846 745/3072/846
f 738/3073/847 739/3074/847 747/3075/847 746/3076/847
f 739/3077/848 740/3078/848 748/3079/848 747/3080/848
f 740/3081/849 733/3082/849 741/3083/849 748/3084/849
f 741/3085/850 742/3086/850 750/3087/850 749/3088/850
f 742/3089/851 743/3090/851 751/3091/851 750/3092/851
f 743/3093/852 744/3094/852 752/3095/852 751/3096/852
f 744/3097/853 745/3098/853 753/3099/853 752/3100/853
f 745/3101/854 746/3102/854 754/3103/854 753/3104/854
f 746/3105/855 747/3106/855 755/3107/855 754/3108/855
f 747/3109/856 748/3110/856 756/3111/856 755/3112/856
f 748/3113/857 741/3114/857 749/3115/857 756/3116/857
f 757/3117/858 726/3118/858 725/3119/858
f 724/3120/859 749/3121/859 750/3122/859
f 757/3123/860 727/3124/860 726/3125/860
f 724/3126/861 750/3127/861 751/3128/861
f 757/3129/862 728/3130/862 727/3131/862
f 724/3132/863 751/3133/863 752/3134/863
f 757/3135/864 729/3136/864 728/3137/864
f 724/3138/865 752/3139/865 753/3140/865
f 757/3141/866 730/3142/866 729/3143/866
f 724/3144/867 753/3145/867 754/3146/867
f 757/3147/868 731/3148/868 730/3149/868
f 724/3150/869 754/3151/869 755/3152/869
f 757/3153/870 732/3154/870 731/3155/870
f 724/3156/871 755/3157/871 756/3158/871
f 757/3159/872 725/3160/872 732/3161/872
f 724/3162/873 756/3163/873 749/3164/873
o access_key_marker
v 0.20500000000000002 0.1225 0.5021875
v 0.2325 0.1225 0.5021875
v 0.23500000000000001 0.125 0.5021875
v 0.23500000000000001 0.133125 0.5021875
v 0.2325 0.135625 0.5021875
v 0.20500000000000002 0.135625 0.5021875
v 0.2025 0.133125 0.5021875
v 0.2025 0.125 0.5021875
v 0.20500000000000002 0.12125 0.5034375
v 0.2325 0.12125 0.5034375
v 0.23625000000000002 0.125 0.5034375
v 0.23625000000000002 0.133125 0.5034375
v 0.2325 0.136875 0.5034375
v 0.20500000000000002 0.136875 0.5034375
v 0.20125 0.133125 0.5034375
v 0.20125 0.125 0.5034375
v 0.20500000000000002 0.12125 0.505
v 0.2325 0.12125 0.505
v 0.23625000000000002 0.125 0.505
v 0.23625000000000002 0.133125 0.505
v 0.2325 0.136875 0.505
v 0.20500000000000002 0.136875 0.505
v 0.20125 0.133125 0.505
v 0.20125 0.125 0.505
v 0.20500000000000002 0.1225 0.50625
v 0.2325 0.1225 0.50625
v 0.23500000000000001 0.125 0.50625
v 0.23500000000000001 0.133125 0.50625
v 0.2325 0.135625 0.50625
v 0.20500000000000002 0.135625 0.50625
v 0.2025 0.133125 0.50625
v 0.2025 0.125 0.50625
v 0.21875 0.1290625 0.5021875
v 0.21875 0.1290625 0.50625
vt 0.20500000000000002 0.12250000000000005
vt 0.2325 0.12250000000000005
vt 0.2325 0.12124999999999997
vt 0.20500000000000002 0.12124999999999997
vt 0.2325 0.12250000000000005
vt 0.23500000000000001 0.125
vt 0.23625000000000002 0.125
vt 0.2325 0.12124999999999997
vt 0.23500000000000001 0.125
vt 0.23500000000000001 0.13312499999999994
vt 0.23625000000000002 0.13312499999999994
vt 0.23625000000000002 0.125
vt 0.23500000000000001 0.13312499999999994
vt 0.2325 0.135625
vt 0.2325 0.13687499999999997
vt 0.23625000000000002 0.13312499999999994
vt 0.2325 0.135625
vt 0.20500000000000002 0.135625
vt 0.20500000000000002 0.13687499999999997
vt 0.2325 0.13687499999999997
vt 0.20500000000000002 0.135625
vt 0.2025 0.13312499999999994
vt 0.20125 0.13312499999999994
vt 0.20500000000000002 0.13687499999999997
vt 0.2025 0.13312499999999994
vt 0.2025 0.125
vt 0.20125 0.125
vt 0.20125 0.13312499999999994
vt 0.2025 0.125
vt 0.20500000000000002 0.12250000000000005
vt 0.20500000000000002 0.12124999999999997
vt 0.20125 0.125
vt 0.20500000000000002 0.4965625
vt 0.2325 0.4965625
vt 0.2325 0.495
vt 0.20500000000000002 0.495
vt 0.5034375 0.12124999999999997
vt 0.5034375 0.125
vt 0.505 0.125
vt 0.505 0.12124999999999997
vt 0.5034375 0.125
vt 0.5034375 0.13312499999999994
vt 0.505 0.13312499999999994
vt 0.505 0.125
vt 0.5034375 0.13312499999999994
vt 0.5034375 0.13687499999999997
vt 0.505 0.13687499999999997
vt 0.505 0.13312499999999994
vt 0.2325 0.4965625
vt 0.20500000000000002 0.4965625
vt 0.20500000000000002 0.495
vt 0.2325 0.495
vt 0.5034375 0.13687499999999997
vt 0.5034375 0.13312499999999994
vt 0.505 0.13312499999999994
vt 0.505 0.13687499999999997
vt 0.5034375 0.13312499999999994
vt 0.5034375 0.125
vt 0.505 0.125
vt 0.505 0.13312499999999994
vt 0.5034375 0.125
vt 0.5034375 0.12124999999999997
vt 0.505 0.12124999999999997
vt 0.505 0.125
vt 0.20500000000000002 0.12124999999999997
vt 0.2325 0.12124999999999997
vt 0.2325 0.12250000000000005
vt 0.20500000000000002 0.12250000000000005
vt 0.2325 0.12124999999999997
vt 0.23625000000000002 0.125
vt 0.23500000000000001 0.125
vt 0.2325 0.12250000000000005
vt 0.23625000000000002 0.125
vt 0.23625000000000002 0.13312499999999994
vt 0.23500000000000001 0.13312499999999994
vt 0.23500000000000001 0.125
vt 0.23625000000000002 0.13312499999999994
vt 0.2325 0.13687499999999997
vt 0.2325 0.135625
vt 0.23500000000000001 0.13312499999999994
vt 0.2325 0.13687499999999997
vt 0.20500000000000002 0.13687499999999997
vt 0.20500000000000002 0.135625
vt 0.2325 0.135625
vt 0.20500000000000002 0.13687499999999997
vt 0.20125 0.13312499999999994
vt 0.2025 0.13312499999999994
vt 0.20500000000000002 0.135625
vt 0.20125 0.13312499999999994
vt 0.20125 0.125
vt 0.2025 0.125
vt 0.2025 0.13312499999999994
vt 0.20125 0.125
vt 0.20500000000000002 0.12124999999999997
vt 0.20500000000000002 0.12250000000000005
vt 0.2025 0.125
vt 0.21875 0.12906249999999997
vt 0.2325 0.12250000000000005
vt 0.20500000000000002 0.12250000000000005
vt 0.21875 0.12906249999999997
vt 0.20500000000000002 0.12250000000000005
vt 0.2325 0.12250000000000005
vt 0.21875 0.12906249999999997
vt 0.23500000000000001 0.125
vt 0.2325 0.12250000000000005
vt 0.21875 0.12906249999999997
vt 0.2325 0.12250000000000005
vt 0.23500000000000001 0.125
vt 0.21875 0.12906249999999997
vt 0.23500000000000001 0.13312499999999994
vt 0.23500000000000001 0.125
vt 0.21875 0.12906249999999997
vt 0.23500000000000001 0.125
vt 0.23500000000000001 0.13312499999999994
vt 0.21875 0.12906249999999997
vt 0.2325 0.135625
vt 0.23500000000000001 0.13312499999999994
vt 0.21875 0.12906249999999997
vt 0.23500000000000001 0.13312499999999994
vt 0.2325 0.135625
vt 0.21875 0.12906249999999997
vt 0.20500000000000002 0.135625
vt 0.2325 0.135625
vt 0.21875 0.12906249999999997
vt 0.2325 0.135625
vt 0.20500000000000002 0.135625
vt 0.21875 0.12906249999999997
vt 0.2025 0.13312499999999994
vt 0.20500000000000002 0.135625
vt 0.21875 0.12906249999999997
vt 0.20500000000000002 0.135625
vt 0.2025 0.13312499999999994
vt 0.21875 0.12906249999999997
vt 0.2025 0.125
vt 0.2025 0.13312499999999994
vt 0.21875 0.12906249999999997
vt 0.2025 0.13312499999999994
vt 0.2025 0.125
vt 0.21875 0.12906249999999997
vt 0.20500000000000002 0.12250000000000005
vt 0.2025 0.125
vt 0.21875 0.12906249999999997
vt 0.2025 0.125
vt 0.20500000000000002 0.12250000000000005
vn 0 -0.7071067811865397 -0.7071067811865555
vn 0.5773502691896216 -0.5773502691896216 -0.5773502691896343
vn 0.7071067811865397 0 -0.7071067811865555
vn 0.5773502691896216 0.5773502691896216 -0.5773502691896343
vn 0 0.7071067811865397 -0.7071067811865555
vn -0.5773502691896216 0.5773502691896216 -0.5773502691896343
vn -0.7071067811865397 0 -0.7071067811865555
vn -0.5773502691896216 -0.5773502691896216 -0.5773502691896343
vn 0 -1 0
vn 0.7071067811865476 -0.7071067811865476 0
vn 1 0 0
vn 0.7071067811865476 0.7071067811865476 0
vn 0 1 0
vn -0.7071067811865476 0.7071067811865476 0
vn -1 0 0
vn -0.7071067811865476 -0.7071067811865476 0
vn 0 -0.7071067811865397 0.7071067811865555
vn 0.5773502691896215 -0.5773502691896215 0.5773502691896344
vn 0.7071067811865397 0 0.7071067811865555
vn 0.5773502691896215 0.5773502691896215 0.5773502691896344
vn 0 0.7071067811865397 0.7071067811865555
vn -0.5773502691896215 0.5773502691896215 0.5773502691896344
vn -0.7071067811865397 0 0.7071067811865555
vn -0.5773502691896215 -0.5773502691896215 0.5773502691896344
vn 0 0 -1
vn 0 0 1
vn 0 0 -1
vn 0 0 1
vn 0 0 -1
vn 0 0 1
vn 0 0 -1
vn 0 0 1
vn 0 0 -1
vn 0 0 1
vn 0 0 -1
vn 0 0 1
vn 0 0 -1
vn 0 0 1
vn 0 0 -1
vn 0 0 1
usemtl nova_cyan
f 758/3165/874 759/3166/874 767/3167/874 766/3168/874
f 759/3169/875 760/3170/875 768/3171/875 767/3172/875
f 760/3173/876 761/3174/876 769/3175/876 768/3176/876
f 761/3177/877 762/3178/877 770/3179/877 769/3180/877
f 762/3181/878 763/3182/878 771/3183/878 770/3184/878
f 763/3185/879 764/3186/879 772/3187/879 771/3188/879
f 764/3189/880 765/3190/880 773/3191/880 772/3192/880
f 765/3193/881 758/3194/881 766/3195/881 773/3196/881
f 766/3197/882 767/3198/882 775/3199/882 774/3200/882
f 767/3201/883 768/3202/883 776/3203/883 775/3204/883
f 768/3205/884 769/3206/884 777/3207/884 776/3208/884
f 769/3209/885 770/3210/885 778/3211/885 777/3212/885
f 770/3213/886 771/3214/886 779/3215/886 778/3216/886
f 771/3217/887 772/3218/887 780/3219/887 779/3220/887
f 772/3221/888 773/3222/888 781/3223/888 780/3224/888
f 773/3225/889 766/3226/889 774/3227/889 781/3228/889
f 774/3229/890 775/3230/890 783/3231/890 782/3232/890
f 775/3233/891 776/3234/891 784/3235/891 783/3236/891
f 776/3237/892 777/3238/892 785/3239/892 784/3240/892
f 777/3241/893 778/3242/893 786/3243/893 785/3244/893
f 778/3245/894 779/3246/894 787/3247/894 786/3248/894
f 779/3249/895 780/3250/895 788/3251/895 787/3252/895
f 780/3253/896 781/3254/896 789/3255/896 788/3256/896
f 781/3257/897 774/3258/897 782/3259/897 789/3260/897
f 790/3261/898 759/3262/898 758/3263/898
f 791/3264/899 782/3265/899 783/3266/899
f 790/3267/900 760/3268/900 759/3269/900
f 791/3270/901 783/3271/901 784/3272/901
f 790/3273/902 761/3274/902 760/3275/902
f 791/3276/903 784/3277/903 785/3278/903
f 790/3279/904 762/3280/904 761/3281/904
f 791/3282/905 785/3283/905 786/3284/905
f 790/3285/906 763/3286/906 762/3287/906
f 791/3288/907 786/3289/907 787/3290/907
f 790/3291/908 764/3292/908 763/3293/908
f 791/3294/909 787/3295/909 788/3296/909
f 790/3297/910 765/3298/910 764/3299/910
f 791/3300/911 788/3301/911 789/3302/911
f 790/3303/912 758/3304/912 765/3305/912
f 791/3306/913 789/3307/913 782/3308/913
o status_key
v 0.7637499999999999 0.11 0.505
v 0.79875 0.11 0.505
v 0.8056249999999999 0.116875 0.505
v 0.8056249999999999 0.15625000000000003 0.505
v 0.79875 0.16312500000000002 0.505
v 0.7637499999999999 0.16312500000000002 0.505
v 0.756875 0.15625000000000003 0.505
v 0.756875 0.116875 0.505
v 0.76375 0.103125 0.511875
v 0.79875 0.103125 0.511875
v 0.8125 0.11687499999999999 0.511875
v 0.8125 0.15624999999999997 0.511875
v 0.79875 0.16999999999999998 0.511875
v 0.76375 0.16999999999999998 0.511875
v 0.75 0.15624999999999997 0.511875
v 0.75 0.11687499999999999 0.511875
v 0.76375 0.103125 0.524375
v 0.79875 0.103125 0.524375
v 0.8125 0.11687499999999999 0.524375
v 0.8125 0.15624999999999997 0.524375
v 0.79875 0.16999999999999998 0.524375
v 0.76375 0.16999999999999998 0.524375
v 0.75 0.15624999999999997 0.524375
v 0.75 0.11687499999999999 0.524375
v 0.7637499999999999 0.11 0.53125
v 0.79875 0.11 0.53125
v 0.8056249999999999 0.116875 0.53125
v 0.8056249999999999 0.15625000000000003 0.53125
v 0.79875 0.16312500000000002 0.53125
v 0.7637499999999999 0.16312500000000002 0.53125
v 0.756875 0.15625000000000003 0.53125
v 0.756875 0.116875 0.53125
v 0.78125 0.1365625 0.505
v 0.78125 0.1365625 0.53125
vt 0.7637499999999999 0.10999999999999999
vt 0.79875 0.10999999999999999
vt 0.79875 0.10312500000000002
vt 0.76375 0.10312500000000002
vt 0.79875 0.10999999999999999
vt 0.8056249999999999 0.11687500000000006
vt 0.8125 0.11687499999999995
vt 0.79875 0.10312500000000002
vt 0.8056249999999999 0.11687500000000006
vt 0.8056249999999999 0.15625
vt 0.8125 0.15625
vt 0.8125 0.11687499999999995
vt 0.505 0.15625
vt 0.505 0.16312499999999996
vt 0.511875 0.16999999999999993
vt 0.511875 0.15625
vt 0.79875 0.495
vt 0.7637499999999999 0.495
vt 0.76375 0.48812500000000003
vt 0.79875 0.48812500000000003
vt 0.505 0.16312499999999996
vt 0.505 0.15625
vt 0.511875 0.15625
vt 0.511875 0.16999999999999993
vt 0.505 0.15625
vt 0.505 0.11687500000000006
vt 0.511875 0.11687499999999995
vt 0.511875 0.15625
vt 0.505 0.11687500000000006
vt 0.505 0.10999999999999999
vt 0.511875 0.10312500000000002
vt 0.511875 0.11687499999999995
vt 0.76375 0.48812500000000003
vt 0.79875 0.48812500000000003
vt 0.79875 0.47562499999999996
vt 0.76375 0.47562499999999996
vt 0.79875 0.48812500000000003
vt 0.8125 0.48812500000000003
vt 0.8125 0.47562499999999996
vt 0.79875 0.47562499999999996
vt 0.511875 0.11687499999999995
vt 0.511875 0.15625
vt 0.524375 0.15625
vt 0.524375 0.11687499999999995
vt 0.8125 0.48812500000000003
vt 0.79875 0.48812500000000003
vt 0.79875 0.47562499999999996
vt 0.8125 0.47562499999999996
vt 0.79875 0.48812500000000003
vt 0.76375 0.48812500000000003
vt 0.76375 0.47562499999999996
vt 0.79875 0.47562499999999996
vt 0.76375 0.48812500000000003
vt 0.75 0.48812500000000003
vt 0.75 0.47562499999999996
vt 0.76375 0.47562499999999996
vt 0.511875 0.15625
vt 0.511875 0.11687499999999995
vt 0.524375 0.11687499999999995
vt 0.524375 0.15625
vt 0.75 0.48812500000000003
vt 0.76375 0.48812500000000003
vt 0.76375 0.47562499999999996
vt 0.75 0.47562499999999996
vt 0.76375 0.10312500000000002
vt 0.79875 0.10312500000000002
vt 0.79875 0.10999999999999999
vt 0.7637499999999999 0.10999999999999999
vt 0.79875 0.10312500000000002
vt 0.8125 0.11687499999999995
vt 0.8056249999999999 0.11687500000000006
vt 0.79875 0.10999999999999999
vt 0.8125 0.11687499999999995
vt 0.8125 0.15625
vt 0.8056249999999999 0.15625
vt 0.8056249999999999 0.11687500000000006
vt 0.8125 0.15625
vt 0.79875 0.16999999999999993
vt 0.79875 0.16312499999999996
vt 0.8056249999999999 0.15625
vt 0.79875 0.47562499999999996
vt 0.76375 0.47562499999999996
vt 0.7637499999999999 0.46875
vt 0.79875 0.46875
vt 0.76375 0.47562499999999996
vt 0.75 0.47562499999999996
vt 0.756875 0.46875
vt 0.7637499999999999 0.46875
vt 0.524375 0.15625
vt 0.524375 0.11687499999999995
vt 0.53125 0.11687500000000006
vt 0.53125 0.15625
vt 0.75 0.47562499999999996
vt 0.76375 0.47562499999999996
vt 0.7637499999999999 0.46875
vt 0.756875 0.46875
vt 0.78125 0.13656250000000003
vt 0.79875 0.10999999999999999
vt 0.7637499999999999 0.10999999999999999
vt 0.78125 0.13656250000000003
vt 0.7637499999999999 0.10999999999999999
vt 0.79875 0.10999999999999999
vt 0.78125 0.13656250000000003
vt 0.8056249999999999 0.11687500000000006
vt 0.79875 0.10999999999999999
vt 0.78125 0.13656250000000003
vt 0.79875 0.10999999999999999
vt 0.8056249999999999 0.11687500000000006
vt 0.78125 0.13656250000000003
vt 0.8056249999999999 0.15625
vt 0.8056249999999999 0.11687500000000006
vt 0.78125 0.13656250000000003
vt 0.8056249999999999 0.11687500000000006
vt 0.8056249999999999 0.15625
vt 0.78125 0.13656250000000003
vt 0.79875 0.16312499999999996
vt 0.8056249999999999 0.15625
vt 0.78125 0.13656250000000003
vt 0.8056249999999999 0.15625
vt 0.79875 0.16312499999999996
vt 0.78125 0.13656250000000003
vt 0.7637499999999999 0.16312499999999996
vt 0.79875 0.16312499999999996
vt 0.78125 0.13656250000000003
vt 0.79875 0.16312499999999996
vt 0.7637499999999999 0.16312499999999996
vt 0.78125 0.13656250000000003
vt 0.756875 0.15625
vt 0.7637499999999999 0.16312499999999996
vt 0.78125 0.13656250000000003
vt 0.7637499999999999 0.16312499999999996
vt 0.756875 0.15625
vt 0.78125 0.13656250000000003
vt 0.756875 0.11687500000000006
vt 0.756875 0.15625
vt 0.78125 0.13656250000000003
vt 0.756875 0.15625
vt 0.756875 0.11687500000000006
vt 0.78125 0.13656250000000003
vt 0.7637499999999999 0.10999999999999999
vt 0.756875 0.11687500000000006
vt 0.78125 0.13656250000000003
vt 0.756875 0.11687500000000006
vt 0.7637499999999999 0.10999999999999999
vn 0 -0.7071067811865455 -0.7071067811865497
vn 0.5773502691896234 -0.57735026918962 -0.5773502691896341
vn 0.7071067811865419 0 -0.7071067811865532
vn 0.5773502691896274 0.5773502691896251 -0.5773502691896251
vn 0 0.7071067811865476 -0.7071067811865476
vn -0.5773502691896282 0.5773502691896258 -0.5773502691896235
vn -0.7071067811865476 0 -0.7071067811865476
vn -0.5773502691896301 -0.5773502691896266 -0.5773502691896207
vn 0 -1 0
vn 0.7071067811865465 -0.7071067811865487 0
vn 1 0 0
vn 0.7071067811865468 0.7071067811865482 0
vn 0 1 0
vn -0.7071067811865468 0.7071067811865482 0
vn -1 0 0
vn -0.7071067811865465 -0.7071067811865487 0
vn 0 -0.7071067811865455 0.7071067811865497
vn 0.5773502691896217 -0.5773502691896234 0.5773502691896323
vn 0.7071067811865419 0 0.7071067811865532
vn 0.5773502691896251 0.5773502691896262 0.5773502691896263
vn 0 0.7071067811865476 0.7071067811865476
vn -0.577350269189627 0.5773502691896281 0.5773502691896224
vn -0.7071067811865476 0 0.7071067811865476
vn -0.5773502691896265 -0.5773502691896283 0.5773502691896224
vn 0 0 -1
vn 0 0 1
vn 0 0 -1
vn 0 0 1
vn 0 0 -1
vn 0 0 1
vn 0 0 -1
vn 0 0 1
vn 0 0 -1
vn 0 0 1
vn 0 0 -1
vn 0 0 1
vn 0 0 -1
vn 0 0 1
vn 0 0 -1
vn 0 0 1
usemtl nova_edge
f 792/3309/914 793/3310/914 801/3311/914 800/3312/914
f 793/3313/915 794/3314/915 802/3315/915 801/3316/915
f 794/3317/916 795/3318/916 803/3319/916 802/3320/916
f 795/3321/917 796/3322/917 804/3323/917 803/3324/917
f 796/3325/918 797/3326/918 805/3327/918 804/3328/918
f 797/3329/919 798/3330/919 806/3331/919 805/3332/919
f 798/3333/920 799/3334/920 807/3335/920 806/3336/920
f 799/3337/921 792/3338/921 800/3339/921 807/3340/921
f 800/3341/922 801/3342/922 809/3343/922 808/3344/922
f 801/3345/923 802/3346/923 810/3347/923 809/3348/923
f 802/3349/924 803/3350/924 811/3351/924 810/3352/924
f 803/3353/925 804/3354/925 812/3355/925 811/3356/925
f 804/3357/926 805/3358/926 813/3359/926 812/3360/926
f 805/3361/927 806/3362/927 814/3363/927 813/3364/927
f 806/3365/928 807/3366/928 815/3367/928 814/3368/928
f 807/3369/929 800/3370/929 808/3371/929 815/3372/929
f 808/3373/930 809/3374/930 817/3375/930 816/3376/930
f 809/3377/931 810/3378/931 818/3379/931 817/3380/931
f 810/3381/932 811/3382/932 819/3383/932 818/3384/932
f 811/3385/933 812/3386/933 820/3387/933 819/3388/933
f 812/3389/934 813/3390/934 821/3391/934 820/3392/934
f 813/3393/935 814/3394/935 822/3395/935 821/3396/935
f 814/3397/936 815/3398/936 823/3399/936 822/3400/936
f 815/3401/937 808/3402/937 816/3403/937 823/3404/937
f 824/3405/938 793/3406/938 792/3407/938
f 825/3408/939 816/3409/939 817/3410/939
f 824/3411/940 794/3412/940 793/3413/940
f 825/3414/941 817/3415/941 818/3416/941
f 824/3417/942 795/3418/942 794/3419/942
f 825/3420/943 818/3421/943 819/3422/943
f 824/3423/944 796/3424/944 795/3425/944
f 825/3426/945 819/3427/945 820/3428/945
f 824/3429/946 797/3430/946 796/3431/946
f 825/3432/947 820/3433/947 821/3434/947
f 824/3435/948 798/3436/948 797/3437/948
f 825/3438/949 821/3439/949 822/3440/949
f 824/3441/950 799/3442/950 798/3443/950
f 825/3444/951 822/3445/951 823/3446/951
f 824/3447/952 792/3448/952 799/3449/952
f 825/3450/953 823/3451/953 816/3452/953
o status_key_marker
v 0.7737499999999999 0.119375 0.5021875
v 0.78875 0.119375 0.5021875
v 0.793125 0.12375 0.5021875
v 0.793125 0.13875 0.5021875
v 0.78875 0.143125 0.5021875
v 0.7737499999999999 0.143125 0.5021875
v 0.7693749999999999 0.13875 0.5021875
v 0.7693749999999999 0.12375 0.5021875
v 0.7737499999999999 0.118125 0.5034375
v 0.78875 0.118125 0.5034375
v 0.7943749999999999 0.12375 0.5034375
v 0.7943749999999999 0.13875 0.5034375
v 0.78875 0.144375 0.5034375
v 0.7737499999999999 0.144375 0.5034375
v 0.768125 0.13875 0.5034375
v 0.768125 0.12375 0.5034375
v 0.7737499999999999 0.118125 0.505
v 0.78875 0.118125 0.505
v 0.7943749999999999 0.12375 0.505
v 0.7943749999999999 0.13875 0.505
v 0.78875 0.144375 0.505
v 0.7737499999999999 0.144375 0.505
v 0.768125 0.13875 0.505
v 0.768125 0.12375 0.505
v 0.7737499999999999 0.119375 0.50625
v 0.78875 0.119375 0.50625
v 0.793125 0.12375 0.50625
v 0.793125 0.13875 0.50625
v 0.78875 0.143125 0.50625
v 0.7737499999999999 0.143125 0.50625
v 0.7693749999999999 0.13875 0.50625
v 0.7693749999999999 0.12375 0.50625
v 0.78125 0.13125 0.5021875
v 0.78125 0.13125 0.50625
vt 0.7737499999999999 0.11937500000000001
vt 0.78875 0.11937500000000001
vt 0.78875 0.11812500000000004
vt 0.7737499999999999 0.11812500000000004
vt 0.78875 0.4978125
vt 0.793125 0.4978125
vt 0.7943749999999999 0.4965625
vt 0.78875 0.4965625
vt 0.5021875 0.12375000000000003
vt 0.5021875 0.13875000000000004
vt 0.5034375 0.13875000000000004
vt 0.5034375 0.12375000000000003
vt 0.793125 0.13875000000000004
vt 0.78875 0.14312499999999995
vt 0.78875 0.14437500000000003
vt 0.7943749999999999 0.13875000000000004
vt 0.78875 0.14312499999999995
vt 0.7737499999999999 0.14312499999999995
vt 0.7737499999999999 0.14437500000000003
vt 0.78875 0.14437500000000003
vt 0.7737499999999999 0.4978125
vt 0.7693749999999999 0.4978125
vt 0.768125 0.4965625
vt 0.7737499999999999 0.4965625
vt 0.5021875 0.13875000000000004
vt 0.5021875 0.12375000000000003
vt 0.5034375 0.12375000000000003
vt 0.5034375 0.13875000000000004
vt 0.7693749999999999 0.12375000000000003
vt 0.7737499999999999 0.11937500000000001
vt 0.7737499999999999 0.11812500000000004
vt 0.768125 0.12375000000000003
vt 0.7737499999999999 0.4965625
vt 0.78875 0.4965625
vt 0.78875 0.495
vt 0.7737499999999999 0.495
vt 0.5034375 0.11812500000000004
vt 0.5034375 0.12375000000000003
vt 0.505 0.12375000000000003
vt 0.505 0.11812500000000004
vt 0.5034375 0.12375000000000003
vt 0.5034375 0.13875000000000004
vt 0.505 0.13875000000000004
vt 0.505 0.12375000000000003
vt 0.5034375 0.13875000000000004
vt 0.5034375 0.14437500000000003
vt 0.505 0.14437500000000003
vt 0.505 0.13875000000000004
vt 0.78875 0.4965625
vt 0.7737499999999999 0.4965625
vt 0.7737499999999999 0.495
vt 0.78875 0.495
vt 0.5034375 0.14437500000000003
vt 0.5034375 0.13875000000000004
vt 0.505 0.13875000000000004
vt 0.505 0.14437500000000003
vt 0.5034375 0.13875000000000004
vt 0.5034375 0.12375000000000003
vt 0.505 0.12375000000000003
vt 0.505 0.13875000000000004
vt 0.5034375 0.12375000000000003
vt 0.5034375 0.11812500000000004
vt 0.505 0.11812500000000004
vt 0.505 0.12375000000000003
vt 0.7737499999999999 0.11812500000000004
vt 0.78875 0.11812500000000004
vt 0.78875 0.11937500000000001
vt 0.7737499999999999 0.11937500000000001
vt 0.505 0.11812500000000004
vt 0.505 0.12375000000000003
vt 0.50625 0.12375000000000003
vt 0.50625 0.11937500000000001
vt 0.505 0.12375000000000003
vt 0.505 0.13875000000000004
vt 0.50625 0.13875000000000004
vt 0.50625 0.12375000000000003
vt 0.7943749999999999 0.13875000000000004
vt 0.78875 0.14437500000000003
vt 0.78875 0.14312499999999995
vt 0.793125 0.13875000000000004
vt 0.78875 0.14437500000000003
vt 0.7737499999999999 0.14437500000000003
vt 0.7737499999999999 0.14312499999999995
vt 0.78875 0.14312499999999995
vt 0.7737499999999999 0.14437500000000003
vt 0.768125 0.13875000000000004
vt 0.7693749999999999 0.13875000000000004
vt 0.7737499999999999 0.14312499999999995
vt 0.505 0.13875000000000004
vt 0.505 0.12375000000000003
vt 0.50625 0.12375000000000003
vt 0.50625 0.13875000000000004
vt 0.768125 0.12375000000000003
vt 0.7737499999999999 0.11812500000000004
vt 0.7737499999999999 0.11937500000000001
vt 0.7693749999999999 0.12375000000000003
vt 0.78125 0.13124999999999998
vt 0.78875 0.11937500000000001
vt 0.7737499999999999 0.11937500000000001
vt 0.78125 0.13124999999999998
vt 0.7737499999999999 0.11937500000000001
vt 0.78875 0.11937500000000001
vt 0.78125 0.13124999999999998
vt 0.793125 0.12375000000000003
vt 0.78875 0.11937500000000001
vt 0.78125 0.13124999999999998
vt 0.78875 0.11937500000000001
vt 0.793125 0.12375000000000003
vt 0.78125 0.13124999999999998
vt 0.793125 0.13875000000000004
vt 0.793125 0.12375000000000003
vt 0.78125 0.13124999999999998
vt 0.793125 0.12375000000000003
vt 0.793125 0.13875000000000004
vt 0.78125 0.13124999999999998
vt 0.78875 0.14312499999999995
vt 0.793125 0.13875000000000004
vt 0.78125 0.13124999999999998
vt 0.793125 0.13875000000000004
vt 0.78875 0.14312499999999995
vt 0.78125 0.13124999999999998
vt 0.7737499999999999 0.14312499999999995
vt 0.78875 0.14312499999999995
vt 0.78125 0.13124999999999998
vt 0.78875 0.14312499999999995
vt 0.7737499999999999 0.14312499999999995
vt 0.78125 0.13124999999999998
vt 0.7693749999999999 0.13875000000000004
vt 0.7737499999999999 0.14312499999999995
vt 0.78125 0.13124999999999998
vt 0.7737499999999999 0.14312499999999995
vt 0.7693749999999999 0.13875000000000004
vt 0.78125 0.13124999999999998
vt 0.7693749999999999 0.12375000000000003
vt 0.7693749999999999 0.13875000000000004
vt 0.78125 0.13124999999999998
vt 0.7693749999999999 0.13875000000000004
vt 0.7693749999999999 0.12375000000000003
vt 0.78125 0.13124999999999998
vt 0.7737499999999999 0.11937500000000001
vt 0.7693749999999999 0.12375000000000003
vt 0.78125 0.13124999999999998
vt 0.7693749999999999 0.12375000000000003
vt 0.7737499999999999 0.11937500000000001
vn 0 -0.7071067811865397 -0.7071067811865553
vn 0.5773502691896252 -0.5773502691896271 -0.5773502691896252
vn 0.7071067811865476 0 -0.7071067811865476
vn 0.5773502691896191 0.5773502691896227 -0.5773502691896356
vn 0 0.7071067811865397 -0.7071067811865553
vn -0.5773502691896245 0.5773502691896282 -0.5773502691896246
vn -0.7071067811865476 0 -0.7071067811865476
vn -0.5773502691896203 -0.5773502691896222 -0.5773502691896351
vn 0 -1 0
vn 0.7071067811865485 -0.7071067811865467 0
vn 1 0 0
vn 0.7071067811865476 0.7071067811865476 0
vn 0 1 0
vn -0.7071067811865476 0.7071067811865476 0
vn -1 0 0
vn -0.7071067811865485 -0.7071067811865467 0
vn 0 -0.7071067811865397 0.7071067811865553
vn 0.5773502691896263 -0.5773502691896248 0.5773502691896262
vn 0.7071067811865476 0 0.7071067811865476
vn 0.5773502691896214 0.5773502691896214 0.5773502691896344
vn 0 0.7071067811865397 0.7071067811865553
vn -0.5773502691896257 0.5773502691896257 0.577350269189626
vn -0.7071067811865476 0 0.7071067811865476
vn -0.5773502691896225 -0.5773502691896211 0.5773502691896338
vn 0 0 -1
vn 0 0 1
vn 0 0 -1
vn 0 0 1
vn 0 0 -1
vn 0 0 1
vn 0 0 -1
vn 0 0 1
vn 0 0 -1
vn 0 0 1
vn 0 0 -1
vn 0 0 1
vn 0 0 -1
vn 0 0 1
vn 0 0 -1
vn 0 0 1
usemtl nova_cyan
f 826/3453/954 827/3454/954 835/3455/954 834/3456/954
f 827/3457/955 828/3458/955 836/3459/955 835/3460/955
f 828/3461/956 829/3462/956 837/3463/956 836/3464/956
f 829/3465/957 830/3466/957 838/3467/957 837/3468/957
f 830/3469/958 831/3470/958 839/3471/958 838/3472/958
f 831/3473/959 832/3474/959 840/3475/959 839/3476/959
f 832/3477/960 833/3478/960 841/3479/960 840/3480/960
f 833/3481/961 826/3482/961 834/3483/961 841/3484/961
f 834/3485/962 835/3486/962 843/3487/962 842/3488/962
f 835/3489/963 836/3490/963 844/3491/963 843/3492/963
f 836/3493/964 837/3494/964 845/3495/964 844/3496/964
f 837/3497/965 838/3498/965 846/3499/965 845/3500/965
f 838/3501/966 839/3502/966 847/3503/966 846/3504/966
f 839/3505/967 840/3506/967 848/3507/967 847/3508/967
f 840/3509/968 841/3510/968 849/3511/968 848/3512/968
f 841/3513/969 834/3514/969 842/3515/969 849/3516/969
f 842/3517/970 843/3518/970 851/3519/970 850/3520/970
f 843/3521/971 844/3522/971 852/3523/971 851/3524/971
f 844/3525/972 845/3526/972 853/3527/972 852/3528/972
f 845/3529/973 846/3530/973 854/3531/973 853/3532/973
f 846/3533/974 847/3534/974 855/3535/974 854/3536/974
f 847/3537/975 848/3538/975 856/3539/975 855/3540/975
f 848/3541/976 849/3542/976 857/3543/976 856/3544/976
f 849/3545/977 842/3546/977 850/3547/977 857/3548/977
f 858/3549/978 827/3550/978 826/3551/978
f 859/3552/979 850/3553/979 851/3554/979
f 858/3555/980 828/3556/980 827/3557/980
f 859/3558/981 851/3559/981 852/3560/981
f 858/3561/982 829/3562/982 828/3563/982
f 859/3564/983 852/3565/983 853/3566/983
f 858/3567/984 830/3568/984 829/3569/984
f 859/3570/985 853/3571/985 854/3572/985
f 858/3573/986 831/3574/986 830/3575/986
f 859/3576/987 854/3577/987 855/3578/987
f 858/3579/988 832/3580/988 831/3581/988
f 859/3582/989 855/3583/989 856/3584/989
f 858/3585/990 833/3586/990 832/3587/990
f 859/3588/991 856/3589/991 857/3590/991
f 858/3591/992 826/3592/992 833/3593/992
f 859/3594/993 857/3595/993 850/3596/993
o left_vent_0
v 0.0625 0.32125 0.661875
v 0.078125 0.32125 0.661875
v 0.083125 0.32625 0.661875
v 0.083125 0.3475 0.661875
v 0.078125 0.3525 0.661875
v 0.0625 0.3525 0.661875
v 0.0575 0.3475 0.661875
v 0.0575 0.32625 0.661875
v 0.0625 0.31875 0.6643749999999999
v 0.078125 0.31875 0.6643749999999999
v 0.085625 0.32625 0.6643749999999999
v 0.085625 0.3475 0.6643749999999999
v 0.078125 0.355 0.6643749999999999
v 0.0625 0.355 0.6643749999999999
v 0.055 0.3475 0.6643749999999999
v 0.055 0.32625 0.6643749999999999
v 0.0625 0.31875 0.675625
v 0.078125 0.31875 0.675625
v 0.085625 0.32625 0.675625
v 0.085625 0.3475 0.675625
v 0.078125 0.355 0.675625
v 0.0625 0.355 0.675625
v 0.055 0.3475 0.675625
v 0.055 0.32625 0.675625
v 0.0625 0.32125 0.678125
v 0.078125 0.32125 0.678125
v 0.083125 0.32625 0.678125
v 0.083125 0.3475 0.678125
v 0.078125 0.3525 0.678125
v 0.0625 0.3525 0.678125
v 0.0575 0.3475 0.678125
v 0.0575 0.32625 0.678125
v 0.0703125 0.336875 0.661875
v 0.0703125 0.336875 0.678125
vt 0.0625 0.32125000000000004
vt 0.078125 0.32125000000000004
vt 0.078125 0.31875
vt 0.0625 0.31875
vt 0.078125 0.32125000000000004
vt 0.083125 0.32624999999999993
vt 0.085625 0.32624999999999993
vt 0.078125 0.31875
vt 0.083125 0.32624999999999993
vt 0.083125 0.3474999999999999
vt 0.085625 0.3474999999999999
vt 0.085625 0.32624999999999993
vt 0.083125 0.3474999999999999
vt 0.078125 0.35250000000000004
vt 0.078125 0.355
vt 0.085625 0.3474999999999999
vt 0.078125 0.35250000000000004
vt 0.0625 0.35250000000000004
vt 0.0625 0.355
vt 0.078125 0.355
vt 0.0625 0.35250000000000004
vt 0.0575 0.3474999999999999
vt 0.055 0.3474999999999999
vt 0.0625 0.355
vt 0.0575 0.3474999999999999
vt 0.0575 0.32624999999999993
vt 0.055 0.32624999999999993
vt 0.055 0.3474999999999999
vt 0.0575 0.32624999999999993
vt 0.0625 0.32125000000000004
vt 0.0625 0.31875
vt 0.055 0.32624999999999993
vt 0.0625 0.33562500000000006
vt 0.078125 0.33562500000000006
vt 0.078125 0.32437499999999997
vt 0.0625 0.32437499999999997
vt 0.6643749999999999 0.31875
vt 0.6643749999999999 0.32624999999999993
vt 0.675625 0.32624999999999993
vt 0.675625 0.31875
vt 0.6643749999999999 0.32624999999999993
vt 0.6643749999999999 0.3474999999999999
vt 0.675625 0.3474999999999999
vt 0.675625 0.32624999999999993
vt 0.6643749999999999 0.3474999999999999
vt 0.6643749999999999 0.355
vt 0.675625 0.355
vt 0.675625 0.3474999999999999
vt 0.078125 0.33562500000000006
vt 0.0625 0.33562500000000006
vt 0.0625 0.32437499999999997
vt 0.078125 0.32437499999999997
vt 0.6643749999999999 0.355
vt 0.6643749999999999 0.3474999999999999
vt 0.675625 0.3474999999999999
vt 0.675625 0.355
vt 0.6643749999999999 0.3474999999999999
vt 0.6643749999999999 0.32624999999999993
vt 0.675625 0.32624999999999993
vt 0.675625 0.3474999999999999
vt 0.6643749999999999 0.32624999999999993
vt 0.6643749999999999 0.31875
vt 0.675625 0.31875
vt 0.675625 0.32624999999999993
vt 0.0625 0.31875
vt 0.078125 0.31875
vt 0.078125 0.32125000000000004
vt 0.0625 0.32125000000000004
vt 0.078125 0.31875
vt 0.085625 0.32624999999999993
vt 0.083125 0.32624999999999993
vt 0.078125 0.32125000000000004
vt 0.085625 0.32624999999999993
vt 0.085625 0.3474999999999999
vt 0.083125 0.3474999999999999
vt 0.083125 0.32624999999999993
vt 0.085625 0.3474999999999999
vt 0.078125 0.355
vt 0.078125 0.35250000000000004
vt 0.083125 0.3474999999999999
vt 0.078125 0.355
vt 0.0625 0.355
vt 0.0625 0.35250000000000004
vt 0.078125 0.35250000000000004
vt 0.0625 0.355
vt 0.055 0.3474999999999999
vt 0.0575 0.3474999999999999
vt 0.0625 0.35250000000000004
vt 0.055 0.3474999999999999
vt 0.055 0.32624999999999993
vt 0.0575 0.32624999999999993
vt 0.0575 0.3474999999999999
vt 0.055 0.32624999999999993
vt 0.0625 0.31875
vt 0.0625 0.32125000000000004
vt 0.0575 0.32624999999999993
vt 0.0703125 0.33687500000000004
vt 0.078125 0.32125000000000004
vt 0.0625 0.32125000000000004
vt 0.0703125 0.33687500000000004
vt 0.0625 0.32125000000000004
vt 0.078125 0.32125000000000004
vt 0.0703125 0.33687500000000004
vt 0.083125 0.32624999999999993
vt 0.078125 0.32125000000000004
vt 0.0703125 0.33687500000000004
vt 0.078125 0.32125000000000004
vt 0.083125 0.32624999999999993
vt 0.0703125 0.33687500000000004
vt 0.083125 0.3474999999999999
vt 0.083125 0.32624999999999993
vt 0.0703125 0.33687500000000004
vt 0.083125 0.32624999999999993
vt 0.083125 0.3474999999999999
vt 0.0703125 0.33687500000000004
vt 0.078125 0.35250000000000004
vt 0.083125 0.3474999999999999
vt 0.0703125 0.33687500000000004
vt 0.083125 0.3474999999999999
vt 0.078125 0.35250000000000004
vt 0.0703125 0.33687500000000004
vt 0.0625 0.35250000000000004
vt 0.078125 0.35250000000000004
vt 0.0703125 0.33687500000000004
vt 0.078125 0.35250000000000004
vt 0.0625 0.35250000000000004
vt 0.0703125 0.33687500000000004
vt 0.0575 0.3474999999999999
vt 0.0625 0.35250000000000004
vt 0.0703125 0.33687500000000004
vt 0.0625 0.35250000000000004
vt 0.0575 0.3474999999999999
vt 0.0703125 0.33687500000000004
vt 0.0575 0.32624999999999993
vt 0.0575 0.3474999999999999
vt 0.0703125 0.33687500000000004
vt 0.0575 0.3474999999999999
vt 0.0575 0.32624999999999993
vt 0.0703125 0.33687500000000004
vt 0.0625 0.32125000000000004
vt 0.0575 0.32624999999999993
vt 0.0703125 0.33687500000000004
vt 0.0575 0.32624999999999993
vt 0.0625 0.32125000000000004
vn 0 -0.7071067811865397 -0.7071067811865553
vn 0.5773502691896216 -0.5773502691896216 -0.5773502691896343
vn 0.7071067811865397 0 -0.7071067811865555
vn 0.5773502691896216 0.5773502691896216 -0.5773502691896343
vn 0 0.7071067811865397 -0.7071067811865553
vn -0.5773502691896218 0.5773502691896211 -0.5773502691896345
vn -0.7071067811865397 0 -0.7071067811865555
vn -0.5773502691896221 -0.5773502691896213 -0.5773502691896341
vn 0 -1 0
vn 0.7071067811865476 -0.7071067811865476 0
vn 1 0 0
vn 0.7071067811865476 0.7071067811865476 0
vn 0 1 0
vn -0.7071067811865479 0.7071067811865471 0
vn -1 0 0
vn -0.7071067811865479 -0.7071067811865471 0
vn 0 -0.7071067811865397 0.7071067811865553
vn 0.5773502691896215 -0.5773502691896215 0.5773502691896344
vn 0.7071067811865397 0 0.7071067811865555
vn 0.5773502691896215 0.5773502691896215 0.5773502691896344
vn 0 0.7071067811865397 0.7071067811865553
vn -0.5773502691896217 0.5773502691896212 0.5773502691896344
vn -0.7071067811865397 0 0.7071067811865555
vn -0.5773502691896218 -0.5773502691896213 0.5773502691896342
vn 0 0 -1
vn 0 0 1
vn 0 0 -1
vn 0 0 1
vn 0 0 -1
vn 0 0 1
vn 0 0 -1
vn 0 0 1
vn 0 0 -1
vn 0 0 1
vn 0 0 -1
vn 0 0 1
vn 0 0 -1
vn 0 0 1
vn 0 0 -1
vn 0 0 1
usemtl nova_recess
f 860/3597/994 861/3598/994 869/3599/994 868/3600/994
f 861/3601/995 862/3602/995 870/3603/995 869/3604/995
f 862/3605/996 863/3606/996 871/3607/996 870/3608/996
f 863/3609/997 864/3610/997 872/3611/997 871/3612/997
f 864/3613/998 865/3614/998 873/3615/998 872/3616/998
f 865/3617/999 866/3618/999 874/3619/999 873/3620/999
f 866/3621/1000 867/3622/1000 875/3623/1000 874/3624/1000
f 867/3625/1001 860/3626/1001 868/3627/1001 875/3628/1001
f 868/3629/1002 869/3630/1002 877/3631/1002 876/3632/1002
f 869/3633/1003 870/3634/1003 878/3635/1003 877/3636/1003
f 870/3637/1004 871/3638/1004 879/3639/1004 878/3640/1004
f 871/3641/1005 872/3642/1005 880/3643/1005 879/3644/1005
f 872/3645/1006 873/3646/1006 881/3647/1006 880/3648/1006
f 873/3649/1007 874/3650/1007 882/3651/1007 881/3652/1007
f 874/3653/1008 875/3654/1008 883/3655/1008 882/3656/1008
f 875/3657/1009 868/3658/1009 876/3659/1009 883/3660/1009
f 876/3661/1010 877/3662/1010 885/3663/1010 884/3664/1010
f 877/3665/1011 878/3666/1011 886/3667/1011 885/3668/1011
f 878/3669/1012 879/3670/1012 887/3671/1012 886/3672/1012
f 879/3673/1013 880/3674/1013 888/3675/1013 887/3676/1013
f 880/3677/1014 881/3678/1014 889/3679/1014 888/3680/1014
f 881/3681/1015 882/3682/1015 890/3683/1015 889/3684/1015
f 882/3685/1016 883/3686/1016 891/3687/1016 890/3688/1016
f 883/3689/1017 876/3690/1017 884/3691/1017 891/3692/1017
f 892/3693/1018 861/3694/1018 860/3695/1018
f 893/3696/1019 884/3697/1019 885/3698/1019
f 892/3699/1020 862/3700/1020 861/3701/1020
f 893/3702/1021 885/3703/1021 886/3704/1021
f 892/3705/1022 863/3706/1022 862/3707/1022
f 893/3708/1023 886/3709/1023 887/3710/1023
f 892/3711/1024 864/3712/1024 863/3713/1024
f 893/3714/1025 887/3715/1025 888/3716/1025
f 892/3717/1026 865/3718/1026 864/3719/1026
f 893/3720/1027 888/3721/1027 889/3722/1027
f 892/3723/1028 866/3724/1028 865/3725/1028
f 893/3726/1029 889/3727/1029 890/3728/1029
f 892/3729/1030 867/3730/1030 866/3731/1030
f 893/3732/1031 890/3733/1031 891/3734/1031
f 892/3735/1032 860/3736/1032 867/3737/1032
f 893/3738/1033 891/3739/1033 884/3740/1033
o left_vent_1
v 0.0625 0.40249999999999997 0.661875
v 0.078125 0.40249999999999997 0.661875
v 0.083125 0.4075 0.661875
v 0.083125 0.42874999999999996 0.661875
v 0.078125 0.43374999999999997 0.661875
v 0.0625 0.43374999999999997 0.661875
v 0.0575 0.42874999999999996 0.661875
v 0.0575 0.4075 0.661875
v 0.0625 0.39999999999999997 0.6643749999999999
v 0.078125 0.39999999999999997 0.6643749999999999
v 0.085625 0.4075 0.6643749999999999
v 0.085625 0.42874999999999996 0.6643749999999999
v 0.078125 0.43624999999999997 0.6643749999999999
v 0.0625 0.43624999999999997 0.6643749999999999
v 0.055 0.42874999999999996 0.6643749999999999
v 0.055 0.4075 0.6643749999999999
v 0.0625 0.39999999999999997 0.675625
v 0.078125 0.39999999999999997 0.675625
v 0.085625 0.4075 0.675625
v 0.085625 0.42874999999999996 0.675625
v 0.078125 0.43624999999999997 0.675625
v 0.0625 0.43624999999999997 0.675625
v 0.055 0.42874999999999996 0.675625
v 0.055 0.4075 0.675625
v 0.0625 0.40249999999999997 0.678125
v 0.078125 0.40249999999999997 0.678125
v 0.083125 0.4075 0.678125
v 0.083125 0.42874999999999996 0.678125
v 0.078125 0.43374999999999997 0.678125
v 0.0625 0.43374999999999997 0.678125
v 0.0575 0.42874999999999996 0.678125
v 0.0575 0.4075 0.678125
v 0.0703125 0.41812499999999997 0.661875
v 0.0703125 0.41812499999999997 0.678125
vt 0.0625 0.40249999999999997
vt 0.078125 0.40249999999999997
vt 0.078125 0.3999999999999999
vt 0.0625 0.3999999999999999
vt 0.078125 0.40249999999999997
vt 0.083125 0.4075
vt 0.085625 0.4075
vt 0.078125 0.3999999999999999
vt 0.083125 0.4075
vt 0.083125 0.42874999999999996
vt 0.085625 0.42874999999999996
vt 0.085625 0.4075
vt 0.083125 0.42874999999999996
vt 0.078125 0.43374999999999997
vt 0.078125 0.43625
vt 0.085625 0.42874999999999996
vt 0.078125 0.43374999999999997
vt 0.0625 0.43374999999999997
vt 0.0625 0.43625
vt 0.078125 0.43625
vt 0.0625 0.43374999999999997
vt 0.0575 0.42874999999999996
vt 0.055 0.42874999999999996
vt 0.0625 0.43625
vt 0.0575 0.42874999999999996
vt 0.0575 0.4075
vt 0.055 0.4075
vt 0.055 0.42874999999999996
vt 0.0575 0.4075
vt 0.0625 0.40249999999999997
vt 0.0625 0.3999999999999999
vt 0.055 0.4075
vt 0.0625 0.33562500000000006
vt 0.078125 0.33562500000000006
vt 0.078125 0.32437499999999997
vt 0.0625 0.32437499999999997
vt 0.6643749999999999 0.3999999999999999
vt 0.6643749999999999 0.4075
vt 0.675625 0.4075
vt 0.675625 0.3999999999999999
vt 0.6643749999999999 0.4075
vt 0.6643749999999999 0.42874999999999996
vt 0.675625 0.42874999999999996
vt 0.675625 0.4075
vt 0.6643749999999999 0.42874999999999996
vt 0.6643749999999999 0.43625
vt 0.675625 0.43625
vt 0.675625 0.42874999999999996
vt 0.078125 0.33562500000000006
vt 0.0625 0.33562500000000006
vt 0.0625 0.32437499999999997
vt 0.078125 0.32437499999999997
vt 0.6643749999999999 0.43625
vt 0.6643749999999999 0.42874999999999996
vt 0.675625 0.42874999999999996
vt 0.675625 0.43625
vt 0.6643749999999999 0.42874999999999996
vt 0.6643749999999999 0.4075
vt 0.675625 0.4075
vt 0.675625 0.42874999999999996
vt 0.6643749999999999 0.4075
vt 0.6643749999999999 0.3999999999999999
vt 0.675625 0.3999999999999999
vt 0.675625 0.4075
vt 0.0625 0.3999999999999999
vt 0.078125 0.3999999999999999
vt 0.078125 0.40249999999999997
vt 0.0625 0.40249999999999997
vt 0.078125 0.3999999999999999
vt 0.085625 0.4075
vt 0.083125 0.4075
vt 0.078125 0.40249999999999997
vt 0.085625 0.4075
vt 0.085625 0.42874999999999996
vt 0.083125 0.42874999999999996
vt 0.083125 0.4075
vt 0.085625 0.42874999999999996
vt 0.078125 0.43625
vt 0.078125 0.43374999999999997
vt 0.083125 0.42874999999999996
vt 0.078125 0.43625
vt 0.0625 0.43625
vt 0.0625 0.43374999999999997
vt 0.078125 0.43374999999999997
vt 0.0625 0.43625
vt 0.055 0.42874999999999996
vt 0.0575 0.42874999999999996
vt 0.0625 0.43374999999999997
vt 0.055 0.42874999999999996
vt 0.055 0.4075
vt 0.0575 0.4075
vt 0.0575 0.42874999999999996
vt 0.055 0.4075
vt 0.0625 0.3999999999999999
vt 0.0625 0.40249999999999997
vt 0.0575 0.4075
vt 0.0703125 0.41812499999999997
vt 0.078125 0.40249999999999997
vt 0.0625 0.40249999999999997
vt 0.0703125 0.41812499999999997
vt 0.0625 0.40249999999999997
vt 0.078125 0.40249999999999997
vt 0.0703125 0.41812499999999997
vt 0.083125 0.4075
vt 0.078125 0.40249999999999997
vt 0.0703125 0.41812499999999997
vt 0.078125 0.40249999999999997
vt 0.083125 0.4075
vt 0.0703125 0.41812499999999997
vt 0.083125 0.42874999999999996
vt 0.083125 0.4075
vt 0.0703125 0.41812499999999997
vt 0.083125 0.4075
vt 0.083125 0.42874999999999996
vt 0.0703125 0.41812499999999997
vt 0.078125 0.43374999999999997
vt 0.083125 0.42874999999999996
vt 0.0703125 0.41812499999999997
vt 0.083125 0.42874999999999996
vt 0.078125 0.43374999999999997
vt 0.0703125 0.41812499999999997
vt 0.0625 0.43374999999999997
vt 0.078125 0.43374999999999997
vt 0.0703125 0.41812499999999997
vt 0.078125 0.43374999999999997
vt 0.0625 0.43374999999999997
vt 0.0703125 0.41812499999999997
vt 0.0575 0.42874999999999996
vt 0.0625 0.43374999999999997
vt 0.0703125 0.41812499999999997
vt 0.0625 0.43374999999999997
vt 0.0575 0.42874999999999996
vt 0.0703125 0.41812499999999997
vt 0.0575 0.4075
vt 0.0575 0.42874999999999996
vt 0.0703125 0.41812499999999997
vt 0.0575 0.42874999999999996
vt 0.0575 0.4075
vt 0.0703125 0.41812499999999997
vt 0.0625 0.40249999999999997
vt 0.0575 0.4075
vt 0.0703125 0.41812499999999997
vt 0.0575 0.4075
vt 0.0625 0.40249999999999997
vn 0 -0.7071067811865397 -0.7071067811865553
vn 0.5773502691896216 -0.5773502691896216 -0.5773502691896343
vn 0.7071067811865397 0 -0.7071067811865555
vn 0.5773502691896216 0.5773502691896216 -0.5773502691896343
vn 0 0.7071067811865397 -0.7071067811865553
vn -0.5773502691896218 0.5773502691896211 -0.5773502691896345
vn -0.7071067811865397 0 -0.7071067811865555
vn -0.5773502691896221 -0.5773502691896213 -0.5773502691896341
vn 0 -1 0
vn 0.7071067811865476 -0.7071067811865476 0
vn 1 0 0
vn 0.7071067811865476 0.7071067811865476 0
vn 0 1 0
vn -0.7071067811865479 0.7071067811865471 0
vn -1 0 0
vn -0.7071067811865479 -0.7071067811865471 0
vn 0 -0.7071067811865397 0.7071067811865553
vn 0.5773502691896215 -0.5773502691896215 0.5773502691896344
vn 0.7071067811865397 0 0.7071067811865555
vn 0.5773502691896215 0.5773502691896215 0.5773502691896344
vn 0 0.7071067811865397 0.7071067811865553
vn -0.5773502691896217 0.5773502691896212 0.5773502691896344
vn -0.7071067811865397 0 0.7071067811865555
vn -0.5773502691896218 -0.5773502691896213 0.5773502691896342
vn 0 0 -1
vn 0 0 1
vn 0 0 -1
vn 0 0 1
vn 0 0 -1
vn 0 0 1
vn 0 0 -1
vn 0 0 1
vn 0 0 -1
vn 0 0 1
vn 0 0 -1
vn 0 0 1
vn 0 0 -1
vn 0 0 1
vn 0 0 -1
vn 0 0 1
usemtl nova_recess
f 894/3741/1034 895/3742/1034 903/3743/1034 902/3744/1034
f 895/3745/1035 896/3746/1035 904/3747/1035 903/3748/1035
f 896/3749/1036 897/3750/1036 905/3751/1036 904/3752/1036
f 897/3753/1037 898/3754/1037 906/3755/1037 905/3756/1037
f 898/3757/1038 899/3758/1038 907/3759/1038 906/3760/1038
f 899/3761/1039 900/3762/1039 908/3763/1039 907/3764/1039
f 900/3765/1040 901/3766/1040 909/3767/1040 908/3768/1040
f 901/3769/1041 894/3770/1041 902/3771/1041 909/3772/1041
f 902/3773/1042 903/3774/1042 911/3775/1042 910/3776/1042
f 903/3777/1043 904/3778/1043 912/3779/1043 911/3780/1043
f 904/3781/1044 905/3782/1044 913/3783/1044 912/3784/1044
f 905/3785/1045 906/3786/1045 914/3787/1045 913/3788/1045
f 906/3789/1046 907/3790/1046 915/3791/1046 914/3792/1046
f 907/3793/1047 908/3794/1047 916/3795/1047 915/3796/1047
f 908/3797/1048 909/3798/1048 917/3799/1048 916/3800/1048
f 909/3801/1049 902/3802/1049 910/3803/1049 917/3804/1049
f 910/3805/1050 911/3806/1050 919/3807/1050 918/3808/1050
f 911/3809/1051 912/3810/1051 920/3811/1051 919/3812/1051
f 912/3813/1052 913/3814/1052 921/3815/1052 920/3816/1052
f 913/3817/1053 914/3818/1053 922/3819/1053 921/3820/1053
f 914/3821/1054 915/3822/1054 923/3823/1054 922/3824/1054
f 915/3825/1055 916/3826/1055 924/3827/1055 923/3828/1055
f 916/3829/1056 917/3830/1056 925/3831/1056 924/3832/1056
f 917/3833/1057 910/3834/1057 918/3835/1057 925/3836/1057
f 926/3837/1058 895/3838/1058 894/3839/1058
f 927/3840/1059 918/3841/1059 919/3842/1059
f 926/3843/1060 896/3844/1060 895/3845/1060
f 927/3846/1061 919/3847/1061 920/3848/1061
f 926/3849/1062 897/3850/1062 896/3851/1062
f 927/3852/1063 920/3853/1063 921/3854/1063
f 926/3855/1064 898/3856/1064 897/3857/1064
f 927/3858/1065 921/3859/1065 922/3860/1065
f 926/3861/1066 899/3862/1066 898/3863/1066
f 927/3864/1067 922/3865/1067 923/3866/1067
f 926/3867/1068 900/3868/1068 899/3869/1068
f 927/3870/1069 923/3871/1069 924/3872/1069
f 926/3873/1070 901/3874/1070 900/3875/1070
f 927/3876/1071 924/3877/1071 925/3878/1071
f 926/3879/1072 894/3880/1072 901/3881/1072
f 927/3882/1073 925/3883/1073 918/3884/1073
o left_vent_2
v 0.0625 0.48374999999999996 0.661875
v 0.078125 0.48374999999999996 0.661875
v 0.083125 0.48874999999999996 0.661875
v 0.083125 0.5099999999999999 0.661875
v 0.078125 0.5149999999999999 0.661875
v 0.0625 0.5149999999999999 0.661875
v 0.0575 0.5099999999999999 0.661875
v 0.0575 0.48874999999999996 0.661875
v 0.0625 0.48124999999999996 0.6643749999999999
v 0.078125 0.48124999999999996 0.6643749999999999
v 0.085625 0.48874999999999996 0.6643749999999999
v 0.085625 0.51 0.6643749999999999
v 0.078125 0.5175 0.6643749999999999
v 0.0625 0.5175 0.6643749999999999
v 0.055 0.51 0.6643749999999999
v 0.055 0.48874999999999996 0.6643749999999999
v 0.0625 0.48124999999999996 0.675625
v 0.078125 0.48124999999999996 0.675625
v 0.085625 0.48874999999999996 0.675625
v 0.085625 0.51 0.675625
v 0.078125 0.5175 0.675625
v 0.0625 0.5175 0.675625
v 0.055 0.51 0.675625
v 0.055 0.48874999999999996 0.675625
v 0.0625 0.48374999999999996 0.678125
v 0.078125 0.48374999999999996 0.678125
v 0.083125 0.48874999999999996 0.678125
v 0.083125 0.5099999999999999 0.678125
v 0.078125 0.5149999999999999 0.678125
v 0.0625 0.5149999999999999 0.678125
v 0.0575 0.5099999999999999 0.678125
v 0.0575 0.48874999999999996 0.678125
v 0.0703125 0.49937499999999996 0.661875
v 0.0703125 0.49937499999999996 0.678125
vt 0.0625 0.4837499999999999
vt 0.078125 0.4837499999999999
vt 0.078125 0.48124999999999996
vt 0.0625 0.48124999999999996
vt 0.078125 0.4837499999999999
vt 0.083125 0.48875
vt 0.085625 0.48875
vt 0.078125 0.48124999999999996
vt 0.083125 0.48875
vt 0.083125 0.5099999999999999
vt 0.085625 0.51
vt 0.085625 0.48875
vt 0.083125 0.5099999999999999
vt 0.078125 0.5149999999999999
vt 0.078125 0.5175
vt 0.085625 0.51
vt 0.078125 0.5149999999999999
vt 0.0625 0.5149999999999999
vt 0.0625 0.5175
vt 0.078125 0.5175
vt 0.0625 0.5149999999999999
vt 0.0575 0.5099999999999999
vt 0.055 0.51
vt 0.0625 0.5175
vt 0.0575 0.5099999999999999
vt 0.0575 0.48875
vt 0.055 0.48875
vt 0.055 0.51
vt 0.0575 0.48875
vt 0.0625 0.4837499999999999
vt 0.0625 0.48124999999999996
vt 0.055 0.48875
vt 0.0625 0.33562500000000006
vt 0.078125 0.33562500000000006
vt 0.078125 0.32437499999999997
vt 0.0625 0.32437499999999997
vt 0.6643749999999999 0.48124999999999996
vt 0.6643749999999999 0.48875
vt 0.675625 0.48875
vt 0.675625 0.48124999999999996
vt 0.6643749999999999 0.48875
vt 0.6643749999999999 0.51
vt 0.675625 0.51
vt 0.675625 0.48875
vt 0.085625 0.33562500000000006
vt 0.078125 0.33562500000000006
vt 0.078125 0.32437499999999997
vt 0.085625 0.32437499999999997
vt 0.078125 0.33562500000000006
vt 0.0625 0.33562500000000006
vt 0.0625 0.32437499999999997
vt 0.078125 0.32437499999999997
vt 0.0625 0.33562500000000006
vt 0.055 0.33562500000000006
vt 0.055 0.32437499999999997
vt 0.0625 0.32437499999999997
vt 0.6643749999999999 0.51
vt 0.6643749999999999 0.48875
vt 0.675625 0.48875
vt 0.675625 0.51
vt 0.6643749999999999 0.48875
vt 0.6643749999999999 0.48124999999999996
vt 0.675625 0.48124999999999996
vt 0.675625 0.48875
vt 0.0625 0.48124999999999996
vt 0.078125 0.48124999999999996
vt 0.078125 0.4837499999999999
vt 0.0625 0.4837499999999999
vt 0.078125 0.48124999999999996
vt 0.085625 0.48875
vt 0.083125 0.48875
vt 0.078125 0.4837499999999999
vt 0.085625 0.48875
vt 0.085625 0.51
vt 0.083125 0.5099999999999999
vt 0.083125 0.48875
vt 0.085625 0.51
vt 0.078125 0.5175
vt 0.078125 0.5149999999999999
vt 0.083125 0.5099999999999999
vt 0.078125 0.5175
vt 0.0625 0.5175
vt 0.0625 0.5149999999999999
vt 0.078125 0.5149999999999999
vt 0.0625 0.5175
vt 0.055 0.51
vt 0.0575 0.5099999999999999
vt 0.0625 0.5149999999999999
vt 0.055 0.51
vt 0.055 0.48875
vt 0.0575 0.48875
vt 0.0575 0.5099999999999999
vt 0.055 0.48875
vt 0.0625 0.48124999999999996
vt 0.0625 0.4837499999999999
vt 0.0575 0.48875
vt 0.0703125 0.4993749999999999
vt 0.078125 0.4837499999999999
vt 0.0625 0.4837499999999999
vt 0.0703125 0.4993749999999999
vt 0.0625 0.4837499999999999
vt 0.078125 0.4837499999999999
vt 0.0703125 0.4993749999999999
vt 0.083125 0.48875
vt 0.078125 0.4837499999999999
vt 0.0703125 0.4993749999999999
vt 0.078125 0.4837499999999999
vt 0.083125 0.48875
vt 0.0703125 0.4993749999999999
vt 0.083125 0.5099999999999999
vt 0.083125 0.48875
vt 0.0703125 0.4993749999999999
vt 0.083125 0.48875
vt 0.083125 0.5099999999999999
vt 0.0703125 0.4993749999999999
vt 0.078125 0.5149999999999999
vt 0.083125 0.5099999999999999
vt 0.0703125 0.4993749999999999
vt 0.083125 0.5099999999999999
vt 0.078125 0.5149999999999999
vt 0.0703125 0.4993749999999999
vt 0.0625 0.5149999999999999
vt 0.078125 0.5149999999999999
vt 0.0703125 0.4993749999999999
vt 0.078125 0.5149999999999999
vt 0.0625 0.5149999999999999
vt 0.0703125 0.4993749999999999
vt 0.0575 0.5099999999999999
vt 0.0625 0.5149999999999999
vt 0.0703125 0.4993749999999999
vt 0.0625 0.5149999999999999
vt 0.0575 0.5099999999999999
vt 0.0703125 0.4993749999999999
vt 0.0575 0.48875
vt 0.0575 0.5099999999999999
vt 0.0703125 0.4993749999999999
vt 0.0575 0.5099999999999999
vt 0.0575 0.48875
vt 0.0703125 0.4993749999999999
vt 0.0625 0.4837499999999999
vt 0.0575 0.48875
vt 0.0703125 0.4993749999999999
vt 0.0575 0.48875
vt 0.0625 0.4837499999999999
vn 0 -0.7071067811865397 -0.7071067811865553
vn 0.5773502691896216 -0.5773502691896216 -0.5773502691896343
vn 0.7071067811865397 0 -0.7071067811865553
vn 0.5773502691896173 0.5773502691896173 -0.5773502691896428
vn 0 0.7071067811865318 -0.7071067811865632
vn -0.5773502691896133 0.5773502691896125 -0.5773502691896516
vn -0.7071067811865397 0 -0.7071067811865553
vn -0.5773502691896221 -0.5773502691896213 -0.5773502691896341
vn 0 -1 0
vn 0.7071067811865476 -0.7071067811865476 0
vn 1 0 0
vn 0.7071067811865449 0.7071067811865501 0
vn 0 1 0
vn -0.7071067811865452 0.7071067811865498 0
vn -1 0 0
vn -0.7071067811865479 -0.7071067811865471 0
vn 0 -0.7071067811865397 0.7071067811865553
vn 0.5773502691896215 -0.5773502691896215 0.5773502691896344
vn 0.7071067811865397 0 0.7071067811865555
vn 0.5773502691896143 0.5773502691896185 0.5773502691896445
vn 0 0.7071067811865318 0.7071067811865632
vn -0.5773502691896117 0.5773502691896155 0.5773502691896503
vn -0.7071067811865397 0 0.7071067811865555
vn -0.5773502691896218 -0.5773502691896213 0.5773502691896342
vn 0 0 -1
vn 0 0 1
vn 0 0 -1
vn 0 0 1
vn 0 0 -1
vn 0 0 1
vn 0 0 -1
vn 0 0 1
vn 0 0 -1
vn 0 0 1
vn 0 0 -1
vn 0 0 1
vn 0 0 -1
vn 0 0 1
vn 0 0 -1
vn 0 0 1
usemtl nova_recess
f 928/3885/1074 929/3886/1074 937/3887/1074 936/3888/1074
f 929/3889/1075 930/3890/1075 938/3891/1075 937/3892/1075
f 930/3893/1076 931/3894/1076 939/3895/1076 938/3896/1076
f 931/3897/1077 932/3898/1077 940/3899/1077 939/3900/1077
f 932/3901/1078 933/3902/1078 941/3903/1078 940/3904/1078
f 933/3905/1079 934/3906/1079 942/3907/1079 941/3908/1079
f 934/3909/1080 935/3910/1080 943/3911/1080 942/3912/1080
f 935/3913/1081 928/3914/1081 936/3915/1081 943/3916/1081
f 936/3917/1082 937/3918/1082 945/3919/1082 944/3920/1082
f 937/3921/1083 938/3922/1083 946/3923/1083 945/3924/1083
f 938/3925/1084 939/3926/1084 947/3927/1084 946/3928/1084
f 939/3929/1085 940/3930/1085 948/3931/1085 947/3932/1085
f 940/3933/1086 941/3934/1086 949/3935/1086 948/3936/1086
f 941/3937/1087 942/3938/1087 950/3939/1087 949/3940/1087
f 942/3941/1088 943/3942/1088 951/3943/1088 950/3944/1088
f 943/3945/1089 936/3946/1089 944/3947/1089 951/3948/1089
f 944/3949/1090 945/3950/1090 953/3951/1090 952/3952/1090
f 945/3953/1091 946/3954/1091 954/3955/1091 953/3956/1091
f 946/3957/1092 947/3958/1092 955/3959/1092 954/3960/1092
f 947/3961/1093 948/3962/1093 956/3963/1093 955/3964/1093
f 948/3965/1094 949/3966/1094 957/3967/1094 956/3968/1094
f 949/3969/1095 950/3970/1095 958/3971/1095 957/3972/1095
f 950/3973/1096 951/3974/1096 959/3975/1096 958/3976/1096
f 951/3977/1097 944/3978/1097 952/3979/1097 959/3980/1097
f 960/3981/1098 929/3982/1098 928/3983/1098
f 961/3984/1099 952/3985/1099 953/3986/1099
f 960/3987/1100 930/3988/1100 929/3989/1100
f 961/3990/1101 953/3991/1101 954/3992/1101
f 960/3993/1102 931/3994/1102 930/3995/1102
f 961/3996/1103 954/3997/1103 955/3998/1103
f 960/3999/1104 932/4000/1104 931/4001/1104
f 961/4002/1105 955/4003/1105 956/4004/1105
f 960/4005/1106 933/4006/1106 932/4007/1106
f 961/4008/1107 956/4009/1107 957/4010/1107
f 960/4011/1108 934/4012/1108 933/4013/1108
f 961/4014/1109 957/4015/1109 958/4016/1109
f 960/4017/1110 935/4018/1110 934/4019/1110
f 961/4020/1111 958/4021/1111 959/4022/1111
f 960/4023/1112 928/4024/1112 935/4025/1112
f 961/4026/1113 959/4027/1113 952/4028/1113
o left_vent_3
v 0.0625 0.565 0.661875
v 0.078125 0.565 0.661875
v 0.083125 0.57 0.661875
v 0.083125 0.5912499999999999 0.661875
v 0.078125 0.59625 0.661875
v 0.0625 0.59625 0.661875
v 0.0575 0.5912499999999999 0.661875
v 0.0575 0.57 0.661875
v 0.0625 0.5625 0.6643749999999999
v 0.078125 0.5625 0.6643749999999999
v 0.085625 0.57 0.6643749999999999
v 0.085625 0.59125 0.6643749999999999
v 0.078125 0.59875 0.6643749999999999
v 0.0625 0.59875 0.6643749999999999
v 0.055 0.59125 0.6643749999999999
v 0.055 0.57 0.6643749999999999
v 0.0625 0.5625 0.675625
v 0.078125 0.5625 0.675625
v 0.085625 0.57 0.675625
v 0.085625 0.59125 0.675625
v 0.078125 0.59875 0.675625
v 0.0625 0.59875 0.675625
v 0.055 0.59125 0.675625
v 0.055 0.57 0.675625
v 0.0625 0.565 0.678125
v 0.078125 0.565 0.678125
v 0.083125 0.57 0.678125
v 0.083125 0.5912499999999999 0.678125
v 0.078125 0.59625 0.678125
v 0.0625 0.59625 0.678125
v 0.0575 0.5912499999999999 0.678125
v 0.0575 0.57 0.678125
v 0.0703125 0.580625 0.661875
v 0.0703125 0.580625 0.678125
vt 0.0625 0.338125
vt 0.078125 0.338125
vt 0.078125 0.33562500000000006
vt 0.0625 0.33562500000000006
vt 0.078125 0.565
vt 0.083125 0.57
vt 0.085625 0.57
vt 0.078125 0.5625
vt 0.083125 0.57
vt 0.083125 0.5912499999999999
vt 0.085625 0.59125
vt 0.085625 0.57
vt 0.083125 0.5912499999999999
vt 0.078125 0.59625
vt 0.078125 0.59875
vt 0.085625 0.59125
vt 0.078125 0.59625
vt 0.0625 0.59625
vt 0.0625 0.59875
vt 0.078125 0.59875
vt 0.0625 0.59625
vt 0.0575 0.5912499999999999
vt 0.055 0.59125
vt 0.0625 0.59875
vt 0.0575 0.5912499999999999
vt 0.0575 0.57
vt 0.055 0.57
vt 0.055 0.59125
vt 0.661875 0.57
vt 0.661875 0.565
vt 0.6643749999999999 0.5625
vt 0.6643749999999999 0.57
vt 0.0625 0.33562500000000006
vt 0.078125 0.33562500000000006
vt 0.078125 0.32437499999999997
vt 0.0625 0.32437499999999997
vt 0.078125 0.33562500000000006
vt 0.085625 0.33562500000000006
vt 0.085625 0.32437499999999997
vt 0.078125 0.32437499999999997
vt 0.6643749999999999 0.57
vt 0.6643749999999999 0.59125
vt 0.675625 0.59125
vt 0.675625 0.57
vt 0.085625 0.33562500000000006
vt 0.078125 0.33562500000000006
vt 0.078125 0.32437499999999997
vt 0.085625 0.32437499999999997
vt 0.078125 0.33562500000000006
vt 0.0625 0.33562500000000006
vt 0.0625 0.32437499999999997
vt 0.078125 0.32437499999999997
vt 0.0625 0.33562500000000006
vt 0.055 0.33562500000000006
vt 0.055 0.32437499999999997
vt 0.0625 0.32437499999999997
vt 0.6643749999999999 0.59125
vt 0.6643749999999999 0.57
vt 0.675625 0.57
vt 0.675625 0.59125
vt 0.055 0.33562500000000006
vt 0.0625 0.33562500000000006
vt 0.0625 0.32437499999999997
vt 0.055 0.32437499999999997
vt 0.0625 0.32437499999999997
vt 0.078125 0.32437499999999997
vt 0.078125 0.321875
vt 0.0625 0.321875
vt 0.078125 0.5625
vt 0.085625 0.57
vt 0.083125 0.57
vt 0.078125 0.565
vt 0.085625 0.57
vt 0.085625 0.59125
vt 0.083125 0.5912499999999999
vt 0.083125 0.57
vt 0.085625 0.59125
vt 0.078125 0.59875
vt 0.078125 0.59625
vt 0.083125 0.5912499999999999
vt 0.078125 0.59875
vt 0.0625 0.59875
vt 0.0625 0.59625
vt 0.078125 0.59625
vt 0.0625 0.59875
vt 0.055 0.59125
vt 0.0575 0.5912499999999999
vt 0.0625 0.59625
vt 0.055 0.59125
vt 0.055 0.57
vt 0.0575 0.57
vt 0.0575 0.5912499999999999
vt 0.055 0.57
vt 0.0625 0.5625
vt 0.0625 0.565
vt 0.0575 0.57
vt 0.0703125 0.580625
vt 0.078125 0.565
vt 0.0625 0.565
vt 0.0703125 0.580625
vt 0.0625 0.565
vt 0.078125 0.565
vt 0.0703125 0.580625
vt 0.083125 0.57
vt 0.078125 0.565
vt 0.0703125 0.580625
vt 0.078125 0.565
vt 0.083125 0.57
vt 0.0703125 0.580625
vt 0.083125 0.5912499999999999
vt 0.083125 0.57
vt 0.0703125 0.580625
vt 0.083125 0.57
vt 0.083125 0.5912499999999999
vt 0.0703125 0.580625
vt 0.078125 0.59625
vt 0.083125 0.5912499999999999
vt 0.0703125 0.580625
vt 0.083125 0.5912499999999999
vt 0.078125 0.59625
vt 0.0703125 0.580625
vt 0.0625 0.59625
vt 0.078125 0.59625
vt 0.0703125 0.580625
vt 0.078125 0.59625
vt 0.0625 0.59625
vt 0.0703125 0.580625
vt 0.0575 0.5912499999999999
vt 0.0625 0.59625
vt 0.0703125 0.580625
vt 0.0625 0.59625
vt 0.0575 0.5912499999999999
vt 0.0703125 0.580625
vt 0.0575 0.57
vt 0.0575 0.5912499999999999
vt 0.0703125 0.580625
vt 0.0575 0.5912499999999999
vt 0.0575 0.57
vt 0.0703125 0.580625
vt 0.0625 0.565
vt 0.0575 0.57
vt 0.0703125 0.580625
vt 0.0575 0.57
vt 0.0625 0.565
vn 0 -0.7071067811865476 -0.7071067811865476
vn 0.5773502691896216 -0.5773502691896216 -0.5773502691896343
vn 0.7071067811865397 0 -0.7071067811865555
vn 0.5773502691896173 0.5773502691896173 -0.5773502691896428
vn 0 0.7071067811865318 -0.7071067811865632
vn -0.5773502691896133 0.5773502691896125 -0.5773502691896516
vn -0.7071067811865397 0 -0.7071067811865555
vn -0.5773502691896263 -0.5773502691896255 -0.5773502691896255
vn 0 -1 0
vn 0.7071067811865449 -0.7071067811865501 0
vn 1 0 0
vn 0.7071067811865449 0.7071067811865501 0
vn 0 1 0
vn -0.7071067811865452 0.7071067811865498 0
vn -1 0 0
vn -0.7071067811865452 -0.7071067811865498 0
vn 0 -0.7071067811865476 0.7071067811865476
vn 0.5773502691896201 -0.5773502691896243 0.5773502691896331
vn 0.7071067811865397 0 0.7071067811865555
vn 0.5773502691896143 0.5773502691896185 0.5773502691896445
vn 0 0.7071067811865318 0.7071067811865632
vn -0.5773502691896117 0.5773502691896155 0.5773502691896503
vn -0.7071067811865397 0 0.7071067811865555
vn -0.5773502691896233 -0.5773502691896271 0.5773502691896272
vn 0 0 -1
vn 0 0 1
vn 0 0 -1
vn 0 0 1
vn 0 0 -1
vn 0 0 1
vn 0 0 -1
vn 0 0 1
vn 0 0 -1
vn 0 0 1
vn 0 0 -1
vn 0 0 1
vn 0 0 -1
vn 0 0 1
vn 0 0 -1
vn 0 0 1
usemtl nova_recess
f 962/4029/1114 963/4030/1114 971/4031/1114 970/4032/1114
f 963/4033/1115 964/4034/1115 972/4035/1115 971/4036/1115
f 964/4037/1116 965/4038/1116 973/4039/1116 972/4040/1116
f 965/4041/1117 966/4042/1117 974/4043/1117 973/4044/1117
f 966/4045/1118 967/4046/1118 975/4047/1118 974/4048/1118
f 967/4049/1119 968/4050/1119 976/4051/1119 975/4052/1119
f 968/4053/1120 969/4054/1120 977/4055/1120 976/4056/1120
f 969/4057/1121 962/4058/1121 970/4059/1121 977/4060/1121
f 970/4061/1122 971/4062/1122 979/4063/1122 978/4064/1122
f 971/4065/1123 972/4066/1123 980/4067/1123 979/4068/1123
f 972/4069/1124 973/4070/1124 981/4071/1124 980/4072/1124
f 973/4073/1125 974/4074/1125 982/4075/1125 981/4076/1125
f 974/4077/1126 975/4078/1126 983/4079/1126 982/4080/1126
f 975/4081/1127 976/4082/1127 984/4083/1127 983/4084/1127
f 976/4085/1128 977/4086/1128 985/4087/1128 984/4088/1128
f 977/4089/1129 970/4090/1129 978/4091/1129 985/4092/1129
f 978/4093/1130 979/4094/1130 987/4095/1130 986/4096/1130
f 979/4097/1131 980/4098/1131 988/4099/1131 987/4100/1131
f 980/4101/1132 981/4102/1132 989/4103/1132 988/4104/1132
f 981/4105/1133 982/4106/1133 990/4107/1133 989/4108/1133
f 982/4109/1134 983/4110/1134 991/4111/1134 990/4112/1134
f 983/4113/1135 984/4114/1135 992/4115/1135 991/4116/1135
f 984/4117/1136 985/4118/1136 993/4119/1136 992/4120/1136
f 985/4121/1137 978/4122/1137 986/4123/1137 993/4124/1137
f 994/4125/1138 963/4126/1138 962/4127/1138
f 995/4128/1139 986/4129/1139 987/4130/1139
f 994/4131/1140 964/4132/1140 963/4133/1140
f 995/4134/1141 987/4135/1141 988/4136/1141
f 994/4137/1142 965/4138/1142 964/4139/1142
f 995/4140/1143 988/4141/1143 989/4142/1143
f 994/4143/1144 966/4144/1144 965/4145/1144
f 995/4146/1145 989/4147/1145 990/4148/1145
f 994/4149/1146 967/4150/1146 966/4151/1146
f 995/4152/1147 990/4153/1147 991/4154/1147
f 994/4155/1148 968/4156/1148 967/4157/1148
f 995/4158/1149 991/4159/1149 992/4160/1149
f 994/4161/1150 969/4162/1150 968/4163/1150
f 995/4164/1151 992/4165/1151 993/4166/1151
f 994/4167/1152 962/4168/1152 969/4169/1152
f 995/4170/1153 993/4171/1153 986/4172/1153
o left_vent_4
v 0.0625 0.64625 0.661875
v 0.078125 0.64625 0.661875
v 0.083125 0.65125 0.661875
v 0.083125 0.6725 0.661875
v 0.078125 0.6775 0.661875
v 0.0625 0.6775 0.661875
v 0.0575 0.6725 0.661875
v 0.0575 0.65125 0.661875
v 0.0625 0.64375 0.6643749999999999
v 0.078125 0.64375 0.6643749999999999
v 0.085625 0.65125 0.6643749999999999
v 0.085625 0.6725000000000001 0.6643749999999999
v 0.078125 0.68 0.6643749999999999
v 0.0625 0.68 0.6643749999999999
v 0.055 0.6725000000000001 0.6643749999999999
v 0.055 0.65125 0.6643749999999999
v 0.0625 0.64375 0.675625
v 0.078125 0.64375 0.675625
v 0.085625 0.65125 0.675625
v 0.085625 0.6725000000000001 0.675625
v 0.078125 0.68 0.675625
v 0.0625 0.68 0.675625
v 0.055 0.6725000000000001 0.675625
v 0.055 0.65125 0.675625
v 0.0625 0.64625 0.678125
v 0.078125 0.64625 0.678125
v 0.083125 0.65125 0.678125
v 0.083125 0.6725 0.678125
v 0.078125 0.6775 0.678125
v 0.0625 0.6775 0.678125
v 0.0575 0.6725 0.678125
v 0.0575 0.65125 0.678125
v 0.0703125 0.661875 0.661875
v 0.0703125 0.661875 0.678125
vt 0.0625 0.338125
vt 0.078125 0.338125
vt 0.078125 0.33562500000000006
vt 0.0625 0.33562500000000006
vt 0.078125 0.64625
vt 0.083125 0.65125
vt 0.085625 0.65125
vt 0.078125 0.64375
vt 0.083125 0.65125
vt 0.083125 0.6725
vt 0.085625 0.6725000000000001
vt 0.085625 0.65125
vt 0.083125 0.6725
vt 0.078125 0.6775
vt 0.078125 0.68
vt 0.085625 0.6725000000000001
vt 0.078125 0.6775
vt 0.0625 0.6775
vt 0.0625 0.68
vt 0.078125 0.68
vt 0.0625 0.6775
vt 0.0575 0.6725
vt 0.055 0.6725000000000001
vt 0.0625 0.68
vt 0.0575 0.6725
vt 0.0575 0.65125
vt 0.055 0.65125
vt 0.055 0.6725000000000001
vt 0.661875 0.65125
vt 0.661875 0.64625
vt 0.6643749999999999 0.64375
vt 0.6643749999999999 0.65125
vt 0.0625 0.33562500000000006
vt 0.078125 0.33562500000000006
vt 0.078125 0.32437499999999997
vt 0.0625 0.32437499999999997
vt 0.078125 0.33562500000000006
vt 0.085625 0.33562500000000006
vt 0.085625 0.32437499999999997
vt 0.078125 0.32437499999999997
vt 0.6643749999999999 0.65125
vt 0.6643749999999999 0.6725000000000001
vt 0.675625 0.6725000000000001
vt 0.675625 0.65125
vt 0.085625 0.33562500000000006
vt 0.078125 0.33562500000000006
vt 0.078125 0.32437499999999997
vt 0.085625 0.32437499999999997
vt 0.078125 0.33562500000000006
vt 0.0625 0.33562500000000006
vt 0.0625 0.32437499999999997
vt 0.078125 0.32437499999999997
vt 0.0625 0.33562500000000006
vt 0.055 0.33562500000000006
vt 0.055 0.32437499999999997
vt 0.0625 0.32437499999999997
vt 0.6643749999999999 0.6725000000000001
vt 0.6643749999999999 0.65125
vt 0.675625 0.65125
vt 0.675625 0.6725000000000001
vt 0.055 0.33562500000000006
vt 0.0625 0.33562500000000006
vt 0.0625 0.32437499999999997
vt 0.055 0.32437499999999997
vt 0.0625 0.32437499999999997
vt 0.078125 0.32437499999999997
vt 0.078125 0.321875
vt 0.0625 0.321875
vt 0.078125 0.64375
vt 0.085625 0.65125
vt 0.083125 0.65125
vt 0.078125 0.64625
vt 0.085625 0.65125
vt 0.085625 0.6725000000000001
vt 0.083125 0.6725
vt 0.083125 0.65125
vt 0.085625 0.6725000000000001
vt 0.078125 0.68
vt 0.078125 0.6775
vt 0.083125 0.6725
vt 0.078125 0.68
vt 0.0625 0.68
vt 0.0625 0.6775
vt 0.078125 0.6775
vt 0.0625 0.68
vt 0.055 0.6725000000000001
vt 0.0575 0.6725
vt 0.0625 0.6775
vt 0.055 0.6725000000000001
vt 0.055 0.65125
vt 0.0575 0.65125
vt 0.0575 0.6725
vt 0.055 0.65125
vt 0.0625 0.64375
vt 0.0625 0.64625
vt 0.0575 0.65125
vt 0.0703125 0.661875
vt 0.078125 0.64625
vt 0.0625 0.64625
vt 0.0703125 0.661875
vt 0.0625 0.64625
vt 0.078125 0.64625
vt 0.0703125 0.661875
vt 0.083125 0.65125
vt 0.078125 0.64625
vt 0.0703125 0.661875
vt 0.078125 0.64625
vt 0.083125 0.65125
vt 0.0703125 0.661875
vt 0.083125 0.6725
vt 0.083125 0.65125
vt 0.0703125 0.661875
vt 0.083125 0.65125
vt 0.083125 0.6725
vt 0.0703125 0.661875
vt 0.078125 0.6775
vt 0.083125 0.6725
vt 0.0703125 0.661875
vt 0.083125 0.6725
vt 0.078125 0.6775
vt 0.0703125 0.661875
vt 0.0625 0.6775
vt 0.078125 0.6775
vt 0.0703125 0.661875
vt 0.078125 0.6775
vt 0.0625 0.6775
vt 0.0703125 0.661875
vt 0.0575 0.6725
vt 0.0625 0.6775
vt 0.0703125 0.661875
vt 0.0625 0.6775
vt 0.0575 0.6725
vt 0.0703125 0.661875
vt 0.0575 0.65125
vt 0.0575 0.6725
vt 0.0703125 0.661875
vt 0.0575 0.6725
vt 0.0575 0.65125
vt 0.0703125 0.661875
vt 0.0625 0.64625
vt 0.0575 0.65125
vt 0.0703125 0.661875
vt 0.0575 0.65125
vt 0.0625 0.64625
vn 0 -0.7071067811865476 -0.7071067811865476
vn 0.5773502691896216 -0.5773502691896216 -0.5773502691896343
vn 0.7071067811865397 0 -0.7071067811865555
vn 0.5773502691896173 0.5773502691896173 -0.5773502691896428
vn 0 0.7071067811865318 -0.7071067811865632
vn -0.5773502691896133 0.5773502691896125 -0.5773502691896516
vn -0.7071067811865397 0 -0.7071067811865555
vn -0.5773502691896263 -0.5773502691896255 -0.5773502691896255
vn 0 -1 0
vn 0.7071067811865449 -0.7071067811865501 0
vn 1 0 0
vn 0.7071067811865449 0.7071067811865501 0
vn 0 1 0
vn -0.7071067811865452 0.7071067811865498 0
vn -1 0 0
vn -0.7071067811865452 -0.7071067811865498 0
vn 0 -0.7071067811865476 0.7071067811865476
vn 0.5773502691896201 -0.5773502691896243 0.5773502691896331
vn 0.7071067811865397 0 0.7071067811865555
vn 0.5773502691896143 0.5773502691896185 0.5773502691896445
vn 0 0.7071067811865318 0.7071067811865632
vn -0.5773502691896117 0.5773502691896155 0.5773502691896503
vn -0.7071067811865397 0 0.7071067811865555
vn -0.5773502691896233 -0.5773502691896271 0.5773502691896272
vn 0 0 -1
vn 0 0 1
vn 0 0 -1
vn 0 0 1
vn 0 0 -1
vn 0 0 1
vn 0 0 -1
vn 0 0 1
vn 0 0 -1
vn 0 0 1
vn 0 0 -1
vn 0 0 1
vn 0 0 -1
vn 0 0 1
vn 0 0 -1
vn 0 0 1
usemtl nova_recess
f 996/4173/1154 997/4174/1154 1005/4175/1154 1004/4176/1154
f 997/4177/1155 998/4178/1155 1006/4179/1155 1005/4180/1155
f 998/4181/1156 999/4182/1156 1007/4183/1156 1006/4184/1156
f 999/4185/1157 1000/4186/1157 1008/4187/1157 1007/4188/1157
f 1000/4189/1158 1001/4190/1158 1009/4191/1158 1008/4192/1158
f 1001/4193/1159 1002/4194/1159 1010/4195/1159 1009/4196/1159
f 1002/4197/1160 1003/4198/1160 1011/4199/1160 1010/4200/1160
f 1003/4201/1161 996/4202/1161 1004/4203/1161 1011/4204/1161
f 1004/4205/1162 1005/4206/1162 1013/4207/1162 1012/4208/1162
f 1005/4209/1163 1006/4210/1163 1014/4211/1163 1013/4212/1163
f 1006/4213/1164 1007/4214/1164 1015/4215/1164 1014/4216/1164
f 1007/4217/1165 1008/4218/1165 1016/4219/1165 1015/4220/1165
f 1008/4221/1166 1009/4222/1166 1017/4223/1166 1016/4224/1166
f 1009/4225/1167 1010/4226/1167 1018/4227/1167 1017/4228/1167
f 1010/4229/1168 1011/4230/1168 1019/4231/1168 1018/4232/1168
f 1011/4233/1169 1004/4234/1169 1012/4235/1169 1019/4236/1169
f 1012/4237/1170 1013/4238/1170 1021/4239/1170 1020/4240/1170
f 1013/4241/1171 1014/4242/1171 1022/4243/1171 1021/4244/1171
f 1014/4245/1172 1015/4246/1172 1023/4247/1172 1022/4248/1172
f 1015/4249/1173 1016/4250/1173 1024/4251/1173 1023/4252/1173
f 1016/4253/1174 1017/4254/1174 1025/4255/1174 1024/4256/1174
f 1017/4257/1175 1018/4258/1175 1026/4259/1175 1025/4260/1175
f 1018/4261/1176 1019/4262/1176 1027/4263/1176 1026/4264/1176
f 1019/4265/1177 1012/4266/1177 1020/4267/1177 1027/4268/1177
f 1028/4269/1178 997/4270/1178 996/4271/1178
f 1029/4272/1179 1020/4273/1179 1021/4274/1179
f 1028/4275/1180 998/4276/1180 997/4277/1180
f 1029/4278/1181 1021/4279/1181 1022/4280/1181
f 1028/4281/1182 999/4282/1182 998/4283/1182
f 1029/4284/1183 1022/4285/1183 1023/4286/1183
f 1028/4287/1184 1000/4288/1184 999/4289/1184
f 1029/4290/1185 1023/4291/1185 1024/4292/1185
f 1028/4293/1186 1001/4294/1186 1000/4295/1186
f 1029/4296/1187 1024/4297/1187 1025/4298/1187
f 1028/4299/1188 1002/4300/1188 1001/4301/1188
f 1029/4302/1189 1025/4303/1189 1026/4304/1189
f 1028/4305/1190 1003/4306/1190 1002/4307/1190
f 1029/4308/1191 1026/4309/1191 1027/4310/1191
f 1028/4311/1192 996/4312/1192 1003/4313/1192
f 1029/4314/1193 1027/4315/1193 1020/4316/1193
o right_vent_0
v 0.9218749999999999 0.32125 0.661875
v 0.9374999999999999 0.32125 0.661875
v 0.9424999999999999 0.32625 0.661875
v 0.9424999999999999 0.3475 0.661875
v 0.9374999999999999 0.3525 0.661875
v 0.9218749999999999 0.3525 0.661875
v 0.9168749999999999 0.3475 0.661875
v 0.9168749999999999 0.32625 0.661875
v 0.9218749999999999 0.31875 0.6643749999999999
v 0.9375 0.31875 0.6643749999999999
v 0.945 0.32625 0.6643749999999999
v 0.945 0.3475 0.6643749999999999
v 0.9375 0.355 0.6643749999999999
v 0.9218749999999999 0.355 0.6643749999999999
v 0.9143749999999999 0.3475 0.6643749999999999
v 0.9143749999999999 0.32625 0.6643749999999999
v 0.9218749999999999 0.31875 0.675625
v 0.9375 0.31875 0.675625
v 0.945 0.32625 0.675625
v 0.945 0.3475 0.675625
v 0.9375 0.355 0.675625
v 0.9218749999999999 0.355 0.675625
v 0.9143749999999999 0.3475 0.675625
v 0.9143749999999999 0.32625 0.675625
v 0.9218749999999999 0.32125 0.678125
v 0.9374999999999999 0.32125 0.678125
v 0.9424999999999999 0.32625 0.678125
v 0.9424999999999999 0.3475 0.678125
v 0.9374999999999999 0.3525 0.678125
v 0.9218749999999999 0.3525 0.678125
v 0.9168749999999999 0.3475 0.678125
v 0.9168749999999999 0.32625 0.678125
v 0.9296874999999999 0.336875 0.661875
v 0.9296874999999999 0.336875 0.678125
vt 0.9218749999999999 0.32125000000000004
vt 0.9374999999999999 0.32125000000000004
vt 0.9375 0.31875
vt 0.9218749999999999 0.31875
vt 0.9374999999999999 0.32125000000000004
vt 0.9424999999999999 0.32624999999999993
vt 0.945 0.32624999999999993
vt 0.9375 0.31875
vt 0.9424999999999999 0.32624999999999993
vt 0.9424999999999999 0.3474999999999999
vt 0.945 0.3474999999999999
vt 0.945 0.32624999999999993
vt 0.9424999999999999 0.3474999999999999
vt 0.9374999999999999 0.35250000000000004
vt 0.9375 0.355
vt 0.945 0.3474999999999999
vt 0.9374999999999999 0.35250000000000004
vt 0.9218749999999999 0.35250000000000004
vt 0.9218749999999999 0.355
vt 0.9375 0.355
vt 0.661875 0.35250000000000004
vt 0.661875 0.3474999999999999
vt 0.6643749999999999 0.3474999999999999
vt 0.6643749999999999 0.355
vt 0.661875 0.3474999999999999
vt 0.661875 0.32624999999999993
vt 0.6643749999999999 0.32624999999999993
vt 0.6643749999999999 0.3474999999999999
vt 0.9168749999999999 0.32624999999999993
vt 0.9218749999999999 0.32125000000000004
vt 0.9218749999999999 0.31875
vt 0.9143749999999999 0.32624999999999993
vt 0.9218749999999999 0.33562500000000006
vt 0.9375 0.33562500000000006
vt 0.9375 0.32437499999999997
vt 0.9218749999999999 0.32437499999999997
vt 0.6643749999999999 0.31875
vt 0.6643749999999999 0.32624999999999993
vt 0.675625 0.32624999999999993
vt 0.675625 0.31875
vt 0.6643749999999999 0.32624999999999993
vt 0.6643749999999999 0.3474999999999999
vt 0.675625 0.3474999999999999
vt 0.675625 0.32624999999999993
vt 0.6643749999999999 0.3474999999999999
vt 0.6643749999999999 0.355
vt 0.675625 0.355
vt 0.675625 0.3474999999999999
vt 0.9375 0.33562500000000006
vt 0.9218749999999999 0.33562500000000006
vt 0.9218749999999999 0.32437499999999997
vt 0.9375 0.32437499999999997
vt 0.6643749999999999 0.355
vt 0.6643749999999999 0.3474999999999999
vt 0.675625 0.3474999999999999
vt 0.675625 0.355
vt 0.6643749999999999 0.3474999999999999
vt 0.6643749999999999 0.32624999999999993
vt 0.675625 0.32624999999999993
vt 0.675625 0.3474999999999999
vt 0.6643749999999999 0.32624999999999993
vt 0.6643749999999999 0.31875
vt 0.675625 0.31875
vt 0.675625 0.32624999999999993
vt 0.9218749999999999 0.31875
vt 0.9375 0.31875
vt 0.9374999999999999 0.32125000000000004
vt 0.9218749999999999 0.32125000000000004
vt 0.9375 0.31875
vt 0.945 0.32624999999999993
vt 0.9424999999999999 0.32624999999999993
vt 0.9374999999999999 0.32125000000000004
vt 0.945 0.32624999999999993
vt 0.945 0.3474999999999999
vt 0.9424999999999999 0.3474999999999999
vt 0.9424999999999999 0.32624999999999993
vt 0.945 0.3474999999999999
vt 0.9375 0.355
vt 0.9374999999999999 0.35250000000000004
vt 0.9424999999999999 0.3474999999999999
vt 0.9375 0.355
vt 0.9218749999999999 0.355
vt 0.9218749999999999 0.35250000000000004
vt 0.9374999999999999 0.35250000000000004
vt 0.9218749999999999 0.355
vt 0.9143749999999999 0.3474999999999999
vt 0.9168749999999999 0.3474999999999999
vt 0.9218749999999999 0.35250000000000004
vt 0.675625 0.3474999999999999
vt 0.675625 0.32624999999999993
vt 0.678125 0.32624999999999993
vt 0.678125 0.3474999999999999
vt 0.9143749999999999 0.32624999999999993
vt 0.9218749999999999 0.31875
vt 0.9218749999999999 0.32125000000000004
vt 0.9168749999999999 0.32624999999999993
vt 0.9296874999999999 0.33687500000000004
vt 0.9374999999999999 0.32125000000000004
vt 0.9218749999999999 0.32125000000000004
vt 0.9296874999999999 0.33687500000000004
vt 0.9218749999999999 0.32125000000000004
vt 0.9374999999999999 0.32125000000000004
vt 0.9296874999999999 0.33687500000000004
vt 0.9424999999999999 0.32624999999999993
vt 0.9374999999999999 0.32125000000000004
vt 0.9296874999999999 0.33687500000000004
vt 0.9374999999999999 0.32125000000000004
vt 0.9424999999999999 0.32624999999999993
vt 0.9296874999999999 0.33687500000000004
vt 0.9424999999999999 0.3474999999999999
vt 0.9424999999999999 0.32624999999999993
vt 0.9296874999999999 0.33687500000000004
vt 0.9424999999999999 0.32624999999999993
vt 0.9424999999999999 0.3474999999999999
vt 0.9296874999999999 0.33687500000000004
vt 0.9374999999999999 0.35250000000000004
vt 0.9424999999999999 0.3474999999999999
vt 0.9296874999999999 0.33687500000000004
vt 0.9424999999999999 0.3474999999999999
vt 0.9374999999999999 0.35250000000000004
vt 0.9296874999999999 0.33687500000000004
vt 0.9218749999999999 0.35250000000000004
vt 0.9374999999999999 0.35250000000000004
vt 0.9296874999999999 0.33687500000000004
vt 0.9374999999999999 0.35250000000000004
vt 0.9218749999999999 0.35250000000000004
vt 0.9296874999999999 0.33687500000000004
vt 0.9168749999999999 0.3474999999999999
vt 0.9218749999999999 0.35250000000000004
vt 0.9296874999999999 0.33687500000000004
vt 0.9218749999999999 0.35250000000000004
vt 0.9168749999999999 0.3474999999999999
vt 0.9296874999999999 0.33687500000000004
vt 0.9168749999999999 0.32624999999999993
vt 0.9168749999999999 0.3474999999999999
vt 0.9296874999999999 0.33687500000000004
vt 0.9168749999999999 0.3474999999999999
vt 0.9168749999999999 0.32624999999999993
vt 0.9296874999999999 0.33687500000000004
vt 0.9218749999999999 0.32125000000000004
vt 0.9168749999999999 0.32624999999999993
vt 0.9296874999999999 0.33687500000000004
vt 0.9168749999999999 0.32624999999999993
vt 0.9218749999999999 0.32125000000000004
vn 0 -0.7071067811865397 -0.7071067811865553
vn 0.5773502691896173 -0.5773502691896173 -0.5773502691896428
vn 0.7071067811865318 0 -0.7071067811865632
vn 0.577350269189613 0.577350269189613 -0.5773502691896514
vn 0 0.7071067811865397 -0.7071067811865553
vn -0.5773502691896258 0.5773502691896258 -0.5773502691896256
vn -0.7071067811865476 0 -0.7071067811865476
vn -0.5773502691896216 -0.5773502691896216 -0.5773502691896343
vn 0 -1 0
vn 0.7071067811865501 -0.7071067811865449 0
vn 1 0 0
vn 0.7071067811865501 0.7071067811865449 0
vn 0 1 0
vn -0.7071067811865501 0.7071067811865449 0
vn -1 0 0
vn -0.7071067811865501 -0.7071067811865449 0
vn 0 -0.7071067811865397 0.7071067811865553
vn 0.5773502691896185 -0.5773502691896143 0.5773502691896445
vn 0.7071067811865318 0 0.7071067811865632
vn 0.5773502691896159 0.5773502691896115 0.57735026918965
vn 0 0.7071067811865397 0.7071067811865553
vn -0.5773502691896272 0.5773502691896228 0.5773502691896273
vn -0.7071067811865476 0 0.7071067811865476
vn -0.5773502691896243 -0.5773502691896201 0.5773502691896331
vn 0 0 -1
vn 0 0 1
vn 0 0 -1
vn 0 0 1
vn 0 0 -1
vn 0 0 1
vn 0 0 -1
vn 0 0 1
vn 0 0 -1
vn 0 0 1
vn 0 0 -1
vn 0 0 1
vn 0 0 -1
vn 0 0 1
vn 0 0 -1
vn 0 0 1
usemtl nova_recess
f 1030/4317/1194 1031/4318/1194 1039/4319/1194 1038/4320/1194
f 1031/4321/1195 1032/4322/1195 1040/4323/1195 1039/4324/1195
f 1032/4325/1196 1033/4326/1196 1041/4327/1196 1040/4328/1196
f 1033/4329/1197 1034/4330/1197 1042/4331/1197 1041/4332/1197
f 1034/4333/1198 1035/4334/1198 1043/4335/1198 1042/4336/1198
f 1035/4337/1199 1036/4338/1199 1044/4339/1199 1043/4340/1199
f 1036/4341/1200 1037/4342/1200 1045/4343/1200 1044/4344/1200
f 1037/4345/1201 1030/4346/1201 1038/4347/1201 1045/4348/1201
f 1038/4349/1202 1039/4350/1202 1047/4351/1202 1046/4352/1202
f 1039/4353/1203 1040/4354/1203 1048/4355/1203 1047/4356/1203
f 1040/4357/1204 1041/4358/1204 1049/4359/1204 1048/4360/1204
f 1041/4361/1205 1042/4362/1205 1050/4363/1205 1049/4364/1205
f 1042/4365/1206 1043/4366/1206 1051/4367/1206 1050/4368/1206
f 1043/4369/1207 1044/4370/1207 1052/4371/1207 1051/4372/1207
f 1044/4373/1208 1045/4374/1208 1053/4375/1208 1052/4376/1208
f 1045/4377/1209 1038/4378/1209 1046/4379/1209 1053/4380/1209
f 1046/4381/1210 1047/4382/1210 1055/4383/1210 1054/4384/1210
f 1047/4385/1211 1048/4386/1211 1056/4387/1211 1055/4388/1211
f 1048/4389/1212 1049/4390/1212 1057/4391/1212 1056/4392/1212
f 1049/4393/1213 1050/4394/1213 1058/4395/1213 1057/4396/1213
f 1050/4397/1214 1051/4398/1214 1059/4399/1214 1058/4400/1214
f 1051/4401/1215 1052/4402/1215 1060/4403/1215 1059/4404/1215
f 1052/4405/1216 1053/4406/1216 1061/4407/1216 1060/4408/1216
f 1053/4409/1217 1046/4410/1217 1054/4411/1217 1061/4412/1217
f 1062/4413/1218 1031/4414/1218 1030/4415/1218
f 1063/4416/1219 1054/4417/1219 1055/4418/1219
f 1062/4419/1220 1032/4420/1220 1031/4421/1220
f 1063/4422/1221 1055/4423/1221 1056/4424/1221
f 1062/4425/1222 1033/4426/1222 1032/4427/1222
f 1063/4428/1223 1056/4429/1223 1057/4430/1223
f 1062/4431/1224 1034/4432/1224 1033/4433/1224
f 1063/4434/1225 1057/4435/1225 1058/4436/1225
f 1062/4437/1226 1035/4438/1226 1034/4439/1226
f 1063/4440/1227 1058/4441/1227 1059/4442/1227
f 1062/4443/1228 1036/4444/1228 1035/4445/1228
f 1063/4446/1229 1059/4447/1229 1060/4448/1229
f 1062/4449/1230 1037/4450/1230 1036/4451/1230
f 1063/4452/1231 1060/4453/1231 1061/4454/1231
f 1062/4455/1232 1030/4456/1232 1037/4457/1232
f 1063/4458/1233 1061/4459/1233 1054/4460/1233
o right_vent_1
v 0.9218749999999999 0.40249999999999997 0.661875
v 0.9374999999999999 0.40249999999999997 0.661875
v 0.9424999999999999 0.4075 0.661875
v 0.9424999999999999 0.42874999999999996 0.661875
v 0.9374999999999999 0.43374999999999997 0.661875
v 0.9218749999999999 0.43374999999999997 0.661875
v 0.9168749999999999 0.42874999999999996 0.661875
v 0.9168749999999999 0.4075 0.661875
v 0.9218749999999999 0.39999999999999997 0.6643749999999999
v 0.9375 0.39999999999999997 0.6643749999999999
v 0.945 0.4075 0.6643749999999999
v 0.945 0.42874999999999996 0.6643749999999999
v 0.9375 0.43624999999999997 0.6643749999999999
v 0.9218749999999999 0.43624999999999997 0.6643749999999999
v 0.9143749999999999 0.42874999999999996 0.6643749999999999
v 0.9143749999999999 0.4075 0.6643749999999999
v 0.9218749999999999 0.39999999999999997 0.675625
v 0.9375 0.39999999999999997 0.675625
v 0.945 0.4075 0.675625
v 0.945 0.42874999999999996 0.675625
v 0.9375 0.43624999999999997 0.675625
v 0.9218749999999999 0.43624999999999997 0.675625
v 0.9143749999999999 0.42874999999999996 0.675625
v 0.9143749999999999 0.4075 0.675625
v 0.9218749999999999 0.40249999999999997 0.678125
v 0.9374999999999999 0.40249999999999997 0.678125
v 0.9424999999999999 0.4075 0.678125
v 0.9424999999999999 0.42874999999999996 0.678125
v 0.9374999999999999 0.43374999999999997 0.678125
v 0.9218749999999999 0.43374999999999997 0.678125
v 0.9168749999999999 0.42874999999999996 0.678125
v 0.9168749999999999 0.4075 0.678125
v 0.9296874999999999 0.41812499999999997 0.661875
v 0.9296874999999999 0.41812499999999997 0.678125
vt 0.9218749999999999 0.40249999999999997
vt 0.9374999999999999 0.40249999999999997
vt 0.9375 0.3999999999999999
vt 0.9218749999999999 0.3999999999999999
vt 0.9374999999999999 0.40249999999999997
vt 0.9424999999999999 0.4075
vt 0.945 0.4075
vt 0.9375 0.3999999999999999
vt 0.9424999999999999 0.4075
vt 0.9424999999999999 0.42874999999999996
vt 0.945 0.42874999999999996
vt 0.945 0.4075
vt 0.9424999999999999 0.42874999999999996
vt 0.9374999999999999 0.43374999999999997
vt 0.9375 0.43625
vt 0.945 0.42874999999999996
vt 0.9374999999999999 0.43374999999999997
vt 0.9218749999999999 0.43374999999999997
vt 0.9218749999999999 0.43625
vt 0.9375 0.43625
vt 0.661875 0.43374999999999997
vt 0.661875 0.42874999999999996
vt 0.6643749999999999 0.42874999999999996
vt 0.6643749999999999 0.43625
vt 0.661875 0.42874999999999996
vt 0.661875 0.4075
vt 0.6643749999999999 0.4075
vt 0.6643749999999999 0.42874999999999996
vt 0.9168749999999999 0.4075
vt 0.9218749999999999 0.40249999999999997
vt 0.9218749999999999 0.3999999999999999
vt 0.9143749999999999 0.4075
vt 0.9218749999999999 0.33562500000000006
vt 0.9375 0.33562500000000006
vt 0.9375 0.32437499999999997
vt 0.9218749999999999 0.32437499999999997
vt 0.6643749999999999 0.3999999999999999
vt 0.6643749999999999 0.4075
vt 0.675625 0.4075
vt 0.675625 0.3999999999999999
vt 0.6643749999999999 0.4075
vt 0.6643749999999999 0.42874999999999996
vt 0.675625 0.42874999999999996
vt 0.675625 0.4075
vt 0.6643749999999999 0.42874999999999996
vt 0.6643749999999999 0.43625
vt 0.675625 0.43625
vt 0.675625 0.42874999999999996
vt 0.9375 0.33562500000000006
vt 0.9218749999999999 0.33562500000000006
vt 0.9218749999999999 0.32437499999999997
vt 0.9375 0.32437499999999997
vt 0.6643749999999999 0.43625
vt 0.6643749999999999 0.42874999999999996
vt 0.675625 0.42874999999999996
vt 0.675625 0.43625
vt 0.6643749999999999 0.42874999999999996
vt 0.6643749999999999 0.4075
vt 0.675625 0.4075
vt 0.675625 0.42874999999999996
vt 0.6643749999999999 0.4075
vt 0.6643749999999999 0.3999999999999999
vt 0.675625 0.3999999999999999
vt 0.675625 0.4075
vt 0.9218749999999999 0.3999999999999999
vt 0.9375 0.3999999999999999
vt 0.9374999999999999 0.40249999999999997
vt 0.9218749999999999 0.40249999999999997
vt 0.9375 0.3999999999999999
vt 0.945 0.4075
vt 0.9424999999999999 0.4075
vt 0.9374999999999999 0.40249999999999997
vt 0.945 0.4075
vt 0.945 0.42874999999999996
vt 0.9424999999999999 0.42874999999999996
vt 0.9424999999999999 0.4075
vt 0.945 0.42874999999999996
vt 0.9375 0.43625
vt 0.9374999999999999 0.43374999999999997
vt 0.9424999999999999 0.42874999999999996
vt 0.9375 0.43625
vt 0.9218749999999999 0.43625
vt 0.9218749999999999 0.43374999999999997
vt 0.9374999999999999 0.43374999999999997
vt 0.9218749999999999 0.43625
vt 0.9143749999999999 0.42874999999999996
vt 0.9168749999999999 0.42874999999999996
vt 0.9218749999999999 0.43374999999999997
vt 0.675625 0.42874999999999996
vt 0.675625 0.4075
vt 0.678125 0.4075
vt 0.678125 0.42874999999999996
vt 0.9143749999999999 0.4075
vt 0.9218749999999999 0.3999999999999999
vt 0.9218749999999999 0.40249999999999997
vt 0.9168749999999999 0.4075
vt 0.9296874999999999 0.41812499999999997
vt 0.9374999999999999 0.40249999999999997
vt 0.9218749999999999 0.40249999999999997
vt 0.9296874999999999 0.41812499999999997
vt 0.9218749999999999 0.40249999999999997
vt 0.9374999999999999 0.40249999999999997
vt 0.9296874999999999 0.41812499999999997
vt 0.9424999999999999 0.4075
vt 0.9374999999999999 0.40249999999999997
vt 0.9296874999999999 0.41812499999999997
vt 0.9374999999999999 0.40249999999999997
vt 0.9424999999999999 0.4075
vt 0.9296874999999999 0.41812499999999997
vt 0.9424999999999999 0.42874999999999996
vt 0.9424999999999999 0.4075
vt 0.9296874999999999 0.41812499999999997
vt 0.9424999999999999 0.4075
vt 0.9424999999999999 0.42874999999999996
vt 0.9296874999999999 0.41812499999999997
vt 0.9374999999999999 0.43374999999999997
vt 0.9424999999999999 0.42874999999999996
vt 0.9296874999999999 0.41812499999999997
vt 0.9424999999999999 0.42874999999999996
vt 0.9374999999999999 0.43374999999999997
vt 0.9296874999999999 0.41812499999999997
vt 0.9218749999999999 0.43374999999999997
vt 0.9374999999999999 0.43374999999999997
vt 0.9296874999999999 0.41812499999999997
vt 0.9374999999999999 0.43374999999999997
vt 0.9218749999999999 0.43374999999999997
vt 0.9296874999999999 0.41812499999999997
vt 0.9168749999999999 0.42874999999999996
vt 0.9218749999999999 0.43374999999999997
vt 0.9296874999999999 0.41812499999999997
vt 0.9218749999999999 0.43374999999999997
vt 0.9168749999999999 0.42874999999999996
vt 0.9296874999999999 0.41812499999999997
vt 0.9168749999999999 0.4075
vt 0.9168749999999999 0.42874999999999996
vt 0.9296874999999999 0.41812499999999997
vt 0.9168749999999999 0.42874999999999996
vt 0.9168749999999999 0.4075
vt 0.9296874999999999 0.41812499999999997
vt 0.9218749999999999 0.40249999999999997
vt 0.9168749999999999 0.4075
vt 0.9296874999999999 0.41812499999999997
vt 0.9168749999999999 0.4075
vt 0.9218749999999999 0.40249999999999997
vn 0 -0.7071067811865397 -0.7071067811865553
vn 0.5773502691896173 -0.5773502691896173 -0.5773502691896428
vn 0.7071067811865318 0 -0.7071067811865632
vn 0.577350269189613 0.577350269189613 -0.5773502691896514
vn 0 0.7071067811865397 -0.7071067811865553
vn -0.5773502691896258 0.5773502691896258 -0.5773502691896256
vn -0.7071067811865476 0 -0.7071067811865476
vn -0.5773502691896216 -0.5773502691896216 -0.5773502691896343
vn 0 -1 0
vn 0.7071067811865501 -0.7071067811865449 0
vn 1 0 0
vn 0.7071067811865501 0.7071067811865449 0
vn 0 1 0
vn -0.7071067811865501 0.7071067811865449 0
vn -1 0 0
vn -0.7071067811865501 -0.7071067811865449 0
vn 0 -0.7071067811865397 0.7071067811865553
vn 0.5773502691896185 -0.5773502691896143 0.5773502691896445
vn 0.7071067811865318 0 0.7071067811865632
vn 0.5773502691896159 0.5773502691896115 0.57735026918965
vn 0 0.7071067811865397 0.7071067811865553
vn -0.5773502691896272 0.5773502691896228 0.5773502691896273
vn -0.7071067811865476 0 0.7071067811865476
vn -0.5773502691896243 -0.5773502691896201 0.5773502691896331
vn 0 0 -1
vn 0 0 1
vn 0 0 -1
vn 0 0 1
vn 0 0 -1
vn 0 0 1
vn 0 0 -1
vn 0 0 1
vn 0 0 -1
vn 0 0 1
vn 0 0 -1
vn 0 0 1
vn 0 0 -1
vn 0 0 1
vn 0 0 -1
vn 0 0 1
usemtl nova_recess
f 1064/4461/1234 1065/4462/1234 1073/4463/1234 1072/4464/1234
f 1065/4465/1235 1066/4466/1235 1074/4467/1235 1073/4468/1235
f 1066/4469/1236 1067/4470/1236 1075/4471/1236 1074/4472/1236
f 1067/4473/1237 1068/4474/1237 1076/4475/1237 1075/4476/1237
f 1068/4477/1238 1069/4478/1238 1077/4479/1238 1076/4480/1238
f 1069/4481/1239 1070/4482/1239 1078/4483/1239 1077/4484/1239
f 1070/4485/1240 1071/4486/1240 1079/4487/1240 1078/4488/1240
f 1071/4489/1241 1064/4490/1241 1072/4491/1241 1079/4492/1241
f 1072/4493/1242 1073/4494/1242 1081/4495/1242 1080/4496/1242
f 1073/4497/1243 1074/4498/1243 1082/4499/1243 1081/4500/1243
f 1074/4501/1244 1075/4502/1244 1083/4503/1244 1082/4504/1244
f 1075/4505/1245 1076/4506/1245 1084/4507/1245 1083/4508/1245
f 1076/4509/1246 1077/4510/1246 1085/4511/1246 1084/4512/1246
f 1077/4513/1247 1078/4514/1247 1086/4515/1247 1085/4516/1247
f 1078/4517/1248 1079/4518/1248 1087/4519/1248 1086/4520/1248
f 1079/4521/1249 1072/4522/1249 1080/4523/1249 1087/4524/1249
f 1080/4525/1250 1081/4526/1250 1089/4527/1250 1088/4528/1250
f 1081/4529/1251 1082/4530/1251 1090/4531/1251 1089/4532/1251
f 1082/4533/1252 1083/4534/1252 1091/4535/1252 1090/4536/1252
f 1083/4537/1253 1084/4538/1253 1092/4539/1253 1091/4540/1253
f 1084/4541/1254 1085/4542/1254 1093/4543/1254 1092/4544/1254
f 1085/4545/1255 1086/4546/1255 1094/4547/1255 1093/4548/1255
f 1086/4549/1256 1087/4550/1256 1095/4551/1256 1094/4552/1256
f 1087/4553/1257 1080/4554/1257 1088/4555/1257 1095/4556/1257
f 1096/4557/1258 1065/4558/1258 1064/4559/1258
f 1097/4560/1259 1088/4561/1259 1089/4562/1259
f 1096/4563/1260 1066/4564/1260 1065/4565/1260
f 1097/4566/1261 1089/4567/1261 1090/4568/1261
f 1096/4569/1262 1067/4570/1262 1066/4571/1262
f 1097/4572/1263 1090/4573/1263 1091/4574/1263
f 1096/4575/1264 1068/4576/1264 1067/4577/1264
f 1097/4578/1265 1091/4579/1265 1092/4580/1265
f 1096/4581/1266 1069/4582/1266 1068/4583/1266
f 1097/4584/1267 1092/4585/1267 1093/4586/1267
f 1096/4587/1268 1070/4588/1268 1069/4589/1268
f 1097/4590/1269 1093/4591/1269 1094/4592/1269
f 1096/4593/1270 1071/4594/1270 1070/4595/1270
f 1097/4596/1271 1094/4597/1271 1095/4598/1271
f 1096/4599/1272 1064/4600/1272 1071/4601/1272
f 1097/4602/1273 1095/4603/1273 1088/4604/1273
o right_vent_2
v 0.9218749999999999 0.48374999999999996 0.661875
v 0.9374999999999999 0.48374999999999996 0.661875
v 0.9424999999999999 0.48874999999999996 0.661875
v 0.9424999999999999 0.5099999999999999 0.661875
v 0.9374999999999999 0.5149999999999999 0.661875
v 0.9218749999999999 0.5149999999999999 0.661875
v 0.9168749999999999 0.5099999999999999 0.661875
v 0.9168749999999999 0.48874999999999996 0.661875
v 0.9218749999999999 0.48124999999999996 0.6643749999999999
v 0.9375 0.48124999999999996 0.6643749999999999
v 0.945 0.48874999999999996 0.6643749999999999
v 0.945 0.51 0.6643749999999999
v 0.9375 0.5175 0.6643749999999999
v 0.9218749999999999 0.5175 0.6643749999999999
v 0.9143749999999999 0.51 0.6643749999999999
v 0.9143749999999999 0.48874999999999996 0.6643749999999999
v 0.9218749999999999 0.48124999999999996 0.675625
v 0.9375 0.48124999999999996 0.675625
v 0.945 0.48874999999999996 0.675625
v 0.945 0.51 0.675625
v 0.9375 0.5175 0.675625
v 0.9218749999999999 0.5175 0.675625
v 0.9143749999999999 0.51 0.675625
v 0.9143749999999999 0.48874999999999996 0.675625
v 0.9218749999999999 0.48374999999999996 0.678125
v 0.9374999999999999 0.48374999999999996 0.678125
v 0.9424999999999999 0.48874999999999996 0.678125
v 0.9424999999999999 0.5099999999999999 0.678125
v 0.9374999999999999 0.5149999999999999 0.678125
v 0.9218749999999999 0.5149999999999999 0.678125
v 0.9168749999999999 0.5099999999999999 0.678125
v 0.9168749999999999 0.48874999999999996 0.678125
v 0.9296874999999999 0.49937499999999996 0.661875
v 0.9296874999999999 0.49937499999999996 0.678125
vt 0.9218749999999999 0.4837499999999999
vt 0.9374999999999999 0.4837499999999999
vt 0.9375 0.48124999999999996
vt 0.9218749999999999 0.48124999999999996
vt 0.9374999999999999 0.4837499999999999
vt 0.9424999999999999 0.48875
vt 0.945 0.48875
vt 0.9375 0.48124999999999996
vt 0.9424999999999999 0.48875
vt 0.9424999999999999 0.5099999999999999
vt 0.945 0.51
vt 0.945 0.48875
vt 0.9424999999999999 0.5099999999999999
vt 0.9374999999999999 0.5149999999999999
vt 0.9375 0.5175
vt 0.945 0.51
vt 0.9374999999999999 0.5149999999999999
vt 0.9218749999999999 0.5149999999999999
vt 0.9218749999999999 0.5175
vt 0.9375 0.5175
vt 0.9218749999999999 0.5149999999999999
vt 0.9168749999999999 0.5099999999999999
vt 0.9143749999999999 0.51
vt 0.9218749999999999 0.5175
vt 0.661875 0.5099999999999999
vt 0.661875 0.48875
vt 0.6643749999999999 0.48875
vt 0.6643749999999999 0.51
vt 0.9168749999999999 0.48875
vt 0.9218749999999999 0.4837499999999999
vt 0.9218749999999999 0.48124999999999996
vt 0.9143749999999999 0.48875
vt 0.9218749999999999 0.33562500000000006
vt 0.9375 0.33562500000000006
vt 0.9375 0.32437499999999997
vt 0.9218749999999999 0.32437499999999997
vt 0.6643749999999999 0.48124999999999996
vt 0.6643749999999999 0.48875
vt 0.675625 0.48875
vt 0.675625 0.48124999999999996
vt 0.6643749999999999 0.48875
vt 0.6643749999999999 0.51
vt 0.675625 0.51
vt 0.675625 0.48875
vt 0.6643749999999999 0.51
vt 0.6643749999999999 0.5175
vt 0.675625 0.5175
vt 0.675625 0.51
vt 0.9375 0.33562500000000006
vt 0.9218749999999999 0.33562500000000006
vt 0.9218749999999999 0.32437499999999997
vt 0.9375 0.32437499999999997
vt 0.6643749999999999 0.5175
vt 0.6643749999999999 0.51
vt 0.675625 0.51
vt 0.675625 0.5175
vt 0.6643749999999999 0.51
vt 0.6643749999999999 0.48875
vt 0.675625 0.48875
vt 0.675625 0.51
vt 0.6643749999999999 0.48875
vt 0.6643749999999999 0.48124999999999996
vt 0.675625 0.48124999999999996
vt 0.675625 0.48875
vt 0.9218749999999999 0.48124999999999996
vt 0.9375 0.48124999999999996
vt 0.9374999999999999 0.4837499999999999
vt 0.9218749999999999 0.4837499999999999
vt 0.9375 0.48124999999999996
vt 0.945 0.48875
vt 0.9424999999999999 0.48875
vt 0.9374999999999999 0.4837499999999999
vt 0.945 0.48875
vt 0.945 0.51
vt 0.9424999999999999 0.5099999999999999
vt 0.9424999999999999 0.48875
vt 0.945 0.51
vt 0.9375 0.5175
vt 0.9374999999999999 0.5149999999999999
vt 0.9424999999999999 0.5099999999999999
vt 0.9375 0.5175
vt 0.9218749999999999 0.5175
vt 0.9218749999999999 0.5149999999999999
vt 0.9374999999999999 0.5149999999999999
vt 0.9218749999999999 0.5175
vt 0.9143749999999999 0.51
vt 0.9168749999999999 0.5099999999999999
vt 0.9218749999999999 0.5149999999999999
vt 0.675625 0.51
vt 0.675625 0.48875
vt 0.678125 0.48875
vt 0.678125 0.5099999999999999
vt 0.9143749999999999 0.48875
vt 0.9218749999999999 0.48124999999999996
vt 0.9218749999999999 0.4837499999999999
vt 0.9168749999999999 0.48875
vt 0.9296874999999999 0.4993749999999999
vt 0.9374999999999999 0.4837499999999999
vt 0.9218749999999999 0.4837499999999999
vt 0.9296874999999999 0.4993749999999999
vt 0.9218749999999999 0.4837499999999999
vt 0.9374999999999999 0.4837499999999999
vt 0.9296874999999999 0.4993749999999999
vt 0.9424999999999999 0.48875
vt 0.9374999999999999 0.4837499999999999
vt 0.9296874999999999 0.4993749999999999
vt 0.9374999999999999 0.4837499999999999
vt 0.9424999999999999 0.48875
vt 0.9296874999999999 0.4993749999999999
vt 0.9424999999999999 0.5099999999999999
vt 0.9424999999999999 0.48875
vt 0.9296874999999999 0.4993749999999999
vt 0.9424999999999999 0.48875
vt 0.9424999999999999 0.5099999999999999
vt 0.9296874999999999 0.4993749999999999
vt 0.9374999999999999 0.5149999999999999
vt 0.9424999999999999 0.5099999999999999
vt 0.9296874999999999 0.4993749999999999
vt 0.9424999999999999 0.5099999999999999
vt 0.9374999999999999 0.5149999999999999
vt 0.9296874999999999 0.4993749999999999
vt 0.9218749999999999 0.5149999999999999
vt 0.9374999999999999 0.5149999999999999
vt 0.9296874999999999 0.4993749999999999
vt 0.9374999999999999 0.5149999999999999
vt 0.9218749999999999 0.5149999999999999
vt 0.9296874999999999 0.4993749999999999
vt 0.9168749999999999 0.5099999999999999
vt 0.9218749999999999 0.5149999999999999
vt 0.9296874999999999 0.4993749999999999
vt 0.9218749999999999 0.5149999999999999
vt 0.9168749999999999 0.5099999999999999
vt 0.9296874999999999 0.4993749999999999
vt 0.9168749999999999 0.48875
vt 0.9168749999999999 0.5099999999999999
vt 0.9296874999999999 0.4993749999999999
vt 0.9168749999999999 0.5099999999999999
vt 0.9168749999999999 0.48875
vt 0.9296874999999999 0.4993749999999999
vt 0.9218749999999999 0.4837499999999999
vt 0.9168749999999999 0.48875
vt 0.9296874999999999 0.4993749999999999
vt 0.9168749999999999 0.48875
vt 0.9218749999999999 0.4837499999999999
vn 0 -0.7071067811865397 -0.7071067811865553
vn 0.5773502691896173 -0.5773502691896173 -0.5773502691896428
vn 0.7071067811865318 0 -0.7071067811865632
vn 0.5773502691896087 0.5773502691896087 -0.5773502691896599
vn 0 0.7071067811865318 -0.7071067811865632
vn -0.5773502691896173 0.5773502691896173 -0.5773502691896428
vn -0.7071067811865476 0 -0.7071067811865476
vn -0.5773502691896216 -0.5773502691896216 -0.5773502691896343
vn 0 -1 0
vn 0.7071067811865501 -0.7071067811865449 0
vn 1 0 0
vn 0.7071067811865476 0.7071067811865476 0
vn 0 1 0
vn -0.7071067811865476 0.7071067811865476 0
vn -1 0 0
vn -0.7071067811865501 -0.7071067811865449 0
vn 0 -0.7071067811865397 0.7071067811865553
vn 0.5773502691896185 -0.5773502691896143 0.5773502691896445
vn 0.7071067811865318 0 0.7071067811865632
vn 0.5773502691896086 0.5773502691896086 0.57735026918966
vn 0 0.7071067811865318 0.7071067811865632
vn -0.5773502691896172 0.5773502691896172 0.5773502691896429
vn -0.7071067811865476 0 0.7071067811865476
vn -0.5773502691896243 -0.5773502691896201 0.5773502691896331
vn 0 0 -1
vn 0 0 1
vn 0 0 -1
vn 0 0 1
vn 0 0 -1
vn 0 0 1
vn 0 0 -1
vn 0 0 1
vn 0 0 -1
vn 0 0 1
vn 0 0 -1
vn 0 0 1
vn 0 0 -1
vn 0 0 1
vn 0 0 -1
vn 0 0 1
usemtl nova_recess
f 1098/4605/1274 1099/4606/1274 1107/4607/1274 1106/4608/1274
f 1099/4609/1275 1100/4610/1275 1108/4611/1275 1107/4612/1275
f 1100/4613/1276 1101/4614/1276 1109/4615/1276 1108/4616/1276
f 1101/4617/1277 1102/4618/1277 1110/4619/1277 1109/4620/1277
f 1102/4621/1278 1103/4622/1278 1111/4623/1278 1110/4624/1278
f 1103/4625/1279 1104/4626/1279 1112/4627/1279 1111/4628/1279
f 1104/4629/1280 1105/4630/1280 1113/4631/1280 1112/4632/1280
f 1105/4633/1281 1098/4634/1281 1106/4635/1281 1113/4636/1281
f 1106/4637/1282 1107/4638/1282 1115/4639/1282 1114/4640/1282
f 1107/4641/1283 1108/4642/1283 1116/4643/1283 1115/4644/1283
f 1108/4645/1284 1109/4646/1284 1117/4647/1284 1116/4648/1284
f 1109/4649/1285 1110/4650/1285 1118/4651/1285 1117/4652/1285
f 1110/4653/1286 1111/4654/1286 1119/4655/1286 1118/4656/1286
f 1111/4657/1287 1112/4658/1287 1120/4659/1287 1119/4660/1287
f 1112/4661/1288 1113/4662/1288 1121/4663/1288 1120/4664/1288
f 1113/4665/1289 1106/4666/1289 1114/4667/1289 1121/4668/1289
f 1114/4669/1290 1115/4670/1290 1123/4671/1290 1122/4672/1290
f 1115/4673/1291 1116/4674/1291 1124/4675/1291 1123/4676/1291
f 1116/4677/1292 1117/4678/1292 1125/4679/1292 1124/4680/1292
f 1117/4681/1293 1118/4682/1293 1126/4683/1293 1125/4684/1293
f 1118/4685/1294 1119/4686/1294 1127/4687/1294 1126/4688/1294
f 1119/4689/1295 1120/4690/1295 1128/4691/1295 1127/4692/1295
f 1120/4693/1296 1121/4694/1296 1129/4695/1296 1128/4696/1296
f 1121/4697/1297 1114/4698/1297 1122/4699/1297 1129/4700/1297
f 1130/4701/1298 1099/4702/1298 1098/4703/1298
f 1131/4704/1299 1122/4705/1299 1123/4706/1299
f 1130/4707/1300 1100/4708/1300 1099/4709/1300
f 1131/4710/1301 1123/4711/1301 1124/4712/1301
f 1130/4713/1302 1101/4714/1302 1100/4715/1302
f 1131/4716/1303 1124/4717/1303 1125/4718/1303
f 1130/4719/1304 1102/4720/1304 1101/4721/1304
f 1131/4722/1305 1125/4723/1305 1126/4724/1305
f 1130/4725/1306 1103/4726/1306 1102/4727/1306
f 1131/4728/1307 1126/4729/1307 1127/4730/1307
f 1130/4731/1308 1104/4732/1308 1103/4733/1308
f 1131/4734/1309 1127/4735/1309 1128/4736/1309
f 1130/4737/1310 1105/4738/1310 1104/4739/1310
f 1131/4740/1311 1128/4741/1311 1129/4742/1311
f 1130/4743/1312 1098/4744/1312 1105/4745/1312
f 1131/4746/1313 1129/4747/1313 1122/4748/1313
o right_vent_3
v 0.9218749999999999 0.565 0.661875
v 0.9374999999999999 0.565 0.661875
v 0.9424999999999999 0.57 0.661875
v 0.9424999999999999 0.5912499999999999 0.661875
v 0.9374999999999999 0.59625 0.661875
v 0.9218749999999999 0.59625 0.661875
v 0.9168749999999999 0.5912499999999999 0.661875
v 0.9168749999999999 0.57 0.661875
v 0.9218749999999999 0.5625 0.6643749999999999
v 0.9375 0.5625 0.6643749999999999
v 0.945 0.57 0.6643749999999999
v 0.945 0.59125 0.6643749999999999
v 0.9375 0.59875 0.6643749999999999
v 0.9218749999999999 0.59875 0.6643749999999999
v 0.9143749999999999 0.59125 0.6643749999999999
v 0.9143749999999999 0.57 0.6643749999999999
v 0.9218749999999999 0.5625 0.675625
v 0.9375 0.5625 0.675625
v 0.945 0.57 0.675625
v 0.945 0.59125 0.675625
v 0.9375 0.59875 0.675625
v 0.9218749999999999 0.59875 0.675625
v 0.9143749999999999 0.59125 0.675625
v 0.9143749999999999 0.57 0.675625
v 0.9218749999999999 0.565 0.678125
v 0.9374999999999999 0.565 0.678125
v 0.9424999999999999 0.57 0.678125
v 0.9424999999999999 0.5912499999999999 0.678125
v 0.9374999999999999 0.59625 0.678125
v 0.9218749999999999 0.59625 0.678125
v 0.9168749999999999 0.5912499999999999 0.678125
v 0.9168749999999999 0.57 0.678125
v 0.9296874999999999 0.580625 0.661875
v 0.9296874999999999 0.580625 0.678125
vt 0.9218749999999999 0.338125
vt 0.9374999999999999 0.338125
vt 0.9375 0.33562500000000006
vt 0.9218749999999999 0.33562500000000006
vt 0.9374999999999999 0.565
vt 0.9424999999999999 0.57
vt 0.945 0.57
vt 0.9375 0.5625
vt 0.9424999999999999 0.57
vt 0.9424999999999999 0.5912499999999999
vt 0.945 0.59125
vt 0.945 0.57
vt 0.9424999999999999 0.5912499999999999
vt 0.9374999999999999 0.59625
vt 0.9375 0.59875
vt 0.945 0.59125
vt 0.9374999999999999 0.59625
vt 0.9218749999999999 0.59625
vt 0.9218749999999999 0.59875
vt 0.9375 0.59875
vt 0.9218749999999999 0.59625
vt 0.9168749999999999 0.5912499999999999
vt 0.9143749999999999 0.59125
vt 0.9218749999999999 0.59875
vt 0.661875 0.5912499999999999
vt 0.661875 0.57
vt 0.6643749999999999 0.57
vt 0.6643749999999999 0.59125
vt 0.661875 0.57
vt 0.661875 0.565
vt 0.6643749999999999 0.5625
vt 0.6643749999999999 0.57
vt 0.9218749999999999 0.33562500000000006
vt 0.9375 0.33562500000000006
vt 0.9375 0.32437499999999997
vt 0.9218749999999999 0.32437499999999997
vt 0.6643749999999999 0.5625
vt 0.6643749999999999 0.57
vt 0.675625 0.57
vt 0.675625 0.5625
vt 0.6643749999999999 0.57
vt 0.6643749999999999 0.59125
vt 0.675625 0.59125
vt 0.675625 0.57
vt 0.6643749999999999 0.59125
vt 0.6643749999999999 0.59875
vt 0.675625 0.59875
vt 0.675625 0.59125
vt 0.9375 0.33562500000000006
vt 0.9218749999999999 0.33562500000000006
vt 0.9218749999999999 0.32437499999999997
vt 0.9375 0.32437499999999997
vt 0.6643749999999999 0.59875
vt 0.6643749999999999 0.59125
vt 0.675625 0.59125
vt 0.675625 0.59875
vt 0.6643749999999999 0.59125
vt 0.6643749999999999 0.57
vt 0.675625 0.57
vt 0.675625 0.59125
vt 0.6643749999999999 0.57
vt 0.6643749999999999 0.5625
vt 0.675625 0.5625
vt 0.675625 0.57
vt 0.9218749999999999 0.32437499999999997
vt 0.9375 0.32437499999999997
vt 0.9374999999999999 0.321875
vt 0.9218749999999999 0.321875
vt 0.9375 0.5625
vt 0.945 0.57
vt 0.9424999999999999 0.57
vt 0.9374999999999999 0.565
vt 0.945 0.57
vt 0.945 0.59125
vt 0.9424999999999999 0.5912499999999999
vt 0.9424999999999999 0.57
vt 0.945 0.59125
vt 0.9375 0.59875
vt 0.9374999999999999 0.59625
vt 0.9424999999999999 0.5912499999999999
vt 0.9375 0.59875
vt 0.9218749999999999 0.59875
vt 0.9218749999999999 0.59625
vt 0.9374999999999999 0.59625
vt 0.9218749999999999 0.59875
vt 0.9143749999999999 0.59125
vt 0.9168749999999999 0.5912499999999999
vt 0.9218749999999999 0.59625
vt 0.675625 0.59125
vt 0.675625 0.57
vt 0.678125 0.57
vt 0.678125 0.5912499999999999
vt 0.9143749999999999 0.57
vt 0.9218749999999999 0.5625
vt 0.9218749999999999 0.565
vt 0.9168749999999999 0.57
vt 0.9296874999999999 0.580625
vt 0.9374999999999999 0.565
vt 0.9218749999999999 0.565
vt 0.9296874999999999 0.580625
vt 0.9218749999999999 0.565
vt 0.9374999999999999 0.565
vt 0.9296874999999999 0.580625
vt 0.9424999999999999 0.57
vt 0.9374999999999999 0.565
vt 0.9296874999999999 0.580625
vt 0.9374999999999999 0.565
vt 0.9424999999999999 0.57
vt 0.9296874999999999 0.580625
vt 0.9424999999999999 0.5912499999999999
vt 0.9424999999999999 0.57
vt 0.9296874999999999 0.580625
vt 0.9424999999999999 0.57
vt 0.9424999999999999 0.5912499999999999
vt 0.9296874999999999 0.580625
vt 0.9374999999999999 0.59625
vt 0.9424999999999999 0.5912499999999999
vt 0.9296874999999999 0.580625
vt 0.9424999999999999 0.5912499999999999
vt 0.9374999999999999 0.59625
vt 0.9296874999999999 0.580625
vt 0.9218749999999999 0.59625
vt 0.9374999999999999 0.59625
vt 0.9296874999999999 0.580625
vt 0.9374999999999999 0.59625
vt 0.9218749999999999 0.59625
vt 0.9296874999999999 0.580625
vt 0.9168749999999999 0.5912499999999999
vt 0.9218749999999999 0.59625
vt 0.9296874999999999 0.580625
vt 0.9218749999999999 0.59625
vt 0.9168749999999999 0.5912499999999999
vt 0.9296874999999999 0.580625
vt 0.9168749999999999 0.57
vt 0.9168749999999999 0.5912499999999999
vt 0.9296874999999999 0.580625
vt 0.9168749999999999 0.5912499999999999
vt 0.9168749999999999 0.57
vt 0.9296874999999999 0.580625
vt 0.9218749999999999 0.565
vt 0.9168749999999999 0.57
vt 0.9296874999999999 0.580625
vt 0.9168749999999999 0.57
vt 0.9218749999999999 0.565
vn 0 -0.7071067811865476 -0.7071067811865476
vn 0.5773502691896173 -0.5773502691896173 -0.5773502691896428
vn 0.7071067811865318 0 -0.7071067811865632
vn 0.5773502691896087 0.5773502691896087 -0.5773502691896599
vn 0 0.7071067811865318 -0.7071067811865632
vn -0.5773502691896173 0.5773502691896173 -0.5773502691896428
vn -0.7071067811865476 0 -0.7071067811865476
vn -0.5773502691896258 -0.5773502691896258 -0.5773502691896256
vn 0 -1 0
vn 0.7071067811865476 -0.7071067811865476 0
vn 1 0 0
vn 0.7071067811865476 0.7071067811865476 0
vn 0 1 0
vn -0.7071067811865476 0.7071067811865476 0
vn -1 0 0
vn -0.7071067811865476 -0.7071067811865476 0
vn 0 -0.7071067811865476 0.7071067811865476
vn 0.5773502691896172 -0.5773502691896172 0.5773502691896429
vn 0.7071067811865318 0 0.7071067811865632
vn 0.5773502691896086 0.5773502691896086 0.57735026918966
vn 0 0.7071067811865318 0.7071067811865632
vn -0.5773502691896172 0.5773502691896172 0.5773502691896429
vn -0.7071067811865476 0 0.7071067811865476
vn -0.5773502691896257 -0.5773502691896257 0.5773502691896258
vn 0 0 -1
vn 0 0 1
vn 0 0 -1
vn 0 0 1
vn 0 0 -1
vn 0 0 1
vn 0 0 -1
vn 0 0 1
vn 0 0 -1
vn 0 0 1
vn 0 0 -1
vn 0 0 1
vn 0 0 -1
vn 0 0 1
vn 0 0 -1
vn 0 0 1
usemtl nova_recess
f 1132/4749/1314 1133/4750/1314 1141/4751/1314 1140/4752/1314
f 1133/4753/1315 1134/4754/1315 1142/4755/1315 1141/4756/1315
f 1134/4757/1316 1135/4758/1316 1143/4759/1316 1142/4760/1316
f 1135/4761/1317 1136/4762/1317 1144/4763/1317 1143/4764/1317
f 1136/4765/1318 1137/4766/1318 1145/4767/1318 1144/4768/1318
f 1137/4769/1319 1138/4770/1319 1146/4771/1319 1145/4772/1319
f 1138/4773/1320 1139/4774/1320 1147/4775/1320 1146/4776/1320
f 1139/4777/1321 1132/4778/1321 1140/4779/1321 1147/4780/1321
f 1140/4781/1322 1141/4782/1322 1149/4783/1322 1148/4784/1322
f 1141/4785/1323 1142/4786/1323 1150/4787/1323 1149/4788/1323
f 1142/4789/1324 1143/4790/1324 1151/4791/1324 1150/4792/1324
f 1143/4793/1325 1144/4794/1325 1152/4795/1325 1151/4796/1325
f 1144/4797/1326 1145/4798/1326 1153/4799/1326 1152/4800/1326
f 1145/4801/1327 1146/4802/1327 1154/4803/1327 1153/4804/1327
f 1146/4805/1328 1147/4806/1328 1155/4807/1328 1154/4808/1328
f 1147/4809/1329 1140/4810/1329 1148/4811/1329 1155/4812/1329
f 1148/4813/1330 1149/4814/1330 1157/4815/1330 1156/4816/1330
f 1149/4817/1331 1150/4818/1331 1158/4819/1331 1157/4820/1331
f 1150/4821/1332 1151/4822/1332 1159/4823/1332 1158/4824/1332
f 1151/4825/1333 1152/4826/1333 1160/4827/1333 1159/4828/1333
f 1152/4829/1334 1153/4830/1334 1161/4831/1334 1160/4832/1334
f 1153/4833/1335 1154/4834/1335 1162/4835/1335 1161/4836/1335
f 1154/4837/1336 1155/4838/1336 1163/4839/1336 1162/4840/1336
f 1155/4841/1337 1148/4842/1337 1156/4843/1337 1163/4844/1337
f 1164/4845/1338 1133/4846/1338 1132/4847/1338
f 1165/4848/1339 1156/4849/1339 1157/4850/1339
f 1164/4851/1340 1134/4852/1340 1133/4853/1340
f 1165/4854/1341 1157/4855/1341 1158/4856/1341
f 1164/4857/1342 1135/4858/1342 1134/4859/1342
f 1165/4860/1343 1158/4861/1343 1159/4862/1343
f 1164/4863/1344 1136/4864/1344 1135/4865/1344
f 1165/4866/1345 1159/4867/1345 1160/4868/1345
f 1164/4869/1346 1137/4870/1346 1136/4871/1346
f 1165/4872/1347 1160/4873/1347 1161/4874/1347
f 1164/4875/1348 1138/4876/1348 1137/4877/1348
f 1165/4878/1349 1161/4879/1349 1162/4880/1349
f 1164/4881/1350 1139/4882/1350 1138/4883/1350
f 1165/4884/1351 1162/4885/1351 1163/4886/1351
f 1164/4887/1352 1132/4888/1352 1139/4889/1352
f 1165/4890/1353 1163/4891/1353 1156/4892/1353
o right_vent_4
v 0.9218749999999999 0.64625 0.661875
v 0.9374999999999999 0.64625 0.661875
v 0.9424999999999999 0.65125 0.661875
v 0.9424999999999999 0.6725 0.661875
v 0.9374999999999999 0.6775 0.661875
v 0.9218749999999999 0.6775 0.661875
v 0.9168749999999999 0.6725 0.661875
v 0.9168749999999999 0.65125 0.661875
v 0.9218749999999999 0.64375 0.6643749999999999
v 0.9375 0.64375 0.6643749999999999
v 0.945 0.65125 0.6643749999999999
v 0.945 0.6725000000000001 0.6643749999999999
v 0.9375 0.68 0.6643749999999999
v 0.9218749999999999 0.68 0.6643749999999999
v 0.9143749999999999 0.6725000000000001 0.6643749999999999
v 0.9143749999999999 0.65125 0.6643749999999999
v 0.9218749999999999 0.64375 0.675625
v 0.9375 0.64375 0.675625
v 0.945 0.65125 0.675625
v 0.945 0.6725000000000001 0.675625
v 0.9375 0.68 0.675625
v 0.9218749999999999 0.68 0.675625
v 0.9143749999999999 0.6725000000000001 0.675625
v 0.9143749999999999 0.65125 0.675625
v 0.9218749999999999 0.64625 0.678125
v 0.9374999999999999 0.64625 0.678125
v 0.9424999999999999 0.65125 0.678125
v 0.9424999999999999 0.6725 0.678125
v 0.9374999999999999 0.6775 0.678125
v 0.9218749999999999 0.6775 0.678125
v 0.9168749999999999 0.6725 0.678125
v 0.9168749999999999 0.65125 0.678125
v 0.9296874999999999 0.661875 0.661875
v 0.9296874999999999 0.661875 0.678125
vt 0.9218749999999999 0.338125
vt 0.9374999999999999 0.338125
vt 0.9375 0.33562500000000006
vt 0.9218749999999999 0.33562500000000006
vt 0.9374999999999999 0.64625
vt 0.9424999999999999 0.65125
vt 0.945 0.65125
vt 0.9375 0.64375
vt 0.9424999999999999 0.65125
vt 0.9424999999999999 0.6725
vt 0.945 0.6725000000000001
vt 0.945 0.65125
vt 0.9424999999999999 0.6725
vt 0.9374999999999999 0.6775
vt 0.9375 0.68
vt 0.945 0.6725000000000001
vt 0.9374999999999999 0.6775
vt 0.9218749999999999 0.6775
vt 0.9218749999999999 0.68
vt 0.9375 0.68
vt 0.9218749999999999 0.6775
vt 0.9168749999999999 0.6725
vt 0.9143749999999999 0.6725000000000001
vt 0.9218749999999999 0.68
vt 0.661875 0.6725
vt 0.661875 0.65125
vt 0.6643749999999999 0.65125
vt 0.6643749999999999 0.6725000000000001
vt 0.661875 0.65125
vt 0.661875 0.64625
vt 0.6643749999999999 0.64375
vt 0.6643749999999999 0.65125
vt 0.9218749999999999 0.33562500000000006
vt 0.9375 0.33562500000000006
vt 0.9375 0.32437499999999997
vt 0.9218749999999999 0.32437499999999997
vt 0.6643749999999999 0.64375
vt 0.6643749999999999 0.65125
vt 0.675625 0.65125
vt 0.675625 0.64375
vt 0.6643749999999999 0.65125
vt 0.6643749999999999 0.6725000000000001
vt 0.675625 0.6725000000000001
vt 0.675625 0.65125
vt 0.6643749999999999 0.6725000000000001
vt 0.6643749999999999 0.68
vt 0.675625 0.68
vt 0.675625 0.6725000000000001
vt 0.9375 0.33562500000000006
vt 0.9218749999999999 0.33562500000000006
vt 0.9218749999999999 0.32437499999999997
vt 0.9375 0.32437499999999997
vt 0.6643749999999999 0.68
vt 0.6643749999999999 0.6725000000000001
vt 0.675625 0.6725000000000001
vt 0.675625 0.68
vt 0.6643749999999999 0.6725000000000001
vt 0.6643749999999999 0.65125
vt 0.675625 0.65125
vt 0.675625 0.6725000000000001
vt 0.6643749999999999 0.65125
vt 0.6643749999999999 0.64375
vt 0.675625 0.64375
vt 0.675625 0.65125
vt 0.9218749999999999 0.32437499999999997
vt 0.9375 0.32437499999999997
vt 0.9374999999999999 0.321875
vt 0.9218749999999999 0.321875
vt 0.9375 0.64375
vt 0.945 0.65125
vt 0.9424999999999999 0.65125
vt 0.9374999999999999 0.64625
vt 0.945 0.65125
vt 0.945 0.6725000000000001
vt 0.9424999999999999 0.6725
vt 0.9424999999999999 0.65125
vt 0.945 0.6725000000000001
vt 0.9375 0.68
vt 0.9374999999999999 0.6775
vt 0.9424999999999999 0.6725
vt 0.9375 0.68
vt 0.9218749999999999 0.68
vt 0.9218749999999999 0.6775
vt 0.9374999999999999 0.6775
vt 0.9218749999999999 0.68
vt 0.9143749999999999 0.6725000000000001
vt 0.9168749999999999 0.6725
vt 0.9218749999999999 0.6775
vt 0.675625 0.6725000000000001
vt 0.675625 0.65125
vt 0.678125 0.65125
vt 0.678125 0.6725
vt 0.9143749999999999 0.65125
vt 0.9218749999999999 0.64375
vt 0.9218749999999999 0.64625
vt 0.9168749999999999 0.65125
vt 0.9296874999999999 0.661875
vt 0.9374999999999999 0.64625
vt 0.9218749999999999 0.64625
vt 0.9296874999999999 0.661875
vt 0.9218749999999999 0.64625
vt 0.9374999999999999 0.64625
vt 0.9296874999999999 0.661875
vt 0.9424999999999999 0.65125
vt 0.9374999999999999 0.64625
vt 0.9296874999999999 0.661875
vt 0.9374999999999999 0.64625
vt 0.9424999999999999 0.65125
vt 0.9296874999999999 0.661875
vt 0.9424999999999999 0.6725
vt 0.9424999999999999 0.65125
vt 0.9296874999999999 0.661875
vt 0.9424999999999999 0.65125
vt 0.9424999999999999 0.6725
vt 0.9296874999999999 0.661875
vt 0.9374999999999999 0.6775
vt 0.9424999999999999 0.6725
vt 0.9296874999999999 0.661875
vt 0.9424999999999999 0.6725
vt 0.9374999999999999 0.6775
vt 0.9296874999999999 0.661875
vt 0.9218749999999999 0.6775
vt 0.9374999999999999 0.6775
vt 0.9296874999999999 0.661875
vt 0.9374999999999999 0.6775
vt 0.9218749999999999 0.6775
vt 0.9296874999999999 0.661875
vt 0.9168749999999999 0.6725
vt 0.9218749999999999 0.6775
vt 0.9296874999999999 0.661875
vt 0.9218749999999999 0.6775
vt 0.9168749999999999 0.6725
vt 0.9296874999999999 0.661875
vt 0.9168749999999999 0.65125
vt 0.9168749999999999 0.6725
vt 0.9296874999999999 0.661875
vt 0.9168749999999999 0.6725
vt 0.9168749999999999 0.65125
vt 0.9296874999999999 0.661875
vt 0.9218749999999999 0.64625
vt 0.9168749999999999 0.65125
vt 0.9296874999999999 0.661875
vt 0.9168749999999999 0.65125
vt 0.9218749999999999 0.64625
vn 0 -0.7071067811865476 -0.7071067811865476
vn 0.5773502691896173 -0.5773502691896173 -0.5773502691896428
vn 0.7071067811865318 0 -0.7071067811865632
vn 0.5773502691896087 0.5773502691896087 -0.5773502691896599
vn 0 0.7071067811865318 -0.7071067811865632
vn -0.5773502691896173 0.5773502691896173 -0.5773502691896428
vn -0.7071067811865476 0 -0.7071067811865476
vn -0.5773502691896258 -0.5773502691896258 -0.5773502691896256
vn 0 -1 0
vn 0.7071067811865476 -0.7071067811865476 0
vn 1 0 0
vn 0.7071067811865476 0.7071067811865476 0
vn 0 1 0
vn -0.7071067811865476 0.7071067811865476 0
vn -1 0 0
vn -0.7071067811865476 -0.7071067811865476 0
vn 0 -0.7071067811865476 0.7071067811865476
vn 0.5773502691896172 -0.5773502691896172 0.5773502691896429
vn 0.7071067811865318 0 0.7071067811865632
vn 0.5773502691896086 0.5773502691896086 0.57735026918966
vn 0 0.7071067811865318 0.7071067811865632
vn -0.5773502691896172 0.5773502691896172 0.5773502691896429
vn -0.7071067811865476 0 0.7071067811865476
vn -0.5773502691896257 -0.5773502691896257 0.5773502691896258
vn 0 0 -1
vn 0 0 1
vn 0 0 -1
vn 0 0 1
vn 0 0 -1
vn 0 0 1
vn 0 0 -1
vn 0 0 1
vn 0 0 -1
vn 0 0 1
vn 0 0 -1
vn 0 0 1
vn 0 0 -1
vn 0 0 1
vn 0 0 -1
vn 0 0 1
usemtl nova_recess
f 1166/4893/1354 1167/4894/1354 1175/4895/1354 1174/4896/1354
f 1167/4897/1355 1168/4898/1355 1176/4899/1355 1175/4900/1355
f 1168/4901/1356 1169/4902/1356 1177/4903/1356 1176/4904/1356
f 1169/4905/1357 1170/4906/1357 1178/4907/1357 1177/4908/1357
f 1170/4909/1358 1171/4910/1358 1179/4911/1358 1178/4912/1358
f 1171/4913/1359 1172/4914/1359 1180/4915/1359 1179/4916/1359
f 1172/4917/1360 1173/4918/1360 1181/4919/1360 1180/4920/1360
f 1173/4921/1361 1166/4922/1361 1174/4923/1361 1181/4924/1361
f 1174/4925/1362 1175/4926/1362 1183/4927/1362 1182/4928/1362
f 1175/4929/1363 1176/4930/1363 1184/4931/1363 1183/4932/1363
f 1176/4933/1364 1177/4934/1364 1185/4935/1364 1184/4936/1364
f 1177/4937/1365 1178/4938/1365 1186/4939/1365 1185/4940/1365
f 1178/4941/1366 1179/4942/1366 1187/4943/1366 1186/4944/1366
f 1179/4945/1367 1180/4946/1367 1188/4947/1367 1187/4948/1367
f 1180/4949/1368 1181/4950/1368 1189/4951/1368 1188/4952/1368
f 1181/4953/1369 1174/4954/1369 1182/4955/1369 1189/4956/1369
f 1182/4957/1370 1183/4958/1370 1191/4959/1370 1190/4960/1370
f 1183/4961/1371 1184/4962/1371 1192/4963/1371 1191/4964/1371
f 1184/4965/1372 1185/4966/1372 1193/4967/1372 1192/4968/1372
f 1185/4969/1373 1186/4970/1373 1194/4971/1373 1193/4972/1373
f 1186/4973/1374 1187/4974/1374 1195/4975/1374 1194/4976/1374
f 1187/4977/1375 1188/4978/1375 1196/4979/1375 1195/4980/1375
f 1188/4981/1376 1189/4982/1376 1197/4983/1376 1196/4984/1376
f 1189/4985/1377 1182/4986/1377 1190/4987/1377 1197/4988/1377
f 1198/4989/1378 1167/4990/1378 1166/4991/1378
f 1199/4992/1379 1190/4993/1379 1191/4994/1379
f 1198/4995/1380 1168/4996/1380 1167/4997/1380
f 1199/4998/1381 1191/4999/1381 1192/5000/1381
f 1198/5001/1382 1169/5002/1382 1168/5003/1382
f 1199/5004/1383 1192/5005/1383 1193/5006/1383
f 1198/5007/1384 1170/5008/1384 1169/5009/1384
f 1199/5010/1385 1193/5011/1385 1194/5012/1385
f 1198/5013/1386 1171/5014/1386 1170/5015/1386
f 1199/5016/1387 1194/5017/1387 1195/5018/1387
f 1198/5019/1388 1172/5020/1388 1171/5021/1388
f 1199/5022/1389 1195/5023/1389 1196/5024/1389
f 1198/5025/1390 1173/5026/1390 1172/5027/1390
f 1199/5028/1391 1196/5029/1391 1197/5030/1391
f 1198/5031/1392 1166/5032/1392 1173/5033/1392
f 1199/5034/1393 1197/5035/1393 1190/5036/1393
o left_side_exhaust_0
v 0.04 0.2875 0.7306250000000001
v 0.04 0.2875 0.869375
v 0.04 0.29624999999999996 0.878125
v 0.04 0.30625 0.878125
v 0.04 0.315 0.869375
v 0.04 0.315 0.7306250000000001
v 0.04 0.30625 0.721875
v 0.04 0.29624999999999996 0.721875
v 0.04 0.30125 0.8
vt 0.8 0.30125
vt 0.7306250000000001 0.2875
vt 0.869375 0.2875
vt 0.8 0.30125
vt 0.869375 0.2875
vt 0.878125 0.2962499999999999
vt 0.8 0.30125
vt 0.878125 0.2962499999999999
vt 0.878125 0.30625
vt 0.8 0.30125
vt 0.878125 0.30625
vt 0.869375 0.31499999999999995
vt 0.8 0.30125
vt 0.869375 0.31499999999999995
vt 0.7306250000000001 0.31499999999999995
vt 0.8 0.30125
vt 0.7306250000000001 0.31499999999999995
vt 0.721875 0.30625
vt 0.8 0.30125
vt 0.721875 0.30625
vt 0.721875 0.2962499999999999
vt 0.8 0.30125
vt 0.721875 0.2962499999999999
vt 0.7306250000000001 0.2875
vn -1 0 0
vn -1 0 0
vn -1 0 0
vn -1 0 0
vn -1 0 0
vn -1 0 0
vn -1 0 0
vn -1 0 0
usemtl nova_recess
f 1208/5037/1394 1200/5038/1394 1201/5039/1394
f 1208/5040/1395 1201/5041/1395 1202/5042/1395
f 1208/5043/1396 1202/5044/1396 1203/5045/1396
f 1208/5046/1397 1203/5047/1397 1204/5048/1397
f 1208/5049/1398 1204/5050/1398 1205/5051/1398
f 1208/5052/1399 1205/5053/1399 1206/5054/1399
f 1208/5055/1400 1206/5056/1400 1207/5057/1400
f 1208/5058/1401 1207/5059/1401 1200/5060/1401
o left_side_exhaust_1
v 0.04 0.365625 0.7306250000000001
v 0.04 0.365625 0.869375
v 0.04 0.37437499999999996 0.878125
v 0.04 0.384375 0.878125
v 0.04 0.393125 0.869375
v 0.04 0.393125 0.7306250000000001
v 0.04 0.384375 0.721875
v 0.04 0.37437499999999996 0.721875
v 0.04 0.379375 0.8
vt 0.8 0.379375
vt 0.7306250000000001 0.365625
vt 0.869375 0.365625
vt 0.8 0.379375
vt 0.869375 0.365625
vt 0.878125 0.3743749999999999
vt 0.8 0.379375
vt 0.878125 0.3743749999999999
vt 0.878125 0.384375
vt 0.8 0.379375
vt 0.878125 0.384375
vt 0.869375 0.39312499999999995
vt 0.8 0.379375
vt 0.869375 0.39312499999999995
vt 0.7306250000000001 0.39312499999999995
vt 0.8 0.379375
vt 0.7306250000000001 0.39312499999999995
vt 0.721875 0.384375
vt 0.8 0.379375
vt 0.721875 0.384375
vt 0.721875 0.3743749999999999
vt 0.8 0.379375
vt 0.721875 0.3743749999999999
vt 0.7306250000000001 0.365625
vn -1 0 0
vn -1 0 0
vn -1 0 0
vn -1 0 0
vn -1 0 0
vn -1 0 0
vn -1 0 0
vn -1 0 0
usemtl nova_recess
f 1217/5061/1402 1209/5062/1402 1210/5063/1402
f 1217/5064/1403 1210/5065/1403 1211/5066/1403
f 1217/5067/1404 1211/5068/1404 1212/5069/1404
f 1217/5070/1405 1212/5071/1405 1213/5072/1405
f 1217/5073/1406 1213/5074/1406 1214/5075/1406
f 1217/5076/1407 1214/5077/1407 1215/5078/1407
f 1217/5079/1408 1215/5080/1408 1216/5081/1408
f 1217/5082/1409 1216/5083/1409 1209/5084/1409
o left_side_exhaust_2
v 0.04 0.44375 0.7306250000000001
v 0.04 0.44375 0.869375
v 0.04 0.45249999999999996 0.878125
v 0.04 0.4625 0.878125
v 0.04 0.47125 0.869375
v 0.04 0.47125 0.7306250000000001
v 0.04 0.4625 0.721875
v 0.04 0.45249999999999996 0.721875
v 0.04 0.4575 0.8
vt 0.8 0.4575
vt 0.7306250000000001 0.44375
vt 0.869375 0.44375
vt 0.8 0.4575
vt 0.869375 0.44375
vt 0.878125 0.4524999999999999
vt 0.8 0.4575
vt 0.878125 0.4524999999999999
vt 0.878125 0.4625
vt 0.8 0.4575
vt 0.878125 0.4625
vt 0.869375 0.47124999999999995
vt 0.8 0.4575
vt 0.869375 0.47124999999999995
vt 0.7306250000000001 0.47124999999999995
vt 0.8 0.4575
vt 0.7306250000000001 0.47124999999999995
vt 0.721875 0.4625
vt 0.8 0.4575
vt 0.721875 0.4625
vt 0.721875 0.4524999999999999
vt 0.8 0.4575
vt 0.721875 0.4524999999999999
vt 0.7306250000000001 0.44375
vn -1 0 0
vn -1 0 0
vn -1 0 0
vn -1 0 0
vn -1 0 0
vn -1 0 0
vn -1 0 0
vn -1 0 0
usemtl nova_recess
f 1226/5085/1410 1218/5086/1410 1219/5087/1410
f 1226/5088/1411 1219/5089/1411 1220/5090/1411
f 1226/5091/1412 1220/5092/1412 1221/5093/1412
f 1226/5094/1413 1221/5095/1413 1222/5096/1413
f 1226/5097/1414 1222/5098/1414 1223/5099/1414
f 1226/5100/1415 1223/5101/1415 1224/5102/1415
f 1226/5103/1416 1224/5104/1416 1225/5105/1416
f 1226/5106/1417 1225/5107/1417 1218/5108/1417
o left_side_exhaust_3
v 0.04 0.5406249999999999 0.878125
v 0.04 0.521875 0.7306250000000001
v 0.04 0.521875 0.869375
v 0.04 0.530625 0.878125
v 0.04 0.549375 0.869375
v 0.04 0.549375 0.7306250000000001
v 0.04 0.5406249999999999 0.721875
v 0.04 0.530625 0.721875
v 0.04 0.535625 0.8
vt 0.8 0.535625
vt 0.7306250000000001 0.521875
vt 0.869375 0.521875
vt 0.8 0.535625
vt 0.869375 0.521875
vt 0.878125 0.530625
vt 0.8 0.535625
vt 0.878125 0.530625
vt 0.878125 0.5406249999999999
vt 0.8 0.535625
vt 0.878125 0.5406249999999999
vt 0.869375 0.549375
vt 0.8 0.535625
vt 0.869375 0.549375
vt 0.7306250000000001 0.549375
vt 0.8 0.535625
vt 0.7306250000000001 0.549375
vt 0.721875 0.5406249999999999
vt 0.8 0.535625
vt 0.721875 0.5406249999999999
vt 0.721875 0.530625
vt 0.8 0.535625
vt 0.721875 0.530625
vt 0.7306250000000001 0.521875
vn -1 0 0
vn -1 0 0
vn -1 0 0
vn -1 0 0
vn -1 0 0
vn -1 0 0
vn -1 0 0
vn -1 0 0
usemtl nova_recess
f 1235/5109/1418 1228/5110/1418 1229/5111/1418
f 1235/5112/1419 1229/5113/1419 1230/5114/1419
f 1235/5115/1420 1230/5116/1420 1227/5117/1420
f 1235/5118/1421 1227/5119/1421 1231/5120/1421
f 1235/5121/1422 1231/5122/1422 1232/5123/1422
f 1235/5124/1423 1232/5125/1423 1233/5126/1423
f 1235/5127/1424 1233/5128/1424 1234/5129/1424
f 1235/5130/1425 1234/5131/1425 1228/5132/1425
o left_side_exhaust_4
v 0.04 0.6 0.7306250000000001
v 0.04 0.6 0.869375
v 0.04 0.60875 0.878125
v 0.04 0.6187499999999999 0.878125
v 0.04 0.6275 0.869375
v 0.04 0.6275 0.7306250000000001
v 0.04 0.6187499999999999 0.721875
v 0.04 0.60875 0.721875
v 0.04 0.61375 0.8
vt 0.8 0.61375
vt 0.7306250000000001 0.6
vt 0.869375 0.6
vt 0.8 0.61375
vt 0.869375 0.6
vt 0.878125 0.60875
vt 0.8 0.61375
vt 0.878125 0.60875
vt 0.878125 0.6187499999999999
vt 0.8 0.61375
vt 0.878125 0.6187499999999999
vt 0.869375 0.6275
vt 0.8 0.61375
vt 0.869375 0.6275
vt 0.7306250000000001 0.6275
vt 0.8 0.61375
vt 0.7306250000000001 0.6275
vt 0.721875 0.6187499999999999
vt 0.8 0.61375
vt 0.721875 0.6187499999999999
vt 0.721875 0.60875
vt 0.8 0.61375
vt 0.721875 0.60875
vt 0.7306250000000001 0.6
vn -1 0 0
vn -1 0 0
vn -1 0 0
vn -1 0 0
vn -1 0 0
vn -1 0 0
vn -1 0 0
vn -1 0 0
usemtl nova_recess
f 1244/5133/1426 1236/5134/1426 1237/5135/1426
f 1244/5136/1427 1237/5137/1427 1238/5138/1427
f 1244/5139/1428 1238/5140/1428 1239/5141/1428
f 1244/5142/1429 1239/5143/1429 1240/5144/1429
f 1244/5145/1430 1240/5146/1430 1241/5147/1430
f 1244/5148/1431 1241/5149/1431 1242/5150/1431
f 1244/5151/1432 1242/5152/1432 1243/5153/1432
f 1244/5154/1433 1243/5155/1433 1236/5156/1433
o left_side_exhaust_5
v 0.04 0.678125 0.7306250000000001
v 0.04 0.678125 0.869375
v 0.04 0.686875 0.878125
v 0.04 0.6968749999999999 0.878125
v 0.04 0.705625 0.869375
v 0.04 0.705625 0.7306250000000001
v 0.04 0.6968749999999999 0.721875
v 0.04 0.686875 0.721875
v 0.04 0.691875 0.8
vt 0.8 0.691875
vt 0.7306250000000001 0.678125
vt 0.869375 0.678125
vt 0.8 0.691875
vt 0.869375 0.678125
vt 0.878125 0.686875
vt 0.8 0.691875
vt 0.878125 0.686875
vt 0.878125 0.6968749999999999
vt 0.8 0.691875
vt 0.878125 0.6968749999999999
vt 0.869375 0.705625
vt 0.8 0.691875
vt 0.869375 0.705625
vt 0.7306250000000001 0.705625
vt 0.8 0.691875
vt 0.7306250000000001 0.705625
vt 0.721875 0.6968749999999999
vt 0.8 0.691875
vt 0.721875 0.6968749999999999
vt 0.721875 0.686875
vt 0.8 0.691875
vt 0.721875 0.686875
vt 0.7306250000000001 0.678125
vn -1 0 0
vn -1 0 0
vn -1 0 0
vn -1 0 0
vn -1 0 0
vn -1 0 0
vn -1 0 0
vn -1 0 0
usemtl nova_recess
f 1253/5157/1434 1245/5158/1434 1246/5159/1434
f 1253/5160/1435 1246/5161/1435 1247/5162/1435
f 1253/5163/1436 1247/5164/1436 1248/5165/1436
f 1253/5166/1437 1248/5167/1437 1249/5168/1437
f 1253/5169/1438 1249/5170/1438 1250/5171/1438
f 1253/5172/1439 1250/5173/1439 1251/5174/1439
f 1253/5175/1440 1251/5176/1440 1252/5177/1440
f 1253/5178/1441 1252/5179/1441 1245/5180/1441
o right_side_exhaust_0
v 0.96 0.2875 0.7306250000000001
v 0.96 0.2875 0.869375
v 0.96 0.29624999999999996 0.878125
v 0.96 0.30625 0.878125
v 0.96 0.315 0.869375
v 0.96 0.315 0.7306250000000001
v 0.96 0.30625 0.721875
v 0.96 0.29624999999999996 0.721875
v 0.96 0.30125 0.8
vt 0.8 0.30125
vt 0.869375 0.2875
vt 0.7306250000000001 0.2875
vt 0.8 0.30125
vt 0.878125 0.2962499999999999
vt 0.869375 0.2875
vt 0.8 0.30125
vt 0.878125 0.30625
vt 0.878125 0.2962499999999999
vt 0.8 0.30125
vt 0.869375 0.31499999999999995
vt 0.878125 0.30625
vt 0.8 0.30125
vt 0.7306250000000001 0.31499999999999995
vt 0.869375 0.31499999999999995
vt 0.8 0.30125
vt 0.721875 0.30625
vt 0.7306250000000001 0.31499999999999995
vt 0.8 0.30125
vt 0.721875 0.2962499999999999
vt 0.721875 0.30625
vt 0.8 0.30125
vt 0.7306250000000001 0.2875
vt 0.721875 0.2962499999999999
vn 1 0 0
vn 1 0 0
vn 1 0 0
vn 1 0 0
vn 1 0 0
vn 1 0 0
vn 1 0 0
vn 1 0 0
usemtl nova_recess
f 1262/5181/1442 1255/5182/1442 1254/5183/1442
f 1262/5184/1443 1256/5185/1443 1255/5186/1443
f 1262/5187/1444 1257/5188/1444 1256/5189/1444
f 1262/5190/1445 1258/5191/1445 1257/5192/1445
f 1262/5193/1446 1259/5194/1446 1258/5195/1446
f 1262/5196/1447 1260/5197/1447 1259/5198/1447
f 1262/5199/1448 1261/5200/1448 1260/5201/1448
f 1262/5202/1449 1254/5203/1449 1261/5204/1449
o right_side_exhaust_1
v 0.96 0.365625 0.7306250000000001
v 0.96 0.365625 0.869375
v 0.96 0.37437499999999996 0.878125
v 0.96 0.384375 0.878125
v 0.96 0.393125 0.869375
v 0.96 0.393125 0.7306250000000001
v 0.96 0.384375 0.721875
v 0.96 0.37437499999999996 0.721875
v 0.96 0.379375 0.8
vt 0.8 0.379375
vt 0.869375 0.365625
vt 0.7306250000000001 0.365625
vt 0.8 0.379375
vt 0.878125 0.3743749999999999
vt 0.869375 0.365625
vt 0.8 0.379375
vt 0.878125 0.384375
vt 0.878125 0.3743749999999999
vt 0.8 0.379375
vt 0.869375 0.39312499999999995
vt 0.878125 0.384375
vt 0.8 0.379375
vt 0.7306250000000001 0.39312499999999995
vt 0.869375 0.39312499999999995
vt 0.8 0.379375
vt 0.721875 0.384375
vt 0.7306250000000001 0.39312499999999995
vt 0.8 0.379375
vt 0.721875 0.3743749999999999
vt 0.721875 0.384375
vt 0.8 0.379375
vt 0.7306250000000001 0.365625
vt 0.721875 0.3743749999999999
vn 1 0 0
vn 1 0 0
vn 1 0 0
vn 1 0 0
vn 1 0 0
vn 1 0 0
vn 1 0 0
vn 1 0 0
usemtl nova_recess
f 1271/5205/1450 1264/5206/1450 1263/5207/1450
f 1271/5208/1451 1265/5209/1451 1264/5210/1451
f 1271/5211/1452 1266/5212/1452 1265/5213/1452
f 1271/5214/1453 1267/5215/1453 1266/5216/1453
f 1271/5217/1454 1268/5218/1454 1267/5219/1454
f 1271/5220/1455 1269/5221/1455 1268/5222/1455
f 1271/5223/1456 1270/5224/1456 1269/5225/1456
f 1271/5226/1457 1263/5227/1457 1270/5228/1457
o right_side_exhaust_2
v 0.96 0.44375 0.7306250000000001
v 0.96 0.44375 0.869375
v 0.96 0.45249999999999996 0.878125
v 0.96 0.4625 0.878125
v 0.96 0.47125 0.869375
v 0.96 0.47125 0.7306250000000001
v 0.96 0.4625 0.721875
v 0.96 0.45249999999999996 0.721875
v 0.96 0.4575 0.8
vt 0.8 0.4575
vt 0.869375 0.44375
vt 0.7306250000000001 0.44375
vt 0.8 0.4575
vt 0.878125 0.4524999999999999
vt 0.869375 0.44375
vt 0.8 0.4575
vt 0.878125 0.4625
vt 0.878125 0.4524999999999999
vt 0.8 0.4575
vt 0.869375 0.47124999999999995
vt 0.878125 0.4625
vt 0.8 0.4575
vt 0.7306250000000001 0.47124999999999995
vt 0.869375 0.47124999999999995
vt 0.8 0.4575
vt 0.721875 0.4625
vt 0.7306250000000001 0.47124999999999995
vt 0.8 0.4575
vt 0.721875 0.4524999999999999
vt 0.721875 0.4625
vt 0.8 0.4575
vt 0.7306250000000001 0.44375
vt 0.721875 0.4524999999999999
vn 1 0 0
vn 1 0 0
vn 1 0 0
vn 1 0 0
vn 1 0 0
vn 1 0 0
vn 1 0 0
vn 1 0 0
usemtl nova_recess
f 1280/5229/1458 1273/5230/1458 1272/5231/1458
f 1280/5232/1459 1274/5233/1459 1273/5234/1459
f 1280/5235/1460 1275/5236/1460 1274/5237/1460
f 1280/5238/1461 1276/5239/1461 1275/5240/1461
f 1280/5241/1462 1277/5242/1462 1276/5243/1462
f 1280/5244/1463 1278/5245/1463 1277/5246/1463
f 1280/5247/1464 1279/5248/1464 1278/5249/1464
f 1280/5250/1465 1272/5251/1465 1279/5252/1465
o right_side_exhaust_3
v 0.96 0.521875 0.7306250000000001
v 0.96 0.521875 0.869375
v 0.96 0.530625 0.878125
v 0.96 0.5406249999999999 0.878125
v 0.96 0.549375 0.869375
v 0.96 0.549375 0.7306250000000001
v 0.96 0.5406249999999999 0.721875
v 0.96 0.530625 0.721875
v 0.96 0.535625 0.8
vt 0.8 0.535625
vt 0.869375 0.521875
vt 0.7306250000000001 0.521875
vt 0.8 0.535625
vt 0.878125 0.530625
vt 0.869375 0.521875
vt 0.8 0.535625
vt 0.878125 0.5406249999999999
vt 0.878125 0.530625
vt 0.8 0.535625
vt 0.869375 0.549375
vt 0.878125 0.5406249999999999
vt 0.8 0.535625
vt 0.7306250000000001 0.549375
vt 0.869375 0.549375
vt 0.8 0.535625
vt 0.721875 0.5406249999999999
vt 0.7306250000000001 0.549375
vt 0.8 0.535625
vt 0.721875 0.530625
vt 0.721875 0.5406249999999999
vt 0.8 0.535625
vt 0.7306250000000001 0.521875
vt 0.721875 0.530625
vn 1 0 0
vn 1 0 0
vn 1 0 0
vn 1 0 0
vn 1 0 0
vn 1 0 0
vn 1 0 0
vn 1 0 0
usemtl nova_recess
f 1289/5253/1466 1282/5254/1466 1281/5255/1466
f 1289/5256/1467 1283/5257/1467 1282/5258/1467
f 1289/5259/1468 1284/5260/1468 1283/5261/1468
f 1289/5262/1469 1285/5263/1469 1284/5264/1469
f 1289/5265/1470 1286/5266/1470 1285/5267/1470
f 1289/5268/1471 1287/5269/1471 1286/5270/1471
f 1289/5271/1472 1288/5272/1472 1287/5273/1472
f 1289/5274/1473 1281/5275/1473 1288/5276/1473
o right_side_exhaust_4
v 0.96 0.6 0.7306250000000001
v 0.96 0.6 0.869375
v 0.96 0.60875 0.878125
v 0.96 0.6187499999999999 0.878125
v 0.96 0.6275 0.869375
v 0.96 0.6275 0.7306250000000001
v 0.96 0.6187499999999999 0.721875
v 0.96 0.60875 0.721875
v 0.96 0.61375 0.8
vt 0.8 0.61375
vt 0.869375 0.6
vt 0.7306250000000001 0.6
vt 0.8 0.61375
vt 0.878125 0.60875
vt 0.869375 0.6
vt 0.8 0.61375
vt 0.878125 0.6187499999999999
vt 0.878125 0.60875
vt 0.8 0.61375
vt 0.869375 0.6275
vt 0.878125 0.6187499999999999
vt 0.8 0.61375
vt 0.7306250000000001 0.6275
vt 0.869375 0.6275
vt 0.8 0.61375
vt 0.721875 0.6187499999999999
vt 0.7306250000000001 0.6275
vt 0.8 0.61375
vt 0.721875 0.60875
vt 0.721875 0.6187499999999999
vt 0.8 0.61375
vt 0.7306250000000001 0.6
vt 0.721875 0.60875
vn 1 0 0
vn 1 0 0
vn 1 0 0
vn 1 0 0
vn 1 0 0
vn 1 0 0
vn 1 0 0
vn 1 0 0
usemtl nova_recess
f 1298/5277/1474 1291/5278/1474 1290/5279/1474
f 1298/5280/1475 1292/5281/1475 1291/5282/1475
f 1298/5283/1476 1293/5284/1476 1292/5285/1476
f 1298/5286/1477 1294/5287/1477 1293/5288/1477
f 1298/5289/1478 1295/5290/1478 1294/5291/1478
f 1298/5292/1479 1296/5293/1479 1295/5294/1479
f 1298/5295/1480 1297/5296/1480 1296/5297/1480
f 1298/5298/1481 1290/5299/1481 1297/5300/1481
o right_side_exhaust_5
v 0.96 0.678125 0.7306250000000001
v 0.96 0.678125 0.869375
v 0.96 0.686875 0.878125
v 0.96 0.6968749999999999 0.878125
v 0.96 0.705625 0.869375
v 0.96 0.705625 0.7306250000000001
v 0.96 0.6968749999999999 0.721875
v 0.96 0.686875 0.721875
v 0.96 0.691875 0.8
vt 0.8 0.691875
vt 0.869375 0.678125
vt 0.7306250000000001 0.678125
vt 0.8 0.691875
vt 0.878125 0.686875
vt 0.869375 0.678125
vt 0.8 0.691875
vt 0.878125 0.6968749999999999
vt 0.878125 0.686875
vt 0.8 0.691875
vt 0.869375 0.705625
vt 0.878125 0.6968749999999999
vt 0.8 0.691875
vt 0.7306250000000001 0.705625
vt 0.869375 0.705625
vt 0.8 0.691875
vt 0.721875 0.6968749999999999
vt 0.7306250000000001 0.705625
vt 0.8 0.691875
vt 0.721875 0.686875
vt 0.721875 0.6968749999999999
vt 0.8 0.691875
vt 0.7306250000000001 0.678125
vt 0.721875 0.686875
vn 1 0 0
vn 1 0 0
vn 1 0 0
vn 1 0 0
vn 1 0 0
vn 1 0 0
vn 1 0 0
vn 1 0 0
usemtl nova_recess
f 1307/5301/1482 1300/5302/1482 1299/5303/1482
f 1307/5304/1483 1301/5305/1483 1300/5306/1483
f 1307/5307/1484 1302/5308/1484 1301/5309/1484
f 1307/5310/1485 1303/5311/1485 1302/5312/1485
f 1307/5313/1486 1304/5314/1486 1303/5315/1486
f 1307/5316/1487 1305/5317/1487 1304/5318/1487
f 1307/5319/1488 1306/5320/1488 1305/5321/1488
f 1307/5322/1489 1299/5323/1489 1306/5324/1489
