# Blockbench MCP; packaged by tools/export_ship_locker.py
mtllib ship_locker.mtl
v 0.91875 0.13125 0.959375
v 0.08125 0.13125 0.959375
v 0.0375 0.175 0.959375
v 0.0375 0.825 0.959375
v 0.08125 0.86875 0.959375
v 0.91875 0.86875 0.959375
v 0.9625 0.825 0.959375
v 0.9625 0.175 0.959375
v 0.91875 0.13125 0.996875
v 0.08125 0.13125 0.996875
v 0.0375 0.175 0.996875
v 0.0375 0.825 0.996875
v 0.08125 0.86875 0.996875
v 0.91875 0.86875 0.996875
v 0.9625 0.825 0.996875
v 0.9625 0.175 0.996875
v 0.890625 0.175 0.9375
v 0.103125 0.175 0.9375
v 0.075 0.203125 0.9375
v 0.075 0.796875 0.9375
v 0.103125 0.825 0.9375
v 0.890625 0.825 0.9375
v 0.91875 0.796875 0.9375
v 0.91875 0.203125 0.9375
v 0.890625 0.175 0.9625
v 0.103125 0.175 0.9625
v 0.075 0.203125 0.9625
v 0.075 0.796875 0.9625
v 0.103125 0.825 0.9625
v 0.890625 0.825 0.9625
v 0.91875 0.796875 0.9625
v 0.91875 0.203125 0.9625
v 0.9425 0.8 0.63125
v 0.0575 0.8 0.63125
v 0.03125 0.82625 0.63125
v 0.03125 0.84875 0.63125
v 0.0575 0.875 0.63125
v 0.9425 0.875 0.63125
v 0.96875 0.84875 0.63125
v 0.96875 0.82625 0.63125
v 0.9425 0.8 0.96875
v 0.0575 0.8 0.96875
v 0.03125 0.82625 0.96875
v 0.03125 0.84875 0.96875
v 0.0575 0.875 0.96875
v 0.9425 0.875 0.96875
v 0.96875 0.84875 0.96875
v 0.96875 0.82625 0.96875
v 0.9425 0.125 0.63125
v 0.0575 0.125 0.63125
v 0.03125 0.15125 0.63125
v 0.03125 0.17375 0.63125
v 0.0575 0.2 0.63125
v 0.9425 0.2 0.63125
v 0.96875 0.17375 0.63125
v 0.96875 0.15125 0.63125
v 0.9425 0.125 0.96875
v 0.0575 0.125 0.96875
v 0.03125 0.15125 0.96875
v 0.03125 0.17375 0.96875
v 0.0575 0.2 0.96875
v 0.9425 0.2 0.96875
v 0.96875 0.17375 0.96875
v 0.96875 0.15125 0.96875
v 0.95375 0.175 0.63125
v 0.9025 0.175 0.63125
v 0.8875 0.19 0.63125
v 0.8875 0.81 0.63125
v 0.9025 0.825 0.63125
v 0.95375 0.825 0.63125
v 0.96875 0.81 0.63125
v 0.96875 0.19 0.63125
v 0.95375 0.175 0.96875
v 0.9025 0.175 0.96875
v 0.8875 0.19 0.96875
v 0.8875 0.81 0.96875
v 0.9025 0.825 0.96875
v 0.95375 0.825 0.96875
v 0.96875 0.81 0.96875
v 0.96875 0.19 0.96875
v 0.085 0.175 0.63125
v 0.04625 0.175 0.63125
v 0.03125 0.19 0.63125
v 0.03125 0.81 0.63125
v 0.04625 0.825 0.63125
v 0.085 0.825 0.63125
v 0.1 0.81 0.63125
v 0.1 0.19 0.63125
v 0.085 0.175 0.96875
v 0.04625 0.175 0.96875
v 0.03125 0.19 0.96875
v 0.03125 0.81 0.96875
v 0.04625 0.825 0.96875
v 0.085 0.825 0.96875
v 0.1 0.81 0.96875
v 0.1 0.19 0.96875
v 0.8925 0.765625 0.6125
v 0.291875 0.765625 0.6125
v 0.284375 0.773125 0.6125
v 0.284375 0.795625 0.6125
v 0.291875 0.803125 0.6125
v 0.8925 0.803125 0.6125
v 0.9 0.795625 0.6125
v 0.9 0.773125 0.6125
v 0.8925 0.765625 0.703125
v 0.291875 0.765625 0.703125
v 0.284375 0.773125 0.703125
v 0.284375 0.795625 0.703125
v 0.291875 0.803125 0.703125
v 0.8925 0.803125 0.703125
v 0.9 0.795625 0.703125
v 0.9 0.773125 0.703125
v 0.8925 0.196875 0.6125
v 0.291875 0.196875 0.6125
v 0.284375 0.204375 0.6125
v 0.284375 0.226875 0.6125
v 0.291875 0.234375 0.6125
v 0.8925 0.234375 0.6125
v 0.9 0.226875 0.6125
v 0.9 0.204375 0.6125
v 0.8925 0.196875 0.703125
v 0.291875 0.196875 0.703125
v 0.284375 0.204375 0.703125
v 0.284375 0.226875 0.703125
v 0.291875 0.234375 0.703125
v 0.8925 0.234375 0.703125
v 0.9 0.226875 0.703125
v 0.9 0.204375 0.703125
v 0.9375 0.20625 0.6125
v 0.9 0.20625 0.6125
v 0.890625 0.215625 0.6125
v 0.890625 0.784375 0.6125
v 0.9 0.79375 0.6125
v 0.9375 0.79375 0.6125
v 0.946875 0.784375 0.6125
v 0.946875 0.215625 0.6125
v 0.9375 0.20625 0.665625
v 0.9 0.20625 0.665625
v 0.890625 0.215625 0.665625
v 0.890625 0.784375 0.665625
v 0.9 0.79375 0.665625
v 0.9375 0.79375 0.665625
v 0.946875 0.784375 0.665625
v 0.946875 0.215625 0.665625
v 0.284375 0.196875 0.60625
v 0.103125 0.196875 0.60625
v 0.084375 0.215625 0.60625
v 0.084375 0.784375 0.60625
v 0.103125 0.803125 0.60625
v 0.284375 0.803125 0.60625
v 0.303125 0.784375 0.60625
v 0.303125 0.215625 0.60625
v 0.284375 0.196875 0.75
v 0.103125 0.196875 0.75
v 0.084375 0.215625 0.75
v 0.084375 0.784375 0.75
v 0.103125 0.803125 0.75
v 0.284375 0.803125 0.75
v 0.303125 0.784375 0.75
v 0.303125 0.215625 0.75
v 0.260625 0.234375 0.5925
v 0.13 0.234375 0.5925
v 0.11875 0.245625 0.5925
v 0.11875 0.754375 0.5925
v 0.13 0.765625 0.5925
v 0.260625 0.765625 0.5925
v 0.271875 0.754375 0.5925
v 0.271875 0.245625 0.5925
v 0.260625 0.234375 0.6075
v 0.13 0.234375 0.6075
v 0.11875 0.245625 0.6075
v 0.11875 0.754375 0.6075
v 0.13 0.765625 0.6075
v 0.260625 0.765625 0.6075
v 0.271875 0.754375 0.6075
v 0.271875 0.245625 0.6075
v 0.2425 0.6 0.5825
v 0.14625 0.6 0.5825
v 0.1375 0.60875 0.5825
v 0.1375 0.726875 0.5825
v 0.14625 0.735625 0.5825
v 0.2425 0.735625 0.5825
v 0.25125 0.726875 0.5825
v 0.25125 0.60875 0.5825
v 0.2425 0.6 0.59375
v 0.14625 0.6 0.59375
v 0.1375 0.60875 0.59375
v 0.1375 0.726875 0.59375
v 0.14625 0.735625 0.59375
v 0.2425 0.735625 0.59375
v 0.25125 0.726875 0.59375
v 0.25125 0.60875 0.59375
v 0.238125 0.6425 0.58
v 0.150625 0.6425 0.58
v 0.146875 0.64625 0.58
v 0.146875 0.716875 0.58
v 0.150625 0.720625 0.58
v 0.238125 0.720625 0.58
v 0.241875 0.716875 0.58
v 0.241875 0.64625 0.58
v 0.238125 0.6425 0.58375
v 0.150625 0.6425 0.58375
v 0.146875 0.64625 0.58375
v 0.146875 0.716875 0.58375
v 0.150625 0.720625 0.58375
v 0.238125 0.720625 0.58375
v 0.241875 0.716875 0.58375
v 0.241875 0.64625 0.58375
v 0.24 0.6175 0.57875
v 0.14875 0.6175 0.57875
v 0.146875 0.619375 0.57875
v 0.146875 0.624375 0.57875
v 0.14875 0.62625 0.57875
v 0.24 0.62625 0.57875
v 0.241875 0.624375 0.57875
v 0.241875 0.619375 0.57875
v 0.24 0.6175 0.584375
v 0.14875 0.6175 0.584375
v 0.146875 0.619375 0.584375
v 0.146875 0.624375 0.584375
v 0.14875 0.62625 0.584375
v 0.24 0.62625 0.584375
v 0.241875 0.624375 0.584375
v 0.241875 0.619375 0.584375
v 0.255 0.55 0.58125
v 0.130625 0.55 0.58125
v 0.12625 0.554375 0.58125
v 0.12625 0.563125 0.58125
v 0.130625 0.5675 0.58125
v 0.255 0.5675 0.58125
v 0.259375 0.563125 0.58125
v 0.259375 0.554375 0.58125
v 0.255 0.55 0.596875
v 0.130625 0.55 0.596875
v 0.12625 0.554375 0.596875
v 0.12625 0.563125 0.596875
v 0.130625 0.5675 0.596875
v 0.255 0.5675 0.596875
v 0.259375 0.563125 0.596875
v 0.259375 0.554375 0.596875
v 0.244375 0.4 0.578125
v 0.211875 0.4 0.578125
v 0.208125 0.40375 0.578125
v 0.208125 0.421875 0.578125
v 0.211875 0.425625 0.578125
v 0.244375 0.425625 0.578125
v 0.248125 0.421875 0.578125
v 0.248125 0.40375 0.578125
v 0.244375 0.4 0.59375
v 0.211875 0.4 0.59375
v 0.208125 0.40375 0.59375
v 0.208125 0.421875 0.59375
v 0.211875 0.425625 0.59375
v 0.244375 0.425625 0.59375
v 0.248125 0.421875 0.59375
v 0.248125 0.40375 0.59375
v 0.244375 0.44125 0.578125
v 0.211875 0.44125 0.578125
v 0.208125 0.445 0.578125
v 0.208125 0.463125 0.578125
v 0.211875 0.466875 0.578125
v 0.244375 0.466875 0.578125
v 0.248125 0.463125 0.578125
v 0.248125 0.445 0.578125
v 0.244375 0.44125 0.59375
v 0.211875 0.44125 0.59375
v 0.208125 0.445 0.59375
v 0.208125 0.463125 0.59375
v 0.211875 0.466875 0.59375
v 0.244375 0.466875 0.59375
v 0.248125 0.463125 0.59375
v 0.248125 0.445 0.59375
v 0.244375 0.4825 0.578125
v 0.211875 0.4825 0.578125
v 0.208125 0.48625 0.578125
v 0.208125 0.504375 0.578125
v 0.211875 0.508125 0.578125
v 0.244375 0.508125 0.578125
v 0.248125 0.504375 0.578125
v 0.248125 0.48625 0.578125
v 0.244375 0.4825 0.59375
v 0.211875 0.4825 0.59375
v 0.208125 0.48625 0.59375
v 0.208125 0.504375 0.59375
v 0.211875 0.508125 0.59375
v 0.244375 0.508125 0.59375
v 0.248125 0.504375 0.59375
v 0.248125 0.48625 0.59375
v 0.189375 0.4 0.578125
v 0.156875 0.4 0.578125
v 0.153125 0.40375 0.578125
v 0.153125 0.421875 0.578125
v 0.156875 0.425625 0.578125
v 0.189375 0.425625 0.578125
v 0.193125 0.421875 0.578125
v 0.193125 0.40375 0.578125
v 0.189375 0.4 0.59375
v 0.156875 0.4 0.59375
v 0.153125 0.40375 0.59375
v 0.153125 0.421875 0.59375
v 0.156875 0.425625 0.59375
v 0.189375 0.425625 0.59375
v 0.193125 0.421875 0.59375
v 0.193125 0.40375 0.59375
v 0.189375 0.44125 0.578125
v 0.156875 0.44125 0.578125
v 0.153125 0.445 0.578125
v 0.153125 0.463125 0.578125
v 0.156875 0.466875 0.578125
v 0.189375 0.466875 0.578125
v 0.193125 0.463125 0.578125
v 0.193125 0.445 0.578125
v 0.189375 0.44125 0.59375
v 0.156875 0.44125 0.59375
v 0.153125 0.445 0.59375
v 0.153125 0.463125 0.59375
v 0.156875 0.466875 0.59375
v 0.189375 0.466875 0.59375
v 0.193125 0.463125 0.59375
v 0.193125 0.445 0.59375
v 0.189375 0.4825 0.578125
v 0.156875 0.4825 0.578125
v 0.153125 0.48625 0.578125
v 0.153125 0.504375 0.578125
v 0.156875 0.508125 0.578125
v 0.189375 0.508125 0.578125
v 0.193125 0.504375 0.578125
v 0.193125 0.48625 0.578125
v 0.189375 0.4825 0.59375
v 0.156875 0.4825 0.59375
v 0.153125 0.48625 0.59375
v 0.153125 0.504375 0.59375
v 0.156875 0.508125 0.59375
v 0.189375 0.508125 0.59375
v 0.193125 0.504375 0.59375
v 0.193125 0.48625 0.59375
v 0.241875 0.284375 0.581875
v 0.15 0.284375 0.581875
v 0.14375 0.290625 0.581875
v 0.14375 0.3575 0.581875
v 0.15 0.36375 0.581875
v 0.241875 0.36375 0.581875
v 0.248125 0.3575 0.581875
v 0.248125 0.290625 0.581875
v 0.241875 0.284375 0.593125
v 0.15 0.284375 0.593125
v 0.14375 0.290625 0.593125
v 0.14375 0.3575 0.593125
v 0.15 0.36375 0.593125
v 0.241875 0.36375 0.593125
v 0.248125 0.3575 0.593125
v 0.248125 0.290625 0.593125
v 0.235 0.311875 0.578125
v 0.158125 0.311875 0.578125
v 0.156875 0.313125 0.578125
v 0.156875 0.323125 0.578125
v 0.158125 0.324375 0.578125
v 0.235 0.324375 0.578125
v 0.23625 0.323125 0.578125
v 0.23625 0.313125 0.578125
v 0.235 0.311875 0.584375
v 0.158125 0.311875 0.584375
v 0.156875 0.313125 0.584375
v 0.156875 0.323125 0.584375
v 0.158125 0.324375 0.584375
v 0.235 0.324375 0.584375
v 0.23625 0.323125 0.584375
v 0.23625 0.313125 0.584375
v 0.89375 0.39375 0.73125
v 0.31875 0.39375 0.73125
v 0.3125 0.4 0.73125
v 0.3125 0.405 0.73125
v 0.31875 0.41125 0.73125
v 0.89375 0.41125 0.73125
v 0.9 0.405 0.73125
v 0.9 0.4 0.73125
v 0.89375 0.39375 0.94375
v 0.31875 0.39375 0.94375
v 0.3125 0.4 0.94375
v 0.3125 0.405 0.94375
v 0.31875 0.41125 0.94375
v 0.89375 0.41125 0.94375
v 0.9 0.405 0.94375
v 0.9 0.4 0.94375
v 0.85 0.5625 0.926875
v 0.365625 0.5625 0.926875
v 0.353125 0.575 0.926875
v 0.353125 0.725 0.926875
v 0.365625 0.7375 0.926875
v 0.85 0.7375 0.926875
v 0.8625 0.725 0.926875
v 0.8625 0.575 0.926875
v 0.85 0.5625 0.93875
v 0.365625 0.5625 0.93875
v 0.353125 0.575 0.93875
v 0.353125 0.725 0.93875
v 0.365625 0.7375 0.93875
v 0.85 0.7375 0.93875
v 0.8625 0.725 0.93875
v 0.8625 0.575 0.93875
v 0.85 0.2375 0.926875
v 0.365625 0.2375 0.926875
v 0.353125 0.25 0.926875
v 0.353125 0.35 0.926875
v 0.365625 0.3625 0.926875
v 0.85 0.3625 0.926875
v 0.8625 0.35 0.926875
v 0.8625 0.25 0.926875
v 0.85 0.2375 0.93875
v 0.365625 0.2375 0.93875
v 0.353125 0.25 0.93875
v 0.353125 0.35 0.93875
v 0.365625 0.3625 0.93875
v 0.85 0.3625 0.93875
v 0.8625 0.35 0.93875
v 0.8625 0.25 0.93875
v 0.87375 0.784375 0.74375
v 0.3325 0.784375 0.74375
v 0.33125 0.785625 0.74375
v 0.33125 0.79375 0.74375
v 0.3325 0.795 0.74375
v 0.87375 0.795 0.74375
v 0.875 0.79375 0.74375
v 0.875 0.785625 0.74375
v 0.87375 0.784375 0.925
v 0.3325 0.784375 0.925
v 0.33125 0.785625 0.925
v 0.33125 0.79375 0.925
v 0.3325 0.795 0.925
v 0.87375 0.795 0.925
v 0.875 0.79375 0.925
v 0.875 0.785625 0.925
v 0.653125 0.19375 0.56875
v 0.559375 0.19375 0.56875
v 0.55 0.203125 0.56875
v 0.55 0.224375 0.56875
v 0.559375 0.23375 0.56875
v 0.653125 0.23375 0.56875
v 0.6625 0.224375 0.56875
v 0.6625 0.203125 0.56875
v 0.653125 0.19375 0.6625
v 0.559375 0.19375 0.6625
v 0.55 0.203125 0.6625
v 0.55 0.224375 0.6625
v 0.559375 0.23375 0.6625
v 0.653125 0.23375 0.6625
v 0.6625 0.224375 0.6625
v 0.6625 0.203125 0.6625
v 0.6375 0.21875 0.56375
v 0.575 0.21875 0.56375
v 0.57 0.22375 0.56375
v 0.57 0.22875 0.56375
v 0.575 0.23375 0.56375
v 0.6375 0.23375 0.56375
v 0.6425 0.22875 0.56375
v 0.6425 0.22375 0.56375
v 0.6375 0.21875 0.590625
v 0.575 0.21875 0.590625
v 0.57 0.22375 0.590625
v 0.57 0.22875 0.590625
v 0.575 0.23375 0.590625
v 0.6375 0.23375 0.590625
v 0.6425 0.22875 0.590625
v 0.6425 0.22375 0.590625
v 0.0315625 0.26875 0.75
v 0.0296875 0.26875 0.75
v 0.029375 0.2690625 0.75
v 0.029375 0.3009375 0.75
v 0.0296875 0.30125 0.75
v 0.0315625 0.30125 0.75
v 0.031875 0.3009375 0.75
v 0.031875 0.2690625 0.75
v 0.0315625 0.26875 0.91875
v 0.0296875 0.26875 0.91875
v 0.029375 0.2690625 0.91875
v 0.029375 0.3009375 0.91875
v 0.0296875 0.30125 0.91875
v 0.0315625 0.30125 0.91875
v 0.031875 0.3009375 0.91875
v 0.031875 0.2690625 0.91875
v 0.0315625 0.346875 0.75
v 0.0296875 0.346875 0.75
v 0.029375 0.3471875 0.75
v 0.029375 0.3790625 0.75
v 0.0296875 0.379375 0.75
v 0.0315625 0.379375 0.75
v 0.031875 0.3790625 0.75
v 0.031875 0.3471875 0.75
v 0.0315625 0.346875 0.91875
v 0.0296875 0.346875 0.91875
v 0.029375 0.3471875 0.91875
v 0.029375 0.3790625 0.91875
v 0.0296875 0.379375 0.91875
v 0.0315625 0.379375 0.91875
v 0.031875 0.3790625 0.91875
v 0.031875 0.3471875 0.91875
v 0.0315625 0.425 0.75
v 0.0296875 0.425 0.75
v 0.029375 0.4253125 0.75
v 0.029375 0.4571875 0.75
v 0.0296875 0.4575 0.75
v 0.0315625 0.4575 0.75
v 0.031875 0.4571875 0.75
v 0.031875 0.4253125 0.75
v 0.0315625 0.425 0.91875
v 0.0296875 0.425 0.91875
v 0.029375 0.4253125 0.91875
v 0.029375 0.4571875 0.91875
v 0.0296875 0.4575 0.91875
v 0.0315625 0.4575 0.91875
v 0.031875 0.4571875 0.91875
v 0.031875 0.4253125 0.91875
v 0.611875 0.221875 0.640625
v 0.89 0.221875 0.640625
v 0.8925 0.225625 0.640625
v 0.8925 0.774375 0.640625
v 0.89 0.778125 0.640625
v 0.611875 0.778125 0.640625
v 0.608125 0.774375 0.640625
v 0.608125 0.225625 0.640625
v 0.611875 0.221875 0.68125
v 0.89 0.221875 0.68125
v 0.8925 0.225625 0.68125
v 0.8925 0.774375 0.68125
v 0.89 0.778125 0.68125
v 0.611875 0.778125 0.68125
v 0.608125 0.774375 0.68125
v 0.608125 0.225625 0.68125
v 0.8425 0.271875 0.63
v 0.6525 0.271875 0.63
v 0.6325 0.291875 0.63
v 0.6325 0.70875 0.63
v 0.6525 0.72875 0.63
v 0.8425 0.72875 0.63
v 0.8625 0.70875 0.63
v 0.8625 0.291875 0.63
v 0.8425 0.271875 0.641875
v 0.6525 0.271875 0.641875
v 0.6325 0.291875 0.641875
v 0.6325 0.70875 0.641875
v 0.6525 0.72875 0.641875
v 0.8425 0.72875 0.641875
v 0.8625 0.70875 0.641875
v 0.8625 0.291875 0.641875
v 0.8525 0.426875 0.6225
v 0.83875 0.426875 0.6225
v 0.833125 0.4325 0.6225
v 0.833125 0.575625 0.6225
v 0.83875 0.58125 0.6225
v 0.8525 0.58125 0.6225
v 0.858125 0.575625 0.6225
v 0.858125 0.4325 0.6225
v 0.8525 0.426875 0.633125
v 0.83875 0.426875 0.633125
v 0.833125 0.4325 0.633125
v 0.833125 0.575625 0.633125
v 0.83875 0.58125 0.633125
v 0.8525 0.58125 0.633125
v 0.858125 0.575625 0.633125
v 0.858125 0.4325 0.633125
v 0.8478125 0.6775 0.62375
v 0.7865625 0.6775 0.62375
v 0.784375 0.6796875 0.62375
v 0.784375 0.6896875 0.62375
v 0.7865625 0.691875 0.62375
v 0.8478125 0.691875 0.62375
v 0.85 0.6896875 0.62375
v 0.85 0.6796875 0.62375
v 0.8478125 0.6775 0.631875
v 0.7865625 0.6775 0.631875
v 0.784375 0.6796875 0.631875
v 0.784375 0.6896875 0.631875
v 0.7865625 0.691875 0.631875
v 0.8478125 0.691875 0.631875
v 0.85 0.6896875 0.631875
v 0.85 0.6796875 0.631875
v 0.84375 0.304375 0.6225
v 0.65125 0.304375 0.6225
v 0.645 0.310625 0.6225
v 0.645 0.338125 0.6225
v 0.65125 0.344375 0.6225
v 0.84375 0.344375 0.6225
v 0.85 0.338125 0.6225
v 0.85 0.310625 0.6225
v 0.84375 0.304375 0.63125
v 0.65125 0.304375 0.63125
v 0.645 0.310625 0.63125
v 0.645 0.338125 0.63125
v 0.65125 0.344375 0.63125
v 0.84375 0.344375 0.63125
v 0.85 0.338125 0.63125
v 0.85 0.310625 0.63125
v 0.5946875 0.21875 0.6825
v 0.6178125 0.21875 0.6825
v 0.61875 0.2196875 0.6825
v 0.61875 0.7803125 0.6825
v 0.6178125 0.78125 0.6825
v 0.5946875 0.78125 0.6825
v 0.59375 0.7803125 0.6825
v 0.59375 0.2196875 0.6825
v 0.5946875 0.21875 0.695
v 0.6178125 0.21875 0.695
v 0.61875 0.2196875 0.695
v 0.61875 0.7803125 0.695
v 0.6178125 0.78125 0.695
v 0.5946875 0.78125 0.695
v 0.59375 0.7803125 0.695
v 0.59375 0.2196875 0.695
v 0.294375 0.221875 0.640625
v 0.600625 0.221875 0.640625
v 0.604375 0.225625 0.640625
v 0.604375 0.774375 0.640625
v 0.600625 0.778125 0.640625
v 0.294375 0.778125 0.640625
v 0.290625 0.774375 0.640625
v 0.290625 0.225625 0.640625
v 0.294375 0.221875 0.68125
v 0.600625 0.221875 0.68125
v 0.604375 0.225625 0.68125
v 0.604375 0.774375 0.68125
v 0.600625 0.778125 0.68125
v 0.294375 0.778125 0.68125
v 0.290625 0.774375 0.68125
v 0.290625 0.225625 0.68125
v 0.56 0.271875 0.63
v 0.37 0.271875 0.63
v 0.35 0.291875 0.63
v 0.35 0.70875 0.63
v 0.37 0.72875 0.63
v 0.56 0.72875 0.63
v 0.58 0.70875 0.63
v 0.58 0.291875 0.63
v 0.56 0.271875 0.641875
v 0.37 0.271875 0.641875
v 0.35 0.291875 0.641875
v 0.35 0.70875 0.641875
v 0.37 0.72875 0.641875
v 0.56 0.72875 0.641875
v 0.58 0.70875 0.641875
v 0.58 0.291875 0.641875
v 0.374375 0.426875 0.6225
v 0.360625 0.426875 0.6225
v 0.355 0.4325 0.6225
v 0.355 0.575625 0.6225
v 0.360625 0.58125 0.6225
v 0.374375 0.58125 0.6225
v 0.38 0.575625 0.6225
v 0.38 0.4325 0.6225
v 0.374375 0.426875 0.633125
v 0.360625 0.426875 0.633125
v 0.355 0.4325 0.633125
v 0.355 0.575625 0.633125
v 0.360625 0.58125 0.633125
v 0.374375 0.58125 0.633125
v 0.38 0.575625 0.633125
v 0.38 0.4325 0.633125
v 0.5653125 0.6775 0.62375
v 0.5040625 0.6775 0.62375
v 0.501875 0.6796875 0.62375
v 0.501875 0.6896875 0.62375
v 0.5040625 0.691875 0.62375
v 0.5653125 0.691875 0.62375
v 0.5675 0.6896875 0.62375
v 0.5675 0.6796875 0.62375
v 0.5653125 0.6775 0.631875
v 0.5040625 0.6775 0.631875
v 0.501875 0.6796875 0.631875
v 0.501875 0.6896875 0.631875
v 0.5040625 0.691875 0.631875
v 0.5653125 0.691875 0.631875
v 0.5675 0.6896875 0.631875
v 0.5675 0.6796875 0.631875
v 0.56125 0.304375 0.6225
v 0.36875 0.304375 0.6225
v 0.3625 0.310625 0.6225
v 0.3625 0.338125 0.6225
v 0.36875 0.344375 0.6225
v 0.56125 0.344375 0.6225
v 0.5675 0.338125 0.6225
v 0.5675 0.310625 0.6225
v 0.56125 0.304375 0.63125
v 0.36875 0.304375 0.63125
v 0.3625 0.310625 0.63125
v 0.3625 0.338125 0.63125
v 0.36875 0.344375 0.63125
v 0.56125 0.344375 0.63125
v 0.5675 0.338125 0.63125
v 0.5675 0.310625 0.63125
v 0.503125 0.40625 0.578125
v 0.709375 0.40625 0.578125
v 0.709375 0.6125 0.578125
v 0.503125 0.6125 0.578125
v 0.503125 0.40625 0.5775
v 0.709375 0.40625 0.5775
v 0.709375 0.6125 0.5775
v 0.503125 0.6125 0.5775
vt 0.6875 0.1875
vt 0.6875 0.1875
vt 0.6875 0.1875
vt 0.6875 0.1875
vt 0.6875 0.1875
vt 0.6875 0.1875
vt 0.6875 0.1875
vt 0.6875 0.1875
vt 0.6875 0.1875
vt 0.6875 0.1875
vt 0.6875 0.1875
vt 0.6875 0.1875
vt 0.6875 0.1875
vt 0.6875 0.1875
vt 0.6875 0.1875
vt 0.6875 0.1875
vt 0.6875 0.1875
vt 0.6875 0.1875
vt 0.6875 0.1875
vt 0.6875 0.1875
vt 0.6875 0.1875
vt 0.6875 0.1875
vt 0.6875 0.1875
vt 0.6875 0.1875
vt 0.6875 0.1875
vt 0.6875 0.1875
vt 0.6875 0.1875
vt 0.6875 0.1875
vt 0.6875 0.1875
vt 0.6875 0.1875
vt 0.6875 0.1875
vt 0.6875 0.1875
vt 0.6875 0.1875
vt 0.6875 0.1875
vt 0.6875 0.1875
vt 0.6875 0.1875
vt 0.6875 0.1875
vt 0.6875 0.1875
vt 0.6875 0.1875
vt 0.6875 0.1875
vt 0.6875 0.1875
vt 0.6875 0.1875
vt 0.6875 0.1875
vt 0.6875 0.1875
vt 0.6875 0.1875
vt 0.6875 0.1875
vt 0.6875 0.1875
vt 0.6875 0.1875
vt 0.6875 0.1875
vt 0.6875 0.1875
vt 0.6875 0.1875
vt 0.6875 0.1875
vt 0.6875 0.1875
vt 0.6875 0.1875
vt 0.6875 0.1875
vt 0.6875 0.1875
vt 0.6875 0.1875
vt 0.6875 0.1875
vt 0.6875 0.1875
vt 0.6875 0.1875
vt 0.6875 0.1875
vt 0.6875 0.1875
vt 0.6875 0.1875
vt 0.6875 0.1875
vt 0.6875 0.1875
vt 0.6875 0.1875
vt 0.6875 0.1875
vt 0.6875 0.1875
vt 0.8125 0.1875
vt 0.8125 0.1875
vt 0.8125 0.1875
vt 0.8125 0.1875
vt 0.8125 0.1875
vt 0.8125 0.1875
vt 0.8125 0.1875
vt 0.8125 0.1875
vt 0.8125 0.1875
vt 0.8125 0.1875
vt 0.8125 0.1875
vt 0.8125 0.1875
vt 0.8125 0.1875
vt 0.8125 0.1875
vt 0.8125 0.1875
vt 0.8125 0.1875
vt 0.8125 0.1875
vt 0.8125 0.1875
vt 0.8125 0.1875
vt 0.8125 0.1875
vt 0.8125 0.1875
vt 0.8125 0.1875
vt 0.8125 0.1875
vt 0.8125 0.1875
vt 0.8125 0.1875
vt 0.8125 0.1875
vt 0.8125 0.1875
vt 0.8125 0.1875
vt 0.8125 0.1875
vt 0.8125 0.1875
vt 0.8125 0.1875
vt 0.8125 0.1875
vt 0.8125 0.1875
vt 0.8125 0.1875
vt 0.8125 0.1875
vt 0.8125 0.1875
vt 0.8125 0.1875
vt 0.8125 0.1875
vt 0.8125 0.1875
vt 0.8125 0.1875
vt 0.8125 0.1875
vt 0.8125 0.1875
vt 0.8125 0.1875
vt 0.8125 0.1875
vt 0.8125 0.1875
vt 0.8125 0.1875
vt 0.8125 0.1875
vt 0.8125 0.1875
vt 0.8125 0.1875
vt 0.8125 0.1875
vt 0.8125 0.1875
vt 0.8125 0.1875
vt 0.8125 0.1875
vt 0.8125 0.1875
vt 0.8125 0.1875
vt 0.8125 0.1875
vt 0.8125 0.1875
vt 0.8125 0.1875
vt 0.8125 0.1875
vt 0.8125 0.1875
vt 0.8125 0.1875
vt 0.8125 0.1875
vt 0.8125 0.1875
vt 0.8125 0.1875
vt 0.8125 0.1875
vt 0.8125 0.1875
vt 0.8125 0.1875
vt 0.8125 0.1875
vt 0.98415625 0.876953125
vt 0.998046875 0.919335937
vt 0.51584375 0.876953125
vt 0.0625 0.1875
vt 0.0625 0.1875
vt 0.0625 0.1875
vt 0.998046875 0.919335937
vt 0.998046875 0.955664063
vt 0.51584375 0.876953125
vt 0.0625 0.1875
vt 0.0625 0.1875
vt 0.0625 0.1875
vt 0.998046875 0.955664063
vt 0.98415625 0.998046875
vt 0.51584375 0.876953125
vt 0.0625 0.1875
vt 0.0625 0.1875
vt 0.0625 0.1875
vt 0.98415625 0.998046875
vt 0.51584375 0.998046875
vt 0.51584375 0.876953125
vt 0.0625 0.1875
vt 0.0625 0.1875
vt 0.0625 0.1875
vt 0.51584375 0.998046875
vt 0.501953125 0.955664063
vt 0.51584375 0.876953125
vt 0.0625 0.1875
vt 0.0625 0.1875
vt 0.0625 0.1875
vt 0.501953125 0.955664063
vt 0.501953125 0.919335937
vt 0.51584375 0.876953125
vt 0.0625 0.1875
vt 0.0625 0.1875
vt 0.0625 0.1875
vt 0.3125 0.1875
vt 0.3125 0.1875
vt 0.3125 0.1875
vt 0.3125 0.1875
vt 0.0625 0.1875
vt 0.0625 0.1875
vt 0.0625 0.1875
vt 0.0625 0.1875
vt 0.0625 0.1875
vt 0.0625 0.1875
vt 0.0625 0.1875
vt 0.0625 0.1875
vt 0.0625 0.1875
vt 0.0625 0.1875
vt 0.0625 0.1875
vt 0.0625 0.1875
vt 0.1875 0.1875
vt 0.1875 0.1875
vt 0.1875 0.1875
vt 0.1875 0.1875
vt 0.0625 0.1875
vt 0.0625 0.1875
vt 0.0625 0.1875
vt 0.0625 0.1875
vt 0.0625 0.1875
vt 0.0625 0.1875
vt 0.0625 0.1875
vt 0.0625 0.1875
vt 0.0625 0.1875
vt 0.0625 0.1875
vt 0.0625 0.1875
vt 0.0625 0.1875
vt 0.98415625 0.720703125
vt 0.998046875 0.763085937
vt 0.51584375 0.720703125
vt 0.0625 0.1875
vt 0.0625 0.1875
vt 0.0625 0.1875
vt 0.998046875 0.763085937
vt 0.998046875 0.799414063
vt 0.51584375 0.720703125
vt 0.0625 0.1875
vt 0.0625 0.1875
vt 0.0625 0.1875
vt 0.998046875 0.799414063
vt 0.98415625 0.841796875
vt 0.51584375 0.720703125
vt 0.0625 0.1875
vt 0.0625 0.1875
vt 0.0625 0.1875
vt 0.98415625 0.841796875
vt 0.51584375 0.841796875
vt 0.51584375 0.720703125
vt 0.0625 0.1875
vt 0.0625 0.1875
vt 0.0625 0.1875
vt 0.51584375 0.841796875
vt 0.501953125 0.799414063
vt 0.51584375 0.720703125
vt 0.0625 0.1875
vt 0.0625 0.1875
vt 0.0625 0.1875
vt 0.501953125 0.799414063
vt 0.501953125 0.763085937
vt 0.51584375 0.720703125
vt 0.0625 0.1875
vt 0.0625 0.1875
vt 0.0625 0.1875
vt 0.3125 0.1875
vt 0.3125 0.1875
vt 0.3125 0.1875
vt 0.3125 0.1875
vt 0.0625 0.1875
vt 0.0625 0.1875
vt 0.0625 0.1875
vt 0.0625 0.1875
vt 0.0625 0.1875
vt 0.0625 0.1875
vt 0.0625 0.1875
vt 0.0625 0.1875
vt 0.0625 0.1875
vt 0.0625 0.1875
vt 0.0625 0.1875
vt 0.0625 0.1875
vt 0.1875 0.1875
vt 0.1875 0.1875
vt 0.1875 0.1875
vt 0.1875 0.1875
vt 0.0625 0.1875
vt 0.0625 0.1875
vt 0.0625 0.1875
vt 0.0625 0.1875
vt 0.0625 0.1875
vt 0.0625 0.1875
vt 0.0625 0.1875
vt 0.0625 0.1875
vt 0.0625 0.1875
vt 0.0625 0.1875
vt 0.0625 0.1875
vt 0.0625 0.1875
vt 0.0625 0.1875
vt 0.0625 0.1875
vt 0.0625 0.1875
vt 0.0625 0.1875
vt 0.0625 0.1875
vt 0.0625 0.1875
vt 0.0625 0.1875
vt 0.0625 0.1875
vt 0.0625 0.1875
vt 0.0625 0.1875
vt 0.0625 0.1875
vt 0.0625 0.1875
vt 0.0625 0.1875
vt 0.0625 0.1875
vt 0.0625 0.1875
vt 0.0625 0.1875
vt 0.0625 0.1875
vt 0.0625 0.1875
vt 0.0625 0.1875
vt 0.0625 0.1875
vt 0.0625 0.1875
vt 0.0625 0.1875
vt 0.0625 0.1875
vt 0.0625 0.1875
vt 0.0625 0.1875
vt 0.0625 0.1875
vt 0.0625 0.1875
vt 0.0625 0.1875
vt 0.0625 0.1875
vt 0.0625 0.1875
vt 0.0625 0.1875
vt 0.0625 0.1875
vt 0.0625 0.1875
vt 0.0625 0.1875
vt 0.0625 0.1875
vt 0.0625 0.1875
vt 0.3125 0.1875
vt 0.3125 0.1875
vt 0.3125 0.1875
vt 0.3125 0.1875
vt 0.498046875 0.501953125
vt 0.498046875 0.513401442
vt 0.251953125 0.513401442
vt 0.251953125 0.501953125
vt 0.498046875 0.513401442
vt 0.498046875 0.986598558
vt 0.251953125 0.986598558
vt 0.251953125 0.513401442
vt 0.498046875 0.986598558
vt 0.498046875 0.998046875
vt 0.251953125 0.998046875
vt 0.251953125 0.986598558
vt 0.1875 0.1875
vt 0.1875 0.1875
vt 0.1875 0.1875
vt 0.1875 0.1875
vt 0.251953125 0.998046875
vt 0.251953125 0.986598558
vt 0.498046875 0.986598558
vt 0.498046875 0.998046875
vt 0.251953125 0.986598558
vt 0.251953125 0.513401442
vt 0.498046875 0.513401442
vt 0.498046875 0.986598558
vt 0.251953125 0.513401442
vt 0.251953125 0.501953125
vt 0.498046875 0.501953125
vt 0.498046875 0.513401442
vt 0.0625 0.1875
vt 0.0625 0.1875
vt 0.0625 0.1875
vt 0.0625 0.1875
vt 0.0625 0.1875
vt 0.0625 0.1875
vt 0.0625 0.1875
vt 0.0625 0.1875
vt 0.0625 0.1875
vt 0.0625 0.1875
vt 0.0625 0.1875
vt 0.0625 0.1875
vt 0.0625 0.1875
vt 0.0625 0.1875
vt 0.0625 0.1875
vt 0.0625 0.1875
vt 0.0625 0.1875
vt 0.0625 0.1875
vt 0.0625 0.1875
vt 0.0625 0.1875
vt 0.0625 0.1875
vt 0.0625 0.1875
vt 0.0625 0.1875
vt 0.0625 0.1875
vt 0.0625 0.1875
vt 0.0625 0.1875
vt 0.0625 0.1875
vt 0.0625 0.1875
vt 0.0625 0.1875
vt 0.0625 0.1875
vt 0.0625 0.1875
vt 0.0625 0.1875
vt 0.0625 0.1875
vt 0.0625 0.1875
vt 0.0625 0.1875
vt 0.0625 0.1875
vt 0.3125 0.1875
vt 0.3125 0.1875
vt 0.3125 0.1875
vt 0.3125 0.1875
vt 0.498046875 0.501953125
vt 0.498046875 0.513401442
vt 0.251953125 0.513401442
vt 0.251953125 0.501953125
vt 0.498046875 0.513401442
vt 0.498046875 0.986598558
vt 0.251953125 0.986598558
vt 0.251953125 0.513401442
vt 0.498046875 0.986598558
vt 0.498046875 0.998046875
vt 0.251953125 0.998046875
vt 0.251953125 0.986598558
vt 0.1875 0.1875
vt 0.1875 0.1875
vt 0.1875 0.1875
vt 0.1875 0.1875
vt 0.251953125 0.998046875
vt 0.251953125 0.986598558
vt 0.498046875 0.986598558
vt 0.498046875 0.998046875
vt 0.251953125 0.986598558
vt 0.251953125 0.513401442
vt 0.498046875 0.513401442
vt 0.498046875 0.986598558
vt 0.251953125 0.513401442
vt 0.251953125 0.501953125
vt 0.498046875 0.501953125
vt 0.498046875 0.513401442
vt 0.9375 0.1875
vt 0.9375 0.1875
vt 0.9375 0.1875
vt 0.9375 0.1875
vt 0.9375 0.1875
vt 0.9375 0.1875
vt 0.9375 0.1875
vt 0.9375 0.1875
vt 0.9375 0.1875
vt 0.9375 0.1875
vt 0.9375 0.1875
vt 0.9375 0.1875
vt 0.9375 0.1875
vt 0.9375 0.1875
vt 0.9375 0.1875
vt 0.9375 0.1875
vt 0.9375 0.1875
vt 0.9375 0.1875
vt 0.9375 0.1875
vt 0.9375 0.1875
vt 0.9375 0.1875
vt 0.9375 0.1875
vt 0.9375 0.1875
vt 0.9375 0.1875
vt 0.9375 0.1875
vt 0.9375 0.1875
vt 0.9375 0.1875
vt 0.9375 0.1875
vt 0.9375 0.1875
vt 0.9375 0.1875
vt 0.9375 0.1875
vt 0.9375 0.1875
vt 0.9375 0.1875
vt 0.9375 0.1875
vt 0.9375 0.1875
vt 0.9375 0.1875
vt 0.9375 0.1875
vt 0.9375 0.1875
vt 0.9375 0.1875
vt 0.9375 0.1875
vt 0.9375 0.1875
vt 0.9375 0.1875
vt 0.9375 0.1875
vt 0.9375 0.1875
vt 0.9375 0.1875
vt 0.9375 0.1875
vt 0.9375 0.1875
vt 0.9375 0.1875
vt 0.9375 0.1875
vt 0.9375 0.1875
vt 0.9375 0.1875
vt 0.9375 0.1875
vt 0.9375 0.1875
vt 0.9375 0.1875
vt 0.9375 0.1875
vt 0.9375 0.1875
vt 0.9375 0.1875
vt 0.9375 0.1875
vt 0.9375 0.1875
vt 0.9375 0.1875
vt 0.9375 0.1875
vt 0.9375 0.1875
vt 0.9375 0.1875
vt 0.9375 0.1875
vt 0.9375 0.1875
vt 0.9375 0.1875
vt 0.9375 0.1875
vt 0.9375 0.1875
vt 0.9375 0.1875
vt 0.9375 0.1875
vt 0.9375 0.1875
vt 0.9375 0.1875
vt 0.9375 0.1875
vt 0.9375 0.1875
vt 0.9375 0.1875
vt 0.9375 0.1875
vt 0.9375 0.1875
vt 0.9375 0.1875
vt 0.9375 0.1875
vt 0.9375 0.1875
vt 0.9375 0.1875
vt 0.9375 0.1875
vt 0.9375 0.1875
vt 0.9375 0.1875
vt 0.9375 0.1875
vt 0.9375 0.1875
vt 0.9375 0.1875
vt 0.9375 0.1875
vt 0.9375 0.1875
vt 0.9375 0.1875
vt 0.9375 0.1875
vt 0.9375 0.1875
vt 0.9375 0.1875
vt 0.9375 0.1875
vt 0.9375 0.1875
vt 0.9375 0.1875
vt 0.9375 0.1875
vt 0.9375 0.1875
vt 0.9375 0.1875
vt 0.9375 0.1875
vt 0.9375 0.1875
vt 0.9375 0.1875
vt 0.9375 0.1875
vt 0.9375 0.1875
vt 0.9375 0.1875
vt 0.9375 0.1875
vt 0.9375 0.1875
vt 0.9375 0.1875
vt 0.9375 0.1875
vt 0.9375 0.1875
vt 0.9375 0.1875
vt 0.9375 0.1875
vt 0.9375 0.1875
vt 0.9375 0.1875
vt 0.9375 0.1875
vt 0.9375 0.1875
vt 0.9375 0.1875
vt 0.9375 0.1875
vt 0.9375 0.1875
vt 0.9375 0.1875
vt 0.9375 0.1875
vt 0.9375 0.1875
vt 0.9375 0.1875
vt 0.9375 0.1875
vt 0.9375 0.1875
vt 0.9375 0.1875
vt 0.9375 0.1875
vt 0.9375 0.1875
vt 0.9375 0.1875
vt 0.9375 0.1875
vt 0.9375 0.1875
vt 0.9375 0.1875
vt 0.9375 0.1875
vt 0.9375 0.1875
vt 0.9375 0.1875
vt 0.9375 0.1875
vt 0.9375 0.1875
vt 0.9375 0.1875
vt 0.9375 0.1875
vt 0.9375 0.1875
vt 0.9375 0.1875
vt 0.9375 0.1875
vt 0.9375 0.1875
vt 0.9375 0.1875
vt 0.9375 0.1875
vt 0.9375 0.1875
vt 0.9375 0.1875
vt 0.9375 0.1875
vt 0.9375 0.1875
vt 0.9375 0.1875
vt 0.9375 0.1875
vt 0.9375 0.1875
vt 0.9375 0.1875
vt 0.9375 0.1875
vt 0.9375 0.1875
vt 0.9375 0.1875
vt 0.9375 0.1875
vt 0.9375 0.1875
vt 0.9375 0.1875
vt 0.9375 0.1875
vt 0.9375 0.1875
vt 0.9375 0.1875
vt 0.9375 0.1875
vt 0.9375 0.1875
vt 0.9375 0.1875
vt 0.9375 0.1875
vt 0.9375 0.1875
vt 0.9375 0.1875
vt 0.9375 0.1875
vt 0.9375 0.1875
vt 0.9375 0.1875
vt 0.9375 0.1875
vt 0.9375 0.1875
vt 0.9375 0.1875
vt 0.9375 0.1875
vt 0.9375 0.1875
vt 0.9375 0.1875
vt 0.9375 0.1875
vt 0.9375 0.1875
vt 0.9375 0.1875
vt 0.9375 0.1875
vt 0.9375 0.1875
vt 0.9375 0.1875
vt 0.9375 0.1875
vt 0.9375 0.1875
vt 0.9375 0.1875
vt 0.9375 0.1875
vt 0.9375 0.1875
vt 0.9375 0.1875
vt 0.9375 0.1875
vt 0.9375 0.1875
vt 0.9375 0.1875
vt 0.9375 0.1875
vt 0.9375 0.1875
vt 0.9375 0.1875
vt 0.9375 0.1875
vt 0.9375 0.1875
vt 0.9375 0.1875
vt 0.9375 0.1875
vt 0.9375 0.1875
vt 0.9375 0.1875
vt 0.9375 0.1875
vt 0.9375 0.1875
vt 0.9375 0.1875
vt 0.0625 0.1875
vt 0.0625 0.1875
vt 0.0625 0.1875
vt 0.0625 0.1875
vt 0.0625 0.1875
vt 0.0625 0.1875
vt 0.0625 0.1875
vt 0.0625 0.1875
vt 0.0625 0.1875
vt 0.0625 0.1875
vt 0.0625 0.1875
vt 0.0625 0.1875
vt 0.0625 0.1875
vt 0.0625 0.1875
vt 0.0625 0.1875
vt 0.0625 0.1875
vt 0.0625 0.1875
vt 0.0625 0.1875
vt 0.0625 0.1875
vt 0.0625 0.1875
vt 0.0625 0.1875
vt 0.0625 0.1875
vt 0.0625 0.1875
vt 0.0625 0.1875
vt 0.0625 0.1875
vt 0.0625 0.1875
vt 0.0625 0.1875
vt 0.0625 0.1875
vt 0.0625 0.1875
vt 0.0625 0.1875
vt 0.0625 0.1875
vt 0.0625 0.1875
vt 0.0625 0.1875
vt 0.0625 0.1875
vt 0.0625 0.1875
vt 0.0625 0.1875
vt 0.3125 0.1875
vt 0.3125 0.1875
vt 0.3125 0.1875
vt 0.3125 0.1875
vt 0.3125 0.1875
vt 0.3125 0.1875
vt 0.3125 0.1875
vt 0.3125 0.1875
vt 0.0625 0.1875
vt 0.0625 0.1875
vt 0.0625 0.1875
vt 0.0625 0.1875
vt 0.0625 0.1875
vt 0.0625 0.1875
vt 0.0625 0.1875
vt 0.0625 0.1875
vt 0.1875 0.1875
vt 0.1875 0.1875
vt 0.1875 0.1875
vt 0.1875 0.1875
vt 0.0625 0.1875
vt 0.0625 0.1875
vt 0.0625 0.1875
vt 0.0625 0.1875
vt 0.0625 0.1875
vt 0.0625 0.1875
vt 0.0625 0.1875
vt 0.0625 0.1875
vt 0.3125 0.1875
vt 0.3125 0.1875
vt 0.3125 0.1875
vt 0.3125 0.1875
vt 0.979966518 0.314453125
vt 0.998046875 0.322311581
vt 0.770033482 0.314453125
vt 0.6875 0.1875
vt 0.6875 0.1875
vt 0.6875 0.1875
vt 0.998046875 0.322311581
vt 0.998046875 0.677688419
vt 0.770033482 0.314453125
vt 0.6875 0.1875
vt 0.6875 0.1875
vt 0.6875 0.1875
vt 0.998046875 0.677688419
vt 0.979966518 0.685546875
vt 0.770033482 0.314453125
vt 0.6875 0.1875
vt 0.6875 0.1875
vt 0.6875 0.1875
vt 0.979966518 0.685546875
vt 0.770033482 0.685546875
vt 0.770033482 0.314453125
vt 0.6875 0.1875
vt 0.6875 0.1875
vt 0.6875 0.1875
vt 0.770033482 0.685546875
vt 0.751953125 0.677688419
vt 0.770033482 0.314453125
vt 0.6875 0.1875
vt 0.6875 0.1875
vt 0.6875 0.1875
vt 0.751953125 0.677688419
vt 0.751953125 0.322311581
vt 0.770033482 0.314453125
vt 0.6875 0.1875
vt 0.6875 0.1875
vt 0.6875 0.1875
vt 0.6875 0.1875
vt 0.6875 0.1875
vt 0.6875 0.1875
vt 0.6875 0.1875
vt 0.6875 0.1875
vt 0.6875 0.1875
vt 0.6875 0.1875
vt 0.6875 0.1875
vt 0.6875 0.1875
vt 0.6875 0.1875
vt 0.6875 0.1875
vt 0.6875 0.1875
vt 0.6875 0.1875
vt 0.6875 0.1875
vt 0.6875 0.1875
vt 0.6875 0.1875
vt 0.6875 0.1875
vt 0.6875 0.1875
vt 0.6875 0.1875
vt 0.6875 0.1875
vt 0.6875 0.1875
vt 0.6875 0.1875
vt 0.6875 0.1875
vt 0.6875 0.1875
vt 0.6875 0.1875
vt 0.6875 0.1875
vt 0.6875 0.1875
vt 0.6875 0.1875
vt 0.6875 0.1875
vt 0.6875 0.1875
vt 0.6875 0.1875
vt 0.6875 0.1875
vt 0.8125 0.1875
vt 0.8125 0.1875
vt 0.8125 0.1875
vt 0.8125 0.1875
vt 0.8125 0.1875
vt 0.8125 0.1875
vt 0.8125 0.1875
vt 0.8125 0.1875
vt 0.8125 0.1875
vt 0.8125 0.1875
vt 0.8125 0.1875
vt 0.8125 0.1875
vt 0.8125 0.1875
vt 0.8125 0.1875
vt 0.8125 0.1875
vt 0.8125 0.1875
vt 0.8125 0.1875
vt 0.8125 0.1875
vt 0.8125 0.1875
vt 0.8125 0.1875
vt 0.8125 0.1875
vt 0.8125 0.1875
vt 0.8125 0.1875
vt 0.8125 0.1875
vt 0.8125 0.1875
vt 0.8125 0.1875
vt 0.8125 0.1875
vt 0.8125 0.1875
vt 0.8125 0.1875
vt 0.8125 0.1875
vt 0.8125 0.1875
vt 0.8125 0.1875
vt 0.8125 0.1875
vt 0.8125 0.1875
vt 0.8125 0.1875
vt 0.8125 0.1875
vt 0.8125 0.1875
vt 0.8125 0.1875
vt 0.8125 0.1875
vt 0.8125 0.1875
vt 0.8125 0.1875
vt 0.8125 0.1875
vt 0.8125 0.1875
vt 0.8125 0.1875
vt 0.8125 0.1875
vt 0.8125 0.1875
vt 0.8125 0.1875
vt 0.8125 0.1875
vt 0.8125 0.1875
vt 0.8125 0.1875
vt 0.8125 0.1875
vt 0.8125 0.1875
vt 0.8125 0.1875
vt 0.8125 0.1875
vt 0.8125 0.1875
vt 0.8125 0.1875
vt 0.8125 0.1875
vt 0.8125 0.1875
vt 0.8125 0.1875
vt 0.8125 0.1875
vt 0.8125 0.1875
vt 0.8125 0.1875
vt 0.8125 0.1875
vt 0.8125 0.1875
vt 0.8125 0.1875
vt 0.8125 0.1875
vt 0.8125 0.1875
vt 0.8125 0.1875
vt 0.473067434 0.5078125
vt 0.4921875 0.5310625
vt 0.0269325658 0.5078125
vt 0.0078125 0.5310625
vt 0.0269325658 0.5078125
vt 0.473067434 0.5078125
vt 0.4921875 0.5310625
vt 0.4921875 0.9689375
vt 0.0269325658 0.5078125
vt 0.0078125 0.9689375
vt 0.0078125 0.5310625
vt 0.473067434 0.5078125
vt 0.4921875 0.9689375
vt 0.473067434 0.9921875
vt 0.0269325658 0.5078125
vt 0.0269325658 0.9921875
vt 0.0078125 0.9689375
vt 0.473067434 0.5078125
vt 0.473067434 0.9921875
vt 0.0269325658 0.9921875
vt 0.0269325658 0.5078125
vt 0.473067434 0.9921875
vt 0.0269325658 0.9921875
vt 0.473067434 0.5078125
vt 0.0269325658 0.9921875
vt 0.0078125 0.9689375
vt 0.0269325658 0.5078125
vt 0.4921875 0.9689375
vt 0.473067434 0.9921875
vt 0.473067434 0.5078125
vt 0.0078125 0.9689375
vt 0.0078125 0.5310625
vt 0.0269325658 0.5078125
vt 0.4921875 0.5310625
vt 0.4921875 0.9689375
vt 0.473067434 0.5078125
vt 0.0269325658 0.9921875
vt 0.473067434 0.9921875
vt 0.473067434 0.5078125
vt 0.0269325658 0.5078125
vt 0.4921875 0.5078125
vt 0.4921875 0.5310625
vt 0.0078125 0.5310625
vt 0.0078125 0.5078125
vt 0.4921875 0.5310625
vt 0.4921875 0.9689375
vt 0.0078125 0.9689375
vt 0.0078125 0.5310625
vt 0.4921875 0.9689375
vt 0.4921875 0.9921875
vt 0.0078125 0.9921875
vt 0.0078125 0.9689375
vt 0.473067434 0.9921875
vt 0.0269325658 0.9921875
vt 0.0269325658 0.5078125
vt 0.473067434 0.5078125
vt 0.0078125 0.9921875
vt 0.0078125 0.9689375
vt 0.4921875 0.9689375
vt 0.4921875 0.9921875
vt 0.0078125 0.9689375
vt 0.0078125 0.5310625
vt 0.4921875 0.5310625
vt 0.4921875 0.9689375
vt 0.0078125 0.5310625
vt 0.0078125 0.5078125
vt 0.4921875 0.5078125
vt 0.4921875 0.5310625
vt 0.95261102 0.5390625
vt 0.9609375 0.629464286
vt 0.54738898 0.5390625
vt 0.5390625 0.629464286
vt 0.54738898 0.5390625
vt 0.95261102 0.5390625
vt 0.9609375 0.629464286
vt 0.9609375 0.870535714
vt 0.54738898 0.5390625
vt 0.5390625 0.870535714
vt 0.5390625 0.629464286
vt 0.95261102 0.5390625
vt 0.9609375 0.870535714
vt 0.95261102 0.9609375
vt 0.54738898 0.5390625
vt 0.54738898 0.9609375
vt 0.5390625 0.870535714
vt 0.95261102 0.5390625
vt 0.95261102 0.9609375
vt 0.54738898 0.9609375
vt 0.54738898 0.5390625
vt 0.95261102 0.9609375
vt 0.54738898 0.9609375
vt 0.95261102 0.5390625
vt 0.54738898 0.9609375
vt 0.5390625 0.870535714
vt 0.54738898 0.5390625
vt 0.9609375 0.870535714
vt 0.95261102 0.9609375
vt 0.95261102 0.5390625
vt 0.5390625 0.870535714
vt 0.5390625 0.629464286
vt 0.54738898 0.5390625
vt 0.9609375 0.629464286
vt 0.9609375 0.870535714
vt 0.95261102 0.5390625
vt 0.54738898 0.9609375
vt 0.95261102 0.9609375
vt 0.95261102 0.5390625
vt 0.54738898 0.5390625
vt 0.9609375 0.5390625
vt 0.9609375 0.629464286
vt 0.5390625 0.629464286
vt 0.5390625 0.5390625
vt 0.9609375 0.629464286
vt 0.9609375 0.870535714
vt 0.5390625 0.870535714
vt 0.5390625 0.629464286
vt 0.9609375 0.870535714
vt 0.9609375 0.9609375
vt 0.5390625 0.9609375
vt 0.5390625 0.870535714
vt 0.95261102 0.9609375
vt 0.54738898 0.9609375
vt 0.54738898 0.5390625
vt 0.95261102 0.5390625
vt 0.5390625 0.9609375
vt 0.5390625 0.870535714
vt 0.9609375 0.870535714
vt 0.9609375 0.9609375
vt 0.5390625 0.870535714
vt 0.5390625 0.629464286
vt 0.9609375 0.629464286
vt 0.9609375 0.870535714
vt 0.5390625 0.629464286
vt 0.5390625 0.5390625
vt 0.9609375 0.5390625
vt 0.9609375 0.629464286
vt 0.0625 0.1875
vt 0.0625 0.1875
vt 0.0625 0.1875
vt 0.0625 0.1875
vt 0.0625 0.1875
vt 0.0625 0.1875
vt 0.0625 0.1875
vt 0.0625 0.1875
vt 0.0625 0.1875
vt 0.0625 0.1875
vt 0.0625 0.1875
vt 0.0625 0.1875
vt 0.0625 0.1875
vt 0.0625 0.1875
vt 0.0625 0.1875
vt 0.0625 0.1875
vt 0.0625 0.1875
vt 0.0625 0.1875
vt 0.0625 0.1875
vt 0.0625 0.1875
vt 0.0625 0.1875
vt 0.0625 0.1875
vt 0.0625 0.1875
vt 0.0625 0.1875
vt 0.0625 0.1875
vt 0.0625 0.1875
vt 0.0625 0.1875
vt 0.0625 0.1875
vt 0.0625 0.1875
vt 0.0625 0.1875
vt 0.0625 0.1875
vt 0.0625 0.1875
vt 0.0625 0.1875
vt 0.0625 0.1875
vt 0.0625 0.1875
vt 0.0625 0.1875
vt 0.3125 0.1875
vt 0.3125 0.1875
vt 0.3125 0.1875
vt 0.3125 0.1875
vt 0.0625 0.1875
vt 0.0625 0.1875
vt 0.0625 0.1875
vt 0.0625 0.1875
vt 0.0625 0.1875
vt 0.0625 0.1875
vt 0.0625 0.1875
vt 0.0625 0.1875
vt 0.0625 0.1875
vt 0.0625 0.1875
vt 0.0625 0.1875
vt 0.0625 0.1875
vt 0.1875 0.1875
vt 0.1875 0.1875
vt 0.1875 0.1875
vt 0.1875 0.1875
vt 0.0625 0.1875
vt 0.0625 0.1875
vt 0.0625 0.1875
vt 0.0625 0.1875
vt 0.0625 0.1875
vt 0.0625 0.1875
vt 0.0625 0.1875
vt 0.0625 0.1875
vt 0.0625 0.1875
vt 0.0625 0.1875
vt 0.0625 0.1875
vt 0.0625 0.1875
vt 0.1875 0.0625
vt 0.1875 0.0625
vt 0.1875 0.0625
vt 0.1875 0.0625
vt 0.1875 0.0625
vt 0.1875 0.0625
vt 0.1875 0.0625
vt 0.1875 0.0625
vt 0.1875 0.0625
vt 0.1875 0.0625
vt 0.1875 0.0625
vt 0.1875 0.0625
vt 0.1875 0.0625
vt 0.1875 0.0625
vt 0.1875 0.0625
vt 0.1875 0.0625
vt 0.1875 0.0625
vt 0.1875 0.0625
vt 0.1875 0.0625
vt 0.1875 0.0625
vt 0.1875 0.0625
vt 0.1875 0.0625
vt 0.1875 0.0625
vt 0.1875 0.0625
vt 0.1875 0.0625
vt 0.1875 0.0625
vt 0.1875 0.0625
vt 0.1875 0.0625
vt 0.1875 0.0625
vt 0.1875 0.0625
vt 0.1875 0.0625
vt 0.1875 0.0625
vt 0.1875 0.0625
vt 0.1875 0.0625
vt 0.1875 0.0625
vt 0.1875 0.0625
vt 0.1875 0.0625
vt 0.1875 0.0625
vt 0.1875 0.0625
vt 0.1875 0.0625
vt 0.1875 0.0625
vt 0.1875 0.0625
vt 0.1875 0.0625
vt 0.1875 0.0625
vt 0.1875 0.0625
vt 0.1875 0.0625
vt 0.1875 0.0625
vt 0.1875 0.0625
vt 0.1875 0.0625
vt 0.1875 0.0625
vt 0.1875 0.0625
vt 0.1875 0.0625
vt 0.1875 0.0625
vt 0.1875 0.0625
vt 0.1875 0.0625
vt 0.1875 0.0625
vt 0.1875 0.0625
vt 0.1875 0.0625
vt 0.1875 0.0625
vt 0.1875 0.0625
vt 0.1875 0.0625
vt 0.1875 0.0625
vt 0.1875 0.0625
vt 0.1875 0.0625
vt 0.1875 0.0625
vt 0.1875 0.0625
vt 0.1875 0.0625
vt 0.1875 0.0625
vt 0.1875 0.0625
vt 0.1875 0.0625
vt 0.1875 0.0625
vt 0.1875 0.0625
vt 0.1875 0.0625
vt 0.1875 0.0625
vt 0.1875 0.0625
vt 0.1875 0.0625
vt 0.1875 0.0625
vt 0.1875 0.0625
vt 0.1875 0.0625
vt 0.1875 0.0625
vt 0.1875 0.0625
vt 0.1875 0.0625
vt 0.1875 0.0625
vt 0.1875 0.0625
vt 0.1875 0.0625
vt 0.1875 0.0625
vt 0.1875 0.0625
vt 0.1875 0.0625
vt 0.1875 0.0625
vt 0.1875 0.0625
vt 0.1875 0.0625
vt 0.1875 0.0625
vt 0.1875 0.0625
vt 0.1875 0.0625
vt 0.1875 0.0625
vt 0.1875 0.0625
vt 0.1875 0.0625
vt 0.1875 0.0625
vt 0.1875 0.0625
vt 0.1875 0.0625
vt 0.1875 0.0625
vt 0.1875 0.0625
vt 0.1875 0.0625
vt 0.1875 0.0625
vt 0.1875 0.0625
vt 0.1875 0.0625
vt 0.1875 0.0625
vt 0.1875 0.0625
vt 0.1875 0.0625
vt 0.1875 0.0625
vt 0.1875 0.0625
vt 0.1875 0.0625
vt 0.1875 0.0625
vt 0.1875 0.0625
vt 0.1875 0.0625
vt 0.1875 0.0625
vt 0.1875 0.0625
vt 0.1875 0.0625
vt 0.1875 0.0625
vt 0.1875 0.0625
vt 0.1875 0.0625
vt 0.1875 0.0625
vt 0.1875 0.0625
vt 0.1875 0.0625
vt 0.1875 0.0625
vt 0.1875 0.0625
vt 0.1875 0.0625
vt 0.1875 0.0625
vt 0.1875 0.0625
vt 0.1875 0.0625
vt 0.1875 0.0625
vt 0.1875 0.0625
vt 0.1875 0.0625
vt 0.1875 0.0625
vt 0.1875 0.0625
vt 0.1875 0.0625
vt 0.1875 0.0625
vt 0.1875 0.0625
vt 0.1875 0.0625
vt 0.1875 0.0625
vt 0.1875 0.0625
vt 0.1875 0.0625
vt 0.1875 0.0625
vt 0.1875 0.0625
vt 0.1875 0.0625
vt 0.1875 0.0625
vt 0.1875 0.0625
vt 0.1875 0.0625
vt 0.1875 0.0625
vt 0.1875 0.0625
vt 0.1875 0.0625
vt 0.1875 0.0625
vt 0.1875 0.0625
vt 0.1875 0.0625
vt 0.1875 0.0625
vt 0.1875 0.0625
vt 0.1875 0.0625
vt 0.1875 0.0625
vt 0.1875 0.0625
vt 0.1875 0.0625
vt 0.1875 0.0625
vt 0.1875 0.0625
vt 0.1875 0.0625
vt 0.1875 0.0625
vt 0.1875 0.0625
vt 0.1875 0.0625
vt 0.1875 0.0625
vt 0.1875 0.0625
vt 0.1875 0.0625
vt 0.1875 0.0625
vt 0.1875 0.0625
vt 0.1875 0.0625
vt 0.1875 0.0625
vt 0.1875 0.0625
vt 0.1875 0.0625
vt 0.1875 0.0625
vt 0.1875 0.0625
vt 0.1875 0.0625
vt 0.1875 0.0625
vt 0.1875 0.0625
vt 0.1875 0.0625
vt 0.1875 0.0625
vt 0.1875 0.0625
vt 0.1875 0.0625
vt 0.1875 0.0625
vt 0.1875 0.0625
vt 0.1875 0.0625
vt 0.1875 0.0625
vt 0.1875 0.0625
vt 0.1875 0.0625
vt 0.1875 0.0625
vt 0.1875 0.0625
vt 0.1875 0.0625
vt 0.1875 0.0625
vt 0.1875 0.0625
vt 0.1875 0.0625
vt 0.1875 0.0625
vt 0.1875 0.0625
vt 0.1875 0.0625
vt 0.1875 0.0625
vt 0.1875 0.0625
vt 0.1875 0.0625
vt 0.1875 0.0625
vt 0.1875 0.0625
vt 0.1875 0.0625
vt 0.1875 0.0625
vt 0.1875 0.0625
vt 0.1875 0.0625
vt 0.1875 0.0625
vt 0.1875 0.0625
vt 0.1875 0.0625
vt 0.1875 0.0625
vt 0.1875 0.0625
vt 0.1875 0.0625
vt 0.1875 0.0625
vt 0.1875 0.0625
vt 0.1875 0.0625
vt 0.1875 0.0625
vt 0.1875 0.0625
vt 0.1875 0.0625
vt 0.1875 0.0625
vt 0.1875 0.0625
vt 0.1875 0.0625
vt 0.1875 0.0625
vt 0.1875 0.0625
vt 0.1875 0.0625
vt 0.1875 0.0625
vt 0.1875 0.0625
vt 0.1875 0.0625
vt 0.1875 0.0625
vt 0.1875 0.0625
vt 0.1875 0.0625
vt 0.1875 0.0625
vt 0.1875 0.0625
vt 0.1875 0.0625
vt 0.1875 0.0625
vt 0.1875 0.0625
vt 0.1875 0.0625
vt 0.1875 0.0625
vt 0.1875 0.0625
vt 0.1875 0.0625
vt 0.1875 0.0625
vt 0.1875 0.0625
vt 0.1875 0.0625
vt 0.1875 0.0625
vt 0.1875 0.0625
vt 0.1875 0.0625
vt 0.1875 0.0625
vt 0.1875 0.0625
vt 0.1875 0.0625
vt 0.1875 0.0625
vt 0.1875 0.0625
vt 0.1875 0.0625
vt 0.1875 0.0625
vt 0.1875 0.0625
vt 0.1875 0.0625
vt 0.1875 0.0625
vt 0.1875 0.0625
vt 0.1875 0.0625
vt 0.1875 0.0625
vt 0.1875 0.0625
vt 0.1875 0.0625
vt 0.1875 0.0625
vt 0.1875 0.0625
vt 0.1875 0.0625
vt 0.1875 0.0625
vt 0.1875 0.0625
vt 0.1875 0.0625
vt 0.1875 0.0625
vt 0.1875 0.0625
vt 0.1875 0.0625
vt 0.1875 0.0625
vt 0.1875 0.0625
vt 0.1875 0.0625
vt 0.1875 0.0625
vt 0.1875 0.0625
vt 0.1875 0.0625
vt 0.1875 0.0625
vt 0.1875 0.0625
vt 0.1875 0.0625
vt 0.1875 0.0625
vt 0.1875 0.0625
vt 0.1875 0.0625
vt 0.1875 0.0625
vt 0.1875 0.0625
vt 0.1875 0.0625
vt 0.1875 0.0625
vt 0.1875 0.0625
vt 0.1875 0.0625
vt 0.1875 0.0625
vt 0.1875 0.0625
vt 0.1875 0.0625
vt 0.1875 0.0625
vt 0.1875 0.0625
vt 0.1875 0.0625
vt 0.1875 0.0625
vt 0.1875 0.0625
vt 0.1875 0.0625
vt 0.1875 0.0625
vt 0.1875 0.0625
vt 0.1875 0.0625
vt 0.1875 0.0625
vt 0.1875 0.0625
vt 0.1875 0.0625
vt 0.1875 0.0625
vt 0.1875 0.0625
vt 0.1875 0.0625
vt 0.1875 0.0625
vt 0.1875 0.0625
vt 0.1875 0.0625
vt 0.1875 0.0625
vt 0.1875 0.0625
vt 0.1875 0.0625
vt 0.1875 0.0625
vt 0.1875 0.0625
vt 0.1875 0.0625
vt 0.1875 0.0625
vt 0.1875 0.0625
vt 0.1875 0.0625
vt 0.1875 0.0625
vt 0.1875 0.0625
vt 0.1875 0.0625
vt 0.1875 0.0625
vt 0.1875 0.0625
vt 0.1875 0.0625
vt 0.1875 0.0625
vt 0.1875 0.0625
vt 0.1875 0.0625
vt 0.1875 0.0625
vt 0.1875 0.0625
vt 0.1875 0.0625
vt 0.1875 0.0625
vt 0.1875 0.0625
vt 0.1875 0.0625
vt 0.1875 0.0625
vt 0.1875 0.0625
vt 0.1875 0.0625
vt 0.1875 0.0625
vt 0.1875 0.0625
vt 0.1875 0.0625
vt 0.1875 0.0625
vt 0.1875 0.0625
vt 0.1875 0.0625
vt 0.1875 0.0625
vt 0.1875 0.0625
vt 0.1875 0.0625
vt 0.1875 0.0625
vt 0.1875 0.0625
vt 0.1875 0.0625
vt 0.1875 0.0625
vt 0.1875 0.0625
vt 0.1875 0.0625
vt 0.1875 0.0625
vt 0.1875 0.0625
vt 0.1875 0.0625
vt 0.1875 0.0625
vt 0.1875 0.0625
vt 0.1875 0.0625
vt 0.1875 0.0625
vt 0.1875 0.0625
vt 0.1875 0.0625
vt 0.1875 0.0625
vt 0.1875 0.0625
vt 0.1875 0.0625
vt 0.1875 0.0625
vt 0.1875 0.0625
vt 0.1875 0.0625
vt 0.1875 0.0625
vt 0.1875 0.0625
vt 0.1875 0.0625
vt 0.1875 0.0625
vt 0.1875 0.0625
vt 0.1875 0.0625
vt 0.1875 0.0625
vt 0.1875 0.0625
vt 0.1875 0.0625
vt 0.1875 0.0625
vt 0.1875 0.0625
vt 0.1875 0.0625
vt 0.1875 0.0625
vt 0.1875 0.0625
vt 0.1875 0.0625
vt 0.1875 0.0625
vt 0.1875 0.0625
vt 0.1875 0.0625
vt 0.1875 0.0625
vt 0.1875 0.0625
vt 0.1875 0.0625
vt 0.1875 0.0625
vt 0.1875 0.0625
vt 0.1875 0.0625
vt 0.1875 0.0625
vt 0.1875 0.0625
vt 0.1875 0.0625
vt 0.1875 0.0625
vt 0.1875 0.0625
vt 0.1875 0.0625
vt 0.1875 0.0625
vt 0.1875 0.0625
vt 0.1875 0.0625
vt 0.1875 0.0625
vt 0.1875 0.0625
vt 0.1875 0.0625
vt 0.1875 0.0625
vt 0.1875 0.0625
vt 0.1875 0.0625
vt 0.1875 0.0625
vt 0.1875 0.0625
vt 0.8125 0.1875
vt 0.8125 0.1875
vt 0.8125 0.1875
vt 0.8125 0.1875
vt 0.8125 0.1875
vt 0.8125 0.1875
vt 0.8125 0.1875
vt 0.8125 0.1875
vt 0.8125 0.1875
vt 0.8125 0.1875
vt 0.8125 0.1875
vt 0.8125 0.1875
vt 0.8125 0.1875
vt 0.8125 0.1875
vt 0.8125 0.1875
vt 0.8125 0.1875
vt 0.8125 0.1875
vt 0.8125 0.1875
vt 0.8125 0.1875
vt 0.8125 0.1875
vt 0.8125 0.1875
vt 0.8125 0.1875
vt 0.8125 0.1875
vt 0.8125 0.1875
vt 0.8125 0.1875
vt 0.8125 0.1875
vt 0.8125 0.1875
vt 0.8125 0.1875
vt 0.8125 0.1875
vt 0.8125 0.1875
vt 0.8125 0.1875
vt 0.8125 0.1875
vt 0.8125 0.1875
vt 0.8125 0.1875
vt 0.8125 0.1875
vt 0.8125 0.1875
vt 0.8125 0.1875
vt 0.8125 0.1875
vt 0.8125 0.1875
vt 0.8125 0.1875
vt 0.8125 0.1875
vt 0.8125 0.1875
vt 0.8125 0.1875
vt 0.8125 0.1875
vt 0.8125 0.1875
vt 0.8125 0.1875
vt 0.8125 0.1875
vt 0.8125 0.1875
vt 0.8125 0.1875
vt 0.8125 0.1875
vt 0.8125 0.1875
vt 0.8125 0.1875
vt 0.8125 0.1875
vt 0.8125 0.1875
vt 0.8125 0.1875
vt 0.8125 0.1875
vt 0.8125 0.1875
vt 0.8125 0.1875
vt 0.8125 0.1875
vt 0.8125 0.1875
vt 0.8125 0.1875
vt 0.8125 0.1875
vt 0.8125 0.1875
vt 0.8125 0.1875
vt 0.8125 0.1875
vt 0.8125 0.1875
vt 0.8125 0.1875
vt 0.8125 0.1875
vt 0.9375 0.1875
vt 0.9375 0.1875
vt 0.9375 0.1875
vt 0.9375 0.1875
vt 0.9375 0.1875
vt 0.9375 0.1875
vt 0.9375 0.1875
vt 0.9375 0.1875
vt 0.9375 0.1875
vt 0.9375 0.1875
vt 0.9375 0.1875
vt 0.9375 0.1875
vt 0.9375 0.1875
vt 0.9375 0.1875
vt 0.9375 0.1875
vt 0.9375 0.1875
vt 0.9375 0.1875
vt 0.9375 0.1875
vt 0.9375 0.1875
vt 0.9375 0.1875
vt 0.9375 0.1875
vt 0.9375 0.1875
vt 0.9375 0.1875
vt 0.9375 0.1875
vt 0.9375 0.1875
vt 0.9375 0.1875
vt 0.9375 0.1875
vt 0.9375 0.1875
vt 0.9375 0.1875
vt 0.9375 0.1875
vt 0.9375 0.1875
vt 0.9375 0.1875
vt 0.9375 0.1875
vt 0.9375 0.1875
vt 0.9375 0.1875
vt 0.9375 0.1875
vt 0.9375 0.1875
vt 0.9375 0.1875
vt 0.9375 0.1875
vt 0.9375 0.1875
vt 0.9375 0.1875
vt 0.9375 0.1875
vt 0.9375 0.1875
vt 0.9375 0.1875
vt 0.9375 0.1875
vt 0.9375 0.1875
vt 0.9375 0.1875
vt 0.9375 0.1875
vt 0.9375 0.1875
vt 0.9375 0.1875
vt 0.9375 0.1875
vt 0.9375 0.1875
vt 0.9375 0.1875
vt 0.9375 0.1875
vt 0.9375 0.1875
vt 0.9375 0.1875
vt 0.9375 0.1875
vt 0.9375 0.1875
vt 0.9375 0.1875
vt 0.9375 0.1875
vt 0.9375 0.1875
vt 0.9375 0.1875
vt 0.9375 0.1875
vt 0.9375 0.1875
vt 0.9375 0.1875
vt 0.9375 0.1875
vt 0.9375 0.1875
vt 0.9375 0.1875
vt 0.9375 0.1875
vt 0.9375 0.1875
vt 0.9375 0.1875
vt 0.9375 0.1875
vt 0.9375 0.1875
vt 0.9375 0.1875
vt 0.9375 0.1875
vt 0.9375 0.1875
vt 0.9375 0.1875
vt 0.9375 0.1875
vt 0.9375 0.1875
vt 0.9375 0.1875
vt 0.9375 0.1875
vt 0.9375 0.1875
vt 0.9375 0.1875
vt 0.9375 0.1875
vt 0.9375 0.1875
vt 0.9375 0.1875
vt 0.9375 0.1875
vt 0.9375 0.1875
vt 0.9375 0.1875
vt 0.9375 0.1875
vt 0.9375 0.1875
vt 0.9375 0.1875
vt 0.9375 0.1875
vt 0.9375 0.1875
vt 0.9375 0.1875
vt 0.9375 0.1875
vt 0.9375 0.1875
vt 0.9375 0.1875
vt 0.9375 0.1875
vt 0.9375 0.1875
vt 0.9375 0.1875
vt 0.9375 0.1875
vt 0.9375 0.1875
vt 0.9375 0.1875
vt 0.9375 0.1875
vt 0.9375 0.1875
vt 0.9375 0.1875
vt 0.9375 0.1875
vt 0.9375 0.1875
vt 0.9375 0.1875
vt 0.9375 0.1875
vt 0.9375 0.1875
vt 0.9375 0.1875
vt 0.9375 0.1875
vt 0.9375 0.1875
vt 0.9375 0.1875
vt 0.9375 0.1875
vt 0.9375 0.1875
vt 0.9375 0.1875
vt 0.9375 0.1875
vt 0.9375 0.1875
vt 0.9375 0.1875
vt 0.9375 0.1875
vt 0.9375 0.1875
vt 0.9375 0.1875
vt 0.9375 0.1875
vt 0.9375 0.1875
vt 0.9375 0.1875
vt 0.9375 0.1875
vt 0.9375 0.1875
vt 0.9375 0.1875
vt 0.9375 0.1875
vt 0.9375 0.1875
vt 0.9375 0.1875
vt 0.9375 0.1875
vt 0.9375 0.1875
vt 0.742007765 0.314453125
vt 0.748046875 0.340959821
vt 0.507992235 0.314453125
vt 0.6875 0.1875
vt 0.6875 0.1875
vt 0.6875 0.1875
vt 0.748046875 0.340959821
vt 0.748046875 0.659040179
vt 0.507992235 0.314453125
vt 0.6875 0.1875
vt 0.6875 0.1875
vt 0.6875 0.1875
vt 0.748046875 0.659040179
vt 0.742007765 0.685546875
vt 0.507992235 0.314453125
vt 0.6875 0.1875
vt 0.6875 0.1875
vt 0.6875 0.1875
vt 0.742007765 0.685546875
vt 0.507992235 0.685546875
vt 0.507992235 0.314453125
vt 0.6875 0.1875
vt 0.6875 0.1875
vt 0.6875 0.1875
vt 0.507992235 0.685546875
vt 0.501953125 0.659040179
vt 0.507992235 0.314453125
vt 0.6875 0.1875
vt 0.6875 0.1875
vt 0.6875 0.1875
vt 0.501953125 0.659040179
vt 0.501953125 0.340959821
vt 0.507992235 0.314453125
vt 0.6875 0.1875
vt 0.6875 0.1875
vt 0.6875 0.1875
vt 0.6875 0.1875
vt 0.6875 0.1875
vt 0.6875 0.1875
vt 0.6875 0.1875
vt 0.6875 0.1875
vt 0.6875 0.1875
vt 0.6875 0.1875
vt 0.6875 0.1875
vt 0.6875 0.1875
vt 0.6875 0.1875
vt 0.6875 0.1875
vt 0.6875 0.1875
vt 0.6875 0.1875
vt 0.6875 0.1875
vt 0.6875 0.1875
vt 0.6875 0.1875
vt 0.6875 0.1875
vt 0.6875 0.1875
vt 0.6875 0.1875
vt 0.6875 0.1875
vt 0.6875 0.1875
vt 0.6875 0.1875
vt 0.6875 0.1875
vt 0.6875 0.1875
vt 0.6875 0.1875
vt 0.6875 0.1875
vt 0.6875 0.1875
vt 0.6875 0.1875
vt 0.6875 0.1875
vt 0.6875 0.1875
vt 0.6875 0.1875
vt 0.6875 0.1875
vt 0.742007765 0.314453125
vt 0.748046875 0.3515625
vt 0.507992235 0.314453125
vt 0.6875 0.1875
vt 0.6875 0.1875
vt 0.6875 0.1875
vt 0.748046875 0.3515625
vt 0.748046875 0.6484375
vt 0.507992235 0.314453125
vt 0.6875 0.1875
vt 0.6875 0.1875
vt 0.6875 0.1875
vt 0.748046875 0.6484375
vt 0.742007765 0.685546875
vt 0.507992235 0.314453125
vt 0.6875 0.1875
vt 0.6875 0.1875
vt 0.6875 0.1875
vt 0.742007765 0.685546875
vt 0.507992235 0.685546875
vt 0.507992235 0.314453125
vt 0.6875 0.1875
vt 0.6875 0.1875
vt 0.6875 0.1875
vt 0.507992235 0.685546875
vt 0.501953125 0.6484375
vt 0.507992235 0.314453125
vt 0.6875 0.1875
vt 0.6875 0.1875
vt 0.6875 0.1875
vt 0.501953125 0.6484375
vt 0.501953125 0.3515625
vt 0.507992235 0.314453125
vt 0.6875 0.1875
vt 0.6875 0.1875
vt 0.6875 0.1875
vt 0.6875 0.1875
vt 0.6875 0.1875
vt 0.6875 0.1875
vt 0.6875 0.1875
vt 0.6875 0.1875
vt 0.6875 0.1875
vt 0.6875 0.1875
vt 0.6875 0.1875
vt 0.6875 0.1875
vt 0.6875 0.1875
vt 0.6875 0.1875
vt 0.6875 0.1875
vt 0.6875 0.1875
vt 0.6875 0.1875
vt 0.6875 0.1875
vt 0.6875 0.1875
vt 0.6875 0.1875
vt 0.6875 0.1875
vt 0.6875 0.1875
vt 0.6875 0.1875
vt 0.6875 0.1875
vt 0.6875 0.1875
vt 0.6875 0.1875
vt 0.6875 0.1875
vt 0.6875 0.1875
vt 0.6875 0.1875
vt 0.6875 0.1875
vt 0.6875 0.1875
vt 0.6875 0.1875
vt 0.6875 0.1875
vt 0.6875 0.1875
vt 0.6875 0.1875
vt 0.959967672 0.0390625
vt 0.9609375 0.0886948529
vt 0.540032328 0.0390625
vt 0.5390625 0.0886948529
vt 0.540032328 0.0390625
vt 0.959967672 0.0390625
vt 0.9609375 0.0886948529
vt 0.9609375 0.411305147
vt 0.540032328 0.0390625
vt 0.5390625 0.411305147
vt 0.5390625 0.0886948529
vt 0.959967672 0.0390625
vt 0.9609375 0.411305147
vt 0.959967672 0.4609375
vt 0.540032328 0.0390625
vt 0.540032328 0.4609375
vt 0.5390625 0.411305147
vt 0.959967672 0.0390625
vt 0.959967672 0.4609375
vt 0.540032328 0.4609375
vt 0.540032328 0.0390625
vt 0.959967672 0.4609375
vt 0.540032328 0.4609375
vt 0.959967672 0.0390625
vt 0.540032328 0.4609375
vt 0.5390625 0.411305147
vt 0.540032328 0.0390625
vt 0.9609375 0.411305147
vt 0.959967672 0.4609375
vt 0.959967672 0.0390625
vt 0.5390625 0.411305147
vt 0.5390625 0.0886948529
vt 0.540032328 0.0390625
vt 0.9609375 0.0886948529
vt 0.9609375 0.411305147
vt 0.959967672 0.0390625
vt 0.540032328 0.4609375
vt 0.959967672 0.4609375
vt 0.959967672 0.0390625
vt 0.540032328 0.0390625
vt 0.9609375 0.0390625
vt 0.9609375 0.0886948529
vt 0.5390625 0.0886948529
vt 0.5390625 0.0390625
vt 0.9609375 0.0886948529
vt 0.9609375 0.411305147
vt 0.5390625 0.411305147
vt 0.5390625 0.0886948529
vt 0.9609375 0.411305147
vt 0.9609375 0.4609375
vt 0.5390625 0.4609375
vt 0.5390625 0.411305147
vt 0.959967672 0.4609375
vt 0.540032328 0.4609375
vt 0.540032328 0.0390625
vt 0.959967672 0.0390625
vt 0.5390625 0.4609375
vt 0.5390625 0.411305147
vt 0.9609375 0.411305147
vt 0.9609375 0.4609375
vt 0.5390625 0.411305147
vt 0.5390625 0.0886948529
vt 0.9609375 0.0886948529
vt 0.9609375 0.411305147
vt 0.5390625 0.0886948529
vt 0.5390625 0.0390625
vt 0.9609375 0.0390625
vt 0.9609375 0.0886948529
vt 0.8125 0.1875
vt 0.8125 0.1875
vt 0.8125 0.1875
vt 0.8125 0.1875
vt 0.8125 0.1875
vt 0.8125 0.1875
vt 0.8125 0.1875
vt 0.8125 0.1875
vt 0.8125 0.1875
vt 0.8125 0.1875
vt 0.8125 0.1875
vt 0.8125 0.1875
vt 0.8125 0.1875
vt 0.8125 0.1875
vt 0.8125 0.1875
vt 0.8125 0.1875
vt 0.8125 0.1875
vt 0.8125 0.1875
vt 0.8125 0.1875
vt 0.8125 0.1875
vt 0.8125 0.1875
vt 0.8125 0.1875
vt 0.8125 0.1875
vt 0.8125 0.1875
vt 0.8125 0.1875
vt 0.8125 0.1875
vt 0.8125 0.1875
vt 0.8125 0.1875
vt 0.8125 0.1875
vt 0.8125 0.1875
vt 0.8125 0.1875
vt 0.8125 0.1875
vt 0.8125 0.1875
vt 0.8125 0.1875
vt 0.8125 0.1875
vt 0.8125 0.1875
vt 0.8125 0.1875
vt 0.8125 0.1875
vt 0.8125 0.1875
vt 0.8125 0.1875
vt 0.8125 0.1875
vt 0.8125 0.1875
vt 0.8125 0.1875
vt 0.8125 0.1875
vt 0.8125 0.1875
vt 0.8125 0.1875
vt 0.8125 0.1875
vt 0.8125 0.1875
vt 0.8125 0.1875
vt 0.8125 0.1875
vt 0.8125 0.1875
vt 0.8125 0.1875
vt 0.8125 0.1875
vt 0.8125 0.1875
vt 0.8125 0.1875
vt 0.8125 0.1875
vt 0.8125 0.1875
vt 0.8125 0.1875
vt 0.8125 0.1875
vt 0.8125 0.1875
vt 0.8125 0.1875
vt 0.8125 0.1875
vt 0.8125 0.1875
vt 0.8125 0.1875
vt 0.8125 0.1875
vt 0.8125 0.1875
vt 0.8125 0.1875
vt 0.8125 0.1875
vt 0.931842672 0.5390625
vt 0.9609375 0.6796875
vt 0.568157328 0.5390625
vt 0.5390625 0.6796875
vt 0.568157328 0.5390625
vt 0.931842672 0.5390625
vt 0.9609375 0.6796875
vt 0.9609375 0.8203125
vt 0.568157328 0.5390625
vt 0.5390625 0.8203125
vt 0.5390625 0.6796875
vt 0.931842672 0.5390625
vt 0.9609375 0.8203125
vt 0.931842672 0.9609375
vt 0.568157328 0.5390625
vt 0.568157328 0.9609375
vt 0.5390625 0.8203125
vt 0.931842672 0.5390625
vt 0.931842672 0.9609375
vt 0.568157328 0.9609375
vt 0.568157328 0.5390625
vt 0.931842672 0.9609375
vt 0.568157328 0.9609375
vt 0.931842672 0.5390625
vt 0.568157328 0.9609375
vt 0.5390625 0.8203125
vt 0.568157328 0.5390625
vt 0.9609375 0.8203125
vt 0.931842672 0.9609375
vt 0.931842672 0.5390625
vt 0.5390625 0.8203125
vt 0.5390625 0.6796875
vt 0.568157328 0.5390625
vt 0.9609375 0.6796875
vt 0.9609375 0.8203125
vt 0.931842672 0.5390625
vt 0.568157328 0.9609375
vt 0.931842672 0.9609375
vt 0.931842672 0.5390625
vt 0.568157328 0.5390625
vt 0.9609375 0.5390625
vt 0.9609375 0.6796875
vt 0.5390625 0.6796875
vt 0.5390625 0.5390625
vt 0.9609375 0.6796875
vt 0.9609375 0.8203125
vt 0.5390625 0.8203125
vt 0.5390625 0.6796875
vt 0.9609375 0.8203125
vt 0.9609375 0.9609375
vt 0.5390625 0.9609375
vt 0.5390625 0.8203125
vt 0.931842672 0.9609375
vt 0.568157328 0.9609375
vt 0.568157328 0.5390625
vt 0.931842672 0.5390625
vt 0.568157328 0.9609375
vt 0.5390625 0.9609375
vt 0.5390625 0.5390625
vt 0.568157328 0.5390625
vt 0.5390625 0.8203125
vt 0.5390625 0.6796875
vt 0.9609375 0.6796875
vt 0.9609375 0.8203125
vt 0.5390625 0.9609375
vt 0.568157328 0.9609375
vt 0.568157328 0.5390625
vt 0.5390625 0.5390625
vt 0.8125 0.1875
vt 0.8125 0.1875
vt 0.8125 0.1875
vt 0.8125 0.1875
vt 0.8125 0.1875
vt 0.8125 0.1875
vt 0.8125 0.1875
vt 0.8125 0.1875
vt 0.8125 0.1875
vt 0.8125 0.1875
vt 0.8125 0.1875
vt 0.8125 0.1875
vt 0.8125 0.1875
vt 0.8125 0.1875
vt 0.8125 0.1875
vt 0.8125 0.1875
vt 0.8125 0.1875
vt 0.8125 0.1875
vt 0.8125 0.1875
vt 0.8125 0.1875
vt 0.8125 0.1875
vt 0.8125 0.1875
vt 0.8125 0.1875
vt 0.8125 0.1875
vt 0.8125 0.1875
vt 0.8125 0.1875
vt 0.8125 0.1875
vt 0.8125 0.1875
vt 0.8125 0.1875
vt 0.8125 0.1875
vt 0.8125 0.1875
vt 0.8125 0.1875
vt 0.8125 0.1875
vt 0.8125 0.1875
vt 0.8125 0.1875
vt 0.8125 0.1875
vt 0.8125 0.1875
vt 0.8125 0.1875
vt 0.8125 0.1875
vt 0.8125 0.1875
vt 0.8125 0.1875
vt 0.8125 0.1875
vt 0.8125 0.1875
vt 0.8125 0.1875
vt 0.8125 0.1875
vt 0.8125 0.1875
vt 0.8125 0.1875
vt 0.8125 0.1875
vt 0.8125 0.1875
vt 0.8125 0.1875
vt 0.8125 0.1875
vt 0.8125 0.1875
vt 0.8125 0.1875
vt 0.8125 0.1875
vt 0.8125 0.1875
vt 0.8125 0.1875
vt 0.8125 0.1875
vt 0.8125 0.1875
vt 0.8125 0.1875
vt 0.8125 0.1875
vt 0.8125 0.1875
vt 0.8125 0.1875
vt 0.8125 0.1875
vt 0.8125 0.1875
vt 0.8125 0.1875
vt 0.8125 0.1875
vt 0.8125 0.1875
vt 0.8125 0.1875
vt 0.8125 0.1875
vt 0.8125 0.1875
vt 0.8125 0.1875
vt 0.8125 0.1875
vt 0.8125 0.1875
vt 0.8125 0.1875
vt 0.8125 0.1875
vt 0.8125 0.1875
vt 0.8125 0.1875
vt 0.8125 0.1875
vt 0.8125 0.1875
vt 0.8125 0.1875
vt 0.8125 0.1875
vt 0.8125 0.1875
vt 0.8125 0.1875
vt 0.8125 0.1875
vt 0.8125 0.1875
vt 0.8125 0.1875
vt 0.8125 0.1875
vt 0.8125 0.1875
vt 0.8125 0.1875
vt 0.8125 0.1875
vt 0.8125 0.1875
vt 0.8125 0.1875
vt 0.8125 0.1875
vt 0.8125 0.1875
vt 0.8125 0.1875
vt 0.8125 0.1875
vt 0.8125 0.1875
vt 0.8125 0.1875
vt 0.8125 0.1875
vt 0.8125 0.1875
vt 0.8125 0.1875
vt 0.8125 0.1875
vt 0.8125 0.1875
vt 0.8125 0.1875
vt 0.8125 0.1875
vt 0.8125 0.1875
vt 0.8125 0.1875
vt 0.8125 0.1875
vt 0.8125 0.1875
vt 0.8125 0.1875
vt 0.8125 0.1875
vt 0.8125 0.1875
vt 0.8125 0.1875
vt 0.8125 0.1875
vt 0.8125 0.1875
vt 0.8125 0.1875
vt 0.8125 0.1875
vt 0.8125 0.1875
vt 0.8125 0.1875
vt 0.8125 0.1875
vt 0.8125 0.1875
vt 0.8125 0.1875
vt 0.8125 0.1875
vt 0.8125 0.1875
vt 0.8125 0.1875
vt 0.8125 0.1875
vt 0.8125 0.1875
vt 0.8125 0.1875
vt 0.8125 0.1875
vt 0.8125 0.1875
vt 0.8125 0.1875
vt 0.8125 0.1875
vt 0.8125 0.1875
vt 0.8125 0.1875
vt 0.8125 0.1875
vt 0.8125 0.1875
vt 0.8125 0.1875
vt 0.8125 0.1875
vt 0.8125 0.1875
vt 0.8125 0.1875
vt 0.8125 0.1875
vt 0.8125 0.1875
vt 0.8125 0.1875
vt 0.8125 0.1875
vt 0.8125 0.1875
vt 0.8125 0.1875
vt 0.8125 0.1875
vt 0.8125 0.1875
vt 0.8125 0.1875
vt 0.8125 0.1875
vt 0.8125 0.1875
vt 0.8125 0.1875
vt 0.8125 0.1875
vt 0.8125 0.1875
vt 0.8125 0.1875
vt 0.8125 0.1875
vt 0.8125 0.1875
vt 0.8125 0.1875
vt 0.8125 0.1875
vt 0.8125 0.1875
vt 0.8125 0.1875
vt 0.8125 0.1875
vt 0.8125 0.1875
vt 0.8125 0.1875
vt 0.8125 0.1875
vt 0.8125 0.1875
vt 0.8125 0.1875
vt 0.8125 0.1875
vt 0.8125 0.1875
vt 0.8125 0.1875
vt 0.8125 0.1875
vt 0.8125 0.1875
vt 0.8125 0.1875
vt 0.8125 0.1875
vt 0.8125 0.1875
vt 0.8125 0.1875
vt 0.8125 0.1875
vt 0.8125 0.1875
vt 0.8125 0.1875
vt 0.8125 0.1875
vt 0.8125 0.1875
vt 0.8125 0.1875
vt 0.8125 0.1875
vt 0.8125 0.1875
vt 0.8125 0.1875
vt 0.8125 0.1875
vt 0.8125 0.1875
vt 0.8125 0.1875
vt 0.8125 0.1875
vt 0.8125 0.1875
vt 0.8125 0.1875
vt 0.8125 0.1875
vt 0.8125 0.1875
vt 0.8125 0.1875
vt 0.8125 0.1875
vt 0.8125 0.1875
vt 0.8125 0.1875
vt 0.8125 0.1875
vt 0.8125 0.1875
vt 0.8125 0.1875
vt 0.8125 0.1875
vt 0.8125 0.1875
vt 0.8125 0.1875
vt 0.8125 0.1875
vt 0.5625 0.1875
vt 0.5625 0.1875
vt 0.5625 0.1875
vt 0.5625 0.1875
vt 0.5625 0.1875
vt 0.5625 0.1875
vt 0.5625 0.1875
vt 0.5625 0.1875
vt 0.5625 0.1875
vt 0.5625 0.1875
vt 0.5625 0.1875
vt 0.5625 0.1875
vt 0.5625 0.1875
vt 0.5625 0.1875
vt 0.5625 0.1875
vt 0.5625 0.1875
vt 0.5625 0.1875
vt 0.5625 0.1875
vt 0.5625 0.1875
vt 0.5625 0.1875
vt 0.5625 0.1875
vt 0.5625 0.1875
vt 0.5625 0.1875
vt 0.5625 0.1875
vt 0.5625 0.1875
vt 0.5625 0.1875
vt 0.5625 0.1875
vt 0.5625 0.1875
vt 0.5625 0.1875
vt 0.5625 0.1875
vt 0.5625 0.1875
vt 0.5625 0.1875
vt 0.5625 0.1875
vt 0.5625 0.1875
vt 0.5625 0.1875
vt 0.5625 0.1875
vt 0.5625 0.1875
vt 0.5625 0.1875
vt 0.5625 0.1875
vt 0.5625 0.1875
vt 0.5625 0.1875
vt 0.5625 0.1875
vt 0.5625 0.1875
vt 0.5625 0.1875
vt 0.5625 0.1875
vt 0.5625 0.1875
vt 0.5625 0.1875
vt 0.5625 0.1875
vt 0.5625 0.1875
vt 0.5625 0.1875
vt 0.5625 0.1875
vt 0.5625 0.1875
vt 0.5625 0.1875
vt 0.5625 0.1875
vt 0.5625 0.1875
vt 0.5625 0.1875
vt 0.5625 0.1875
vt 0.5625 0.1875
vt 0.5625 0.1875
vt 0.5625 0.1875
vt 0.5625 0.1875
vt 0.5625 0.1875
vt 0.5625 0.1875
vt 0.5625 0.1875
vt 0.5625 0.1875
vt 0.5625 0.1875
vt 0.5625 0.1875
vt 0.5625 0.1875
vt 0.226647418 0.501953125
vt 0.248046875 0.523669951
vt 0.0233525815 0.501953125
vt 0.5625 0.1875
vt 0.5625 0.1875
vt 0.5625 0.1875
vt 0.248046875 0.523669951
vt 0.248046875 0.976330049
vt 0.0233525815 0.501953125
vt 0.5625 0.1875
vt 0.5625 0.1875
vt 0.5625 0.1875
vt 0.248046875 0.976330049
vt 0.226647418 0.998046875
vt 0.0233525815 0.501953125
vt 0.5625 0.1875
vt 0.5625 0.1875
vt 0.5625 0.1875
vt 0.226647418 0.998046875
vt 0.0233525815 0.998046875
vt 0.0233525815 0.501953125
vt 0.5625 0.1875
vt 0.5625 0.1875
vt 0.5625 0.1875
vt 0.0233525815 0.998046875
vt 0.001953125 0.976330049
vt 0.0233525815 0.501953125
vt 0.5625 0.1875
vt 0.5625 0.1875
vt 0.5625 0.1875
vt 0.001953125 0.976330049
vt 0.001953125 0.523669951
vt 0.0233525815 0.501953125
vt 0.5625 0.1875
vt 0.5625 0.1875
vt 0.5625 0.1875
vt 0.5625 0.1875
vt 0.5625 0.1875
vt 0.5625 0.1875
vt 0.5625 0.1875
vt 0.5625 0.1875
vt 0.5625 0.1875
vt 0.5625 0.1875
vt 0.5625 0.1875
vt 0.5625 0.1875
vt 0.5625 0.1875
vt 0.5625 0.1875
vt 0.5625 0.1875
vt 0.5625 0.1875
vt 0.5625 0.1875
vt 0.5625 0.1875
vt 0.5625 0.1875
vt 0.5625 0.1875
vt 0.5625 0.1875
vt 0.5625 0.1875
vt 0.5625 0.1875
vt 0.5625 0.1875
vt 0.5625 0.1875
vt 0.5625 0.1875
vt 0.5625 0.1875
vt 0.5625 0.1875
vt 0.5625 0.1875
vt 0.5625 0.1875
vt 0.5625 0.1875
vt 0.5625 0.1875
vt 0.5625 0.1875
vt 0.5625 0.1875
vt 0.5625 0.1875
vt 0.8125 0.1875
vt 0.8125 0.1875
vt 0.8125 0.1875
vt 0.8125 0.1875
vt 0.8125 0.1875
vt 0.8125 0.1875
vt 0.8125 0.1875
vt 0.8125 0.1875
vt 0.8125 0.1875
vt 0.8125 0.1875
vt 0.8125 0.1875
vt 0.8125 0.1875
vt 0.8125 0.1875
vt 0.8125 0.1875
vt 0.8125 0.1875
vt 0.8125 0.1875
vt 0.8125 0.1875
vt 0.8125 0.1875
vt 0.8125 0.1875
vt 0.8125 0.1875
vt 0.8125 0.1875
vt 0.8125 0.1875
vt 0.8125 0.1875
vt 0.8125 0.1875
vt 0.8125 0.1875
vt 0.8125 0.1875
vt 0.8125 0.1875
vt 0.8125 0.1875
vt 0.8125 0.1875
vt 0.8125 0.1875
vt 0.8125 0.1875
vt 0.8125 0.1875
vt 0.8125 0.1875
vt 0.8125 0.1875
vt 0.8125 0.1875
vt 0.8125 0.1875
vt 0.8125 0.1875
vt 0.8125 0.1875
vt 0.8125 0.1875
vt 0.8125 0.1875
vt 0.8125 0.1875
vt 0.8125 0.1875
vt 0.8125 0.1875
vt 0.8125 0.1875
vt 0.8125 0.1875
vt 0.8125 0.1875
vt 0.8125 0.1875
vt 0.8125 0.1875
vt 0.8125 0.1875
vt 0.8125 0.1875
vt 0.8125 0.1875
vt 0.8125 0.1875
vt 0.8125 0.1875
vt 0.8125 0.1875
vt 0.8125 0.1875
vt 0.8125 0.1875
vt 0.8125 0.1875
vt 0.8125 0.1875
vt 0.8125 0.1875
vt 0.8125 0.1875
vt 0.8125 0.1875
vt 0.8125 0.1875
vt 0.8125 0.1875
vt 0.8125 0.1875
vt 0.8125 0.1875
vt 0.8125 0.1875
vt 0.8125 0.1875
vt 0.8125 0.1875
vt 0.3125 0.0625
vt 0.3125 0.0625
vt 0.3125 0.0625
vt 0.3125 0.0625
vt 0.3125 0.0625
vt 0.3125 0.0625
vt 0.3125 0.0625
vt 0.3125 0.0625
vt 0.3125 0.0625
vt 0.3125 0.0625
vt 0.3125 0.0625
vt 0.3125 0.0625
vt 0.3125 0.0625
vt 0.3125 0.0625
vt 0.3125 0.0625
vt 0.3125 0.0625
vt 0.3125 0.0625
vt 0.3125 0.0625
vt 0.3125 0.0625
vt 0.3125 0.0625
vt 0.3125 0.0625
vt 0.3125 0.0625
vt 0.3125 0.0625
vt 0.3125 0.0625
vt 0.3125 0.0625
vt 0.3125 0.0625
vt 0.3125 0.0625
vt 0.3125 0.0625
vt 0.3125 0.0625
vt 0.3125 0.0625
vt 0.3125 0.0625
vt 0.3125 0.0625
vt 0.3125 0.0625
vt 0.3125 0.0625
vt 0.3125 0.0625
vt 0.3125 0.0625
vt 0.3125 0.0625
vt 0.3125 0.0625
vt 0.3125 0.0625
vt 0.3125 0.0625
vt 0.3125 0.0625
vt 0.3125 0.0625
vt 0.3125 0.0625
vt 0.3125 0.0625
vt 0.3125 0.0625
vt 0.3125 0.0625
vt 0.3125 0.0625
vt 0.3125 0.0625
vt 0.3125 0.0625
vt 0.3125 0.0625
vt 0.3125 0.0625
vt 0.3125 0.0625
vt 0.3125 0.0625
vt 0.3125 0.0625
vt 0.3125 0.0625
vt 0.3125 0.0625
vt 0.3125 0.0625
vt 0.3125 0.0625
vt 0.3125 0.0625
vt 0.3125 0.0625
vt 0.3125 0.0625
vt 0.3125 0.0625
vt 0.3125 0.0625
vt 0.3125 0.0625
vt 0.3125 0.0625
vt 0.3125 0.0625
vt 0.3125 0.0625
vt 0.3125 0.0625
vt 0.1875 0.0625
vt 0.1875 0.0625
vt 0.1875 0.0625
vt 0.1875 0.0625
vt 0.1875 0.0625
vt 0.1875 0.0625
vt 0.1875 0.0625
vt 0.1875 0.0625
vt 0.1875 0.0625
vt 0.1875 0.0625
vt 0.1875 0.0625
vt 0.1875 0.0625
vt 0.1875 0.0625
vt 0.1875 0.0625
vt 0.1875 0.0625
vt 0.1875 0.0625
vt 0.1875 0.0625
vt 0.1875 0.0625
vt 0.1875 0.0625
vt 0.1875 0.0625
vt 0.1875 0.0625
vt 0.1875 0.0625
vt 0.1875 0.0625
vt 0.1875 0.0625
vt 0.1875 0.0625
vt 0.1875 0.0625
vt 0.1875 0.0625
vt 0.1875 0.0625
vt 0.1875 0.0625
vt 0.1875 0.0625
vt 0.1875 0.0625
vt 0.1875 0.0625
vt 0.1875 0.0625
vt 0.1875 0.0625
vt 0.1875 0.0625
vt 0.1875 0.0625
vt 0.1875 0.0625
vt 0.1875 0.0625
vt 0.1875 0.0625
vt 0.1875 0.0625
vt 0.1875 0.0625
vt 0.1875 0.0625
vt 0.1875 0.0625
vt 0.1875 0.0625
vt 0.1875 0.0625
vt 0.1875 0.0625
vt 0.1875 0.0625
vt 0.1875 0.0625
vt 0.1875 0.0625
vt 0.1875 0.0625
vt 0.1875 0.0625
vt 0.1875 0.0625
vt 0.1875 0.0625
vt 0.1875 0.0625
vt 0.1875 0.0625
vt 0.1875 0.0625
vt 0.1875 0.0625
vt 0.1875 0.0625
vt 0.1875 0.0625
vt 0.1875 0.0625
vt 0.1875 0.0625
vt 0.1875 0.0625
vt 0.1875 0.0625
vt 0.1875 0.0625
vt 0.1875 0.0625
vt 0.1875 0.0625
vt 0.1875 0.0625
vt 0.1875 0.0625
vt 0.8125 0.1875
vt 0.8125 0.1875
vt 0.8125 0.1875
vt 0.8125 0.1875
vt 0.8125 0.1875
vt 0.8125 0.1875
vt 0.8125 0.1875
vt 0.8125 0.1875
vt 0.8125 0.1875
vt 0.8125 0.1875
vt 0.8125 0.1875
vt 0.8125 0.1875
vt 0.8125 0.1875
vt 0.8125 0.1875
vt 0.8125 0.1875
vt 0.8125 0.1875
vt 0.8125 0.1875
vt 0.8125 0.1875
vt 0.8125 0.1875
vt 0.8125 0.1875
vt 0.8125 0.1875
vt 0.8125 0.1875
vt 0.8125 0.1875
vt 0.8125 0.1875
vt 0.8125 0.1875
vt 0.8125 0.1875
vt 0.8125 0.1875
vt 0.8125 0.1875
vt 0.8125 0.1875
vt 0.8125 0.1875
vt 0.8125 0.1875
vt 0.8125 0.1875
vt 0.8125 0.1875
vt 0.8125 0.1875
vt 0.8125 0.1875
vt 0.8125 0.1875
vt 0.8125 0.1875
vt 0.8125 0.1875
vt 0.8125 0.1875
vt 0.8125 0.1875
vt 0.8125 0.1875
vt 0.8125 0.1875
vt 0.8125 0.1875
vt 0.8125 0.1875
vt 0.8125 0.1875
vt 0.8125 0.1875
vt 0.8125 0.1875
vt 0.8125 0.1875
vt 0.8125 0.1875
vt 0.8125 0.1875
vt 0.8125 0.1875
vt 0.8125 0.1875
vt 0.8125 0.1875
vt 0.8125 0.1875
vt 0.8125 0.1875
vt 0.8125 0.1875
vt 0.8125 0.1875
vt 0.8125 0.1875
vt 0.8125 0.1875
vt 0.8125 0.1875
vt 0.8125 0.1875
vt 0.8125 0.1875
vt 0.8125 0.1875
vt 0.8125 0.1875
vt 0.8125 0.1875
vt 0.8125 0.1875
vt 0.8125 0.1875
vt 0.8125 0.1875
vt 0.5625 0.1875
vt 0.5625 0.1875
vt 0.5625 0.1875
vt 0.5625 0.1875
vt 0.5625 0.1875
vt 0.5625 0.1875
vt 0.5625 0.1875
vt 0.5625 0.1875
vt 0.5625 0.1875
vt 0.5625 0.1875
vt 0.5625 0.1875
vt 0.5625 0.1875
vt 0.5625 0.1875
vt 0.5625 0.1875
vt 0.5625 0.1875
vt 0.5625 0.1875
vt 0.5625 0.1875
vt 0.5625 0.1875
vt 0.5625 0.1875
vt 0.5625 0.1875
vt 0.5625 0.1875
vt 0.5625 0.1875
vt 0.5625 0.1875
vt 0.5625 0.1875
vt 0.5625 0.1875
vt 0.5625 0.1875
vt 0.5625 0.1875
vt 0.5625 0.1875
vt 0.5625 0.1875
vt 0.5625 0.1875
vt 0.5625 0.1875
vt 0.5625 0.1875
vt 0.5625 0.1875
vt 0.5625 0.1875
vt 0.5625 0.1875
vt 0.5625 0.1875
vt 0.5625 0.1875
vt 0.5625 0.1875
vt 0.5625 0.1875
vt 0.5625 0.1875
vt 0.5625 0.1875
vt 0.5625 0.1875
vt 0.5625 0.1875
vt 0.5625 0.1875
vt 0.5625 0.1875
vt 0.5625 0.1875
vt 0.5625 0.1875
vt 0.5625 0.1875
vt 0.5625 0.1875
vt 0.5625 0.1875
vt 0.5625 0.1875
vt 0.5625 0.1875
vt 0.5625 0.1875
vt 0.5625 0.1875
vt 0.5625 0.1875
vt 0.5625 0.1875
vt 0.5625 0.1875
vt 0.5625 0.1875
vt 0.5625 0.1875
vt 0.5625 0.1875
vt 0.5625 0.1875
vt 0.5625 0.1875
vt 0.5625 0.1875
vt 0.5625 0.1875
vt 0.5625 0.1875
vt 0.5625 0.1875
vt 0.5625 0.1875
vt 0.5625 0.1875
vt 0.226647418 0.501953125
vt 0.248046875 0.523669951
vt 0.0233525815 0.501953125
vt 0.5625 0.1875
vt 0.5625 0.1875
vt 0.5625 0.1875
vt 0.248046875 0.523669951
vt 0.248046875 0.976330049
vt 0.0233525815 0.501953125
vt 0.5625 0.1875
vt 0.5625 0.1875
vt 0.5625 0.1875
vt 0.248046875 0.976330049
vt 0.226647418 0.998046875
vt 0.0233525815 0.501953125
vt 0.5625 0.1875
vt 0.5625 0.1875
vt 0.5625 0.1875
vt 0.226647418 0.998046875
vt 0.0233525815 0.998046875
vt 0.0233525815 0.501953125
vt 0.5625 0.1875
vt 0.5625 0.1875
vt 0.5625 0.1875
vt 0.0233525815 0.998046875
vt 0.001953125 0.976330049
vt 0.0233525815 0.501953125
vt 0.5625 0.1875
vt 0.5625 0.1875
vt 0.5625 0.1875
vt 0.001953125 0.976330049
vt 0.001953125 0.523669951
vt 0.0233525815 0.501953125
vt 0.5625 0.1875
vt 0.5625 0.1875
vt 0.5625 0.1875
vt 0.5625 0.1875
vt 0.5625 0.1875
vt 0.5625 0.1875
vt 0.5625 0.1875
vt 0.5625 0.1875
vt 0.5625 0.1875
vt 0.5625 0.1875
vt 0.5625 0.1875
vt 0.5625 0.1875
vt 0.5625 0.1875
vt 0.5625 0.1875
vt 0.5625 0.1875
vt 0.5625 0.1875
vt 0.5625 0.1875
vt 0.5625 0.1875
vt 0.5625 0.1875
vt 0.5625 0.1875
vt 0.5625 0.1875
vt 0.5625 0.1875
vt 0.5625 0.1875
vt 0.5625 0.1875
vt 0.5625 0.1875
vt 0.5625 0.1875
vt 0.5625 0.1875
vt 0.5625 0.1875
vt 0.5625 0.1875
vt 0.5625 0.1875
vt 0.5625 0.1875
vt 0.5625 0.1875
vt 0.5625 0.1875
vt 0.5625 0.1875
vt 0.5625 0.1875
vt 0.8125 0.1875
vt 0.8125 0.1875
vt 0.8125 0.1875
vt 0.8125 0.1875
vt 0.8125 0.1875
vt 0.8125 0.1875
vt 0.8125 0.1875
vt 0.8125 0.1875
vt 0.8125 0.1875
vt 0.8125 0.1875
vt 0.8125 0.1875
vt 0.8125 0.1875
vt 0.8125 0.1875
vt 0.8125 0.1875
vt 0.8125 0.1875
vt 0.8125 0.1875
vt 0.8125 0.1875
vt 0.8125 0.1875
vt 0.8125 0.1875
vt 0.8125 0.1875
vt 0.8125 0.1875
vt 0.8125 0.1875
vt 0.8125 0.1875
vt 0.8125 0.1875
vt 0.8125 0.1875
vt 0.8125 0.1875
vt 0.8125 0.1875
vt 0.8125 0.1875
vt 0.8125 0.1875
vt 0.8125 0.1875
vt 0.8125 0.1875
vt 0.8125 0.1875
vt 0.8125 0.1875
vt 0.8125 0.1875
vt 0.8125 0.1875
vt 0.8125 0.1875
vt 0.8125 0.1875
vt 0.8125 0.1875
vt 0.8125 0.1875
vt 0.8125 0.1875
vt 0.8125 0.1875
vt 0.8125 0.1875
vt 0.8125 0.1875
vt 0.8125 0.1875
vt 0.8125 0.1875
vt 0.8125 0.1875
vt 0.8125 0.1875
vt 0.8125 0.1875
vt 0.8125 0.1875
vt 0.8125 0.1875
vt 0.8125 0.1875
vt 0.8125 0.1875
vt 0.8125 0.1875
vt 0.8125 0.1875
vt 0.8125 0.1875
vt 0.8125 0.1875
vt 0.8125 0.1875
vt 0.8125 0.1875
vt 0.8125 0.1875
vt 0.8125 0.1875
vt 0.8125 0.1875
vt 0.8125 0.1875
vt 0.8125 0.1875
vt 0.8125 0.1875
vt 0.8125 0.1875
vt 0.8125 0.1875
vt 0.8125 0.1875
vt 0.8125 0.1875
vt 0.3125 0.0625
vt 0.3125 0.0625
vt 0.3125 0.0625
vt 0.3125 0.0625
vt 0.3125 0.0625
vt 0.3125 0.0625
vt 0.3125 0.0625
vt 0.3125 0.0625
vt 0.3125 0.0625
vt 0.3125 0.0625
vt 0.3125 0.0625
vt 0.3125 0.0625
vt 0.3125 0.0625
vt 0.3125 0.0625
vt 0.3125 0.0625
vt 0.3125 0.0625
vt 0.3125 0.0625
vt 0.3125 0.0625
vt 0.3125 0.0625
vt 0.3125 0.0625
vt 0.3125 0.0625
vt 0.3125 0.0625
vt 0.3125 0.0625
vt 0.3125 0.0625
vt 0.3125 0.0625
vt 0.3125 0.0625
vt 0.3125 0.0625
vt 0.3125 0.0625
vt 0.3125 0.0625
vt 0.3125 0.0625
vt 0.3125 0.0625
vt 0.3125 0.0625
vt 0.3125 0.0625
vt 0.3125 0.0625
vt 0.3125 0.0625
vt 0.3125 0.0625
vt 0.3125 0.0625
vt 0.3125 0.0625
vt 0.3125 0.0625
vt 0.3125 0.0625
vt 0.3125 0.0625
vt 0.3125 0.0625
vt 0.3125 0.0625
vt 0.3125 0.0625
vt 0.3125 0.0625
vt 0.3125 0.0625
vt 0.3125 0.0625
vt 0.3125 0.0625
vt 0.3125 0.0625
vt 0.3125 0.0625
vt 0.3125 0.0625
vt 0.3125 0.0625
vt 0.3125 0.0625
vt 0.3125 0.0625
vt 0.3125 0.0625
vt 0.3125 0.0625
vt 0.3125 0.0625
vt 0.3125 0.0625
vt 0.3125 0.0625
vt 0.3125 0.0625
vt 0.3125 0.0625
vt 0.3125 0.0625
vt 0.3125 0.0625
vt 0.3125 0.0625
vt 0.3125 0.0625
vt 0.3125 0.0625
vt 0.3125 0.0625
vt 0.3125 0.0625
vt 0.1875 0.0625
vt 0.1875 0.0625
vt 0.1875 0.0625
vt 0.1875 0.0625
vt 0.1875 0.0625
vt 0.1875 0.0625
vt 0.1875 0.0625
vt 0.1875 0.0625
vt 0.1875 0.0625
vt 0.1875 0.0625
vt 0.1875 0.0625
vt 0.1875 0.0625
vt 0.1875 0.0625
vt 0.1875 0.0625
vt 0.1875 0.0625
vt 0.1875 0.0625
vt 0.1875 0.0625
vt 0.1875 0.0625
vt 0.1875 0.0625
vt 0.1875 0.0625
vt 0.1875 0.0625
vt 0.1875 0.0625
vt 0.1875 0.0625
vt 0.1875 0.0625
vt 0.1875 0.0625
vt 0.1875 0.0625
vt 0.1875 0.0625
vt 0.1875 0.0625
vt 0.1875 0.0625
vt 0.1875 0.0625
vt 0.1875 0.0625
vt 0.1875 0.0625
vt 0.1875 0.0625
vt 0.1875 0.0625
vt 0.1875 0.0625
vt 0.1875 0.0625
vt 0.1875 0.0625
vt 0.1875 0.0625
vt 0.1875 0.0625
vt 0.1875 0.0625
vt 0.1875 0.0625
vt 0.1875 0.0625
vt 0.1875 0.0625
vt 0.1875 0.0625
vt 0.1875 0.0625
vt 0.1875 0.0625
vt 0.1875 0.0625
vt 0.1875 0.0625
vt 0.1875 0.0625
vt 0.1875 0.0625
vt 0.1875 0.0625
vt 0.1875 0.0625
vt 0.1875 0.0625
vt 0.1875 0.0625
vt 0.1875 0.0625
vt 0.1875 0.0625
vt 0.1875 0.0625
vt 0.1875 0.0625
vt 0.1875 0.0625
vt 0.1875 0.0625
vt 0.1875 0.0625
vt 0.1875 0.0625
vt 0.1875 0.0625
vt 0.1875 0.0625
vt 0.1875 0.0625
vt 0.1875 0.0625
vt 0.1875 0.0625
vt 0.1875 0.0625
vt 1 0
vt 1 1
vt 0 1
vt 0 0
vt 1 0
vt 1 1
vt 0 1
vt 0 0
vn 0 0 -1
vn 0 0 1
vn 0 0 -1
vn 0 0 1
vn 0 0 -1
vn 0 0 1
vn 0 0 -1
vn 0 0 1
vn 0 0 -1
vn 0 0 1
vn 0 0 -1
vn 0 0 1
vn 0 -1 0
vn -0.707106781 -0.707106781 0
vn -1 0 0
vn -0.707106781 0.707106781 0
vn 0 1 0
vn 0.707106781 0.707106781 0
vn 1 0 0
vn 0.707106781 -0.707106781 0
vn 0 0 -1
vn 0 0 1
vn 0 0 -1
vn 0 0 1
vn 0 0 -1
vn 0 0 1
vn 0 0 -1
vn 0 0 1
vn 0 0 -1
vn 0 0 1
vn 0 0 -1
vn 0 0 1
vn 0 -1 0
vn -0.707106781 -0.707106781 0
vn -1 0 0
vn -0.707106781 0.707106781 0
vn 0 1 0
vn 0.707106781 0.707106781 0
vn 1 0 0
vn 0.707106781 -0.707106781 0
vn 0 0 -1
vn 0 0 1
vn 0 0 -1
vn 0 0 1
vn 0 0 -1
vn 0 0 1
vn 0 0 -1
vn 0 0 1
vn 0 0 -1
vn 0 0 1
vn 0 0 -1
vn 0 0 1
vn 0 -1 0
vn -0.707106781 -0.707106781 0
vn -1 0 0
vn -0.707106781 0.707106781 0
vn 0 1 0
vn 0.707106781 0.707106781 0
vn 1 0 0
vn 0.707106781 -0.707106781 0
vn 0 0 -1
vn 0 0 1
vn 0 0 -1
vn 0 0 1
vn 0 0 -1
vn 0 0 1
vn 0 0 -1
vn 0 0 1
vn 0 0 -1
vn 0 0 1
vn 0 0 -1
vn 0 0 1
vn 0 -1 0
vn -0.707106781 -0.707106781 0
vn -1 0 0
vn -0.707106781 0.707106781 0
vn 0 1 0
vn 0.707106781 0.707106781 0
vn 1 0 0
vn 0.707106781 -0.707106781 0
vn 0 0 -1
vn 0 0 1
vn 0 0 -1
vn 0 0 1
vn 0 0 -1
vn 0 0 1
vn 0 0 -1
vn 0 0 1
vn 0 0 -1
vn 0 0 1
vn 0 0 -1
vn 0 0 1
vn 0 -1 0
vn -0.707106781 -0.707106781 0
vn -1 0 0
vn -0.707106781 0.707106781 0
vn 0 1 0
vn 0.707106781 0.707106781 0
vn 1 0 0
vn 0.707106781 -0.707106781 0
vn 0 0 -1
vn 0 0 1
vn 0 0 -1
vn 0 0 1
vn 0 0 -1
vn 0 0 1
vn 0 0 -1
vn 0 0 1
vn 0 0 -1
vn 0 0 1
vn 0 0 -1
vn 0 0 1
vn 0 -1 0
vn -0.707106781 -0.707106781 0
vn -1 0 0
vn -0.707106781 0.707106781 0
vn 0 1 0
vn 0.707106781 0.707106781 0
vn 1 0 0
vn 0.707106781 -0.707106781 0
vn 0 0 -1
vn 0 0 1
vn 0 0 -1
vn 0 0 1
vn 0 0 -1
vn 0 0 1
vn 0 0 -1
vn 0 0 1
vn 0 0 -1
vn 0 0 1
vn 0 0 -1
vn 0 0 1
vn 0 -1 0
vn -0.707106781 -0.707106781 0
vn -1 0 0
vn -0.707106781 0.707106781 0
vn 0 1 0
vn 0.707106781 0.707106781 0
vn 1 0 0
vn 0.707106781 -0.707106781 0
vn 0 0 -1
vn 0 0 1
vn 0 0 -1
vn 0 0 1
vn 0 0 -1
vn 0 0 1
vn 0 0 -1
vn 0 0 1
vn 0 0 -1
vn 0 0 1
vn 0 0 -1
vn 0 0 1
vn 0 -1 0
vn -0.707106781 -0.707106781 0
vn -1 0 0
vn -0.707106781 0.707106781 0
vn 0 1 0
vn 0.707106781 0.707106781 0
vn 1 0 0
vn 0.707106781 -0.707106781 0
vn 0 0 -1
vn 0 0 1
vn 0 0 -1
vn 0 0 1
vn 0 0 -1
vn 0 0 1
vn 0 0 -1
vn 0 0 1
vn 0 0 -1
vn 0 0 1
vn 0 0 -1
vn 0 0 1
vn 0 -1 0
vn -0.707106781 -0.707106781 0
vn -1 0 0
vn -0.707106781 0.707106781 0
vn 0 1 0
vn 0.707106781 0.707106781 0
vn 1 0 0
vn 0.707106781 -0.707106781 0
vn 0 0 -1
vn 0 0 1
vn 0 0 -1
vn 0 0 1
vn 0 0 -1
vn 0 0 1
vn 0 0 -1
vn 0 0 1
vn 0 0 -1
vn 0 0 1
vn 0 0 -1
vn 0 0 1
vn 0 -1 0
vn -0.707106781 -0.707106781 0
vn -1 0 0
vn -0.707106781 0.707106781 0
vn 0 1 0
vn 0.707106781 0.707106781 0
vn 1 0 0
vn 0.707106781 -0.707106781 0
vn 0 0 -1
vn 0 0 1
vn 0 0 -1
vn 0 0 1
vn 0 0 -1
vn 0 0 1
vn 0 0 -1
vn 0 0 1
vn 0 0 -1
vn 0 0 1
vn 0 0 -1
vn 0 0 1
vn 0 -1 0
vn -0.707106781 -0.707106781 0
vn -1 0 0
vn -0.707106781 0.707106781 0
vn 0 1 0
vn 0.707106781 0.707106781 0
vn 1 0 0
vn 0.707106781 -0.707106781 0
vn 0 0 -1
vn 0 0 1
vn 0 0 -1
vn 0 0 1
vn 0 0 -1
vn 0 0 1
vn 0 0 -1
vn 0 0 1
vn 0 0 -1
vn 0 0 1
vn 0 0 -1
vn 0 0 1
vn 0 -1 0
vn -0.707106781 -0.707106781 0
vn -1 0 0
vn -0.707106781 0.707106781 0
vn 0 1 0
vn 0.707106781 0.707106781 0
vn 1 0 0
vn 0.707106781 -0.707106781 0
vn 0 0 -1
vn 0 0 1
vn 0 0 -1
vn 0 0 1
vn 0 0 -1
vn 0 0 1
vn 0 0 -1
vn 0 0 1
vn 0 0 -1
vn 0 0 1
vn 0 0 -1
vn 0 0 1
vn 0 -1 0
vn -0.707106781 -0.707106781 0
vn -1 0 0
vn -0.707106781 0.707106781 0
vn 0 1 0
vn 0.707106781 0.707106781 0
vn 1 0 0
vn 0.707106781 -0.707106781 0
vn 0 0 -1
vn 0 0 1
vn 0 0 -1
vn 0 0 1
vn 0 0 -1
vn 0 0 1
vn 0 0 -1
vn 0 0 1
vn 0 0 -1
vn 0 0 1
vn 0 0 -1
vn 0 0 1
vn 0 -1 0
vn -0.707106781 -0.707106781 0
vn -1 0 0
vn -0.707106781 0.707106781 0
vn 0 1 0
vn 0.707106781 0.707106781 0
vn 1 0 0
vn 0.707106781 -0.707106781 0
vn 0 0 -1
vn 0 0 1
vn 0 0 -1
vn 0 0 1
vn 0 0 -1
vn 0 0 1
vn 0 0 -1
vn 0 0 1
vn 0 0 -1
vn 0 0 1
vn 0 0 -1
vn 0 0 1
vn 0 -1 0
vn -0.707106781 -0.707106781 0
vn -1 0 0
vn -0.707106781 0.707106781 0
vn 0 1 0
vn 0.707106781 0.707106781 0
vn 1 0 0
vn 0.707106781 -0.707106781 0
vn 0 0 -1
vn 0 0 1
vn 0 0 -1
vn 0 0 1
vn 0 0 -1
vn 0 0 1
vn 0 0 -1
vn 0 0 1
vn 0 0 -1
vn 0 0 1
vn 0 0 -1
vn 0 0 1
vn 0 -1 0
vn -0.707106781 -0.707106781 0
vn -1 0 0
vn -0.707106781 0.707106781 0
vn 0 1 0
vn 0.707106781 0.707106781 0
vn 1 0 0
vn 0.707106781 -0.707106781 0
vn 0 0 -1
vn 0 0 1
vn 0 0 -1
vn 0 0 1
vn 0 0 -1
vn 0 0 1
vn 0 0 -1
vn 0 0 1
vn 0 0 -1
vn 0 0 1
vn 0 0 -1
vn 0 0 1
vn 0 -1 0
vn -0.707106781 -0.707106781 0
vn -1 0 0
vn -0.707106781 0.707106781 0
vn 0 1 0
vn 0.707106781 0.707106781 0
vn 1 0 0
vn 0.707106781 -0.707106781 0
vn 0 0 -1
vn 0 0 1
vn 0 0 -1
vn 0 0 1
vn 0 0 -1
vn 0 0 1
vn 0 0 -1
vn 0 0 1
vn 0 0 -1
vn 0 0 1
vn 0 0 -1
vn 0 0 1
vn 0 -1 0
vn -0.707106781 -0.707106781 0
vn -1 0 0
vn -0.707106781 0.707106781 0
vn 0 1 0
vn 0.707106781 0.707106781 0
vn 1 0 0
vn 0.707106781 -0.707106781 0
vn 0 0 -1
vn 0 0 1
vn 0 0 -1
vn 0 0 1
vn 0 0 -1
vn 0 0 1
vn 0 0 -1
vn 0 0 1
vn 0 0 -1
vn 0 0 1
vn 0 0 -1
vn 0 0 1
vn 0 -1 0
vn -0.707106781 -0.707106781 0
vn -1 0 0
vn -0.707106781 0.707106781 0
vn 0 1 0
vn 0.707106781 0.707106781 0
vn 1 0 0
vn 0.707106781 -0.707106781 0
vn 0 0 -1
vn 0 0 1
vn 0 0 -1
vn 0 0 1
vn 0 0 -1
vn 0 0 1
vn 0 0 -1
vn 0 0 1
vn 0 0 -1
vn 0 0 1
vn 0 0 -1
vn 0 0 1
vn 0 -1 0
vn -0.707106781 -0.707106781 0
vn -1 0 0
vn -0.707106781 0.707106781 0
vn 0 1 0
vn 0.707106781 0.707106781 0
vn 1 0 0
vn 0.707106781 -0.707106781 0
vn 0 0 -1
vn 0 0 1
vn 0 0 -1
vn 0 0 1
vn 0 0 -1
vn 0 0 1
vn 0 0 -1
vn 0 0 1
vn 0 0 -1
vn 0 0 1
vn 0 0 -1
vn 0 0 1
vn 0 -1 0
vn -0.707106781 -0.707106781 0
vn -1 0 0
vn -0.707106781 0.707106781 0
vn 0 1 0
vn 0.707106781 0.707106781 0
vn 1 0 0
vn 0.707106781 -0.707106781 0
vn 0 0 -1
vn 0 0 1
vn 0 0 -1
vn 0 0 1
vn 0 0 -1
vn 0 0 1
vn 0 0 -1
vn 0 0 1
vn 0 0 -1
vn 0 0 1
vn 0 0 -1
vn 0 0 1
vn 0 -1 0
vn -0.707106781 -0.707106781 0
vn -1 0 0
vn -0.707106781 0.707106781 0
vn 0 1 0
vn 0.707106781 0.707106781 0
vn 1 0 0
vn 0.707106781 -0.707106781 0
vn 0 0 -1
vn 0 0 1
vn 0 0 -1
vn 0 0 1
vn 0 0 -1
vn 0 0 1
vn 0 0 -1
vn 0 0 1
vn 0 0 -1
vn 0 0 1
vn 0 0 -1
vn 0 0 1
vn 0 -1 0
vn -0.707106781 -0.707106781 0
vn -1 0 0
vn -0.707106781 0.707106781 0
vn 0 1 0
vn 0.707106781 0.707106781 0
vn 1 0 0
vn 0.707106781 -0.707106781 0
vn 0 0 -1
vn 0 0 1
vn 0 0 -1
vn 0 0 1
vn 0 0 -1
vn 0 0 1
vn 0 0 -1
vn 0 0 1
vn 0 0 -1
vn 0 0 1
vn 0 0 -1
vn 0 0 1
vn 0 -1 0
vn -0.707106781 -0.707106781 0
vn -1 0 0
vn -0.707106781 0.707106781 0
vn 0 1 0
vn 0.707106781 0.707106781 0
vn 1 0 0
vn 0.707106781 -0.707106781 0
vn 0 0 -1
vn 0 0 1
vn 0 0 -1
vn 0 0 1
vn 0 0 -1
vn 0 0 1
vn 0 0 -1
vn 0 0 1
vn 0 0 -1
vn 0 0 1
vn 0 0 -1
vn 0 0 1
vn 0 -1 0
vn -0.707106781 -0.707106781 0
vn -1 0 0
vn -0.707106781 0.707106781 0
vn 0 1 0
vn 0.707106781 0.707106781 0
vn 1 0 0
vn 0.707106781 -0.707106781 0
vn 0 0 -1
vn 0 0 1
vn 0 0 -1
vn 0 0 1
vn 0 0 -1
vn 0 0 1
vn 0 0 -1
vn 0 0 1
vn 0 0 -1
vn 0 0 1
vn 0 0 -1
vn 0 0 1
vn 0 -1 0
vn -0.707106781 -0.707106781 0
vn -1 0 0
vn -0.707106781 0.707106781 0
vn 0 1 0
vn 0.707106781 0.707106781 0
vn 1 0 0
vn 0.707106781 -0.707106781 0
vn 0 0 -1
vn 0 0 1
vn 0 0 -1
vn 0 0 1
vn 0 0 -1
vn 0 0 1
vn 0 0 -1
vn 0 0 1
vn 0 0 -1
vn 0 0 1
vn 0 0 -1
vn 0 0 1
vn 0 -1 0
vn -0.707106781 -0.707106781 0
vn -1 0 0
vn -0.707106781 0.707106781 0
vn 0 1 0
vn 0.707106781 0.707106781 0
vn 1 0 0
vn 0.707106781 -0.707106781 0
vn 0 0 -1
vn 0 0 1
vn 0 0 -1
vn 0 0 1
vn 0 0 -1
vn 0 0 1
vn 0 0 -1
vn 0 0 1
vn 0 0 -1
vn 0 0 1
vn 0 0 -1
vn 0 0 1
vn 0 -1 0
vn -0.707106781 -0.707106781 0
vn -1 0 0
vn -0.707106781 0.707106781 0
vn 0 1 0
vn 0.707106781 0.707106781 0
vn 1 0 0
vn 0.707106781 -0.707106781 0
vn 0 0 -1
vn 0 0 1
vn 0 0 -1
vn 0 0 1
vn 0 0 -1
vn 0 0 1
vn 0 0 -1
vn 0 0 1
vn 0 0 -1
vn 0 0 1
vn 0 0 -1
vn 0 0 1
vn 0 -1 0
vn -0.707106781 -0.707106781 0
vn -1 0 0
vn -0.707106781 0.707106781 0
vn 0 1 0
vn 0.707106781 0.707106781 0
vn 1 0 0
vn 0.707106781 -0.707106781 0
vn 0 0 -1
vn 0 0 1
vn 0 0 -1
vn 0 0 1
vn 0 0 -1
vn 0 0 1
vn 0 0 -1
vn 0 0 1
vn 0 0 -1
vn 0 0 1
vn 0 0 -1
vn 0 0 1
vn 0 -1 0
vn -0.707106781 -0.707106781 0
vn -1 0 0
vn -0.707106781 0.707106781 0
vn 0 1 0
vn 0.707106781 0.707106781 0
vn 1 0 0
vn 0.707106781 -0.707106781 0
vn 0 0 -1
vn 0 0 1
vn 0 0 -1
vn 0 0 1
vn 0 0 -1
vn 0 0 1
vn 0 0 -1
vn 0 0 1
vn 0 0 -1
vn 0 0 1
vn 0 0 -1
vn 0 0 1
vn 0 -1 0
vn -0.707106781 -0.707106781 0
vn -1 0 0
vn -0.707106781 0.707106781 0
vn 0 1 0
vn 0.707106781 0.707106781 0
vn 1 0 0
vn 0.707106781 -0.707106781 0
vn 0 0 -1
vn 0 0 1
vn 0 0 -1
vn 0 0 1
vn 0 0 -1
vn 0 0 1
vn 0 0 -1
vn 0 0 1
vn 0 0 -1
vn 0 0 1
vn 0 0 -1
vn 0 0 1
vn 0 -1 0
vn -0.707106781 -0.707106781 0
vn -1 0 0
vn -0.707106781 0.707106781 0
vn 0 1 0
vn 0.707106781 0.707106781 0
vn 1 0 0
vn 0.707106781 -0.707106781 0
vn 0 0 -1
vn 0 0 1
vn 0 0 -1
vn 0 0 1
vn 0 0 -1
vn 0 0 1
vn 0 0 -1
vn 0 0 1
vn 0 0 -1
vn 0 0 1
vn 0 0 -1
vn 0 0 1
vn 0 -1 0
vn 0.832050294 -0.554700196 0
vn 1 0 0
vn 0.832050294 0.554700196 0
vn 0 1 0
vn -0.707106781 0.707106781 0
vn -1 0 0
vn -0.707106781 -0.707106781 0
vn 0 0 -1
vn 0 0 1
vn 0 0 -1
vn 0 0 1
vn 0 0 -1
vn 0 0 1
vn 0 0 -1
vn 0 0 1
vn 0 0 -1
vn 0 0 1
vn 0 0 -1
vn 0 0 1
vn 0 -1 0
vn -0.707106781 -0.707106781 0
vn -1 0 0
vn -0.707106781 0.707106781 0
vn 0 1 0
vn 0.707106781 0.707106781 0
vn 1 0 0
vn 0.707106781 -0.707106781 0
vn 0 0 -1
vn 0 0 1
vn 0 0 -1
vn 0 0 1
vn 0 0 -1
vn 0 0 1
vn 0 0 -1
vn 0 0 1
vn 0 0 -1
vn 0 0 1
vn 0 0 -1
vn 0 0 1
vn 0 -1 0
vn -0.707106781 -0.707106781 0
vn -1 0 0
vn -0.707106781 0.707106781 0
vn 0 1 0
vn 0.707106781 0.707106781 0
vn 1 0 0
vn 0.707106781 -0.707106781 0
vn 0 0 -1
vn 0 0 1
vn 0 0 -1
vn 0 0 1
vn 0 0 -1
vn 0 0 1
vn 0 0 -1
vn 0 0 1
vn 0 0 -1
vn 0 0 1
vn 0 0 -1
vn 0 0 1
vn 0 -1 0
vn -0.707106781 -0.707106781 0
vn -1 0 0
vn -0.707106781 0.707106781 0
vn 0 1 0
vn 0.707106781 0.707106781 0
vn 1 0 0
vn 0.707106781 -0.707106781 0
vn 0 0 -1
vn 0 0 1
vn 0 0 -1
vn 0 0 1
vn 0 0 -1
vn 0 0 1
vn 0 0 -1
vn 0 0 1
vn 0 0 -1
vn 0 0 1
vn 0 0 -1
vn 0 0 1
vn 0 -1 0
vn -0.707106781 -0.707106781 0
vn -1 0 0
vn -0.707106781 0.707106781 0
vn 0 1 0
vn 0.707106781 0.707106781 0
vn 1 0 0
vn 0.707106781 -0.707106781 0
vn 0 0 -1
vn 0 0 1
vn 0 0 -1
vn 0 0 1
vn 0 0 -1
vn 0 0 1
vn 0 0 -1
vn 0 0 1
vn 0 0 -1
vn 0 0 1
vn 0 0 -1
vn 0 0 1
vn 0 -1 0
vn 0.707106781 -0.707106781 0
vn 1 0 0
vn 0.707106781 0.707106781 0
vn 0 1 0
vn -0.707106781 0.707106781 0
vn -1 0 0
vn -0.707106781 -0.707106781 0
vn 0 0 -1
vn 0 0 1
vn 0 0 -1
vn 0 0 1
vn 0 0 -1
vn 0 0 1
vn 0 0 -1
vn 0 0 1
vn 0 0 -1
vn 0 0 1
vn 0 0 -1
vn 0 0 1
vn 0 -1 0
vn 0.707106781 -0.707106781 0
vn 1 0 0
vn 0.707106781 0.707106781 0
vn 0 1 0
vn -0.707106781 0.707106781 0
vn -1 0 0
vn -0.707106781 -0.707106781 0
vn 0 0 -1
vn 0 0 1
vn 0 0 -1
vn 0 0 1
vn 0 0 -1
vn 0 0 1
vn 0 0 -1
vn 0 0 1
vn 0 0 -1
vn 0 0 1
vn 0 0 -1
vn 0 0 1
vn 0 -1 0
vn -0.707106781 -0.707106781 0
vn -1 0 0
vn -0.707106781 0.707106781 0
vn 0 1 0
vn 0.707106781 0.707106781 0
vn 1 0 0
vn 0.707106781 -0.707106781 0
vn 0 0 -1
vn 0 0 1
vn 0 0 -1
vn 0 0 1
vn 0 0 -1
vn 0 0 1
vn 0 0 -1
vn 0 0 1
vn 0 0 -1
vn 0 0 1
vn 0 0 -1
vn 0 0 1
vn 0 -1 0
vn -0.707106781 -0.707106781 0
vn -1 0 0
vn -0.707106781 0.707106781 0
vn 0 1 0
vn 0.707106781 0.707106781 0
vn 1 0 0
vn 0.707106781 -0.707106781 0
vn 0 0 -1
vn 0 0 1
vn 0 0 -1
vn 0 0 1
vn 0 0 -1
vn 0 0 1
vn 0 0 -1
vn 0 0 1
vn 0 0 -1
vn 0 0 1
vn 0 0 -1
vn 0 0 1
vn 0 -1 0
vn -0.707106781 -0.707106781 0
vn -1 0 0
vn -0.707106781 0.707106781 0
vn 0 1 0
vn 0.707106781 0.707106781 0
vn 1 0 0
vn 0.707106781 -0.707106781 0
vn 0 0 -1
vn 0 0 1
vn 0 0 -1
vn 0 0 1
vn 0 0 -1
vn 0 0 1
vn 0 0 -1
vn 0 0 1
vn 0 0 -1
vn 0 0 1
vn 0 0 -1
vn 0 0 1
vn 0 -1 0
vn -0.707106781 -0.707106781 0
vn -1 0 0
vn -0.707106781 0.707106781 0
vn 0 1 0
vn 0.707106781 0.707106781 0
vn 1 0 0
vn 0.707106781 -0.707106781 0
vn 0 0 -1
vn 0 0 -1
o wall_mounting_plate_0
usemtl locker_surface_atlas
f 2/1/1 3/2/1 1/3/1
f 11/4/2 10/5/2 9/6/2
f 3/7/3 4/8/3 1/9/3
f 12/10/4 11/11/4 9/12/4
f 4/13/5 5/14/5 1/15/5
f 13/16/6 12/17/6 9/18/6
f 5/19/7 6/20/7 1/21/7
f 14/22/8 13/23/8 9/24/8
f 6/25/9 7/26/9 1/27/9
f 15/28/10 14/29/10 9/30/10
f 7/31/11 8/32/11 1/33/11
f 16/34/12 15/35/12 9/36/12
f 9/37/13 10/38/13 2/39/13 1/40/13
f 10/41/14 11/42/14 3/43/14 2/44/14
f 11/45/15 12/46/15 4/47/15 3/48/15
f 12/49/16 13/50/16 5/51/16 4/52/16
f 13/53/17 14/54/17 6/55/17 5/56/17
f 14/57/18 15/58/18 7/59/18 6/60/18
f 15/61/19 16/62/19 8/63/19 7/64/19
f 16/65/20 9/66/20 1/67/20 8/68/20
o recessed_cargo_back_1
f 18/69/21 19/70/21 17/71/21
f 27/72/22 26/73/22 25/74/22
f 19/75/23 20/76/23 17/77/23
f 28/78/24 27/79/24 25/80/24
f 20/81/25 21/82/25 17/83/25
f 29/84/26 28/85/26 25/86/26
f 21/87/27 22/88/27 17/89/27
f 30/90/28 29/91/28 25/92/28
f 22/93/29 23/94/29 17/95/29
f 31/96/30 30/97/30 25/98/30
f 23/99/31 24/100/31 17/101/31
f 32/102/32 31/103/32 25/104/32
f 25/105/33 26/106/33 18/107/33 17/108/33
f 26/109/34 27/110/34 19/111/34 18/112/34
f 27/113/35 28/114/35 20/115/35 19/116/35
f 28/117/36 29/118/36 21/119/36 20/120/36
f 29/121/37 30/122/37 22/123/37 21/124/37
f 30/125/38 31/126/38 23/127/38 22/128/38
f 31/129/39 32/130/39 24/131/39 23/132/39
f 32/133/40 25/134/40 17/135/40 24/136/40
o upper_shell_2
f 34/137/41 35/138/41 33/139/41
f 43/140/42 42/141/42 41/142/42
f 35/143/43 36/144/43 33/145/43
f 44/146/44 43/147/44 41/148/44
f 36/149/45 37/150/45 33/151/45
f 45/152/46 44/153/46 41/154/46
f 37/155/47 38/156/47 33/157/47
f 46/158/48 45/159/48 41/160/48
f 38/161/49 39/162/49 33/163/49
f 47/164/50 46/165/50 41/166/50
f 39/167/51 40/168/51 33/169/51
f 48/170/52 47/171/52 41/172/52
f 41/173/53 42/174/53 34/175/53 33/176/53
f 42/177/54 43/178/54 35/179/54 34/180/54
f 43/181/55 44/182/55 36/183/55 35/184/55
f 44/185/56 45/186/56 37/187/56 36/188/56
f 45/189/57 46/190/57 38/191/57 37/192/57
f 46/193/58 47/194/58 39/195/58 38/196/58
f 47/197/59 48/198/59 40/199/59 39/200/59
f 48/201/60 41/202/60 33/203/60 40/204/60
o lower_shell_3
f 50/205/61 51/206/61 49/207/61
f 59/208/62 58/209/62 57/210/62
f 51/211/63 52/212/63 49/213/63
f 60/214/64 59/215/64 57/216/64
f 52/217/65 53/218/65 49/219/65
f 61/220/66 60/221/66 57/222/66
f 53/223/67 54/224/67 49/225/67
f 62/226/68 61/227/68 57/228/68
f 54/229/69 55/230/69 49/231/69
f 63/232/70 62/233/70 57/234/70
f 55/235/71 56/236/71 49/237/71
f 64/238/72 63/239/72 57/240/72
f 57/241/73 58/242/73 50/243/73 49/244/73
f 58/245/74 59/246/74 51/247/74 50/248/74
f 59/249/75 60/250/75 52/251/75 51/252/75
f 60/253/76 61/254/76 53/255/76 52/256/76
f 61/257/77 62/258/77 54/259/77 53/260/77
f 62/261/78 63/262/78 55/263/78 54/264/78
f 63/265/79 64/266/79 56/267/79 55/268/79
f 64/269/80 57/270/80 49/271/80 56/272/80
o left_shell_4
f 66/273/81 67/274/81 65/275/81
f 75/276/82 74/277/82 73/278/82
f 67/279/83 68/280/83 65/281/83
f 76/282/84 75/283/84 73/284/84
f 68/285/85 69/286/85 65/287/85
f 77/288/86 76/289/86 73/290/86
f 69/291/87 70/292/87 65/293/87
f 78/294/88 77/295/88 73/296/88
f 70/297/89 71/298/89 65/299/89
f 79/300/90 78/301/90 73/302/90
f 71/303/91 72/304/91 65/305/91
f 80/306/92 79/307/92 73/308/92
f 73/309/93 74/310/93 66/311/93 65/312/93
f 74/313/94 75/314/94 67/315/94 66/316/94
f 75/317/95 76/318/95 68/319/95 67/320/95
f 76/321/96 77/322/96 69/323/96 68/324/96
f 77/325/97 78/326/97 70/327/97 69/328/97
f 78/329/98 79/330/98 71/331/98 70/332/98
f 79/333/99 80/334/99 72/335/99 71/336/99
f 80/337/100 73/338/100 65/339/100 72/340/100
o right_shell_5
f 82/341/101 83/342/101 81/343/101
f 91/344/102 90/345/102 89/346/102
f 83/347/103 84/348/103 81/349/103
f 92/350/104 91/351/104 89/352/104
f 84/353/105 85/354/105 81/355/105
f 93/356/106 92/357/106 89/358/106
f 85/359/107 86/360/107 81/361/107
f 94/362/108 93/363/108 89/364/108
f 86/365/109 87/366/109 81/367/109
f 95/368/110 94/369/110 89/370/110
f 87/371/111 88/372/111 81/373/111
f 96/374/112 95/375/112 89/376/112
f 89/377/113 90/378/113 82/379/113 81/380/113
f 90/381/114 91/382/114 83/383/114 82/384/114
f 91/385/115 92/386/115 84/387/115 83/388/115
f 92/389/116 93/390/116 85/391/116 84/392/116
f 93/393/117 94/394/117 86/395/117 85/396/117
f 94/397/118 95/398/118 87/399/118 86/400/118
f 95/401/119 96/402/119 88/403/119 87/404/119
f 96/405/120 89/406/120 81/407/120 88/408/120
o upper_door_guide_6
f 98/409/121 99/410/121 97/411/121
f 107/412/122 106/413/122 105/414/122
f 99/415/123 100/416/123 97/417/123
f 108/418/124 107/419/124 105/420/124
f 100/421/125 101/422/125 97/423/125
f 109/424/126 108/425/126 105/426/126
f 101/427/127 102/428/127 97/429/127
f 110/430/128 109/431/128 105/432/128
f 102/433/129 103/434/129 97/435/129
f 111/436/130 110/437/130 105/438/130
f 103/439/131 104/440/131 97/441/131
f 112/442/132 111/443/132 105/444/132
f 105/445/133 106/446/133 98/447/133 97/448/133
f 106/449/134 107/450/134 99/451/134 98/452/134
f 107/453/135 108/454/135 100/455/135 99/456/135
f 108/457/136 109/458/136 101/459/136 100/460/136
f 109/461/137 110/462/137 102/463/137 101/464/137
f 110/465/138 111/466/138 103/467/138 102/468/138
f 111/469/139 112/470/139 104/471/139 103/472/139
f 112/473/140 105/474/140 97/475/140 104/476/140
o lower_door_guide_7
f 114/477/141 115/478/141 113/479/141
f 123/480/142 122/481/142 121/482/142
f 115/483/143 116/484/143 113/485/143
f 124/486/144 123/487/144 121/488/144
f 116/489/145 117/490/145 113/491/145
f 125/492/146 124/493/146 121/494/146
f 117/495/147 118/496/147 113/497/147
f 126/498/148 125/499/148 121/500/148
f 118/501/149 119/502/149 113/503/149
f 127/504/150 126/505/150 121/506/150
f 119/507/151 120/508/151 113/509/151
f 128/510/152 127/511/152 121/512/152
f 121/513/153 122/514/153 114/515/153 113/516/153
f 122/517/154 123/518/154 115/519/154 114/520/154
f 123/521/155 124/522/155 116/523/155 115/524/155
f 124/525/156 125/526/156 117/527/156 116/528/156
f 125/529/157 126/530/157 118/531/157 117/532/157
f 126/533/158 127/534/158 119/535/158 118/536/158
f 127/537/159 128/538/159 120/539/159 119/540/159
f 128/541/160 121/542/160 113/543/160 120/544/160
o left_rim_8
f 130/545/161 131/546/161 129/547/161
f 139/548/162 138/549/162 137/550/162
f 131/551/163 132/552/163 129/553/163
f 140/554/164 139/555/164 137/556/164
f 132/557/165 133/558/165 129/559/165
f 141/560/166 140/561/166 137/562/166
f 133/563/167 134/564/167 129/565/167
f 142/566/168 141/567/168 137/568/168
f 134/569/169 135/570/169 129/571/169
f 143/572/170 142/573/170 137/574/170
f 135/575/171 136/576/171 129/577/171
f 144/578/172 143/579/172 137/580/172
f 137/581/173 138/582/173 130/583/173 129/584/173
f 138/585/174 139/586/174 131/587/174 130/588/174
f 139/589/175 140/590/175 132/591/175 131/592/175
f 140/593/176 141/594/176 133/595/176 132/596/176
f 141/597/177 142/598/177 134/599/177 133/600/177
f 142/601/178 143/602/178 135/603/178 134/604/178
f 143/605/179 144/606/179 136/607/179 135/608/179
f 144/609/180 137/610/180 129/611/180 136/612/180
o console_chassis_9
f 146/613/181 147/614/181 145/615/181
f 155/616/182 154/617/182 153/618/182
f 147/619/183 148/620/183 145/621/183
f 156/622/184 155/623/184 153/624/184
f 148/625/185 149/626/185 145/627/185
f 157/628/186 156/629/186 153/630/186
f 149/631/187 150/632/187 145/633/187
f 158/634/188 157/635/188 153/636/188
f 150/637/189 151/638/189 145/639/189
f 159/640/190 158/641/190 153/642/190
f 151/643/191 152/644/191 145/645/191
f 160/646/192 159/647/192 153/648/192
f 153/649/193 154/650/193 146/651/193 145/652/193
f 154/653/194 155/654/194 147/655/194 146/656/194
f 155/657/195 156/658/195 148/659/195 147/660/195
f 156/661/196 157/662/196 149/663/196 148/664/196
f 157/665/197 158/666/197 150/667/197 149/668/197
f 158/669/198 159/670/198 151/671/198 150/672/198
f 159/673/199 160/674/199 152/675/199 151/676/199
f 160/677/200 153/678/200 145/679/200 152/680/200
o console_face_10
f 162/681/201 163/682/201 161/683/201
f 171/684/202 170/685/202 169/686/202
f 163/687/203 164/688/203 161/689/203
f 172/690/204 171/691/204 169/692/204
f 164/693/205 165/694/205 161/695/205
f 173/696/206 172/697/206 169/698/206
f 165/699/207 166/700/207 161/701/207
f 174/702/208 173/703/208 169/704/208
f 166/705/209 167/706/209 161/707/209
f 175/708/210 174/709/210 169/710/210
f 167/711/211 168/712/211 161/713/211
f 176/714/212 175/715/212 169/716/212
f 169/717/213 170/718/213 162/719/213 161/720/213
f 170/721/214 171/722/214 163/723/214 162/724/214
f 171/725/215 172/726/215 164/727/215 163/728/215
f 172/729/216 173/730/216 165/731/216 164/732/216
f 173/733/217 174/734/217 166/735/217 165/736/217
f 174/737/218 175/738/218 167/739/218 166/740/218
f 175/741/219 176/742/219 168/743/219 167/744/219
f 176/745/220 169/746/220 161/747/220 168/748/220
o status_screen_well_11
f 178/749/221 179/750/221 177/751/221
f 187/752/222 186/753/222 185/754/222
f 179/755/223 180/756/223 177/757/223
f 188/758/224 187/759/224 185/760/224
f 180/761/225 181/762/225 177/763/225
f 189/764/226 188/765/226 185/766/226
f 181/767/227 182/768/227 177/769/227
f 190/770/228 189/771/228 185/772/228
f 182/773/229 183/774/229 177/775/229
f 191/776/230 190/777/230 185/778/230
f 183/779/231 184/780/231 177/781/231
f 192/782/232 191/783/232 185/784/232
f 185/785/233 186/786/233 178/787/233 177/788/233
f 186/789/234 187/790/234 179/791/234 178/792/234
f 187/793/235 188/794/235 180/795/235 179/796/235
f 188/797/236 189/798/236 181/799/236 180/800/236
f 189/801/237 190/802/237 182/803/237 181/804/237
f 190/805/238 191/806/238 183/807/238 182/808/238
f 191/809/239 192/810/239 184/811/239 183/812/239
f 192/813/240 185/814/240 177/815/240 184/816/240
o status_screen_12
usemtl locker_optics
f 194/817/241 195/818/241 193/819/241
f 203/820/242 202/821/242 201/822/242
f 195/823/243 196/824/243 193/825/243
f 204/826/244 203/827/244 201/828/244
f 196/829/245 197/830/245 193/831/245
f 205/832/246 204/833/246 201/834/246
f 197/835/247 198/836/247 193/837/247
f 206/838/248 205/839/248 201/840/248
f 198/841/249 199/842/249 193/843/249
f 207/844/250 206/845/250 201/846/250
f 199/847/251 200/848/251 193/849/251
f 208/850/252 207/851/252 201/852/252
f 201/853/253 202/854/253 194/855/253 193/856/253
f 202/857/254 203/858/254 195/859/254 194/860/254
f 203/861/255 204/862/255 196/863/255 195/864/255
f 204/865/256 205/866/256 197/867/256 196/868/256
f 205/869/257 206/870/257 198/871/257 197/872/257
f 206/873/258 207/874/258 199/875/258 198/876/258
f 207/877/259 208/878/259 200/879/259 199/880/259
f 208/881/260 201/882/260 193/883/260 200/884/260
o status_underline_13
f 210/885/261 211/886/261 209/887/261
f 219/888/262 218/889/262 217/890/262
f 211/891/263 212/892/263 209/893/263
f 220/894/264 219/895/264 217/896/264
f 212/897/265 213/898/265 209/899/265
f 221/900/266 220/901/266 217/902/266
f 213/903/267 214/904/267 209/905/267
f 222/906/268 221/907/268 217/908/268
f 214/909/269 215/910/269 209/911/269
f 223/912/270 222/913/270 217/914/270
f 215/915/271 216/916/271 209/917/271
f 224/918/272 223/919/272 217/920/272
f 217/921/273 218/922/273 210/923/273 209/924/273
f 218/925/274 219/926/274 211/927/274 210/928/274
f 219/929/275 220/930/275 212/931/275 211/932/275
f 220/933/276 221/934/276 213/935/276 212/936/276
f 221/937/277 222/938/277 214/939/277 213/940/277
f 222/941/278 223/942/278 215/943/278 214/944/278
f 223/945/279 224/946/279 216/947/279 215/948/279
f 224/949/280 217/950/280 209/951/280 216/952/280
o control_divider_14
usemtl locker_surface_atlas
f 226/953/281 227/954/281 225/955/281
f 235/956/282 234/957/282 233/958/282
f 227/959/283 228/960/283 225/961/283
f 236/962/284 235/963/284 233/964/284
f 228/965/285 229/966/285 225/967/285
f 237/968/286 236/969/286 233/970/286
f 229/971/287 230/972/287 225/973/287
f 238/974/288 237/975/288 233/976/288
f 230/977/289 231/978/289 225/979/289
f 239/980/290 238/981/290 233/982/290
f 231/983/291 232/984/291 225/985/291
f 240/986/292 239/987/292 233/988/292
f 233/989/293 234/990/293 226/991/293 225/992/293
f 234/993/294 235/994/294 227/995/294 226/996/294
f 235/997/295 236/998/295 228/999/295 227/1000/295
f 236/1001/296 237/1002/296 229/1003/296 228/1004/296
f 237/1005/297 238/1006/297 230/1007/297 229/1008/297
f 238/1009/298 239/1010/298 231/1011/298 230/1012/298
f 239/1013/299 240/1014/299 232/1015/299 231/1016/299
f 240/1017/300 233/1018/300 225/1019/300 232/1020/300
o key_00_15
f 242/1021/301 243/1022/301 241/1023/301
f 251/1024/302 250/1025/302 249/1026/302
f 243/1027/303 244/1028/303 241/1029/303
f 252/1030/304 251/1031/304 249/1032/304
f 244/1033/305 245/1034/305 241/1035/305
f 253/1036/306 252/1037/306 249/1038/306
f 245/1039/307 246/1040/307 241/1041/307
f 254/1042/308 253/1043/308 249/1044/308
f 246/1045/309 247/1046/309 241/1047/309
f 255/1048/310 254/1049/310 249/1050/310
f 247/1051/311 248/1052/311 241/1053/311
f 256/1054/312 255/1055/312 249/1056/312
f 249/1057/313 250/1058/313 242/1059/313 241/1060/313
f 250/1061/314 251/1062/314 243/1063/314 242/1064/314
f 251/1065/315 252/1066/315 244/1067/315 243/1068/315
f 252/1069/316 253/1070/316 245/1071/316 244/1072/316
f 253/1073/317 254/1074/317 246/1075/317 245/1076/317
f 254/1077/318 255/1078/318 247/1079/318 246/1080/318
f 255/1081/319 256/1082/319 248/1083/319 247/1084/319
f 256/1085/320 249/1086/320 241/1087/320 248/1088/320
o key_01_16
f 258/1089/321 259/1090/321 257/1091/321
f 267/1092/322 266/1093/322 265/1094/322
f 259/1095/323 260/1096/323 257/1097/323
f 268/1098/324 267/1099/324 265/1100/324
f 260/1101/325 261/1102/325 257/1103/325
f 269/1104/326 268/1105/326 265/1106/326
f 261/1107/327 262/1108/327 257/1109/327
f 270/1110/328 269/1111/328 265/1112/328
f 262/1113/329 263/1114/329 257/1115/329
f 271/1116/330 270/1117/330 265/1118/330
f 263/1119/331 264/1120/331 257/1121/331
f 272/1122/332 271/1123/332 265/1124/332
f 265/1125/333 266/1126/333 258/1127/333 257/1128/333
f 266/1129/334 267/1130/334 259/1131/334 258/1132/334
f 267/1133/335 268/1134/335 260/1135/335 259/1136/335
f 268/1137/336 269/1138/336 261/1139/336 260/1140/336
f 269/1141/337 270/1142/337 262/1143/337 261/1144/337
f 270/1145/338 271/1146/338 263/1147/338 262/1148/338
f 271/1149/339 272/1150/339 264/1151/339 263/1152/339
f 272/1153/340 265/1154/340 257/1155/340 264/1156/340
o key_02_17
f 274/1157/341 275/1158/341 273/1159/341
f 283/1160/342 282/1161/342 281/1162/342
f 275/1163/343 276/1164/343 273/1165/343
f 284/1166/344 283/1167/344 281/1168/344
f 276/1169/345 277/1170/345 273/1171/345
f 285/1172/346 284/1173/346 281/1174/346
f 277/1175/347 278/1176/347 273/1177/347
f 286/1178/348 285/1179/348 281/1180/348
f 278/1181/349 279/1182/349 273/1183/349
f 287/1184/350 286/1185/350 281/1186/350
f 279/1187/351 280/1188/351 273/1189/351
f 288/1190/352 287/1191/352 281/1192/352
f 281/1193/353 282/1194/353 274/1195/353 273/1196/353
f 282/1197/354 283/1198/354 275/1199/354 274/1200/354
f 283/1201/355 284/1202/355 276/1203/355 275/1204/355
f 284/1205/356 285/1206/356 277/1207/356 276/1208/356
f 285/1209/357 286/1210/357 278/1211/357 277/1212/357
f 286/1213/358 287/1214/358 279/1215/358 278/1216/358
f 287/1217/359 288/1218/359 280/1219/359 279/1220/359
f 288/1221/360 281/1222/360 273/1223/360 280/1224/360
o key_10_18
f 290/1225/361 291/1226/361 289/1227/361
f 299/1228/362 298/1229/362 297/1230/362
f 291/1231/363 292/1232/363 289/1233/363
f 300/1234/364 299/1235/364 297/1236/364
f 292/1237/365 293/1238/365 289/1239/365
f 301/1240/366 300/1241/366 297/1242/366
f 293/1243/367 294/1244/367 289/1245/367
f 302/1246/368 301/1247/368 297/1248/368
f 294/1249/369 295/1250/369 289/1251/369
f 303/1252/370 302/1253/370 297/1254/370
f 295/1255/371 296/1256/371 289/1257/371
f 304/1258/372 303/1259/372 297/1260/372
f 297/1261/373 298/1262/373 290/1263/373 289/1264/373
f 298/1265/374 299/1266/374 291/1267/374 290/1268/374
f 299/1269/375 300/1270/375 292/1271/375 291/1272/375
f 300/1273/376 301/1274/376 293/1275/376 292/1276/376
f 301/1277/377 302/1278/377 294/1279/377 293/1280/377
f 302/1281/378 303/1282/378 295/1283/378 294/1284/378
f 303/1285/379 304/1286/379 296/1287/379 295/1288/379
f 304/1289/380 297/1290/380 289/1291/380 296/1292/380
o key_11_19
f 306/1293/381 307/1294/381 305/1295/381
f 315/1296/382 314/1297/382 313/1298/382
f 307/1299/383 308/1300/383 305/1301/383
f 316/1302/384 315/1303/384 313/1304/384
f 308/1305/385 309/1306/385 305/1307/385
f 317/1308/386 316/1309/386 313/1310/386
f 309/1311/387 310/1312/387 305/1313/387
f 318/1314/388 317/1315/388 313/1316/388
f 310/1317/389 311/1318/389 305/1319/389
f 319/1320/390 318/1321/390 313/1322/390
f 311/1323/391 312/1324/391 305/1325/391
f 320/1326/392 319/1327/392 313/1328/392
f 313/1329/393 314/1330/393 306/1331/393 305/1332/393
f 314/1333/394 315/1334/394 307/1335/394 306/1336/394
f 315/1337/395 316/1338/395 308/1339/395 307/1340/395
f 316/1341/396 317/1342/396 309/1343/396 308/1344/396
f 317/1345/397 318/1346/397 310/1347/397 309/1348/397
f 318/1349/398 319/1350/398 311/1351/398 310/1352/398
f 319/1353/399 320/1354/399 312/1355/399 311/1356/399
f 320/1357/400 313/1358/400 305/1359/400 312/1360/400
o key_12_20
f 322/1361/401 323/1362/401 321/1363/401
f 331/1364/402 330/1365/402 329/1366/402
f 323/1367/403 324/1368/403 321/1369/403
f 332/1370/404 331/1371/404 329/1372/404
f 324/1373/405 325/1374/405 321/1375/405
f 333/1376/406 332/1377/406 329/1378/406
f 325/1379/407 326/1380/407 321/1381/407
f 334/1382/408 333/1383/408 329/1384/408
f 326/1385/409 327/1386/409 321/1387/409
f 335/1388/410 334/1389/410 329/1390/410
f 327/1391/411 328/1392/411 321/1393/411
f 336/1394/412 335/1395/412 329/1396/412
f 329/1397/413 330/1398/413 322/1399/413 321/1400/413
f 330/1401/414 331/1402/414 323/1403/414 322/1404/414
f 331/1405/415 332/1406/415 324/1407/415 323/1408/415
f 332/1409/416 333/1410/416 325/1411/416 324/1412/416
f 333/1413/417 334/1414/417 326/1415/417 325/1416/417
f 334/1417/418 335/1418/418 327/1419/418 326/1420/418
f 335/1421/419 336/1422/419 328/1423/419 327/1424/419
f 336/1425/420 329/1426/420 321/1427/420 328/1428/420
o reader_recess_21
f 338/1429/421 339/1430/421 337/1431/421
f 347/1432/422 346/1433/422 345/1434/422
f 339/1435/423 340/1436/423 337/1437/423
f 348/1438/424 347/1439/424 345/1440/424
f 340/1441/425 341/1442/425 337/1443/425
f 349/1444/426 348/1445/426 345/1446/426
f 341/1447/427 342/1448/427 337/1449/427
f 350/1450/428 349/1451/428 345/1452/428
f 342/1453/429 343/1454/429 337/1455/429
f 351/1456/430 350/1457/430 345/1458/430
f 343/1459/431 344/1460/431 337/1461/431
f 352/1462/432 351/1463/432 345/1464/432
f 345/1465/433 346/1466/433 338/1467/433 337/1468/433
f 346/1469/434 347/1470/434 339/1471/434 338/1472/434
f 347/1473/435 348/1474/435 340/1475/435 339/1476/435
f 348/1477/436 349/1478/436 341/1479/436 340/1480/436
f 349/1481/437 350/1482/437 342/1483/437 341/1484/437
f 350/1485/438 351/1486/438 343/1487/438 342/1488/438
f 351/1489/439 352/1490/439 344/1491/439 343/1492/439
f 352/1493/440 345/1494/440 337/1495/440 344/1496/440
o reader_slot_22
f 354/1497/441 355/1498/441 353/1499/441
f 363/1500/442 362/1501/442 361/1502/442
f 355/1503/443 356/1504/443 353/1505/443
f 364/1506/444 363/1507/444 361/1508/444
f 356/1509/445 357/1510/445 353/1511/445
f 365/1512/446 364/1513/446 361/1514/446
f 357/1515/447 358/1516/447 353/1517/447
f 366/1518/448 365/1519/448 361/1520/448
f 358/1521/449 359/1522/449 353/1523/449
f 367/1524/450 366/1525/450 361/1526/450
f 359/1527/451 360/1528/451 353/1529/451
f 368/1530/452 367/1531/452 361/1532/452
f 361/1533/453 362/1534/453 354/1535/453 353/1536/453
f 362/1537/454 363/1538/454 355/1539/454 354/1540/454
f 363/1541/455 364/1542/455 356/1543/455 355/1544/455
f 364/1545/456 365/1546/456 357/1547/456 356/1548/456
f 365/1549/457 366/1550/457 358/1551/457 357/1552/457
f 366/1553/458 367/1554/458 359/1555/458 358/1556/458
f 367/1557/459 368/1558/459 360/1559/459 359/1560/459
f 368/1561/460 361/1562/460 353/1563/460 360/1564/460
o cargo_shelf_23
f 370/1565/461 371/1566/461 369/1567/461
f 379/1568/462 378/1569/462 377/1570/462
f 371/1571/463 372/1572/463 369/1573/463
f 380/1574/464 379/1575/464 377/1576/464
f 372/1577/465 373/1578/465 369/1579/465
f 381/1580/466 380/1581/466 377/1582/466
f 373/1583/467 374/1584/467 369/1585/467
f 382/1586/468 381/1587/468 377/1588/468
f 374/1589/469 375/1590/469 369/1591/469
f 383/1592/470 382/1593/470 377/1594/470
f 375/1595/471 376/1596/471 369/1597/471
f 384/1598/472 383/1599/472 377/1600/472
f 377/1601/473 378/1602/473 370/1603/473 369/1604/473
f 378/1605/474 379/1606/474 371/1607/474 370/1608/474
f 379/1609/475 380/1610/475 372/1611/475 371/1612/475
f 380/1613/476 381/1614/476 373/1615/476 372/1616/476
f 381/1617/477 382/1618/477 374/1619/477 373/1620/477
f 382/1621/478 383/1622/478 375/1623/478 374/1624/478
f 383/1625/479 384/1626/479 376/1627/479 375/1628/479
f 384/1629/480 377/1630/480 369/1631/480 376/1632/480
o cargo_rear_upper_panel_24
f 386/1633/481 387/1634/481 385/1635/481
f 395/1636/482 394/1637/482 393/1638/482
f 387/1639/483 388/1640/483 385/1641/483
f 396/1642/484 395/1643/484 393/1644/484
f 388/1645/485 389/1646/485 385/1647/485
f 397/1648/486 396/1649/486 393/1650/486
f 389/1651/487 390/1652/487 385/1653/487
f 398/1654/488 397/1655/488 393/1656/488
f 390/1657/489 391/1658/489 385/1659/489
f 399/1660/490 398/1661/490 393/1662/490
f 391/1663/491 392/1664/491 385/1665/491
f 400/1666/492 399/1667/492 393/1668/492
f 393/1669/493 394/1670/493 386/1671/493 385/1672/493
f 394/1673/494 395/1674/494 387/1675/494 386/1676/494
f 395/1677/495 396/1678/495 388/1679/495 387/1680/495
f 396/1681/496 397/1682/496 389/1683/496 388/1684/496
f 397/1685/497 398/1686/497 390/1687/497 389/1688/497
f 398/1689/498 399/1690/498 391/1691/498 390/1692/498
f 399/1693/499 400/1694/499 392/1695/499 391/1696/499
f 400/1697/500 393/1698/500 385/1699/500 392/1700/500
o cargo_rear_lower_panel_25
f 402/1701/501 403/1702/501 401/1703/501
f 411/1704/502 410/1705/502 409/1706/502
f 403/1707/503 404/1708/503 401/1709/503
f 412/1710/504 411/1711/504 409/1712/504
f 404/1713/505 405/1714/505 401/1715/505
f 413/1716/506 412/1717/506 409/1718/506
f 405/1719/507 406/1720/507 401/1721/507
f 414/1722/508 413/1723/508 409/1724/508
f 406/1725/509 407/1726/509 401/1727/509
f 415/1728/510 414/1729/510 409/1730/510
f 407/1731/511 408/1732/511 401/1733/511
f 416/1734/512 415/1735/512 409/1736/512
f 409/1737/513 410/1738/513 402/1739/513 401/1740/513
f 410/1741/514 411/1742/514 403/1743/514 402/1744/514
f 411/1745/515 412/1746/515 404/1747/515 403/1748/515
f 412/1749/516 413/1750/516 405/1751/516 404/1752/516
f 413/1753/517 414/1754/517 406/1755/517 405/1756/517
f 414/1757/518 415/1758/518 407/1759/518 406/1760/518
f 415/1761/519 416/1762/519 408/1763/519 407/1764/519
f 416/1765/520 409/1766/520 401/1767/520 408/1768/520
o interior_upper_light_channel_26
usemtl locker_optics
f 418/1769/521 419/1770/521 417/1771/521
f 427/1772/522 426/1773/522 425/1774/522
f 419/1775/523 420/1776/523 417/1777/523
f 428/1778/524 427/1779/524 425/1780/524
f 420/1781/525 421/1782/525 417/1783/525
f 429/1784/526 428/1785/526 425/1786/526
f 421/1787/527 422/1788/527 417/1789/527
f 430/1790/528 429/1791/528 425/1792/528
f 422/1793/529 423/1794/529 417/1795/529
f 431/1796/530 430/1797/530 425/1798/530
f 423/1799/531 424/1800/531 417/1801/531
f 432/1802/532 431/1803/532 425/1804/532
f 425/1805/533 426/1806/533 418/1807/533 417/1808/533
f 426/1809/534 427/1810/534 419/1811/534 418/1812/534
f 427/1813/535 428/1814/535 420/1815/535 419/1816/535
f 428/1817/536 429/1818/536 421/1819/536 420/1820/536
f 429/1821/537 430/1822/537 422/1823/537 421/1824/537
f 430/1825/538 431/1826/538 423/1827/538 422/1828/538
f 431/1829/539 432/1830/539 424/1831/539 423/1832/539
f 432/1833/540 425/1834/540 417/1835/540 424/1836/540
o hologram_projector_socket_27
usemtl locker_surface_atlas
f 434/1837/541 435/1838/541 433/1839/541
f 443/1840/542 442/1841/542 441/1842/542
f 435/1843/543 436/1844/543 433/1845/543
f 444/1846/544 443/1847/544 441/1848/544
f 436/1849/545 437/1850/545 433/1851/545
f 445/1852/546 444/1853/546 441/1854/546
f 437/1855/547 438/1856/547 433/1857/547
f 446/1858/548 445/1859/548 441/1860/548
f 438/1861/549 439/1862/549 433/1863/549
f 447/1864/550 446/1865/550 441/1866/550
f 439/1867/551 440/1868/551 433/1869/551
f 448/1870/552 447/1871/552 441/1872/552
f 441/1873/553 442/1874/553 434/1875/553 433/1876/553
f 442/1877/554 443/1878/554 435/1879/554 434/1880/554
f 443/1881/555 444/1882/555 436/1883/555 435/1884/555
f 444/1885/556 445/1886/556 437/1887/556 436/1888/556
f 445/1889/557 446/1890/557 438/1891/557 437/1892/557
f 446/1893/558 447/1894/558 439/1895/558 438/1896/558
f 447/1897/559 448/1898/559 440/1899/559 439/1900/559
f 448/1901/560 441/1902/560 433/1903/560 440/1904/560
o projector_lens_28
usemtl locker_optics
f 450/1905/561 451/1906/561 449/1907/561
f 459/1908/562 458/1909/562 457/1910/562
f 451/1911/563 452/1912/563 449/1913/563
f 460/1914/564 459/1915/564 457/1916/564
f 452/1917/565 453/1918/565 449/1919/565
f 461/1920/566 460/1921/566 457/1922/566
f 453/1923/567 454/1924/567 449/1925/567
f 462/1926/568 461/1927/568 457/1928/568
f 454/1929/569 455/1930/569 449/1931/569
f 463/1932/570 462/1933/570 457/1934/570
f 455/1935/571 456/1936/571 449/1937/571
f 464/1938/572 463/1939/572 457/1940/572
f 457/1941/573 458/1942/573 450/1943/573 449/1944/573
f 458/1945/574 459/1946/574 451/1947/574 450/1948/574
f 459/1949/575 460/1950/575 452/1951/575 451/1952/575
f 460/1953/576 461/1954/576 453/1955/576 452/1956/576
f 461/1957/577 462/1958/577 454/1959/577 453/1960/577
f 462/1961/578 463/1962/578 455/1963/578 454/1964/578
f 463/1965/579 464/1966/579 456/1967/579 455/1968/579
f 464/1969/580 457/1970/580 449/1971/580 456/1972/580
o right_side_vent_4_3_29
usemtl locker_surface_atlas
f 466/1973/581 467/1974/581 465/1975/581
f 475/1976/582 474/1977/582 473/1978/582
f 467/1979/583 468/1980/583 465/1981/583
f 476/1982/584 475/1983/584 473/1984/584
f 468/1985/585 469/1986/585 465/1987/585
f 477/1988/586 476/1989/586 473/1990/586
f 469/1991/587 470/1992/587 465/1993/587
f 478/1994/588 477/1995/588 473/1996/588
f 470/1997/589 471/1998/589 465/1999/589
f 479/2000/590 478/2001/590 473/2002/590
f 471/2003/591 472/2004/591 465/2005/591
f 480/2006/592 479/2007/592 473/2008/592
f 473/2009/593 474/2010/593 466/2011/593 465/2012/593
f 474/2013/594 475/2014/594 467/2015/594 466/2016/594
f 475/2017/595 476/2018/595 468/2019/595 467/2020/595
f 476/2021/596 477/2022/596 469/2023/596 468/2024/596
f 477/2025/597 478/2026/597 470/2027/597 469/2028/597
f 478/2029/598 479/2030/598 471/2031/598 470/2032/598
f 479/2033/599 480/2034/599 472/2035/599 471/2036/599
f 480/2037/600 473/2038/600 465/2039/600 472/2040/600
o right_side_vent_5_55_30
f 482/2041/601 483/2042/601 481/2043/601
f 491/2044/602 490/2045/602 489/2046/602
f 483/2047/603 484/2048/603 481/2049/603
f 492/2050/604 491/2051/604 489/2052/604
f 484/2053/605 485/2054/605 481/2055/605
f 493/2056/606 492/2057/606 489/2058/606
f 485/2059/607 486/2060/607 481/2061/607
f 494/2062/608 493/2063/608 489/2064/608
f 486/2065/609 487/2066/609 481/2067/609
f 495/2068/610 494/2069/610 489/2070/610
f 487/2071/611 488/2072/611 481/2073/611
f 496/2074/612 495/2075/612 489/2076/612
f 489/2077/613 490/2078/613 482/2079/613 481/2080/613
f 490/2081/614 491/2082/614 483/2083/614 482/2084/614
f 491/2085/615 492/2086/615 484/2087/615 483/2088/615
f 492/2089/616 493/2090/616 485/2091/616 484/2092/616
f 493/2093/617 494/2094/617 486/2095/617 485/2096/617
f 494/2097/618 495/2098/618 487/2099/618 486/2100/618
f 495/2101/619 496/2102/619 488/2103/619 487/2104/619
f 496/2105/620 489/2106/620 481/2107/620 488/2108/620
o right_side_vent_6_8_31
f 498/2109/621 499/2110/621 497/2111/621
f 507/2112/622 506/2113/622 505/2114/622
f 499/2115/623 500/2116/623 497/2117/623
f 508/2118/624 507/2119/624 505/2120/624
f 500/2121/625 501/2122/625 497/2123/625
f 509/2124/626 508/2125/626 505/2126/626
f 501/2127/627 502/2128/627 497/2129/627
f 510/2130/628 509/2131/628 505/2132/628
f 502/2133/629 503/2134/629 497/2135/629
f 511/2136/630 510/2137/630 505/2138/630
f 503/2139/631 504/2140/631 497/2141/631
f 512/2142/632 511/2143/632 505/2144/632
f 505/2145/633 506/2146/633 498/2147/633 497/2148/633
f 506/2149/634 507/2150/634 499/2151/634 498/2152/634
f 507/2153/635 508/2154/635 500/2155/635 499/2156/635
f 508/2157/636 509/2158/636 501/2159/636 500/2160/636
f 509/2161/637 510/2162/637 502/2163/637 501/2164/637
f 510/2165/638 511/2166/638 503/2167/638 502/2168/638
f 511/2169/639 512/2170/639 504/2171/639 503/2172/639
f 512/2173/640 505/2174/640 497/2175/640 504/2176/640
o left_sliding_door_32
f 513/2177/641 515/2178/641 514/2179/641
f 521/2180/642 522/2181/642 523/2182/642
f 513/2183/643 516/2184/643 515/2185/643
f 521/2186/644 523/2187/644 524/2188/644
f 513/2189/645 517/2190/645 516/2191/645
f 521/2192/646 524/2193/646 525/2194/646
f 513/2195/647 518/2196/647 517/2197/647
f 521/2198/648 525/2199/648 526/2200/648
f 513/2201/649 519/2202/649 518/2203/649
f 521/2204/650 526/2205/650 527/2206/650
f 513/2207/651 520/2208/651 519/2209/651
f 521/2210/652 527/2211/652 528/2212/652
f 513/2213/653 514/2214/653 522/2215/653 521/2216/653
f 514/2217/654 515/2218/654 523/2219/654 522/2220/654
f 515/2221/655 516/2222/655 524/2223/655 523/2224/655
f 516/2225/656 517/2226/656 525/2227/656 524/2228/656
f 517/2229/657 518/2230/657 526/2231/657 525/2232/657
f 518/2233/658 519/2234/658 527/2235/658 526/2236/658
f 519/2237/659 520/2238/659 528/2239/659 527/2240/659
f 520/2241/660 513/2242/660 521/2243/660 528/2244/660
o door_inset_0_33
f 530/2245/661 531/2246/661 529/2247/661
f 539/2248/662 538/2249/662 537/2250/662
f 531/2251/663 532/2252/663 529/2253/663
f 540/2254/664 539/2255/664 537/2256/664
f 532/2257/665 533/2258/665 529/2259/665
f 541/2260/666 540/2261/666 537/2262/666
f 533/2263/667 534/2264/667 529/2265/667
f 542/2266/668 541/2267/668 537/2268/668
f 534/2269/669 535/2270/669 529/2271/669
f 543/2272/670 542/2273/670 537/2274/670
f 535/2275/671 536/2276/671 529/2277/671
f 544/2278/672 543/2279/672 537/2280/672
f 537/2281/673 538/2282/673 530/2283/673 529/2284/673
f 538/2285/674 539/2286/674 531/2287/674 530/2288/674
f 539/2289/675 540/2290/675 532/2291/675 531/2292/675
f 540/2293/676 541/2294/676 533/2295/676 532/2296/676
f 541/2297/677 542/2298/677 534/2299/677 533/2300/677
f 542/2301/678 543/2302/678 535/2303/678 534/2304/678
f 543/2305/679 544/2306/679 536/2307/679 535/2308/679
f 544/2309/680 537/2310/680 529/2311/680 536/2312/680
o recessed_pull_0_34
f 546/2313/681 547/2314/681 545/2315/681
f 555/2316/682 554/2317/682 553/2318/682
f 547/2319/683 548/2320/683 545/2321/683
f 556/2322/684 555/2323/684 553/2324/684
f 548/2325/685 549/2326/685 545/2327/685
f 557/2328/686 556/2329/686 553/2330/686
f 549/2331/687 550/2332/687 545/2333/687
f 558/2334/688 557/2335/688 553/2336/688
f 550/2337/689 551/2338/689 545/2339/689
f 559/2340/690 558/2341/690 553/2342/690
f 551/2343/691 552/2344/691 545/2345/691
f 560/2346/692 559/2347/692 553/2348/692
f 553/2349/693 554/2350/693 546/2351/693 545/2352/693
f 554/2353/694 555/2354/694 547/2355/694 546/2356/694
f 555/2357/695 556/2358/695 548/2359/695 547/2360/695
f 556/2361/696 557/2362/696 549/2363/696 548/2364/696
f 557/2365/697 558/2366/697 550/2367/697 549/2368/697
f 558/2369/698 559/2370/698 551/2371/698 550/2372/698
f 559/2373/699 560/2374/699 552/2375/699 551/2376/699
f 560/2377/700 553/2378/700 545/2379/700 552/2380/700
o door_upper_marking_0_35
f 562/2381/701 563/2382/701 561/2383/701
f 571/2384/702 570/2385/702 569/2386/702
f 563/2387/703 564/2388/703 561/2389/703
f 572/2390/704 571/2391/704 569/2392/704
f 564/2393/705 565/2394/705 561/2395/705
f 573/2396/706 572/2397/706 569/2398/706
f 565/2399/707 566/2400/707 561/2401/707
f 574/2402/708 573/2403/708 569/2404/708
f 566/2405/709 567/2406/709 561/2407/709
f 575/2408/710 574/2409/710 569/2410/710
f 567/2411/711 568/2412/711 561/2413/711
f 576/2414/712 575/2415/712 569/2416/712
f 569/2417/713 570/2418/713 562/2419/713 561/2420/713
f 570/2421/714 571/2422/714 563/2423/714 562/2424/714
f 571/2425/715 572/2426/715 564/2427/715 563/2428/715
f 572/2429/716 573/2430/716 565/2431/716 564/2432/716
f 573/2433/717 574/2434/717 566/2435/717 565/2436/717
f 574/2437/718 575/2438/718 567/2439/718 566/2440/718
f 575/2441/719 576/2442/719 568/2443/719 567/2444/719
f 576/2445/720 569/2446/720 561/2447/720 568/2448/720
o door_lower_raised_panel_0_36
f 578/2449/721 579/2450/721 577/2451/721
f 587/2452/722 586/2453/722 585/2454/722
f 579/2455/723 580/2456/723 577/2457/723
f 588/2458/724 587/2459/724 585/2460/724
f 580/2461/725 581/2462/725 577/2463/725
f 589/2464/726 588/2465/726 585/2466/726
f 581/2467/727 582/2468/727 577/2469/727
f 590/2470/728 589/2471/728 585/2472/728
f 582/2473/729 583/2474/729 577/2475/729
f 591/2476/730 590/2477/730 585/2478/730
f 583/2479/731 584/2480/731 577/2481/731
f 592/2482/732 591/2483/732 585/2484/732
f 585/2485/733 586/2486/733 578/2487/733 577/2488/733
f 586/2489/734 587/2490/734 579/2491/734 578/2492/734
f 587/2493/735 588/2494/735 580/2495/735 579/2496/735
f 588/2497/736 589/2498/736 581/2499/736 580/2500/736
f 589/2501/737 590/2502/737 582/2503/737 581/2504/737
f 590/2505/738 591/2506/738 583/2507/738 582/2508/738
f 591/2509/739 592/2510/739 584/2511/739 583/2512/739
f 592/2513/740 585/2514/740 577/2515/740 584/2516/740
o door_seam_overlap_lip_37
f 593/2517/741 595/2518/741 594/2519/741
f 601/2520/742 602/2521/742 603/2522/742
f 593/2523/743 596/2524/743 595/2525/743
f 601/2526/744 603/2527/744 604/2528/744
f 593/2529/745 597/2530/745 596/2531/745
f 601/2532/746 604/2533/746 605/2534/746
f 593/2535/747 598/2536/747 597/2537/747
f 601/2538/748 605/2539/748 606/2540/748
f 593/2541/749 599/2542/749 598/2543/749
f 601/2544/750 606/2545/750 607/2546/750
f 593/2547/751 600/2548/751 599/2549/751
f 601/2550/752 607/2551/752 608/2552/752
f 593/2553/753 594/2554/753 602/2555/753 601/2556/753
f 594/2557/754 595/2558/754 603/2559/754 602/2560/754
f 595/2561/755 596/2562/755 604/2563/755 603/2564/755
f 596/2565/756 597/2566/756 605/2567/756 604/2568/756
f 597/2569/757 598/2570/757 606/2571/757 605/2572/757
f 598/2573/758 599/2574/758 607/2575/758 606/2576/758
f 599/2577/759 600/2578/759 608/2579/759 607/2580/759
f 600/2581/760 593/2582/760 601/2583/760 608/2584/760
o right_sliding_door_38
f 609/2585/761 611/2586/761 610/2587/761
f 617/2588/762 618/2589/762 619/2590/762
f 609/2591/763 612/2592/763 611/2593/763
f 617/2594/764 619/2595/764 620/2596/764
f 609/2597/765 613/2598/765 612/2599/765
f 617/2600/766 620/2601/766 621/2602/766
f 609/2603/767 614/2604/767 613/2605/767
f 617/2606/768 621/2607/768 622/2608/768
f 609/2609/769 615/2610/769 614/2611/769
f 617/2612/770 622/2613/770 623/2614/770
f 609/2615/771 616/2616/771 615/2617/771
f 617/2618/772 623/2619/772 624/2620/772
f 609/2621/773 610/2622/773 618/2623/773 617/2624/773
f 610/2625/774 611/2626/774 619/2627/774 618/2628/774
f 611/2629/775 612/2630/775 620/2631/775 619/2632/775
f 612/2633/776 613/2634/776 621/2635/776 620/2636/776
f 613/2637/777 614/2638/777 622/2639/777 621/2640/777
f 614/2641/778 615/2642/778 623/2643/778 622/2644/778
f 615/2645/779 616/2646/779 624/2647/779 623/2648/779
f 616/2649/780 609/2650/780 617/2651/780 624/2652/780
o door_inset_1_39
f 626/2653/781 627/2654/781 625/2655/781
f 635/2656/782 634/2657/782 633/2658/782
f 627/2659/783 628/2660/783 625/2661/783
f 636/2662/784 635/2663/784 633/2664/784
f 628/2665/785 629/2666/785 625/2667/785
f 637/2668/786 636/2669/786 633/2670/786
f 629/2671/787 630/2672/787 625/2673/787
f 638/2674/788 637/2675/788 633/2676/788
f 630/2677/789 631/2678/789 625/2679/789
f 639/2680/790 638/2681/790 633/2682/790
f 631/2683/791 632/2684/791 625/2685/791
f 640/2686/792 639/2687/792 633/2688/792
f 633/2689/793 634/2690/793 626/2691/793 625/2692/793
f 634/2693/794 635/2694/794 627/2695/794 626/2696/794
f 635/2697/795 636/2698/795 628/2699/795 627/2700/795
f 636/2701/796 637/2702/796 629/2703/796 628/2704/796
f 637/2705/797 638/2706/797 630/2707/797 629/2708/797
f 638/2709/798 639/2710/798 631/2711/798 630/2712/798
f 639/2713/799 640/2714/799 632/2715/799 631/2716/799
f 640/2717/800 633/2718/800 625/2719/800 632/2720/800
o recessed_pull_1_40
f 642/2721/801 643/2722/801 641/2723/801
f 651/2724/802 650/2725/802 649/2726/802
f 643/2727/803 644/2728/803 641/2729/803
f 652/2730/804 651/2731/804 649/2732/804
f 644/2733/805 645/2734/805 641/2735/805
f 653/2736/806 652/2737/806 649/2738/806
f 645/2739/807 646/2740/807 641/2741/807
f 654/2742/808 653/2743/808 649/2744/808
f 646/2745/809 647/2746/809 641/2747/809
f 655/2748/810 654/2749/810 649/2750/810
f 647/2751/811 648/2752/811 641/2753/811
f 656/2754/812 655/2755/812 649/2756/812
f 649/2757/813 650/2758/813 642/2759/813 641/2760/813
f 650/2761/814 651/2762/814 643/2763/814 642/2764/814
f 651/2765/815 652/2766/815 644/2767/815 643/2768/815
f 652/2769/816 653/2770/816 645/2771/816 644/2772/816
f 653/2773/817 654/2774/817 646/2775/817 645/2776/817
f 654/2777/818 655/2778/818 647/2779/818 646/2780/818
f 655/2781/819 656/2782/819 648/2783/819 647/2784/819
f 656/2785/820 649/2786/820 641/2787/820 648/2788/820
o door_upper_marking_1_41
f 658/2789/821 659/2790/821 657/2791/821
f 667/2792/822 666/2793/822 665/2794/822
f 659/2795/823 660/2796/823 657/2797/823
f 668/2798/824 667/2799/824 665/2800/824
f 660/2801/825 661/2802/825 657/2803/825
f 669/2804/826 668/2805/826 665/2806/826
f 661/2807/827 662/2808/827 657/2809/827
f 670/2810/828 669/2811/828 665/2812/828
f 662/2813/829 663/2814/829 657/2815/829
f 671/2816/830 670/2817/830 665/2818/830
f 663/2819/831 664/2820/831 657/2821/831
f 672/2822/832 671/2823/832 665/2824/832
f 665/2825/833 666/2826/833 658/2827/833 657/2828/833
f 666/2829/834 667/2830/834 659/2831/834 658/2832/834
f 667/2833/835 668/2834/835 660/2835/835 659/2836/835
f 668/2837/836 669/2838/836 661/2839/836 660/2840/836
f 669/2841/837 670/2842/837 662/2843/837 661/2844/837
f 670/2845/838 671/2846/838 663/2847/838 662/2848/838
f 671/2849/839 672/2850/839 664/2851/839 663/2852/839
f 672/2853/840 665/2854/840 657/2855/840 664/2856/840
o door_lower_raised_panel_1_42
f 674/2857/841 675/2858/841 673/2859/841
f 683/2860/842 682/2861/842 681/2862/842
f 675/2863/843 676/2864/843 673/2865/843
f 684/2866/844 683/2867/844 681/2868/844
f 676/2869/845 677/2870/845 673/2871/845
f 685/2872/846 684/2873/846 681/2874/846
f 677/2875/847 678/2876/847 673/2877/847
f 686/2878/848 685/2879/848 681/2880/848
f 678/2881/849 679/2882/849 673/2883/849
f 687/2884/850 686/2885/850 681/2886/850
f 679/2887/851 680/2888/851 673/2889/851
f 688/2890/852 687/2891/852 681/2892/852
f 681/2893/853 682/2894/853 674/2895/853 673/2896/853
f 682/2897/854 683/2898/854 675/2899/854 674/2900/854
f 683/2901/855 684/2902/855 676/2903/855 675/2904/855
f 684/2905/856 685/2906/856 677/2907/856 676/2908/856
f 685/2909/857 686/2910/857 678/2911/857 677/2912/857
f 686/2913/858 687/2914/858 679/2915/858 678/2916/858
f 687/2917/859 688/2918/859 680/2919/859 679/2920/859
f 688/2921/860 681/2922/860 673/2923/860 680/2924/860
o flat_holographic_lock_display_43
usemtl locker_hologram
f 689/2925/861 692/2926/861 691/2927/861 690/2928/861
o fixed_hologram_frame_44
usemtl locker_hologram_frame
f 693/2929/862 696/2930/862 695/2931/862 694/2932/862
