# Made in Blockbench 5.2.1
mtllib shuttle_thruster.mtl

o neck_mounting_collar
v 0.6501827460617446 0.5298732055587196 0.7875
v 0.6273187843838273 0.5850716919311266 0.7875
v 0.5850716919311266 0.6273187843838273 0.7875
v 0.5298732055587196 0.6501827460617446 0.7875
v 0.47012679444128036 0.6501827460617446 0.7875
v 0.41492830806887343 0.6273187843838273 0.7875
v 0.37268121561617273 0.5850716919311266 0.7875
v 0.34981725393825536 0.5298732055587196 0.7875
v 0.34981725393825536 0.47012679444128036 0.7875
v 0.37268121561617273 0.41492830806887343 0.7875
v 0.41492830806887343 0.37268121561617273 0.7875
v 0.4701267944412803 0.34981725393825536 0.7875
v 0.5298732055587196 0.34981725393825536 0.7875
v 0.5850716919311265 0.37268121561617273 0.7875
v 0.6273187843838273 0.41492830806887343 0.7875
v 0.6501827460617446 0.4701267944412803 0.7875
v 0.6642815344675411 0.5326776289377015 0.8
v 0.6392711600606763 0.5930580140307834 0.8
v 0.5930580140307834 0.6392711600606763 0.8
v 0.5326776289377015 0.6642815344675411 0.8
v 0.4673223710622985 0.6642815344675411 0.8
v 0.40694198596921666 0.6392711600606764 0.8
v 0.36072883993932364 0.5930580140307834 0.8
v 0.3357184655324589 0.5326776289377015 0.8
v 0.3357184655324589 0.4673223710622985 0.8
v 0.3607288399393236 0.40694198596921666 0.8
v 0.4069419859692166 0.3607288399393237 0.8
v 0.46732237106229846 0.3357184655324589 0.8
v 0.5326776289377015 0.3357184655324589 0.8
v 0.5930580140307833 0.3607288399393236 0.8
v 0.6392711600606763 0.4069419859692166 0.8
v 0.6642815344675411 0.46732237106229846 0.8
v 0.6642815344675411 0.5326776289377015 0.84375
v 0.6392711600606763 0.5930580140307834 0.84375
v 0.5930580140307834 0.6392711600606763 0.84375
v 0.5326776289377015 0.6642815344675411 0.84375
v 0.4673223710622985 0.6642815344675411 0.84375
v 0.40694198596921666 0.6392711600606764 0.84375
v 0.36072883993932364 0.5930580140307834 0.84375
v 0.3357184655324589 0.5326776289377015 0.84375
v 0.3357184655324589 0.4673223710622985 0.84375
v 0.3607288399393236 0.40694198596921666 0.84375
v 0.4069419859692166 0.3607288399393237 0.84375
v 0.46732237106229846 0.3357184655324589 0.84375
v 0.5326776289377015 0.3357184655324589 0.84375
v 0.5930580140307833 0.3607288399393236 0.84375
v 0.6392711600606763 0.4069419859692166 0.84375
v 0.6642815344675411 0.46732237106229846 0.84375
v 0.6501827460617446 0.5298732055587196 0.85625
v 0.6273187843838273 0.5850716919311266 0.85625
v 0.5850716919311266 0.6273187843838273 0.85625
v 0.5298732055587196 0.6501827460617446 0.85625
v 0.47012679444128036 0.6501827460617446 0.85625
v 0.41492830806887343 0.6273187843838273 0.85625
v 0.37268121561617273 0.5850716919311266 0.85625
v 0.34981725393825536 0.5298732055587196 0.85625
v 0.34981725393825536 0.47012679444128036 0.85625
v 0.37268121561617273 0.41492830806887343 0.85625
v 0.41492830806887343 0.37268121561617273 0.85625
v 0.4701267944412803 0.34981725393825536 0.85625
v 0.5298732055587196 0.34981725393825536 0.85625
v 0.5850716919311265 0.37268121561617273 0.85625
v 0.6273187843838273 0.41492830806887343 0.85625
v 0.6501827460617446 0.4701267944412803 0.85625
vt 0 0.08461538461538454
vt 0.0625 0.08461538461538454
vt 0.0625 0.0692307692307691
vt 0 0.0692307692307691
vt 0.0625 0.08461538461538454
vt 0.125 0.08461538461538454
vt 0.125 0.0692307692307691
vt 0.0625 0.0692307692307691
vt 0.125 0.08461538461538454
vt 0.1875 0.08461538461538454
vt 0.1875 0.0692307692307691
vt 0.125 0.0692307692307691
vt 0.1875 0.08461538461538454
vt 0.25 0.08461538461538454
vt 0.25 0.0692307692307691
vt 0.1875 0.0692307692307691
vt 0.25 0.08461538461538454
vt 0.3125 0.08461538461538454
vt 0.3125 0.0692307692307691
vt 0.25 0.0692307692307691
vt 0.3125 0.08461538461538454
vt 0.375 0.08461538461538454
vt 0.375 0.0692307692307691
vt 0.3125 0.0692307692307691
vt 0.375 0.08461538461538454
vt 0.4375 0.08461538461538454
vt 0.4375 0.0692307692307691
vt 0.375 0.0692307692307691
vt 0.4375 0.08461538461538454
vt 0.5 0.08461538461538454
vt 0.5 0.0692307692307691
vt 0.4375 0.0692307692307691
vt 0.5 0.08461538461538454
vt 0.5625 0.08461538461538454
vt 0.5625 0.0692307692307691
vt 0.5 0.0692307692307691
vt 0.5625 0.08461538461538454
vt 0.625 0.08461538461538454
vt 0.625 0.0692307692307691
vt 0.5625 0.0692307692307691
vt 0.625 0.08461538461538454
vt 0.6875 0.08461538461538454
vt 0.6875 0.0692307692307691
vt 0.625 0.0692307692307691
vt 0.6875 0.08461538461538454
vt 0.75 0.08461538461538454
vt 0.75 0.0692307692307691
vt 0.6875 0.0692307692307691
vt 0.75 0.08461538461538454
vt 0.8125 0.08461538461538454
vt 0.8125 0.0692307692307691
vt 0.75 0.0692307692307691
vt 0.8125 0.08461538461538454
vt 0.875 0.08461538461538454
vt 0.875 0.0692307692307691
vt 0.8125 0.0692307692307691
vt 0.875 0.08461538461538454
vt 0.9375 0.08461538461538454
vt 0.9375 0.0692307692307691
vt 0.875 0.0692307692307691
vt 0.9375 0.08461538461538454
vt 1 0.08461538461538454
vt 1 0.0692307692307691
vt 0.9375 0.0692307692307691
vt 0 0.0692307692307691
vt 0.0625 0.0692307692307691
vt 0.0625 0.01538461538461533
vt 0 0.01538461538461533
vt 0.0625 0.0692307692307691
vt 0.125 0.0692307692307691
vt 0.125 0.01538461538461533
vt 0.0625 0.01538461538461533
vt 0.125 0.0692307692307691
vt 0.1875 0.0692307692307691
vt 0.1875 0.01538461538461533
vt 0.125 0.01538461538461533
vt 0.1875 0.0692307692307691
vt 0.25 0.0692307692307691
vt 0.25 0.01538461538461533
vt 0.1875 0.01538461538461533
vt 0.25 0.0692307692307691
vt 0.3125 0.0692307692307691
vt 0.3125 0.01538461538461533
vt 0.25 0.01538461538461533
vt 0.3125 0.0692307692307691
vt 0.375 0.0692307692307691
vt 0.375 0.01538461538461533
vt 0.3125 0.01538461538461533
vt 0.375 0.0692307692307691
vt 0.4375 0.0692307692307691
vt 0.4375 0.01538461538461533
vt 0.375 0.01538461538461533
vt 0.4375 0.0692307692307691
vt 0.5 0.0692307692307691
vt 0.5 0.01538461538461533
vt 0.4375 0.01538461538461533
vt 0.5 0.0692307692307691
vt 0.5625 0.0692307692307691
vt 0.5625 0.01538461538461533
vt 0.5 0.01538461538461533
vt 0.5625 0.0692307692307691
vt 0.625 0.0692307692307691
vt 0.625 0.01538461538461533
vt 0.5625 0.01538461538461533
vt 0.625 0.0692307692307691
vt 0.6875 0.0692307692307691
vt 0.6875 0.01538461538461533
vt 0.625 0.01538461538461533
vt 0.6875 0.0692307692307691
vt 0.75 0.0692307692307691
vt 0.75 0.01538461538461533
vt 0.6875 0.01538461538461533
vt 0.75 0.0692307692307691
vt 0.8125 0.0692307692307691
vt 0.8125 0.01538461538461533
vt 0.75 0.01538461538461533
vt 0.8125 0.0692307692307691
vt 0.875 0.0692307692307691
vt 0.875 0.01538461538461533
vt 0.8125 0.01538461538461533
vt 0.875 0.0692307692307691
vt 0.9375 0.0692307692307691
vt 0.9375 0.01538461538461533
vt 0.875 0.01538461538461533
vt 0.9375 0.0692307692307691
vt 1 0.0692307692307691
vt 1 0.01538461538461533
vt 0.9375 0.01538461538461533
vt 0 0.01538461538461533
vt 0.0625 0.01538461538461533
vt 0.0625 0
vt 0 0
vt 0.0625 0.01538461538461533
vt 0.125 0.01538461538461533
vt 0.125 0
vt 0.0625 0
vt 0.125 0.01538461538461533
vt 0.1875 0.01538461538461533
vt 0.1875 0
vt 0.125 0
vt 0.1875 0.01538461538461533
vt 0.25 0.01538461538461533
vt 0.25 0
vt 0.1875 0
vt 0.25 0.01538461538461533
vt 0.3125 0.01538461538461533
vt 0.3125 0
vt 0.25 0
vt 0.3125 0.01538461538461533
vt 0.375 0.01538461538461533
vt 0.375 0
vt 0.3125 0
vt 0.375 0.01538461538461533
vt 0.4375 0.01538461538461533
vt 0.4375 0
vt 0.375 0
vt 0.4375 0.01538461538461533
vt 0.5 0.01538461538461533
vt 0.5 0
vt 0.4375 0
vt 0.5 0.01538461538461533
vt 0.5625 0.01538461538461533
vt 0.5625 0
vt 0.5 0
vt 0.5625 0.01538461538461533
vt 0.625 0.01538461538461533
vt 0.625 0
vt 0.5625 0
vt 0.625 0.01538461538461533
vt 0.6875 0.01538461538461533
vt 0.6875 0
vt 0.625 0
vt 0.6875 0.01538461538461533
vt 0.75 0.01538461538461533
vt 0.75 0
vt 0.6875 0
vt 0.75 0.01538461538461533
vt 0.8125 0.01538461538461533
vt 0.8125 0
vt 0.75 0
vt 0.8125 0.01538461538461533
vt 0.875 0.01538461538461533
vt 0.875 0
vt 0.8125 0
vt 0.875 0.01538461538461533
vt 0.9375 0.01538461538461533
vt 0.9375 0
vt 0.875 0
vt 0.9375 0.01538461538461533
vt 1 0.01538461538461533
vt 1 0
vt 0.9375 0
vn 0.6129081276220738 0.2538748589497621 -0.7482587674648673
vn 0.469099572005751 0.469099572005751 -0.7482587674648675
vn 0.25387485894976086 0.6129081276220708 -0.7482587674648701
vn 0 0.663406976833945 -0.7482587674648694
vn -0.2538748589497612 0.6129081276220711 -0.7482587674648696
vn -0.46909957200575 0.46909957200575064 -0.7482587674648684
vn -0.6129081276220708 0.25387485894976086 -0.7482587674648701
vn -0.663406976833945 0 -0.7482587674648694
vn -0.6129081276220711 -0.2538748589497612 -0.7482587674648696
vn -0.4690995720057502 -0.4690995720057502 -0.7482587674648684
vn -0.25387485894976153 -0.6129081276220713 -0.7482587674648694
vn 0 -0.663406976833945 -0.7482587674648694
vn 0.2538748589497614 -0.612908127622071 -0.7482587674648696
vn 0.46909957200575003 -0.4690995720057506 -0.7482587674648683
vn 0.6129081276220713 -0.25387485894976153 -0.7482587674648694
vn 0.663406976833945 0 -0.7482587674648694
vn 0.9238795325112866 0.38268343236509067 0
vn 0.7071067811865476 0.7071067811865476 0
vn 0.38268343236509067 0.9238795325112866 0
vn 0 1 0
vn -0.3826834323650892 0.9238795325112872 0
vn -0.7071067811865476 0.7071067811865476 0
vn -0.9238795325112867 0.38268343236508984 0
vn -1 0 0
vn -0.9238795325112872 -0.3826834323650892 0
vn -0.7071067811865471 -0.707106781186548 0
vn -0.38268343236509067 -0.9238795325112866 0
vn 0 -1 0
vn 0.3826834323650898 -0.923879532511287 0
vn 0.7071067811865476 -0.7071067811865476 0
vn 0.9238795325112866 -0.38268343236509067 0
vn 1 0 0
vn 0.6129081276220701 0.25387485894976186 0.7482587674648703
vn 0.4690995720057487 0.4690995720057487 0.7482587674648704
vn 0.25387485894976075 0.6129081276220675 0.7482587674648727
vn 0 0.6634069768339417 0.7482587674648724
vn -0.2538748589497599 0.612908127622068 0.7482587674648726
vn -0.46909957200574787 0.46909957200574787 0.7482587674648713
vn -0.6129081276220677 0.25387485894976025 0.7482587674648729
vn -0.6634069768339417 0 0.7482587674648724
vn -0.612908127622068 -0.2538748589497599 0.7482587674648726
vn -0.4690995720057476 -0.4690995720057481 0.7482587674648714
vn -0.253874858949761 -0.6129081276220679 0.7482587674648723
vn 0 -0.6634069768339417 0.7482587674648724
vn 0.2538748589497603 -0.6129081276220679 0.7482587674648725
vn 0.46909957200574787 -0.46909957200574787 0.7482587674648713
vn 0.6129081276220679 -0.253874858949761 0.7482587674648723
vn 0.6634069768339417 0 0.7482587674648724
usemtl shuttle_nozzle_mount
f 1/1/1 2/2/1 18/3/1 17/4/1
f 2/5/2 3/6/2 19/7/2 18/8/2
f 3/9/3 4/10/3 20/11/3 19/12/3
f 4/13/4 5/14/4 21/15/4 20/16/4
f 5/17/5 6/18/5 22/19/5 21/20/5
f 6/21/6 7/22/6 23/23/6 22/24/6
f 7/25/7 8/26/7 24/27/7 23/28/7
f 8/29/8 9/30/8 25/31/8 24/32/8
f 9/33/9 10/34/9 26/35/9 25/36/9
f 10/37/10 11/38/10 27/39/10 26/40/10
f 11/41/11 12/42/11 28/43/11 27/44/11
f 12/45/12 13/46/12 29/47/12 28/48/12
f 13/49/13 14/50/13 30/51/13 29/52/13
f 14/53/14 15/54/14 31/55/14 30/56/14
f 15/57/15 16/58/15 32/59/15 31/60/15
f 16/61/16 1/62/16 17/63/16 32/64/16
f 17/65/17 18/66/17 34/67/17 33/68/17
f 18/69/18 19/70/18 35/71/18 34/72/18
f 19/73/19 20/74/19 36/75/19 35/76/19
f 20/77/20 21/78/20 37/79/20 36/80/20
f 21/81/21 22/82/21 38/83/21 37/84/21
f 22/85/22 23/86/22 39/87/22 38/88/22
f 23/89/23 24/90/23 40/91/23 39/92/23
f 24/93/24 25/94/24 41/95/24 40/96/24
f 25/97/25 26/98/25 42/99/25 41/100/25
f 26/101/26 27/102/26 43/103/26 42/104/26
f 27/105/27 28/106/27 44/107/27 43/108/27
f 28/109/28 29/110/28 45/111/28 44/112/28
f 29/113/29 30/114/29 46/115/29 45/116/29
f 30/117/30 31/118/30 47/119/30 46/120/30
f 31/121/31 32/122/31 48/123/31 47/124/31
f 32/125/32 17/126/32 33/127/32 48/128/32
f 33/129/33 34/130/33 50/131/33 49/132/33
f 34/133/34 35/134/34 51/135/34 50/136/34
f 35/137/35 36/138/35 52/139/35 51/140/35
f 36/141/36 37/142/36 53/143/36 52/144/36
f 37/145/37 38/146/37 54/147/37 53/148/37
f 38/149/38 39/150/38 55/151/38 54/152/38
f 39/153/39 40/154/39 56/155/39 55/156/39
f 40/157/40 41/158/40 57/159/40 56/160/40
f 41/161/41 42/162/41 58/163/41 57/164/41
f 42/165/42 43/166/42 59/167/42 58/168/42
f 43/169/43 44/170/43 60/171/43 59/172/43
f 44/173/44 45/174/44 61/175/44 60/176/44
f 45/177/45 46/178/45 62/179/45 61/180/45
f 46/181/46 47/182/46 63/183/46 62/184/46
f 47/185/47 48/186/47 64/187/47 63/188/47
f 48/189/48 33/190/48 49/191/48 64/192/48
o neck_mounting_collar_front
v 0.628728068052924 0.5256056047646168 0.7875
v 0.6091303866147091 0.5729185930838228 0.7875
v 0.5729185930838228 0.6091303866147091 0.7875
v 0.5256056047646168 0.628728068052924 0.7875
v 0.4743943952353832 0.628728068052924 0.7875
v 0.42708140691617724 0.6091303866147091 0.7875
v 0.3908696133852909 0.5729185930838228 0.7875
v 0.371271931947076 0.5256056047646169 0.7875
v 0.371271931947076 0.4743943952353831 0.7875
v 0.3908696133852909 0.42708140691617724 0.7875
v 0.42708140691617724 0.3908696133852909 0.7875
v 0.4743943952353831 0.37127193194707603 0.7875
v 0.5256056047646168 0.371271931947076 0.7875
v 0.5729185930838228 0.3908696133852909 0.7875
v 0.6091303866147091 0.42708140691617724 0.7875
v 0.6287280680529239 0.4743943952353831 0.7875
v 0.6501827460617446 0.5298732055587196 0.7875
v 0.6273187843838273 0.5850716919311266 0.7875
v 0.5850716919311266 0.6273187843838273 0.7875
v 0.5298732055587196 0.6501827460617446 0.7875
v 0.47012679444128036 0.6501827460617446 0.7875
v 0.41492830806887343 0.6273187843838273 0.7875
v 0.37268121561617273 0.5850716919311266 0.7875
v 0.34981725393825536 0.5298732055587196 0.7875
v 0.34981725393825536 0.47012679444128036 0.7875
v 0.37268121561617273 0.41492830806887343 0.7875
v 0.41492830806887343 0.37268121561617273 0.7875
v 0.4701267944412803 0.34981725393825536 0.7875
v 0.5298732055587196 0.34981725393825536 0.7875
v 0.5850716919311265 0.37268121561617273 0.7875
v 0.6273187843838273 0.41492830806887343 0.7875
v 0.6501827460617446 0.4701267944412803 0.7875
vt 0 0.08461538461538454
vt 0.0625 0.08461538461538454
vt 0.0625 0.08461538461538454
vt 0 0.08461538461538454
vt 0.0625 0.08461538461538454
vt 0.125 0.08461538461538454
vt 0.125 0.08461538461538454
vt 0.0625 0.08461538461538454
vt 0.125 0.08461538461538454
vt 0.1875 0.08461538461538454
vt 0.1875 0.08461538461538454
vt 0.125 0.08461538461538454
vt 0.1875 0.08461538461538454
vt 0.25 0.08461538461538454
vt 0.25 0.08461538461538454
vt 0.1875 0.08461538461538454
vt 0.25 0.08461538461538454
vt 0.3125 0.08461538461538454
vt 0.3125 0.08461538461538454
vt 0.25 0.08461538461538454
vt 0.3125 0.08461538461538454
vt 0.375 0.08461538461538454
vt 0.375 0.08461538461538454
vt 0.3125 0.08461538461538454
vt 0.375 0.08461538461538454
vt 0.4375 0.08461538461538454
vt 0.4375 0.08461538461538454
vt 0.375 0.08461538461538454
vt 0.4375 0.08461538461538454
vt 0.5 0.08461538461538454
vt 0.5 0.08461538461538454
vt 0.4375 0.08461538461538454
vt 0.5 0.08461538461538454
vt 0.5625 0.08461538461538454
vt 0.5625 0.08461538461538454
vt 0.5 0.08461538461538454
vt 0.5625 0.08461538461538454
vt 0.625 0.08461538461538454
vt 0.625 0.08461538461538454
vt 0.5625 0.08461538461538454
vt 0.625 0.08461538461538454
vt 0.6875 0.08461538461538454
vt 0.6875 0.08461538461538454
vt 0.625 0.08461538461538454
vt 0.6875 0.08461538461538454
vt 0.75 0.08461538461538454
vt 0.75 0.08461538461538454
vt 0.6875 0.08461538461538454
vt 0.75 0.08461538461538454
vt 0.8125 0.08461538461538454
vt 0.8125 0.08461538461538454
vt 0.75 0.08461538461538454
vt 0.8125 0.08461538461538454
vt 0.875 0.08461538461538454
vt 0.875 0.08461538461538454
vt 0.8125 0.08461538461538454
vt 0.875 0.08461538461538454
vt 0.9375 0.08461538461538454
vt 0.9375 0.08461538461538454
vt 0.875 0.08461538461538454
vt 0.9375 0.08461538461538454
vt 1 0.08461538461538454
vt 1 0.08461538461538454
vt 0.9375 0.08461538461538454
vn 0 0 -1
vn 0 0 -1
vn 0 0 -1
vn 0 0 -1
vn 0 0 -1
vn 0 0 -1
vn 0 0 -1
vn 0 0 -1
vn 0 0 -1
vn 0 0 -1
vn 0 0 -1
vn 0 0 -1
vn 0 0 -1
vn 0 0 -1
vn 0 0 -1
vn 0 0 -1
usemtl shuttle_nozzle_rim
f 65/193/49 66/194/49 82/195/49 81/196/49
f 66/197/50 67/198/50 83/199/50 82/200/50
f 67/201/51 68/202/51 84/203/51 83/204/51
f 68/205/52 69/206/52 85/207/52 84/208/52
f 69/209/53 70/210/53 86/211/53 85/212/53
f 70/213/54 71/214/54 87/215/54 86/216/54
f 71/217/55 72/218/55 88/219/55 87/220/55
f 72/221/56 73/222/56 89/223/56 88/224/56
f 73/225/57 74/226/57 90/227/57 89/228/57
f 74/229/58 75/230/58 91/231/58 90/232/58
f 75/233/59 76/234/59 92/235/59 91/236/59
f 76/237/60 77/238/60 93/239/60 92/240/60
f 77/241/61 78/242/61 94/243/61 93/244/61
f 78/245/62 79/246/62 95/247/62 94/248/62
f 79/249/63 80/250/63 96/251/63 95/252/63
f 80/253/64 65/254/64 81/255/64 96/256/64
o mount_tapered_adapter
v 0.7819757681159287 0.5560884675796369 0.896875
v 0.7022869640831663 0.5402373789158265 0.84375
v 0.6714906075374 0.6145863605602929 0.84375
v 0.6145863605602929 0.6714906075374 0.84375
v 0.5402373789158265 0.7022869640831663 0.84375
v 0.45976262108417354 0.7022869640831663 0.84375
v 0.3854136394397071 0.6714906075374 0.84375
v 0.3285093924626 0.6145863605602929 0.84375
v 0.29771303591683373 0.5402373789158266 0.84375
v 0.29771303591683373 0.45976262108417354 0.84375
v 0.3285093924626 0.3854136394397071 0.84375
v 0.3854136394397071 0.3285093924626 0.84375
v 0.4597626210841735 0.29771303591683373 0.84375
v 0.5402373789158265 0.29771303591683373 0.84375
v 0.6145863605602929 0.3285093924626 0.84375
v 0.6714906075374 0.3854136394397071 0.84375
v 0.7022869640831663 0.45976262108417343 0.84375
v 0.7390475135369817 0.6597264419931357 0.896875
v 0.6597264419931357 0.7390475135369817 0.896875
v 0.5560884675796369 0.7819757681159287 0.896875
v 0.44391153242036313 0.7819757681159287 0.896875
v 0.34027355800686443 0.7390475135369818 0.896875
v 0.2609524864630182 0.6597264419931357 0.896875
v 0.21802423188407127 0.5560884675796369 0.896875
v 0.21802423188407127 0.4439115324203631 0.896875
v 0.26095248646301816 0.34027355800686443 0.896875
v 0.3402735580068644 0.2609524864630183 0.896875
v 0.443911532420363 0.21802423188407133 0.896875
v 0.5560884675796369 0.21802423188407127 0.896875
v 0.6597264419931355 0.26095248646301816 0.896875
v 0.7390475135369817 0.3402735580068644 0.896875
v 0.7819757681159287 0.443911532420363 0.896875
vt 0 0.01538461538461533
vt 0.0625 0.01538461538461533
vt 0.0625 0
vt 0 0
vt 0.0625 0.01538461538461533
vt 0.125 0.01538461538461533
vt 0.125 0
vt 0.0625 0
vt 0.125 0.01538461538461533
vt 0.1875 0.01538461538461533
vt 0.1875 0
vt 0.125 0
vt 0.1875 0.01538461538461533
vt 0.25 0.01538461538461533
vt 0.25 0
vt 0.1875 0
vt 0.25 0.01538461538461533
vt 0.3125 0.01538461538461533
vt 0.3125 0
vt 0.25 0
vt 0.3125 0.01538461538461533
vt 0.375 0.01538461538461533
vt 0.375 0
vt 0.3125 0
vt 0.375 0.01538461538461533
vt 0.4375 0.01538461538461533
vt 0.4375 0
vt 0.375 0
vt 0.4375 0.01538461538461533
vt 0.5 0.01538461538461533
vt 0.5 0
vt 0.4375 0
vt 0.5 0.01538461538461533
vt 0.5625 0.01538461538461533
vt 0.5625 0
vt 0.5 0
vt 0.5625 0.01538461538461533
vt 0.625 0.01538461538461533
vt 0.625 0
vt 0.5625 0
vt 0.625 0.01538461538461533
vt 0.6875 0.01538461538461533
vt 0.6875 0
vt 0.625 0
vt 0.6875 0.01538461538461533
vt 0.75 0.01538461538461533
vt 0.75 0
vt 0.6875 0
vt 0.75 0.01538461538461533
vt 0.8125 0.01538461538461533
vt 0.8125 0
vt 0.75 0
vt 0.8125 0.01538461538461533
vt 0.875 0.01538461538461533
vt 0.875 0
vt 0.8125 0
vt 0.875 0.01538461538461533
vt 0.9375 0.01538461538461533
vt 0.9375 0
vt 0.875 0
vt 0.9375 0.01538461538461533
vt 1 0.01538461538461533
vt 1 0
vt 0.9375 0
vn 0.5124703521026293 0.21227217015502428 -0.8320544837890628
vn 0.39222782665596034 0.39222782665596034 -0.8320544837890629
vn 0.21227217015502425 0.5124703521026291 -0.8320544837890628
vn 0 0.5546939119969828 -0.8320544837890629
vn -0.2122721701550242 0.512470352102629 -0.8320544837890629
vn -0.3922278266559603 0.3922278266559603 -0.8320544837890631
vn -0.5124703521026293 0.21227217015502464 -0.8320544837890627
vn -0.5546939119969828 0 -0.8320544837890629
vn -0.512470352102629 -0.2122721701550242 -0.8320544837890629
vn -0.3922278266559605 -0.3922278266559605 -0.8320544837890627
vn -0.21227217015502448 -0.5124703521026294 -0.8320544837890625
vn 0 -0.5546939119969827 -0.8320544837890628
vn 0.21227217015502428 -0.5124703521026291 -0.8320544837890628
vn 0.3922278266559605 -0.3922278266559605 -0.8320544837890627
vn 0.5124703521026291 -0.2122721701550246 -0.8320544837890628
vn 0.5546939119969828 0 -0.8320544837890629
usemtl shuttle_nozzle_mount
f 98/257/65 99/258/65 114/259/65 97/260/65
f 99/261/66 100/262/66 115/263/66 114/264/66
f 100/265/67 101/266/67 116/267/67 115/268/67
f 101/269/68 102/270/68 117/271/68 116/272/68
f 102/273/69 103/274/69 118/275/69 117/276/69
f 103/277/70 104/278/70 119/279/70 118/280/70
f 104/281/71 105/282/71 120/283/71 119/284/71
f 105/285/72 106/286/72 121/287/72 120/288/72
f 106/289/73 107/290/73 122/291/73 121/292/73
f 107/293/74 108/294/74 123/295/74 122/296/74
f 108/297/75 109/298/75 124/299/75 123/300/75
f 109/301/76 110/302/76 125/303/76 124/304/76
f 110/305/77 111/306/77 126/307/77 125/308/77
f 111/309/78 112/310/78 127/311/78 126/312/78
f 112/313/79 113/314/79 128/315/79 127/316/79
f 113/317/80 98/318/80 97/319/80 128/320/80
o hull_mounting_plate
v 0.8125 0.8125 0.9875
v 0.8125 0.8125 0.89375
v 0.8125 0.1875 0.9875
v 0.8125 0.1875 0.89375
v 0.1875 0.8125 0.89375
v 0.1875 0.8125 0.9875
v 0.1875 0.1875 0.89375
v 0.1875 0.1875 0.9875
vt 0 1
vt 1 1
vt 1 0
vt 0 0
vt 0.1875 0.8125
vt 0.3125 0.8125
vt 0.3125 0.375
vt 0.1875 0.375
vt 0 1
vt 1 1
vt 1 0
vt 0 0
vt 0.1875 0.8125
vt 0.3125 0.8125
vt 0.3125 0.375
vt 0.1875 0.375
vt 0.1875 0.8125
vt 0.3125 0.8125
vt 0.3125 0.375
vt 0.1875 0.375
vt 0.1875 0.8125
vt 0.3125 0.8125
vt 0.3125 0.375
vt 0.1875 0.375
vn 0 0 -1
vn 1 0 0
vn 0 0 1
vn -1 0 0
vn 0 1 0
vn 0 -1 0
usemtl shuttle_mount_plate
f 132/324/81 135/323/81 133/322/81 130/321/81
usemtl shuttle_nozzle_mount
f 131/328/82 132/327/82 130/326/82 129/325/82
usemtl shuttle_mount_plate
f 136/332/83 131/331/83 129/330/83 134/329/83
usemtl shuttle_nozzle_mount
f 135/336/84 136/335/84 134/334/84 133/333/84
f 134/340/85 129/339/85 130/338/85 133/337/85
f 135/344/86 132/343/86 131/342/86 136/341/86
o upper_mounting_lug
v 0.59375 0.90625 0.9875
v 0.59375 0.90625 0.90625
v 0.59375 0.8 0.9875
v 0.59375 0.8 0.90625
v 0.40625 0.90625 0.90625
v 0.40625 0.90625 0.9875
v 0.40625 0.8 0.90625
v 0.40625 0.8 0.9875
vt 0.1875 0.8125
vt 0.3125 0.8125
vt 0.3125 0.375
vt 0.1875 0.375
vt 0.1875 0.8125
vt 0.3125 0.8125
vt 0.3125 0.375
vt 0.1875 0.375
vt 0.1875 0.8125
vt 0.3125 0.8125
vt 0.3125 0.375
vt 0.1875 0.375
vt 0.1875 0.8125
vt 0.3125 0.8125
vt 0.3125 0.375
vt 0.1875 0.375
vt 0.1875 0.8125
vt 0.3125 0.8125
vt 0.3125 0.375
vt 0.1875 0.375
vt 0.1875 0.8125
vt 0.3125 0.8125
vt 0.3125 0.375
vt 0.1875 0.375
vn 0 0 -1
vn 1 0 0
vn 0 0 1
vn -1 0 0
vn 0 1 0
vn 0 -1 0
usemtl shuttle_nozzle_mount
f 140/348/87 143/347/87 141/346/87 138/345/87
f 139/352/88 140/351/88 138/350/88 137/349/88
f 144/356/89 139/355/89 137/354/89 142/353/89
f 143/360/90 144/359/90 142/358/90 141/357/90
f 142/364/91 137/363/91 138/362/91 141/361/91
f 143/368/92 140/367/92 139/366/92 144/365/92
o lower_mounting_lug
v 0.59375 0.2 0.9875
v 0.59375 0.2 0.90625
v 0.59375 0.09375 0.9875
v 0.59375 0.09375 0.90625
v 0.40625 0.2 0.90625
v 0.40625 0.2 0.9875
v 0.40625 0.09375 0.90625
v 0.40625 0.09375 0.9875
vt 0.1875 0.8125
vt 0.3125 0.8125
vt 0.3125 0.375
vt 0.1875 0.375
vt 0.1875 0.8125
vt 0.3125 0.8125
vt 0.3125 0.375
vt 0.1875 0.375
vt 0.1875 0.8125
vt 0.3125 0.8125
vt 0.3125 0.375
vt 0.1875 0.375
vt 0.1875 0.8125
vt 0.3125 0.8125
vt 0.3125 0.375
vt 0.1875 0.375
vt 0.1875 0.8125
vt 0.3125 0.8125
vt 0.3125 0.375
vt 0.1875 0.375
vt 0.1875 0.8125
vt 0.3125 0.8125
vt 0.3125 0.375
vt 0.1875 0.375
vn 0 0 -1
vn 1 0 0
vn 0 0 1
vn -1 0 0
vn 0 1 0
vn 0 -1 0
usemtl shuttle_nozzle_mount
f 148/372/93 151/371/93 149/370/93 146/369/93
f 147/376/94 148/375/94 146/374/94 145/373/94
f 152/380/95 147/379/95 145/378/95 150/377/95
f 151/384/96 152/383/96 150/382/96 149/381/96
f 150/388/97 145/387/97 146/386/97 149/385/97
f 151/392/98 148/391/98 147/390/98 152/389/98
o bell_sixteen_sided_curved_shell
v 0.9566781461877542 0.5908389311887597 0.0625
v 0.8871530382283727 0.7586873897497523 0.0625
v 0.7586873897497524 0.8871530382283727 0.0625
v 0.5908389311887597 0.9566781461877542 0.0625
v 0.4091610688112403 0.9566781461877542 0.0625
v 0.24131261025024786 0.8871530382283728 0.0625
v 0.11284696177162734 0.7586873897497523 0.0625
v 0.04332185381224585 0.5908389311887599 0.0625
v 0.04332185381224585 0.40916106881124026 0.0625
v 0.11284696177162729 0.24131261025024786 0.0625
v 0.24131261025024775 0.11284696177162734 0.0625
v 0.4091610688112401 0.04332185381224585 0.0625
v 0.5908389311887597 0.04332185381224585 0.0625
v 0.7586873897497521 0.11284696177162729 0.0625
v 0.8871530382283727 0.24131261025024775 0.0625
v 0.9566781461877542 0.40916106881124004 0.0625
v 0.9364494497794376 0.586815193297177 0.175
v 0.8700039774746327 0.747228753693723 0.175
v 0.747228753693723 0.8700039774746327 0.175
v 0.5868151932971771 0.9364494497794376 0.175
v 0.413184806702823 0.9364494497794376 0.175
v 0.2527712463062771 0.8700039774746328 0.175
v 0.1299960225253673 0.747228753693723 0.175
v 0.06355055022056244 0.5868151932971772 0.175
v 0.06355055022056244 0.41318480670282287 0.175
v 0.12999602252536724 0.2527712463062771 0.175
v 0.252771246306277 0.12999602252536735 0.175
v 0.41318480670282276 0.0635505502205625 0.175
v 0.5868151932971771 0.06355055022056244 0.175
v 0.7472287536937228 0.12999602252536724 0.175
v 0.8700039774746327 0.252771246306277 0.175
v 0.9364494497794376 0.4131848067028227 0.175
v 0.9057999097668366 0.580718620734173 0.2875
v 0.8440205520901781 0.7298671839118605 0.2875
v 0.7298671839118605 0.8440205520901781 0.2875
v 0.5807186207341731 0.9057999097668366 0.2875
v 0.419281379265827 0.9057999097668366 0.2875
v 0.27013281608813966 0.8440205520901782 0.2875
v 0.15597944790982188 0.7298671839118605 0.2875
v 0.09420009023316339 0.5807186207341732 0.2875
v 0.09420009023316339 0.41928137926582687 0.2875
v 0.15597944790982182 0.27013281608813966 0.2875
v 0.2701328160881396 0.15597944790982188 0.2875
v 0.41928137926582676 0.09420009023316345 0.2875
v 0.5807186207341731 0.09420009023316339 0.2875
v 0.7298671839118602 0.15597944790982182 0.2875
v 0.8440205520901781 0.2701328160881396 0.2875
v 0.9057999097668366 0.41928137926582676 0.2875
v 0.8598255997479352 0.571573761889667 0.4
v 0.8050454140134963 0.7038248292390665 0.4
v 0.7038248292390665 0.8050454140134963 0.4
v 0.5715737618896671 0.8598255997479352 0.4
v 0.428426238110333 0.8598255997479352 0.4
v 0.2961751707609335 0.8050454140134964 0.4
v 0.19495458598650367 0.7038248292390665 0.4
v 0.14017440025206485 0.5715737618896672 0.4
v 0.14017440025206485 0.4284262381103329 0.4
v 0.19495458598650361 0.2961751707609335 0.4
v 0.29617517076093347 0.19495458598650373 0.4
v 0.4284262381103328 0.14017440025206485 0.4
v 0.571573761889667 0.14017440025206485 0.4
v 0.7038248292390664 0.19495458598650361 0.4
v 0.8050454140134963 0.29617517076093347 0.4
v 0.8598255997479352 0.42842623811033276 0.4
v 0.7991395105229853 0.5595025482149191 0.5125
v 0.7535982317522762 0.6694489210709786 0.5125
v 0.6694489210709786 0.7535982317522762 0.5125
v 0.5595025482149192 0.7991395105229853 0.5125
v 0.44049745178508093 0.7991395105229853 0.5125
v 0.3305510789290214 0.7535982317522764 0.5125
v 0.2464017682477237 0.6694489210709786 0.5125
v 0.20086048947701474 0.5595025482149192 0.5125
v 0.20086048947701474 0.4404974517850809 0.5125
v 0.24640176824772364 0.3305510789290214 0.5125
v 0.33055107892902136 0.2464017682477237 0.5125
v 0.44049745178508076 0.20086048947701474 0.5125
v 0.5595025482149192 0.20086048947701474 0.5125
v 0.6694489210709785 0.24640176824772364 0.5125
v 0.7535982317522762 0.33055107892902136 0.5125
v 0.7991395105229853 0.44049745178508076 0.5125
v 0.7298715500945071 0.5457242942225301 0.6125
v 0.694875690383409 0.6302117733639693 0.6125
v 0.6302117733639693 0.694875690383409 0.6125
v 0.5457242942225301 0.7298715500945071 0.6125
v 0.45427570577746995 0.7298715500945071 0.6125
v 0.3697882266360308 0.6948756903834091 0.6125
v 0.3051243096165909 0.6302117733639693 0.6125
v 0.2701284499054929 0.5457242942225301 0.6125
v 0.2701284499054929 0.4542757057774699 0.6125
v 0.30512430961659087 0.3697882266360308 0.6125
v 0.3697882266360307 0.305124309616591 0.6125
v 0.45427570577746984 0.2701284499054929 0.6125
v 0.5457242942225301 0.2701284499054929 0.6125
v 0.6302117733639692 0.30512430961659087 0.6125
v 0.694875690383409 0.3697882266360307 0.6125
v 0.7298715500945071 0.45427570577746984 0.6125
v 0.6716374240705654 0.5341408063528225 0.69375
v 0.6455071821529454 0.5972247907784304 0.69375
v 0.5972247907784304 0.6455071821529454 0.69375
v 0.5341408063528225 0.6716374240705654 0.69375
v 0.46585919364717754 0.6716374240705654 0.69375
v 0.4027752092215697 0.6455071821529454 0.69375
v 0.35449281784705455 0.5972247907784304 0.69375
v 0.3283625759294347 0.5341408063528225 0.69375
v 0.3283625759294347 0.46585919364717754 0.69375
v 0.35449281784705455 0.4027752092215697 0.69375
v 0.4027752092215696 0.35449281784705455 0.69375
v 0.4658591936471775 0.32836257592943474 0.69375
v 0.5341408063528225 0.3283625759294347 0.69375
v 0.5972247907784303 0.35449281784705455 0.69375
v 0.6455071821529454 0.4027752092215696 0.69375
v 0.6716374240705653 0.4658591936471775 0.69375
v 0.6458918104599805 0.5290196853998991 0.75
v 0.6236811048300036 0.5826410721616658 0.75
v 0.5826410721616658 0.6236811048300036 0.75
v 0.5290196853998991 0.6458918104599805 0.75
v 0.4709803146001009 0.6458918104599805 0.75
v 0.4173589278383342 0.6236811048300036 0.75
v 0.3763188951699964 0.5826410721616658 0.75
v 0.3541081895400195 0.5290196853998991 0.75
v 0.3541081895400195 0.4709803146001009 0.75
v 0.3763188951699964 0.4173589278383342 0.75
v 0.41735892783833417 0.3763188951699964 0.75
v 0.47098031460010087 0.3541081895400195 0.75
v 0.5290196853998991 0.3541081895400195 0.75
v 0.5826410721616657 0.3763188951699964 0.75
v 0.6236811048300036 0.41735892783833417 0.75
v 0.6458918104599805 0.47098031460010087 0.75
v 0.6422138656584684 0.5282880966923386 0.8
v 0.6205630937838691 0.5805576837878423 0.8
v 0.5805576837878423 0.6205630937838691 0.8
v 0.5282880966923386 0.6422138656584684 0.8
v 0.47171190330766144 0.6422138656584684 0.8
v 0.4194423162121577 0.6205630937838691 0.8
v 0.3794369062161309 0.5805576837878423 0.8
v 0.3577861343415316 0.5282880966923387 0.8
v 0.3577861343415316 0.4717119033076614 0.8
v 0.3794369062161309 0.4194423162121577 0.8
v 0.41944231621215766 0.37943690621613096 0.8
v 0.47171190330766133 0.3577861343415316 0.8
v 0.5282880966923386 0.3577861343415316 0.8
v 0.5805576837878422 0.3794369062161309 0.8
v 0.6205630937838691 0.41944231621215766 0.8
v 0.6422138656584684 0.47171190330766133 0.8
vt 0 0.9769230769230769
vt 0.0625 0.9769230769230769
vt 0.0625 0.8384615384615385
vt 0 0.8384615384615385
vt 0.0625 0.9769230769230769
vt 0.125 0.9769230769230769
vt 0.125 0.8384615384615385
vt 0.0625 0.8384615384615385
vt 0.125 0.9769230769230769
vt 0.1875 0.9769230769230769
vt 0.1875 0.8384615384615385
vt 0.125 0.8384615384615385
vt 0.1875 0.9769230769230769
vt 0.25 0.9769230769230769
vt 0.25 0.8384615384615385
vt 0.1875 0.8384615384615385
vt 0.25 0.9769230769230769
vt 0.3125 0.9769230769230769
vt 0.3125 0.8384615384615385
vt 0.25 0.8384615384615385
vt 0.3125 0.9769230769230769
vt 0.375 0.9769230769230769
vt 0.375 0.8384615384615385
vt 0.3125 0.8384615384615385
vt 0.375 0.9769230769230769
vt 0.4375 0.9769230769230769
vt 0.4375 0.8384615384615385
vt 0.375 0.8384615384615385
vt 0.4375 0.9769230769230769
vt 0.5 0.9769230769230769
vt 0.5 0.8384615384615385
vt 0.4375 0.8384615384615385
vt 0.5 0.9769230769230769
vt 0.5625 0.9769230769230769
vt 0.5625 0.8384615384615385
vt 0.5 0.8384615384615385
vt 0.5625 0.9769230769230769
vt 0.625 0.9769230769230769
vt 0.625 0.8384615384615385
vt 0.5625 0.8384615384615385
vt 0.625 0.9769230769230769
vt 0.6875 0.9769230769230769
vt 0.6875 0.8384615384615385
vt 0.625 0.8384615384615385
vt 0.6875 0.9769230769230769
vt 0.75 0.9769230769230769
vt 0.75 0.8384615384615385
vt 0.6875 0.8384615384615385
vt 0.75 0.9769230769230769
vt 0.8125 0.9769230769230769
vt 0.8125 0.8384615384615385
vt 0.75 0.8384615384615385
vt 0.8125 0.9769230769230769
vt 0.875 0.9769230769230769
vt 0.875 0.8384615384615385
vt 0.8125 0.8384615384615385
vt 0.875 0.9769230769230769
vt 0.9375 0.9769230769230769
vt 0.9375 0.8384615384615385
vt 0.875 0.8384615384615385
vt 0.9375 0.9769230769230769
vt 1 0.9769230769230769
vt 1 0.8384615384615385
vt 0.9375 0.8384615384615385
vt 0 0.8384615384615385
vt 0.0625 0.8384615384615385
vt 0.0625 0.7000000000000001
vt 0 0.7000000000000001
vt 0.0625 0.8384615384615385
vt 0.125 0.8384615384615385
vt 0.125 0.7000000000000001
vt 0.0625 0.7000000000000001
vt 0.125 0.8384615384615385
vt 0.1875 0.8384615384615385
vt 0.1875 0.7000000000000001
vt 0.125 0.7000000000000001
vt 0.1875 0.8384615384615385
vt 0.25 0.8384615384615385
vt 0.25 0.7000000000000001
vt 0.1875 0.7000000000000001
vt 0.25 0.8384615384615385
vt 0.3125 0.8384615384615385
vt 0.3125 0.7000000000000001
vt 0.25 0.7000000000000001
vt 0.3125 0.8384615384615385
vt 0.375 0.8384615384615385
vt 0.375 0.7000000000000001
vt 0.3125 0.7000000000000001
vt 0.375 0.8384615384615385
vt 0.4375 0.8384615384615385
vt 0.4375 0.7000000000000001
vt 0.375 0.7000000000000001
vt 0.4375 0.8384615384615385
vt 0.5 0.8384615384615385
vt 0.5 0.7000000000000001
vt 0.4375 0.7000000000000001
vt 0.5 0.8384615384615385
vt 0.5625 0.8384615384615385
vt 0.5625 0.7000000000000001
vt 0.5 0.7000000000000001
vt 0.5625 0.8384615384615385
vt 0.625 0.8384615384615385
vt 0.625 0.7000000000000001
vt 0.5625 0.7000000000000001
vt 0.625 0.8384615384615385
vt 0.6875 0.8384615384615385
vt 0.6875 0.7000000000000001
vt 0.625 0.7000000000000001
vt 0.6875 0.8384615384615385
vt 0.75 0.8384615384615385
vt 0.75 0.7000000000000001
vt 0.6875 0.7000000000000001
vt 0.75 0.8384615384615385
vt 0.8125 0.8384615384615385
vt 0.8125 0.7000000000000001
vt 0.75 0.7000000000000001
vt 0.8125 0.8384615384615385
vt 0.875 0.8384615384615385
vt 0.875 0.7000000000000001
vt 0.8125 0.7000000000000001
vt 0.875 0.8384615384615385
vt 0.9375 0.8384615384615385
vt 0.9375 0.7000000000000001
vt 0.875 0.7000000000000001
vt 0.9375 0.8384615384615385
vt 1 0.8384615384615385
vt 1 0.7000000000000001
vt 0.9375 0.7000000000000001
vt 0 0.7000000000000001
vt 0.0625 0.7000000000000001
vt 0.0625 0.5615384615384615
vt 0 0.5615384615384615
vt 0.0625 0.7000000000000001
vt 0.125 0.7000000000000001
vt 0.125 0.5615384615384615
vt 0.0625 0.5615384615384615
vt 0.125 0.7000000000000001
vt 0.1875 0.7000000000000001
vt 0.1875 0.5615384615384615
vt 0.125 0.5615384615384615
vt 0.1875 0.7000000000000001
vt 0.25 0.7000000000000001
vt 0.25 0.5615384615384615
vt 0.1875 0.5615384615384615
vt 0.25 0.7000000000000001
vt 0.3125 0.7000000000000001
vt 0.3125 0.5615384615384615
vt 0.25 0.5615384615384615
vt 0.3125 0.7000000000000001
vt 0.375 0.7000000000000001
vt 0.375 0.5615384615384615
vt 0.3125 0.5615384615384615
vt 0.375 0.7000000000000001
vt 0.4375 0.7000000000000001
vt 0.4375 0.5615384615384615
vt 0.375 0.5615384615384615
vt 0.4375 0.7000000000000001
vt 0.5 0.7000000000000001
vt 0.5 0.5615384615384615
vt 0.4375 0.5615384615384615
vt 0.5 0.7000000000000001
vt 0.5625 0.7000000000000001
vt 0.5625 0.5615384615384615
vt 0.5 0.5615384615384615
vt 0.5625 0.7000000000000001
vt 0.625 0.7000000000000001
vt 0.625 0.5615384615384615
vt 0.5625 0.5615384615384615
vt 0.625 0.7000000000000001
vt 0.6875 0.7000000000000001
vt 0.6875 0.5615384615384615
vt 0.625 0.5615384615384615
vt 0.6875 0.7000000000000001
vt 0.75 0.7000000000000001
vt 0.75 0.5615384615384615
vt 0.6875 0.5615384615384615
vt 0.75 0.7000000000000001
vt 0.8125 0.7000000000000001
vt 0.8125 0.5615384615384615
vt 0.75 0.5615384615384615
vt 0.8125 0.7000000000000001
vt 0.875 0.7000000000000001
vt 0.875 0.5615384615384615
vt 0.8125 0.5615384615384615
vt 0.875 0.7000000000000001
vt 0.9375 0.7000000000000001
vt 0.9375 0.5615384615384615
vt 0.875 0.5615384615384615
vt 0.9375 0.7000000000000001
vt 1 0.7000000000000001
vt 1 0.5615384615384615
vt 0.9375 0.5615384615384615
vt 0 0.5615384615384615
vt 0.0625 0.5615384615384615
vt 0.0625 0.42307692307692313
vt 0 0.42307692307692313
vt 0.0625 0.5615384615384615
vt 0.125 0.5615384615384615
vt 0.125 0.42307692307692313
vt 0.0625 0.42307692307692313
vt 0.125 0.5615384615384615
vt 0.1875 0.5615384615384615
vt 0.1875 0.42307692307692313
vt 0.125 0.42307692307692313
vt 0.1875 0.5615384615384615
vt 0.25 0.5615384615384615
vt 0.25 0.42307692307692313
vt 0.1875 0.42307692307692313
vt 0.25 0.5615384615384615
vt 0.3125 0.5615384615384615
vt 0.3125 0.42307692307692313
vt 0.25 0.42307692307692313
vt 0.3125 0.5615384615384615
vt 0.375 0.5615384615384615
vt 0.375 0.42307692307692313
vt 0.3125 0.42307692307692313
vt 0.375 0.5615384615384615
vt 0.4375 0.5615384615384615
vt 0.4375 0.42307692307692313
vt 0.375 0.42307692307692313
vt 0.4375 0.5615384615384615
vt 0.5 0.5615384615384615
vt 0.5 0.42307692307692313
vt 0.4375 0.42307692307692313
vt 0.5 0.5615384615384615
vt 0.5625 0.5615384615384615
vt 0.5625 0.42307692307692313
vt 0.5 0.42307692307692313
vt 0.5625 0.5615384615384615
vt 0.625 0.5615384615384615
vt 0.625 0.42307692307692313
vt 0.5625 0.42307692307692313
vt 0.625 0.5615384615384615
vt 0.6875 0.5615384615384615
vt 0.6875 0.42307692307692313
vt 0.625 0.42307692307692313
vt 0.6875 0.5615384615384615
vt 0.75 0.5615384615384615
vt 0.75 0.42307692307692313
vt 0.6875 0.42307692307692313
vt 0.75 0.5615384615384615
vt 0.8125 0.5615384615384615
vt 0.8125 0.42307692307692313
vt 0.75 0.42307692307692313
vt 0.8125 0.5615384615384615
vt 0.875 0.5615384615384615
vt 0.875 0.42307692307692313
vt 0.8125 0.42307692307692313
vt 0.875 0.5615384615384615
vt 0.9375 0.5615384615384615
vt 0.9375 0.42307692307692313
vt 0.875 0.42307692307692313
vt 0.9375 0.5615384615384615
vt 1 0.5615384615384615
vt 1 0.42307692307692313
vt 0.9375 0.42307692307692313
vt 0 0.42307692307692313
vt 0.0625 0.42307692307692313
vt 0.0625 0.29999999999999993
vt 0 0.29999999999999993
vt 0.0625 0.42307692307692313
vt 0.125 0.42307692307692313
vt 0.125 0.29999999999999993
vt 0.0625 0.29999999999999993
vt 0.125 0.42307692307692313
vt 0.1875 0.42307692307692313
vt 0.1875 0.29999999999999993
vt 0.125 0.29999999999999993
vt 0.1875 0.42307692307692313
vt 0.25 0.42307692307692313
vt 0.25 0.29999999999999993
vt 0.1875 0.29999999999999993
vt 0.25 0.42307692307692313
vt 0.3125 0.42307692307692313
vt 0.3125 0.29999999999999993
vt 0.25 0.29999999999999993
vt 0.3125 0.42307692307692313
vt 0.375 0.42307692307692313
vt 0.375 0.29999999999999993
vt 0.3125 0.29999999999999993
vt 0.375 0.42307692307692313
vt 0.4375 0.42307692307692313
vt 0.4375 0.29999999999999993
vt 0.375 0.29999999999999993
vt 0.4375 0.42307692307692313
vt 0.5 0.42307692307692313
vt 0.5 0.29999999999999993
vt 0.4375 0.29999999999999993
vt 0.5 0.42307692307692313
vt 0.5625 0.42307692307692313
vt 0.5625 0.29999999999999993
vt 0.5 0.29999999999999993
vt 0.5625 0.42307692307692313
vt 0.625 0.42307692307692313
vt 0.625 0.29999999999999993
vt 0.5625 0.29999999999999993
vt 0.625 0.42307692307692313
vt 0.6875 0.42307692307692313
vt 0.6875 0.29999999999999993
vt 0.625 0.29999999999999993
vt 0.6875 0.42307692307692313
vt 0.75 0.42307692307692313
vt 0.75 0.29999999999999993
vt 0.6875 0.29999999999999993
vt 0.75 0.42307692307692313
vt 0.8125 0.42307692307692313
vt 0.8125 0.29999999999999993
vt 0.75 0.29999999999999993
vt 0.8125 0.42307692307692313
vt 0.875 0.42307692307692313
vt 0.875 0.29999999999999993
vt 0.8125 0.29999999999999993
vt 0.875 0.42307692307692313
vt 0.9375 0.42307692307692313
vt 0.9375 0.29999999999999993
vt 0.875 0.29999999999999993
vt 0.9375 0.42307692307692313
vt 1 0.42307692307692313
vt 1 0.29999999999999993
vt 0.9375 0.29999999999999993
vt 0 0.29999999999999993
vt 0.0625 0.29999999999999993
vt 0.0625 0.19999999999999996
vt 0 0.19999999999999996
vt 0.0625 0.29999999999999993
vt 0.125 0.29999999999999993
vt 0.125 0.19999999999999996
vt 0.0625 0.19999999999999996
vt 0.125 0.29999999999999993
vt 0.1875 0.29999999999999993
vt 0.1875 0.19999999999999996
vt 0.125 0.19999999999999996
vt 0.1875 0.29999999999999993
vt 0.25 0.29999999999999993
vt 0.25 0.19999999999999996
vt 0.1875 0.19999999999999996
vt 0.25 0.29999999999999993
vt 0.3125 0.29999999999999993
vt 0.3125 0.19999999999999996
vt 0.25 0.19999999999999996
vt 0.3125 0.29999999999999993
vt 0.375 0.29999999999999993
vt 0.375 0.19999999999999996
vt 0.3125 0.19999999999999996
vt 0.375 0.29999999999999993
vt 0.4375 0.29999999999999993
vt 0.4375 0.19999999999999996
vt 0.375 0.19999999999999996
vt 0.4375 0.29999999999999993
vt 0.5 0.29999999999999993
vt 0.5 0.19999999999999996
vt 0.4375 0.19999999999999996
vt 0.5 0.29999999999999993
vt 0.5625 0.29999999999999993
vt 0.5625 0.19999999999999996
vt 0.5 0.19999999999999996
vt 0.5625 0.29999999999999993
vt 0.625 0.29999999999999993
vt 0.625 0.19999999999999996
vt 0.5625 0.19999999999999996
vt 0.625 0.29999999999999993
vt 0.6875 0.29999999999999993
vt 0.6875 0.19999999999999996
vt 0.625 0.19999999999999996
vt 0.6875 0.29999999999999993
vt 0.75 0.29999999999999993
vt 0.75 0.19999999999999996
vt 0.6875 0.19999999999999996
vt 0.75 0.29999999999999993
vt 0.8125 0.29999999999999993
vt 0.8125 0.19999999999999996
vt 0.75 0.19999999999999996
vt 0.8125 0.29999999999999993
vt 0.875 0.29999999999999993
vt 0.875 0.19999999999999996
vt 0.8125 0.19999999999999996
vt 0.875 0.29999999999999993
vt 0.9375 0.29999999999999993
vt 0.9375 0.19999999999999996
vt 0.875 0.19999999999999996
vt 0.9375 0.29999999999999993
vt 1 0.29999999999999993
vt 1 0.19999999999999996
vt 0.9375 0.19999999999999996
vt 0 0.19999999999999996
vt 0.0625 0.19999999999999996
vt 0.0625 0.13076923076923075
vt 0 0.13076923076923075
vt 0.0625 0.19999999999999996
vt 0.125 0.19999999999999996
vt 0.125 0.13076923076923075
vt 0.0625 0.13076923076923075
vt 0.125 0.19999999999999996
vt 0.1875 0.19999999999999996
vt 0.1875 0.13076923076923075
vt 0.125 0.13076923076923075
vt 0.1875 0.19999999999999996
vt 0.25 0.19999999999999996
vt 0.25 0.13076923076923075
vt 0.1875 0.13076923076923075
vt 0.25 0.19999999999999996
vt 0.3125 0.19999999999999996
vt 0.3125 0.13076923076923075
vt 0.25 0.13076923076923075
vt 0.3125 0.19999999999999996
vt 0.375 0.19999999999999996
vt 0.375 0.13076923076923075
vt 0.3125 0.13076923076923075
vt 0.375 0.19999999999999996
vt 0.4375 0.19999999999999996
vt 0.4375 0.13076923076923075
vt 0.375 0.13076923076923075
vt 0.4375 0.19999999999999996
vt 0.5 0.19999999999999996
vt 0.5 0.13076923076923075
vt 0.4375 0.13076923076923075
vt 0.5 0.19999999999999996
vt 0.5625 0.19999999999999996
vt 0.5625 0.13076923076923075
vt 0.5 0.13076923076923075
vt 0.5625 0.19999999999999996
vt 0.625 0.19999999999999996
vt 0.625 0.13076923076923075
vt 0.5625 0.13076923076923075
vt 0.625 0.19999999999999996
vt 0.6875 0.19999999999999996
vt 0.6875 0.13076923076923075
vt 0.625 0.13076923076923075
vt 0.6875 0.19999999999999996
vt 0.75 0.19999999999999996
vt 0.75 0.13076923076923075
vt 0.6875 0.13076923076923075
vt 0.75 0.19999999999999996
vt 0.8125 0.19999999999999996
vt 0.8125 0.13076923076923075
vt 0.75 0.13076923076923075
vt 0.8125 0.19999999999999996
vt 0.875 0.19999999999999996
vt 0.875 0.13076923076923075
vt 0.8125 0.13076923076923075
vt 0.875 0.19999999999999996
vt 0.9375 0.19999999999999996
vt 0.9375 0.13076923076923075
vt 0.875 0.13076923076923075
vt 0.9375 0.19999999999999996
vt 1 0.19999999999999996
vt 1 0.13076923076923075
vt 0.9375 0.13076923076923075
vt 0 0.13076923076923075
vt 0.0625 0.13076923076923075
vt 0.0625 0.0692307692307691
vt 0 0.0692307692307691
vt 0.0625 0.13076923076923075
vt 0.125 0.13076923076923075
vt 0.125 0.0692307692307691
vt 0.0625 0.0692307692307691
vt 0.125 0.13076923076923075
vt 0.1875 0.13076923076923075
vt 0.1875 0.0692307692307691
vt 0.125 0.0692307692307691
vt 0.1875 0.13076923076923075
vt 0.25 0.13076923076923075
vt 0.25 0.0692307692307691
vt 0.1875 0.0692307692307691
vt 0.25 0.13076923076923075
vt 0.3125 0.13076923076923075
vt 0.3125 0.0692307692307691
vt 0.25 0.0692307692307691
vt 0.3125 0.13076923076923075
vt 0.375 0.13076923076923075
vt 0.375 0.0692307692307691
vt 0.3125 0.0692307692307691
vt 0.375 0.13076923076923075
vt 0.4375 0.13076923076923075
vt 0.4375 0.0692307692307691
vt 0.375 0.0692307692307691
vt 0.4375 0.13076923076923075
vt 0.5 0.13076923076923075
vt 0.5 0.0692307692307691
vt 0.4375 0.0692307692307691
vt 0.5 0.13076923076923075
vt 0.5625 0.13076923076923075
vt 0.5625 0.0692307692307691
vt 0.5 0.0692307692307691
vt 0.5625 0.13076923076923075
vt 0.625 0.13076923076923075
vt 0.625 0.0692307692307691
vt 0.5625 0.0692307692307691
vt 0.625 0.13076923076923075
vt 0.6875 0.13076923076923075
vt 0.6875 0.0692307692307691
vt 0.625 0.0692307692307691
vt 0.6875 0.13076923076923075
vt 0.75 0.13076923076923075
vt 0.75 0.0692307692307691
vt 0.6875 0.0692307692307691
vt 0.75 0.13076923076923075
vt 0.8125 0.13076923076923075
vt 0.8125 0.0692307692307691
vt 0.75 0.0692307692307691
vt 0.8125 0.13076923076923075
vt 0.875 0.13076923076923075
vt 0.875 0.0692307692307691
vt 0.8125 0.0692307692307691
vt 0.875 0.13076923076923075
vt 0.9375 0.13076923076923075
vt 0.9375 0.0692307692307691
vt 0.875 0.0692307692307691
vt 0.9375 0.13076923076923075
vt 1 0.13076923076923075
vt 1 0.0692307692307691
vt 0.9375 0.0692307692307691
vn 0.9092968353308665 0.3766430814169796 0.17697246813556552
vn 0.6959456679662598 0.6959456679662591 0.17697246813556608
vn 0.37664308141697944 0.9092968353308667 0.1769724681355652
vn 0 0.9842158023126871 0.17697246813556525
vn -0.37664308141697916 0.9092968353308666 0.17697246813556552
vn -0.6959456679662596 0.6959456679662596 0.17697246813556494
vn -0.9092968353308664 0.37664308141697983 0.17697246813556522
vn -0.9842158023126871 0 0.17697246813556525
vn -0.9092968353308666 -0.3766430814169797 0.17697246813556508
vn -0.6959456679662598 -0.6959456679662595 0.17697246813556533
vn -0.37664308141697983 -0.9092968353308662 0.1769724681355658
vn 0 -0.9842158023126871 0.17697246813556525
vn 0.3766430814169797 -0.9092968353308666 0.17697246813556541
vn 0.6959456679662595 -0.6959456679662598 0.17697246813556533
vn 0.9092968353308664 -0.37664308141698 0.17697246813556533
vn 0.9842158023126871 0 0.17697246813556525
vn 0.8913904388151785 0.36922600912695136 0.2628597340276138
vn 0.6822407054064322 0.6822407054064322 0.2628597340276137
vn 0.36922600912695147 0.8913904388151783 0.26285973402761437
vn 0 0.9648340583887635 0.2628597340276144
vn -0.369226009126951 0.8913904388151789 0.26285973402761387
vn -0.6822407054064319 0.6822407054064322 0.26285973402761403
vn -0.8913904388151784 0.36922600912695147 0.2628597340276139
vn -0.9648340583887636 0 0.262859734027614
vn -0.8913904388151787 -0.36922600912695125 0.26285973402761426
vn -0.6822407054064321 -0.6822407054064321 0.26285973402761414
vn -0.36922600912695147 -0.8913904388151784 0.2628597340276139
vn -3.0846587615688913e-16 -0.9648340583887636 0.262859734027614
vn 0.36922600912695147 -0.8913904388151785 0.26285973402761426
vn 0.6822407054064318 -0.6822407054064324 0.2628597340276141
vn 0.8913904388151782 -0.36922600912695186 0.2628597340276145
vn 0.9648340583887636 0 0.2628597340276145
vn 0.8552228174060736 0.35424488982052404 0.378291541835213
vn 0.6545592064037972 0.6545592064037972 0.3782915418352131
vn 0.3542448898205244 0.8552228174060738 0.37829154183521246
vn 0 0.9256865070724202 0.3782915418352124
vn -0.35424488982052377 0.8552228174060736 0.3782915418352128
vn -0.6545592064037972 0.6545592064037972 0.37829154183521274
vn -0.8552228174060733 0.3542448898205248 0.3782915418352127
vn -0.9256865070724202 0 0.3782915418352128
vn -0.8552228174060736 -0.35424488982052466 0.3782915418352126
vn -0.6545592064037972 -0.6545592064037972 0.37829154183521285
vn -0.3542448898205247 -0.8552228174060736 0.3782915418352126
vn -3.1830278577268285e-16 -0.9256865070724202 0.3782915418352128
vn 0.3542448898205248 -0.8552228174060735 0.37829154183521235
vn 0.654559206403797 -0.6545592064037975 0.37829154183521285
vn 0.8552228174060735 -0.3542448898205247 0.37829154183521235
vn 0.9256865070724202 0 0.3782915418352124
vn 0.8131196352101867 0.33680518073592286 0.4747617603231073
vn 0.6223348258513678 0.6223348258513678 0.4747617603231073
vn 0.33680518073592314 0.8131196352101866 0.47476176032310713
vn 0 0.8801143510561026 0.4747617603231071
vn -0.3368051807359224 0.8131196352101868 0.47476176032310724
vn -0.6223348258513678 0.6223348258513678 0.47476176032310724
vn -0.8131196352101864 0.33680518073592297 0.47476176032310735
vn -0.8801143510561028 0 0.47476176032310713
vn -0.8131196352101867 -0.3368051807359225 0.47476176032310724
vn -0.6223348258513678 -0.6223348258513681 0.47476176032310713
vn -0.33680518073592325 -0.8131196352101866 0.474761760323107
vn 0 -0.8801143510561027 0.4747617603231071
vn 0.3368051807359225 -0.8131196352101867 0.47476176032310724
vn 0.6223348258513678 -0.6223348258513678 0.47476176032310724
vn 0.8131196352101864 -0.3368051807359233 0.47476176032310713
vn 0.8801143510561027 0 0.4747617603231071
vn 0.7594743234964536 0.31458456506636256 0.5694166342596707
vn 0.581276481817555 0.581276481817555 0.5694166342596707
vn 0.3145845650663628 0.7594743234964534 0.5694166342596709
vn 0 0.8220490840749037 0.5694166342596709
vn -0.3145845650663621 0.7594743234964539 0.5694166342596707
vn -0.581276481817555 0.581276481817555 0.5694166342596706
vn -0.7594743234964535 0.31458456506636245 0.569416634259671
vn -0.8220490840749037 0 0.5694166342596709
vn -0.7594743234964538 -0.31458456506636223 0.5694166342596707
vn -0.5812764818175549 -0.5812764818175549 0.5694166342596709
vn -0.3145845650663626 -0.7594743234964535 0.5694166342596709
vn 0 -0.8220490840749037 0.569416634259671
vn 0.3145845650663625 -0.7594743234964538 0.5694166342596707
vn 0.581276481817555 -0.581276481817555 0.5694166342596706
vn 0.7594743234964534 -0.31458456506636295 0.5694166342596709
vn 0.8220490840749037 0 0.5694166342596709
vn 0.7509234051893462 0.3110426587328142 0.5825517178648254
vn 0.5747318922822802 0.5747318922822802 0.5825517178648255
vn 0.3110426587328142 0.7509234051893462 0.5825517178648254
vn 0 0.8127936367939536 0.5825517178648252
vn -0.3110426587328132 0.7509234051893462 0.5825517178648261
vn -0.5747318922822799 0.5747318922822799 0.5825517178648257
vn -0.7509234051893462 0.3110426587328138 0.5825517178648257
vn -0.8127936367939532 0 0.5825517178648256
vn -0.7509234051893462 -0.3110426587328134 0.5825517178648261
vn -0.5747318922822798 -0.5747318922822803 0.5825517178648255
vn -0.3110426587328142 -0.7509234051893457 0.582551717864826
vn 0 -0.8127936367939532 0.5825517178648256
vn 0.31104265873281356 -0.7509234051893462 0.5825517178648261
vn 0.57473189228228 -0.57473189228228 0.5825517178648255
vn 0.7509234051893457 -0.3110426587328142 0.582551717864826
vn 0.8127936367939536 0 0.5825517178648253
vn 0.8400678527258789 0.3479674979127031 0.41617859533246593
vn 0.6429600986014201 0.6429600986014201 0.4161785953324658
vn 0.34796749791270287 0.8400678527258781 0.4161785953324671
vn 0 0.9092828915068701 0.4161785953324671
vn -0.34796749791270337 0.8400678527258787 0.41617859533246593
vn -0.6429600986014198 0.6429600986014206 0.4161785953324657
vn -0.840067852725879 0.3479674979127025 0.41617859533246576
vn -0.9092828915068708 0 0.41617859533246565
vn -0.840067852725879 -0.34796749791270276 0.41617859533246593
vn -0.6429600986014206 -0.6429600986014198 0.4161785953324657
vn -0.3479674979127022 -0.8400678527258795 0.4161785953324651
vn -7.392230221630431e-16 -0.909282891506871 0.41617859533246565
vn 0.347967497912703 -0.8400678527258788 0.4161785953324659
vn 0.6429600986014194 -0.6429600986014209 0.41617859533246565
vn 0.8400678527258791 -0.3479674979127021 0.4161785953324658
vn 0.9092828915068702 -1.478446044326085e-15 0.416178595332467
vn 0.921390115431181 0.3816522820481053 0.07336068969951606
vn 0.7052014638409408 0.7052014638409408 0.07336068969951609
vn 0.3816522820481053 0.921390115431181 0.07336068969951613
vn 0 0.9973054743692182 0.0733606896995158
vn -0.38165228204810564 0.9213901154311808 0.07336068969951605
vn -0.7052014638409404 0.7052014638409413 0.07336068969951612
vn -0.9213901154311807 0.38165228204810614 0.07336068969951633
vn -0.9973054743692182 0 0.0733606896995169
vn -0.9213901154311804 -0.38165228204810653 0.0733606896995161
vn -0.7052014638409412 -0.7052014638409403 0.07336068969951685
vn -0.3816522820481065 -0.9213901154311803 0.07336068969951669
vn 0 -0.9973054743692182 0.0733606896995169
vn 0.3816522820481069 -0.9213901154311804 0.07336068969951609
vn 0.70520146384094 -0.7052014638409417 0.07336068969951608
vn 0.9213901154311808 -0.38165228204810564 0.07336068969951567
vn 0.9973054743692182 0 0.07336068969951579
usemtl shuttle_nozzle_shell
f 153/393/99 154/394/99 170/395/99 169/396/99
f 154/397/100 155/398/100 171/399/100 170/400/100
f 155/401/101 156/402/101 172/403/101 171/404/101
f 156/405/102 157/406/102 173/407/102 172/408/102
f 157/409/103 158/410/103 174/411/103 173/412/103
f 158/413/104 159/414/104 175/415/104 174/416/104
f 159/417/105 160/418/105 176/419/105 175/420/105
f 160/421/106 161/422/106 177/423/106 176/424/106
f 161/425/107 162/426/107 178/427/107 177/428/107
f 162/429/108 163/430/108 179/431/108 178/432/108
f 163/433/109 164/434/109 180/435/109 179/436/109
f 164/437/110 165/438/110 181/439/110 180/440/110
f 165/441/111 166/442/111 182/443/111 181/444/111
f 166/445/112 167/446/112 183/447/112 182/448/112
f 167/449/113 168/450/113 184/451/113 183/452/113
f 168/453/114 153/454/114 169/455/114 184/456/114
f 169/457/115 170/458/115 186/459/115 185/460/115
f 170/461/116 171/462/116 187/463/116 186/464/116
f 171/465/117 172/466/117 188/467/117 187/468/117
f 172/469/118 173/470/118 189/471/118 188/472/118
f 173/473/119 174/474/119 190/475/119 189/476/119
f 174/477/120 175/478/120 191/479/120 190/480/120
f 175/481/121 176/482/121 192/483/121 191/484/121
f 176/485/122 177/486/122 193/487/122 192/488/122
f 177/489/123 178/490/123 194/491/123 193/492/123
f 178/493/124 179/494/124 195/495/124 194/496/124
f 179/497/125 180/498/125 196/499/125 195/500/125
f 180/501/126 181/502/126 197/503/126 196/504/126
f 181/505/127 182/506/127 198/507/127 197/508/127
f 182/509/128 183/510/128 199/511/128 198/512/128
f 183/513/129 184/514/129 200/515/129 199/516/129
f 184/517/130 169/518/130 185/519/130 200/520/130
f 185/521/131 186/522/131 202/523/131 201/524/131
f 186/525/132 187/526/132 203/527/132 202/528/132
f 187/529/133 188/530/133 204/531/133 203/532/133
f 188/533/134 189/534/134 205/535/134 204/536/134
f 189/537/135 190/538/135 206/539/135 205/540/135
f 190/541/136 191/542/136 207/543/136 206/544/136
f 191/545/137 192/546/137 208/547/137 207/548/137
f 192/549/138 193/550/138 209/551/138 208/552/138
f 193/553/139 194/554/139 210/555/139 209/556/139
f 194/557/140 195/558/140 211/559/140 210/560/140
f 195/561/141 196/562/141 212/563/141 211/564/141
f 196/565/142 197/566/142 213/567/142 212/568/142
f 197/569/143 198/570/143 214/571/143 213/572/143
f 198/573/144 199/574/144 215/575/144 214/576/144
f 199/577/145 200/578/145 216/579/145 215/580/145
f 200/581/146 185/582/146 201/583/146 216/584/146
f 201/585/147 202/586/147 218/587/147 217/588/147
f 202/589/148 203/590/148 219/591/148 218/592/148
f 203/593/149 204/594/149 220/595/149 219/596/149
f 204/597/150 205/598/150 221/599/150 220/600/150
f 205/601/151 206/602/151 222/603/151 221/604/151
f 206/605/152 207/606/152 223/607/152 222/608/152
f 207/609/153 208/610/153 224/611/153 223/612/153
f 208/613/154 209/614/154 225/615/154 224/616/154
f 209/617/155 210/618/155 226/619/155 225/620/155
f 210/621/156 211/622/156 227/623/156 226/624/156
f 211/625/157 212/626/157 228/627/157 227/628/157
f 212/629/158 213/630/158 229/631/158 228/632/158
f 213/633/159 214/634/159 230/635/159 229/636/159
f 214/637/160 215/638/160 231/639/160 230/640/160
f 215/641/161 216/642/161 232/643/161 231/644/161
f 216/645/162 201/646/162 217/647/162 232/648/162
f 217/649/163 218/650/163 234/651/163 233/652/163
f 218/653/164 219/654/164 235/655/164 234/656/164
f 219/657/165 220/658/165 236/659/165 235/660/165
f 220/661/166 221/662/166 237/663/166 236/664/166
f 221/665/167 222/666/167 238/667/167 237/668/167
f 222/669/168 223/670/168 239/671/168 238/672/168
f 223/673/169 224/674/169 240/675/169 239/676/169
f 224/677/170 225/678/170 241/679/170 240/680/170
f 225/681/171 226/682/171 242/683/171 241/684/171
f 226/685/172 227/686/172 243/687/172 242/688/172
f 227/689/173 228/690/173 244/691/173 243/692/173
f 228/693/174 229/694/174 245/695/174 244/696/174
f 229/697/175 230/698/175 246/699/175 245/700/175
f 230/701/176 231/702/176 247/703/176 246/704/176
f 231/705/177 232/706/177 248/707/177 247/708/177
f 232/709/178 217/710/178 233/711/178 248/712/178
f 233/713/179 234/714/179 250/715/179 249/716/179
f 234/717/180 235/718/180 251/719/180 250/720/180
f 235/721/181 236/722/181 252/723/181 251/724/181
f 236/725/182 237/726/182 253/727/182 252/728/182
f 237/729/183 238/730/183 254/731/183 253/732/183
f 238/733/184 239/734/184 255/735/184 254/736/184
f 239/737/185 240/738/185 256/739/185 255/740/185
f 240/741/186 241/742/186 257/743/186 256/744/186
f 241/745/187 242/746/187 258/747/187 257/748/187
f 242/749/188 243/750/188 259/751/188 258/752/188
f 243/753/189 244/754/189 260/755/189 259/756/189
f 244/757/190 245/758/190 261/759/190 260/760/190
f 245/761/191 246/762/191 262/763/191 261/764/191
f 246/765/192 247/766/192 263/767/192 262/768/192
f 247/769/193 248/770/193 264/771/193 263/772/193
f 248/773/194 233/774/194 249/775/194 264/776/194
f 249/777/195 250/778/195 266/779/195 265/780/195
f 250/781/196 251/782/196 267/783/196 266/784/196
f 251/785/197 252/786/197 268/787/197 267/788/197
f 252/789/198 253/790/198 269/791/198 268/792/198
f 253/793/199 254/794/199 270/795/199 269/796/199
f 254/797/200 255/798/200 271/799/200 270/800/200
f 255/801/201 256/802/201 272/803/201 271/804/201
f 256/805/202 257/806/202 273/807/202 272/808/202
f 257/809/203 258/810/203 274/811/203 273/812/203
f 258/813/204 259/814/204 275/815/204 274/816/204
f 259/817/205 260/818/205 276/819/205 275/820/205
f 260/821/206 261/822/206 277/823/206 276/824/206
f 261/825/207 262/826/207 278/827/207 277/828/207
f 262/829/208 263/830/208 279/831/208 278/832/208
f 263/833/209 264/834/209 280/835/209 279/836/209
f 264/837/210 249/838/210 265/839/210 280/840/210
f 265/841/211 266/842/211 282/843/211 281/844/211
f 266/845/212 267/846/212 283/847/212 282/848/212
f 267/849/213 268/850/213 284/851/213 283/852/213
f 268/853/214 269/854/214 285/855/214 284/856/214
f 269/857/215 270/858/215 286/859/215 285/860/215
f 270/861/216 271/862/216 287/863/216 286/864/216
f 271/865/217 272/866/217 288/867/217 287/868/217
f 272/869/218 273/870/218 289/871/218 288/872/218
f 273/873/219 274/874/219 290/875/219 289/876/219
f 274/877/220 275/878/220 291/879/220 290/880/220
f 275/881/221 276/882/221 292/883/221 291/884/221
f 276/885/222 277/886/222 293/887/222 292/888/222
f 277/889/223 278/890/223 294/891/223 293/892/223
f 278/893/224 279/894/224 295/895/224 294/896/224
f 279/897/225 280/898/225 296/899/225 295/900/225
f 280/901/226 265/902/226 281/903/226 296/904/226
o bell_continuous_recessed_liner
v 0.9352234681789335 0.5865713303946569 0.0625
v 0.8689646404592544 0.7465342909024485 0.0625
v 0.7465342909024485 0.8689646404592544 0.0625
v 0.5865713303946569 0.9352234681789335 0.0625
v 0.41342866960534314 0.9352234681789335 0.0625
v 0.2534657090975516 0.8689646404592546 0.0625
v 0.13103535954074552 0.7465342909024485 0.0625
v 0.06477653182106652 0.586571330394657 0.0625
v 0.06477653182106652 0.413428669605343 0.0625
v 0.13103535954074547 0.2534657090975516 0.0625
v 0.2534657090975515 0.13103535954074558 0.0625
v 0.4134286696053429 0.06477653182106657 0.0625
v 0.5865713303946569 0.06477653182106652 0.0625
v 0.7465342909024483 0.13103535954074547 0.0625
v 0.8689646404592544 0.2534657090975515 0.0625
v 0.9352234681789334 0.41342866960534286 0.0625
v 0.915607762570869 0.5826695239543344 0.175
v 0.8523352482132036 0.7354228862420564 0.175
v 0.7354228862420564 0.8523352482132036 0.175
v 0.5826695239543344 0.915607762570869 0.175
v 0.41733047604566564 0.915607762570869 0.175
v 0.2645771137579437 0.8523352482132036 0.175
v 0.1476647517867964 0.7354228862420564 0.175
v 0.0843922374291311 0.5826695239543345 0.175
v 0.0843922374291311 0.4173304760456656 0.175
v 0.14766475178679633 0.2645771137579437 0.175
v 0.26457711375794357 0.14766475178679644 0.175
v 0.4173304760456655 0.08439223742913116 0.175
v 0.5826695239543344 0.0843922374291311 0.175
v 0.7354228862420563 0.14766475178679633 0.175
v 0.8523352482132036 0.26457711375794357 0.175
v 0.9156077625708688 0.4173304760456654 0.175
v 0.88557121335852 0.5766948828425904 0.2875
v 0.8268714913364381 0.7184085478558311 0.2875
v 0.7184085478558312 0.8268714913364381 0.2875
v 0.5766948828425904 0.88557121335852 0.2875
v 0.4233051171574096 0.88557121335852 0.2875
v 0.281591452144169 0.8268714913364381 0.2875
v 0.1731285086635619 0.7184085478558311 0.2875
v 0.11442878664148004 0.5766948828425905 0.2875
v 0.11442878664148004 0.42330511715740954 0.2875
v 0.17312850866356183 0.281591452144169 0.2875
v 0.2815914521441689 0.1731285086635619 0.2875
v 0.4233051171574094 0.1144287866414801 0.2875
v 0.5766948828425904 0.11442878664148004 0.2875
v 0.718408547855831 0.17312850866356183 0.2875
v 0.8268714913364381 0.2815914521441689 0.2875
v 0.8855712133585198 0.42330511715740937 0.2875
v 0.8395969033396186 0.5675500239980844 0.4
v 0.7878963532597563 0.6923661931830373 0.4
v 0.6923661931830373 0.7878963532597563 0.4
v 0.5675500239980844 0.8395969033396186 0.4
v 0.4324499760019156 0.8395969033396186 0.4
v 0.30763380681696284 0.7878963532597564 0.4
v 0.21210364674024368 0.6923661931830373 0.4
v 0.16040309666038144 0.5675500239980845 0.4
v 0.16040309666038144 0.43244997600191554 0.4
v 0.21210364674024362 0.30763380681696284 0.4
v 0.30763380681696273 0.21210364674024373 0.4
v 0.4324499760019155 0.1604030966603815 0.4
v 0.5675500239980844 0.16040309666038144 0.4
v 0.6923661931830372 0.21210364674024362 0.4
v 0.7878963532597563 0.30763380681696273 0.4
v 0.8395969033396184 0.4324499760019154 0.4
v 0.7789108141146687 0.5554788103233365 0.5125
v 0.7364491709985364 0.6579902850149494 0.5125
v 0.6579902850149494 0.7364491709985364 0.5125
v 0.5554788103233365 0.7789108141146687 0.5125
v 0.44452118967666354 0.7789108141146687 0.5125
v 0.34200971498505073 0.7364491709985364 0.5125
v 0.26355082900146365 0.6579902850149494 0.5125
v 0.22108918588533133 0.5554788103233366 0.5125
v 0.22108918588533133 0.4445211896766635 0.5125
v 0.26355082900146365 0.34200971498505073 0.5125
v 0.3420097149850506 0.2635508290014637 0.5125
v 0.44452118967666343 0.22108918588533139 0.5125
v 0.5554788103233365 0.22108918588533133 0.5125
v 0.6579902850149493 0.26355082900146365 0.5125
v 0.7364491709985364 0.3420097149850506 0.5125
v 0.7789108141146686 0.4445211896766634 0.5125
v 0.7096428536861905 0.5417005563309474 0.6125
v 0.677726629629669 0.61875313730794 0.6125
v 0.61875313730794 0.677726629629669 0.6125
v 0.5417005563309474 0.7096428536861905 0.6125
v 0.4582994436690526 0.7096428536861905 0.6125
v 0.3812468626920601 0.6777266296296691 0.6125
v 0.32227337037033094 0.61875313730794 0.6125
v 0.2903571463138095 0.5417005563309475 0.6125
v 0.2903571463138095 0.45829944366905256 0.6125
v 0.3222733703703309 0.3812468626920601 0.6125
v 0.38124686269206004 0.322273370370331 0.6125
v 0.4582994436690525 0.2903571463138095 0.6125
v 0.5417005563309474 0.2903571463138095 0.6125
v 0.6187531373079399 0.3222733703703309 0.6125
v 0.677726629629669 0.38124686269206004 0.6125
v 0.7096428536861905 0.4582994436690525 0.6125
v 0.6514087276622487 0.5301170684612398 0.69375
v 0.6283581213992054 0.5857661547224011 0.69375
v 0.5857661547224011 0.6283581213992054 0.69375
v 0.5301170684612398 0.6514087276622487 0.69375
v 0.4698829315387602 0.6514087276622487 0.69375
v 0.41423384527759893 0.6283581213992054 0.69375
v 0.37164187860079456 0.5857661547224011 0.69375
v 0.3485912723377513 0.5301170684612398 0.69375
v 0.3485912723377513 0.4698829315387602 0.69375
v 0.37164187860079456 0.41423384527759893 0.69375
v 0.4142338452775989 0.37164187860079456 0.69375
v 0.46988293153876015 0.34859127233775133 0.69375
v 0.5301170684612398 0.3485912723377513 0.69375
v 0.585766154722401 0.37164187860079456 0.69375
v 0.6283581213992054 0.4142338452775989 0.69375
v 0.6514087276622487 0.46988293153876015 0.69375
v 0.6256631140516639 0.5249959475083165 0.75
v 0.6065320440762636 0.5711824361056366 0.75
v 0.5711824361056366 0.6065320440762636 0.75
v 0.5249959475083165 0.6256631140516639 0.75
v 0.4750040524916836 0.6256631140516639 0.75
v 0.4288175638943635 0.6065320440762636 0.75
v 0.3934679559237364 0.5711824361056366 0.75
v 0.37433688594833614 0.5249959475083165 0.75
v 0.37433688594833614 0.47500405249168354 0.75
v 0.3934679559237364 0.4288175638943635 0.75
v 0.4288175638943635 0.3934679559237364 0.75
v 0.47500405249168354 0.37433688594833614 0.75
v 0.5249959475083165 0.37433688594833614 0.75
v 0.5711824361056365 0.3934679559237364 0.75
v 0.6065320440762636 0.4288175638943635 0.75
v 0.6256631140516639 0.47500405249168354 0.75
v 0.6219851692501518 0.524264358800756 0.8
v 0.6034140330301291 0.569099047731813 0.8
v 0.5690990477318131 0.6034140330301291 0.8
v 0.524264358800756 0.6219851692501518 0.8
v 0.47573564119924405 0.6219851692501518 0.8
v 0.43090095226818703 0.6034140330301291 0.8
v 0.3965859669698709 0.569099047731813 0.8
v 0.3780148307498482 0.524264358800756 0.8
v 0.3780148307498482 0.47573564119924405 0.8
v 0.3965859669698709 0.43090095226818703 0.8
v 0.430900952268187 0.3965859669698709 0.8
v 0.475735641199244 0.3780148307498482 0.8
v 0.524264358800756 0.3780148307498482 0.8
v 0.569099047731813 0.3965859669698709 0.8
v 0.6034140330301291 0.430900952268187 0.8
v 0.6219851692501518 0.475735641199244 0.8
vt 0 0.8384615384615385
vt 0.0625 0.8384615384615385
vt 0.0625 0.9769230769230769
vt 0 0.9769230769230769
vt 0.0625 0.8384615384615385
vt 0.125 0.8384615384615385
vt 0.125 0.9769230769230769
vt 0.0625 0.9769230769230769
vt 0.125 0.8384615384615385
vt 0.1875 0.8384615384615385
vt 0.1875 0.9769230769230769
vt 0.125 0.9769230769230769
vt 0.1875 0.8384615384615385
vt 0.25 0.8384615384615385
vt 0.25 0.9769230769230769
vt 0.1875 0.9769230769230769
vt 0.25 0.8384615384615385
vt 0.3125 0.8384615384615385
vt 0.3125 0.9769230769230769
vt 0.25 0.9769230769230769
vt 0.3125 0.8384615384615385
vt 0.375 0.8384615384615385
vt 0.375 0.9769230769230769
vt 0.3125 0.9769230769230769
vt 0.375 0.8384615384615385
vt 0.4375 0.8384615384615385
vt 0.4375 0.9769230769230769
vt 0.375 0.9769230769230769
vt 0.4375 0.8384615384615385
vt 0.5 0.8384615384615385
vt 0.5 0.9769230769230769
vt 0.4375 0.9769230769230769
vt 0.5 0.8384615384615385
vt 0.5625 0.8384615384615385
vt 0.5625 0.9769230769230769
vt 0.5 0.9769230769230769
vt 0.5625 0.8384615384615385
vt 0.625 0.8384615384615385
vt 0.625 0.9769230769230769
vt 0.5625 0.9769230769230769
vt 0.625 0.8384615384615385
vt 0.6875 0.8384615384615385
vt 0.6875 0.9769230769230769
vt 0.625 0.9769230769230769
vt 0.6875 0.8384615384615385
vt 0.75 0.8384615384615385
vt 0.75 0.9769230769230769
vt 0.6875 0.9769230769230769
vt 0.75 0.8384615384615385
vt 0.8125 0.8384615384615385
vt 0.8125 0.9769230769230769
vt 0.75 0.9769230769230769
vt 0.8125 0.8384615384615385
vt 0.875 0.8384615384615385
vt 0.875 0.9769230769230769
vt 0.8125 0.9769230769230769
vt 0.875 0.8384615384615385
vt 0.9375 0.8384615384615385
vt 0.9375 0.9769230769230769
vt 0.875 0.9769230769230769
vt 0.9375 0.8384615384615385
vt 1 0.8384615384615385
vt 1 0.9769230769230769
vt 0.9375 0.9769230769230769
vt 0 0.7000000000000001
vt 0.0625 0.7000000000000001
vt 0.0625 0.8384615384615385
vt 0 0.8384615384615385
vt 0.0625 0.7000000000000001
vt 0.125 0.7000000000000001
vt 0.125 0.8384615384615385
vt 0.0625 0.8384615384615385
vt 0.125 0.7000000000000001
vt 0.1875 0.7000000000000001
vt 0.1875 0.8384615384615385
vt 0.125 0.8384615384615385
vt 0.1875 0.7000000000000001
vt 0.25 0.7000000000000001
vt 0.25 0.8384615384615385
vt 0.1875 0.8384615384615385
vt 0.25 0.7000000000000001
vt 0.3125 0.7000000000000001
vt 0.3125 0.8384615384615385
vt 0.25 0.8384615384615385
vt 0.3125 0.7000000000000001
vt 0.375 0.7000000000000001
vt 0.375 0.8384615384615385
vt 0.3125 0.8384615384615385
vt 0.375 0.7000000000000001
vt 0.4375 0.7000000000000001
vt 0.4375 0.8384615384615385
vt 0.375 0.8384615384615385
vt 0.4375 0.7000000000000001
vt 0.5 0.7000000000000001
vt 0.5 0.8384615384615385
vt 0.4375 0.8384615384615385
vt 0.5 0.7000000000000001
vt 0.5625 0.7000000000000001
vt 0.5625 0.8384615384615385
vt 0.5 0.8384615384615385
vt 0.5625 0.7000000000000001
vt 0.625 0.7000000000000001
vt 0.625 0.8384615384615385
vt 0.5625 0.8384615384615385
vt 0.625 0.7000000000000001
vt 0.6875 0.7000000000000001
vt 0.6875 0.8384615384615385
vt 0.625 0.8384615384615385
vt 0.6875 0.7000000000000001
vt 0.75 0.7000000000000001
vt 0.75 0.8384615384615385
vt 0.6875 0.8384615384615385
vt 0.75 0.7000000000000001
vt 0.8125 0.7000000000000001
vt 0.8125 0.8384615384615385
vt 0.75 0.8384615384615385
vt 0.8125 0.7000000000000001
vt 0.875 0.7000000000000001
vt 0.875 0.8384615384615385
vt 0.8125 0.8384615384615385
vt 0.875 0.7000000000000001
vt 0.9375 0.7000000000000001
vt 0.9375 0.8384615384615385
vt 0.875 0.8384615384615385
vt 0.9375 0.7000000000000001
vt 1 0.7000000000000001
vt 1 0.8384615384615385
vt 0.9375 0.8384615384615385
vt 0 0.5615384615384615
vt 0.0625 0.5615384615384615
vt 0.0625 0.7000000000000001
vt 0 0.7000000000000001
vt 0.0625 0.5615384615384615
vt 0.125 0.5615384615384615
vt 0.125 0.7000000000000001
vt 0.0625 0.7000000000000001
vt 0.125 0.5615384615384615
vt 0.1875 0.5615384615384615
vt 0.1875 0.7000000000000001
vt 0.125 0.7000000000000001
vt 0.1875 0.5615384615384615
vt 0.25 0.5615384615384615
vt 0.25 0.7000000000000001
vt 0.1875 0.7000000000000001
vt 0.25 0.5615384615384615
vt 0.3125 0.5615384615384615
vt 0.3125 0.7000000000000001
vt 0.25 0.7000000000000001
vt 0.3125 0.5615384615384615
vt 0.375 0.5615384615384615
vt 0.375 0.7000000000000001
vt 0.3125 0.7000000000000001
vt 0.375 0.5615384615384615
vt 0.4375 0.5615384615384615
vt 0.4375 0.7000000000000001
vt 0.375 0.7000000000000001
vt 0.4375 0.5615384615384615
vt 0.5 0.5615384615384615
vt 0.5 0.7000000000000001
vt 0.4375 0.7000000000000001
vt 0.5 0.5615384615384615
vt 0.5625 0.5615384615384615
vt 0.5625 0.7000000000000001
vt 0.5 0.7000000000000001
vt 0.5625 0.5615384615384615
vt 0.625 0.5615384615384615
vt 0.625 0.7000000000000001
vt 0.5625 0.7000000000000001
vt 0.625 0.5615384615384615
vt 0.6875 0.5615384615384615
vt 0.6875 0.7000000000000001
vt 0.625 0.7000000000000001
vt 0.6875 0.5615384615384615
vt 0.75 0.5615384615384615
vt 0.75 0.7000000000000001
vt 0.6875 0.7000000000000001
vt 0.75 0.5615384615384615
vt 0.8125 0.5615384615384615
vt 0.8125 0.7000000000000001
vt 0.75 0.7000000000000001
vt 0.8125 0.5615384615384615
vt 0.875 0.5615384615384615
vt 0.875 0.7000000000000001
vt 0.8125 0.7000000000000001
vt 0.875 0.5615384615384615
vt 0.9375 0.5615384615384615
vt 0.9375 0.7000000000000001
vt 0.875 0.7000000000000001
vt 0.9375 0.5615384615384615
vt 1 0.5615384615384615
vt 1 0.7000000000000001
vt 0.9375 0.7000000000000001
vt 0 0.42307692307692313
vt 0.0625 0.42307692307692313
vt 0.0625 0.5615384615384615
vt 0 0.5615384615384615
vt 0.0625 0.42307692307692313
vt 0.125 0.42307692307692313
vt 0.125 0.5615384615384615
vt 0.0625 0.5615384615384615
vt 0.125 0.42307692307692313
vt 0.1875 0.42307692307692313
vt 0.1875 0.5615384615384615
vt 0.125 0.5615384615384615
vt 0.1875 0.42307692307692313
vt 0.25 0.42307692307692313
vt 0.25 0.5615384615384615
vt 0.1875 0.5615384615384615
vt 0.25 0.42307692307692313
vt 0.3125 0.42307692307692313
vt 0.3125 0.5615384615384615
vt 0.25 0.5615384615384615
vt 0.3125 0.42307692307692313
vt 0.375 0.42307692307692313
vt 0.375 0.5615384615384615
vt 0.3125 0.5615384615384615
vt 0.375 0.42307692307692313
vt 0.4375 0.42307692307692313
vt 0.4375 0.5615384615384615
vt 0.375 0.5615384615384615
vt 0.4375 0.42307692307692313
vt 0.5 0.42307692307692313
vt 0.5 0.5615384615384615
vt 0.4375 0.5615384615384615
vt 0.5 0.42307692307692313
vt 0.5625 0.42307692307692313
vt 0.5625 0.5615384615384615
vt 0.5 0.5615384615384615
vt 0.5625 0.42307692307692313
vt 0.625 0.42307692307692313
vt 0.625 0.5615384615384615
vt 0.5625 0.5615384615384615
vt 0.625 0.42307692307692313
vt 0.6875 0.42307692307692313
vt 0.6875 0.5615384615384615
vt 0.625 0.5615384615384615
vt 0.6875 0.42307692307692313
vt 0.75 0.42307692307692313
vt 0.75 0.5615384615384615
vt 0.6875 0.5615384615384615
vt 0.75 0.42307692307692313
vt 0.8125 0.42307692307692313
vt 0.8125 0.5615384615384615
vt 0.75 0.5615384615384615
vt 0.8125 0.42307692307692313
vt 0.875 0.42307692307692313
vt 0.875 0.5615384615384615
vt 0.8125 0.5615384615384615
vt 0.875 0.42307692307692313
vt 0.9375 0.42307692307692313
vt 0.9375 0.5615384615384615
vt 0.875 0.5615384615384615
vt 0.9375 0.42307692307692313
vt 1 0.42307692307692313
vt 1 0.5615384615384615
vt 0.9375 0.5615384615384615
vt 0 0.29999999999999993
vt 0.0625 0.29999999999999993
vt 0.0625 0.42307692307692313
vt 0 0.42307692307692313
vt 0.0625 0.29999999999999993
vt 0.125 0.29999999999999993
vt 0.125 0.42307692307692313
vt 0.0625 0.42307692307692313
vt 0.125 0.29999999999999993
vt 0.1875 0.29999999999999993
vt 0.1875 0.42307692307692313
vt 0.125 0.42307692307692313
vt 0.1875 0.29999999999999993
vt 0.25 0.29999999999999993
vt 0.25 0.42307692307692313
vt 0.1875 0.42307692307692313
vt 0.25 0.29999999999999993
vt 0.3125 0.29999999999999993
vt 0.3125 0.42307692307692313
vt 0.25 0.42307692307692313
vt 0.3125 0.29999999999999993
vt 0.375 0.29999999999999993
vt 0.375 0.42307692307692313
vt 0.3125 0.42307692307692313
vt 0.375 0.29999999999999993
vt 0.4375 0.29999999999999993
vt 0.4375 0.42307692307692313
vt 0.375 0.42307692307692313
vt 0.4375 0.29999999999999993
vt 0.5 0.29999999999999993
vt 0.5 0.42307692307692313
vt 0.4375 0.42307692307692313
vt 0.5 0.29999999999999993
vt 0.5625 0.29999999999999993
vt 0.5625 0.42307692307692313
vt 0.5 0.42307692307692313
vt 0.5625 0.29999999999999993
vt 0.625 0.29999999999999993
vt 0.625 0.42307692307692313
vt 0.5625 0.42307692307692313
vt 0.625 0.29999999999999993
vt 0.6875 0.29999999999999993
vt 0.6875 0.42307692307692313
vt 0.625 0.42307692307692313
vt 0.6875 0.29999999999999993
vt 0.75 0.29999999999999993
vt 0.75 0.42307692307692313
vt 0.6875 0.42307692307692313
vt 0.75 0.29999999999999993
vt 0.8125 0.29999999999999993
vt 0.8125 0.42307692307692313
vt 0.75 0.42307692307692313
vt 0.8125 0.29999999999999993
vt 0.875 0.29999999999999993
vt 0.875 0.42307692307692313
vt 0.8125 0.42307692307692313
vt 0.875 0.29999999999999993
vt 0.9375 0.29999999999999993
vt 0.9375 0.42307692307692313
vt 0.875 0.42307692307692313
vt 0.9375 0.29999999999999993
vt 1 0.29999999999999993
vt 1 0.42307692307692313
vt 0.9375 0.42307692307692313
vt 0 0.19999999999999996
vt 0.0625 0.19999999999999996
vt 0.0625 0.29999999999999993
vt 0 0.29999999999999993
vt 0.0625 0.19999999999999996
vt 0.125 0.19999999999999996
vt 0.125 0.29999999999999993
vt 0.0625 0.29999999999999993
vt 0.125 0.19999999999999996
vt 0.1875 0.19999999999999996
vt 0.1875 0.29999999999999993
vt 0.125 0.29999999999999993
vt 0.1875 0.19999999999999996
vt 0.25 0.19999999999999996
vt 0.25 0.29999999999999993
vt 0.1875 0.29999999999999993
vt 0.25 0.19999999999999996
vt 0.3125 0.19999999999999996
vt 0.3125 0.29999999999999993
vt 0.25 0.29999999999999993
vt 0.3125 0.19999999999999996
vt 0.375 0.19999999999999996
vt 0.375 0.29999999999999993
vt 0.3125 0.29999999999999993
vt 0.375 0.19999999999999996
vt 0.4375 0.19999999999999996
vt 0.4375 0.29999999999999993
vt 0.375 0.29999999999999993
vt 0.4375 0.19999999999999996
vt 0.5 0.19999999999999996
vt 0.5 0.29999999999999993
vt 0.4375 0.29999999999999993
vt 0.5 0.19999999999999996
vt 0.5625 0.19999999999999996
vt 0.5625 0.29999999999999993
vt 0.5 0.29999999999999993
vt 0.5625 0.19999999999999996
vt 0.625 0.19999999999999996
vt 0.625 0.29999999999999993
vt 0.5625 0.29999999999999993
vt 0.625 0.19999999999999996
vt 0.6875 0.19999999999999996
vt 0.6875 0.29999999999999993
vt 0.625 0.29999999999999993
vt 0.6875 0.19999999999999996
vt 0.75 0.19999999999999996
vt 0.75 0.29999999999999993
vt 0.6875 0.29999999999999993
vt 0.75 0.19999999999999996
vt 0.8125 0.19999999999999996
vt 0.8125 0.29999999999999993
vt 0.75 0.29999999999999993
vt 0.8125 0.19999999999999996
vt 0.875 0.19999999999999996
vt 0.875 0.29999999999999993
vt 0.8125 0.29999999999999993
vt 0.875 0.19999999999999996
vt 0.9375 0.19999999999999996
vt 0.9375 0.29999999999999993
vt 0.875 0.29999999999999993
vt 0.9375 0.19999999999999996
vt 1 0.19999999999999996
vt 1 0.29999999999999993
vt 0.9375 0.29999999999999993
vt 0 0.13076923076923075
vt 0.0625 0.13076923076923075
vt 0.0625 0.19999999999999996
vt 0 0.19999999999999996
vt 0.0625 0.13076923076923075
vt 0.125 0.13076923076923075
vt 0.125 0.19999999999999996
vt 0.0625 0.19999999999999996
vt 0.125 0.13076923076923075
vt 0.1875 0.13076923076923075
vt 0.1875 0.19999999999999996
vt 0.125 0.19999999999999996
vt 0.1875 0.13076923076923075
vt 0.25 0.13076923076923075
vt 0.25 0.19999999999999996
vt 0.1875 0.19999999999999996
vt 0.25 0.13076923076923075
vt 0.3125 0.13076923076923075
vt 0.3125 0.19999999999999996
vt 0.25 0.19999999999999996
vt 0.3125 0.13076923076923075
vt 0.375 0.13076923076923075
vt 0.375 0.19999999999999996
vt 0.3125 0.19999999999999996
vt 0.375 0.13076923076923075
vt 0.4375 0.13076923076923075
vt 0.4375 0.19999999999999996
vt 0.375 0.19999999999999996
vt 0.4375 0.13076923076923075
vt 0.5 0.13076923076923075
vt 0.5 0.19999999999999996
vt 0.4375 0.19999999999999996
vt 0.5 0.13076923076923075
vt 0.5625 0.13076923076923075
vt 0.5625 0.19999999999999996
vt 0.5 0.19999999999999996
vt 0.5625 0.13076923076923075
vt 0.625 0.13076923076923075
vt 0.625 0.19999999999999996
vt 0.5625 0.19999999999999996
vt 0.625 0.13076923076923075
vt 0.6875 0.13076923076923075
vt 0.6875 0.19999999999999996
vt 0.625 0.19999999999999996
vt 0.6875 0.13076923076923075
vt 0.75 0.13076923076923075
vt 0.75 0.19999999999999996
vt 0.6875 0.19999999999999996
vt 0.75 0.13076923076923075
vt 0.8125 0.13076923076923075
vt 0.8125 0.19999999999999996
vt 0.75 0.19999999999999996
vt 0.8125 0.13076923076923075
vt 0.875 0.13076923076923075
vt 0.875 0.19999999999999996
vt 0.8125 0.19999999999999996
vt 0.875 0.13076923076923075
vt 0.9375 0.13076923076923075
vt 0.9375 0.19999999999999996
vt 0.875 0.19999999999999996
vt 0.9375 0.13076923076923075
vt 1 0.13076923076923075
vt 1 0.19999999999999996
vt 0.9375 0.19999999999999996
vt 0 0.0692307692307691
vt 0.0625 0.0692307692307691
vt 0.0625 0.13076923076923075
vt 0 0.13076923076923075
vt 0.0625 0.0692307692307691
vt 0.125 0.0692307692307691
vt 0.125 0.13076923076923075
vt 0.0625 0.13076923076923075
vt 0.125 0.0692307692307691
vt 0.1875 0.0692307692307691
vt 0.1875 0.13076923076923075
vt 0.125 0.13076923076923075
vt 0.1875 0.0692307692307691
vt 0.25 0.0692307692307691
vt 0.25 0.13076923076923075
vt 0.1875 0.13076923076923075
vt 0.25 0.0692307692307691
vt 0.3125 0.0692307692307691
vt 0.3125 0.13076923076923075
vt 0.25 0.13076923076923075
vt 0.3125 0.0692307692307691
vt 0.375 0.0692307692307691
vt 0.375 0.13076923076923075
vt 0.3125 0.13076923076923075
vt 0.375 0.0692307692307691
vt 0.4375 0.0692307692307691
vt 0.4375 0.13076923076923075
vt 0.375 0.13076923076923075
vt 0.4375 0.0692307692307691
vt 0.5 0.0692307692307691
vt 0.5 0.13076923076923075
vt 0.4375 0.13076923076923075
vt 0.5 0.0692307692307691
vt 0.5625 0.0692307692307691
vt 0.5625 0.13076923076923075
vt 0.5 0.13076923076923075
vt 0.5625 0.0692307692307691
vt 0.625 0.0692307692307691
vt 0.625 0.13076923076923075
vt 0.5625 0.13076923076923075
vt 0.625 0.0692307692307691
vt 0.6875 0.0692307692307691
vt 0.6875 0.13076923076923075
vt 0.625 0.13076923076923075
vt 0.6875 0.0692307692307691
vt 0.75 0.0692307692307691
vt 0.75 0.13076923076923075
vt 0.6875 0.13076923076923075
vt 0.75 0.0692307692307691
vt 0.8125 0.0692307692307691
vt 0.8125 0.13076923076923075
vt 0.75 0.13076923076923075
vt 0.8125 0.0692307692307691
vt 0.875 0.0692307692307691
vt 0.875 0.13076923076923075
vt 0.8125 0.13076923076923075
vt 0.875 0.0692307692307691
vt 0.9375 0.0692307692307691
vt 0.9375 0.13076923076923075
vt 0.875 0.13076923076923075
vt 0.9375 0.0692307692307691
vt 1 0.0692307692307691
vt 1 0.13076923076923075
vt 0.9375 0.13076923076923075
vn -0.910147938080942 -0.37699561971903406 -0.17177029289045131
vn -0.6965970738096481 -0.6965970738096481 -0.17177029289045162
vn -0.376995619719034 -0.9101479380809419 -0.1717702928904522
vn 0 -0.9851370292910162 -0.17177029289045218
vn 0.37699561971903417 -0.9101479380809416 -0.17177029289045306
vn 0.6965970738096476 -0.6965970738096484 -0.17177029289045226
vn 0.910147938080942 -0.376995619719034 -0.17177029289045223
vn 0.9851370292910162 0 -0.1717702928904522
vn 0.910147938080942 0.3769956197190338 -0.17177029289045212
vn 0.696597073809648 0.696597073809648 -0.17177029289045234
vn 0.37699561971903406 0.9101479380809417 -0.17177029289045218
vn 3.3075121278485617e-16 0.9851370292910162 -0.17177029289045218
vn -0.3769956197190337 0.9101479380809421 -0.17177029289045176
vn -0.6965970738096479 0.6965970738096483 -0.1717702928904516
vn -0.9101479380809419 0.37699561971903395 -0.17177029289045218
vn -0.9851370292910162 6.615024255697121e-16 -0.17177029289045218
vn -0.8926124456577809 -0.36973218093447 -0.2579556865786751
vn -0.683175988952234 -0.6831759889522333 -0.2579556865786745
vn -0.36973218093446975 -0.8926124456577809 -0.2579556865786753
vn 0 -0.9661567490639003 -0.25795568657867524
vn 0.36973218093447013 -0.8926124456577808 -0.257955686578675
vn 0.6831759889522332 -0.6831759889522336 -0.2579556865786752
vn 0.8926124456577808 -0.36973218093447024 -0.25795568657867485
vn 0.9661567490639005 0 -0.2579556865786748
vn 0.8926124456577808 0.3697321809344699 -0.25795568657867496
vn 0.6831759889522335 0.6831759889522335 -0.2579556865786749
vn 0.3697321809344701 0.8926124456577809 -0.2579556865786748
vn 3.4964831695787667e-16 0.9661567490639005 -0.2579556865786748
vn -0.3697321809344699 0.8926124456577808 -0.2579556865786751
vn -0.6831759889522333 0.6831759889522336 -0.2579556865786752
vn -0.8926124456577809 0.36973218093446986 -0.2579556865786753
vn -0.9661567490639004 6.992966339157531e-16 -0.25795568657867524
vn -0.8552228174060732 -0.3542448898205249 -0.3782915418352127
vn -0.6545592064037971 -0.6545592064037971 -0.37829154183521313
vn -0.35424488982052493 -0.8552228174060734 -0.37829154183521235
vn 0 -0.9256865070724202 -0.37829154183521235
vn 0.3542448898205246 -0.8552228174060739 -0.3782915418352122
vn 0.6545592064037972 -0.6545592064037974 -0.3782915418352123
vn 0.8552228174060734 -0.3542448898205248 -0.37829154183521235
vn 0.9256865070724202 0 -0.37829154183521235
vn 0.8552228174060735 0.35424488982052466 -0.3782915418352126
vn 0.6545592064037973 0.6545592064037973 -0.3782915418352126
vn 0.3542448898205248 0.8552228174060734 -0.3782915418352125
vn 3.803545923854084e-16 0.9256865070724203 -0.37829154183521246
vn -0.35424488982052454 0.8552228174060736 -0.3782915418352123
vn -0.6545592064037973 0.6545592064037973 -0.3782915418352126
vn -0.8552228174060735 0.35424488982052466 -0.3782915418352125
vn -0.9256865070724202 7.607091847708163e-16 -0.3782915418352123
vn -0.813119635210187 -0.33680518073592275 -0.47476176032310663
vn -0.622334825851368 -0.622334825851368 -0.47476176032310674
vn -0.33680518073592264 -0.8131196352101867 -0.47476176032310713
vn 0 -0.8801143510561026 -0.4747617603231071
vn 0.33680518073592297 -0.8131196352101867 -0.47476176032310735
vn 0.6223348258513675 -0.6223348258513683 -0.47476176032310685
vn 0.8131196352101866 -0.3368051807359229 -0.47476176032310713
vn 0.8801143510561028 0 -0.47476176032310713
vn 0.8131196352101864 0.3368051807359231 -0.4747617603231073
vn 0.6223348258513681 0.6223348258513678 -0.474761760323107
vn 0.3368051807359229 0.8131196352101866 -0.47476176032310713
vn 4.403137031736682e-16 0.8801143510561028 -0.47476176032310713
vn -0.33680518073592297 0.8131196352101867 -0.47476176032310735
vn -0.6223348258513676 0.6223348258513685 -0.47476176032310674
vn -0.8131196352101868 0.3368051807359223 -0.47476176032310724
vn -0.8801143510561027 8.806274063473358e-16 -0.474761760323107
vn -0.7594743234964533 -0.3145845650663624 -0.5694166342596713
vn -0.5812764818175548 -0.5812764818175548 -0.5694166342596712
vn -0.3145845650663625 -0.7594743234964535 -0.5694166342596712
vn 0 -0.8220490840749036 -0.569416634259671
vn 0.314584565066362 -0.759474323496454 -0.5694166342596707
vn 0.5812764818175545 -0.5812764818175551 -0.5694166342596708
vn 0.7594743234964534 -0.3145845650663624 -0.569416634259671
vn 0.8220490840749037 0 -0.5694166342596709
vn 0.7594743234964538 0.3145845650663622 -0.5694166342596707
vn 0.5812764818175544 0.581276481817555 -0.5694166342596712
vn 0.3145845650663631 0.7594743234964534 -0.5694166342596706
vn 0 0.8220490840749037 -0.5694166342596709
vn -0.314584565066362 0.759474323496454 -0.5694166342596707
vn -0.5812764818175549 0.5812764818175544 -0.5694166342596714
vn -0.7594743234964536 0.3145845650663632 -0.5694166342596705
vn -0.8220490840749037 0 -0.5694166342596709
vn -0.7509234051893464 -0.3110426587328137 -0.5825517178648254
vn -0.57473189228228 -0.57473189228228 -0.5825517178648255
vn -0.3110426587328136 -0.7509234051893463 -0.5825517178648258
vn 0 -0.812793636793953 -0.582551717864826
vn 0.31104265873281356 -0.7509234051893461 -0.582551717864826
vn 0.5747318922822796 -0.5747318922822804 -0.5825517178648257
vn 0.750923405189346 -0.3110426587328142 -0.5825517178648257
vn 0.8127936367939532 0 -0.5825517178648255
vn 0.7509234051893457 0.31104265873281417 -0.5825517178648261
vn 0.5747318922822806 0.5747318922822798 -0.5825517178648252
vn 0.3110426587328135 0.750923405189346 -0.5825517178648262
vn 7.490621231933763e-16 0.8127936367939532 -0.5825517178648255
vn -0.3110426587328146 0.7509234051893454 -0.5825517178648262
vn -0.5747318922822795 0.574731892282281 -0.5825517178648252
vn -0.750923405189346 0.3110426587328135 -0.5825517178648262
vn -0.812793636793953 0 -0.582551717864826
vn -0.8400678527258791 -0.3479674979127023 -0.4161785953324658
vn -0.6429600986014201 -0.6429600986014201 -0.41617859533246576
vn -0.3479674979127023 -0.8400678527258791 -0.4161785953324658
vn 0 -0.9092828915068708 -0.4161785953324656
vn 0.3479674979127023 -0.8400678527258791 -0.4161785953324658
vn 0.6429600986014198 -0.6429600986014207 -0.41617859533246576
vn 0.8400678527258788 -0.3479674979127022 -0.4161785953324665
vn 0.9092828915068705 0 -0.4161785953324664
vn 0.840067852725879 0.34796749791270265 -0.41617859533246593
vn 0.64296009860142 0.64296009860142 -0.41617859533246643
vn 0.34796749791270265 0.840067852725879 -0.4161785953324658
vn 0 0.9092828915068705 -0.4161785953324664
vn -0.347967497912703 0.8400678527258787 -0.4161785953324659
vn -0.6429600986014196 0.6429600986014206 -0.41617859533246626
vn -0.840067852725879 0.34796749791270265 -0.4161785953324658
vn -0.9092828915068709 0 -0.41617859533246565
vn -0.9213901154311802 -0.38165228204810664 -0.07336068969951692
vn -0.705201463840942 -0.7052014638409397 -0.07336068969951615
vn -0.3816522820481058 -0.9213901154311807 -0.07336068969951615
vn 0 -0.9973054743692183 -0.0733606896995158
vn 0.38165228204810664 -0.9213901154311802 -0.07336068969951652
vn 0.7052014638409407 -0.7052014638409407 -0.0733606896995177
vn 0.9213901154311804 -0.38165228204810675 -0.07336068969951619
vn 0.9973054743692183 0 -0.0733606896995158
vn 0.9213901154311802 0.38165228204810664 -0.07336068969951652
vn 0.7052014638409414 0.7052014638409402 -0.07336068969951608
vn 0.38165228204810675 0.9213901154311804 -0.07336068969951574
vn 0 0.9973054743692183 -0.07336068969951579
vn -0.38165228204810675 0.9213901154311804 -0.07336068969951609
vn -0.7052014638409402 0.7052014638409414 -0.07336068969951608
vn -0.9213901154311804 0.38165228204810675 -0.07336068969951574
vn -0.9973054743692183 0 -0.07336068969951579
usemtl shuttle_nozzle_liner
f 313/905/227 314/906/227 298/907/227 297/908/227
f 314/909/228 315/910/228 299/911/228 298/912/228
f 315/913/229 316/914/229 300/915/229 299/916/229
f 316/917/230 317/918/230 301/919/230 300/920/230
f 317/921/231 318/922/231 302/923/231 301/924/231
f 318/925/232 319/926/232 303/927/232 302/928/232
f 319/929/233 320/930/233 304/931/233 303/932/233
f 320/933/234 321/934/234 305/935/234 304/936/234
f 321/937/235 322/938/235 306/939/235 305/940/235
f 322/941/236 323/942/236 307/943/236 306/944/236
f 323/945/237 324/946/237 308/947/237 307/948/237
f 324/949/238 325/950/238 309/951/238 308/952/238
f 325/953/239 326/954/239 310/955/239 309/956/239
f 326/957/240 327/958/240 311/959/240 310/960/240
f 327/961/241 328/962/241 312/963/241 311/964/241
f 328/965/242 313/966/242 297/967/242 312/968/242
f 329/969/243 330/970/243 314/971/243 313/972/243
f 330/973/244 331/974/244 315/975/244 314/976/244
f 331/977/245 332/978/245 316/979/245 315/980/245
f 332/981/246 333/982/246 317/983/246 316/984/246
f 333/985/247 334/986/247 318/987/247 317/988/247
f 334/989/248 335/990/248 319/991/248 318/992/248
f 335/993/249 336/994/249 320/995/249 319/996/249
f 336/997/250 337/998/250 321/999/250 320/1000/250
f 337/1001/251 338/1002/251 322/1003/251 321/1004/251
f 338/1005/252 339/1006/252 323/1007/252 322/1008/252
f 339/1009/253 340/1010/253 324/1011/253 323/1012/253
f 340/1013/254 341/1014/254 325/1015/254 324/1016/254
f 341/1017/255 342/1018/255 326/1019/255 325/1020/255
f 342/1021/256 343/1022/256 327/1023/256 326/1024/256
f 343/1025/257 344/1026/257 328/1027/257 327/1028/257
f 344/1029/258 329/1030/258 313/1031/258 328/1032/258
f 345/1033/259 346/1034/259 330/1035/259 329/1036/259
f 346/1037/260 347/1038/260 331/1039/260 330/1040/260
f 347/1041/261 348/1042/261 332/1043/261 331/1044/261
f 348/1045/262 349/1046/262 333/1047/262 332/1048/262
f 349/1049/263 350/1050/263 334/1051/263 333/1052/263
f 350/1053/264 351/1054/264 335/1055/264 334/1056/264
f 351/1057/265 352/1058/265 336/1059/265 335/1060/265
f 352/1061/266 353/1062/266 337/1063/266 336/1064/266
f 353/1065/267 354/1066/267 338/1067/267 337/1068/267
f 354/1069/268 355/1070/268 339/1071/268 338/1072/268
f 355/1073/269 356/1074/269 340/1075/269 339/1076/269
f 356/1077/270 357/1078/270 341/1079/270 340/1080/270
f 357/1081/271 358/1082/271 342/1083/271 341/1084/271
f 358/1085/272 359/1086/272 343/1087/272 342/1088/272
f 359/1089/273 360/1090/273 344/1091/273 343/1092/273
f 360/1093/274 345/1094/274 329/1095/274 344/1096/274
f 361/1097/275 362/1098/275 346/1099/275 345/1100/275
f 362/1101/276 363/1102/276 347/1103/276 346/1104/276
f 363/1105/277 364/1106/277 348/1107/277 347/1108/277
f 364/1109/278 365/1110/278 349/1111/278 348/1112/278
f 365/1113/279 366/1114/279 350/1115/279 349/1116/279
f 366/1117/280 367/1118/280 351/1119/280 350/1120/280
f 367/1121/281 368/1122/281 352/1123/281 351/1124/281
f 368/1125/282 369/1126/282 353/1127/282 352/1128/282
f 369/1129/283 370/1130/283 354/1131/283 353/1132/283
f 370/1133/284 371/1134/284 355/1135/284 354/1136/284
f 371/1137/285 372/1138/285 356/1139/285 355/1140/285
f 372/1141/286 373/1142/286 357/1143/286 356/1144/286
f 373/1145/287 374/1146/287 358/1147/287 357/1148/287
f 374/1149/288 375/1150/288 359/1151/288 358/1152/288
f 375/1153/289 376/1154/289 360/1155/289 359/1156/289
f 376/1157/290 361/1158/290 345/1159/290 360/1160/290
f 377/1161/291 378/1162/291 362/1163/291 361/1164/291
f 378/1165/292 379/1166/292 363/1167/292 362/1168/292
f 379/1169/293 380/1170/293 364/1171/293 363/1172/293
f 380/1173/294 381/1174/294 365/1175/294 364/1176/294
f 381/1177/295 382/1178/295 366/1179/295 365/1180/295
f 382/1181/296 383/1182/296 367/1183/296 366/1184/296
f 383/1185/297 384/1186/297 368/1187/297 367/1188/297
f 384/1189/298 385/1190/298 369/1191/298 368/1192/298
f 385/1193/299 386/1194/299 370/1195/299 369/1196/299
f 386/1197/300 387/1198/300 371/1199/300 370/1200/300
f 387/1201/301 388/1202/301 372/1203/301 371/1204/301
f 388/1205/302 389/1206/302 373/1207/302 372/1208/302
f 389/1209/303 390/1210/303 374/1211/303 373/1212/303
f 390/1213/304 391/1214/304 375/1215/304 374/1216/304
f 391/1217/305 392/1218/305 376/1219/305 375/1220/305
f 392/1221/306 377/1222/306 361/1223/306 376/1224/306
f 393/1225/307 394/1226/307 378/1227/307 377/1228/307
f 394/1229/308 395/1230/308 379/1231/308 378/1232/308
f 395/1233/309 396/1234/309 380/1235/309 379/1236/309
f 396/1237/310 397/1238/310 381/1239/310 380/1240/310
f 397/1241/311 398/1242/311 382/1243/311 381/1244/311
f 398/1245/312 399/1246/312 383/1247/312 382/1248/312
f 399/1249/313 400/1250/313 384/1251/313 383/1252/313
f 400/1253/314 401/1254/314 385/1255/314 384/1256/314
f 401/1257/315 402/1258/315 386/1259/315 385/1260/315
f 402/1261/316 403/1262/316 387/1263/316 386/1264/316
f 403/1265/317 404/1266/317 388/1267/317 387/1268/317
f 404/1269/318 405/1270/318 389/1271/318 388/1272/318
f 405/1273/319 406/1274/319 390/1275/319 389/1276/319
f 406/1277/320 407/1278/320 391/1279/320 390/1280/320
f 407/1281/321 408/1282/321 392/1283/321 391/1284/321
f 408/1285/322 393/1286/322 377/1287/322 392/1288/322
f 409/1289/323 410/1290/323 394/1291/323 393/1292/323
f 410/1293/324 411/1294/324 395/1295/324 394/1296/324
f 411/1297/325 412/1298/325 396/1299/325 395/1300/325
f 412/1301/326 413/1302/326 397/1303/326 396/1304/326
f 413/1305/327 414/1306/327 398/1307/327 397/1308/327
f 414/1309/328 415/1310/328 399/1311/328 398/1312/328
f 415/1313/329 416/1314/329 400/1315/329 399/1316/329
f 416/1317/330 417/1318/330 401/1319/330 400/1320/330
f 417/1321/331 418/1322/331 402/1323/331 401/1324/331
f 418/1325/332 419/1326/332 403/1327/332 402/1328/332
f 419/1329/333 420/1330/333 404/1331/333 403/1332/333
f 420/1333/334 421/1334/334 405/1335/334 404/1336/334
f 421/1337/335 422/1338/335 406/1339/335 405/1340/335
f 422/1341/336 423/1342/336 407/1343/336 406/1344/336
f 423/1345/337 424/1346/337 408/1347/337 407/1348/337
f 424/1349/338 409/1350/338 393/1351/338 408/1352/338
f 425/1353/339 426/1354/339 410/1355/339 409/1356/339
f 426/1357/340 427/1358/340 411/1359/340 410/1360/340
f 427/1361/341 428/1362/341 412/1363/341 411/1364/341
f 428/1365/342 429/1366/342 413/1367/342 412/1368/342
f 429/1369/343 430/1370/343 414/1371/343 413/1372/343
f 430/1373/344 431/1374/344 415/1375/344 414/1376/344
f 431/1377/345 432/1378/345 416/1379/345 415/1380/345
f 432/1381/346 433/1382/346 417/1383/346 416/1384/346
f 433/1385/347 434/1386/347 418/1387/347 417/1388/347
f 434/1389/348 435/1390/348 419/1391/348 418/1392/348
f 435/1393/349 436/1394/349 420/1395/349 419/1396/349
f 436/1397/350 437/1398/350 421/1399/350 420/1400/350
f 437/1401/351 438/1402/351 422/1403/351 421/1404/351
f 438/1405/352 439/1406/352 423/1407/352 422/1408/352
f 439/1409/353 440/1410/353 424/1411/353 423/1412/353
f 440/1413/354 425/1414/354 409/1415/354 424/1416/354
o throat_inner_termination
v 0.6219851692501518 0.524264358800756 0.8
v 0.6034140330301291 0.569099047731813 0.8
v 0.5690990477318131 0.6034140330301291 0.8
v 0.524264358800756 0.6219851692501518 0.8
v 0.47573564119924405 0.6219851692501518 0.8
v 0.43090095226818703 0.6034140330301291 0.8
v 0.3965859669698709 0.569099047731813 0.8
v 0.3780148307498482 0.524264358800756 0.8
v 0.3780148307498482 0.47573564119924405 0.8
v 0.3965859669698709 0.43090095226818703 0.8
v 0.430900952268187 0.3965859669698709 0.8
v 0.475735641199244 0.3780148307498482 0.8
v 0.524264358800756 0.3780148307498482 0.8
v 0.569099047731813 0.3965859669698709 0.8
v 0.6034140330301291 0.430900952268187 0.8
v 0.6219851692501518 0.475735641199244 0.8
v 0.6134032980466235 0.5225573184831148 0.821875
v 0.5961386739224818 0.5642378081928915 0.821875
v 0.5642378081928915 0.5961386739224818 0.821875
v 0.5225573184831148 0.6134032980466235 0.821875
v 0.4774426815168852 0.6134032980466235 0.821875
v 0.4357621918071085 0.5961386739224819 0.821875
v 0.4038613260775182 0.5642378081928915 0.821875
v 0.3865967019533765 0.5225573184831148 0.821875
v 0.3865967019533765 0.4774426815168852 0.821875
v 0.4038613260775182 0.4357621918071085 0.821875
v 0.4357621918071085 0.40386132607751823 0.821875
v 0.4774426815168851 0.3865967019533765 0.821875
v 0.5225573184831148 0.3865967019533765 0.821875
v 0.5642378081928915 0.4038613260775182 0.821875
v 0.5961386739224818 0.4357621918071085 0.821875
v 0.6134032980466235 0.4774426815168851 0.821875
v 0.6134032980466235 0.5225573184831148 0.8375
v 0.5961386739224818 0.5642378081928915 0.8375
v 0.5642378081928915 0.5961386739224818 0.8375
v 0.5225573184831148 0.6134032980466235 0.8375
v 0.4774426815168852 0.6134032980466235 0.8375
v 0.4357621918071085 0.5961386739224819 0.8375
v 0.4038613260775182 0.5642378081928915 0.8375
v 0.3865967019533765 0.5225573184831148 0.8375
v 0.3865967019533765 0.4774426815168852 0.8375
v 0.4038613260775182 0.4357621918071085 0.8375
v 0.4357621918071085 0.40386132607751823 0.8375
v 0.4774426815168851 0.3865967019533765 0.8375
v 0.5225573184831148 0.3865967019533765 0.8375
v 0.5642378081928915 0.4038613260775182 0.8375
v 0.5961386739224818 0.4357621918071085 0.8375
v 0.6134032980466235 0.4774426815168851 0.8375
vt 0 0.04230769230769227
vt 0.0625 0.04230769230769227
vt 0.0625 0.0692307692307691
vt 0 0.0692307692307691
vt 0.0625 0.04230769230769227
vt 0.125 0.04230769230769227
vt 0.125 0.0692307692307691
vt 0.0625 0.0692307692307691
vt 0.125 0.04230769230769227
vt 0.1875 0.04230769230769227
vt 0.1875 0.0692307692307691
vt 0.125 0.0692307692307691
vt 0.1875 0.04230769230769227
vt 0.25 0.04230769230769227
vt 0.25 0.0692307692307691
vt 0.1875 0.0692307692307691
vt 0.25 0.04230769230769227
vt 0.3125 0.04230769230769227
vt 0.3125 0.0692307692307691
vt 0.25 0.0692307692307691
vt 0.3125 0.04230769230769227
vt 0.375 0.04230769230769227
vt 0.375 0.0692307692307691
vt 0.3125 0.0692307692307691
vt 0.375 0.04230769230769227
vt 0.4375 0.04230769230769227
vt 0.4375 0.0692307692307691
vt 0.375 0.0692307692307691
vt 0.4375 0.04230769230769227
vt 0.5 0.04230769230769227
vt 0.5 0.0692307692307691
vt 0.4375 0.0692307692307691
vt 0.5 0.04230769230769227
vt 0.5625 0.04230769230769227
vt 0.5625 0.0692307692307691
vt 0.5 0.0692307692307691
vt 0.5625 0.04230769230769227
vt 0.625 0.04230769230769227
vt 0.625 0.0692307692307691
vt 0.5625 0.0692307692307691
vt 0.625 0.04230769230769227
vt 0.6875 0.04230769230769227
vt 0.6875 0.0692307692307691
vt 0.625 0.0692307692307691
vt 0.6875 0.04230769230769227
vt 0.75 0.04230769230769227
vt 0.75 0.0692307692307691
vt 0.6875 0.0692307692307691
vt 0.75 0.04230769230769227
vt 0.8125 0.04230769230769227
vt 0.8125 0.0692307692307691
vt 0.75 0.0692307692307691
vt 0.8125 0.04230769230769227
vt 0.875 0.04230769230769227
vt 0.875 0.0692307692307691
vt 0.8125 0.0692307692307691
vt 0.875 0.04230769230769227
vt 0.9375 0.04230769230769227
vt 0.9375 0.0692307692307691
vt 0.875 0.0692307692307691
vt 0.9375 0.04230769230769227
vt 1 0.04230769230769227
vt 1 0.0692307692307691
vt 0.9375 0.0692307692307691
vt 0 0.023076923076922995
vt 0.0625 0.023076923076922995
vt 0.0625 0.04230769230769227
vt 0 0.04230769230769227
vt 0.0625 0.023076923076922995
vt 0.125 0.023076923076922995
vt 0.125 0.04230769230769227
vt 0.0625 0.04230769230769227
vt 0.125 0.023076923076922995
vt 0.1875 0.023076923076922995
vt 0.1875 0.04230769230769227
vt 0.125 0.04230769230769227
vt 0.1875 0.023076923076922995
vt 0.25 0.023076923076922995
vt 0.25 0.04230769230769227
vt 0.1875 0.04230769230769227
vt 0.25 0.023076923076922995
vt 0.3125 0.023076923076922995
vt 0.3125 0.04230769230769227
vt 0.25 0.04230769230769227
vt 0.3125 0.023076923076922995
vt 0.375 0.023076923076922995
vt 0.375 0.04230769230769227
vt 0.3125 0.04230769230769227
vt 0.375 0.023076923076922995
vt 0.4375 0.023076923076922995
vt 0.4375 0.04230769230769227
vt 0.375 0.04230769230769227
vt 0.4375 0.023076923076922995
vt 0.5 0.023076923076922995
vt 0.5 0.04230769230769227
vt 0.4375 0.04230769230769227
vt 0.5 0.023076923076922995
vt 0.5625 0.023076923076922995
vt 0.5625 0.04230769230769227
vt 0.5 0.04230769230769227
vt 0.5625 0.023076923076922995
vt 0.625 0.023076923076922995
vt 0.625 0.04230769230769227
vt 0.5625 0.04230769230769227
vt 0.625 0.023076923076922995
vt 0.6875 0.023076923076922995
vt 0.6875 0.04230769230769227
vt 0.625 0.04230769230769227
vt 0.6875 0.023076923076922995
vt 0.75 0.023076923076922995
vt 0.75 0.04230769230769227
vt 0.6875 0.04230769230769227
vt 0.75 0.023076923076922995
vt 0.8125 0.023076923076922995
vt 0.8125 0.04230769230769227
vt 0.75 0.04230769230769227
vt 0.8125 0.023076923076922995
vt 0.875 0.023076923076922995
vt 0.875 0.04230769230769227
vt 0.8125 0.04230769230769227
vt 0.875 0.023076923076922995
vt 0.9375 0.023076923076922995
vt 0.9375 0.04230769230769227
vt 0.875 0.04230769230769227
vt 0.9375 0.023076923076922995
vt 1 0.023076923076922995
vt 1 0.04230769230769227
vt 0.9375 0.04230769230769227
vn -0.8600611077375611 -0.35624897529452615 -0.36521440080977025
vn -0.658262273505462 -0.658262273505462 -0.3652144008097723
vn -0.3562489752945263 -0.8600611077375614 -0.36521440080976936
vn 0 -0.9309234347899732 -0.36521440080976936
vn 0.3562489752945248 -0.8600611077375634 -0.3652144008097664
vn 0.6582622735054637 -0.6582622735054625 -0.365214400809768
vn 0.860061107737562 -0.35624897529452537 -0.3652144008097694
vn 0.9309234347899732 0 -0.36521440080976936
vn 0.8600611077375623 0.35624897529452554 -0.3652144008097684
vn 0.6582622735054617 0.6582622735054628 -0.3652144008097708
vn 0.35624897529452676 0.8600611077375613 -0.36521440080976925
vn 0 0.9309234347899731 -0.3652144008097693
vn -0.35624897529452554 0.8600611077375623 -0.3652144008097684
vn -0.6582622735054628 0.6582622735054617 -0.3652144008097708
vn -0.8600611077375613 0.35624897529452676 -0.36521440080976925
vn -0.9309234347899731 0 -0.3652144008097693
vn -0.9238795325112865 -0.38268343236509045 0
vn -0.7071067811865476 -0.7071067811865476 0
vn -0.38268343236509045 -0.9238795325112865 0
vn 0 -1 0
vn 0.38268343236508834 -0.9238795325112874 0
vn 0.7071067811865481 -0.7071067811865469 0
vn 0.923879532511287 -0.3826834323650894 0
vn 1 0 0
vn 0.923879532511287 0.3826834323650894 0
vn 0.7071067811865469 0.7071067811865482 0
vn 0.38268343236509084 0.9238795325112863 0
vn 0 1 0
vn -0.3826834323650894 0.923879532511287 0
vn -0.7071067811865482 0.7071067811865469 0
vn -0.9238795325112863 0.38268343236509084 0
vn -1 0 0
usemtl shuttle_nozzle_throat
f 457/1417/355 458/1418/355 442/1419/355 441/1420/355
f 458/1421/356 459/1422/356 443/1423/356 442/1424/356
f 459/1425/357 460/1426/357 444/1427/357 443/1428/357
f 460/1429/358 461/1430/358 445/1431/358 444/1432/358
f 461/1433/359 462/1434/359 446/1435/359 445/1436/359
f 462/1437/360 463/1438/360 447/1439/360 446/1440/360
f 463/1441/361 464/1442/361 448/1443/361 447/1444/361
f 464/1445/362 465/1446/362 449/1447/362 448/1448/362
f 465/1449/363 466/1450/363 450/1451/363 449/1452/363
f 466/1453/364 467/1454/364 451/1455/364 450/1456/364
f 467/1457/365 468/1458/365 452/1459/365 451/1460/365
f 468/1461/366 469/1462/366 453/1463/366 452/1464/366
f 469/1465/367 470/1466/367 454/1467/367 453/1468/367
f 470/1469/368 471/1470/368 455/1471/368 454/1472/368
f 471/1473/369 472/1474/369 456/1475/369 455/1476/369
f 472/1477/370 457/1478/370 441/1479/370 456/1480/370
f 473/1481/371 474/1482/371 458/1483/371 457/1484/371
f 474/1485/372 475/1486/372 459/1487/372 458/1488/372
f 475/1489/373 476/1490/373 460/1491/373 459/1492/373
f 476/1493/374 477/1494/374 461/1495/374 460/1496/374
f 477/1497/375 478/1498/375 462/1499/375 461/1500/375
f 478/1501/376 479/1502/376 463/1503/376 462/1504/376
f 479/1505/377 480/1506/377 464/1507/377 463/1508/377
f 480/1509/378 481/1510/378 465/1511/378 464/1512/378
f 481/1513/379 482/1514/379 466/1515/379 465/1516/379
f 482/1517/380 483/1518/380 467/1519/380 466/1520/380
f 483/1521/381 484/1522/381 468/1523/381 467/1524/381
f 484/1525/382 485/1526/382 469/1527/382 468/1528/382
f 485/1529/383 486/1530/383 470/1531/383 469/1532/383
f 486/1533/384 487/1534/384 471/1535/384 470/1536/384
f 487/1537/385 488/1538/385 472/1539/385 471/1540/385
f 488/1541/386 473/1542/386 457/1543/386 472/1544/386
o throat_back_seal
v 0.6134032980466235 0.5225573184831148 0.8375
v 0.5961386739224818 0.5642378081928915 0.8375
v 0.5642378081928915 0.5961386739224818 0.8375
v 0.5225573184831148 0.6134032980466235 0.8375
v 0.4774426815168852 0.6134032980466235 0.8375
v 0.4357621918071085 0.5961386739224819 0.8375
v 0.4038613260775182 0.5642378081928915 0.8375
v 0.3865967019533765 0.5225573184831148 0.8375
v 0.3865967019533765 0.4774426815168852 0.8375
v 0.4038613260775182 0.4357621918071085 0.8375
v 0.4357621918071085 0.40386132607751823 0.8375
v 0.4774426815168851 0.3865967019533765 0.8375
v 0.5225573184831148 0.3865967019533765 0.8375
v 0.5642378081928915 0.4038613260775182 0.8375
v 0.5961386739224818 0.4357621918071085 0.8375
v 0.6134032980466235 0.4774426815168851 0.8375
v 0.500612990800252 0.50012193145126 0.8375
v 0.5005196685076891 0.5003472313956373 0.8375
v 0.5003472313956373 0.5005196685076891 0.8375
v 0.50012193145126 0.500612990800252 0.8375
v 0.4998780685487399 0.500612990800252 0.8375
v 0.49965276860436275 0.5005196685076891 0.8375
v 0.4994803314923109 0.5003472313956373 0.8375
v 0.499387009199748 0.50012193145126 0.8375
v 0.499387009199748 0.4998780685487399 0.8375
v 0.4994803314923109 0.49965276860436275 0.8375
v 0.49965276860436275 0.4994803314923109 0.8375
v 0.4998780685487399 0.499387009199748 0.8375
v 0.50012193145126 0.499387009199748 0.8375
v 0.5003472313956373 0.4994803314923109 0.8375
v 0.5005196685076891 0.49965276860436275 0.8375
v 0.500612990800252 0.4998780685487399 0.8375
vt 0 0.023076923076922995
vt 0.0625 0.023076923076922995
vt 0.0625 0.023076923076922995
vt 0 0.023076923076922995
vt 0.0625 0.023076923076922995
vt 0.125 0.023076923076922995
vt 0.125 0.023076923076922995
vt 0.0625 0.023076923076922995
vt 0.125 0.023076923076922995
vt 0.1875 0.023076923076922995
vt 0.1875 0.023076923076922995
vt 0.125 0.023076923076922995
vt 0.1875 0.023076923076922995
vt 0.25 0.023076923076922995
vt 0.25 0.023076923076922995
vt 0.1875 0.023076923076922995
vt 0.25 0.023076923076922995
vt 0.3125 0.023076923076922995
vt 0.3125 0.023076923076922995
vt 0.25 0.023076923076922995
vt 0.3125 0.023076923076922995
vt 0.375 0.023076923076922995
vt 0.375 0.023076923076922995
vt 0.3125 0.023076923076922995
vt 0.375 0.023076923076922995
vt 0.4375 0.023076923076922995
vt 0.4375 0.023076923076922995
vt 0.375 0.023076923076922995
vt 0.4375 0.023076923076922995
vt 0.5 0.023076923076922995
vt 0.5 0.023076923076922995
vt 0.4375 0.023076923076922995
vt 0.5 0.023076923076922995
vt 0.5625 0.023076923076922995
vt 0.5625 0.023076923076922995
vt 0.5 0.023076923076922995
vt 0.5625 0.023076923076922995
vt 0.625 0.023076923076922995
vt 0.625 0.023076923076922995
vt 0.5625 0.023076923076922995
vt 0.625 0.023076923076922995
vt 0.6875 0.023076923076922995
vt 0.6875 0.023076923076922995
vt 0.625 0.023076923076922995
vt 0.6875 0.023076923076922995
vt 0.75 0.023076923076922995
vt 0.75 0.023076923076922995
vt 0.6875 0.023076923076922995
vt 0.75 0.023076923076922995
vt 0.8125 0.023076923076922995
vt 0.8125 0.023076923076922995
vt 0.75 0.023076923076922995
vt 0.8125 0.023076923076922995
vt 0.875 0.023076923076922995
vt 0.875 0.023076923076922995
vt 0.8125 0.023076923076922995
vt 0.875 0.023076923076922995
vt 0.9375 0.023076923076922995
vt 0.9375 0.023076923076922995
vt 0.875 0.023076923076922995
vt 0.9375 0.023076923076922995
vt 1 0.023076923076922995
vt 1 0.023076923076922995
vt 0.9375 0.023076923076922995
vn 0 0 -1
vn 0 0 -1
vn 0 0 -1
vn 0 0 -1
vn 0 0 -1
vn 0 0 -1
vn 0 0 -1
vn 0 0 -1
vn 0 0 -1
vn 0 0 -1
vn 0 0 -1
vn 0 0 -1
vn 0 0 -1
vn 0 0 -1
vn 0 0 -1
vn 0 0 -1
usemtl shuttle_nozzle_throat
f 505/1545/387 506/1546/387 490/1547/387 489/1548/387
f 506/1549/388 507/1550/388 491/1551/388 490/1552/388
f 507/1553/389 508/1554/389 492/1555/389 491/1556/389
f 508/1557/390 509/1558/390 493/1559/390 492/1560/390
f 509/1561/391 510/1562/391 494/1563/391 493/1564/391
f 510/1565/392 511/1566/392 495/1567/392 494/1568/392
f 511/1569/393 512/1570/393 496/1571/393 495/1572/393
f 512/1573/394 513/1574/394 497/1575/394 496/1576/394
f 513/1577/395 514/1578/395 498/1579/395 497/1580/395
f 514/1581/396 515/1582/396 499/1583/396 498/1584/396
f 515/1585/397 516/1586/397 500/1587/397 499/1588/397
f 516/1589/398 517/1590/398 501/1591/398 500/1592/398
f 517/1593/399 518/1594/399 502/1595/399 501/1596/399
f 518/1597/400 519/1598/400 503/1599/400 502/1600/400
f 519/1601/401 520/1602/401 504/1603/401 503/1604/401
f 520/1605/402 505/1606/402 489/1607/402 504/1608/402
o exit_rolled_thin_lip
v 0.9352234681789335 0.5865713303946569 0.051875
v 0.8689646404592544 0.7465342909024485 0.051875
v 0.7465342909024485 0.8689646404592544 0.051875
v 0.5865713303946569 0.9352234681789335 0.051875
v 0.41342866960534314 0.9352234681789335 0.051875
v 0.2534657090975516 0.8689646404592546 0.051875
v 0.13103535954074552 0.7465342909024485 0.051875
v 0.06477653182106652 0.586571330394657 0.051875
v 0.06477653182106652 0.413428669605343 0.051875
v 0.13103535954074547 0.2534657090975516 0.051875
v 0.2534657090975515 0.13103535954074558 0.051875
v 0.4134286696053429 0.06477653182106657 0.051875
v 0.5865713303946569 0.06477653182106652 0.051875
v 0.7465342909024483 0.13103535954074547 0.051875
v 0.8689646404592544 0.2534657090975515 0.051875
v 0.9352234681789334 0.41342866960534286 0.051875
v 0.951161228985486 0.589741548127419 0.045
v 0.8824760216591708 0.755562307189017 0.045
v 0.7555623071890171 0.8824760216591708 0.045
v 0.5897415481274191 0.951161228985486 0.045
v 0.41025845187258103 0.951161228985486 0.045
v 0.2444376928109831 0.8824760216591709 0.045
v 0.11752397834082912 0.755562307189017 0.045
v 0.048838771014514004 0.5897415481274192 0.045
v 0.048838771014514004 0.4102584518725809 0.045
v 0.11752397834082906 0.2444376928109831 0.045
v 0.244437692810983 0.11752397834082917 0.045
v 0.4102584518725808 0.04883877101451406 0.045
v 0.5897415481274191 0.048838771014514004 0.045
v 0.7555623071890168 0.11752397834082906 0.045
v 0.8824760216591708 0.244437692810983 0.045
v 0.9511612289854859 0.4102584518725808 0.045
v 0.9652600173912824 0.5925459715064009 0.053125
v 0.8944283973360199 0.7635486292886737 0.053125
v 0.7635486292886738 0.8944283973360199 0.053125
v 0.5925459715064009 0.9652600173912824 0.053125
v 0.4074540284935992 0.9652600173912824 0.053125
v 0.23645137071132633 0.89442839733602 0.053125
v 0.10557160266398008 0.7635486292886737 0.053125
v 0.03473998260871758 0.592545971506401 0.053125
v 0.03473998260871758 0.40745402849359913 0.053125
v 0.10557160266398002 0.23645137071132633 0.053125
v 0.23645137071132621 0.10557160266398014 0.053125
v 0.40745402849359896 0.034739982608717634 0.053125
v 0.5925459715064009 0.03473998260871758 0.053125
v 0.7635486292886736 0.10557160266398002 0.053125
v 0.8944283973360199 0.23645137071132621 0.053125
v 0.9652600173912824 0.4074540284935989 0.053125
v 0.9652600173912824 0.5925459715064009 0.0725
v 0.8944283973360199 0.7635486292886737 0.0725
v 0.7635486292886738 0.8944283973360199 0.0725
v 0.5925459715064009 0.9652600173912824 0.0725
v 0.4074540284935992 0.9652600173912824 0.0725
v 0.23645137071132633 0.89442839733602 0.0725
v 0.10557160266398008 0.7635486292886737 0.0725
v 0.03473998260871758 0.592545971506401 0.0725
v 0.03473998260871758 0.40745402849359913 0.0725
v 0.10557160266398002 0.23645137071132633 0.0725
v 0.23645137071132621 0.10557160266398014 0.0725
v 0.40745402849359896 0.034739982608717634 0.0725
v 0.5925459715064009 0.03473998260871758 0.0725
v 0.7635486292886736 0.10557160266398002 0.0725
v 0.8944283973360199 0.23645137071132621 0.0725
v 0.9652600173912824 0.4074540284935989 0.0725
v 0.949935247384982 0.5894976852248989 0.083125
v 0.8814366846437927 0.7548678443977426 0.083125
v 0.7548678443977426 0.8814366846437927 0.083125
v 0.5894976852248989 0.949935247384982 0.083125
v 0.4105023147751012 0.949935247384982 0.083125
v 0.2451321556022576 0.8814366846437927 0.083125
v 0.11856331535620734 0.7548678443977426 0.083125
v 0.05006475261501803 0.589497685224899 0.083125
v 0.05006475261501803 0.41050231477510113 0.083125
v 0.11856331535620729 0.2451321556022576 0.083125
v 0.24513215560225748 0.1185633153562074 0.083125
v 0.41050231477510096 0.05006475261501808 0.083125
v 0.5894976852248989 0.05006475261501803 0.083125
v 0.7548678443977423 0.11856331535620729 0.083125
v 0.8814366846437927 0.24513215560225748 0.083125
v 0.9499352473849819 0.41050231477510096 0.083125
v 0.9315455233774215 0.5858397416870964 0.083125
v 0.86584662941312 0.744450902528625 0.083125
v 0.744450902528625 0.86584662941312 0.083125
v 0.5858397416870964 0.9315455233774215 0.083125
v 0.4141602583129036 0.9315455233774215 0.083125
v 0.2555490974713751 0.86584662941312 0.083125
v 0.13415337058688004 0.744450902528625 0.083125
v 0.06845447662257859 0.5858397416870966 0.083125
v 0.06845447662257859 0.41416025831290354 0.083125
v 0.13415337058687998 0.2555490974713751 0.083125
v 0.25554909747137505 0.1341533705868801 0.083125
v 0.4141602583129034 0.06845447662257864 0.083125
v 0.5858397416870964 0.06845447662257859 0.083125
v 0.7444509025286248 0.13415337058687998 0.083125
v 0.86584662941312 0.25554909747137505 0.083125
v 0.9315455233774214 0.4141602583129034 0.083125
vt 0 0.99
vt 0.0625 0.99
vt 0.0625 0.9984615384615385
vt 0 0.9984615384615385
vt 0.0625 0.99
vt 0.125 0.99
vt 0.125 0.9984615384615385
vt 0.0625 0.9984615384615385
vt 0.125 0.99
vt 0.1875 0.99
vt 0.1875 0.9984615384615385
vt 0.125 0.9984615384615385
vt 0.1875 0.99
vt 0.25 0.99
vt 0.25 0.9984615384615385
vt 0.1875 0.9984615384615385
vt 0.25 0.99
vt 0.3125 0.99
vt 0.3125 0.9984615384615385
vt 0.25 0.9984615384615385
vt 0.3125 0.99
vt 0.375 0.99
vt 0.375 0.9984615384615385
vt 0.3125 0.9984615384615385
vt 0.375 0.99
vt 0.4375 0.99
vt 0.4375 0.9984615384615385
vt 0.375 0.9984615384615385
vt 0.4375 0.99
vt 0.5 0.99
vt 0.5 0.9984615384615385
vt 0.4375 0.9984615384615385
vt 0.5 0.99
vt 0.5625 0.99
vt 0.5625 0.9984615384615385
vt 0.5 0.9984615384615385
vt 0.5625 0.99
vt 0.625 0.99
vt 0.625 0.9984615384615385
vt 0.5625 0.9984615384615385
vt 0.625 0.99
vt 0.6875 0.99
vt 0.6875 0.9984615384615385
vt 0.625 0.9984615384615385
vt 0.6875 0.99
vt 0.75 0.99
vt 0.75 0.9984615384615385
vt 0.6875 0.9984615384615385
vt 0.75 0.99
vt 0.8125 0.99
vt 0.8125 0.9984615384615385
vt 0.75 0.9984615384615385
vt 0.8125 0.99
vt 0.875 0.99
vt 0.875 0.9984615384615385
vt 0.8125 0.9984615384615385
vt 0.875 0.99
vt 0.9375 0.99
vt 0.9375 0.9984615384615385
vt 0.875 0.9984615384615385
vt 0.9375 0.99
vt 1 0.99
vt 1 0.9984615384615385
vt 0.9375 0.9984615384615385
vt 0 0.9984615384615385
vt 0.0625 0.9984615384615385
vt 0.0625 0.9884615384615385
vt 0 0.9884615384615385
vt 0.0625 0.9984615384615385
vt 0.125 0.9984615384615385
vt 0.125 0.9884615384615385
vt 0.0625 0.9884615384615385
vt 0.125 0.9984615384615385
vt 0.1875 0.9984615384615385
vt 0.1875 0.9884615384615385
vt 0.125 0.9884615384615385
vt 0.1875 0.9984615384615385
vt 0.25 0.9984615384615385
vt 0.25 0.9884615384615385
vt 0.1875 0.9884615384615385
vt 0.25 0.9984615384615385
vt 0.3125 0.9984615384615385
vt 0.3125 0.9884615384615385
vt 0.25 0.9884615384615385
vt 0.3125 0.9984615384615385
vt 0.375 0.9984615384615385
vt 0.375 0.9884615384615385
vt 0.3125 0.9884615384615385
vt 0.375 0.9984615384615385
vt 0.4375 0.9984615384615385
vt 0.4375 0.9884615384615385
vt 0.375 0.9884615384615385
vt 0.4375 0.9984615384615385
vt 0.5 0.9984615384615385
vt 0.5 0.9884615384615385
vt 0.4375 0.9884615384615385
vt 0.5 0.9984615384615385
vt 0.5625 0.9984615384615385
vt 0.5625 0.9884615384615385
vt 0.5 0.9884615384615385
vt 0.5625 0.9984615384615385
vt 0.625 0.9984615384615385
vt 0.625 0.9884615384615385
vt 0.5625 0.9884615384615385
vt 0.625 0.9984615384615385
vt 0.6875 0.9984615384615385
vt 0.6875 0.9884615384615385
vt 0.625 0.9884615384615385
vt 0.6875 0.9984615384615385
vt 0.75 0.9984615384615385
vt 0.75 0.9884615384615385
vt 0.6875 0.9884615384615385
vt 0.75 0.9984615384615385
vt 0.8125 0.9984615384615385
vt 0.8125 0.9884615384615385
vt 0.75 0.9884615384615385
vt 0.8125 0.9984615384615385
vt 0.875 0.9984615384615385
vt 0.875 0.9884615384615385
vt 0.8125 0.9884615384615385
vt 0.875 0.9984615384615385
vt 0.9375 0.9984615384615385
vt 0.9375 0.9884615384615385
vt 0.875 0.9884615384615385
vt 0.9375 0.9984615384615385
vt 1 0.9984615384615385
vt 1 0.9884615384615385
vt 0.9375 0.9884615384615385
vt 0 0.9884615384615385
vt 0.0625 0.9884615384615385
vt 0.0625 0.9646153846153847
vt 0 0.9646153846153847
vt 0.0625 0.9884615384615385
vt 0.125 0.9884615384615385
vt 0.125 0.9646153846153847
vt 0.0625 0.9646153846153847
vt 0.125 0.9884615384615385
vt 0.1875 0.9884615384615385
vt 0.1875 0.9646153846153847
vt 0.125 0.9646153846153847
vt 0.1875 0.9884615384615385
vt 0.25 0.9884615384615385
vt 0.25 0.9646153846153847
vt 0.1875 0.9646153846153847
vt 0.25 0.9884615384615385
vt 0.3125 0.9884615384615385
vt 0.3125 0.9646153846153847
vt 0.25 0.9646153846153847
vt 0.3125 0.9884615384615385
vt 0.375 0.9884615384615385
vt 0.375 0.9646153846153847
vt 0.3125 0.9646153846153847
vt 0.375 0.9884615384615385
vt 0.4375 0.9884615384615385
vt 0.4375 0.9646153846153847
vt 0.375 0.9646153846153847
vt 0.4375 0.9884615384615385
vt 0.5 0.9884615384615385
vt 0.5 0.9646153846153847
vt 0.4375 0.9646153846153847
vt 0.5 0.9884615384615385
vt 0.5625 0.9884615384615385
vt 0.5625 0.9646153846153847
vt 0.5 0.9646153846153847
vt 0.5625 0.9884615384615385
vt 0.625 0.9884615384615385
vt 0.625 0.9646153846153847
vt 0.5625 0.9646153846153847
vt 0.625 0.9884615384615385
vt 0.6875 0.9884615384615385
vt 0.6875 0.9646153846153847
vt 0.625 0.9646153846153847
vt 0.6875 0.9884615384615385
vt 0.75 0.9884615384615385
vt 0.75 0.9646153846153847
vt 0.6875 0.9646153846153847
vt 0.75 0.9884615384615385
vt 0.8125 0.9884615384615385
vt 0.8125 0.9646153846153847
vt 0.75 0.9646153846153847
vt 0.8125 0.9884615384615385
vt 0.875 0.9884615384615385
vt 0.875 0.9646153846153847
vt 0.8125 0.9646153846153847
vt 0.875 0.9884615384615385
vt 0.9375 0.9884615384615385
vt 0.9375 0.9646153846153847
vt 0.875 0.9646153846153847
vt 0.9375 0.9884615384615385
vt 1 0.9884615384615385
vt 1 0.9646153846153847
vt 0.9375 0.9646153846153847
vt 0 0.9646153846153847
vt 0.0625 0.9646153846153847
vt 0.0625 0.9515384615384616
vt 0 0.9515384615384616
vt 0.0625 0.9646153846153847
vt 0.125 0.9646153846153847
vt 0.125 0.9515384615384616
vt 0.0625 0.9515384615384616
vt 0.125 0.9646153846153847
vt 0.1875 0.9646153846153847
vt 0.1875 0.9515384615384616
vt 0.125 0.9515384615384616
vt 0.1875 0.9646153846153847
vt 0.25 0.9646153846153847
vt 0.25 0.9515384615384616
vt 0.1875 0.9515384615384616
vt 0.25 0.9646153846153847
vt 0.3125 0.9646153846153847
vt 0.3125 0.9515384615384616
vt 0.25 0.9515384615384616
vt 0.3125 0.9646153846153847
vt 0.375 0.9646153846153847
vt 0.375 0.9515384615384616
vt 0.3125 0.9515384615384616
vt 0.375 0.9646153846153847
vt 0.4375 0.9646153846153847
vt 0.4375 0.9515384615384616
vt 0.375 0.9515384615384616
vt 0.4375 0.9646153846153847
vt 0.5 0.9646153846153847
vt 0.5 0.9515384615384616
vt 0.4375 0.9515384615384616
vt 0.5 0.9646153846153847
vt 0.5625 0.9646153846153847
vt 0.5625 0.9515384615384616
vt 0.5 0.9515384615384616
vt 0.5625 0.9646153846153847
vt 0.625 0.9646153846153847
vt 0.625 0.9515384615384616
vt 0.5625 0.9515384615384616
vt 0.625 0.9646153846153847
vt 0.6875 0.9646153846153847
vt 0.6875 0.9515384615384616
vt 0.625 0.9515384615384616
vt 0.6875 0.9646153846153847
vt 0.75 0.9646153846153847
vt 0.75 0.9515384615384616
vt 0.6875 0.9515384615384616
vt 0.75 0.9646153846153847
vt 0.8125 0.9646153846153847
vt 0.8125 0.9515384615384616
vt 0.75 0.9515384615384616
vt 0.8125 0.9646153846153847
vt 0.875 0.9646153846153847
vt 0.875 0.9515384615384616
vt 0.8125 0.9515384615384616
vt 0.875 0.9646153846153847
vt 0.9375 0.9646153846153847
vt 0.9375 0.9515384615384616
vt 0.875 0.9515384615384616
vt 0.9375 0.9646153846153847
vt 1 0.9646153846153847
vt 1 0.9515384615384616
vt 0.9375 0.9515384615384616
vt 0 0.9515384615384616
vt 0.0625 0.9515384615384616
vt 0.0625 0.9515384615384616
vt 0 0.9515384615384616
vt 0.0625 0.9515384615384616
vt 0.125 0.9515384615384616
vt 0.125 0.9515384615384616
vt 0.0625 0.9515384615384616
vt 0.125 0.9515384615384616
vt 0.1875 0.9515384615384616
vt 0.1875 0.9515384615384616
vt 0.125 0.9515384615384616
vt 0.1875 0.9515384615384616
vt 0.25 0.9515384615384616
vt 0.25 0.9515384615384616
vt 0.1875 0.9515384615384616
vt 0.25 0.9515384615384616
vt 0.3125 0.9515384615384616
vt 0.3125 0.9515384615384616
vt 0.25 0.9515384615384616
vt 0.3125 0.9515384615384616
vt 0.375 0.9515384615384616
vt 0.375 0.9515384615384616
vt 0.3125 0.9515384615384616
vt 0.375 0.9515384615384616
vt 0.4375 0.9515384615384616
vt 0.4375 0.9515384615384616
vt 0.375 0.9515384615384616
vt 0.4375 0.9515384615384616
vt 0.5 0.9515384615384616
vt 0.5 0.9515384615384616
vt 0.4375 0.9515384615384616
vt 0.5 0.9515384615384616
vt 0.5625 0.9515384615384616
vt 0.5625 0.9515384615384616
vt 0.5 0.9515384615384616
vt 0.5625 0.9515384615384616
vt 0.625 0.9515384615384616
vt 0.625 0.9515384615384616
vt 0.5625 0.9515384615384616
vt 0.625 0.9515384615384616
vt 0.6875 0.9515384615384616
vt 0.6875 0.9515384615384616
vt 0.625 0.9515384615384616
vt 0.6875 0.9515384615384616
vt 0.75 0.9515384615384616
vt 0.75 0.9515384615384616
vt 0.6875 0.9515384615384616
vt 0.75 0.9515384615384616
vt 0.8125 0.9515384615384616
vt 0.8125 0.9515384615384616
vt 0.75 0.9515384615384616
vt 0.8125 0.9515384615384616
vt 0.875 0.9515384615384616
vt 0.875 0.9515384615384616
vt 0.8125 0.9515384615384616
vt 0.875 0.9515384615384616
vt 0.9375 0.9515384615384616
vt 0.9375 0.9515384615384616
vt 0.875 0.9515384615384616
vt 0.9375 0.9515384615384616
vt 1 0.9515384615384616
vt 1 0.9515384615384616
vt 0.9375 0.9515384615384616
vt 0 0.9515384615384616
vt 0.0625 0.9515384615384616
vt 0.0625 0.99
vt 0 0.99
vt 0.0625 0.9515384615384616
vt 0.125 0.9515384615384616
vt 0.125 0.99
vt 0.0625 0.99
vt 0.125 0.9515384615384616
vt 0.1875 0.9515384615384616
vt 0.1875 0.99
vt 0.125 0.99
vt 0.1875 0.9515384615384616
vt 0.25 0.9515384615384616
vt 0.25 0.99
vt 0.1875 0.99
vt 0.25 0.9515384615384616
vt 0.3125 0.9515384615384616
vt 0.3125 0.99
vt 0.25 0.99
vt 0.3125 0.9515384615384616
vt 0.375 0.9515384615384616
vt 0.375 0.99
vt 0.3125 0.99
vt 0.375 0.9515384615384616
vt 0.4375 0.9515384615384616
vt 0.4375 0.99
vt 0.375 0.99
vt 0.4375 0.9515384615384616
vt 0.5 0.9515384615384616
vt 0.5 0.99
vt 0.4375 0.99
vt 0.5 0.9515384615384616
vt 0.5625 0.9515384615384616
vt 0.5625 0.99
vt 0.5 0.99
vt 0.5625 0.9515384615384616
vt 0.625 0.9515384615384616
vt 0.625 0.99
vt 0.5625 0.99
vt 0.625 0.9515384615384616
vt 0.6875 0.9515384615384616
vt 0.6875 0.99
vt 0.625 0.99
vt 0.6875 0.9515384615384616
vt 0.75 0.9515384615384616
vt 0.75 0.99
vt 0.6875 0.99
vt 0.75 0.9515384615384616
vt 0.8125 0.9515384615384616
vt 0.8125 0.99
vt 0.75 0.99
vt 0.8125 0.9515384615384616
vt 0.875 0.9515384615384616
vt 0.875 0.99
vt 0.8125 0.99
vt 0.875 0.9515384615384616
vt 0.9375 0.9515384615384616
vt 0.9375 0.99
vt 0.875 0.99
vt 0.9375 0.9515384615384616
vt 1 0.9515384615384616
vt 1 0.99
vt 0.9375 0.99
vn -0.3659354220603362 -0.15157541477011416 -0.9182135702105428
vn -0.28007484667603405 -0.28007484667603405 -0.9182135702105433
vn -0.1515754147701143 -0.3659354220603366 -0.9182135702105426
vn 0 -0.3960856466488142 -0.9182135702105425
vn 0.15157541477011446 -0.365935422060338 -0.9182135702105421
vn 0.28007484667603566 -0.28007484667603566 -0.9182135702105422
vn 0.36593542206033675 -0.15157541477011413 -0.9182135702105427
vn 0.3960856466488142 0 -0.9182135702105424
vn 0.3659354220603368 0.15157541477011408 -0.9182135702105426
vn 0.28007484667603505 0.28007484667603505 -0.9182135702105425
vn 0.15157541477011427 0.36593542206033697 -0.9182135702105425
vn 1.2698875096073304e-16 0.3960856466488142 -0.9182135702105424
vn -0.15157541477011394 0.36593542206033636 -0.9182135702105428
vn -0.2800748466760347 0.2800748466760349 -0.9182135702105426
vn -0.3659354220603375 0.15157541477011469 -0.9182135702105424
vn -0.39608564664881424 2.53977501921466e-16 -0.9182135702105426
vn 0.4613034778704288 0.19107815690380867 -0.8664226677891632
vn 0.3530663965468179 0.35306639654681754 -0.8664226677891631
vn 0.19107815690380892 0.46130347787042947 -0.8664226677891627
vn 0 0.49931128641470746 -0.8664226677891628
vn -0.19107815690380842 0.4613034778704289 -0.8664226677891631
vn -0.3530663965468177 0.3530663965468177 -0.8664226677891631
vn -0.46130347787042836 0.1910781569038084 -0.8664226677891634
vn -0.49931128641470596 0 -0.8664226677891637
vn -0.46130347787042886 -0.1910781569038084 -0.866422667789163
vn -0.3530663965468176 -0.3530663965468176 -0.8664226677891632
vn -0.19107815690380814 -0.4613034778704279 -0.8664226677891635
vn -1.544287172998525e-16 -0.49931128641470596 -0.8664226677891637
vn 0.19107815690380842 -0.4613034778704288 -0.8664226677891631
vn 0.3530663965468174 -0.35306639654681754 -0.8664226677891633
vn 0.4613034778704258 -0.19107815690380725 -0.8664226677891649
vn 0.4993112864147076 -3.088574345997062e-16 -0.8664226677891629
vn 0.9238795325112868 0.38268343236509006 0
vn 0.7071067811865478 0.7071067811865472 0
vn 0.3826834323650898 0.9238795325112868 0
vn 0 1 0
vn -0.38268343236508945 0.9238795325112868 0
vn -0.7071067811865476 0.7071067811865476 0
vn -0.9238795325112867 0.38268343236508995 0
vn -1 0 0
vn -0.9238795325112868 -0.3826834323650896 0
vn -0.7071067811865476 -0.7071067811865476 0
vn -0.38268343236508995 -0.9238795325112867 0
vn -2.999112242687862e-16 -1 0
vn 0.38268343236508967 -0.9238795325112868 0
vn 0.7071067811865474 -0.7071067811865477 0
vn 0.9238795325112865 -0.38268343236509034 0
vn 1 0 0
vn 0.5264019129594326 0.21804281160693867 0.8218018972594255
vn 0.40289058170972913 0.40289058170972875 0.8218018972594262
vn 0.21804281160693822 0.526401912959432 0.8218018972594259
vn 0 0.569773324806285 0.8218018972594258
vn -0.21804281160693695 0.5264019129594294 0.8218018972594279
vn -0.4028905817097296 0.4028905817097296 0.8218018972594255
vn -0.5264019129594308 0.2180428116069379 0.8218018972594268
vn -0.5697733248062835 0 0.8218018972594268
vn -0.5264019129594306 -0.21804281160693756 0.8218018972594271
vn -0.4028905817097282 -0.4028905817097282 0.821801897259427
vn -0.2180428116069379 -0.5264019129594308 0.8218018972594268
vn -1.7088141539834926e-16 -0.5697733248062836 0.8218018972594267
vn 0.21804281160693753 -0.5264019129594304 0.821801897259427
vn 0.4028905817097288 -0.4028905817097289 0.8218018972594262
vn 0.526401912959429 -0.2180428116069373 0.821801897259428
vn 0.569773324806285 0 0.8218018972594258
vn 0 0 1
vn 0 0 1
vn 0 0 1
vn 0 0 1
vn 0 0 1
vn 0 0 1
vn 0 0 1
vn 0 0 1
vn 0 0 1
vn 0 0 1
vn 0 0 1
vn 0 0 1
vn 0 0 1
vn 0 0 1
vn 0 0 1
vn 0 0 1
vn -0.9175464921980333 -0.3800602011762846 -0.116887459279969
vn -0.7022596819777829 -0.7022596819777829 -0.11688745927996996
vn -0.3800602011762846 -0.9175464921980332 -0.1168874592799722
vn 0 -0.9931451665607969 -0.1168874592799718
vn 0.38006020117628464 -0.9175464921980327 -0.11688745927997543
vn 0.7022596819777824 -0.702259681977783 -0.11688745927997214
vn 0.9175464921980332 -0.3800602011762848 -0.11688745927997077
vn 0.9931451665607969 0 -0.1168874592799718
vn 0.9175464921980331 0.38006020117628425 -0.11688745927997231
vn 0.7022596819777824 0.7022596819777827 -0.11688745927997336
vn 0.38006020117628486 0.9175464921980331 -0.11688745927997175
vn 3.211253345595541e-16 0.9931451665607969 -0.1168874592799718
vn -0.3800602011762845 0.9175464921980332 -0.11688745927997238
vn -0.7022596819777825 0.7022596819777832 -0.11688745927997078
vn -0.917546492198033 0.3800602011762845 -0.11688745927997238
vn -0.9931451665607969 6.422506691191082e-16 -0.11688745927997178
usemtl shuttle_nozzle_rim
f 521/1609/403 522/1610/403 538/1611/403 537/1612/403
f 522/1613/404 523/1614/404 539/1615/404 538/1616/404
f 523/1617/405 524/1618/405 540/1619/405 539/1620/405
f 524/1621/406 525/1622/406 541/1623/406 540/1624/406
f 525/1625/407 526/1626/407 542/1627/407 541/1628/407
f 526/1629/408 527/1630/408 543/1631/408 542/1632/408
f 527/1633/409 528/1634/409 544/1635/409 543/1636/409
f 528/1637/410 529/1638/410 545/1639/410 544/1640/410
f 529/1641/411 530/1642/411 546/1643/411 545/1644/411
f 530/1645/412 531/1646/412 547/1647/412 546/1648/412
f 531/1649/413 532/1650/413 548/1651/413 547/1652/413
f 532/1653/414 533/1654/414 549/1655/414 548/1656/414
f 533/1657/415 534/1658/415 550/1659/415 549/1660/415
f 534/1661/416 535/1662/416 551/1663/416 550/1664/416
f 535/1665/417 536/1666/417 552/1667/417 551/1668/417
f 536/1669/418 521/1670/418 537/1671/418 552/1672/418
f 537/1673/419 538/1674/419 554/1675/419 553/1676/419
f 538/1677/420 539/1678/420 555/1679/420 554/1680/420
f 539/1681/421 540/1682/421 556/1683/421 555/1684/421
f 540/1685/422 541/1686/422 557/1687/422 556/1688/422
f 541/1689/423 542/1690/423 558/1691/423 557/1692/423
f 542/1693/424 543/1694/424 559/1695/424 558/1696/424
f 543/1697/425 544/1698/425 560/1699/425 559/1700/425
f 544/1701/426 545/1702/426 561/1703/426 560/1704/426
f 545/1705/427 546/1706/427 562/1707/427 561/1708/427
f 546/1709/428 547/1710/428 563/1711/428 562/1712/428
f 547/1713/429 548/1714/429 564/1715/429 563/1716/429
f 548/1717/430 549/1718/430 565/1719/430 564/1720/430
f 549/1721/431 550/1722/431 566/1723/431 565/1724/431
f 550/1725/432 551/1726/432 567/1727/432 566/1728/432
f 551/1729/433 552/1730/433 568/1731/433 567/1732/433
f 552/1733/434 537/1734/434 553/1735/434 568/1736/434
f 553/1737/435 554/1738/435 570/1739/435 569/1740/435
f 554/1741/436 555/1742/436 571/1743/436 570/1744/436
f 555/1745/437 556/1746/437 572/1747/437 571/1748/437
f 556/1749/438 557/1750/438 573/1751/438 572/1752/438
f 557/1753/439 558/1754/439 574/1755/439 573/1756/439
f 558/1757/440 559/1758/440 575/1759/440 574/1760/440
f 559/1761/441 560/1762/441 576/1763/441 575/1764/441
f 560/1765/442 561/1766/442 577/1767/442 576/1768/442
f 561/1769/443 562/1770/443 578/1771/443 577/1772/443
f 562/1773/444 563/1774/444 579/1775/444 578/1776/444
f 563/1777/445 564/1778/445 580/1779/445 579/1780/445
f 564/1781/446 565/1782/446 581/1783/446 580/1784/446
f 565/1785/447 566/1786/447 582/1787/447 581/1788/447
f 566/1789/448 567/1790/448 583/1791/448 582/1792/448
f 567/1793/449 568/1794/449 584/1795/449 583/1796/449
f 568/1797/450 553/1798/450 569/1799/450 584/1800/450
f 569/1801/451 570/1802/451 586/1803/451 585/1804/451
f 570/1805/452 571/1806/452 587/1807/452 586/1808/452
f 571/1809/453 572/1810/453 588/1811/453 587/1812/453
f 572/1813/454 573/1814/454 589/1815/454 588/1816/454
f 573/1817/455 574/1818/455 590/1819/455 589/1820/455
f 574/1821/456 575/1822/456 591/1823/456 590/1824/456
f 575/1825/457 576/1826/457 592/1827/457 591/1828/457
f 576/1829/458 577/1830/458 593/1831/458 592/1832/458
f 577/1833/459 578/1834/459 594/1835/459 593/1836/459
f 578/1837/460 579/1838/460 595/1839/460 594/1840/460
f 579/1841/461 580/1842/461 596/1843/461 595/1844/461
f 580/1845/462 581/1846/462 597/1847/462 596/1848/462
f 581/1849/463 582/1850/463 598/1851/463 597/1852/463
f 582/1853/464 583/1854/464 599/1855/464 598/1856/464
f 583/1857/465 584/1858/465 600/1859/465 599/1860/465
f 584/1861/466 569/1862/466 585/1863/466 600/1864/466
f 585/1865/467 586/1866/467 602/1867/467 601/1868/467
f 586/1869/468 587/1870/468 603/1871/468 602/1872/468
f 587/1873/469 588/1874/469 604/1875/469 603/1876/469
f 588/1877/470 589/1878/470 605/1879/470 604/1880/470
f 589/1881/471 590/1882/471 606/1883/471 605/1884/471
f 590/1885/472 591/1886/472 607/1887/472 606/1888/472
f 591/1889/473 592/1890/473 608/1891/473 607/1892/473
f 592/1893/474 593/1894/474 609/1895/474 608/1896/474
f 593/1897/475 594/1898/475 610/1899/475 609/1900/475
f 594/1901/476 595/1902/476 611/1903/476 610/1904/476
f 595/1905/477 596/1906/477 612/1907/477 611/1908/477
f 596/1909/478 597/1910/478 613/1911/478 612/1912/478
f 597/1913/479 598/1914/479 614/1915/479 613/1916/479
f 598/1917/480 599/1918/480 615/1919/480 614/1920/480
f 599/1921/481 600/1922/481 616/1923/481 615/1924/481
f 600/1925/482 585/1926/482 601/1927/482 616/1928/482
f 601/1929/483 602/1930/483 522/1931/483 521/1932/483
f 602/1933/484 603/1934/484 523/1935/484 522/1936/484
f 603/1937/485 604/1938/485 524/1939/485 523/1940/485
f 604/1941/486 605/1942/486 525/1943/486 524/1944/486
f 605/1945/487 606/1946/487 526/1947/487 525/1948/487
f 606/1949/488 607/1950/488 527/1951/488 526/1952/488
f 607/1953/489 608/1954/489 528/1955/489 527/1956/489
f 608/1957/490 609/1958/490 529/1959/490 528/1960/490
f 609/1961/491 610/1962/491 530/1963/491 529/1964/491
f 610/1965/492 611/1966/492 531/1967/492 530/1968/492
f 611/1969/493 612/1970/493 532/1971/493 531/1972/493
f 612/1973/494 613/1974/494 533/1975/494 532/1976/494
f 613/1977/495 614/1978/495 534/1979/495 533/1980/495
f 614/1981/496 615/1982/496 535/1983/496 534/1984/496
f 615/1985/497 616/1986/497 536/1987/497 535/1988/497
f 616/1989/498 601/1990/498 521/1991/498 536/1992/498
o reinforcement_ring_3_2
v 0.9333844957781774 0.5862055360408767 0.19187500000000002
v 0.8674056349361872 0.7454925967155367 0.19187500000000002
v 0.7454925967155368 0.8674056349361872 0.19187500000000002
v 0.5862055360408767 0.9333844957781774 0.19187500000000002
v 0.41379446395912334 0.9333844957781774 0.19187500000000002
v 0.25450740328446336 0.8674056349361873 0.19187500000000002
v 0.13259436506381278 0.7454925967155367 0.19187500000000002
v 0.06661550422182255 0.5862055360408769 0.19187500000000002
v 0.06661550422182255 0.4137944639591233 0.19187500000000002
v 0.13259436506381272 0.25450740328446336 0.19187500000000002
v 0.2545074032844633 0.13259436506381284 0.19187500000000002
v 0.4137944639591231 0.06661550422182261 0.19187500000000002
v 0.5862055360408767 0.06661550422182255 0.19187500000000002
v 0.7454925967155366 0.13259436506381272 0.19187500000000002
v 0.8674056349361872 0.2545074032844633 0.19187500000000002
v 0.9333844957781774 0.4137944639591231 0.19187500000000002
v 0.9409787706924109 0.5877161312425988 0.19437500000000002
v 0.873843750337002 0.7497944078948204 0.19437500000000002
v 0.7497944078948204 0.873843750337002 0.19437500000000002
v 0.5877161312425988 0.9409787706924109 0.19437500000000002
v 0.41228386875740125 0.9409787706924109 0.19437500000000002
v 0.2502055921051797 0.8738437503370021 0.19437500000000002
v 0.12615624966299793 0.7497944078948204 0.19437500000000002
v 0.059021229307589185 0.5877161312425989 0.19437500000000002
v 0.059021229307589185 0.4122838687574012 0.19437500000000002
v 0.12615624966299788 0.2502055921051797 0.19437500000000002
v 0.25020559210517956 0.126156249662998 0.19437500000000002
v 0.41228386875740103 0.05902122930758924 0.19437500000000002
v 0.5877161312425988 0.059021229307589185 0.19437500000000002
v 0.7497944078948203 0.12615624966299788 0.19437500000000002
v 0.873843750337002 0.25020559210517956 0.19437500000000002
v 0.9409787706924108 0.41228386875740103 0.19437500000000002
v 0.9379138166911507 0.5871064739862983 0.205625
v 0.8712454077985565 0.7480582509166342 0.205625
v 0.7480582509166342 0.8712454077985565 0.205625
v 0.5871064739862984 0.9379138166911507 0.205625
v 0.41289352601370166 0.9379138166911507 0.205625
v 0.2519417490833659 0.8712454077985567 0.205625
v 0.12875459220144336 0.7480582509166342 0.205625
v 0.062086183308849296 0.5871064739862986 0.205625
v 0.062086183308849296 0.41289352601370155 0.205625
v 0.1287545922014433 0.2519417490833659 0.205625
v 0.2519417490833658 0.12875459220144342 0.205625
v 0.41289352601370144 0.06208618330884935 0.205625
v 0.5871064739862984 0.062086183308849296 0.205625
v 0.748058250916634 0.1287545922014433 0.205625
v 0.8712454077985565 0.2519417490833658 0.205625
v 0.9379138166911507 0.41289352601370144 0.205625
v 0.9289573399985795 0.5853249200039983 0.208125
v 0.863652473491766 0.7429848144137121 0.208125
v 0.7429848144137122 0.863652473491766 0.208125
v 0.5853249200039984 0.9289573399985795 0.208125
v 0.4146750799960017 0.9289573399985795 0.208125
v 0.257015185586288 0.8636524734917661 0.208125
v 0.13634752650823395 0.7429848144137121 0.208125
v 0.07104266000142045 0.5853249200039985 0.208125
v 0.07104266000142045 0.4146750799960016 0.208125
v 0.1363475265082339 0.257015185586288 0.208125
v 0.2570151855862879 0.136347526508234 0.208125
v 0.4146750799960015 0.07104266000142051 0.208125
v 0.5853249200039984 0.07104266000142045 0.208125
v 0.742984814413712 0.1363475265082339 0.208125
v 0.863652473491766 0.2570151855862879 0.208125
v 0.9289573399985795 0.4146750799960015 0.208125
vt 0 0.8176923076923077
vt 0.0625 0.8176923076923077
vt 0.0625 0.8146153846153846
vt 0 0.8146153846153846
vt 0.0625 0.8176923076923077
vt 0.125 0.8176923076923077
vt 0.125 0.8146153846153846
vt 0.0625 0.8146153846153846
vt 0.125 0.8176923076923077
vt 0.1875 0.8176923076923077
vt 0.1875 0.8146153846153846
vt 0.125 0.8146153846153846
vt 0.1875 0.8176923076923077
vt 0.25 0.8176923076923077
vt 0.25 0.8146153846153846
vt 0.1875 0.8146153846153846
vt 0.25 0.8176923076923077
vt 0.3125 0.8176923076923077
vt 0.3125 0.8146153846153846
vt 0.25 0.8146153846153846
vt 0.3125 0.8176923076923077
vt 0.375 0.8176923076923077
vt 0.375 0.8146153846153846
vt 0.3125 0.8146153846153846
vt 0.375 0.8176923076923077
vt 0.4375 0.8176923076923077
vt 0.4375 0.8146153846153846
vt 0.375 0.8146153846153846
vt 0.4375 0.8176923076923077
vt 0.5 0.8176923076923077
vt 0.5 0.8146153846153846
vt 0.4375 0.8146153846153846
vt 0.5 0.8176923076923077
vt 0.5625 0.8176923076923077
vt 0.5625 0.8146153846153846
vt 0.5 0.8146153846153846
vt 0.5625 0.8176923076923077
vt 0.625 0.8176923076923077
vt 0.625 0.8146153846153846
vt 0.5625 0.8146153846153846
vt 0.625 0.8176923076923077
vt 0.6875 0.8176923076923077
vt 0.6875 0.8146153846153846
vt 0.625 0.8146153846153846
vt 0.6875 0.8176923076923077
vt 0.75 0.8176923076923077
vt 0.75 0.8146153846153846
vt 0.6875 0.8146153846153846
vt 0.75 0.8176923076923077
vt 0.8125 0.8176923076923077
vt 0.8125 0.8146153846153846
vt 0.75 0.8146153846153846
vt 0.8125 0.8176923076923077
vt 0.875 0.8176923076923077
vt 0.875 0.8146153846153846
vt 0.8125 0.8146153846153846
vt 0.875 0.8176923076923077
vt 0.9375 0.8176923076923077
vt 0.9375 0.8146153846153846
vt 0.875 0.8146153846153846
vt 0.9375 0.8176923076923077
vt 1 0.8176923076923077
vt 1 0.8146153846153846
vt 0.9375 0.8146153846153846
vt 0 0.8146153846153846
vt 0.0625 0.8146153846153846
vt 0.0625 0.8007692307692308
vt 0 0.8007692307692308
vt 0.0625 0.8146153846153846
vt 0.125 0.8146153846153846
vt 0.125 0.8007692307692308
vt 0.0625 0.8007692307692308
vt 0.125 0.8146153846153846
vt 0.1875 0.8146153846153846
vt 0.1875 0.8007692307692308
vt 0.125 0.8007692307692308
vt 0.1875 0.8146153846153846
vt 0.25 0.8146153846153846
vt 0.25 0.8007692307692308
vt 0.1875 0.8007692307692308
vt 0.25 0.8146153846153846
vt 0.3125 0.8146153846153846
vt 0.3125 0.8007692307692308
vt 0.25 0.8007692307692308
vt 0.3125 0.8146153846153846
vt 0.375 0.8146153846153846
vt 0.375 0.8007692307692308
vt 0.3125 0.8007692307692308
vt 0.375 0.8146153846153846
vt 0.4375 0.8146153846153846
vt 0.4375 0.8007692307692308
vt 0.375 0.8007692307692308
vt 0.4375 0.8146153846153846
vt 0.5 0.8146153846153846
vt 0.5 0.8007692307692308
vt 0.4375 0.8007692307692308
vt 0.5 0.8146153846153846
vt 0.5625 0.8146153846153846
vt 0.5625 0.8007692307692308
vt 0.5 0.8007692307692308
vt 0.5625 0.8146153846153846
vt 0.625 0.8146153846153846
vt 0.625 0.8007692307692308
vt 0.5625 0.8007692307692308
vt 0.625 0.8146153846153846
vt 0.6875 0.8146153846153846
vt 0.6875 0.8007692307692308
vt 0.625 0.8007692307692308
vt 0.6875 0.8146153846153846
vt 0.75 0.8146153846153846
vt 0.75 0.8007692307692308
vt 0.6875 0.8007692307692308
vt 0.75 0.8146153846153846
vt 0.8125 0.8146153846153846
vt 0.8125 0.8007692307692308
vt 0.75 0.8007692307692308
vt 0.8125 0.8146153846153846
vt 0.875 0.8146153846153846
vt 0.875 0.8007692307692308
vt 0.8125 0.8007692307692308
vt 0.875 0.8146153846153846
vt 0.9375 0.8146153846153846
vt 0.9375 0.8007692307692308
vt 0.875 0.8007692307692308
vt 0.9375 0.8146153846153846
vt 1 0.8146153846153846
vt 1 0.8007692307692308
vt 0.9375 0.8007692307692308
vt 0 0.8007692307692308
vt 0.0625 0.8007692307692308
vt 0.0625 0.7976923076923077
vt 0 0.7976923076923077
vt 0.0625 0.8007692307692308
vt 0.125 0.8007692307692308
vt 0.125 0.7976923076923077
vt 0.0625 0.7976923076923077
vt 0.125 0.8007692307692308
vt 0.1875 0.8007692307692308
vt 0.1875 0.7976923076923077
vt 0.125 0.7976923076923077
vt 0.1875 0.8007692307692308
vt 0.25 0.8007692307692308
vt 0.25 0.7976923076923077
vt 0.1875 0.7976923076923077
vt 0.25 0.8007692307692308
vt 0.3125 0.8007692307692308
vt 0.3125 0.7976923076923077
vt 0.25 0.7976923076923077
vt 0.3125 0.8007692307692308
vt 0.375 0.8007692307692308
vt 0.375 0.7976923076923077
vt 0.3125 0.7976923076923077
vt 0.375 0.8007692307692308
vt 0.4375 0.8007692307692308
vt 0.4375 0.7976923076923077
vt 0.375 0.7976923076923077
vt 0.4375 0.8007692307692308
vt 0.5 0.8007692307692308
vt 0.5 0.7976923076923077
vt 0.4375 0.7976923076923077
vt 0.5 0.8007692307692308
vt 0.5625 0.8007692307692308
vt 0.5625 0.7976923076923077
vt 0.5 0.7976923076923077
vt 0.5625 0.8007692307692308
vt 0.625 0.8007692307692308
vt 0.625 0.7976923076923077
vt 0.5625 0.7976923076923077
vt 0.625 0.8007692307692308
vt 0.6875 0.8007692307692308
vt 0.6875 0.7976923076923077
vt 0.625 0.7976923076923077
vt 0.6875 0.8007692307692308
vt 0.75 0.8007692307692308
vt 0.75 0.7976923076923077
vt 0.6875 0.7976923076923077
vt 0.75 0.8007692307692308
vt 0.8125 0.8007692307692308
vt 0.8125 0.7976923076923077
vt 0.75 0.7976923076923077
vt 0.8125 0.8007692307692308
vt 0.875 0.8007692307692308
vt 0.875 0.7976923076923077
vt 0.8125 0.7976923076923077
vt 0.875 0.8007692307692308
vt 0.9375 0.8007692307692308
vt 0.9375 0.7976923076923077
vt 0.875 0.7976923076923077
vt 0.9375 0.8007692307692308
vt 1 0.8007692307692308
vt 1 0.7976923076923077
vt 0.9375 0.7976923076923077
vn 0.2888861633854344 0.11966056685617668 -0.9498558487181635
vn 0.2211038971342425 0.2211038971342423 -0.9498558487181626
vn 0.11966056685617482 0.28888616338543005 -0.9498558487181651
vn 0 0.3126881300207838 -0.9498558487181651
vn -0.11966056685617689 0.2888861633854353 -0.9498558487181632
vn -0.22110389713424 0.22110389713424 -0.9498558487181636
vn -0.288886163385435 0.11966056685617711 -0.9498558487181632
vn -0.31268813002078794 0 -0.9498558487181638
vn -0.2888861633854352 -0.119660566856177 -0.9498558487181632
vn -0.22110389713423992 -0.22110389713424 -0.9498558487181636
vn -0.11966056685617686 -0.2888861633854344 -0.9498558487181636
vn -1.006761216911437e-16 -0.31268813002078794 -0.9498558487181636
vn 0.11966056685617671 -0.28888616338543455 -0.9498558487181634
vn 0.22110389713424 -0.22110389713424 -0.9498558487181636
vn 0.2888861633854344 -0.11966056685617686 -0.9498558487181636
vn 0.31268813002078377 0 -0.949855848718165
vn 0.8913904388151782 0.3692260091269519 0.26285973402761464
vn 0.6822407054064324 0.6822407054064324 0.2628597340276122
vn 0.36922600912695147 0.8913904388151771 0.26285973402761853
vn 0 0.964834058388762 0.26285973402762014
vn -0.36922600912695214 0.8913904388151798 0.2628597340276084
vn -0.6822407054064328 0.6822407054064331 0.26285973402760954
vn -0.8913904388151783 0.36922600912695164 0.26285973402761403
vn -0.9648340583887632 0 0.26285973402761575
vn -0.8913904388151789 -0.3692260091269516 0.2628597340276125
vn -0.6822407054064323 -0.6822407054064323 0.26285973402761276
vn -0.36922600912695164 -0.8913904388151781 0.2628597340276157
vn -3.0529760358534943e-16 -0.9648340583887632 0.26285973402761575
vn 0.36922600912695136 -0.8913904388151785 0.2628597340276141
vn 0.6822407054064317 -0.6822407054064317 0.2628597340276159
vn 0.891390438815179 -0.369226009126952 0.26285973402761176
vn 0.964834058388762 -6.105952071706981e-16 0.26285973402762014
vn 0.24838562353142185 0.10288469396521273 0.963181873672149
vn 0.19010612592629594 0.19010612592629594 0.9631818736721485
vn 0.1028846939652125 0.24838562353142118 0.9631818736721491
vn 0 0.2688506615751732 0.963181873672149
vn -0.10288469396521173 0.24838562353142005 0.9631818736721495
vn -0.19010612592629336 0.19010612592629342 0.9631818736721496
vn -0.24838562353142102 0.10288469396521233 0.9631818736721491
vn -0.2688506615751732 0 0.963181873672149
vn -0.24838562353142118 -0.10288469396521235 0.9631818736721491
vn -0.19010612592629417 -0.19010612592629417 0.9631818736721494
vn -0.10288469396521233 -0.2483856235314209 0.9631818736721491
vn -8.56664783358736e-17 -0.2688506615751732 0.963181873672149
vn 0.1028846939652127 -0.24838562353142188 0.963181873672149
vn 0.19010612592629494 -0.19010612592629494 0.963181873672149
vn 0.24838562353142118 -0.10288469396521262 0.9631818736721491
vn 0.2688506615751732 0 0.963181873672149
usemtl shuttle_nozzle_mount
f 617/1993/499 618/1994/499 634/1995/499 633/1996/499
f 618/1997/500 619/1998/500 635/1999/500 634/2000/500
f 619/2001/501 620/2002/501 636/2003/501 635/2004/501
f 620/2005/502 621/2006/502 637/2007/502 636/2008/502
f 621/2009/503 622/2010/503 638/2011/503 637/2012/503
f 622/2013/504 623/2014/504 639/2015/504 638/2016/504
f 623/2017/505 624/2018/505 640/2019/505 639/2020/505
f 624/2021/506 625/2022/506 641/2023/506 640/2024/506
f 625/2025/507 626/2026/507 642/2027/507 641/2028/507
f 626/2029/508 627/2030/508 643/2031/508 642/2032/508
f 627/2033/509 628/2034/509 644/2035/509 643/2036/509
f 628/2037/510 629/2038/510 645/2039/510 644/2040/510
f 629/2041/511 630/2042/511 646/2043/511 645/2044/511
f 630/2045/512 631/2046/512 647/2047/512 646/2048/512
f 631/2049/513 632/2050/513 648/2051/513 647/2052/513
f 632/2053/514 617/2054/514 633/2055/514 648/2056/514
f 633/2057/515 634/2058/515 650/2059/515 649/2060/515
f 634/2061/516 635/2062/516 651/2063/516 650/2064/516
f 635/2065/517 636/2066/517 652/2067/517 651/2068/517
f 636/2069/518 637/2070/518 653/2071/518 652/2072/518
f 637/2073/519 638/2074/519 654/2075/519 653/2076/519
f 638/2077/520 639/2078/520 655/2079/520 654/2080/520
f 639/2081/521 640/2082/521 656/2083/521 655/2084/521
f 640/2085/522 641/2086/522 657/2087/522 656/2088/522
f 641/2089/523 642/2090/523 658/2091/523 657/2092/523
f 642/2093/524 643/2094/524 659/2095/524 658/2096/524
f 643/2097/525 644/2098/525 660/2099/525 659/2100/525
f 644/2101/526 645/2102/526 661/2103/526 660/2104/526
f 645/2105/527 646/2106/527 662/2107/527 661/2108/527
f 646/2109/528 647/2110/528 663/2111/528 662/2112/528
f 647/2113/529 648/2114/529 664/2115/529 663/2116/529
f 648/2117/530 633/2118/530 649/2119/530 664/2120/530
f 649/2121/531 650/2122/531 666/2123/531 665/2124/531
f 650/2125/532 651/2126/532 667/2127/532 666/2128/532
f 651/2129/533 652/2130/533 668/2131/533 667/2132/533
f 652/2133/534 653/2134/534 669/2135/534 668/2136/534
f 653/2137/535 654/2138/535 670/2139/535 669/2140/535
f 654/2141/536 655/2142/536 671/2143/536 670/2144/536
f 655/2145/537 656/2146/537 672/2147/537 671/2148/537
f 656/2149/538 657/2150/538 673/2151/538 672/2152/538
f 657/2153/539 658/2154/539 674/2155/539 673/2156/539
f 658/2157/540 659/2158/540 675/2159/540 674/2160/540
f 659/2161/541 660/2162/541 676/2163/541 675/2164/541
f 660/2165/542 661/2166/542 677/2167/542 676/2168/542
f 661/2169/543 662/2170/543 678/2171/543 677/2172/543
f 662/2173/544 663/2174/544 679/2175/544 678/2176/544
f 663/2177/545 664/2178/545 680/2179/545 679/2180/545
f 664/2181/546 649/2182/546 665/2183/546 680/2184/546
o reinforcement_ring_6_3
v 0.867232571917647 0.5730471002590597 0.385625
v 0.8113247418147395 0.70802054193635 0.385625
v 0.7080205419363501 0.8113247418147395 0.385625
v 0.5730471002590597 0.867232571917647 0.385625
v 0.4269528997409403 0.867232571917647 0.385625
v 0.29197945806365005 0.8113247418147396 0.385625
v 0.18867525818526049 0.70802054193635 0.385625
v 0.13276742808235292 0.5730471002590598 0.385625
v 0.13276742808235292 0.42695289974094025 0.385625
v 0.18867525818526043 0.29197945806365005 0.385625
v 0.29197945806365 0.18867525818526054 0.385625
v 0.42695289974094014 0.13276742808235298 0.385625
v 0.5730471002590597 0.13276742808235292 0.385625
v 0.7080205419363499 0.18867525818526043 0.385625
v 0.8113247418147395 0.29197945806365 0.385625
v 0.867232571917647 0.42695289974094014 0.385625
v 0.8744862963872959 0.5744899557656373 0.388125
v 0.8174741524890603 0.7121294467847241 0.388125
v 0.7121294467847242 0.8174741524890603 0.388125
v 0.5744899557656373 0.8744862963872959 0.388125
v 0.4255100442343627 0.8744862963872959 0.388125
v 0.28787055321527594 0.8174741524890605 0.388125
v 0.1825258475109396 0.7121294467847241 0.388125
v 0.12551370361270403 0.5744899557656374 0.388125
v 0.12551370361270403 0.42551004423436267 0.388125
v 0.18252584751093953 0.28787055321527594 0.388125
v 0.2878705532152759 0.18252584751093964 0.388125
v 0.42551004423436256 0.1255137036127041 0.388125
v 0.5744899557656373 0.12551370361270403 0.388125
v 0.712129446784724 0.18252584751093953 0.388125
v 0.8174741524890603 0.2878705532152759 0.388125
v 0.8744862963872959 0.4255100442343625 0.388125
v 0.8698888653854059 0.5735754698811867 0.399375
v 0.8135766386813923 0.7095252113174448 0.399375
v 0.7095252113174448 0.8135766386813923 0.399375
v 0.5735754698811868 0.8698888653854059 0.399375
v 0.4264245301188133 0.8698888653854059 0.399375
v 0.2904747886825553 0.8135766386813923 0.399375
v 0.1864233613186077 0.7095252113174448 0.399375
v 0.13011113461459411 0.5735754698811868 0.399375
v 0.13011113461459411 0.42642453011881326 0.399375
v 0.1864233613186077 0.2904747886825553 0.399375
v 0.2904747886825552 0.18642336131860776 0.399375
v 0.42642453011881315 0.13011113461459417 0.399375
v 0.5735754698811867 0.13011113461459411 0.399375
v 0.7095252113174446 0.1864233613186077 0.399375
v 0.8135766386813923 0.2904747886825552 0.399375
v 0.8698888653854058 0.4264245301188131 0.399375
v 0.8603466419281494 0.5716774036232382 0.401875
v 0.8054871322450321 0.7041199759253582 0.401875
v 0.7041199759253582 0.8054871322450321 0.401875
v 0.5716774036232382 0.8603466419281494 0.401875
v 0.4283225963767619 0.8603466419281494 0.401875
v 0.29588002407464187 0.8054871322450321 0.401875
v 0.1945128677549679 0.7041199759253582 0.401875
v 0.1396533580718506 0.5716774036232383 0.401875
v 0.1396533580718506 0.42832259637676184 0.401875
v 0.19451286775496784 0.29588002407464187 0.401875
v 0.29588002407464176 0.19451286775496796 0.401875
v 0.42832259637676173 0.13965335807185064 0.401875
v 0.5716774036232382 0.1396533580718506 0.401875
v 0.7041199759253581 0.19451286775496784 0.401875
v 0.8054871322450321 0.29588002407464176 0.401875
v 0.8603466419281494 0.42832259637676173 0.401875
vt 0 0.5792307692307692
vt 0.0625 0.5792307692307692
vt 0.0625 0.5761538461538462
vt 0 0.5761538461538462
vt 0.0625 0.5792307692307692
vt 0.125 0.5792307692307692
vt 0.125 0.5761538461538462
vt 0.0625 0.5761538461538462
vt 0.125 0.5792307692307692
vt 0.1875 0.5792307692307692
vt 0.1875 0.5761538461538462
vt 0.125 0.5761538461538462
vt 0.1875 0.5792307692307692
vt 0.25 0.5792307692307692
vt 0.25 0.5761538461538462
vt 0.1875 0.5761538461538462
vt 0.25 0.5792307692307692
vt 0.3125 0.5792307692307692
vt 0.3125 0.5761538461538462
vt 0.25 0.5761538461538462
vt 0.3125 0.5792307692307692
vt 0.375 0.5792307692307692
vt 0.375 0.5761538461538462
vt 0.3125 0.5761538461538462
vt 0.375 0.5792307692307692
vt 0.4375 0.5792307692307692
vt 0.4375 0.5761538461538462
vt 0.375 0.5761538461538462
vt 0.4375 0.5792307692307692
vt 0.5 0.5792307692307692
vt 0.5 0.5761538461538462
vt 0.4375 0.5761538461538462
vt 0.5 0.5792307692307692
vt 0.5625 0.5792307692307692
vt 0.5625 0.5761538461538462
vt 0.5 0.5761538461538462
vt 0.5625 0.5792307692307692
vt 0.625 0.5792307692307692
vt 0.625 0.5761538461538462
vt 0.5625 0.5761538461538462
vt 0.625 0.5792307692307692
vt 0.6875 0.5792307692307692
vt 0.6875 0.5761538461538462
vt 0.625 0.5761538461538462
vt 0.6875 0.5792307692307692
vt 0.75 0.5792307692307692
vt 0.75 0.5761538461538462
vt 0.6875 0.5761538461538462
vt 0.75 0.5792307692307692
vt 0.8125 0.5792307692307692
vt 0.8125 0.5761538461538462
vt 0.75 0.5761538461538462
vt 0.8125 0.5792307692307692
vt 0.875 0.5792307692307692
vt 0.875 0.5761538461538462
vt 0.8125 0.5761538461538462
vt 0.875 0.5792307692307692
vt 0.9375 0.5792307692307692
vt 0.9375 0.5761538461538462
vt 0.875 0.5761538461538462
vt 0.9375 0.5792307692307692
vt 1 0.5792307692307692
vt 1 0.5761538461538462
vt 0.9375 0.5761538461538462
vt 0 0.5761538461538462
vt 0.0625 0.5761538461538462
vt 0.0625 0.5623076923076924
vt 0 0.5623076923076924
vt 0.0625 0.5761538461538462
vt 0.125 0.5761538461538462
vt 0.125 0.5623076923076924
vt 0.0625 0.5623076923076924
vt 0.125 0.5761538461538462
vt 0.1875 0.5761538461538462
vt 0.1875 0.5623076923076924
vt 0.125 0.5623076923076924
vt 0.1875 0.5761538461538462
vt 0.25 0.5761538461538462
vt 0.25 0.5623076923076924
vt 0.1875 0.5623076923076924
vt 0.25 0.5761538461538462
vt 0.3125 0.5761538461538462
vt 0.3125 0.5623076923076924
vt 0.25 0.5623076923076924
vt 0.3125 0.5761538461538462
vt 0.375 0.5761538461538462
vt 0.375 0.5623076923076924
vt 0.3125 0.5623076923076924
vt 0.375 0.5761538461538462
vt 0.4375 0.5761538461538462
vt 0.4375 0.5623076923076924
vt 0.375 0.5623076923076924
vt 0.4375 0.5761538461538462
vt 0.5 0.5761538461538462
vt 0.5 0.5623076923076924
vt 0.4375 0.5623076923076924
vt 0.5 0.5761538461538462
vt 0.5625 0.5761538461538462
vt 0.5625 0.5623076923076924
vt 0.5 0.5623076923076924
vt 0.5625 0.5761538461538462
vt 0.625 0.5761538461538462
vt 0.625 0.5623076923076924
vt 0.5625 0.5623076923076924
vt 0.625 0.5761538461538462
vt 0.6875 0.5761538461538462
vt 0.6875 0.5623076923076924
vt 0.625 0.5623076923076924
vt 0.6875 0.5761538461538462
vt 0.75 0.5761538461538462
vt 0.75 0.5623076923076924
vt 0.6875 0.5623076923076924
vt 0.75 0.5761538461538462
vt 0.8125 0.5761538461538462
vt 0.8125 0.5623076923076924
vt 0.75 0.5623076923076924
vt 0.8125 0.5761538461538462
vt 0.875 0.5761538461538462
vt 0.875 0.5623076923076924
vt 0.8125 0.5623076923076924
vt 0.875 0.5761538461538462
vt 0.9375 0.5761538461538462
vt 0.9375 0.5623076923076924
vt 0.875 0.5623076923076924
vt 0.9375 0.5761538461538462
vt 1 0.5761538461538462
vt 1 0.5623076923076924
vt 0.9375 0.5623076923076924
vt 0 0.5623076923076924
vt 0.0625 0.5623076923076924
vt 0.0625 0.5592307692307692
vt 0 0.5592307692307692
vt 0.0625 0.5623076923076924
vt 0.125 0.5623076923076924
vt 0.125 0.5592307692307692
vt 0.0625 0.5592307692307692
vt 0.125 0.5623076923076924
vt 0.1875 0.5623076923076924
vt 0.1875 0.5592307692307692
vt 0.125 0.5592307692307692
vt 0.1875 0.5623076923076924
vt 0.25 0.5623076923076924
vt 0.25 0.5592307692307692
vt 0.1875 0.5592307692307692
vt 0.25 0.5623076923076924
vt 0.3125 0.5623076923076924
vt 0.3125 0.5592307692307692
vt 0.25 0.5592307692307692
vt 0.3125 0.5623076923076924
vt 0.375 0.5623076923076924
vt 0.375 0.5592307692307692
vt 0.3125 0.5592307692307692
vt 0.375 0.5623076923076924
vt 0.4375 0.5623076923076924
vt 0.4375 0.5592307692307692
vt 0.375 0.5592307692307692
vt 0.4375 0.5623076923076924
vt 0.5 0.5623076923076924
vt 0.5 0.5592307692307692
vt 0.4375 0.5592307692307692
vt 0.5 0.5623076923076924
vt 0.5625 0.5623076923076924
vt 0.5625 0.5592307692307692
vt 0.5 0.5592307692307692
vt 0.5625 0.5623076923076924
vt 0.625 0.5623076923076924
vt 0.625 0.5592307692307692
vt 0.5625 0.5592307692307692
vt 0.625 0.5623076923076924
vt 0.6875 0.5623076923076924
vt 0.6875 0.5592307692307692
vt 0.625 0.5592307692307692
vt 0.6875 0.5623076923076924
vt 0.75 0.5623076923076924
vt 0.75 0.5592307692307692
vt 0.6875 0.5592307692307692
vt 0.75 0.5623076923076924
vt 0.8125 0.5623076923076924
vt 0.8125 0.5592307692307692
vt 0.75 0.5592307692307692
vt 0.8125 0.5623076923076924
vt 0.875 0.5623076923076924
vt 0.875 0.5592307692307692
vt 0.8125 0.5592307692307692
vt 0.875 0.5623076923076924
vt 0.9375 0.5623076923076924
vt 0.9375 0.5592307692307692
vt 0.875 0.5592307692307692
vt 0.9375 0.5623076923076924
vt 1 0.5623076923076924
vt 1 0.5592307692307692
vt 0.9375 0.5592307692307692
vn 0.3010379017172951 0.12469398167964241 -0.9454245568328155
vn 0.23040443500231833 0.23040443500231803 -0.9454245568328152
vn 0.12469398167964119 0.3010379017172925 -0.9454245568328163
vn 0 0.32584107681118585 -0.9454245568328163
vn -0.12469398167964078 0.30103790171729167 -0.9454245568328167
vn -0.2304044350023169 0.2304044350023169 -0.945424556832816
vn -0.30103790171729244 0.12469398167964141 -0.9454245568328165
vn -0.32584107681118585 0 -0.9454245568328163
vn -0.30103790171729333 -0.12469398167964166 -0.9454245568328161
vn -0.23040443500231672 -0.2304044350023169 -0.945424556832816
vn -0.12469398167964177 -0.3010379017172932 -0.9454245568328161
vn -1.2380924929308382e-16 -0.3258410768111859 -0.9454245568328163
vn 0.12469398167964166 -0.30103790171729333 -0.9454245568328161
vn 0.23040443500231786 -0.23040443500231786 -0.9454245568328153
vn 0.3010379017172924 -0.12469398167964141 -0.9454245568328165
vn 0.32584107681118585 0 -0.9454245568328163
vn 0.8552228174060783 0.354244889820527 0.3782915418351993
vn 0.6545592064037999 0.6545592064037993 0.3782915418352044
vn 0.35424488982052593 0.8552228174060765 0.3782915418352044
vn 0 0.9256865070724232 0.3782915418352052
vn -0.3542448898205234 0.855222817406073 0.3782915418352152
vn -0.6545592064037997 0.6545592064037995 0.3782915418352045
vn -0.8552228174060739 0.35424488982052516 0.3782915418352111
vn -0.9256865070724215 0 0.37829154183520913
vn -0.8552228174060741 -0.35424488982052477 0.378291541835211
vn -0.6545592064037984 -0.6545592064037988 0.37829154183520786
vn -0.3542448898205254 -0.8552228174060745 0.37829154183520947
vn -3.4491847362954545e-16 -0.9256865070724215 0.37829154183520913
vn 0.3542448898205246 -0.8552228174060734 0.3782915418352128
vn 0.6545592064038004 -0.6545592064038 0.3782915418352021
vn 0.8552228174060734 -0.3542448898205253 0.3782915418352124
vn 0.9256865070724231 0 0.3782915418352052
vn 0.23414772586851723 0.0969871636535573 0.9673511940123091
vn 0.1792089108316881 0.1792089108316881 0.9673511940123091
vn 0.0969871636535566 0.23414772586851532 0.9673511940123096
vn 0 0.2534396721962829 0.9673511940123094
vn -0.09698716365355736 0.2341477258685172 0.9673511940123091
vn -0.1792089108316881 0.1792089108316883 0.9673511940123092
vn -0.23414772586851745 0.09698716365355747 0.9673511940123088
vn -0.2534396721962843 0 0.9673511940123092
vn -0.2341477258685183 -0.09698716365355788 0.9673511940123087
vn -0.17920891083168905 -0.17920891083168905 0.9673511940123088
vn -0.09698716365355736 -0.234147725868517 0.9673511940123091
vn -9.560746260953015e-17 -0.2534396721962843 0.9673511940123092
vn 0.09698716365355826 -0.23414772586851917 0.9673511940123084
vn 0.17920891083168886 -0.17920891083168913 0.9673511940123088
vn 0.2341477258685176 -0.09698716365355747 0.967351194012309
vn 0.253439672196283 -1.9121492521905918e-16 0.9673511940123094
usemtl shuttle_nozzle_mount
f 681/2185/547 682/2186/547 698/2187/547 697/2188/547
f 682/2189/548 683/2190/548 699/2191/548 698/2192/548
f 683/2193/549 684/2194/549 700/2195/549 699/2196/549
f 684/2197/550 685/2198/550 701/2199/550 700/2200/550
f 685/2201/551 686/2202/551 702/2203/551 701/2204/551
f 686/2205/552 687/2206/552 703/2207/552 702/2208/552
f 687/2209/553 688/2210/553 704/2211/553 703/2212/553
f 688/2213/554 689/2214/554 705/2215/554 704/2216/554
f 689/2217/555 690/2218/555 706/2219/555 705/2220/555
f 690/2221/556 691/2222/556 707/2223/556 706/2224/556
f 691/2225/557 692/2226/557 708/2227/557 707/2228/557
f 692/2229/558 693/2230/558 709/2231/558 708/2232/558
f 693/2233/559 694/2234/559 710/2235/559 709/2236/559
f 694/2237/560 695/2238/560 711/2239/560 710/2240/560
f 695/2241/561 696/2242/561 712/2243/561 711/2244/561
f 696/2245/562 681/2246/562 697/2247/562 712/2248/562
f 697/2249/563 698/2250/563 714/2251/563 713/2252/563
f 698/2253/564 699/2254/564 715/2255/564 714/2256/564
f 699/2257/565 700/2258/565 716/2259/565 715/2260/565
f 700/2261/566 701/2262/566 717/2263/566 716/2264/566
f 701/2265/567 702/2266/567 718/2267/567 717/2268/567
f 702/2269/568 703/2270/568 719/2271/568 718/2272/568
f 703/2273/569 704/2274/569 720/2275/569 719/2276/569
f 704/2277/570 705/2278/570 721/2279/570 720/2280/570
f 705/2281/571 706/2282/571 722/2283/571 721/2284/571
f 706/2285/572 707/2286/572 723/2287/572 722/2288/572
f 707/2289/573 708/2290/573 724/2291/573 723/2292/573
f 708/2293/574 709/2294/574 725/2295/574 724/2296/574
f 709/2297/575 710/2298/575 726/2299/575 725/2300/575
f 710/2301/576 711/2302/576 727/2303/576 726/2304/576
f 711/2305/577 712/2306/577 728/2307/577 727/2308/577
f 712/2309/578 697/2310/578 713/2311/578 728/2312/578
f 713/2313/579 714/2314/579 730/2315/579 729/2316/579
f 714/2317/580 715/2318/580 731/2319/580 730/2320/580
f 715/2321/581 716/2322/581 732/2323/581 731/2324/581
f 716/2325/582 717/2326/582 733/2327/582 732/2328/582
f 717/2329/583 718/2330/583 734/2331/583 733/2332/583
f 718/2333/584 719/2334/584 735/2335/584 734/2336/584
f 719/2337/585 720/2338/585 736/2339/585 735/2340/585
f 720/2341/586 721/2342/586 737/2343/586 736/2344/586
f 721/2345/587 722/2346/587 738/2347/587 737/2348/587
f 722/2349/588 723/2350/588 739/2351/588 738/2352/588
f 723/2353/589 724/2354/589 740/2355/589 739/2356/589
f 724/2357/590 725/2358/590 741/2359/590 740/2360/590
f 725/2361/591 726/2362/591 742/2363/591 741/2364/591
f 726/2365/592 727/2366/592 743/2367/592 742/2368/592
f 727/2369/593 728/2370/593 744/2371/593 743/2372/593
f 728/2373/594 713/2374/594 729/2375/594 744/2376/594
o reinforcement_ring_9_1
v 0.7673367815674104 0.5531765921092321 0.5606249999999999
v 0.7266371799877317 0.6514341222260736 0.5606249999999999
v 0.6514341222260736 0.7266371799877317 0.5606249999999999
v 0.5531765921092321 0.7673367815674104 0.5606249999999999
v 0.4468234078907679 0.7673367815674104 0.5606249999999999
v 0.3485658777739265 0.7266371799877318 0.5606249999999999
v 0.2733628200122682 0.6514341222260736 0.5606249999999999
v 0.2326632184325897 0.5531765921092322 0.5606249999999999
v 0.2326632184325897 0.44682340789076785 0.5606249999999999
v 0.2733628200122682 0.3485658777739265 0.5606249999999999
v 0.34856587777392645 0.2733628200122683 0.5606249999999999
v 0.4468234078907678 0.2326632184325897 0.5606249999999999
v 0.5531765921092321 0.2326632184325897 0.5606249999999999
v 0.6514341222260734 0.2733628200122682 0.5606249999999999
v 0.7266371799877317 0.34856587777392645 0.5606249999999999
v 0.7673367815674104 0.4468234078907678 0.5606249999999999
v 0.7738804583601006 0.5544782103514334 0.563125
v 0.7321846413073128 0.6551408173745012 0.563125
v 0.6551408173745012 0.7321846413073128 0.563125
v 0.5544782103514334 0.7738804583601006 0.563125
v 0.4455217896485666 0.7738804583601006 0.563125
v 0.34485918262549886 0.7321846413073128 0.563125
v 0.26781535869268724 0.6551408173745012 0.563125
v 0.22611954163989945 0.5544782103514335 0.563125
v 0.22611954163989945 0.44552178964856654 0.563125
v 0.26781535869268724 0.34485918262549886 0.563125
v 0.3448591826254988 0.26781535869268724 0.563125
v 0.4455217896485664 0.2261195416398995 0.563125
v 0.5544782103514334 0.22611954163989945 0.563125
v 0.6551408173745011 0.26781535869268724 0.563125
v 0.7321846413073128 0.3448591826254988 0.563125
v 0.7738804583601004 0.4455217896485664 0.563125
v 0.7660878128118968 0.5529281567772897 0.574375
v 0.7255783554033152 0.6507266382574626 0.574375
v 0.6507266382574627 0.7255783554033152 0.574375
v 0.5529281567772897 0.7660878128118968 0.574375
v 0.4470718432227103 0.7660878128118968 0.574375
v 0.3492733617425374 0.7255783554033152 0.574375
v 0.27442164459668483 0.6507266382574626 0.574375
v 0.23391218718810325 0.5529281567772898 0.574375
v 0.23391218718810325 0.4470718432227103 0.574375
v 0.27442164459668483 0.3492733617425374 0.574375
v 0.34927336174253737 0.27442164459668483 0.574375
v 0.4470718432227102 0.2339121871881033 0.574375
v 0.5529281567772897 0.23391218718810325 0.574375
v 0.6507266382574626 0.27442164459668483 0.574375
v 0.7255783554033152 0.34927336174253737 0.574375
v 0.7660878128118966 0.4470718432227102 0.574375
v 0.7560807379977825 0.5509376258354689 0.576875
v 0.7170947670152907 0.6450580857236845 0.576875
v 0.6450580857236845 0.7170947670152907 0.576875
v 0.5509376258354689 0.7560807379977825 0.576875
v 0.44906237416453115 0.7560807379977825 0.576875
v 0.35494191427631555 0.7170947670152908 0.576875
v 0.2829052329847092 0.6450580857236845 0.576875
v 0.24391926200221747 0.550937625835469 0.576875
v 0.24391926200221747 0.4490623741645311 0.576875
v 0.28290523298470915 0.35494191427631555 0.576875
v 0.3549419142763155 0.28290523298470927 0.576875
v 0.44906237416453104 0.24391926200221747 0.576875
v 0.5509376258354689 0.24391926200221747 0.576875
v 0.6450580857236844 0.28290523298470915 0.576875
v 0.7170947670152907 0.3549419142763155 0.576875
v 0.7560807379977825 0.449062374164531 0.576875
vt 0 0.36384615384615393
vt 0.0625 0.36384615384615393
vt 0.0625 0.36076923076923073
vt 0 0.36076923076923073
vt 0.0625 0.36384615384615393
vt 0.125 0.36384615384615393
vt 0.125 0.36076923076923073
vt 0.0625 0.36076923076923073
vt 0.125 0.36384615384615393
vt 0.1875 0.36384615384615393
vt 0.1875 0.36076923076923073
vt 0.125 0.36076923076923073
vt 0.1875 0.36384615384615393
vt 0.25 0.36384615384615393
vt 0.25 0.36076923076923073
vt 0.1875 0.36076923076923073
vt 0.25 0.36384615384615393
vt 0.3125 0.36384615384615393
vt 0.3125 0.36076923076923073
vt 0.25 0.36076923076923073
vt 0.3125 0.36384615384615393
vt 0.375 0.36384615384615393
vt 0.375 0.36076923076923073
vt 0.3125 0.36076923076923073
vt 0.375 0.36384615384615393
vt 0.4375 0.36384615384615393
vt 0.4375 0.36076923076923073
vt 0.375 0.36076923076923073
vt 0.4375 0.36384615384615393
vt 0.5 0.36384615384615393
vt 0.5 0.36076923076923073
vt 0.4375 0.36076923076923073
vt 0.5 0.36384615384615393
vt 0.5625 0.36384615384615393
vt 0.5625 0.36076923076923073
vt 0.5 0.36076923076923073
vt 0.5625 0.36384615384615393
vt 0.625 0.36384615384615393
vt 0.625 0.36076923076923073
vt 0.5625 0.36076923076923073
vt 0.625 0.36384615384615393
vt 0.6875 0.36384615384615393
vt 0.6875 0.36076923076923073
vt 0.625 0.36076923076923073
vt 0.6875 0.36384615384615393
vt 0.75 0.36384615384615393
vt 0.75 0.36076923076923073
vt 0.6875 0.36076923076923073
vt 0.75 0.36384615384615393
vt 0.8125 0.36384615384615393
vt 0.8125 0.36076923076923073
vt 0.75 0.36076923076923073
vt 0.8125 0.36384615384615393
vt 0.875 0.36384615384615393
vt 0.875 0.36076923076923073
vt 0.8125 0.36076923076923073
vt 0.875 0.36384615384615393
vt 0.9375 0.36384615384615393
vt 0.9375 0.36076923076923073
vt 0.875 0.36076923076923073
vt 0.9375 0.36384615384615393
vt 1 0.36384615384615393
vt 1 0.36076923076923073
vt 0.9375 0.36076923076923073
vt 0 0.36076923076923073
vt 0.0625 0.36076923076923073
vt 0.0625 0.3469230769230769
vt 0 0.3469230769230769
vt 0.0625 0.36076923076923073
vt 0.125 0.36076923076923073
vt 0.125 0.3469230769230769
vt 0.0625 0.3469230769230769
vt 0.125 0.36076923076923073
vt 0.1875 0.36076923076923073
vt 0.1875 0.3469230769230769
vt 0.125 0.3469230769230769
vt 0.1875 0.36076923076923073
vt 0.25 0.36076923076923073
vt 0.25 0.3469230769230769
vt 0.1875 0.3469230769230769
vt 0.25 0.36076923076923073
vt 0.3125 0.36076923076923073
vt 0.3125 0.3469230769230769
vt 0.25 0.3469230769230769
vt 0.3125 0.36076923076923073
vt 0.375 0.36076923076923073
vt 0.375 0.3469230769230769
vt 0.3125 0.3469230769230769
vt 0.375 0.36076923076923073
vt 0.4375 0.36076923076923073
vt 0.4375 0.3469230769230769
vt 0.375 0.3469230769230769
vt 0.4375 0.36076923076923073
vt 0.5 0.36076923076923073
vt 0.5 0.3469230769230769
vt 0.4375 0.3469230769230769
vt 0.5 0.36076923076923073
vt 0.5625 0.36076923076923073
vt 0.5625 0.3469230769230769
vt 0.5 0.3469230769230769
vt 0.5625 0.36076923076923073
vt 0.625 0.36076923076923073
vt 0.625 0.3469230769230769
vt 0.5625 0.3469230769230769
vt 0.625 0.36076923076923073
vt 0.6875 0.36076923076923073
vt 0.6875 0.3469230769230769
vt 0.625 0.3469230769230769
vt 0.6875 0.36076923076923073
vt 0.75 0.36076923076923073
vt 0.75 0.3469230769230769
vt 0.6875 0.3469230769230769
vt 0.75 0.36076923076923073
vt 0.8125 0.36076923076923073
vt 0.8125 0.3469230769230769
vt 0.75 0.3469230769230769
vt 0.8125 0.36076923076923073
vt 0.875 0.36076923076923073
vt 0.875 0.3469230769230769
vt 0.8125 0.3469230769230769
vt 0.875 0.36076923076923073
vt 0.9375 0.36076923076923073
vt 0.9375 0.3469230769230769
vt 0.875 0.3469230769230769
vt 0.9375 0.36076923076923073
vt 1 0.36076923076923073
vt 1 0.3469230769230769
vt 0.9375 0.3469230769230769
vt 0 0.3469230769230769
vt 0.0625 0.3469230769230769
vt 0.0625 0.3438461538461538
vt 0 0.3438461538461538
vt 0.0625 0.3469230769230769
vt 0.125 0.3469230769230769
vt 0.125 0.3438461538461538
vt 0.0625 0.3438461538461538
vt 0.125 0.3469230769230769
vt 0.1875 0.3469230769230769
vt 0.1875 0.3438461538461538
vt 0.125 0.3438461538461538
vt 0.1875 0.3469230769230769
vt 0.25 0.3469230769230769
vt 0.25 0.3438461538461538
vt 0.1875 0.3438461538461538
vt 0.25 0.3469230769230769
vt 0.3125 0.3469230769230769
vt 0.3125 0.3438461538461538
vt 0.25 0.3438461538461538
vt 0.3125 0.3469230769230769
vt 0.375 0.3469230769230769
vt 0.375 0.3438461538461538
vt 0.3125 0.3438461538461538
vt 0.375 0.3469230769230769
vt 0.4375 0.3469230769230769
vt 0.4375 0.3438461538461538
vt 0.375 0.3438461538461538
vt 0.4375 0.3469230769230769
vt 0.5 0.3469230769230769
vt 0.5 0.3438461538461538
vt 0.4375 0.3438461538461538
vt 0.5 0.3469230769230769
vt 0.5625 0.3469230769230769
vt 0.5625 0.3438461538461538
vt 0.5 0.3438461538461538
vt 0.5625 0.3469230769230769
vt 0.625 0.3469230769230769
vt 0.625 0.3438461538461538
vt 0.5625 0.3438461538461538
vt 0.625 0.3469230769230769
vt 0.6875 0.3469230769230769
vt 0.6875 0.3438461538461538
vt 0.625 0.3438461538461538
vt 0.6875 0.3469230769230769
vt 0.75 0.3469230769230769
vt 0.75 0.3438461538461538
vt 0.6875 0.3438461538461538
vt 0.75 0.3469230769230769
vt 0.8125 0.3469230769230769
vt 0.8125 0.3438461538461538
vt 0.75 0.3438461538461538
vt 0.8125 0.3469230769230769
vt 0.875 0.3469230769230769
vt 0.875 0.3438461538461538
vt 0.8125 0.3438461538461538
vt 0.875 0.3469230769230769
vt 0.9375 0.3469230769230769
vt 0.9375 0.3438461538461538
vt 0.875 0.3438461538461538
vt 0.9375 0.3469230769230769
vt 1 0.3469230769230769
vt 1 0.3438461538461538
vt 0.9375 0.3438461538461538
vn 0.3297225324287501 0.13657554475199127 -0.9341467615875296
vn 0.2523587008758872 0.2523587008758872 -0.9341467615875299
vn 0.13657554475199407 0.3297225324287569 -0.9341467615875266
vn 0 0.35688909736154195 -0.9341467615875271
vn -0.13657554475199327 0.32972253242875577 -0.9341467615875273
vn -0.25235870087588996 0.25235870087589013 -0.9341467615875282
vn -0.3297225324287545 0.13657554475199266 -0.9341467615875277
vn -0.3568890973615393 0 -0.9341467615875281
vn -0.32972253242875577 -0.13657554475199318 -0.9341467615875274
vn -0.2523587008758884 -0.25235870087588863 -0.934146761587529
vn -0.13657554475199363 -0.32972253242875593 -0.9341467615875273
vn 0 -0.35688909736153923 -0.934146761587528
vn 0.13657554475199274 -0.32972253242875466 -0.9341467615875279
vn 0.25235870087588863 -0.25235870087588863 -0.934146761587529
vn 0.32972253242876015 -0.13657554475199557 -0.9341467615875253
vn 0.3568890973615419 0 -0.934146761587527
vn 0.7594743234964513 0.31458456506636095 0.569416634259675
vn 0.5812764818175539 0.5812764818175539 0.5694166342596729
vn 0.3145845650663618 0.7594743234964533 0.5694166342596716
vn 0 0.8220490840749027 0.5694166342596725
vn -0.3145845650663618 0.7594743234964525 0.569416634259673
vn -0.5812764818175516 0.5812764818175524 0.5694166342596766
vn -0.7594743234964532 0.31458456506636207 0.5694166342596718
vn -0.8220490840749027 0 0.5694166342596724
vn -0.7594743234964525 -0.314584565066362 0.5694166342596728
vn -0.5812764818175541 -0.5812764818175536 0.5694166342596729
vn -0.3145845650663619 -0.7594743234964528 0.5694166342596725
vn -4.188178239632477e-16 -0.8220490840749027 0.5694166342596724
vn 0.3145845650663618 -0.7594743234964525 0.569416634259673
vn 0.5812764818175536 -0.5812764818175541 0.5694166342596729
vn 0.7594743234964527 -0.31458456506636145 0.5694166342596727
vn 0.822049084074903 -8.376356479264956e-16 0.5694166342596724
vn 0.22392459325793274 0.09275260347631467 0.970182833842485
vn 0.17138446387780404 0.1713844638778038 0.9701828338424854
vn 0.09275260347631456 0.2239245932579327 0.970182833842485
vn 0 0.24237423319603296 0.9701828338424853
vn -0.09275260347631539 0.22392459325793446 0.9701828338424846
vn -0.17138446387780576 0.17138446387780576 0.9701828338424847
vn -0.22392459325793282 0.09275260347631482 0.970182833842485
vn -0.2423742331960329 0 0.9701828338424852
vn -0.22392459325793446 -0.09275260347631539 0.9701828338424846
vn -0.17138446387780457 -0.17138446387780443 0.9701828338424852
vn -0.09275260347631488 -0.22392459325793337 0.9701828338424849
vn -1.2710127777657791e-16 -0.2423742331960329 0.9701828338424852
vn 0.09275260347631521 -0.223924593257934 0.9701828338424847
vn 0.17138446387780443 -0.17138446387780457 0.9701828338424852
vn 0.22392459325793493 -0.09275260347631539 0.9701828338424845
vn 0.24237423319603296 -2.542025555531559e-16 0.9701828338424852
usemtl shuttle_nozzle_mount
f 745/2377/595 746/2378/595 762/2379/595 761/2380/595
f 746/2381/596 747/2382/596 763/2383/596 762/2384/596
f 747/2385/597 748/2386/597 764/2387/597 763/2388/597
f 748/2389/598 749/2390/598 765/2391/598 764/2392/598
f 749/2393/599 750/2394/599 766/2395/599 765/2396/599
f 750/2397/600 751/2398/600 767/2399/600 766/2400/600
f 751/2401/601 752/2402/601 768/2403/601 767/2404/601
f 752/2405/602 753/2406/602 769/2407/602 768/2408/602
f 753/2409/603 754/2410/603 770/2411/603 769/2412/603
f 754/2413/604 755/2414/604 771/2415/604 770/2416/604
f 755/2417/605 756/2418/605 772/2419/605 771/2420/605
f 756/2421/606 757/2422/606 773/2423/606 772/2424/606
f 757/2425/607 758/2426/607 774/2427/607 773/2428/607
f 758/2429/608 759/2430/608 775/2431/608 774/2432/608
f 759/2433/609 760/2434/609 776/2435/609 775/2436/609
f 760/2437/610 745/2438/610 761/2439/610 776/2440/610
f 761/2441/611 762/2442/611 778/2443/611 777/2444/611
f 762/2445/612 763/2446/612 779/2447/612 778/2448/612
f 763/2449/613 764/2450/613 780/2451/613 779/2452/613
f 764/2453/614 765/2454/614 781/2455/614 780/2456/614
f 765/2457/615 766/2458/615 782/2459/615 781/2460/615
f 766/2461/616 767/2462/616 783/2463/616 782/2464/616
f 767/2465/617 768/2466/617 784/2467/617 783/2468/617
f 768/2469/618 769/2470/618 785/2471/618 784/2472/618
f 769/2473/619 770/2474/619 786/2475/619 785/2476/619
f 770/2477/620 771/2478/620 787/2479/620 786/2480/620
f 771/2481/621 772/2482/621 788/2483/621 787/2484/621
f 772/2485/622 773/2486/622 789/2487/622 788/2488/622
f 773/2489/623 774/2490/623 790/2491/623 789/2492/623
f 774/2493/624 775/2494/624 791/2495/624 790/2496/624
f 775/2497/625 776/2498/625 792/2499/625 791/2500/625
f 776/2501/626 761/2502/626 777/2503/626 792/2504/626
f 777/2505/627 778/2506/627 794/2507/627 793/2508/627
f 778/2509/628 779/2510/628 795/2511/628 794/2512/628
f 779/2513/629 780/2514/629 796/2515/629 795/2516/629
f 780/2517/630 781/2518/630 797/2519/630 796/2520/630
f 781/2521/631 782/2522/631 798/2523/631 797/2524/631
f 782/2525/632 783/2526/632 799/2527/632 798/2528/632
f 783/2529/633 784/2530/633 800/2531/633 799/2532/633
f 784/2533/634 785/2534/634 801/2535/634 800/2536/634
f 785/2537/635 786/2538/635 802/2539/635 801/2540/635
f 786/2541/636 787/2542/636 803/2543/636 802/2544/636
f 787/2545/637 788/2546/637 804/2547/637 803/2548/637
f 788/2549/638 789/2550/638 805/2551/638 804/2552/638
f 789/2553/639 790/2554/639 806/2555/639 805/2556/639
f 790/2557/640 791/2558/640 807/2559/640 806/2560/640
f 791/2561/641 792/2562/641 808/2563/641 807/2564/641
f 792/2565/642 777/2566/642 793/2567/642 808/2568/642
o longitudinal_support_1
v 0.8890252536857426 0.6454091628852652 0.2875
v 0.8779022000568358 0.6722625898111753 0.2875
v 0.8872857761304819 0.6765399904611141 0.2875
v 0.8986850229646212 0.6490197741532966 0.2875
v 0.8451172115090222 0.6289972934851225 0.4
v 0.835249581540263 0.6528198595841803 0.4
v 0.844633157613909 0.6570972602341192 0.4
v 0.8547769807879008 0.6326079047531539 0.4
v 0.7871585958357513 0.607333625876934 0.5125
v 0.7789481250983867 0.627155455684547 0.5125
v 0.7883317011720328 0.6314328563344859 0.5125
v 0.7968183651146299 0.6109442371449654 0.5125
v 0.7210038122894926 0.582606409314052 0.6125
v 0.7146848465334169 0.5978617421425413 0.6125
v 0.724068422607063 0.6021391427924802 0.6125
v 0.7306635815683711 0.5862170205820835 0.6125
v 0.6653869588656468 0.5618180414072046 0.69375
v 0.6606581964124245 0.5732342838550143 0.69375
v 0.6700417724860706 0.5775116845049532 0.69375
v 0.6750467281445253 0.565428652675236 0.69375
v 0.6407984552466833 0.5526273945431246 0.75
v 0.6367727300431437 0.5623463549278971 0.75
v 0.6461563061167898 0.5666237555778361 0.75
v 0.6504582245255619 0.556238005811156 0.75
vt 0.02567957700000001 0.7000000000000001
vt 0.03682042299999999 0.7000000000000001
vt 0.03682042299999999 0.5615384615384615
vt 0.02567957700000001 0.5615384615384615
vt 0.03682042299999999 0.7000000000000001
vt 0.03682042299999999 0.7000000000000001
vt 0.03682042299999999 0.5615384615384615
vt 0.03682042299999999 0.5615384615384615
vt 0.03682042299999999 0.7000000000000001
vt 0.02567957700000001 0.7000000000000001
vt 0.02567957700000001 0.5615384615384615
vt 0.03682042299999999 0.5615384615384615
vt 0.02567957700000001 0.7000000000000001
vt 0.02567957700000001 0.7000000000000001
vt 0.02567957700000001 0.5615384615384615
vt 0.02567957700000001 0.5615384615384615
vt 0.02567957700000001 0.5615384615384615
vt 0.03682042299999999 0.5615384615384615
vt 0.03682042299999999 0.42307692307692313
vt 0.02567957700000001 0.42307692307692313
vt 0.03682042299999999 0.5615384615384615
vt 0.03682042299999999 0.5615384615384615
vt 0.03682042299999999 0.42307692307692313
vt 0.03682042299999999 0.42307692307692313
vt 0.03682042299999999 0.5615384615384615
vt 0.02567957700000001 0.5615384615384615
vt 0.02567957700000001 0.42307692307692313
vt 0.03682042299999999 0.42307692307692313
vt 0.02567957700000001 0.5615384615384615
vt 0.02567957700000001 0.5615384615384615
vt 0.02567957700000001 0.42307692307692313
vt 0.02567957700000001 0.42307692307692313
vt 0.02567957700000001 0.42307692307692313
vt 0.03682042299999999 0.42307692307692313
vt 0.03682042299999999 0.29999999999999993
vt 0.02567957700000001 0.29999999999999993
vt 0.03682042299999999 0.42307692307692313
vt 0.03682042299999999 0.42307692307692313
vt 0.03682042299999999 0.29999999999999993
vt 0.03682042299999999 0.29999999999999993
vt 0.03682042299999999 0.42307692307692313
vt 0.02567957700000001 0.42307692307692313
vt 0.02567957700000001 0.29999999999999993
vt 0.03682042299999999 0.29999999999999993
vt 0.02567957700000001 0.42307692307692313
vt 0.02567957700000001 0.42307692307692313
vt 0.02567957700000001 0.29999999999999993
vt 0.02567957700000001 0.29999999999999993
vt 0.02567957700000001 0.29999999999999993
vt 0.03682042299999999 0.29999999999999993
vt 0.03682042299999999 0.19999999999999996
vt 0.02567957700000001 0.19999999999999996
vt 0.03682042299999999 0.29999999999999993
vt 0.03682042299999999 0.29999999999999993
vt 0.03682042299999999 0.19999999999999996
vt 0.03682042299999999 0.19999999999999996
vt 0.03682042299999999 0.29999999999999993
vt 0.02567957700000001 0.29999999999999993
vt 0.02567957700000001 0.19999999999999996
vt 0.03682042299999999 0.19999999999999996
vt 0.02567957700000001 0.29999999999999993
vt 0.02567957700000001 0.29999999999999993
vt 0.02567957700000001 0.19999999999999996
vt 0.02567957700000001 0.19999999999999996
vt 0.02567957700000001 0.19999999999999996
vt 0.03682042299999999 0.19999999999999996
vt 0.03682042299999999 0.13076923076923075
vt 0.02567957700000001 0.13076923076923075
vt 0.03682042299999999 0.19999999999999996
vt 0.03682042299999999 0.19999999999999996
vt 0.03682042299999999 0.13076923076923075
vt 0.03682042299999999 0.13076923076923075
vt 0.03682042299999999 0.19999999999999996
vt 0.02567957700000001 0.19999999999999996
vt 0.02567957700000001 0.13076923076923075
vt 0.03682042299999999 0.13076923076923075
vt 0.02567957700000001 0.19999999999999996
vt 0.02567957700000001 0.19999999999999996
vt 0.02567957700000001 0.13076923076923075
vt 0.02567957700000001 0.13076923076923075
vt 0.02567957700000001 0.7000000000000001
vt 0.03682042299999999 0.7000000000000001
vt 0.03682042299999999 0.7000000000000001
vt 0.02567957700000001 0.7000000000000001
vt 0.02567957700000001 0.13076923076923075
vt 0.03682042299999999 0.13076923076923075
vt 0.03682042299999999 0.13076923076923075
vt 0.02567957700000001 0.13076923076923075
vn 0.8528891254190035 0.3532782429490772 0.38441464956583027
vn 0.41477824484255715 -0.909922528353556 -8.410780489584523e-16
vn -0.8528891254190025 -0.3532782429490798 -0.38441464956583027
vn -0.35011988053637705 0.936704899770036 5.139921410301608e-16
vn 0.8096330759463539 0.335361000602824 0.481692102497351
vn 0.41477824484255715 -0.9099225283535559 -9.111678863716575e-16
vn -0.8096330759463528 -0.3353610006028267 -0.4816921024973508
vn -0.350119880536377 0.936704899770036 1.7288826561923608e-15
vn 0.7548029614166448 0.3126496235381496 0.5766478148212445
vn 0.41477824484255715 -0.909922528353556 -1.3404681405275328e-15
vn -0.7548029614166432 -0.3126496235381524 -0.5766478148212452
vn -0.35011988053637705 0.936704899770036 2.8912057932946534e-15
vn 0.7460911685630591 0.3090410807856082 0.5897809581353675
vn 0.41477824484255715 -0.9099225283535559 -1.7792035651044203e-15
vn -0.7460911685630598 -0.3090410807856078 -0.5897809581353668
vn -0.35011988053638055 0.9367048997700347 -1.5527594750002237e-15
vn 0.8372957362378756 0.3468192496669006 0.42267275537744536
vn 0.41477824484255715 -0.909922528353556 9.345311655093915e-17
vn -0.8372957362378766 -0.3468192496668994 -0.42267275537744503
vn -0.35011988053638055 0.9367048997700347 -2.8035934965281783e-16
vn 0 0 1
vn 0 0 -1
usemtl shuttle_nozzle_mount
f 809/2569/643 810/2570/643 814/2571/643 813/2572/643
f 810/2573/644 811/2574/644 815/2575/644 814/2576/644
f 811/2577/645 812/2578/645 816/2579/645 815/2580/645
f 812/2581/646 809/2582/646 813/2583/646 816/2584/646
f 813/2585/647 814/2586/647 818/2587/647 817/2588/647
f 814/2589/648 815/2590/648 819/2591/648 818/2592/648
f 815/2593/649 816/2594/649 820/2595/649 819/2596/649
f 816/2597/650 813/2598/650 817/2599/650 820/2600/650
f 817/2601/651 818/2602/651 822/2603/651 821/2604/651
f 818/2605/652 819/2606/652 823/2607/652 822/2608/652
f 819/2609/653 820/2610/653 824/2611/653 823/2612/653
f 820/2613/654 817/2614/654 821/2615/654 824/2616/654
f 821/2617/655 822/2618/655 826/2619/655 825/2620/655
f 822/2621/656 823/2622/656 827/2623/656 826/2624/656
f 823/2625/657 824/2626/657 828/2627/657 827/2628/657
f 824/2629/658 821/2630/658 825/2631/658 828/2632/658
f 825/2633/659 826/2634/659 830/2635/659 829/2636/659
f 826/2637/660 827/2638/660 831/2639/660 830/2640/660
f 827/2641/661 828/2642/661 832/2643/661 831/2644/661
f 828/2645/662 825/2646/662 829/2647/662 832/2648/662
f 812/2649/663 811/2650/663 810/2651/663 809/2652/663
f 829/2653/664 830/2654/664 831/2655/664 832/2656/664
o longitudinal_support_2
v 0.3545908371147347 0.8890252536857426 0.2875
v 0.3277374101888248 0.877902200056836 0.2875
v 0.3234600095388859 0.887285776130482 0.2875
v 0.3509802258467033 0.8986850229646212 0.2875
v 0.37100270651487754 0.8451172115090222 0.4
v 0.34718014041581974 0.835249581540263 0.4
v 0.3429027397658808 0.844633157613909 0.4
v 0.36739209524684613 0.8547769807879008 0.4
v 0.39266637412306604 0.7871585958357513 0.5125
v 0.3728445443154531 0.7789481250983867 0.5125
v 0.3685671436655142 0.7883317011720328 0.5125
v 0.3890557628550346 0.7968183651146299 0.5125
v 0.4173935906859479 0.7210038122894926 0.6125
v 0.4021382578574588 0.7146848465334169 0.6125
v 0.3978608572075199 0.724068422607063 0.6125
v 0.4137829794179165 0.7306635815683711 0.6125
v 0.43818195859279546 0.6653869588656468 0.69375
v 0.4267657161449857 0.6606581964124245 0.69375
v 0.42248831549504684 0.6700417724860706 0.69375
v 0.43457134732476405 0.6750467281445253 0.69375
v 0.4473726054568754 0.6407984552466833 0.75
v 0.4376536450721029 0.6367727300431437 0.75
v 0.433376244422164 0.6461563061167898 0.75
v 0.443761994188844 0.6504582245255619 0.75
vt 0.275679577 0.7000000000000001
vt 0.286820423 0.7000000000000001
vt 0.286820423 0.5615384615384615
vt 0.275679577 0.5615384615384615
vt 0.286820423 0.7000000000000001
vt 0.286820423 0.7000000000000001
vt 0.286820423 0.5615384615384615
vt 0.286820423 0.5615384615384615
vt 0.286820423 0.7000000000000001
vt 0.275679577 0.7000000000000001
vt 0.275679577 0.5615384615384615
vt 0.286820423 0.5615384615384615
vt 0.275679577 0.7000000000000001
vt 0.275679577 0.7000000000000001
vt 0.275679577 0.5615384615384615
vt 0.275679577 0.5615384615384615
vt 0.275679577 0.5615384615384615
vt 0.286820423 0.5615384615384615
vt 0.286820423 0.42307692307692313
vt 0.275679577 0.42307692307692313
vt 0.286820423 0.5615384615384615
vt 0.286820423 0.5615384615384615
vt 0.286820423 0.42307692307692313
vt 0.286820423 0.42307692307692313
vt 0.286820423 0.5615384615384615
vt 0.275679577 0.5615384615384615
vt 0.275679577 0.42307692307692313
vt 0.286820423 0.42307692307692313
vt 0.275679577 0.5615384615384615
vt 0.275679577 0.5615384615384615
vt 0.275679577 0.42307692307692313
vt 0.275679577 0.42307692307692313
vt 0.275679577 0.42307692307692313
vt 0.286820423 0.42307692307692313
vt 0.286820423 0.29999999999999993
vt 0.275679577 0.29999999999999993
vt 0.286820423 0.42307692307692313
vt 0.286820423 0.42307692307692313
vt 0.286820423 0.29999999999999993
vt 0.286820423 0.29999999999999993
vt 0.286820423 0.42307692307692313
vt 0.275679577 0.42307692307692313
vt 0.275679577 0.29999999999999993
vt 0.286820423 0.29999999999999993
vt 0.275679577 0.42307692307692313
vt 0.275679577 0.42307692307692313
vt 0.275679577 0.29999999999999993
vt 0.275679577 0.29999999999999993
vt 0.275679577 0.29999999999999993
vt 0.286820423 0.29999999999999993
vt 0.286820423 0.19999999999999996
vt 0.275679577 0.19999999999999996
vt 0.286820423 0.29999999999999993
vt 0.286820423 0.29999999999999993
vt 0.286820423 0.19999999999999996
vt 0.286820423 0.19999999999999996
vt 0.286820423 0.29999999999999993
vt 0.275679577 0.29999999999999993
vt 0.275679577 0.19999999999999996
vt 0.286820423 0.19999999999999996
vt 0.275679577 0.29999999999999993
vt 0.275679577 0.29999999999999993
vt 0.275679577 0.19999999999999996
vt 0.275679577 0.19999999999999996
vt 0.275679577 0.19999999999999996
vt 0.286820423 0.19999999999999996
vt 0.286820423 0.13076923076923075
vt 0.275679577 0.13076923076923075
vt 0.286820423 0.19999999999999996
vt 0.286820423 0.19999999999999996
vt 0.286820423 0.13076923076923075
vt 0.286820423 0.13076923076923075
vt 0.286820423 0.19999999999999996
vt 0.275679577 0.19999999999999996
vt 0.275679577 0.13076923076923075
vt 0.286820423 0.13076923076923075
vt 0.275679577 0.19999999999999996
vt 0.275679577 0.19999999999999996
vt 0.275679577 0.13076923076923075
vt 0.275679577 0.13076923076923075
vt 0.275679577 0.7000000000000001
vt 0.286820423 0.7000000000000001
vt 0.286820423 0.7000000000000001
vt 0.275679577 0.7000000000000001
vt 0.275679577 0.13076923076923075
vt 0.286820423 0.13076923076923075
vt 0.286820423 0.13076923076923075
vt 0.275679577 0.13076923076923075
vn -0.35327824294907595 0.8528891254190037 0.38441464956583093
vn 0.909922528353554 0.41477824484256165 1.6120662605036966e-15
vn 0.353278242949078 -0.8528891254190031 -0.3844146495658306
vn -0.936704899770036 -0.35011988053637705 1.4485233065395442e-15
vn -0.3353610006028246 0.8096330759463535 0.4816921024973511
vn 0.909922528353554 0.4147782448425617 1.3317069108508812e-15
vn 0.3353610006028267 -0.8096330759463528 -0.4816921024973508
vn -0.936704899770036 -0.350119880536377 1.7288826561923608e-15
vn -0.3126496235381511 0.7548029614166442 0.5766478148212445
vn 0.9099225283535539 0.4147782448425616 2.1289788114260763e-15
vn 0.3126496235381531 -0.7548029614166429 -0.576647814821245
vn -0.936704899770036 -0.35011988053637705 2.3655320126956257e-15
vn -0.30904108078561116 0.746091168563058 0.5897809581353674
vn 0.9099225283535539 0.4147782448425616 2.4261866796878405e-15
vn 0.30904108078560955 -0.7460911685630589 -0.5897809581353671
vn -0.9367048997700347 -0.35011988053638055 -2.9114240156254195e-16
vn -0.3468192496668992 0.8372957362378763 0.42267275537744536
vn 0.909922528353556 0.41477824484255715 -7.943514906829827e-16
vn 0.3468192496668981 -0.8372957362378771 -0.4226727553774447
vn -0.9367048997700347 -0.35011988053638055 -1.168163956886741e-15
vn 0 0 1
vn 0 0 -1
usemtl shuttle_nozzle_mount
f 833/2657/665 834/2658/665 838/2659/665 837/2660/665
f 834/2661/666 835/2662/666 839/2663/666 838/2664/666
f 835/2665/667 836/2666/667 840/2667/667 839/2668/667
f 836/2669/668 833/2670/668 837/2671/668 840/2672/668
f 837/2673/669 838/2674/669 842/2675/669 841/2676/669
f 838/2677/670 839/2678/670 843/2679/670 842/2680/670
f 839/2681/671 840/2682/671 844/2683/671 843/2684/671
f 840/2685/672 837/2686/672 841/2687/672 844/2688/672
f 841/2689/673 842/2690/673 846/2691/673 845/2692/673
f 842/2693/674 843/2694/674 847/2695/674 846/2696/674
f 843/2697/675 844/2698/675 848/2699/675 847/2700/675
f 844/2701/676 841/2702/676 845/2703/676 848/2704/676
f 845/2705/677 846/2706/677 850/2707/677 849/2708/677
f 846/2709/678 847/2710/678 851/2711/678 850/2712/678
f 847/2713/679 848/2714/679 852/2715/679 851/2716/679
f 848/2717/680 845/2718/680 849/2719/680 852/2720/680
f 849/2721/681 850/2722/681 854/2723/681 853/2724/681
f 850/2725/682 851/2726/682 855/2727/682 854/2728/682
f 851/2729/683 852/2730/683 856/2731/683 855/2732/683
f 852/2733/684 849/2734/684 853/2735/684 856/2736/684
f 836/2737/685 835/2738/685 834/2739/685 833/2740/685
f 853/2741/686 854/2742/686 855/2743/686 856/2744/686
o longitudinal_support_3
v 0.1109747463142573 0.3545908371147348 0.2875
v 0.12209779994316416 0.32773741018882474 0.2875
v 0.11271422386951813 0.3234600095388859 0.2875
v 0.10131497703537884 0.3509802258467034 0.2875
v 0.1548827884909777 0.37100270651487766 0.4
v 0.16475041845973704 0.3471801404158197 0.4
v 0.155366842386091 0.3429027397658808 0.4
v 0.14522301921209924 0.36739209524684624 0.4
v 0.21284140416424863 0.39266637412306615 0.5125
v 0.22105187490161327 0.372844544315453 0.5125
v 0.21166829882796723 0.36856714366551413 0.5125
v 0.2031816348853701 0.38905576285503474 0.5125
v 0.2789961877105074 0.41739359068594795 0.6125
v 0.2853151534665831 0.40213825785745877 0.6125
v 0.27593157739293706 0.39786085720751985 0.6125
v 0.2693364184316289 0.41378297941791653 0.6125
v 0.3346130411343532 0.4381819585927955 0.69375
v 0.3393418035875755 0.4267657161449857 0.69375
v 0.32995822751392945 0.42248831549504684 0.69375
v 0.32495327185547473 0.4345713473247641 0.69375
v 0.3592015447533166 0.44737260545687546 0.75
v 0.3632272699568563 0.43765364507210286 0.75
v 0.35384369388321024 0.433376244422164 0.75
v 0.3495417754744381 0.44376199418884404 0.75
vt 0.525679577 0.7000000000000001
vt 0.536820423 0.7000000000000001
vt 0.536820423 0.5615384615384615
vt 0.525679577 0.5615384615384615
vt 0.536820423 0.7000000000000001
vt 0.536820423 0.7000000000000001
vt 0.536820423 0.5615384615384615
vt 0.536820423 0.5615384615384615
vt 0.536820423 0.7000000000000001
vt 0.525679577 0.7000000000000001
vt 0.525679577 0.5615384615384615
vt 0.536820423 0.5615384615384615
vt 0.525679577 0.7000000000000001
vt 0.525679577 0.7000000000000001
vt 0.525679577 0.5615384615384615
vt 0.525679577 0.5615384615384615
vt 0.525679577 0.5615384615384615
vt 0.536820423 0.5615384615384615
vt 0.536820423 0.42307692307692313
vt 0.525679577 0.42307692307692313
vt 0.536820423 0.5615384615384615
vt 0.536820423 0.5615384615384615
vt 0.536820423 0.42307692307692313
vt 0.536820423 0.42307692307692313
vt 0.536820423 0.5615384615384615
vt 0.525679577 0.5615384615384615
vt 0.525679577 0.42307692307692313
vt 0.536820423 0.42307692307692313
vt 0.525679577 0.5615384615384615
vt 0.525679577 0.5615384615384615
vt 0.525679577 0.42307692307692313
vt 0.525679577 0.42307692307692313
vt 0.525679577 0.42307692307692313
vt 0.536820423 0.42307692307692313
vt 0.536820423 0.29999999999999993
vt 0.525679577 0.29999999999999993
vt 0.536820423 0.42307692307692313
vt 0.536820423 0.42307692307692313
vt 0.536820423 0.29999999999999993
vt 0.536820423 0.29999999999999993
vt 0.536820423 0.42307692307692313
vt 0.525679577 0.42307692307692313
vt 0.525679577 0.29999999999999993
vt 0.536820423 0.29999999999999993
vt 0.525679577 0.42307692307692313
vt 0.525679577 0.42307692307692313
vt 0.525679577 0.29999999999999993
vt 0.525679577 0.29999999999999993
vt 0.525679577 0.29999999999999993
vt 0.536820423 0.29999999999999993
vt 0.536820423 0.19999999999999996
vt 0.525679577 0.19999999999999996
vt 0.536820423 0.29999999999999993
vt 0.536820423 0.29999999999999993
vt 0.536820423 0.19999999999999996
vt 0.536820423 0.19999999999999996
vt 0.536820423 0.29999999999999993
vt 0.525679577 0.29999999999999993
vt 0.525679577 0.19999999999999996
vt 0.536820423 0.19999999999999996
vt 0.525679577 0.29999999999999993
vt 0.525679577 0.29999999999999993
vt 0.525679577 0.19999999999999996
vt 0.525679577 0.19999999999999996
vt 0.525679577 0.19999999999999996
vt 0.536820423 0.19999999999999996
vt 0.536820423 0.13076923076923075
vt 0.525679577 0.13076923076923075
vt 0.536820423 0.19999999999999996
vt 0.536820423 0.19999999999999996
vt 0.536820423 0.13076923076923075
vt 0.536820423 0.13076923076923075
vt 0.536820423 0.19999999999999996
vt 0.525679577 0.19999999999999996
vt 0.525679577 0.13076923076923075
vt 0.536820423 0.13076923076923075
vt 0.525679577 0.19999999999999996
vt 0.525679577 0.19999999999999996
vt 0.525679577 0.13076923076923075
vt 0.525679577 0.13076923076923075
vt 0.525679577 0.7000000000000001
vt 0.536820423 0.7000000000000001
vt 0.536820423 0.7000000000000001
vt 0.525679577 0.7000000000000001
vt 0.525679577 0.13076923076923075
vt 0.536820423 0.13076923076923075
vt 0.536820423 0.13076923076923075
vt 0.525679577 0.13076923076923075
vn -0.8528891254190024 -0.3532782429490803 0.3844146495658304
vn -0.41477824484255715 0.909922528353556 -8.410780489584523e-16
vn 0.8528891254190025 0.3532782429490797 -0.38441464956583066
vn 0.35011988053638055 -0.9367048997700347 -1.168163956886741e-16
vn -0.8096330759463531 -0.3353610006028258 0.48169210249735106
vn -0.41477824484255715 0.9099225283535559 -9.111678863716575e-16
vn 0.8096330759463535 0.3353610006028254 -0.48169210249735084
vn 0.3501198805363806 -0.9367048997700348 -5.139921410301667e-16
vn -0.7548029614166447 -0.3126496235381499 0.5766478148212446
vn -0.41477824484255715 0.909922528353556 -1.3404681405275328e-15
vn 0.7548029614166439 0.31264962353815107 -0.5766478148212449
vn 0.3501198805363788 -0.9367048997700355 3.1540426835941833e-16
vn -0.7460911685630588 -0.30904108078560927 0.5897809581353675
vn -0.4147782448425616 0.9099225283535539 1.8115527208335877e-15
vn 0.7460911685630596 0.3090410807856077 -0.5897809581353671
vn 0.35011988053638055 -0.9367048997700347 -2.9114240156254195e-16
vn -0.837295736237877 -0.3468192496668978 0.4226727553774451
vn -0.41477824484255715 0.909922528353556 -7.943514906829827e-16
vn 0.8372957362378777 0.3468192496668967 -0.4226727553774447
vn 0.35011988053638055 -0.9367048997700347 -7.943514906829838e-16
vn 0 0 1
vn 0 0 -1
usemtl shuttle_nozzle_mount
f 857/2745/687 858/2746/687 862/2747/687 861/2748/687
f 858/2749/688 859/2750/688 863/2751/688 862/2752/688
f 859/2753/689 860/2754/689 864/2755/689 863/2756/689
f 860/2757/690 857/2758/690 861/2759/690 864/2760/690
f 861/2761/691 862/2762/691 866/2763/691 865/2764/691
f 862/2765/692 863/2766/692 867/2767/692 866/2768/692
f 863/2769/693 864/2770/693 868/2771/693 867/2772/693
f 864/2773/694 861/2774/694 865/2775/694 868/2776/694
f 865/2777/695 866/2778/695 870/2779/695 869/2780/695
f 866/2781/696 867/2782/696 871/2783/696 870/2784/696
f 867/2785/697 868/2786/697 872/2787/697 871/2788/697
f 868/2789/698 865/2790/698 869/2791/698 872/2792/698
f 869/2793/699 870/2794/699 874/2795/699 873/2796/699
f 870/2797/700 871/2798/700 875/2799/700 874/2800/700
f 871/2801/701 872/2802/701 876/2803/701 875/2804/701
f 872/2805/702 869/2806/702 873/2807/702 876/2808/702
f 873/2809/703 874/2810/703 878/2811/703 877/2812/703
f 874/2813/704 875/2814/704 879/2815/704 878/2816/704
f 875/2817/705 876/2818/705 880/2819/705 879/2820/705
f 876/2821/706 873/2822/706 877/2823/706 880/2824/706
f 860/2825/707 859/2826/707 858/2827/707 857/2828/707
f 877/2829/708 878/2830/708 879/2831/708 880/2832/708
o longitudinal_support_4
v 0.6454091628852653 0.11097474631425736 0.2875
v 0.6722625898111754 0.12209779994316422 0.2875
v 0.6765399904611142 0.11271422386951818 0.2875
v 0.6490197741532967 0.10131497703537884 0.2875
v 0.6289972934851225 0.15488278849097775 0.4
v 0.6528198595841804 0.1647504184597371 0.4
v 0.6570972602341193 0.15536684238609105 0.4
v 0.6326079047531539 0.14522301921209924 0.4
v 0.607333625876934 0.21284140416424868 0.5125
v 0.6271554556845471 0.22105187490161332 0.5125
v 0.631432856334486 0.21166829882796728 0.5125
v 0.6109442371449654 0.20318163488537017 0.5125
v 0.5826064093140522 0.2789961877105074 0.6125
v 0.5978617421425413 0.28531515346658315 0.6125
v 0.6021391427924803 0.2759315773929371 0.6125
v 0.5862170205820836 0.2693364184316289 0.6125
v 0.5618180414072046 0.3346130411343532 0.69375
v 0.5732342838550144 0.3393418035875755 0.69375
v 0.5775116845049533 0.32995822751392945 0.69375
v 0.565428652675236 0.32495327185547473 0.69375
v 0.5526273945431246 0.35920154475331667 0.75
v 0.5623463549278972 0.3632272699568563 0.75
v 0.5666237555778361 0.35384369388321024 0.75
v 0.556238005811156 0.34954177547443815 0.75
vt 0.775679577 0.7000000000000001
vt 0.786820423 0.7000000000000001
vt 0.786820423 0.5615384615384615
vt 0.775679577 0.5615384615384615
vt 0.786820423 0.7000000000000001
vt 0.786820423 0.7000000000000001
vt 0.786820423 0.5615384615384615
vt 0.786820423 0.5615384615384615
vt 0.786820423 0.7000000000000001
vt 0.775679577 0.7000000000000001
vt 0.775679577 0.5615384615384615
vt 0.786820423 0.5615384615384615
vt 0.775679577 0.7000000000000001
vt 0.775679577 0.7000000000000001
vt 0.775679577 0.5615384615384615
vt 0.775679577 0.5615384615384615
vt 0.775679577 0.5615384615384615
vt 0.786820423 0.5615384615384615
vt 0.786820423 0.42307692307692313
vt 0.775679577 0.42307692307692313
vt 0.786820423 0.5615384615384615
vt 0.786820423 0.5615384615384615
vt 0.786820423 0.42307692307692313
vt 0.786820423 0.42307692307692313
vt 0.786820423 0.5615384615384615
vt 0.775679577 0.5615384615384615
vt 0.775679577 0.42307692307692313
vt 0.786820423 0.42307692307692313
vt 0.775679577 0.5615384615384615
vt 0.775679577 0.5615384615384615
vt 0.775679577 0.42307692307692313
vt 0.775679577 0.42307692307692313
vt 0.775679577 0.42307692307692313
vt 0.786820423 0.42307692307692313
vt 0.786820423 0.29999999999999993
vt 0.775679577 0.29999999999999993
vt 0.786820423 0.42307692307692313
vt 0.786820423 0.42307692307692313
vt 0.786820423 0.29999999999999993
vt 0.786820423 0.29999999999999993
vt 0.786820423 0.42307692307692313
vt 0.775679577 0.42307692307692313
vt 0.775679577 0.29999999999999993
vt 0.786820423 0.29999999999999993
vt 0.775679577 0.42307692307692313
vt 0.775679577 0.42307692307692313
vt 0.775679577 0.29999999999999993
vt 0.775679577 0.29999999999999993
vt 0.775679577 0.29999999999999993
vt 0.786820423 0.29999999999999993
vt 0.786820423 0.19999999999999996
vt 0.775679577 0.19999999999999996
vt 0.786820423 0.29999999999999993
vt 0.786820423 0.29999999999999993
vt 0.786820423 0.19999999999999996
vt 0.786820423 0.19999999999999996
vt 0.786820423 0.29999999999999993
vt 0.775679577 0.29999999999999993
vt 0.775679577 0.19999999999999996
vt 0.786820423 0.19999999999999996
vt 0.775679577 0.29999999999999993
vt 0.775679577 0.29999999999999993
vt 0.775679577 0.19999999999999996
vt 0.775679577 0.19999999999999996
vt 0.775679577 0.19999999999999996
vt 0.786820423 0.19999999999999996
vt 0.786820423 0.13076923076923075
vt 0.775679577 0.13076923076923075
vt 0.786820423 0.19999999999999996
vt 0.786820423 0.19999999999999996
vt 0.786820423 0.13076923076923075
vt 0.786820423 0.13076923076923075
vt 0.786820423 0.19999999999999996
vt 0.775679577 0.19999999999999996
vt 0.775679577 0.13076923076923075
vt 0.786820423 0.13076923076923075
vt 0.775679577 0.19999999999999996
vt 0.775679577 0.19999999999999996
vt 0.775679577 0.13076923076923075
vt 0.775679577 0.13076923076923075
vt 0.775679577 0.7000000000000001
vt 0.786820423 0.7000000000000001
vt 0.786820423 0.7000000000000001
vt 0.775679577 0.7000000000000001
vt 0.775679577 0.13076923076923075
vt 0.786820423 0.13076923076923075
vt 0.786820423 0.13076923076923075
vt 0.775679577 0.13076923076923075
vn 0.3532782429490803 -0.8528891254190024 0.3844146495658304
vn -0.909922528353556 -0.41477824484255715 -8.410780489584523e-16
vn -0.35327824294908117 0.8528891254190017 -0.3844146495658305
vn 0.9367048997700353 0.3501198805363788 6.775350949943064e-16
vn 0.3353610006028258 -0.8096330759463531 0.48169210249735106
vn -0.9099225283535559 -0.41477824484255715 -9.111678863716575e-16
vn -0.3353610006028269 0.8096330759463527 -0.48169210249735117
vn 0.9367048997700355 0.3501198805363788 5.607186993056335e-16
vn 0.31264962353814985 -0.7548029614166446 0.5766478148212447
vn -0.909922528353556 -0.41477824484255715 -1.3404681405275328e-15
vn -0.3126496235381511 0.754802961416644 -0.5766478148212447
vn 0.9367048997700355 0.3501198805363788 5.256737805990305e-16
vn 0.30904108078561265 -0.7460911685630577 0.5897809581353671
vn -0.9099225283535519 -0.41477824484256604 5.11116660520904e-15
vn -0.30904108078560993 0.7460911685630587 -0.5897809581353671
vn 0.9367048997700347 0.35011988053638055 -2.9114240156254195e-16
vn 0.34681924966689776 -0.8372957362378768 0.42267275537744536
vn -0.909922528353556 -0.41477824484255715 -1.7055193770546394e-15
vn -0.34681924966689653 0.8372957362378772 -0.4226727553774457
vn 0.9367048997700347 0.35011988053638055 -2.8035934965281783e-16
vn 0 0 1
vn 0 0 -1
usemtl shuttle_nozzle_mount
f 881/2833/709 882/2834/709 886/2835/709 885/2836/709
f 882/2837/710 883/2838/710 887/2839/710 886/2840/710
f 883/2841/711 884/2842/711 888/2843/711 887/2844/711
f 884/2845/712 881/2846/712 885/2847/712 888/2848/712
f 885/2849/713 886/2850/713 890/2851/713 889/2852/713
f 886/2853/714 887/2854/714 891/2855/714 890/2856/714
f 887/2857/715 888/2858/715 892/2859/715 891/2860/715
f 888/2861/716 885/2862/716 889/2863/716 892/2864/716
f 889/2865/717 890/2866/717 894/2867/717 893/2868/717
f 890/2869/718 891/2870/718 895/2871/718 894/2872/718
f 891/2873/719 892/2874/719 896/2875/719 895/2876/719
f 892/2877/720 889/2878/720 893/2879/720 896/2880/720
f 893/2881/721 894/2882/721 898/2883/721 897/2884/721
f 894/2885/722 895/2886/722 899/2887/722 898/2888/722
f 895/2889/723 896/2890/723 900/2891/723 899/2892/723
f 896/2893/724 893/2894/724 897/2895/724 900/2896/724
f 897/2897/725 898/2898/725 902/2899/725 901/2900/725
f 898/2901/726 899/2902/726 903/2903/726 902/2904/726
f 899/2905/727 900/2906/727 904/2907/727 903/2908/727
f 900/2909/728 897/2910/728 901/2911/728 904/2912/728
f 884/2913/729 883/2914/729 882/2915/729 881/2916/729
f 901/2917/730 902/2918/730 903/2919/730 904/2920/730
