# Actual Blockbench MCP geometry; packaged by tools/export_transporter.py
mtllib transporter.mtl
v 0.1125 0 0.048125
v 0.8875 0 0.048125
v 0.951875 0 0.1125
v 0.951875 0 0.903125
v 0.8875 0 0.9675
v 0.1125 0 0.9675
v 0.048125 0 0.903125
v 0.048125 0 0.1125
v 0.1125 0.0075 0.040625
v 0.8875 0.0075 0.040625
v 0.959375 0.0075 0.1125
v 0.959375 0.0075 0.903125
v 0.8875 0.0075 0.975
v 0.1125 0.0075 0.975
v 0.040625 0.0075 0.903125
v 0.040625 0.0075 0.1125
v 0.1125 0.026875 0.040625
v 0.8875 0.026875 0.040625
v 0.959375 0.026875 0.1125
v 0.959375 0.026875 0.903125
v 0.8875 0.026875 0.975
v 0.1125 0.026875 0.975
v 0.040625 0.026875 0.903125
v 0.040625 0.026875 0.1125
v 0.1125 0.034375 0.048125
v 0.8875 0.034375 0.048125
v 0.951875 0.034375 0.1125
v 0.951875 0.034375 0.903125
v 0.8875 0.034375 0.9675
v 0.1125 0.034375 0.9675
v 0.048125 0.034375 0.903125
v 0.048125 0.034375 0.1125
v 0.5 0 0.5078125
v 0.5 0.034375 0.5078125
v 0.115625 0.028125 0.04375
v 0.884375 0.028125 0.04375
v 0.95625 0.028125 0.115625
v 0.95625 0.028125 0.89375
v 0.884375 0.028125 0.965625
v 0.115625 0.028125 0.965625
v 0.04375 0.028125 0.89375
v 0.04375 0.028125 0.115625
v 0.115625 0.05625 0.015625
v 0.884375 0.05625 0.015625
v 0.984375 0.05625 0.115625
v 0.984375 0.05625 0.89375
v 0.884375 0.05625 0.99375
v 0.115625 0.05625 0.99375
v 0.015625 0.05625 0.89375
v 0.015625 0.05625 0.115625
v 0.115625 0.453125 0.015625
v 0.884375 0.453125 0.015625
v 0.984375 0.453125 0.115625
v 0.984375 0.453125 0.89375
v 0.884375 0.453125 0.99375
v 0.115625 0.453125 0.99375
v 0.015625 0.453125 0.89375
v 0.015625 0.453125 0.115625
v 0.115625 0.48125 0.04375
v 0.884375 0.48125 0.04375
v 0.95625 0.48125 0.115625
v 0.95625 0.48125 0.89375
v 0.884375 0.48125 0.965625
v 0.115625 0.48125 0.965625
v 0.04375 0.48125 0.89375
v 0.04375 0.48125 0.115625
v 0.5 0.028125 0.5046875
v 0.5 0.48125 0.5046875
v 0.115625 0.453125 0.029375
v 0.884375 0.453125 0.029375
v 0.970625 0.453125 0.115625
v 0.970625 0.453125 0.89375
v 0.884375 0.453125 0.98
v 0.115625 0.453125 0.98
v 0.029375 0.453125 0.89375
v 0.029375 0.453125 0.115625
v 0.115625 0.466875 0.015625
v 0.884375 0.466875 0.015625
v 0.984375 0.466875 0.115625
v 0.984375 0.466875 0.89375
v 0.884375 0.466875 0.99375
v 0.115625 0.466875 0.99375
v 0.015625 0.466875 0.89375
v 0.015625 0.466875 0.115625
v 0.115625 0.5175 0.015625
v 0.884375 0.5175 0.015625
v 0.984375 0.5175 0.115625
v 0.984375 0.5175 0.89375
v 0.884375 0.5175 0.99375
v 0.115625 0.5175 0.99375
v 0.015625 0.5175 0.89375
v 0.015625 0.5175 0.115625
v 0.115625 0.53125 0.029375
v 0.884375 0.53125 0.029375
v 0.970625 0.53125 0.115625
v 0.970625 0.53125 0.89375
v 0.884375 0.53125 0.98
v 0.115625 0.53125 0.98
v 0.029375 0.53125 0.89375
v 0.029375 0.53125 0.115625
v 0.5 0.453125 0.5046875
v 0.5 0.53125 0.5046875
v 0.924462331 0.5225 0.512131526
v 0.895535925 0.5225 0.620086344
v 0.839654399 0.5225 0.716875987
v 0.760625987 0.5225 0.795904399
v 0.663836344 0.5225 0.851785925
v 0.555881526 0.5225 0.880712331
v 0.444118474 0.5225 0.880712331
v 0.336163656 0.5225 0.851785925
v 0.239374013 0.5225 0.795904399
v 0.160345601 0.5225 0.716875987
v 0.104464075 0.5225 0.620086344
v 0.0755376687 0.5225 0.512131526
v 0.0755376687 0.5225 0.400368474
v 0.104464075 0.5225 0.292413656
v 0.160345601 0.5225 0.195624013
v 0.239374013 0.5225 0.116595601
v 0.336163656 0.5225 0.0607140751
v 0.444118474 0.5225 0.0317876687
v 0.555881526 0.5225 0.0317876687
v 0.663836344 0.5225 0.0607140751
v 0.760625987 0.5225 0.116595601
v 0.839654399 0.5225 0.195624013
v 0.895535925 0.5225 0.292413656
v 0.924462331 0.5225 0.400368474
v 0.933757127 0.531875 0.513355209
v 0.904197295 0.531875 0.623674002
v 0.847092086 0.531875 0.722583125
v 0.766333125 0.531875 0.803342086
v 0.667424002 0.531875 0.860447295
v 0.557105209 0.531875 0.890007127
v 0.442894791 0.531875 0.890007127
v 0.332575998 0.531875 0.860447295
v 0.233666875 0.531875 0.803342086
v 0.152907914 0.531875 0.722583125
v 0.0958027045 0.531875 0.623674002
v 0.0662428731 0.531875 0.513355209
v 0.0662428731 0.531875 0.399144791
v 0.0958027045 0.531875 0.288825998
v 0.152907914 0.531875 0.189916875
v 0.233666875 0.531875 0.109157914
v 0.332575998 0.531875 0.0520527045
v 0.442894791 0.531875 0.0224928731
v 0.557105209 0.531875 0.0224928731
v 0.667424002 0.531875 0.0520527045
v 0.766333125 0.531875 0.109157914
v 0.847092086 0.531875 0.189916875
v 0.904197295 0.531875 0.288825998
v 0.933757127 0.531875 0.399144791
v 0.933757127 0.540625 0.513355209
v 0.904197295 0.540625 0.623674002
v 0.847092086 0.540625 0.722583125
v 0.766333125 0.540625 0.803342086
v 0.667424002 0.540625 0.860447295
v 0.557105209 0.540625 0.890007127
v 0.442894791 0.540625 0.890007127
v 0.332575998 0.540625 0.860447295
v 0.233666875 0.540625 0.803342086
v 0.152907914 0.540625 0.722583125
v 0.0958027045 0.540625 0.623674002
v 0.0662428731 0.540625 0.513355209
v 0.0662428731 0.540625 0.399144791
v 0.0958027045 0.540625 0.288825998
v 0.152907914 0.540625 0.189916875
v 0.233666875 0.540625 0.109157914
v 0.332575998 0.540625 0.0520527045
v 0.442894791 0.540625 0.0224928731
v 0.557105209 0.540625 0.0224928731
v 0.667424002 0.540625 0.0520527045
v 0.766333125 0.540625 0.109157914
v 0.847092086 0.540625 0.189916875
v 0.904197295 0.540625 0.288825998
v 0.933757127 0.540625 0.399144791
v 0.924462331 0.55 0.512131526
v 0.895535925 0.55 0.620086344
v 0.839654399 0.55 0.716875987
v 0.760625987 0.55 0.795904399
v 0.663836344 0.55 0.851785925
v 0.555881526 0.55 0.880712331
v 0.444118474 0.55 0.880712331
v 0.336163656 0.55 0.851785925
v 0.239374013 0.55 0.795904399
v 0.160345601 0.55 0.716875987
v 0.104464075 0.55 0.620086344
v 0.0755376687 0.55 0.512131526
v 0.0755376687 0.55 0.400368474
v 0.104464075 0.55 0.292413656
v 0.160345601 0.55 0.195624013
v 0.239374013 0.55 0.116595601
v 0.336163656 0.55 0.0607140751
v 0.444118474 0.55 0.0317876687
v 0.555881526 0.55 0.0317876687
v 0.663836344 0.55 0.0607140751
v 0.760625987 0.55 0.116595601
v 0.839654399 0.55 0.195624013
v 0.895535925 0.55 0.292413656
v 0.924462331 0.55 0.400368474
v 0.5 0.5225 0.45625
v 0.5 0.55 0.45625
v 0.923842678 0.5325 0.512049947
v 0.8949585 0.5325 0.619847167
v 0.839158553 0.5325 0.716495511
v 0.760245511 0.5325 0.795408553
v 0.663597167 0.5325 0.8512085
v 0.555799947 0.5325 0.880092678
v 0.444200053 0.5325 0.880092678
v 0.336402833 0.5325 0.8512085
v 0.239754489 0.5325 0.795408553
v 0.160841447 0.5325 0.716495511
v 0.1050415 0.5325 0.619847167
v 0.0761573218 0.5325 0.512049947
v 0.0761573218 0.5325 0.400450053
v 0.1050415 0.5325 0.292652833
v 0.160841447 0.5325 0.196004489
v 0.239754489 0.5325 0.117091447
v 0.336402833 0.5325 0.0612914999
v 0.444200053 0.5325 0.0324073218
v 0.555799947 0.5325 0.0324073218
v 0.663597167 0.5325 0.0612914999
v 0.760245511 0.5325 0.117091447
v 0.839158553 0.5325 0.196004489
v 0.8949585 0.5325 0.292652833
v 0.923842678 0.5325 0.400450053
v 0.923842678 0.55875 0.512049947
v 0.8949585 0.55875 0.619847167
v 0.839158553 0.55875 0.716495511
v 0.760245511 0.55875 0.795408553
v 0.663597167 0.55875 0.8512085
v 0.555799947 0.55875 0.880092678
v 0.444200053 0.55875 0.880092678
v 0.336402833 0.55875 0.8512085
v 0.239754489 0.55875 0.795408553
v 0.160841447 0.55875 0.716495511
v 0.1050415 0.55875 0.619847167
v 0.0761573218 0.55875 0.512049947
v 0.0761573218 0.55875 0.400450053
v 0.1050415 0.55875 0.292652833
v 0.160841447 0.55875 0.196004489
v 0.239754489 0.55875 0.117091447
v 0.336402833 0.55875 0.0612914999
v 0.444200053 0.55875 0.0324073218
v 0.555799947 0.55875 0.0324073218
v 0.663597167 0.55875 0.0612914999
v 0.760245511 0.55875 0.117091447
v 0.839158553 0.55875 0.196004489
v 0.8949585 0.55875 0.292652833
v 0.923842678 0.55875 0.400450053
v 0.850103967 0.55875 0.502342062
v 0.82624496 0.55875 0.591385087
v 0.780152898 0.55875 0.67121888
v 0.71496888 0.55875 0.736402898
v 0.635135087 0.55875 0.78249496
v 0.546092062 0.55875 0.806353967
v 0.453907938 0.55875 0.806353967
v 0.364864913 0.55875 0.78249496
v 0.28503112 0.55875 0.736402898
v 0.219847102 0.55875 0.67121888
v 0.17375504 0.55875 0.591385087
v 0.149896033 0.55875 0.502342062
v 0.149896033 0.55875 0.410157938
v 0.17375504 0.55875 0.321114913
v 0.219847102 0.55875 0.24128112
v 0.28503112 0.55875 0.176097102
v 0.364864913 0.55875 0.13000504
v 0.453907938 0.55875 0.106146033
v 0.546092062 0.55875 0.106146033
v 0.635135087 0.55875 0.13000504
v 0.71496888 0.55875 0.176097102
v 0.780152898 0.55875 0.24128112
v 0.82624496 0.55875 0.321114913
v 0.850103967 0.55875 0.410157938
v 0.850103967 0.5325 0.502342062
v 0.82624496 0.5325 0.591385087
v 0.780152898 0.5325 0.67121888
v 0.71496888 0.5325 0.736402898
v 0.635135087 0.5325 0.78249496
v 0.546092062 0.5325 0.806353967
v 0.453907938 0.5325 0.806353967
v 0.364864913 0.5325 0.78249496
v 0.28503112 0.5325 0.736402898
v 0.219847102 0.5325 0.67121888
v 0.17375504 0.5325 0.591385087
v 0.149896033 0.5325 0.502342062
v 0.149896033 0.5325 0.410157938
v 0.17375504 0.5325 0.321114913
v 0.219847102 0.5325 0.24128112
v 0.28503112 0.5325 0.176097102
v 0.364864913 0.5325 0.13000504
v 0.453907938 0.5325 0.106146033
v 0.546092062 0.5325 0.106146033
v 0.635135087 0.5325 0.13000504
v 0.71496888 0.5325 0.176097102
v 0.780152898 0.5325 0.24128112
v 0.82624496 0.5325 0.321114913
v 0.850103967 0.5325 0.410157938
v 0.902154822 0.55875 0.509194687
v 0.874748635 0.55875 0.611475967
v 0.821803949 0.55875 0.703178855
v 0.746928855 0.55875 0.778053949
v 0.655225967 0.55875 0.830998635
v 0.552944687 0.55875 0.858404822
v 0.447055313 0.55875 0.858404822
v 0.344774033 0.55875 0.830998635
v 0.253071145 0.55875 0.778053949
v 0.178196051 0.55875 0.703178855
v 0.125251365 0.55875 0.611475967
v 0.0978451781 0.55875 0.509194687
v 0.0978451781 0.55875 0.403305313
v 0.125251365 0.55875 0.301024033
v 0.178196051 0.55875 0.209321145
v 0.253071145 0.55875 0.134446051
v 0.344774033 0.55875 0.0815013646
v 0.447055313 0.55875 0.0540951781
v 0.552944687 0.55875 0.0540951781
v 0.655225967 0.55875 0.0815013646
v 0.746928855 0.55875 0.134446051
v 0.821803949 0.55875 0.209321145
v 0.874748635 0.55875 0.301024033
v 0.902154822 0.55875 0.403305313
v 0.902154822 0.561875 0.509194687
v 0.874748635 0.561875 0.611475967
v 0.821803949 0.561875 0.703178855
v 0.746928855 0.561875 0.778053949
v 0.655225967 0.561875 0.830998635
v 0.552944687 0.561875 0.858404822
v 0.447055313 0.561875 0.858404822
v 0.344774033 0.561875 0.830998635
v 0.253071145 0.561875 0.778053949
v 0.178196051 0.561875 0.703178855
v 0.125251365 0.561875 0.611475967
v 0.0978451781 0.561875 0.509194687
v 0.0978451781 0.561875 0.403305313
v 0.125251365 0.561875 0.301024033
v 0.178196051 0.561875 0.209321145
v 0.253071145 0.561875 0.134446051
v 0.344774033 0.561875 0.0815013646
v 0.447055313 0.561875 0.0540951781
v 0.552944687 0.561875 0.0540951781
v 0.655225967 0.561875 0.0815013646
v 0.746928855 0.561875 0.134446051
v 0.821803949 0.561875 0.209321145
v 0.874748635 0.561875 0.301024033
v 0.902154822 0.561875 0.403305313
v 0.881706272 0.561875 0.506502584
v 0.85569362 0.561875 0.603583121
v 0.805441036 0.561875 0.69062315
v 0.73437315 0.561875 0.761691036
v 0.647333121 0.561875 0.81194362
v 0.550252584 0.561875 0.837956272
v 0.449747416 0.561875 0.837956272
v 0.352666879 0.561875 0.81194362
v 0.26562685 0.561875 0.761691036
v 0.194558964 0.561875 0.69062315
v 0.14430638 0.561875 0.603583121
v 0.118293728 0.561875 0.506502584
v 0.118293728 0.561875 0.405997416
v 0.14430638 0.561875 0.308916879
v 0.194558964 0.561875 0.22187685
v 0.26562685 0.561875 0.150808964
v 0.352666879 0.561875 0.10055638
v 0.449747416 0.561875 0.0745437284
v 0.550252584 0.561875 0.0745437284
v 0.647333121 0.561875 0.10055638
v 0.73437315 0.561875 0.150808964
v 0.805441036 0.561875 0.22187685
v 0.85569362 0.561875 0.308916879
v 0.881706272 0.561875 0.405997416
v 0.881706272 0.55875 0.506502584
v 0.85569362 0.55875 0.603583121
v 0.805441036 0.55875 0.69062315
v 0.73437315 0.55875 0.761691036
v 0.647333121 0.55875 0.81194362
v 0.550252584 0.55875 0.837956272
v 0.449747416 0.55875 0.837956272
v 0.352666879 0.55875 0.81194362
v 0.26562685 0.55875 0.761691036
v 0.194558964 0.55875 0.69062315
v 0.14430638 0.55875 0.603583121
v 0.118293728 0.55875 0.506502584
v 0.118293728 0.55875 0.405997416
v 0.14430638 0.55875 0.308916879
v 0.194558964 0.55875 0.22187685
v 0.26562685 0.55875 0.150808964
v 0.352666879 0.55875 0.10055638
v 0.449747416 0.55875 0.0745437284
v 0.550252584 0.55875 0.0745437284
v 0.647333121 0.55875 0.10055638
v 0.73437315 0.55875 0.150808964
v 0.805441036 0.55875 0.22187685
v 0.85569362 0.55875 0.308916879
v 0.881706272 0.55875 0.405997416
v 0.853202232 0.534375 0.502749956
v 0.829132083 0.534375 0.592580973
v 0.782632127 0.534375 0.673121259
v 0.716871259 0.534375 0.738882127
v 0.636330973 0.534375 0.785382083
v 0.546499956 0.534375 0.809452232
v 0.453500044 0.534375 0.809452232
v 0.363669027 0.534375 0.785382083
v 0.283128741 0.534375 0.738882127
v 0.217367873 0.534375 0.673121259
v 0.170867917 0.534375 0.592580973
v 0.146797768 0.534375 0.502749956
v 0.146797768 0.534375 0.409750044
v 0.170867917 0.534375 0.319919027
v 0.217367873 0.534375 0.239378741
v 0.283128741 0.534375 0.173617873
v 0.363669027 0.534375 0.127117917
v 0.453500044 0.534375 0.103047768
v 0.546499956 0.534375 0.103047768
v 0.636330973 0.534375 0.127117917
v 0.716871259 0.534375 0.173617873
v 0.782632127 0.534375 0.239378741
v 0.829132083 0.534375 0.319919027
v 0.853202232 0.534375 0.409750044
v 0.862497027 0.54375 0.503973639
v 0.837793454 0.54375 0.59616863
v 0.790069815 0.54375 0.678828397
v 0.722578397 0.54375 0.746319815
v 0.63991863 0.54375 0.794043454
v 0.547723639 0.54375 0.818747027
v 0.452276361 0.54375 0.818747027
v 0.36008137 0.54375 0.794043454
v 0.277421603 0.54375 0.746319815
v 0.209930185 0.54375 0.678828397
v 0.162206546 0.54375 0.59616863
v 0.137502973 0.54375 0.503973639
v 0.137502973 0.54375 0.408526361
v 0.162206546 0.54375 0.31633137
v 0.209930185 0.54375 0.233671603
v 0.277421603 0.54375 0.166180185
v 0.36008137 0.54375 0.118456546
v 0.452276361 0.54375 0.0937529726
v 0.547723639 0.54375 0.0937529726
v 0.63991863 0.54375 0.118456546
v 0.722578397 0.54375 0.166180185
v 0.790069815 0.54375 0.233671603
v 0.837793454 0.54375 0.31633137
v 0.862497027 0.54375 0.408526361
v 0.862497027 0.553125 0.503973639
v 0.837793454 0.553125 0.59616863
v 0.790069815 0.553125 0.678828397
v 0.722578397 0.553125 0.746319815
v 0.63991863 0.553125 0.794043454
v 0.547723639 0.553125 0.818747027
v 0.452276361 0.553125 0.818747027
v 0.36008137 0.553125 0.794043454
v 0.277421603 0.553125 0.746319815
v 0.209930185 0.553125 0.678828397
v 0.162206546 0.553125 0.59616863
v 0.137502973 0.553125 0.503973639
v 0.137502973 0.553125 0.408526361
v 0.162206546 0.553125 0.31633137
v 0.209930185 0.553125 0.233671603
v 0.277421603 0.553125 0.166180185
v 0.36008137 0.553125 0.118456546
v 0.452276361 0.553125 0.0937529726
v 0.547723639 0.553125 0.0937529726
v 0.63991863 0.553125 0.118456546
v 0.722578397 0.553125 0.166180185
v 0.790069815 0.553125 0.233671603
v 0.837793454 0.553125 0.31633137
v 0.862497027 0.553125 0.408526361
v 0.853202232 0.5625 0.502749956
v 0.829132083 0.5625 0.592580973
v 0.782632127 0.5625 0.673121259
v 0.716871259 0.5625 0.738882127
v 0.636330973 0.5625 0.785382083
v 0.546499956 0.5625 0.809452232
v 0.453500044 0.5625 0.809452232
v 0.363669027 0.5625 0.785382083
v 0.283128741 0.5625 0.738882127
v 0.217367873 0.5625 0.673121259
v 0.170867917 0.5625 0.592580973
v 0.146797768 0.5625 0.502749956
v 0.146797768 0.5625 0.409750044
v 0.170867917 0.5625 0.319919027
v 0.217367873 0.5625 0.239378741
v 0.283128741 0.5625 0.173617873
v 0.363669027 0.5625 0.127117917
v 0.453500044 0.5625 0.103047768
v 0.546499956 0.5625 0.103047768
v 0.636330973 0.5625 0.127117917
v 0.716871259 0.5625 0.173617873
v 0.782632127 0.5625 0.239378741
v 0.829132083 0.5625 0.319919027
v 0.853202232 0.5625 0.409750044
v 0.5 0.534375 0.45625
v 0.5 0.5625 0.45625
v 0.1984375 0.1875 0.014375
v 0.8015625 0.1875 0.014375
v 0.8025 0.1875 0.0153125
v 0.8025 0.1875 0.0196875
v 0.8015625 0.1875 0.020625
v 0.1984375 0.1875 0.020625
v 0.1975 0.1875 0.0196875
v 0.1975 0.1875 0.0153125
v 0.1984375 0.188125 0.01375
v 0.8015625 0.188125 0.01375
v 0.803125 0.188125 0.0153125
v 0.803125 0.188125 0.0196875
v 0.8015625 0.188125 0.02125
v 0.1984375 0.188125 0.02125
v 0.196875 0.188125 0.0196875
v 0.196875 0.188125 0.0153125
v 0.1984375 0.349375 0.01375
v 0.8015625 0.349375 0.01375
v 0.803125 0.349375 0.0153125
v 0.803125 0.349375 0.0196875
v 0.8015625 0.349375 0.02125
v 0.1984375 0.349375 0.02125
v 0.196875 0.349375 0.0196875
v 0.196875 0.349375 0.0153125
v 0.1984375 0.35 0.014375
v 0.8015625 0.35 0.014375
v 0.8025 0.35 0.0153125
v 0.8025 0.35 0.0196875
v 0.8015625 0.35 0.020625
v 0.1984375 0.35 0.020625
v 0.1975 0.35 0.0196875
v 0.1975 0.35 0.0153125
v 0.5 0.1875 0.0175
v 0.5 0.35 0.0175
v 0.1475 0.0625 0.0140625
v 0.8525 0.0625 0.0140625
v 0.8546875 0.0625 0.01625
v 0.8546875 0.0625 0.02125
v 0.8525 0.0625 0.0234375
v 0.1475 0.0625 0.0234375
v 0.1453125 0.0625 0.02125
v 0.1453125 0.0625 0.01625
v 0.1475 0.0640625 0.0125
v 0.8525 0.0640625 0.0125
v 0.85625 0.0640625 0.01625
v 0.85625 0.0640625 0.02125
v 0.8525 0.0640625 0.025
v 0.1475 0.0640625 0.025
v 0.14375 0.0640625 0.02125
v 0.14375 0.0640625 0.01625
v 0.1475 0.0984375 0.0125
v 0.8525 0.0984375 0.0125
v 0.85625 0.0984375 0.01625
v 0.85625 0.0984375 0.02125
v 0.8525 0.0984375 0.025
v 0.1475 0.0984375 0.025
v 0.14375 0.0984375 0.02125
v 0.14375 0.0984375 0.01625
v 0.1475 0.1 0.0140625
v 0.8525 0.1 0.0140625
v 0.8546875 0.1 0.01625
v 0.8546875 0.1 0.02125
v 0.8525 0.1 0.0234375
v 0.1475 0.1 0.0234375
v 0.1453125 0.1 0.02125
v 0.1453125 0.1 0.01625
v 0.5 0.0625 0.01875
v 0.5 0.1 0.01875
v 0.9125 0.556875 0.448125
v 0.925 0.556875 0.448125
v 0.926875 0.556875 0.45
v 0.926875 0.556875 0.4625
v 0.925 0.556875 0.464375
v 0.9125 0.556875 0.464375
v 0.910625 0.556875 0.4625
v 0.910625 0.556875 0.45
v 0.9125 0.5575 0.4475
v 0.925 0.5575 0.4475
v 0.9275 0.5575 0.45
v 0.9275 0.5575 0.4625
v 0.925 0.5575 0.465
v 0.9125 0.5575 0.465
v 0.91 0.5575 0.4625
v 0.91 0.5575 0.45
v 0.9125 0.559375 0.4475
v 0.925 0.559375 0.4475
v 0.9275 0.559375 0.45
v 0.9275 0.559375 0.4625
v 0.925 0.559375 0.465
v 0.9125 0.559375 0.465
v 0.91 0.559375 0.4625
v 0.91 0.559375 0.45
v 0.9125 0.56 0.448125
v 0.925 0.56 0.448125
v 0.926875 0.56 0.45
v 0.926875 0.56 0.4625
v 0.925 0.56 0.464375
v 0.9125 0.56 0.464375
v 0.910625 0.56 0.4625
v 0.910625 0.56 0.45
v 0.91875 0.556875 0.45625
v 0.91875 0.56 0.45625
v 0.856398138 0.556875 0.6575
v 0.868898138 0.556875 0.6575
v 0.870773138 0.556875 0.659375
v 0.870773138 0.556875 0.671875
v 0.868898138 0.556875 0.67375
v 0.856398138 0.556875 0.67375
v 0.854523138 0.556875 0.671875
v 0.854523138 0.556875 0.659375
v 0.856398138 0.5575 0.656875
v 0.868898138 0.5575 0.656875
v 0.871398138 0.5575 0.659375
v 0.871398138 0.5575 0.671875
v 0.868898138 0.5575 0.674375
v 0.856398138 0.5575 0.674375
v 0.853898138 0.5575 0.671875
v 0.853898138 0.5575 0.659375
v 0.856398138 0.559375 0.656875
v 0.868898138 0.559375 0.656875
v 0.871398138 0.559375 0.659375
v 0.871398138 0.559375 0.671875
v 0.868898138 0.559375 0.674375
v 0.856398138 0.559375 0.674375
v 0.853898138 0.559375 0.671875
v 0.853898138 0.559375 0.659375
v 0.856398138 0.56 0.6575
v 0.868898138 0.56 0.6575
v 0.870773138 0.56 0.659375
v 0.870773138 0.56 0.671875
v 0.868898138 0.56 0.67375
v 0.856398138 0.56 0.67375
v 0.854523138 0.56 0.671875
v 0.854523138 0.56 0.659375
v 0.862648138 0.556875 0.665625
v 0.862648138 0.56 0.665625
v 0.703125 0.556875 0.810773138
v 0.715625 0.556875 0.810773138
v 0.7175 0.556875 0.812648138
v 0.7175 0.556875 0.825148138
v 0.715625 0.556875 0.827023138
v 0.703125 0.556875 0.827023138
v 0.70125 0.556875 0.825148138
v 0.70125 0.556875 0.812648138
v 0.703125 0.5575 0.810148138
v 0.715625 0.5575 0.810148138
v 0.718125 0.5575 0.812648138
v 0.718125 0.5575 0.825148138
v 0.715625 0.5575 0.827648138
v 0.703125 0.5575 0.827648138
v 0.700625 0.5575 0.825148138
v 0.700625 0.5575 0.812648138
v 0.703125 0.559375 0.810148138
v 0.715625 0.559375 0.810148138
v 0.718125 0.559375 0.812648138
v 0.718125 0.559375 0.825148138
v 0.715625 0.559375 0.827648138
v 0.703125 0.559375 0.827648138
v 0.700625 0.559375 0.825148138
v 0.700625 0.559375 0.812648138
v 0.703125 0.56 0.810773138
v 0.715625 0.56 0.810773138
v 0.7175 0.56 0.812648138
v 0.7175 0.56 0.825148138
v 0.715625 0.56 0.827023138
v 0.703125 0.56 0.827023138
v 0.70125 0.56 0.825148138
v 0.70125 0.56 0.812648138
v 0.709375 0.556875 0.818898138
v 0.709375 0.56 0.818898138
v 0.49375 0.556875 0.866875
v 0.50625 0.556875 0.866875
v 0.508125 0.556875 0.86875
v 0.508125 0.556875 0.88125
v 0.50625 0.556875 0.883125
v 0.49375 0.556875 0.883125
v 0.491875 0.556875 0.88125
v 0.491875 0.556875 0.86875
v 0.49375 0.5575 0.86625
v 0.50625 0.5575 0.86625
v 0.50875 0.5575 0.86875
v 0.50875 0.5575 0.88125
v 0.50625 0.5575 0.88375
v 0.49375 0.5575 0.88375
v 0.49125 0.5575 0.88125
v 0.49125 0.5575 0.86875
v 0.49375 0.559375 0.86625
v 0.50625 0.559375 0.86625
v 0.50875 0.559375 0.86875
v 0.50875 0.559375 0.88125
v 0.50625 0.559375 0.88375
v 0.49375 0.559375 0.88375
v 0.49125 0.559375 0.88125
v 0.49125 0.559375 0.86875
v 0.49375 0.56 0.866875
v 0.50625 0.56 0.866875
v 0.508125 0.56 0.86875
v 0.508125 0.56 0.88125
v 0.50625 0.56 0.883125
v 0.49375 0.56 0.883125
v 0.491875 0.56 0.88125
v 0.491875 0.56 0.86875
v 0.5 0.556875 0.875
v 0.5 0.56 0.875
v 0.284375 0.556875 0.810773138
v 0.296875 0.556875 0.810773138
v 0.29875 0.556875 0.812648138
v 0.29875 0.556875 0.825148138
v 0.296875 0.556875 0.827023138
v 0.284375 0.556875 0.827023138
v 0.2825 0.556875 0.825148138
v 0.2825 0.556875 0.812648138
v 0.284375 0.5575 0.810148138
v 0.296875 0.5575 0.810148138
v 0.299375 0.5575 0.812648138
v 0.299375 0.5575 0.825148138
v 0.296875 0.5575 0.827648138
v 0.284375 0.5575 0.827648138
v 0.281875 0.5575 0.825148138
v 0.281875 0.5575 0.812648138
v 0.284375 0.559375 0.810148138
v 0.296875 0.559375 0.810148138
v 0.299375 0.559375 0.812648138
v 0.299375 0.559375 0.825148138
v 0.296875 0.559375 0.827648138
v 0.284375 0.559375 0.827648138
v 0.281875 0.559375 0.825148138
v 0.281875 0.559375 0.812648138
v 0.284375 0.56 0.810773138
v 0.296875 0.56 0.810773138
v 0.29875 0.56 0.812648138
v 0.29875 0.56 0.825148138
v 0.296875 0.56 0.827023138
v 0.284375 0.56 0.827023138
v 0.2825 0.56 0.825148138
v 0.2825 0.56 0.812648138
v 0.290625 0.556875 0.818898138
v 0.290625 0.56 0.818898138
v 0.131101862 0.556875 0.6575
v 0.143601862 0.556875 0.6575
v 0.145476862 0.556875 0.659375
v 0.145476862 0.556875 0.671875
v 0.143601862 0.556875 0.67375
v 0.131101862 0.556875 0.67375
v 0.129226862 0.556875 0.671875
v 0.129226862 0.556875 0.659375
v 0.131101862 0.5575 0.656875
v 0.143601862 0.5575 0.656875
v 0.146101862 0.5575 0.659375
v 0.146101862 0.5575 0.671875
v 0.143601862 0.5575 0.674375
v 0.131101862 0.5575 0.674375
v 0.128601862 0.5575 0.671875
v 0.128601862 0.5575 0.659375
v 0.131101862 0.559375 0.656875
v 0.143601862 0.559375 0.656875
v 0.146101862 0.559375 0.659375
v 0.146101862 0.559375 0.671875
v 0.143601862 0.559375 0.674375
v 0.131101862 0.559375 0.674375
v 0.128601862 0.559375 0.671875
v 0.128601862 0.559375 0.659375
v 0.131101862 0.56 0.6575
v 0.143601862 0.56 0.6575
v 0.145476862 0.56 0.659375
v 0.145476862 0.56 0.671875
v 0.143601862 0.56 0.67375
v 0.131101862 0.56 0.67375
v 0.129226862 0.56 0.671875
v 0.129226862 0.56 0.659375
v 0.137351862 0.556875 0.665625
v 0.137351862 0.56 0.665625
v 0.075 0.556875 0.448125
v 0.0875 0.556875 0.448125
v 0.089375 0.556875 0.45
v 0.089375 0.556875 0.4625
v 0.0875 0.556875 0.464375
v 0.075 0.556875 0.464375
v 0.073125 0.556875 0.4625
v 0.073125 0.556875 0.45
v 0.075 0.5575 0.4475
v 0.0875 0.5575 0.4475
v 0.09 0.5575 0.45
v 0.09 0.5575 0.4625
v 0.0875 0.5575 0.465
v 0.075 0.5575 0.465
v 0.0725 0.5575 0.4625
v 0.0725 0.5575 0.45
v 0.075 0.559375 0.4475
v 0.0875 0.559375 0.4475
v 0.09 0.559375 0.45
v 0.09 0.559375 0.4625
v 0.0875 0.559375 0.465
v 0.075 0.559375 0.465
v 0.0725 0.559375 0.4625
v 0.0725 0.559375 0.45
v 0.075 0.56 0.448125
v 0.0875 0.56 0.448125
v 0.089375 0.56 0.45
v 0.089375 0.56 0.4625
v 0.0875 0.56 0.464375
v 0.075 0.56 0.464375
v 0.073125 0.56 0.4625
v 0.073125 0.56 0.45
v 0.08125 0.556875 0.45625
v 0.08125 0.56 0.45625
v 0.131101862 0.556875 0.23875
v 0.143601862 0.556875 0.23875
v 0.145476862 0.556875 0.240625
v 0.145476862 0.556875 0.253125
v 0.143601862 0.556875 0.255
v 0.131101862 0.556875 0.255
v 0.129226862 0.556875 0.253125
v 0.129226862 0.556875 0.240625
v 0.131101862 0.5575 0.238125
v 0.143601862 0.5575 0.238125
v 0.146101862 0.5575 0.240625
v 0.146101862 0.5575 0.253125
v 0.143601862 0.5575 0.255625
v 0.131101862 0.5575 0.255625
v 0.128601862 0.5575 0.253125
v 0.128601862 0.5575 0.240625
v 0.131101862 0.559375 0.238125
v 0.143601862 0.559375 0.238125
v 0.146101862 0.559375 0.240625
v 0.146101862 0.559375 0.253125
v 0.143601862 0.559375 0.255625
v 0.131101862 0.559375 0.255625
v 0.128601862 0.559375 0.253125
v 0.128601862 0.559375 0.240625
v 0.131101862 0.56 0.23875
v 0.143601862 0.56 0.23875
v 0.145476862 0.56 0.240625
v 0.145476862 0.56 0.253125
v 0.143601862 0.56 0.255
v 0.131101862 0.56 0.255
v 0.129226862 0.56 0.253125
v 0.129226862 0.56 0.240625
v 0.137351862 0.556875 0.246875
v 0.137351862 0.56 0.246875
v 0.284375 0.556875 0.0854768622
v 0.296875 0.556875 0.0854768622
v 0.29875 0.556875 0.0873518622
v 0.29875 0.556875 0.0998518622
v 0.296875 0.556875 0.101726862
v 0.284375 0.556875 0.101726862
v 0.2825 0.556875 0.0998518622
v 0.2825 0.556875 0.0873518622
v 0.284375 0.5575 0.0848518622
v 0.296875 0.5575 0.0848518622
v 0.299375 0.5575 0.0873518622
v 0.299375 0.5575 0.0998518622
v 0.296875 0.5575 0.102351862
v 0.284375 0.5575 0.102351862
v 0.281875 0.5575 0.0998518622
v 0.281875 0.5575 0.0873518622
v 0.284375 0.559375 0.0848518622
v 0.296875 0.559375 0.0848518622
v 0.299375 0.559375 0.0873518622
v 0.299375 0.559375 0.0998518622
v 0.296875 0.559375 0.102351862
v 0.284375 0.559375 0.102351862
v 0.281875 0.559375 0.0998518622
v 0.281875 0.559375 0.0873518622
v 0.284375 0.56 0.0854768622
v 0.296875 0.56 0.0854768622
v 0.29875 0.56 0.0873518622
v 0.29875 0.56 0.0998518622
v 0.296875 0.56 0.101726862
v 0.284375 0.56 0.101726862
v 0.2825 0.56 0.0998518622
v 0.2825 0.56 0.0873518622
v 0.290625 0.556875 0.0936018622
v 0.290625 0.56 0.0936018622
v 0.49375 0.556875 0.029375
v 0.50625 0.556875 0.029375
v 0.508125 0.556875 0.03125
v 0.508125 0.556875 0.04375
v 0.50625 0.556875 0.045625
v 0.49375 0.556875 0.045625
v 0.491875 0.556875 0.04375
v 0.491875 0.556875 0.03125
v 0.49375 0.5575 0.02875
v 0.50625 0.5575 0.02875
v 0.50875 0.5575 0.03125
v 0.50875 0.5575 0.04375
v 0.50625 0.5575 0.04625
v 0.49375 0.5575 0.04625
v 0.49125 0.5575 0.04375
v 0.49125 0.5575 0.03125
v 0.49375 0.559375 0.02875
v 0.50625 0.559375 0.02875
v 0.50875 0.559375 0.03125
v 0.50875 0.559375 0.04375
v 0.50625 0.559375 0.04625
v 0.49375 0.559375 0.04625
v 0.49125 0.559375 0.04375
v 0.49125 0.559375 0.03125
v 0.49375 0.56 0.029375
v 0.50625 0.56 0.029375
v 0.508125 0.56 0.03125
v 0.508125 0.56 0.04375
v 0.50625 0.56 0.045625
v 0.49375 0.56 0.045625
v 0.491875 0.56 0.04375
v 0.491875 0.56 0.03125
v 0.5 0.556875 0.0375
v 0.5 0.56 0.0375
v 0.703125 0.556875 0.0854768622
v 0.715625 0.556875 0.0854768622
v 0.7175 0.556875 0.0873518622
v 0.7175 0.556875 0.0998518622
v 0.715625 0.556875 0.101726862
v 0.703125 0.556875 0.101726862
v 0.70125 0.556875 0.0998518622
v 0.70125 0.556875 0.0873518622
v 0.703125 0.5575 0.0848518622
v 0.715625 0.5575 0.0848518622
v 0.718125 0.5575 0.0873518622
v 0.718125 0.5575 0.0998518622
v 0.715625 0.5575 0.102351862
v 0.703125 0.5575 0.102351862
v 0.700625 0.5575 0.0998518622
v 0.700625 0.5575 0.0873518622
v 0.703125 0.559375 0.0848518622
v 0.715625 0.559375 0.0848518622
v 0.718125 0.559375 0.0873518622
v 0.718125 0.559375 0.0998518622
v 0.715625 0.559375 0.102351862
v 0.703125 0.559375 0.102351862
v 0.700625 0.559375 0.0998518622
v 0.700625 0.559375 0.0873518622
v 0.703125 0.56 0.0854768622
v 0.715625 0.56 0.0854768622
v 0.7175 0.56 0.0873518622
v 0.7175 0.56 0.0998518622
v 0.715625 0.56 0.101726862
v 0.703125 0.56 0.101726862
v 0.70125 0.56 0.0998518622
v 0.70125 0.56 0.0873518622
v 0.709375 0.556875 0.0936018622
v 0.709375 0.56 0.0936018622
v 0.856398138 0.556875 0.23875
v 0.868898138 0.556875 0.23875
v 0.870773138 0.556875 0.240625
v 0.870773138 0.556875 0.253125
v 0.868898138 0.556875 0.255
v 0.856398138 0.556875 0.255
v 0.854523138 0.556875 0.253125
v 0.854523138 0.556875 0.240625
v 0.856398138 0.5575 0.238125
v 0.868898138 0.5575 0.238125
v 0.871398138 0.5575 0.240625
v 0.871398138 0.5575 0.253125
v 0.868898138 0.5575 0.255625
v 0.856398138 0.5575 0.255625
v 0.853898138 0.5575 0.253125
v 0.853898138 0.5575 0.240625
v 0.856398138 0.559375 0.238125
v 0.868898138 0.559375 0.238125
v 0.871398138 0.559375 0.240625
v 0.871398138 0.559375 0.253125
v 0.868898138 0.559375 0.255625
v 0.856398138 0.559375 0.255625
v 0.853898138 0.559375 0.253125
v 0.853898138 0.559375 0.240625
v 0.856398138 0.56 0.23875
v 0.868898138 0.56 0.23875
v 0.870773138 0.56 0.240625
v 0.870773138 0.56 0.253125
v 0.868898138 0.56 0.255
v 0.856398138 0.56 0.255
v 0.854523138 0.56 0.253125
v 0.854523138 0.56 0.240625
v 0.862648138 0.556875 0.246875
v 0.862648138 0.56 0.246875
v 0.098125 0.48125 0.840625
v 0.901875 0.48125 0.840625
v 0.921875 0.48125 0.860625
v 0.921875 0.48125 0.970625
v 0.901875 0.48125 0.990625
v 0.098125 0.48125 0.990625
v 0.078125 0.48125 0.970625
v 0.078125 0.48125 0.860625
v 0.098125 0.48125 0.840625
v 0.901875 0.48125 0.840625
v 0.921875 0.48125 0.860625
v 0.921875 0.48125 0.970625
v 0.901875 0.48125 0.990625
v 0.098125 0.48125 0.990625
v 0.078125 0.48125 0.970625
v 0.078125 0.48125 0.860625
v 0.098125 1 0.840625
v 0.901875 1 0.840625
v 0.921875 1 0.860625
v 0.921875 1 0.970625
v 0.901875 1 0.990625
v 0.098125 1 0.990625
v 0.078125 1 0.970625
v 0.078125 1 0.860625
v 0.098125 1 0.840625
v 0.901875 1 0.840625
v 0.921875 1 0.860625
v 0.921875 1 0.970625
v 0.901875 1 0.990625
v 0.098125 1 0.990625
v 0.078125 1 0.970625
v 0.078125 1 0.860625
v 0.5 0.48125 0.915625
v 0.5 1 0.915625
v 0.196875 0.48375 0.82625
v 0.803125 0.48375 0.82625
v 0.809375 0.48375 0.8325
v 0.809375 0.48375 0.83625
v 0.803125 0.48375 0.8425
v 0.196875 0.48375 0.8425
v 0.190625 0.48375 0.83625
v 0.190625 0.48375 0.8325
v 0.196875 0.48375 0.82625
v 0.803125 0.48375 0.82625
v 0.809375 0.48375 0.8325
v 0.809375 0.48375 0.83625
v 0.803125 0.48375 0.8425
v 0.196875 0.48375 0.8425
v 0.190625 0.48375 0.83625
v 0.190625 0.48375 0.8325
v 0.196875 1 0.82625
v 0.803125 1 0.82625
v 0.809375 1 0.8325
v 0.809375 1 0.83625
v 0.803125 1 0.8425
v 0.196875 1 0.8425
v 0.190625 1 0.83625
v 0.190625 1 0.8325
v 0.196875 1 0.82625
v 0.803125 1 0.82625
v 0.809375 1 0.8325
v 0.809375 1 0.83625
v 0.803125 1 0.8425
v 0.196875 1 0.8425
v 0.190625 1 0.83625
v 0.190625 1 0.8325
v 0.5 0.48375 0.834375
v 0.5 1 0.834375
v 0.13375 0.48375 0.820625
v 0.15375 0.48375 0.820625
v 0.159375 0.48375 0.82625
v 0.159375 0.48375 0.8375
v 0.15375 0.48375 0.843125
v 0.13375 0.48375 0.843125
v 0.128125 0.48375 0.8375
v 0.128125 0.48375 0.82625
v 0.13375 0.48375 0.820625
v 0.15375 0.48375 0.820625
v 0.159375 0.48375 0.82625
v 0.159375 0.48375 0.8375
v 0.15375 0.48375 0.843125
v 0.13375 0.48375 0.843125
v 0.128125 0.48375 0.8375
v 0.128125 0.48375 0.82625
v 0.13375 1 0.820625
v 0.15375 1 0.820625
v 0.159375 1 0.82625
v 0.159375 1 0.8375
v 0.15375 1 0.843125
v 0.13375 1 0.843125
v 0.128125 1 0.8375
v 0.128125 1 0.82625
v 0.13375 1 0.820625
v 0.15375 1 0.820625
v 0.159375 1 0.82625
v 0.159375 1 0.8375
v 0.15375 1 0.843125
v 0.13375 1 0.843125
v 0.128125 1 0.8375
v 0.128125 1 0.82625
v 0.14375 0.48375 0.831875
v 0.14375 1 0.831875
v 0.14 0.48375 0.81875
v 0.1475 0.48375 0.81875
v 0.1496875 0.48375 0.8209375
v 0.1496875 0.48375 0.8240625
v 0.1475 0.48375 0.82625
v 0.14 0.48375 0.82625
v 0.1378125 0.48375 0.8240625
v 0.1378125 0.48375 0.8209375
v 0.14 0.48375 0.81875
v 0.1475 0.48375 0.81875
v 0.1496875 0.48375 0.8209375
v 0.1496875 0.48375 0.8240625
v 0.1475 0.48375 0.82625
v 0.14 0.48375 0.82625
v 0.1378125 0.48375 0.8240625
v 0.1378125 0.48375 0.8209375
v 0.14 1 0.81875
v 0.1475 1 0.81875
v 0.1496875 1 0.8209375
v 0.1496875 1 0.8240625
v 0.1475 1 0.82625
v 0.14 1 0.82625
v 0.1378125 1 0.8240625
v 0.1378125 1 0.8209375
v 0.14 1 0.81875
v 0.1475 1 0.81875
v 0.1496875 1 0.8209375
v 0.1496875 1 0.8240625
v 0.1475 1 0.82625
v 0.14 1 0.82625
v 0.1378125 1 0.8240625
v 0.1378125 1 0.8209375
v 0.14375 0.48375 0.8225
v 0.14375 1 0.8225
v 0.824375 0.48375 0.820625
v 0.844375 0.48375 0.820625
v 0.85 0.48375 0.82625
v 0.85 0.48375 0.8375
v 0.844375 0.48375 0.843125
v 0.824375 0.48375 0.843125
v 0.81875 0.48375 0.8375
v 0.81875 0.48375 0.82625
v 0.824375 0.48375 0.820625
v 0.844375 0.48375 0.820625
v 0.85 0.48375 0.82625
v 0.85 0.48375 0.8375
v 0.844375 0.48375 0.843125
v 0.824375 0.48375 0.843125
v 0.81875 0.48375 0.8375
v 0.81875 0.48375 0.82625
v 0.824375 1 0.820625
v 0.844375 1 0.820625
v 0.85 1 0.82625
v 0.85 1 0.8375
v 0.844375 1 0.843125
v 0.824375 1 0.843125
v 0.81875 1 0.8375
v 0.81875 1 0.82625
v 0.824375 1 0.820625
v 0.844375 1 0.820625
v 0.85 1 0.82625
v 0.85 1 0.8375
v 0.844375 1 0.843125
v 0.824375 1 0.843125
v 0.81875 1 0.8375
v 0.81875 1 0.82625
v 0.834375 0.48375 0.831875
v 0.834375 1 0.831875
v 0.830625 0.48375 0.81875
v 0.838125 0.48375 0.81875
v 0.8403125 0.48375 0.8209375
v 0.8403125 0.48375 0.8240625
v 0.838125 0.48375 0.82625
v 0.830625 0.48375 0.82625
v 0.8284375 0.48375 0.8240625
v 0.8284375 0.48375 0.8209375
v 0.830625 0.48375 0.81875
v 0.838125 0.48375 0.81875
v 0.8403125 0.48375 0.8209375
v 0.8403125 0.48375 0.8240625
v 0.838125 0.48375 0.82625
v 0.830625 0.48375 0.82625
v 0.8284375 0.48375 0.8240625
v 0.8284375 0.48375 0.8209375
v 0.830625 1 0.81875
v 0.838125 1 0.81875
v 0.8403125 1 0.8209375
v 0.8403125 1 0.8240625
v 0.838125 1 0.82625
v 0.830625 1 0.82625
v 0.8284375 1 0.8240625
v 0.8284375 1 0.8209375
v 0.830625 1 0.81875
v 0.838125 1 0.81875
v 0.8403125 1 0.8209375
v 0.8403125 1 0.8240625
v 0.838125 1 0.82625
v 0.830625 1 0.82625
v 0.8284375 1 0.8240625
v 0.8284375 1 0.8209375
v 0.834375 0.48375 0.8225
v 0.834375 1 0.8225
v 0.101875 0.4575 0.726875
v 0.23875 0.4575 0.726875
v 0.2575 0.4575 0.745625
v 0.2575 0.4575 0.9525
v 0.23875 0.4575 0.97125
v 0.101875 0.4575 0.97125
v 0.083125 0.4575 0.9525
v 0.083125 0.4575 0.745625
v 0.091875 0.47125 0.709375
v 0.24875 0.47125 0.709375
v 0.275 0.47125 0.735625
v 0.275 0.47125 0.9625
v 0.24875 0.47125 0.98875
v 0.091875 0.47125 0.98875
v 0.065625 0.47125 0.9625
v 0.065625 0.47125 0.735625
v 0.091875 0.55375 0.709375
v 0.24875 0.55375 0.709375
v 0.275 0.55375 0.735625
v 0.275 0.55375 0.9625
v 0.24875 0.55375 0.98875
v 0.091875 0.55375 0.98875
v 0.065625 0.55375 0.9625
v 0.065625 0.55375 0.735625
v 0.096875 0.5675 0.721875
v 0.24375 0.5675 0.721875
v 0.2625 0.5675 0.740625
v 0.2625 0.5675 0.9575
v 0.24375 0.5675 0.97625
v 0.096875 0.5675 0.97625
v 0.078125 0.5675 0.9575
v 0.078125 0.5675 0.740625
v 0.1703125 0.4575 0.8490625
v 0.1703125 0.5675 0.8490625
v 0.289375 0.4575 0.8125
v 0.710625 0.4575 0.8125
v 0.729375 0.4575 0.83125
v 0.729375 0.4575 0.95375
v 0.710625 0.4575 0.9725
v 0.289375 0.4575 0.9725
v 0.270625 0.4575 0.95375
v 0.270625 0.4575 0.83125
v 0.279375 0.47125 0.795
v 0.720625 0.47125 0.795
v 0.746875 0.47125 0.82125
v 0.746875 0.47125 0.96375
v 0.720625 0.47125 0.99
v 0.279375 0.47125 0.99
v 0.253125 0.47125 0.96375
v 0.253125 0.47125 0.82125
v 0.279375 0.54375 0.795
v 0.720625 0.54375 0.795
v 0.746875 0.54375 0.82125
v 0.746875 0.54375 0.96375
v 0.720625 0.54375 0.99
v 0.279375 0.54375 0.99
v 0.253125 0.54375 0.96375
v 0.253125 0.54375 0.82125
v 0.284375 0.5575 0.8075
v 0.715625 0.5575 0.8075
v 0.734375 0.5575 0.82625
v 0.734375 0.5575 0.95875
v 0.715625 0.5575 0.9775
v 0.284375 0.5575 0.9775
v 0.265625 0.5575 0.95875
v 0.265625 0.5575 0.82625
v 0.5 0.4575 0.8925
v 0.5 0.5575 0.8925
v 0.76125 0.4575 0.726875
v 0.898125 0.4575 0.726875
v 0.916875 0.4575 0.745625
v 0.916875 0.4575 0.9525
v 0.898125 0.4575 0.97125
v 0.76125 0.4575 0.97125
v 0.7425 0.4575 0.9525
v 0.7425 0.4575 0.745625
v 0.75125 0.47125 0.709375
v 0.908125 0.47125 0.709375
v 0.934375 0.47125 0.735625
v 0.934375 0.47125 0.9625
v 0.908125 0.47125 0.98875
v 0.75125 0.47125 0.98875
v 0.725 0.47125 0.9625
v 0.725 0.47125 0.735625
v 0.75125 0.55375 0.709375
v 0.908125 0.55375 0.709375
v 0.934375 0.55375 0.735625
v 0.934375 0.55375 0.9625
v 0.908125 0.55375 0.98875
v 0.75125 0.55375 0.98875
v 0.725 0.55375 0.9625
v 0.725 0.55375 0.735625
v 0.75625 0.5675 0.721875
v 0.903125 0.5675 0.721875
v 0.921875 0.5675 0.740625
v 0.921875 0.5675 0.9575
v 0.903125 0.5675 0.97625
v 0.75625 0.5675 0.97625
v 0.7375 0.5675 0.9575
v 0.7375 0.5675 0.740625
v 0.8296875 0.4575 0.8490625
v 0.8296875 0.5675 0.8490625
vt 0.0625 0.9375
vt 0.9375 0.9375
vt 0.9375 0.0625
vt 0.0625 0.0625
vt 0.0625 0.9375
vt 0.9375 0.9375
vt 0.9375 0.0625
vt 0.0625 0.0625
vt 0.0625 0.9375
vt 0.9375 0.9375
vt 0.9375 0.0625
vt 0.0625 0.0625
vt 0.0625 0.9375
vt 0.9375 0.9375
vt 0.9375 0.0625
vt 0.0625 0.0625
vt 0.0625 0.9375
vt 0.9375 0.9375
vt 0.9375 0.0625
vt 0.0625 0.0625
vt 0.0625 0.9375
vt 0.9375 0.9375
vt 0.9375 0.0625
vt 0.0625 0.0625
vt 0.0625 0.9375
vt 0.9375 0.9375
vt 0.9375 0.0625
vt 0.0625 0.0625
vt 0.0625 0.9375
vt 0.9375 0.9375
vt 0.9375 0.0625
vt 0.0625 0.0625
vt 0.0625 0.9375
vt 0.9375 0.9375
vt 0.9375 0.0625
vt 0.0625 0.0625
vt 0.0625 0.9375
vt 0.9375 0.9375
vt 0.9375 0.0625
vt 0.0625 0.0625
vt 0.0625 0.9375
vt 0.9375 0.9375
vt 0.9375 0.0625
vt 0.0625 0.0625
vt 0.0625 0.9375
vt 0.9375 0.9375
vt 0.9375 0.0625
vt 0.0625 0.0625
vt 0.0625 0.9375
vt 0.9375 0.9375
vt 0.9375 0.0625
vt 0.0625 0.0625
vt 0.0625 0.9375
vt 0.9375 0.9375
vt 0.9375 0.0625
vt 0.0625 0.0625
vt 0.0625 0.9375
vt 0.9375 0.9375
vt 0.9375 0.0625
vt 0.0625 0.0625
vt 0.0625 0.9375
vt 0.9375 0.9375
vt 0.9375 0.0625
vt 0.0625 0.0625
vt 0.0625 0.9375
vt 0.9375 0.9375
vt 0.9375 0.0625
vt 0.0625 0.0625
vt 0.0625 0.9375
vt 0.9375 0.9375
vt 0.9375 0.0625
vt 0.0625 0.0625
vt 0.0625 0.9375
vt 0.9375 0.9375
vt 0.9375 0.0625
vt 0.0625 0.0625
vt 0.0625 0.9375
vt 0.9375 0.9375
vt 0.9375 0.0625
vt 0.0625 0.0625
vt 0.0625 0.9375
vt 0.9375 0.9375
vt 0.9375 0.0625
vt 0.0625 0.0625
vt 0.0625 0.9375
vt 0.9375 0.9375
vt 0.9375 0.0625
vt 0.0625 0.0625
vt 0.0625 0.9375
vt 0.9375 0.9375
vt 0.9375 0.0625
vt 0.0625 0.0625
vt 0.0625 0.9375
vt 0.9375 0.9375
vt 0.9375 0.0625
vt 0.0625 0.0625
vt 0.0625 0.9375
vt 0.9375 0.9375
vt 0.9375 0.0625
vt 0.0625 0.9375
vt 0.9375 0.9375
vt 0.9375 0.0625
vt 0.0625 0.9375
vt 0.9375 0.9375
vt 0.9375 0.0625
vt 0.0625 0.9375
vt 0.9375 0.9375
vt 0.9375 0.0625
vt 0.0625 0.9375
vt 0.9375 0.9375
vt 0.9375 0.0625
vt 0.0625 0.9375
vt 0.9375 0.9375
vt 0.9375 0.0625
vt 0.0625 0.9375
vt 0.9375 0.9375
vt 0.9375 0.0625
vt 0.0625 0.9375
vt 0.9375 0.9375
vt 0.9375 0.0625
vt 0.0625 0.9375
vt 0.9375 0.9375
vt 0.9375 0.0625
vt 0.0625 0.9375
vt 0.9375 0.9375
vt 0.9375 0.0625
vt 0.0625 0.9375
vt 0.9375 0.9375
vt 0.9375 0.0625
vt 0.0625 0.9375
vt 0.9375 0.9375
vt 0.9375 0.0625
vt 0.0625 0.9375
vt 0.9375 0.9375
vt 0.9375 0.0625
vt 0.0625 0.9375
vt 0.9375 0.9375
vt 0.9375 0.0625
vt 0.0625 0.9375
vt 0.9375 0.9375
vt 0.9375 0.0625
vt 0.0625 0.9375
vt 0.9375 0.9375
vt 0.9375 0.0625
vt 0.0625 0.9375
vt 0.9375 0.9375
vt 0.9375 0.0625
vt 0.0625 0.0625
vt 0.0625 0.9375
vt 0.9375 0.9375
vt 0.9375 0.0625
vt 0.0625 0.0625
vt 0.0625 0.9375
vt 0.9375 0.9375
vt 0.9375 0.0625
vt 0.0625 0.0625
vt 0.0625 0.9375
vt 0.9375 0.9375
vt 0.9375 0.0625
vt 0.0625 0.0625
vt 0.0625 0.9375
vt 0.9375 0.9375
vt 0.9375 0.0625
vt 0.0625 0.0625
vt 0.0625 0.9375
vt 0.9375 0.9375
vt 0.9375 0.0625
vt 0.0625 0.0625
vt 0.0625 0.9375
vt 0.9375 0.9375
vt 0.9375 0.0625
vt 0.0625 0.0625
vt 0.0625 0.9375
vt 0.9375 0.9375
vt 0.9375 0.0625
vt 0.0625 0.0625
vt 0.0625 0.9375
vt 0.9375 0.9375
vt 0.9375 0.0625
vt 0.0625 0.0625
vt 0.0625 0.9375
vt 0.9375 0.9375
vt 0.9375 0.0625
vt 0.0625 0.0625
vt 0.0625 0.9375
vt 0.9375 0.9375
vt 0.9375 0.0625
vt 0.0625 0.0625
vt 0.0625 0.9375
vt 0.9375 0.9375
vt 0.9375 0.0625
vt 0.0625 0.0625
vt 0.0625 0.9375
vt 0.9375 0.9375
vt 0.9375 0.0625
vt 0.0625 0.0625
vt 0.0625 0.9375
vt 0.9375 0.9375
vt 0.9375 0.0625
vt 0.0625 0.0625
vt 0.0625 0.9375
vt 0.9375 0.9375
vt 0.9375 0.0625
vt 0.0625 0.0625
vt 0.0625 0.9375
vt 0.9375 0.9375
vt 0.9375 0.0625
vt 0.0625 0.0625
vt 0.0625 0.9375
vt 0.9375 0.9375
vt 0.9375 0.0625
vt 0.0625 0.0625
vt 0.0625 0.9375
vt 0.9375 0.9375
vt 0.9375 0.0625
vt 0.0625 0.0625
vt 0.0625 0.9375
vt 0.9375 0.9375
vt 0.9375 0.0625
vt 0.0625 0.0625
vt 0.0625 0.9375
vt 0.9375 0.9375
vt 0.9375 0.0625
vt 0.0625 0.0625
vt 0.0625 0.9375
vt 0.9375 0.9375
vt 0.9375 0.0625
vt 0.0625 0.0625
vt 0.0625 0.9375
vt 0.9375 0.9375
vt 0.9375 0.0625
vt 0.0625 0.0625
vt 0.0625 0.9375
vt 0.9375 0.9375
vt 0.9375 0.0625
vt 0.0625 0.0625
vt 0.0625 0.9375
vt 0.9375 0.9375
vt 0.9375 0.0625
vt 0.0625 0.0625
vt 0.0625 0.9375
vt 0.9375 0.9375
vt 0.9375 0.0625
vt 0.0625 0.9375
vt 0.9375 0.9375
vt 0.9375 0.0625
vt 0.0625 0.9375
vt 0.9375 0.9375
vt 0.9375 0.0625
vt 0.0625 0.9375
vt 0.9375 0.9375
vt 0.9375 0.0625
vt 0.0625 0.9375
vt 0.9375 0.9375
vt 0.9375 0.0625
vt 0.0625 0.9375
vt 0.9375 0.9375
vt 0.9375 0.0625
vt 0.0625 0.9375
vt 0.9375 0.9375
vt 0.9375 0.0625
vt 0.0625 0.9375
vt 0.9375 0.9375
vt 0.9375 0.0625
vt 0.0625 0.9375
vt 0.9375 0.9375
vt 0.9375 0.0625
vt 0.0625 0.9375
vt 0.9375 0.9375
vt 0.9375 0.0625
vt 0.0625 0.9375
vt 0.9375 0.9375
vt 0.9375 0.0625
vt 0.0625 0.9375
vt 0.9375 0.9375
vt 0.9375 0.0625
vt 0.0625 0.9375
vt 0.9375 0.9375
vt 0.9375 0.0625
vt 0.0625 0.9375
vt 0.9375 0.9375
vt 0.9375 0.0625
vt 0.0625 0.9375
vt 0.9375 0.9375
vt 0.9375 0.0625
vt 0.0625 0.9375
vt 0.9375 0.9375
vt 0.9375 0.0625
vt 0.0625 0.9375
vt 0.9375 0.9375
vt 0.9375 0.0625
vt 0.0625 0.0625
vt 0.0625 0.9375
vt 0.9375 0.9375
vt 0.9375 0.0625
vt 0.0625 0.0625
vt 0.0625 0.9375
vt 0.9375 0.9375
vt 0.9375 0.0625
vt 0.0625 0.0625
vt 0.0625 0.9375
vt 0.9375 0.9375
vt 0.9375 0.0625
vt 0.0625 0.0625
vt 0.0625 0.9375
vt 0.9375 0.9375
vt 0.9375 0.0625
vt 0.0625 0.0625
vt 0.0625 0.9375
vt 0.9375 0.9375
vt 0.9375 0.0625
vt 0.0625 0.0625
vt 0.0625 0.9375
vt 0.9375 0.9375
vt 0.9375 0.0625
vt 0.0625 0.0625
vt 0.0625 0.9375
vt 0.9375 0.9375
vt 0.9375 0.0625
vt 0.0625 0.0625
vt 0.0625 0.9375
vt 0.9375 0.9375
vt 0.9375 0.0625
vt 0.0625 0.0625
vt 0.0625 0.9375
vt 0.9375 0.9375
vt 0.9375 0.0625
vt 0.0625 0.0625
vt 0.0625 0.9375
vt 0.9375 0.9375
vt 0.9375 0.0625
vt 0.0625 0.0625
vt 0.0625 0.9375
vt 0.9375 0.9375
vt 0.9375 0.0625
vt 0.0625 0.0625
vt 0.0625 0.9375
vt 0.9375 0.9375
vt 0.9375 0.0625
vt 0.0625 0.0625
vt 0.0625 0.9375
vt 0.9375 0.9375
vt 0.9375 0.0625
vt 0.0625 0.0625
vt 0.0625 0.9375
vt 0.9375 0.9375
vt 0.9375 0.0625
vt 0.0625 0.0625
vt 0.0625 0.9375
vt 0.9375 0.9375
vt 0.9375 0.0625
vt 0.0625 0.0625
vt 0.0625 0.9375
vt 0.9375 0.9375
vt 0.9375 0.0625
vt 0.0625 0.0625
vt 0.0625 0.9375
vt 0.9375 0.9375
vt 0.9375 0.0625
vt 0.0625 0.0625
vt 0.0625 0.9375
vt 0.9375 0.9375
vt 0.9375 0.0625
vt 0.0625 0.0625
vt 0.0625 0.9375
vt 0.9375 0.9375
vt 0.9375 0.0625
vt 0.0625 0.0625
vt 0.0625 0.9375
vt 0.9375 0.9375
vt 0.9375 0.0625
vt 0.0625 0.0625
vt 0.0625 0.9375
vt 0.9375 0.9375
vt 0.9375 0.0625
vt 0.0625 0.0625
vt 0.0625 0.9375
vt 0.9375 0.9375
vt 0.9375 0.0625
vt 0.0625 0.0625
vt 0.0625 0.9375
vt 0.9375 0.9375
vt 0.9375 0.0625
vt 0.0625 0.0625
vt 0.0625 0.9375
vt 0.9375 0.9375
vt 0.9375 0.0625
vt 0.0625 0.9375
vt 0.9375 0.9375
vt 0.9375 0.0625
vt 0.0625 0.9375
vt 0.9375 0.9375
vt 0.9375 0.0625
vt 0.0625 0.9375
vt 0.9375 0.9375
vt 0.9375 0.0625
vt 0.0625 0.9375
vt 0.9375 0.9375
vt 0.9375 0.0625
vt 0.0625 0.9375
vt 0.9375 0.9375
vt 0.9375 0.0625
vt 0.0625 0.9375
vt 0.9375 0.9375
vt 0.9375 0.0625
vt 0.0625 0.9375
vt 0.9375 0.9375
vt 0.9375 0.0625
vt 0.0625 0.9375
vt 0.9375 0.9375
vt 0.9375 0.0625
vt 0.0625 0.9375
vt 0.9375 0.9375
vt 0.9375 0.0625
vt 0.0625 0.9375
vt 0.9375 0.9375
vt 0.9375 0.0625
vt 0.0625 0.9375
vt 0.9375 0.9375
vt 0.9375 0.0625
vt 0.0625 0.9375
vt 0.9375 0.9375
vt 0.9375 0.0625
vt 0.0625 0.9375
vt 0.9375 0.9375
vt 0.9375 0.0625
vt 0.0625 0.9375
vt 0.9375 0.9375
vt 0.9375 0.0625
vt 0.0625 0.9375
vt 0.9375 0.9375
vt 0.9375 0.0625
vt 0.0625 0.9375
vt 0.9375 0.9375
vt 0.9375 0.0625
vt 0.0625 0.0625
vt 0.0625 0.9375
vt 0.9375 0.9375
vt 0.9375 0.0625
vt 0.0625 0.0625
vt 0.0625 0.9375
vt 0.9375 0.9375
vt 0.9375 0.0625
vt 0.0625 0.0625
vt 0.0625 0.9375
vt 0.9375 0.9375
vt 0.9375 0.0625
vt 0.0625 0.0625
vt 0.0625 0.9375
vt 0.9375 0.9375
vt 0.9375 0.0625
vt 0.0625 0.0625
vt 0.0625 0.9375
vt 0.9375 0.9375
vt 0.9375 0.0625
vt 0.0625 0.0625
vt 0.0625 0.9375
vt 0.9375 0.9375
vt 0.9375 0.0625
vt 0.0625 0.0625
vt 0.0625 0.9375
vt 0.9375 0.9375
vt 0.9375 0.0625
vt 0.0625 0.0625
vt 0.0625 0.9375
vt 0.9375 0.9375
vt 0.9375 0.0625
vt 0.0625 0.0625
vt 0.0625 0.9375
vt 0.9375 0.9375
vt 0.9375 0.0625
vt 0.0625 0.0625
vt 0.0625 0.9375
vt 0.9375 0.9375
vt 0.9375 0.0625
vt 0.0625 0.0625
vt 0.0625 0.9375
vt 0.9375 0.9375
vt 0.9375 0.0625
vt 0.0625 0.0625
vt 0.0625 0.9375
vt 0.9375 0.9375
vt 0.9375 0.0625
vt 0.0625 0.0625
vt 0.0625 0.9375
vt 0.9375 0.9375
vt 0.9375 0.0625
vt 0.0625 0.0625
vt 0.0625 0.9375
vt 0.9375 0.9375
vt 0.9375 0.0625
vt 0.0625 0.0625
vt 0.0625 0.9375
vt 0.9375 0.9375
vt 0.9375 0.0625
vt 0.0625 0.0625
vt 0.0625 0.9375
vt 0.9375 0.9375
vt 0.9375 0.0625
vt 0.0625 0.0625
vt 0.0625 0.9375
vt 0.9375 0.9375
vt 0.9375 0.0625
vt 0.0625 0.0625
vt 0.0625 0.9375
vt 0.9375 0.9375
vt 0.9375 0.0625
vt 0.0625 0.0625
vt 0.0625 0.9375
vt 0.9375 0.9375
vt 0.9375 0.0625
vt 0.0625 0.0625
vt 0.0625 0.9375
vt 0.9375 0.9375
vt 0.9375 0.0625
vt 0.0625 0.0625
vt 0.0625 0.9375
vt 0.9375 0.9375
vt 0.9375 0.0625
vt 0.0625 0.0625
vt 0.0625 0.9375
vt 0.9375 0.9375
vt 0.9375 0.0625
vt 0.0625 0.0625
vt 0.0625 0.9375
vt 0.9375 0.9375
vt 0.9375 0.0625
vt 0.0625 0.0625
vt 0.0625 0.9375
vt 0.9375 0.9375
vt 0.9375 0.0625
vt 0.0625 0.0625
vt 0.0625 0.9375
vt 0.9375 0.9375
vt 0.9375 0.0625
vt 0.0625 0.0625
vt 0.0625 0.9375
vt 0.9375 0.9375
vt 0.9375 0.0625
vt 0.0625 0.0625
vt 0.0625 0.9375
vt 0.9375 0.9375
vt 0.9375 0.0625
vt 0.0625 0.0625
vt 0.0625 0.9375
vt 0.9375 0.9375
vt 0.9375 0.0625
vt 0.0625 0.0625
vt 0.0625 0.9375
vt 0.9375 0.9375
vt 0.9375 0.0625
vt 0.0625 0.0625
vt 0.0625 0.9375
vt 0.9375 0.9375
vt 0.9375 0.0625
vt 0.0625 0.0625
vt 0.0625 0.9375
vt 0.9375 0.9375
vt 0.9375 0.0625
vt 0.0625 0.0625
vt 0.0625 0.9375
vt 0.9375 0.9375
vt 0.9375 0.0625
vt 0.0625 0.0625
vt 0.0625 0.9375
vt 0.9375 0.9375
vt 0.9375 0.0625
vt 0.0625 0.0625
vt 0.0625 0.9375
vt 0.9375 0.9375
vt 0.9375 0.0625
vt 0.0625 0.0625
vt 0.0625 0.9375
vt 0.9375 0.9375
vt 0.9375 0.0625
vt 0.0625 0.0625
vt 0.0625 0.9375
vt 0.9375 0.9375
vt 0.9375 0.0625
vt 0.0625 0.0625
vt 0.0625 0.9375
vt 0.9375 0.9375
vt 0.9375 0.0625
vt 0.0625 0.0625
vt 0.0625 0.9375
vt 0.9375 0.9375
vt 0.9375 0.0625
vt 0.0625 0.0625
vt 0.0625 0.9375
vt 0.9375 0.9375
vt 0.9375 0.0625
vt 0.0625 0.0625
vt 0.0625 0.9375
vt 0.9375 0.9375
vt 0.9375 0.0625
vt 0.0625 0.0625
vt 0.0625 0.9375
vt 0.9375 0.9375
vt 0.9375 0.0625
vt 0.0625 0.0625
vt 0.0625 0.9375
vt 0.9375 0.9375
vt 0.9375 0.0625
vt 0.0625 0.0625
vt 0.0625 0.9375
vt 0.9375 0.9375
vt 0.9375 0.0625
vt 0.0625 0.0625
vt 0.0625 0.9375
vt 0.9375 0.9375
vt 0.9375 0.0625
vt 0.0625 0.0625
vt 0.0625 0.9375
vt 0.9375 0.9375
vt 0.9375 0.0625
vt 0.0625 0.0625
vt 0.0625 0.9375
vt 0.9375 0.9375
vt 0.9375 0.0625
vt 0.0625 0.0625
vt 0.0625 0.9375
vt 0.9375 0.9375
vt 0.9375 0.0625
vt 0.0625 0.0625
vt 0.0625 0.9375
vt 0.9375 0.9375
vt 0.9375 0.0625
vt 0.0625 0.0625
vt 0.0625 0.9375
vt 0.9375 0.9375
vt 0.9375 0.0625
vt 0.0625 0.0625
vt 0.0625 0.9375
vt 0.9375 0.9375
vt 0.9375 0.0625
vt 0.0625 0.0625
vt 0.0625 0.9375
vt 0.9375 0.9375
vt 0.9375 0.0625
vt 0.0625 0.0625
vt 0.0625 0.9375
vt 0.9375 0.9375
vt 0.9375 0.0625
vt 0.0625 0.0625
vt 0.0625 0.9375
vt 0.9375 0.9375
vt 0.9375 0.0625
vt 0.0625 0.0625
vt 0.0625 0.9375
vt 0.9375 0.9375
vt 0.9375 0.0625
vt 0.0625 0.0625
vt 0.0625 0.9375
vt 0.9375 0.9375
vt 0.9375 0.0625
vt 0.0625 0.0625
vt 0.0625 0.9375
vt 0.9375 0.9375
vt 0.9375 0.0625
vt 0.0625 0.0625
vt 0.0625 0.9375
vt 0.9375 0.9375
vt 0.9375 0.0625
vt 0.0625 0.0625
vt 0.0625 0.9375
vt 0.9375 0.9375
vt 0.9375 0.0625
vt 0.0625 0.0625
vt 0.0625 0.9375
vt 0.9375 0.9375
vt 0.9375 0.0625
vt 0.0625 0.0625
vt 0.0625 0.9375
vt 0.9375 0.9375
vt 0.9375 0.0625
vt 0.0625 0.0625
vt 0.0625 0.9375
vt 0.9375 0.9375
vt 0.9375 0.0625
vt 0.0625 0.0625
vt 0.0625 0.9375
vt 0.9375 0.9375
vt 0.9375 0.0625
vt 0.0625 0.0625
vt 0.0625 0.9375
vt 0.9375 0.9375
vt 0.9375 0.0625
vt 0.0625 0.0625
vt 0.0625 0.9375
vt 0.9375 0.9375
vt 0.9375 0.0625
vt 0.0625 0.0625
vt 0.0625 0.9375
vt 0.9375 0.9375
vt 0.9375 0.0625
vt 0.0625 0.0625
vt 0.0625 0.9375
vt 0.9375 0.9375
vt 0.9375 0.0625
vt 0.0625 0.0625
vt 0.0625 0.9375
vt 0.9375 0.9375
vt 0.9375 0.0625
vt 0.0625 0.0625
vt 0.0625 0.9375
vt 0.9375 0.9375
vt 0.9375 0.0625
vt 0.0625 0.0625
vt 0.0625 0.9375
vt 0.9375 0.9375
vt 0.9375 0.0625
vt 0.0625 0.0625
vt 0.0625 0.9375
vt 0.9375 0.9375
vt 0.9375 0.0625
vt 0.0625 0.0625
vt 0.0625 0.9375
vt 0.9375 0.9375
vt 0.9375 0.0625
vt 0.0625 0.0625
vt 0.0625 0.9375
vt 0.9375 0.9375
vt 0.9375 0.0625
vt 0.0625 0.9375
vt 0.9375 0.9375
vt 0.9375 0.0625
vt 0.0625 0.9375
vt 0.9375 0.9375
vt 0.9375 0.0625
vt 0.0625 0.9375
vt 0.9375 0.9375
vt 0.9375 0.0625
vt 0.0625 0.9375
vt 0.9375 0.9375
vt 0.9375 0.0625
vt 0.0625 0.9375
vt 0.9375 0.9375
vt 0.9375 0.0625
vt 0.0625 0.9375
vt 0.9375 0.9375
vt 0.9375 0.0625
vt 0.0625 0.9375
vt 0.9375 0.9375
vt 0.9375 0.0625
vt 0.0625 0.9375
vt 0.9375 0.9375
vt 0.9375 0.0625
vt 0.0625 0.9375
vt 0.9375 0.9375
vt 0.9375 0.0625
vt 0.0625 0.9375
vt 0.9375 0.9375
vt 0.9375 0.0625
vt 0.0625 0.9375
vt 0.9375 0.9375
vt 0.9375 0.0625
vt 0.0625 0.9375
vt 0.9375 0.9375
vt 0.9375 0.0625
vt 0.0625 0.9375
vt 0.9375 0.9375
vt 0.9375 0.0625
vt 0.0625 0.9375
vt 0.9375 0.9375
vt 0.9375 0.0625
vt 0.0625 0.9375
vt 0.9375 0.9375
vt 0.9375 0.0625
vt 0.0625 0.9375
vt 0.9375 0.9375
vt 0.9375 0.0625
vt 0.0625 0.9375
vt 0.9375 0.9375
vt 0.9375 0.0625
vt 0.0625 0.9375
vt 0.9375 0.9375
vt 0.9375 0.0625
vt 0.0625 0.9375
vt 0.9375 0.9375
vt 0.9375 0.0625
vt 0.0625 0.9375
vt 0.9375 0.9375
vt 0.9375 0.0625
vt 0.0625 0.9375
vt 0.9375 0.9375
vt 0.9375 0.0625
vt 0.0625 0.9375
vt 0.9375 0.9375
vt 0.9375 0.0625
vt 0.0625 0.9375
vt 0.9375 0.9375
vt 0.9375 0.0625
vt 0.0625 0.9375
vt 0.9375 0.9375
vt 0.9375 0.0625
vt 0.0625 0.9375
vt 0.9375 0.9375
vt 0.9375 0.0625
vt 0.0625 0.9375
vt 0.9375 0.9375
vt 0.9375 0.0625
vt 0.0625 0.9375
vt 0.9375 0.9375
vt 0.9375 0.0625
vt 0.0625 0.9375
vt 0.9375 0.9375
vt 0.9375 0.0625
vt 0.0625 0.9375
vt 0.9375 0.9375
vt 0.9375 0.0625
vt 0.0625 0.9375
vt 0.9375 0.9375
vt 0.9375 0.0625
vt 0.0625 0.9375
vt 0.9375 0.9375
vt 0.9375 0.0625
vt 0.0625 0.9375
vt 0.9375 0.9375
vt 0.9375 0.0625
vt 0.0625 0.9375
vt 0.9375 0.9375
vt 0.9375 0.0625
vt 0.0625 0.9375
vt 0.9375 0.9375
vt 0.9375 0.0625
vt 0.0625 0.9375
vt 0.9375 0.9375
vt 0.9375 0.0625
vt 0.0625 0.9375
vt 0.9375 0.9375
vt 0.9375 0.0625
vt 0.0625 0.9375
vt 0.9375 0.9375
vt 0.9375 0.0625
vt 0.0625 0.9375
vt 0.9375 0.9375
vt 0.9375 0.0625
vt 0.0625 0.9375
vt 0.9375 0.9375
vt 0.9375 0.0625
vt 0.0625 0.9375
vt 0.9375 0.9375
vt 0.9375 0.0625
vt 0.0625 0.9375
vt 0.9375 0.9375
vt 0.9375 0.0625
vt 0.0625 0.9375
vt 0.9375 0.9375
vt 0.9375 0.0625
vt 0.0625 0.9375
vt 0.9375 0.9375
vt 0.9375 0.0625
vt 0.0625 0.9375
vt 0.9375 0.9375
vt 0.9375 0.0625
vt 0.0625 0.9375
vt 0.9375 0.9375
vt 0.9375 0.0625
vt 0.0625 0.9375
vt 0.9375 0.9375
vt 0.9375 0.0625
vt 0.0625 0.9375
vt 0.9375 0.9375
vt 0.9375 0.0625
vt 0.0625 0.9375
vt 0.9375 0.9375
vt 0.9375 0.0625
vt 0.0625 0.0625
vt 0.0625 0.9375
vt 0.9375 0.9375
vt 0.9375 0.0625
vt 0.0625 0.0625
vt 0.0625 0.9375
vt 0.9375 0.9375
vt 0.9375 0.0625
vt 0.0625 0.0625
vt 0.0625 0.9375
vt 0.9375 0.9375
vt 0.9375 0.0625
vt 0.0625 0.0625
vt 0.0625 0.9375
vt 0.9375 0.9375
vt 0.9375 0.0625
vt 0.0625 0.0625
vt 0.0625 0.9375
vt 0.9375 0.9375
vt 0.9375 0.0625
vt 0.0625 0.0625
vt 0.0625 0.9375
vt 0.9375 0.9375
vt 0.9375 0.0625
vt 0.0625 0.0625
vt 0.0625 0.9375
vt 0.9375 0.9375
vt 0.9375 0.0625
vt 0.0625 0.0625
vt 0.0625 0.9375
vt 0.9375 0.9375
vt 0.9375 0.0625
vt 0.0625 0.0625
vt 0.0625 0.9375
vt 0.9375 0.9375
vt 0.9375 0.0625
vt 0.0625 0.0625
vt 0.0625 0.9375
vt 0.9375 0.9375
vt 0.9375 0.0625
vt 0.0625 0.0625
vt 0.0625 0.9375
vt 0.9375 0.9375
vt 0.9375 0.0625
vt 0.0625 0.0625
vt 0.0625 0.9375
vt 0.9375 0.9375
vt 0.9375 0.0625
vt 0.0625 0.0625
vt 0.0625 0.9375
vt 0.9375 0.9375
vt 0.9375 0.0625
vt 0.0625 0.0625
vt 0.0625 0.9375
vt 0.9375 0.9375
vt 0.9375 0.0625
vt 0.0625 0.0625
vt 0.0625 0.9375
vt 0.9375 0.9375
vt 0.9375 0.0625
vt 0.0625 0.0625
vt 0.0625 0.9375
vt 0.9375 0.9375
vt 0.9375 0.0625
vt 0.0625 0.0625
vt 0.0625 0.9375
vt 0.9375 0.9375
vt 0.9375 0.0625
vt 0.0625 0.0625
vt 0.0625 0.9375
vt 0.9375 0.9375
vt 0.9375 0.0625
vt 0.0625 0.0625
vt 0.0625 0.9375
vt 0.9375 0.9375
vt 0.9375 0.0625
vt 0.0625 0.0625
vt 0.0625 0.9375
vt 0.9375 0.9375
vt 0.9375 0.0625
vt 0.0625 0.0625
vt 0.0625 0.9375
vt 0.9375 0.9375
vt 0.9375 0.0625
vt 0.0625 0.0625
vt 0.0625 0.9375
vt 0.9375 0.9375
vt 0.9375 0.0625
vt 0.0625 0.0625
vt 0.0625 0.9375
vt 0.9375 0.9375
vt 0.9375 0.0625
vt 0.0625 0.0625
vt 0.0625 0.9375
vt 0.9375 0.9375
vt 0.9375 0.0625
vt 0.0625 0.0625
vt 0.0625 0.9375
vt 0.9375 0.9375
vt 0.9375 0.0625
vt 0.0625 0.0625
vt 0.0625 0.9375
vt 0.9375 0.9375
vt 0.9375 0.0625
vt 0.0625 0.0625
vt 0.0625 0.9375
vt 0.9375 0.9375
vt 0.9375 0.0625
vt 0.0625 0.0625
vt 0.0625 0.9375
vt 0.9375 0.9375
vt 0.9375 0.0625
vt 0.0625 0.0625
vt 0.0625 0.9375
vt 0.9375 0.9375
vt 0.9375 0.0625
vt 0.0625 0.0625
vt 0.0625 0.9375
vt 0.9375 0.9375
vt 0.9375 0.0625
vt 0.0625 0.0625
vt 0.0625 0.9375
vt 0.9375 0.9375
vt 0.9375 0.0625
vt 0.0625 0.0625
vt 0.0625 0.9375
vt 0.9375 0.9375
vt 0.9375 0.0625
vt 0.0625 0.0625
vt 0.0625 0.9375
vt 0.9375 0.9375
vt 0.9375 0.0625
vt 0.0625 0.0625
vt 0.0625 0.9375
vt 0.9375 0.9375
vt 0.9375 0.0625
vt 0.0625 0.0625
vt 0.0625 0.9375
vt 0.9375 0.9375
vt 0.9375 0.0625
vt 0.0625 0.0625
vt 0.0625 0.9375
vt 0.9375 0.9375
vt 0.9375 0.0625
vt 0.0625 0.0625
vt 0.0625 0.9375
vt 0.9375 0.9375
vt 0.9375 0.0625
vt 0.0625 0.0625
vt 0.0625 0.9375
vt 0.9375 0.9375
vt 0.9375 0.0625
vt 0.0625 0.0625
vt 0.0625 0.9375
vt 0.9375 0.9375
vt 0.9375 0.0625
vt 0.0625 0.0625
vt 0.0625 0.9375
vt 0.9375 0.9375
vt 0.9375 0.0625
vt 0.0625 0.0625
vt 0.0625 0.9375
vt 0.9375 0.9375
vt 0.9375 0.0625
vt 0.0625 0.0625
vt 0.0625 0.9375
vt 0.9375 0.9375
vt 0.9375 0.0625
vt 0.0625 0.0625
vt 0.0625 0.9375
vt 0.9375 0.9375
vt 0.9375 0.0625
vt 0.0625 0.0625
vt 0.0625 0.9375
vt 0.9375 0.9375
vt 0.9375 0.0625
vt 0.0625 0.0625
vt 0.0625 0.9375
vt 0.9375 0.9375
vt 0.9375 0.0625
vt 0.0625 0.0625
vt 0.0625 0.9375
vt 0.9375 0.9375
vt 0.9375 0.0625
vt 0.0625 0.0625
vt 0.0625 0.9375
vt 0.9375 0.9375
vt 0.9375 0.0625
vt 0.0625 0.0625
vt 0.0625 0.9375
vt 0.9375 0.9375
vt 0.9375 0.0625
vt 0.0625 0.0625
vt 0.0625 0.9375
vt 0.9375 0.9375
vt 0.9375 0.0625
vt 0.0625 0.0625
vt 0.0625 0.9375
vt 0.9375 0.9375
vt 0.9375 0.0625
vt 0.0625 0.0625
vt 0.0625 0.9375
vt 0.9375 0.9375
vt 0.9375 0.0625
vt 0.0625 0.0625
vt 0.0625 0.9375
vt 0.9375 0.9375
vt 0.9375 0.0625
vt 0.0625 0.0625
vt 0.0625 0.9375
vt 0.9375 0.9375
vt 0.9375 0.0625
vt 0.0625 0.0625
vt 0.0625 0.9375
vt 0.9375 0.9375
vt 0.9375 0.0625
vt 0.0625 0.0625
vt 0.0625 0.9375
vt 0.9375 0.9375
vt 0.9375 0.0625
vt 0.0625 0.0625
vt 0.0625 0.9375
vt 0.9375 0.9375
vt 0.9375 0.0625
vt 0.0625 0.0625
vt 0.0625 0.9375
vt 0.9375 0.9375
vt 0.9375 0.0625
vt 0.0625 0.0625
vt 0.0625 0.9375
vt 0.9375 0.9375
vt 0.9375 0.0625
vt 0.0625 0.0625
vt 0.0625 0.9375
vt 0.9375 0.9375
vt 0.9375 0.0625
vt 0.0625 0.0625
vt 0.0625 0.9375
vt 0.9375 0.9375
vt 0.9375 0.0625
vt 0.0625 0.0625
vt 0.0625 0.9375
vt 0.9375 0.9375
vt 0.9375 0.0625
vt 0.0625 0.0625
vt 0.0625 0.9375
vt 0.9375 0.9375
vt 0.9375 0.0625
vt 0.0625 0.0625
vt 0.0625 0.9375
vt 0.9375 0.9375
vt 0.9375 0.0625
vt 0.0625 0.0625
vt 0.0625 0.9375
vt 0.9375 0.9375
vt 0.9375 0.0625
vt 0.0625 0.0625
vt 0.0625 0.9375
vt 0.9375 0.9375
vt 0.9375 0.0625
vt 0.0625 0.0625
vt 0.0625 0.9375
vt 0.9375 0.9375
vt 0.9375 0.0625
vt 0.0625 0.0625
vt 0.0625 0.9375
vt 0.9375 0.9375
vt 0.9375 0.0625
vt 0.0625 0.0625
vt 0.0625 0.9375
vt 0.9375 0.9375
vt 0.9375 0.0625
vt 0.0625 0.0625
vt 0.0625 0.9375
vt 0.9375 0.9375
vt 0.9375 0.0625
vt 0.0625 0.0625
vt 0.0625 0.9375
vt 0.9375 0.9375
vt 0.9375 0.0625
vt 0.0625 0.0625
vt 0.0625 0.9375
vt 0.9375 0.9375
vt 0.9375 0.0625
vt 0.0625 0.0625
vt 0.0625 0.9375
vt 0.9375 0.9375
vt 0.9375 0.0625
vt 0.0625 0.0625
vt 0.0625 0.9375
vt 0.9375 0.9375
vt 0.9375 0.0625
vt 0.0625 0.0625
vt 0.0625 0.9375
vt 0.9375 0.9375
vt 0.9375 0.0625
vt 0.0625 0.0625
vt 0.0625 0.9375
vt 0.9375 0.9375
vt 0.9375 0.0625
vt 0.0625 0.0625
vt 0.0625 0.9375
vt 0.9375 0.9375
vt 0.9375 0.0625
vt 0.0625 0.0625
vt 0.0625 0.9375
vt 0.9375 0.9375
vt 0.9375 0.0625
vt 0.0625 0.0625
vt 0.0625 0.9375
vt 0.9375 0.9375
vt 0.9375 0.0625
vt 0.0625 0.0625
vt 0.0625 0.9375
vt 0.9375 0.9375
vt 0.9375 0.0625
vt 0.0625 0.0625
vt 0.0625 0.9375
vt 0.9375 0.9375
vt 0.9375 0.0625
vt 0.0625 0.0625
vt 0.0625 0.9375
vt 0.9375 0.9375
vt 0.9375 0.0625
vt 0.0625 0.0625
vt 0.0625 0.9375
vt 0.9375 0.9375
vt 0.9375 0.0625
vt 0.0625 0.0625
vt 0.0625 0.9375
vt 0.9375 0.9375
vt 0.9375 0.0625
vt 0.0625 0.0625
vt 0.0625 0.9375
vt 0.9375 0.9375
vt 0.9375 0.0625
vt 0.0625 0.0625
vt 0.0625 0.9375
vt 0.9375 0.9375
vt 0.9375 0.0625
vt 0.0625 0.0625
vt 0.0625 0.9375
vt 0.9375 0.9375
vt 0.9375 0.0625
vt 0.0625 0.0625
vt 0.0625 0.9375
vt 0.9375 0.9375
vt 0.9375 0.0625
vt 0.0625 0.0625
vt 0.0625 0.9375
vt 0.9375 0.9375
vt 0.9375 0.0625
vt 0.0625 0.0625
vt 0.0625 0.9375
vt 0.9375 0.9375
vt 0.9375 0.0625
vt 0.0625 0.0625
vt 0.0625 0.9375
vt 0.9375 0.9375
vt 0.9375 0.0625
vt 0.0625 0.0625
vt 0.0625 0.9375
vt 0.9375 0.9375
vt 0.9375 0.0625
vt 0.0625 0.0625
vt 0.0625 0.9375
vt 0.9375 0.9375
vt 0.9375 0.0625
vt 0.0625 0.0625
vt 0.0625 0.9375
vt 0.9375 0.9375
vt 0.9375 0.0625
vt 0.0625 0.0625
vt 0.0625 0.9375
vt 0.9375 0.9375
vt 0.9375 0.0625
vt 0.0625 0.0625
vt 0.0625 0.9375
vt 0.9375 0.9375
vt 0.9375 0.0625
vt 0.0625 0.0625
vt 0.0625 0.9375
vt 0.9375 0.9375
vt 0.9375 0.0625
vt 0.0625 0.0625
vt 0.0625 0.9375
vt 0.9375 0.9375
vt 0.9375 0.0625
vt 0.0625 0.0625
vt 0.0625 0.9375
vt 0.9375 0.9375
vt 0.9375 0.0625
vt 0.0625 0.0625
vt 0.0625 0.9375
vt 0.9375 0.9375
vt 0.9375 0.0625
vt 0.0625 0.0625
vt 0.0625 0.9375
vt 0.9375 0.9375
vt 0.9375 0.0625
vt 0.0625 0.0625
vt 0.0625 0.9375
vt 0.9375 0.9375
vt 0.9375 0.0625
vt 0.0625 0.0625
vt 0.0625 0.9375
vt 0.9375 0.9375
vt 0.9375 0.0625
vt 0.0625 0.0625
vt 0.0625 0.9375
vt 0.9375 0.9375
vt 0.9375 0.0625
vt 0.0625 0.0625
vt 0.0625 0.9375
vt 0.9375 0.9375
vt 0.9375 0.0625
vt 0.0625 0.0625
vt 0.0625 0.9375
vt 0.9375 0.9375
vt 0.9375 0.0625
vt 0.0625 0.0625
vt 0.0625 0.9375
vt 0.9375 0.9375
vt 0.9375 0.0625
vt 0.0625 0.0625
vt 0.0625 0.9375
vt 0.9375 0.9375
vt 0.9375 0.0625
vt 0.0625 0.0625
vt 0.0625 0.9375
vt 0.9375 0.9375
vt 0.9375 0.0625
vt 0.0625 0.0625
vt 0.0625 0.9375
vt 0.9375 0.9375
vt 0.9375 0.0625
vt 0.0625 0.0625
vt 0.0625 0.9375
vt 0.9375 0.9375
vt 0.9375 0.0625
vt 0.0625 0.0625
vt 0.0625 0.9375
vt 0.9375 0.9375
vt 0.9375 0.0625
vt 0.0625 0.0625
vt 0.0625 0.9375
vt 0.9375 0.9375
vt 0.9375 0.0625
vt 0.0625 0.0625
vt 0.0625 0.9375
vt 0.9375 0.9375
vt 0.9375 0.0625
vt 0.0625 0.0625
vt 0.0625 0.9375
vt 0.9375 0.9375
vt 0.9375 0.0625
vt 0.0625 0.0625
vt 0.0625 0.9375
vt 0.9375 0.9375
vt 0.9375 0.0625
vt 0.0625 0.0625
vt 0.0625 0.9375
vt 0.9375 0.9375
vt 0.9375 0.0625
vt 0.0625 0.0625
vt 0.0625 0.9375
vt 0.9375 0.9375
vt 0.9375 0.0625
vt 0.0625 0.0625
vt 0.0625 0.9375
vt 0.9375 0.9375
vt 0.9375 0.0625
vt 0.0625 0.0625
vt 0.0625 0.9375
vt 0.9375 0.9375
vt 0.9375 0.0625
vt 0.0625 0.0625
vt 0.0625 0.9375
vt 0.9375 0.9375
vt 0.9375 0.0625
vt 0.0625 0.0625
vt 0.0625 0.9375
vt 0.9375 0.9375
vt 0.9375 0.0625
vt 0.0625 0.0625
vt 0.0625 0.9375
vt 0.9375 0.9375
vt 0.9375 0.0625
vt 0.0625 0.0625
vt 0.0625 0.9375
vt 0.9375 0.9375
vt 0.9375 0.0625
vt 0.0625 0.0625
vt 0.0625 0.9375
vt 0.9375 0.9375
vt 0.9375 0.0625
vt 0.0625 0.0625
vt 0.0625 0.9375
vt 0.9375 0.9375
vt 0.9375 0.0625
vt 0.0625 0.0625
vt 0.0625 0.9375
vt 0.9375 0.9375
vt 0.9375 0.0625
vt 0.0625 0.0625
vt 0.0625 0.9375
vt 0.9375 0.9375
vt 0.9375 0.0625
vt 0.0625 0.0625
vt 0.0625 0.9375
vt 0.9375 0.9375
vt 0.9375 0.0625
vt 0.0625 0.0625
vt 0.0625 0.9375
vt 0.9375 0.9375
vt 0.9375 0.0625
vt 0.0625 0.0625
vt 0.0625 0.9375
vt 0.9375 0.9375
vt 0.9375 0.0625
vt 0.0625 0.0625
vt 0.0625 0.9375
vt 0.9375 0.9375
vt 0.9375 0.0625
vt 0.0625 0.0625
vt 0.0625 0.9375
vt 0.9375 0.9375
vt 0.9375 0.0625
vt 0.0625 0.0625
vt 0.0625 0.9375
vt 0.9375 0.9375
vt 0.9375 0.0625
vt 0.0625 0.0625
vt 0.0625 0.9375
vt 0.9375 0.9375
vt 0.9375 0.0625
vt 0.0625 0.0625
vt 0.0625 0.9375
vt 0.9375 0.9375
vt 0.9375 0.0625
vt 0.0625 0.0625
vt 0.0625 0.9375
vt 0.9375 0.9375
vt 0.9375 0.0625
vt 0.0625 0.0625
vt 0.0625 0.9375
vt 0.9375 0.9375
vt 0.9375 0.0625
vt 0.0625 0.0625
vt 0.0625 0.9375
vt 0.9375 0.9375
vt 0.9375 0.0625
vt 0.0625 0.0625
vt 0.0625 0.9375
vt 0.9375 0.9375
vt 0.9375 0.0625
vt 0.0625 0.0625
vt 0.0625 0.9375
vt 0.9375 0.9375
vt 0.9375 0.0625
vt 0.0625 0.0625
vt 0.0625 0.9375
vt 0.9375 0.9375
vt 0.9375 0.0625
vt 0.0625 0.0625
vt 0.0625 0.9375
vt 0.9375 0.9375
vt 0.9375 0.0625
vt 0.0625 0.0625
vt 0.0625 0.9375
vt 0.9375 0.9375
vt 0.9375 0.0625
vt 0.0625 0.0625
vt 0.0625 0.9375
vt 0.9375 0.9375
vt 0.9375 0.0625
vt 0.0625 0.0625
vt 0.0625 0.9375
vt 0.9375 0.9375
vt 0.9375 0.0625
vt 0.0625 0.0625
vt 0.0625 0.9375
vt 0.9375 0.9375
vt 0.9375 0.0625
vt 0.0625 0.0625
vt 0.0625 0.9375
vt 0.9375 0.9375
vt 0.9375 0.0625
vt 0.0625 0.0625
vt 0.0625 0.9375
vt 0.9375 0.9375
vt 0.9375 0.0625
vt 0.0625 0.0625
vt 0.0625 0.9375
vt 0.9375 0.9375
vt 0.9375 0.0625
vt 0.0625 0.0625
vt 0.0625 0.9375
vt 0.9375 0.9375
vt 0.9375 0.0625
vt 0.0625 0.0625
vt 0.0625 0.9375
vt 0.9375 0.9375
vt 0.9375 0.0625
vt 0.0625 0.0625
vt 0.0625 0.9375
vt 0.9375 0.9375
vt 0.9375 0.0625
vt 0.0625 0.0625
vt 0.0625 0.9375
vt 0.9375 0.9375
vt 0.9375 0.0625
vt 0.0625 0.0625
vt 0.0625 0.9375
vt 0.9375 0.9375
vt 0.9375 0.0625
vt 0.0625 0.0625
vt 0.0625 0.9375
vt 0.9375 0.9375
vt 0.9375 0.0625
vt 0.0625 0.0625
vt 0.0625 0.9375
vt 0.9375 0.9375
vt 0.9375 0.0625
vt 0.0625 0.0625
vt 0.0625 0.9375
vt 0.9375 0.9375
vt 0.9375 0.0625
vt 0.0625 0.0625
vt 0.0625 0.9375
vt 0.9375 0.9375
vt 0.9375 0.0625
vt 0.0625 0.0625
vt 0.0625 0.9375
vt 0.9375 0.9375
vt 0.9375 0.0625
vt 0.0625 0.0625
vt 0.0625 0.9375
vt 0.9375 0.9375
vt 0.9375 0.0625
vt 0.0625 0.0625
vt 0.0625 0.9375
vt 0.9375 0.9375
vt 0.9375 0.0625
vt 0.0625 0.0625
vt 0.0625 0.9375
vt 0.9375 0.9375
vt 0.9375 0.0625
vt 0.0625 0.0625
vt 0.0625 0.9375
vt 0.9375 0.9375
vt 0.9375 0.0625
vt 0.0625 0.0625
vt 0.0625 0.9375
vt 0.9375 0.9375
vt 0.9375 0.0625
vt 0.0625 0.0625
vt 0.0625 0.9375
vt 0.9375 0.9375
vt 0.9375 0.0625
vt 0.0625 0.0625
vt 0.0625 0.9375
vt 0.9375 0.9375
vt 0.9375 0.0625
vt 0.0625 0.0625
vt 0.0625 0.9375
vt 0.9375 0.9375
vt 0.9375 0.0625
vt 0.0625 0.0625
vt 0.0625 0.9375
vt 0.9375 0.9375
vt 0.9375 0.0625
vt 0.0625 0.0625
vt 0.0625 0.9375
vt 0.9375 0.9375
vt 0.9375 0.0625
vt 0.0625 0.0625
vt 0.0625 0.9375
vt 0.9375 0.9375
vt 0.9375 0.0625
vt 0.0625 0.0625
vt 0.0625 0.9375
vt 0.9375 0.9375
vt 0.9375 0.0625
vt 0.0625 0.0625
vt 0.0625 0.9375
vt 0.9375 0.9375
vt 0.9375 0.0625
vt 0.0625 0.0625
vt 0.0625 0.9375
vt 0.9375 0.9375
vt 0.9375 0.0625
vt 0.0625 0.0625
vt 0.0625 0.9375
vt 0.9375 0.9375
vt 0.9375 0.0625
vt 0.0625 0.0625
vt 0.0625 0.9375
vt 0.9375 0.9375
vt 0.9375 0.0625
vt 0.0625 0.0625
vt 0.0625 0.9375
vt 0.9375 0.9375
vt 0.9375 0.0625
vt 0.0625 0.0625
vt 0.0625 0.9375
vt 0.9375 0.9375
vt 0.9375 0.0625
vt 0.0625 0.0625
vt 0.0625 0.9375
vt 0.9375 0.9375
vt 0.9375 0.0625
vt 0.0625 0.0625
vt 0.0625 0.9375
vt 0.9375 0.9375
vt 0.9375 0.0625
vt 0.0625 0.0625
vt 0.0625 0.9375
vt 0.9375 0.9375
vt 0.9375 0.0625
vt 0.0625 0.0625
vt 0.0625 0.9375
vt 0.9375 0.9375
vt 0.9375 0.0625
vt 0.0625 0.0625
vt 0.0625 0.9375
vt 0.9375 0.9375
vt 0.9375 0.0625
vt 0.0625 0.0625
vt 0.0625 0.9375
vt 0.9375 0.9375
vt 0.9375 0.0625
vt 0.0625 0.0625
vt 0.0625 0.9375
vt 0.9375 0.9375
vt 0.9375 0.0625
vt 0.0625 0.0625
vt 0.0625 0.9375
vt 0.9375 0.9375
vt 0.9375 0.0625
vt 0.0625 0.0625
vt 0.0625 0.9375
vt 0.9375 0.9375
vt 0.9375 0.0625
vt 0.0625 0.0625
vt 0.0625 0.9375
vt 0.9375 0.9375
vt 0.9375 0.0625
vt 0.0625 0.0625
vt 0.0625 0.9375
vt 0.9375 0.9375
vt 0.9375 0.0625
vt 0.0625 0.0625
vt 0.0625 0.9375
vt 0.9375 0.9375
vt 0.9375 0.0625
vt 0.0625 0.0625
vt 0.0625 0.9375
vt 0.9375 0.9375
vt 0.9375 0.0625
vt 0.0625 0.0625
vt 0.0625 0.9375
vt 0.9375 0.9375
vt 0.9375 0.0625
vt 0.0625 0.0625
vt 0.915012622 0.445362552
vt 0.925934007 0.443924724
vt 0.896907309 0.33559561
vt 0.886730198 0.339811107
vt 0.886730198 0.339811107
vt 0.896907309 0.33559561
vt 0.840832033 0.238470383
vt 0.83209275 0.245176271
vt 0.83209275 0.245176271
vt 0.840832033 0.238470383
vt 0.761529617 0.159167967
vt 0.754823729 0.16790725
vt 0.754823729 0.16790725
vt 0.761529617 0.159167967
vt 0.66440439 0.103092691
vt 0.660188893 0.113269802
vt 0.660188893 0.113269802
vt 0.66440439 0.103092691
vt 0.556075276 0.0740659928
vt 0.554637448 0.0849873776
vt 0.554637448 0.0849873776
vt 0.556075276 0.0740659928
vt 0.443924724 0.0740659928
vt 0.445362552 0.0849873776
vt 0.445362552 0.0849873776
vt 0.443924724 0.0740659928
vt 0.33559561 0.103092691
vt 0.339811107 0.113269802
vt 0.339811107 0.113269802
vt 0.33559561 0.103092691
vt 0.238470383 0.159167967
vt 0.245176271 0.16790725
vt 0.245176271 0.16790725
vt 0.238470383 0.159167967
vt 0.159167967 0.238470383
vt 0.16790725 0.245176271
vt 0.16790725 0.245176271
vt 0.159167967 0.238470383
vt 0.103092691 0.33559561
vt 0.113269802 0.339811107
vt 0.113269802 0.339811107
vt 0.103092691 0.33559561
vt 0.0740659928 0.443924724
vt 0.0849873776 0.445362552
vt 0.0849873776 0.445362552
vt 0.0740659928 0.443924724
vt 0.0740659928 0.556075276
vt 0.0849873776 0.554637448
vt 0.0849873776 0.554637448
vt 0.0740659928 0.556075276
vt 0.103092691 0.66440439
vt 0.113269802 0.660188893
vt 0.113269802 0.660188893
vt 0.103092691 0.66440439
vt 0.159167967 0.761529617
vt 0.16790725 0.754823729
vt 0.16790725 0.754823729
vt 0.159167967 0.761529617
vt 0.238470383 0.840832033
vt 0.245176271 0.83209275
vt 0.245176271 0.83209275
vt 0.238470383 0.840832033
vt 0.33559561 0.896907309
vt 0.339811107 0.886730198
vt 0.339811107 0.886730198
vt 0.33559561 0.896907309
vt 0.443924724 0.925934007
vt 0.445362552 0.915012622
vt 0.445362552 0.915012622
vt 0.443924724 0.925934007
vt 0.556075276 0.925934007
vt 0.554637448 0.915012622
vt 0.554637448 0.915012622
vt 0.556075276 0.925934007
vt 0.66440439 0.896907309
vt 0.660188893 0.886730198
vt 0.660188893 0.886730198
vt 0.66440439 0.896907309
vt 0.761529617 0.840832033
vt 0.754823729 0.83209275
vt 0.754823729 0.83209275
vt 0.761529617 0.840832033
vt 0.840832033 0.761529617
vt 0.83209275 0.754823729
vt 0.83209275 0.754823729
vt 0.840832033 0.761529617
vt 0.896907309 0.66440439
vt 0.886730198 0.660188893
vt 0.886730198 0.660188893
vt 0.896907309 0.66440439
vt 0.925934007 0.556075276
vt 0.915012622 0.554637448
vt 0.915012622 0.554637448
vt 0.925934007 0.556075276
vt 0.925934007 0.443924724
vt 0.915012622 0.445362552
vt 0.925934007 0.443924724
vt 0.925934007 0.443924724
vt 0.896907309 0.33559561
vt 0.896907309 0.33559561
vt 0.896907309 0.33559561
vt 0.896907309 0.33559561
vt 0.840832033 0.238470383
vt 0.840832033 0.238470383
vt 0.840832033 0.238470383
vt 0.840832033 0.238470383
vt 0.761529617 0.159167967
vt 0.761529617 0.159167967
vt 0.761529617 0.159167967
vt 0.761529617 0.159167967
vt 0.66440439 0.103092691
vt 0.66440439 0.103092691
vt 0.66440439 0.103092691
vt 0.66440439 0.103092691
vt 0.556075276 0.0740659928
vt 0.556075276 0.0740659928
vt 0.556075276 0.0740659928
vt 0.556075276 0.0740659928
vt 0.443924724 0.0740659928
vt 0.443924724 0.0740659928
vt 0.443924724 0.0740659928
vt 0.443924724 0.0740659928
vt 0.33559561 0.103092691
vt 0.33559561 0.103092691
vt 0.33559561 0.103092691
vt 0.33559561 0.103092691
vt 0.238470383 0.159167967
vt 0.238470383 0.159167967
vt 0.238470383 0.159167967
vt 0.238470383 0.159167967
vt 0.159167967 0.238470383
vt 0.159167967 0.238470383
vt 0.159167967 0.238470383
vt 0.159167967 0.238470383
vt 0.103092691 0.33559561
vt 0.103092691 0.33559561
vt 0.103092691 0.33559561
vt 0.103092691 0.33559561
vt 0.0740659928 0.443924724
vt 0.0740659928 0.443924724
vt 0.0740659928 0.443924724
vt 0.0740659928 0.443924724
vt 0.0740659928 0.556075276
vt 0.0740659928 0.556075276
vt 0.0740659928 0.556075276
vt 0.0740659928 0.556075276
vt 0.103092691 0.66440439
vt 0.103092691 0.66440439
vt 0.103092691 0.66440439
vt 0.103092691 0.66440439
vt 0.159167967 0.761529617
vt 0.159167967 0.761529617
vt 0.159167967 0.761529617
vt 0.159167967 0.761529617
vt 0.238470383 0.840832033
vt 0.238470383 0.840832033
vt 0.238470383 0.840832033
vt 0.238470383 0.840832033
vt 0.33559561 0.896907309
vt 0.33559561 0.896907309
vt 0.33559561 0.896907309
vt 0.33559561 0.896907309
vt 0.443924724 0.925934007
vt 0.443924724 0.925934007
vt 0.443924724 0.925934007
vt 0.443924724 0.925934007
vt 0.556075276 0.925934007
vt 0.556075276 0.925934007
vt 0.556075276 0.925934007
vt 0.556075276 0.925934007
vt 0.66440439 0.896907309
vt 0.66440439 0.896907309
vt 0.66440439 0.896907309
vt 0.66440439 0.896907309
vt 0.761529617 0.840832033
vt 0.761529617 0.840832033
vt 0.761529617 0.840832033
vt 0.761529617 0.840832033
vt 0.840832033 0.761529617
vt 0.840832033 0.761529617
vt 0.840832033 0.761529617
vt 0.840832033 0.761529617
vt 0.896907309 0.66440439
vt 0.896907309 0.66440439
vt 0.896907309 0.66440439
vt 0.896907309 0.66440439
vt 0.925934007 0.556075276
vt 0.925934007 0.556075276
vt 0.925934007 0.556075276
vt 0.925934007 0.556075276
vt 0.925934007 0.443924724
vt 0.925934007 0.443924724
vt 0.925934007 0.443924724
vt 0.915012622 0.445362552
vt 0.886730198 0.339811107
vt 0.896907309 0.33559561
vt 0.896907309 0.33559561
vt 0.886730198 0.339811107
vt 0.83209275 0.245176271
vt 0.840832033 0.238470383
vt 0.840832033 0.238470383
vt 0.83209275 0.245176271
vt 0.754823729 0.16790725
vt 0.761529617 0.159167967
vt 0.761529617 0.159167967
vt 0.754823729 0.16790725
vt 0.660188893 0.113269802
vt 0.66440439 0.103092691
vt 0.66440439 0.103092691
vt 0.660188893 0.113269802
vt 0.554637448 0.0849873776
vt 0.556075276 0.0740659928
vt 0.556075276 0.0740659928
vt 0.554637448 0.0849873776
vt 0.445362552 0.0849873776
vt 0.443924724 0.0740659928
vt 0.443924724 0.0740659928
vt 0.445362552 0.0849873776
vt 0.339811107 0.113269802
vt 0.33559561 0.103092691
vt 0.33559561 0.103092691
vt 0.339811107 0.113269802
vt 0.245176271 0.16790725
vt 0.238470383 0.159167967
vt 0.238470383 0.159167967
vt 0.245176271 0.16790725
vt 0.16790725 0.245176271
vt 0.159167967 0.238470383
vt 0.159167967 0.238470383
vt 0.16790725 0.245176271
vt 0.113269802 0.339811107
vt 0.103092691 0.33559561
vt 0.103092691 0.33559561
vt 0.113269802 0.339811107
vt 0.0849873776 0.445362552
vt 0.0740659928 0.443924724
vt 0.0740659928 0.443924724
vt 0.0849873776 0.445362552
vt 0.0849873776 0.554637448
vt 0.0740659928 0.556075276
vt 0.0740659928 0.556075276
vt 0.0849873776 0.554637448
vt 0.113269802 0.660188893
vt 0.103092691 0.66440439
vt 0.103092691 0.66440439
vt 0.113269802 0.660188893
vt 0.16790725 0.754823729
vt 0.159167967 0.761529617
vt 0.159167967 0.761529617
vt 0.16790725 0.754823729
vt 0.245176271 0.83209275
vt 0.238470383 0.840832033
vt 0.238470383 0.840832033
vt 0.245176271 0.83209275
vt 0.339811107 0.886730198
vt 0.33559561 0.896907309
vt 0.33559561 0.896907309
vt 0.339811107 0.886730198
vt 0.445362552 0.915012622
vt 0.443924724 0.925934007
vt 0.443924724 0.925934007
vt 0.445362552 0.915012622
vt 0.554637448 0.915012622
vt 0.556075276 0.925934007
vt 0.556075276 0.925934007
vt 0.554637448 0.915012622
vt 0.660188893 0.886730198
vt 0.66440439 0.896907309
vt 0.66440439 0.896907309
vt 0.660188893 0.886730198
vt 0.754823729 0.83209275
vt 0.761529617 0.840832033
vt 0.761529617 0.840832033
vt 0.754823729 0.83209275
vt 0.83209275 0.754823729
vt 0.840832033 0.761529617
vt 0.840832033 0.761529617
vt 0.83209275 0.754823729
vt 0.886730198 0.660188893
vt 0.896907309 0.66440439
vt 0.896907309 0.66440439
vt 0.886730198 0.660188893
vt 0.915012622 0.554637448
vt 0.925934007 0.556075276
vt 0.925934007 0.556075276
vt 0.915012622 0.554637448
vt 0.915012622 0.445362552
vt 0.925934007 0.443924724
vt 0.5 0.5
vt 0.915012622 0.445362552
vt 0.886730198 0.339811107
vt 0.5 0.5
vt 0.886730198 0.339811107
vt 0.915012622 0.445362552
vt 0.5 0.5
vt 0.886730198 0.339811107
vt 0.83209275 0.245176271
vt 0.5 0.5
vt 0.83209275 0.245176271
vt 0.886730198 0.339811107
vt 0.5 0.5
vt 0.83209275 0.245176271
vt 0.754823729 0.16790725
vt 0.5 0.5
vt 0.754823729 0.16790725
vt 0.83209275 0.245176271
vt 0.5 0.5
vt 0.754823729 0.16790725
vt 0.660188893 0.113269802
vt 0.5 0.5
vt 0.660188893 0.113269802
vt 0.754823729 0.16790725
vt 0.5 0.5
vt 0.660188893 0.113269802
vt 0.554637448 0.0849873776
vt 0.5 0.5
vt 0.554637448 0.0849873776
vt 0.660188893 0.113269802
vt 0.5 0.5
vt 0.554637448 0.0849873776
vt 0.445362552 0.0849873776
vt 0.5 0.5
vt 0.445362552 0.0849873776
vt 0.554637448 0.0849873776
vt 0.5 0.5
vt 0.445362552 0.0849873776
vt 0.339811107 0.113269802
vt 0.5 0.5
vt 0.339811107 0.113269802
vt 0.445362552 0.0849873776
vt 0.5 0.5
vt 0.339811107 0.113269802
vt 0.245176271 0.16790725
vt 0.5 0.5
vt 0.245176271 0.16790725
vt 0.339811107 0.113269802
vt 0.5 0.5
vt 0.245176271 0.16790725
vt 0.16790725 0.245176271
vt 0.5 0.5
vt 0.16790725 0.245176271
vt 0.245176271 0.16790725
vt 0.5 0.5
vt 0.16790725 0.245176271
vt 0.113269802 0.339811107
vt 0.5 0.5
vt 0.113269802 0.339811107
vt 0.16790725 0.245176271
vt 0.5 0.5
vt 0.113269802 0.339811107
vt 0.0849873776 0.445362552
vt 0.5 0.5
vt 0.0849873776 0.445362552
vt 0.113269802 0.339811107
vt 0.5 0.5
vt 0.0849873776 0.445362552
vt 0.0849873776 0.554637448
vt 0.5 0.5
vt 0.0849873776 0.554637448
vt 0.0849873776 0.445362552
vt 0.5 0.5
vt 0.0849873776 0.554637448
vt 0.113269802 0.660188893
vt 0.5 0.5
vt 0.113269802 0.660188893
vt 0.0849873776 0.554637448
vt 0.5 0.5
vt 0.113269802 0.660188893
vt 0.16790725 0.754823729
vt 0.5 0.5
vt 0.16790725 0.754823729
vt 0.113269802 0.660188893
vt 0.5 0.5
vt 0.16790725 0.754823729
vt 0.245176271 0.83209275
vt 0.5 0.5
vt 0.245176271 0.83209275
vt 0.16790725 0.754823729
vt 0.5 0.5
vt 0.245176271 0.83209275
vt 0.339811107 0.886730198
vt 0.5 0.5
vt 0.339811107 0.886730198
vt 0.245176271 0.83209275
vt 0.5 0.5
vt 0.339811107 0.886730198
vt 0.445362552 0.915012622
vt 0.5 0.5
vt 0.445362552 0.915012622
vt 0.339811107 0.886730198
vt 0.5 0.5
vt 0.445362552 0.915012622
vt 0.554637448 0.915012622
vt 0.5 0.5
vt 0.554637448 0.915012622
vt 0.445362552 0.915012622
vt 0.5 0.5
vt 0.554637448 0.915012622
vt 0.660188893 0.886730198
vt 0.5 0.5
vt 0.660188893 0.886730198
vt 0.554637448 0.915012622
vt 0.5 0.5
vt 0.660188893 0.886730198
vt 0.754823729 0.83209275
vt 0.5 0.5
vt 0.754823729 0.83209275
vt 0.660188893 0.886730198
vt 0.5 0.5
vt 0.754823729 0.83209275
vt 0.83209275 0.754823729
vt 0.5 0.5
vt 0.83209275 0.754823729
vt 0.754823729 0.83209275
vt 0.5 0.5
vt 0.83209275 0.754823729
vt 0.886730198 0.660188893
vt 0.5 0.5
vt 0.886730198 0.660188893
vt 0.83209275 0.754823729
vt 0.5 0.5
vt 0.886730198 0.660188893
vt 0.915012622 0.554637448
vt 0.5 0.5
vt 0.915012622 0.554637448
vt 0.886730198 0.660188893
vt 0.5 0.5
vt 0.915012622 0.554637448
vt 0.915012622 0.445362552
vt 0.5 0.5
vt 0.915012622 0.445362552
vt 0.915012622 0.554637448
vt 0.99742268 0
vt 0.99742268 0.000901442308
vt 0.00257731959 0.000901442308
vt 0.00257731959 0
vt 0.00257731959 0
vt 0.00257731959 0.000901442308
vt 0 0.000901442308
vt 0.00103092784 0
vt 0.00103092784 0
vt 0 0.000901442308
vt 0 0.000901442308
vt 0.00103092784 0
vt 0.00103092784 0
vt 0 0.000901442308
vt 0.00257731959 0.000901442308
vt 0.00257731959 0
vt 0.00257731959 0
vt 0.00257731959 0.000901442308
vt 0.99742268 0.000901442308
vt 0.99742268 0
vt 0.99742268 0
vt 0.99742268 0.000901442308
vt 1 0.000901442308
vt 0.998969072 0
vt 0.998969072 0
vt 1 0.000901442308
vt 1 0.000901442308
vt 0.998969072 0
vt 0.998969072 0
vt 1 0.000901442308
vt 0.99742268 0.000901442308
vt 0.99742268 0
vt 0.99742268 0.000901442308
vt 0.99742268 0.233473558
vt 0.00257731959 0.233473558
vt 0.00257731959 0.000901442308
vt 0.00257731959 0.000901442308
vt 0.00257731959 0.233473558
vt 0 0.233473558
vt 0 0.000901442308
vt 0 0.000901442308
vt 0 0.233473558
vt 0 0.233473558
vt 0 0.000901442308
vt 0 0.000901442308
vt 0 0.233473558
vt 0.00257731959 0.233473558
vt 0.00257731959 0.000901442308
vt 0.00257731959 0.000901442308
vt 0.00257731959 0.233473558
vt 0.99742268 0.233473558
vt 0.99742268 0.000901442308
vt 0.99742268 0.000901442308
vt 0.99742268 0.233473558
vt 1 0.233473558
vt 1 0.000901442308
vt 1 0.000901442308
vt 1 0.233473558
vt 1 0.233473558
vt 1 0.000901442308
vt 1 0.000901442308
vt 1 0.233473558
vt 0.99742268 0.233473558
vt 0.99742268 0.000901442308
vt 0.99742268 0.233473558
vt 0.99742268 0.234375
vt 0.00257731959 0.234375
vt 0.00257731959 0.233473558
vt 0.00257731959 0.233473558
vt 0.00257731959 0.234375
vt 0.00103092784 0.234375
vt 0 0.233473558
vt 0 0.233473558
vt 0.00103092784 0.234375
vt 0.00103092784 0.234375
vt 0 0.233473558
vt 0 0.233473558
vt 0.00103092784 0.234375
vt 0.00257731959 0.234375
vt 0.00257731959 0.233473558
vt 0.00257731959 0.233473558
vt 0.00257731959 0.234375
vt 0.99742268 0.234375
vt 0.99742268 0.233473558
vt 0.99742268 0.233473558
vt 0.99742268 0.234375
vt 0.998969072 0.234375
vt 1 0.233473558
vt 1 0.233473558
vt 0.998969072 0.234375
vt 0.998969072 0.234375
vt 1 0.233473558
vt 1 0.233473558
vt 0.998969072 0.234375
vt 0.99742268 0.234375
vt 0.99742268 0.233473558
vt 0.5 0
vt 0.99742268 0
vt 0.00257731959 0
vt 0.5 0.234375
vt 0.00257731959 0.234375
vt 0.99742268 0.234375
vt 0.5 0
vt 0.00257731959 0
vt 0.00103092784 0
vt 0.5 0.234375
vt 0.00103092784 0.234375
vt 0.00257731959 0.234375
vt 0.5 0
vt 0.00103092784 0
vt 0.00103092784 0
vt 0.5 0.234375
vt 0.00103092784 0.234375
vt 0.00103092784 0.234375
vt 0.5 0
vt 0.00103092784 0
vt 0.00257731959 0
vt 0.5 0.234375
vt 0.00257731959 0.234375
vt 0.00103092784 0.234375
vt 0.5 0
vt 0.00257731959 0
vt 0.99742268 0
vt 0.5 0.234375
vt 0.99742268 0.234375
vt 0.00257731959 0.234375
vt 0.5 0
vt 0.99742268 0
vt 0.998969072 0
vt 0.5 0.234375
vt 0.998969072 0.234375
vt 0.99742268 0.234375
vt 0.5 0
vt 0.998969072 0
vt 0.998969072 0
vt 0.5 0.234375
vt 0.998969072 0.234375
vt 0.998969072 0.234375
vt 0.5 0
vt 0.998969072 0
vt 0.99742268 0
vt 0.5 0.234375
vt 0.99742268 0.234375
vt 0.998969072 0.234375
vt 0.0625 0.9375
vt 0.9375 0.9375
vt 0.9375 0.0625
vt 0.0625 0.0625
vt 0.0625 0.9375
vt 0.9375 0.9375
vt 0.9375 0.0625
vt 0.0625 0.0625
vt 0.0625 0.9375
vt 0.9375 0.9375
vt 0.9375 0.0625
vt 0.0625 0.0625
vt 0.0625 0.9375
vt 0.9375 0.9375
vt 0.9375 0.0625
vt 0.0625 0.0625
vt 0.0625 0.9375
vt 0.9375 0.9375
vt 0.9375 0.0625
vt 0.0625 0.0625
vt 0.0625 0.9375
vt 0.9375 0.9375
vt 0.9375 0.0625
vt 0.0625 0.0625
vt 0.0625 0.9375
vt 0.9375 0.9375
vt 0.9375 0.0625
vt 0.0625 0.0625
vt 0.0625 0.9375
vt 0.9375 0.9375
vt 0.9375 0.0625
vt 0.0625 0.0625
vt 0.0625 0.9375
vt 0.9375 0.9375
vt 0.9375 0.0625
vt 0.0625 0.0625
vt 0.0625 0.9375
vt 0.9375 0.9375
vt 0.9375 0.0625
vt 0.0625 0.0625
vt 0.0625 0.9375
vt 0.9375 0.9375
vt 0.9375 0.0625
vt 0.0625 0.0625
vt 0.0625 0.9375
vt 0.9375 0.9375
vt 0.9375 0.0625
vt 0.0625 0.0625
vt 0.0625 0.9375
vt 0.9375 0.9375
vt 0.9375 0.0625
vt 0.0625 0.0625
vt 0.0625 0.9375
vt 0.9375 0.9375
vt 0.9375 0.0625
vt 0.0625 0.0625
vt 0.0625 0.9375
vt 0.9375 0.9375
vt 0.9375 0.0625
vt 0.0625 0.0625
vt 0.0625 0.9375
vt 0.9375 0.9375
vt 0.9375 0.0625
vt 0.0625 0.0625
vt 0.0625 0.9375
vt 0.9375 0.9375
vt 0.9375 0.0625
vt 0.0625 0.0625
vt 0.0625 0.9375
vt 0.9375 0.9375
vt 0.9375 0.0625
vt 0.0625 0.0625
vt 0.0625 0.9375
vt 0.9375 0.9375
vt 0.9375 0.0625
vt 0.0625 0.0625
vt 0.0625 0.9375
vt 0.9375 0.9375
vt 0.9375 0.0625
vt 0.0625 0.0625
vt 0.0625 0.9375
vt 0.9375 0.9375
vt 0.9375 0.0625
vt 0.0625 0.0625
vt 0.0625 0.9375
vt 0.9375 0.9375
vt 0.9375 0.0625
vt 0.0625 0.0625
vt 0.0625 0.9375
vt 0.9375 0.9375
vt 0.9375 0.0625
vt 0.0625 0.0625
vt 0.0625 0.9375
vt 0.9375 0.9375
vt 0.9375 0.0625
vt 0.0625 0.0625
vt 0.0625 0.9375
vt 0.9375 0.9375
vt 0.9375 0.0625
vt 0.0625 0.9375
vt 0.9375 0.9375
vt 0.9375 0.0625
vt 0.0625 0.9375
vt 0.9375 0.9375
vt 0.9375 0.0625
vt 0.0625 0.9375
vt 0.9375 0.9375
vt 0.9375 0.0625
vt 0.0625 0.9375
vt 0.9375 0.9375
vt 0.9375 0.0625
vt 0.0625 0.9375
vt 0.9375 0.9375
vt 0.9375 0.0625
vt 0.0625 0.9375
vt 0.9375 0.9375
vt 0.9375 0.0625
vt 0.0625 0.9375
vt 0.9375 0.9375
vt 0.9375 0.0625
vt 0.0625 0.9375
vt 0.9375 0.9375
vt 0.9375 0.0625
vt 0.0625 0.9375
vt 0.9375 0.9375
vt 0.9375 0.0625
vt 0.0625 0.9375
vt 0.9375 0.9375
vt 0.9375 0.0625
vt 0.0625 0.9375
vt 0.9375 0.9375
vt 0.9375 0.0625
vt 0.0625 0.9375
vt 0.9375 0.9375
vt 0.9375 0.0625
vt 0.0625 0.9375
vt 0.9375 0.9375
vt 0.9375 0.0625
vt 0.0625 0.9375
vt 0.9375 0.9375
vt 0.9375 0.0625
vt 0.0625 0.9375
vt 0.9375 0.9375
vt 0.9375 0.0625
vt 0.0625 0.9375
vt 0.9375 0.9375
vt 0.9375 0.0625
vt 0.0625 0.0625
vt 0.0625 0.9375
vt 0.9375 0.9375
vt 0.9375 0.0625
vt 0.0625 0.0625
vt 0.0625 0.9375
vt 0.9375 0.9375
vt 0.9375 0.0625
vt 0.0625 0.0625
vt 0.0625 0.9375
vt 0.9375 0.9375
vt 0.9375 0.0625
vt 0.0625 0.0625
vt 0.0625 0.9375
vt 0.9375 0.9375
vt 0.9375 0.0625
vt 0.0625 0.0625
vt 0.0625 0.9375
vt 0.9375 0.9375
vt 0.9375 0.0625
vt 0.0625 0.0625
vt 0.0625 0.9375
vt 0.9375 0.9375
vt 0.9375 0.0625
vt 0.0625 0.0625
vt 0.0625 0.9375
vt 0.9375 0.9375
vt 0.9375 0.0625
vt 0.0625 0.0625
vt 0.0625 0.9375
vt 0.9375 0.9375
vt 0.9375 0.0625
vt 0.0625 0.0625
vt 0.0625 0.9375
vt 0.9375 0.9375
vt 0.9375 0.0625
vt 0.0625 0.0625
vt 0.0625 0.9375
vt 0.9375 0.9375
vt 0.9375 0.0625
vt 0.0625 0.0625
vt 0.0625 0.9375
vt 0.9375 0.9375
vt 0.9375 0.0625
vt 0.0625 0.0625
vt 0.0625 0.9375
vt 0.9375 0.9375
vt 0.9375 0.0625
vt 0.0625 0.0625
vt 0.0625 0.9375
vt 0.9375 0.9375
vt 0.9375 0.0625
vt 0.0625 0.0625
vt 0.0625 0.9375
vt 0.9375 0.9375
vt 0.9375 0.0625
vt 0.0625 0.0625
vt 0.0625 0.9375
vt 0.9375 0.9375
vt 0.9375 0.0625
vt 0.0625 0.0625
vt 0.0625 0.9375
vt 0.9375 0.9375
vt 0.9375 0.0625
vt 0.0625 0.0625
vt 0.0625 0.9375
vt 0.9375 0.9375
vt 0.9375 0.0625
vt 0.0625 0.0625
vt 0.0625 0.9375
vt 0.9375 0.9375
vt 0.9375 0.0625
vt 0.0625 0.0625
vt 0.0625 0.9375
vt 0.9375 0.9375
vt 0.9375 0.0625
vt 0.0625 0.0625
vt 0.0625 0.9375
vt 0.9375 0.9375
vt 0.9375 0.0625
vt 0.0625 0.0625
vt 0.0625 0.9375
vt 0.9375 0.9375
vt 0.9375 0.0625
vt 0.0625 0.0625
vt 0.0625 0.9375
vt 0.9375 0.9375
vt 0.9375 0.0625
vt 0.0625 0.0625
vt 0.0625 0.9375
vt 0.9375 0.9375
vt 0.9375 0.0625
vt 0.0625 0.0625
vt 0.0625 0.9375
vt 0.9375 0.9375
vt 0.9375 0.0625
vt 0.0625 0.9375
vt 0.9375 0.9375
vt 0.9375 0.0625
vt 0.0625 0.9375
vt 0.9375 0.9375
vt 0.9375 0.0625
vt 0.0625 0.9375
vt 0.9375 0.9375
vt 0.9375 0.0625
vt 0.0625 0.9375
vt 0.9375 0.9375
vt 0.9375 0.0625
vt 0.0625 0.9375
vt 0.9375 0.9375
vt 0.9375 0.0625
vt 0.0625 0.9375
vt 0.9375 0.9375
vt 0.9375 0.0625
vt 0.0625 0.9375
vt 0.9375 0.9375
vt 0.9375 0.0625
vt 0.0625 0.9375
vt 0.9375 0.9375
vt 0.9375 0.0625
vt 0.0625 0.9375
vt 0.9375 0.9375
vt 0.9375 0.0625
vt 0.0625 0.9375
vt 0.9375 0.9375
vt 0.9375 0.0625
vt 0.0625 0.9375
vt 0.9375 0.9375
vt 0.9375 0.0625
vt 0.0625 0.9375
vt 0.9375 0.9375
vt 0.9375 0.0625
vt 0.0625 0.9375
vt 0.9375 0.9375
vt 0.9375 0.0625
vt 0.0625 0.9375
vt 0.9375 0.9375
vt 0.9375 0.0625
vt 0.0625 0.9375
vt 0.9375 0.9375
vt 0.9375 0.0625
vt 0.0625 0.9375
vt 0.9375 0.9375
vt 0.9375 0.0625
vt 0.0625 0.0625
vt 0.0625 0.9375
vt 0.9375 0.9375
vt 0.9375 0.0625
vt 0.0625 0.0625
vt 0.0625 0.9375
vt 0.9375 0.9375
vt 0.9375 0.0625
vt 0.0625 0.0625
vt 0.0625 0.9375
vt 0.9375 0.9375
vt 0.9375 0.0625
vt 0.0625 0.0625
vt 0.0625 0.9375
vt 0.9375 0.9375
vt 0.9375 0.0625
vt 0.0625 0.0625
vt 0.0625 0.9375
vt 0.9375 0.9375
vt 0.9375 0.0625
vt 0.0625 0.0625
vt 0.0625 0.9375
vt 0.9375 0.9375
vt 0.9375 0.0625
vt 0.0625 0.0625
vt 0.0625 0.9375
vt 0.9375 0.9375
vt 0.9375 0.0625
vt 0.0625 0.0625
vt 0.0625 0.9375
vt 0.9375 0.9375
vt 0.9375 0.0625
vt 0.0625 0.0625
vt 0.0625 0.9375
vt 0.9375 0.9375
vt 0.9375 0.0625
vt 0.0625 0.0625
vt 0.0625 0.9375
vt 0.9375 0.9375
vt 0.9375 0.0625
vt 0.0625 0.0625
vt 0.0625 0.9375
vt 0.9375 0.9375
vt 0.9375 0.0625
vt 0.0625 0.0625
vt 0.0625 0.9375
vt 0.9375 0.9375
vt 0.9375 0.0625
vt 0.0625 0.0625
vt 0.0625 0.9375
vt 0.9375 0.9375
vt 0.9375 0.0625
vt 0.0625 0.0625
vt 0.0625 0.9375
vt 0.9375 0.9375
vt 0.9375 0.0625
vt 0.0625 0.0625
vt 0.0625 0.9375
vt 0.9375 0.9375
vt 0.9375 0.0625
vt 0.0625 0.0625
vt 0.0625 0.9375
vt 0.9375 0.9375
vt 0.9375 0.0625
vt 0.0625 0.0625
vt 0.0625 0.9375
vt 0.9375 0.9375
vt 0.9375 0.0625
vt 0.0625 0.0625
vt 0.0625 0.9375
vt 0.9375 0.9375
vt 0.9375 0.0625
vt 0.0625 0.0625
vt 0.0625 0.9375
vt 0.9375 0.9375
vt 0.9375 0.0625
vt 0.0625 0.0625
vt 0.0625 0.9375
vt 0.9375 0.9375
vt 0.9375 0.0625
vt 0.0625 0.0625
vt 0.0625 0.9375
vt 0.9375 0.9375
vt 0.9375 0.0625
vt 0.0625 0.0625
vt 0.0625 0.9375
vt 0.9375 0.9375
vt 0.9375 0.0625
vt 0.0625 0.0625
vt 0.0625 0.9375
vt 0.9375 0.9375
vt 0.9375 0.0625
vt 0.0625 0.0625
vt 0.0625 0.9375
vt 0.9375 0.9375
vt 0.9375 0.0625
vt 0.0625 0.9375
vt 0.9375 0.9375
vt 0.9375 0.0625
vt 0.0625 0.9375
vt 0.9375 0.9375
vt 0.9375 0.0625
vt 0.0625 0.9375
vt 0.9375 0.9375
vt 0.9375 0.0625
vt 0.0625 0.9375
vt 0.9375 0.9375
vt 0.9375 0.0625
vt 0.0625 0.9375
vt 0.9375 0.9375
vt 0.9375 0.0625
vt 0.0625 0.9375
vt 0.9375 0.9375
vt 0.9375 0.0625
vt 0.0625 0.9375
vt 0.9375 0.9375
vt 0.9375 0.0625
vt 0.0625 0.9375
vt 0.9375 0.9375
vt 0.9375 0.0625
vt 0.0625 0.9375
vt 0.9375 0.9375
vt 0.9375 0.0625
vt 0.0625 0.9375
vt 0.9375 0.9375
vt 0.9375 0.0625
vt 0.0625 0.9375
vt 0.9375 0.9375
vt 0.9375 0.0625
vt 0.0625 0.9375
vt 0.9375 0.9375
vt 0.9375 0.0625
vt 0.0625 0.9375
vt 0.9375 0.9375
vt 0.9375 0.0625
vt 0.0625 0.9375
vt 0.9375 0.9375
vt 0.9375 0.0625
vt 0.0625 0.9375
vt 0.9375 0.9375
vt 0.9375 0.0625
vt 0.0625 0.9375
vt 0.9375 0.9375
vt 0.9375 0.0625
vt 0.0625 0.0625
vt 0.0625 0.9375
vt 0.9375 0.9375
vt 0.9375 0.0625
vt 0.0625 0.0625
vt 0.0625 0.9375
vt 0.9375 0.9375
vt 0.9375 0.0625
vt 0.0625 0.0625
vt 0.0625 0.9375
vt 0.9375 0.9375
vt 0.9375 0.0625
vt 0.0625 0.0625
vt 0.0625 0.9375
vt 0.9375 0.9375
vt 0.9375 0.0625
vt 0.0625 0.0625
vt 0.0625 0.9375
vt 0.9375 0.9375
vt 0.9375 0.0625
vt 0.0625 0.0625
vt 0.0625 0.9375
vt 0.9375 0.9375
vt 0.9375 0.0625
vt 0.0625 0.0625
vt 0.0625 0.9375
vt 0.9375 0.9375
vt 0.9375 0.0625
vt 0.0625 0.0625
vt 0.0625 0.9375
vt 0.9375 0.9375
vt 0.9375 0.0625
vt 0.0625 0.0625
vt 0.0625 0.9375
vt 0.9375 0.9375
vt 0.9375 0.0625
vt 0.0625 0.0625
vt 0.0625 0.9375
vt 0.9375 0.9375
vt 0.9375 0.0625
vt 0.0625 0.0625
vt 0.0625 0.9375
vt 0.9375 0.9375
vt 0.9375 0.0625
vt 0.0625 0.0625
vt 0.0625 0.9375
vt 0.9375 0.9375
vt 0.9375 0.0625
vt 0.0625 0.0625
vt 0.0625 0.9375
vt 0.9375 0.9375
vt 0.9375 0.0625
vt 0.0625 0.0625
vt 0.0625 0.9375
vt 0.9375 0.9375
vt 0.9375 0.0625
vt 0.0625 0.0625
vt 0.0625 0.9375
vt 0.9375 0.9375
vt 0.9375 0.0625
vt 0.0625 0.0625
vt 0.0625 0.9375
vt 0.9375 0.9375
vt 0.9375 0.0625
vt 0.0625 0.0625
vt 0.0625 0.9375
vt 0.9375 0.9375
vt 0.9375 0.0625
vt 0.0625 0.0625
vt 0.0625 0.9375
vt 0.9375 0.9375
vt 0.9375 0.0625
vt 0.0625 0.0625
vt 0.0625 0.9375
vt 0.9375 0.9375
vt 0.9375 0.0625
vt 0.0625 0.0625
vt 0.0625 0.9375
vt 0.9375 0.9375
vt 0.9375 0.0625
vt 0.0625 0.0625
vt 0.0625 0.9375
vt 0.9375 0.9375
vt 0.9375 0.0625
vt 0.0625 0.0625
vt 0.0625 0.9375
vt 0.9375 0.9375
vt 0.9375 0.0625
vt 0.0625 0.0625
vt 0.0625 0.9375
vt 0.9375 0.9375
vt 0.9375 0.0625
vt 0.0625 0.0625
vt 0.0625 0.9375
vt 0.9375 0.9375
vt 0.9375 0.0625
vt 0.0625 0.9375
vt 0.9375 0.9375
vt 0.9375 0.0625
vt 0.0625 0.9375
vt 0.9375 0.9375
vt 0.9375 0.0625
vt 0.0625 0.9375
vt 0.9375 0.9375
vt 0.9375 0.0625
vt 0.0625 0.9375
vt 0.9375 0.9375
vt 0.9375 0.0625
vt 0.0625 0.9375
vt 0.9375 0.9375
vt 0.9375 0.0625
vt 0.0625 0.9375
vt 0.9375 0.9375
vt 0.9375 0.0625
vt 0.0625 0.9375
vt 0.9375 0.9375
vt 0.9375 0.0625
vt 0.0625 0.9375
vt 0.9375 0.9375
vt 0.9375 0.0625
vt 0.0625 0.9375
vt 0.9375 0.9375
vt 0.9375 0.0625
vt 0.0625 0.9375
vt 0.9375 0.9375
vt 0.9375 0.0625
vt 0.0625 0.9375
vt 0.9375 0.9375
vt 0.9375 0.0625
vt 0.0625 0.9375
vt 0.9375 0.9375
vt 0.9375 0.0625
vt 0.0625 0.9375
vt 0.9375 0.9375
vt 0.9375 0.0625
vt 0.0625 0.9375
vt 0.9375 0.9375
vt 0.9375 0.0625
vt 0.0625 0.9375
vt 0.9375 0.9375
vt 0.9375 0.0625
vt 0.0625 0.9375
vt 0.9375 0.9375
vt 0.9375 0.0625
vt 0.0625 0.0625
vt 0.0625 0.9375
vt 0.9375 0.9375
vt 0.9375 0.0625
vt 0.0625 0.0625
vt 0.0625 0.9375
vt 0.9375 0.9375
vt 0.9375 0.0625
vt 0.0625 0.0625
vt 0.0625 0.9375
vt 0.9375 0.9375
vt 0.9375 0.0625
vt 0.0625 0.0625
vt 0.0625 0.9375
vt 0.9375 0.9375
vt 0.9375 0.0625
vt 0.0625 0.0625
vt 0.0625 0.9375
vt 0.9375 0.9375
vt 0.9375 0.0625
vt 0.0625 0.0625
vt 0.0625 0.9375
vt 0.9375 0.9375
vt 0.9375 0.0625
vt 0.0625 0.0625
vt 0.0625 0.9375
vt 0.9375 0.9375
vt 0.9375 0.0625
vt 0.0625 0.0625
vt 0.0625 0.9375
vt 0.9375 0.9375
vt 0.9375 0.0625
vt 0.0625 0.0625
vt 0.0625 0.9375
vt 0.9375 0.9375
vt 0.9375 0.0625
vt 0.0625 0.0625
vt 0.0625 0.9375
vt 0.9375 0.9375
vt 0.9375 0.0625
vt 0.0625 0.0625
vt 0.0625 0.9375
vt 0.9375 0.9375
vt 0.9375 0.0625
vt 0.0625 0.0625
vt 0.0625 0.9375
vt 0.9375 0.9375
vt 0.9375 0.0625
vt 0.0625 0.0625
vt 0.0625 0.9375
vt 0.9375 0.9375
vt 0.9375 0.0625
vt 0.0625 0.0625
vt 0.0625 0.9375
vt 0.9375 0.9375
vt 0.9375 0.0625
vt 0.0625 0.0625
vt 0.0625 0.9375
vt 0.9375 0.9375
vt 0.9375 0.0625
vt 0.0625 0.0625
vt 0.0625 0.9375
vt 0.9375 0.9375
vt 0.9375 0.0625
vt 0.0625 0.0625
vt 0.0625 0.9375
vt 0.9375 0.9375
vt 0.9375 0.0625
vt 0.0625 0.0625
vt 0.0625 0.9375
vt 0.9375 0.9375
vt 0.9375 0.0625
vt 0.0625 0.0625
vt 0.0625 0.9375
vt 0.9375 0.9375
vt 0.9375 0.0625
vt 0.0625 0.0625
vt 0.0625 0.9375
vt 0.9375 0.9375
vt 0.9375 0.0625
vt 0.0625 0.0625
vt 0.0625 0.9375
vt 0.9375 0.9375
vt 0.9375 0.0625
vt 0.0625 0.0625
vt 0.0625 0.9375
vt 0.9375 0.9375
vt 0.9375 0.0625
vt 0.0625 0.0625
vt 0.0625 0.9375
vt 0.9375 0.9375
vt 0.9375 0.0625
vt 0.0625 0.0625
vt 0.0625 0.9375
vt 0.9375 0.9375
vt 0.9375 0.0625
vt 0.0625 0.9375
vt 0.9375 0.9375
vt 0.9375 0.0625
vt 0.0625 0.9375
vt 0.9375 0.9375
vt 0.9375 0.0625
vt 0.0625 0.9375
vt 0.9375 0.9375
vt 0.9375 0.0625
vt 0.0625 0.9375
vt 0.9375 0.9375
vt 0.9375 0.0625
vt 0.0625 0.9375
vt 0.9375 0.9375
vt 0.9375 0.0625
vt 0.0625 0.9375
vt 0.9375 0.9375
vt 0.9375 0.0625
vt 0.0625 0.9375
vt 0.9375 0.9375
vt 0.9375 0.0625
vt 0.0625 0.9375
vt 0.9375 0.9375
vt 0.9375 0.0625
vt 0.0625 0.9375
vt 0.9375 0.9375
vt 0.9375 0.0625
vt 0.0625 0.9375
vt 0.9375 0.9375
vt 0.9375 0.0625
vt 0.0625 0.9375
vt 0.9375 0.9375
vt 0.9375 0.0625
vt 0.0625 0.9375
vt 0.9375 0.9375
vt 0.9375 0.0625
vt 0.0625 0.9375
vt 0.9375 0.9375
vt 0.9375 0.0625
vt 0.0625 0.9375
vt 0.9375 0.9375
vt 0.9375 0.0625
vt 0.0625 0.9375
vt 0.9375 0.9375
vt 0.9375 0.0625
vt 0.0625 0.9375
vt 0.9375 0.9375
vt 0.9375 0.0625
vt 0.0625 0.0625
vt 0.0625 0.9375
vt 0.9375 0.9375
vt 0.9375 0.0625
vt 0.0625 0.0625
vt 0.0625 0.9375
vt 0.9375 0.9375
vt 0.9375 0.0625
vt 0.0625 0.0625
vt 0.0625 0.9375
vt 0.9375 0.9375
vt 0.9375 0.0625
vt 0.0625 0.0625
vt 0.0625 0.9375
vt 0.9375 0.9375
vt 0.9375 0.0625
vt 0.0625 0.0625
vt 0.0625 0.9375
vt 0.9375 0.9375
vt 0.9375 0.0625
vt 0.0625 0.0625
vt 0.0625 0.9375
vt 0.9375 0.9375
vt 0.9375 0.0625
vt 0.0625 0.0625
vt 0.0625 0.9375
vt 0.9375 0.9375
vt 0.9375 0.0625
vt 0.0625 0.0625
vt 0.0625 0.9375
vt 0.9375 0.9375
vt 0.9375 0.0625
vt 0.0625 0.0625
vt 0.0625 0.9375
vt 0.9375 0.9375
vt 0.9375 0.0625
vt 0.0625 0.0625
vt 0.0625 0.9375
vt 0.9375 0.9375
vt 0.9375 0.0625
vt 0.0625 0.0625
vt 0.0625 0.9375
vt 0.9375 0.9375
vt 0.9375 0.0625
vt 0.0625 0.0625
vt 0.0625 0.9375
vt 0.9375 0.9375
vt 0.9375 0.0625
vt 0.0625 0.0625
vt 0.0625 0.9375
vt 0.9375 0.9375
vt 0.9375 0.0625
vt 0.0625 0.0625
vt 0.0625 0.9375
vt 0.9375 0.9375
vt 0.9375 0.0625
vt 0.0625 0.0625
vt 0.0625 0.9375
vt 0.9375 0.9375
vt 0.9375 0.0625
vt 0.0625 0.0625
vt 0.0625 0.9375
vt 0.9375 0.9375
vt 0.9375 0.0625
vt 0.0625 0.0625
vt 0.0625 0.9375
vt 0.9375 0.9375
vt 0.9375 0.0625
vt 0.0625 0.0625
vt 0.0625 0.9375
vt 0.9375 0.9375
vt 0.9375 0.0625
vt 0.0625 0.0625
vt 0.0625 0.9375
vt 0.9375 0.9375
vt 0.9375 0.0625
vt 0.0625 0.0625
vt 0.0625 0.9375
vt 0.9375 0.9375
vt 0.9375 0.0625
vt 0.0625 0.0625
vt 0.0625 0.9375
vt 0.9375 0.9375
vt 0.9375 0.0625
vt 0.0625 0.0625
vt 0.0625 0.9375
vt 0.9375 0.9375
vt 0.9375 0.0625
vt 0.0625 0.0625
vt 0.0625 0.9375
vt 0.9375 0.9375
vt 0.9375 0.0625
vt 0.0625 0.0625
vt 0.0625 0.9375
vt 0.9375 0.9375
vt 0.9375 0.0625
vt 0.0625 0.9375
vt 0.9375 0.9375
vt 0.9375 0.0625
vt 0.0625 0.9375
vt 0.9375 0.9375
vt 0.9375 0.0625
vt 0.0625 0.9375
vt 0.9375 0.9375
vt 0.9375 0.0625
vt 0.0625 0.9375
vt 0.9375 0.9375
vt 0.9375 0.0625
vt 0.0625 0.9375
vt 0.9375 0.9375
vt 0.9375 0.0625
vt 0.0625 0.9375
vt 0.9375 0.9375
vt 0.9375 0.0625
vt 0.0625 0.9375
vt 0.9375 0.9375
vt 0.9375 0.0625
vt 0.0625 0.9375
vt 0.9375 0.9375
vt 0.9375 0.0625
vt 0.0625 0.9375
vt 0.9375 0.9375
vt 0.9375 0.0625
vt 0.0625 0.9375
vt 0.9375 0.9375
vt 0.9375 0.0625
vt 0.0625 0.9375
vt 0.9375 0.9375
vt 0.9375 0.0625
vt 0.0625 0.9375
vt 0.9375 0.9375
vt 0.9375 0.0625
vt 0.0625 0.9375
vt 0.9375 0.9375
vt 0.9375 0.0625
vt 0.0625 0.9375
vt 0.9375 0.9375
vt 0.9375 0.0625
vt 0.0625 0.9375
vt 0.9375 0.9375
vt 0.9375 0.0625
vt 0.0625 0.9375
vt 0.9375 0.9375
vt 0.9375 0.0625
vt 0.0625 0.0625
vt 0.0625 0.9375
vt 0.9375 0.9375
vt 0.9375 0.0625
vt 0.0625 0.0625
vt 0.0625 0.9375
vt 0.9375 0.9375
vt 0.9375 0.0625
vt 0.0625 0.0625
vt 0.0625 0.9375
vt 0.9375 0.9375
vt 0.9375 0.0625
vt 0.0625 0.0625
vt 0.0625 0.9375
vt 0.9375 0.9375
vt 0.9375 0.0625
vt 0.0625 0.0625
vt 0.0625 0.9375
vt 0.9375 0.9375
vt 0.9375 0.0625
vt 0.0625 0.0625
vt 0.0625 0.9375
vt 0.9375 0.9375
vt 0.9375 0.0625
vt 0.0625 0.0625
vt 0.0625 0.9375
vt 0.9375 0.9375
vt 0.9375 0.0625
vt 0.0625 0.0625
vt 0.0625 0.9375
vt 0.9375 0.9375
vt 0.9375 0.0625
vt 0.0625 0.0625
vt 0.0625 0.9375
vt 0.9375 0.9375
vt 0.9375 0.0625
vt 0.0625 0.0625
vt 0.0625 0.9375
vt 0.9375 0.9375
vt 0.9375 0.0625
vt 0.0625 0.0625
vt 0.0625 0.9375
vt 0.9375 0.9375
vt 0.9375 0.0625
vt 0.0625 0.0625
vt 0.0625 0.9375
vt 0.9375 0.9375
vt 0.9375 0.0625
vt 0.0625 0.0625
vt 0.0625 0.9375
vt 0.9375 0.9375
vt 0.9375 0.0625
vt 0.0625 0.0625
vt 0.0625 0.9375
vt 0.9375 0.9375
vt 0.9375 0.0625
vt 0.0625 0.0625
vt 0.0625 0.9375
vt 0.9375 0.9375
vt 0.9375 0.0625
vt 0.0625 0.0625
vt 0.0625 0.9375
vt 0.9375 0.9375
vt 0.9375 0.0625
vt 0.0625 0.0625
vt 0.0625 0.9375
vt 0.9375 0.9375
vt 0.9375 0.0625
vt 0.0625 0.0625
vt 0.0625 0.9375
vt 0.9375 0.9375
vt 0.9375 0.0625
vt 0.0625 0.0625
vt 0.0625 0.9375
vt 0.9375 0.9375
vt 0.9375 0.0625
vt 0.0625 0.0625
vt 0.0625 0.9375
vt 0.9375 0.9375
vt 0.9375 0.0625
vt 0.0625 0.0625
vt 0.0625 0.9375
vt 0.9375 0.9375
vt 0.9375 0.0625
vt 0.0625 0.0625
vt 0.0625 0.9375
vt 0.9375 0.9375
vt 0.9375 0.0625
vt 0.0625 0.0625
vt 0.0625 0.9375
vt 0.9375 0.9375
vt 0.9375 0.0625
vt 0.0625 0.0625
vt 0.0625 0.9375
vt 0.9375 0.9375
vt 0.9375 0.0625
vt 0.0625 0.9375
vt 0.9375 0.9375
vt 0.9375 0.0625
vt 0.0625 0.9375
vt 0.9375 0.9375
vt 0.9375 0.0625
vt 0.0625 0.9375
vt 0.9375 0.9375
vt 0.9375 0.0625
vt 0.0625 0.9375
vt 0.9375 0.9375
vt 0.9375 0.0625
vt 0.0625 0.9375
vt 0.9375 0.9375
vt 0.9375 0.0625
vt 0.0625 0.9375
vt 0.9375 0.9375
vt 0.9375 0.0625
vt 0.0625 0.9375
vt 0.9375 0.9375
vt 0.9375 0.0625
vt 0.0625 0.9375
vt 0.9375 0.9375
vt 0.9375 0.0625
vt 0.0625 0.9375
vt 0.9375 0.9375
vt 0.9375 0.0625
vt 0.0625 0.9375
vt 0.9375 0.9375
vt 0.9375 0.0625
vt 0.0625 0.9375
vt 0.9375 0.9375
vt 0.9375 0.0625
vt 0.0625 0.9375
vt 0.9375 0.9375
vt 0.9375 0.0625
vt 0.0625 0.9375
vt 0.9375 0.9375
vt 0.9375 0.0625
vt 0.0625 0.9375
vt 0.9375 0.9375
vt 0.9375 0.0625
vt 0.0625 0.9375
vt 0.9375 0.9375
vt 0.9375 0.0625
vt 0.0625 0.9375
vt 0.9375 0.9375
vt 0.9375 0.0625
vt 0.0625 0.0625
vt 0.0625 0.9375
vt 0.9375 0.9375
vt 0.9375 0.0625
vt 0.0625 0.0625
vt 0.0625 0.9375
vt 0.9375 0.9375
vt 0.9375 0.0625
vt 0.0625 0.0625
vt 0.0625 0.9375
vt 0.9375 0.9375
vt 0.9375 0.0625
vt 0.0625 0.0625
vt 0.0625 0.9375
vt 0.9375 0.9375
vt 0.9375 0.0625
vt 0.0625 0.0625
vt 0.0625 0.9375
vt 0.9375 0.9375
vt 0.9375 0.0625
vt 0.0625 0.0625
vt 0.0625 0.9375
vt 0.9375 0.9375
vt 0.9375 0.0625
vt 0.0625 0.0625
vt 0.0625 0.9375
vt 0.9375 0.9375
vt 0.9375 0.0625
vt 0.0625 0.0625
vt 0.0625 0.9375
vt 0.9375 0.9375
vt 0.9375 0.0625
vt 0.0625 0.0625
vt 0.0625 0.9375
vt 0.9375 0.9375
vt 0.9375 0.0625
vt 0.0625 0.0625
vt 0.0625 0.9375
vt 0.9375 0.9375
vt 0.9375 0.0625
vt 0.0625 0.0625
vt 0.0625 0.9375
vt 0.9375 0.9375
vt 0.9375 0.0625
vt 0.0625 0.0625
vt 0.0625 0.9375
vt 0.9375 0.9375
vt 0.9375 0.0625
vt 0.0625 0.0625
vt 0.0625 0.9375
vt 0.9375 0.9375
vt 0.9375 0.0625
vt 0.0625 0.0625
vt 0.0625 0.9375
vt 0.9375 0.9375
vt 0.9375 0.0625
vt 0.0625 0.0625
vt 0.0625 0.9375
vt 0.9375 0.9375
vt 0.9375 0.0625
vt 0.0625 0.0625
vt 0.0625 0.9375
vt 0.9375 0.9375
vt 0.9375 0.0625
vt 0.0625 0.0625
vt 0.0625 0.9375
vt 0.9375 0.9375
vt 0.9375 0.0625
vt 0.0625 0.0625
vt 0.0625 0.9375
vt 0.9375 0.9375
vt 0.9375 0.0625
vt 0.0625 0.0625
vt 0.0625 0.9375
vt 0.9375 0.9375
vt 0.9375 0.0625
vt 0.0625 0.0625
vt 0.0625 0.9375
vt 0.9375 0.9375
vt 0.9375 0.0625
vt 0.0625 0.0625
vt 0.0625 0.9375
vt 0.9375 0.9375
vt 0.9375 0.0625
vt 0.0625 0.0625
vt 0.0625 0.9375
vt 0.9375 0.9375
vt 0.9375 0.0625
vt 0.0625 0.0625
vt 0.0625 0.9375
vt 0.9375 0.9375
vt 0.9375 0.0625
vt 0.0625 0.0625
vt 0.0625 0.9375
vt 0.9375 0.9375
vt 0.9375 0.0625
vt 0.0625 0.9375
vt 0.9375 0.9375
vt 0.9375 0.0625
vt 0.0625 0.9375
vt 0.9375 0.9375
vt 0.9375 0.0625
vt 0.0625 0.9375
vt 0.9375 0.9375
vt 0.9375 0.0625
vt 0.0625 0.9375
vt 0.9375 0.9375
vt 0.9375 0.0625
vt 0.0625 0.9375
vt 0.9375 0.9375
vt 0.9375 0.0625
vt 0.0625 0.9375
vt 0.9375 0.9375
vt 0.9375 0.0625
vt 0.0625 0.9375
vt 0.9375 0.9375
vt 0.9375 0.0625
vt 0.0625 0.9375
vt 0.9375 0.9375
vt 0.9375 0.0625
vt 0.0625 0.9375
vt 0.9375 0.9375
vt 0.9375 0.0625
vt 0.0625 0.9375
vt 0.9375 0.9375
vt 0.9375 0.0625
vt 0.0625 0.9375
vt 0.9375 0.9375
vt 0.9375 0.0625
vt 0.0625 0.9375
vt 0.9375 0.9375
vt 0.9375 0.0625
vt 0.0625 0.9375
vt 0.9375 0.9375
vt 0.9375 0.0625
vt 0.0625 0.9375
vt 0.9375 0.9375
vt 0.9375 0.0625
vt 0.0625 0.9375
vt 0.9375 0.9375
vt 0.9375 0.0625
vt 0.0625 0.9375
vt 0.9375 0.9375
vt 0.9375 0.0625
vt 0.0625 0.0625
vt 0.0625 0.9375
vt 0.9375 0.9375
vt 0.9375 0.0625
vt 0.0625 0.0625
vt 0.0625 0.9375
vt 0.9375 0.9375
vt 0.9375 0.0625
vt 0.0625 0.0625
vt 0.0625 0.9375
vt 0.9375 0.9375
vt 0.9375 0.0625
vt 0.0625 0.0625
vt 0.0625 0.9375
vt 0.9375 0.9375
vt 0.9375 0.0625
vt 0.0625 0.0625
vt 0.0625 0.9375
vt 0.9375 0.9375
vt 0.9375 0.0625
vt 0.0625 0.0625
vt 0.0625 0.9375
vt 0.9375 0.9375
vt 0.9375 0.0625
vt 0.0625 0.0625
vt 0.0625 0.9375
vt 0.9375 0.9375
vt 0.9375 0.0625
vt 0.0625 0.0625
vt 0.0625 0.9375
vt 0.9375 0.9375
vt 0.9375 0.0625
vt 0.0625 0.0625
vt 0.0625 0.9375
vt 0.9375 0.9375
vt 0.9375 0.0625
vt 0.0625 0.0625
vt 0.0625 0.9375
vt 0.9375 0.9375
vt 0.9375 0.0625
vt 0.0625 0.0625
vt 0.0625 0.9375
vt 0.9375 0.9375
vt 0.9375 0.0625
vt 0.0625 0.0625
vt 0.0625 0.9375
vt 0.9375 0.9375
vt 0.9375 0.0625
vt 0.0625 0.0625
vt 0.0625 0.9375
vt 0.9375 0.9375
vt 0.9375 0.0625
vt 0.0625 0.0625
vt 0.0625 0.9375
vt 0.9375 0.9375
vt 0.9375 0.0625
vt 0.0625 0.0625
vt 0.0625 0.9375
vt 0.9375 0.9375
vt 0.9375 0.0625
vt 0.0625 0.0625
vt 0.0625 0.9375
vt 0.9375 0.9375
vt 0.9375 0.0625
vt 0.0625 0.0625
vt 0.0625 0.9375
vt 0.9375 0.9375
vt 0.9375 0.0625
vt 0.0625 0.0625
vt 0.0625 0.9375
vt 0.9375 0.9375
vt 0.9375 0.0625
vt 0.0625 0.0625
vt 0.0625 0.9375
vt 0.9375 0.9375
vt 0.9375 0.0625
vt 0.0625 0.0625
vt 0.0625 0.9375
vt 0.9375 0.9375
vt 0.9375 0.0625
vt 0.0625 0.0625
vt 0.0625 0.9375
vt 0.9375 0.9375
vt 0.9375 0.0625
vt 0.0625 0.0625
vt 0.0625 0.9375
vt 0.9375 0.9375
vt 0.9375 0.0625
vt 0.0625 0.0625
vt 0.0625 0.9375
vt 0.9375 0.9375
vt 0.9375 0.0625
vt 0.0625 0.0625
vt 0.0625 0.9375
vt 0.9375 0.9375
vt 0.9375 0.0625
vt 0.0625 0.9375
vt 0.9375 0.9375
vt 0.9375 0.0625
vt 0.0625 0.9375
vt 0.9375 0.9375
vt 0.9375 0.0625
vt 0.0625 0.9375
vt 0.9375 0.9375
vt 0.9375 0.0625
vt 0.0625 0.9375
vt 0.9375 0.9375
vt 0.9375 0.0625
vt 0.0625 0.9375
vt 0.9375 0.9375
vt 0.9375 0.0625
vt 0.0625 0.9375
vt 0.9375 0.9375
vt 0.9375 0.0625
vt 0.0625 0.9375
vt 0.9375 0.9375
vt 0.9375 0.0625
vt 0.0625 0.9375
vt 0.9375 0.9375
vt 0.9375 0.0625
vt 0.0625 0.9375
vt 0.9375 0.9375
vt 0.9375 0.0625
vt 0.0625 0.9375
vt 0.9375 0.9375
vt 0.9375 0.0625
vt 0.0625 0.9375
vt 0.9375 0.9375
vt 0.9375 0.0625
vt 0.0625 0.9375
vt 0.9375 0.9375
vt 0.9375 0.0625
vt 0.0625 0.9375
vt 0.9375 0.9375
vt 0.9375 0.0625
vt 0.0625 0.9375
vt 0.9375 0.9375
vt 0.9375 0.0625
vt 0.0625 0.9375
vt 0.9375 0.9375
vt 0.9375 0.0625
vt 0.0625 0.9375
vt 0.9375 0.9375
vt 0.9375 0.0625
vt 0.0625 0.0625
vt 0.0625 0.9375
vt 0.9375 0.9375
vt 0.9375 0.0625
vt 0.0625 0.0625
vt 0.0625 0.9375
vt 0.9375 0.9375
vt 0.9375 0.0625
vt 0.0625 0.0625
vt 0.0625 0.9375
vt 0.9375 0.9375
vt 0.9375 0.0625
vt 0.0625 0.0625
vt 0.0625 0.9375
vt 0.9375 0.9375
vt 0.9375 0.0625
vt 0.0625 0.0625
vt 0.0625 0.9375
vt 0.9375 0.9375
vt 0.9375 0.0625
vt 0.0625 0.0625
vt 0.0625 0.9375
vt 0.9375 0.9375
vt 0.9375 0.0625
vt 0.0625 0.0625
vt 0.0625 0.9375
vt 0.9375 0.9375
vt 0.9375 0.0625
vt 0.0625 0.0625
vt 0.0625 0.9375
vt 0.9375 0.9375
vt 0.9375 0.0625
vt 0.0625 0.0625
vt 0.0625 0.9375
vt 0.9375 0.9375
vt 0.9375 0.0625
vt 0.0625 0.0625
vt 0.0625 0.9375
vt 0.9375 0.9375
vt 0.9375 0.0625
vt 0.0625 0.0625
vt 0.0625 0.9375
vt 0.9375 0.9375
vt 0.9375 0.0625
vt 0.0625 0.0625
vt 0.0625 0.9375
vt 0.9375 0.9375
vt 0.9375 0.0625
vt 0.0625 0.0625
vt 0.0625 0.9375
vt 0.9375 0.9375
vt 0.9375 0.0625
vt 0.0625 0.0625
vt 0.0625 0.9375
vt 0.9375 0.9375
vt 0.9375 0.0625
vt 0.0625 0.0625
vt 0.0625 0.9375
vt 0.9375 0.9375
vt 0.9375 0.0625
vt 0.0625 0.0625
vt 0.0625 0.9375
vt 0.9375 0.9375
vt 0.9375 0.0625
vt 0.0625 0.0625
vt 0.0625 0.9375
vt 0.9375 0.9375
vt 0.9375 0.0625
vt 0.0625 0.0625
vt 0.0625 0.9375
vt 0.9375 0.9375
vt 0.9375 0.0625
vt 0.0625 0.0625
vt 0.0625 0.9375
vt 0.9375 0.9375
vt 0.9375 0.0625
vt 0.0625 0.0625
vt 0.0625 0.9375
vt 0.9375 0.9375
vt 0.9375 0.0625
vt 0.0625 0.0625
vt 0.0625 0.9375
vt 0.9375 0.9375
vt 0.9375 0.0625
vt 0.0625 0.0625
vt 0.0625 0.9375
vt 0.9375 0.9375
vt 0.9375 0.0625
vt 0.0625 0.0625
vt 0.0625 0.9375
vt 0.9375 0.9375
vt 0.9375 0.0625
vt 0.0625 0.0625
vt 0.0625 0.9375
vt 0.9375 0.9375
vt 0.9375 0.0625
vt 0.0625 0.9375
vt 0.9375 0.9375
vt 0.9375 0.0625
vt 0.0625 0.9375
vt 0.9375 0.9375
vt 0.9375 0.0625
vt 0.0625 0.9375
vt 0.9375 0.9375
vt 0.9375 0.0625
vt 0.0625 0.9375
vt 0.9375 0.9375
vt 0.9375 0.0625
vt 0.0625 0.9375
vt 0.9375 0.9375
vt 0.9375 0.0625
vt 0.0625 0.9375
vt 0.9375 0.9375
vt 0.9375 0.0625
vt 0.0625 0.9375
vt 0.9375 0.9375
vt 0.9375 0.0625
vt 0.0625 0.9375
vt 0.9375 0.9375
vt 0.9375 0.0625
vt 0.0625 0.9375
vt 0.9375 0.9375
vt 0.9375 0.0625
vt 0.0625 0.9375
vt 0.9375 0.9375
vt 0.9375 0.0625
vt 0.0625 0.9375
vt 0.9375 0.9375
vt 0.9375 0.0625
vt 0.0625 0.9375
vt 0.9375 0.9375
vt 0.9375 0.0625
vt 0.0625 0.9375
vt 0.9375 0.9375
vt 0.9375 0.0625
vt 0.0625 0.9375
vt 0.9375 0.9375
vt 0.9375 0.0625
vt 0.0625 0.9375
vt 0.9375 0.9375
vt 0.9375 0.0625
vt 0.0625 0.9375
vt 0.9375 0.9375
vt 0.9375 0.0625
vt 0.0625 0.0625
vt 0.0625 0.9375
vt 0.9375 0.9375
vt 0.9375 0.0625
vt 0.0625 0.0625
vt 0.0625 0.9375
vt 0.9375 0.9375
vt 0.9375 0.0625
vt 0.0625 0.0625
vt 0.0625 0.9375
vt 0.9375 0.9375
vt 0.9375 0.0625
vt 0.0625 0.0625
vt 0.0625 0.9375
vt 0.9375 0.9375
vt 0.9375 0.0625
vt 0.0625 0.0625
vt 0.0625 0.9375
vt 0.9375 0.9375
vt 0.9375 0.0625
vt 0.0625 0.0625
vt 0.0625 0.9375
vt 0.9375 0.9375
vt 0.9375 0.0625
vt 0.0625 0.0625
vt 0.0625 0.9375
vt 0.9375 0.9375
vt 0.9375 0.0625
vt 0.0625 0.0625
vt 0.0625 0.9375
vt 0.9375 0.9375
vt 0.9375 0.0625
vt 0.0625 0.0625
vt 0.0625 0.9375
vt 0.9375 0.9375
vt 0.9375 0.0625
vt 0.0625 0.0625
vt 0.0625 0.9375
vt 0.9375 0.9375
vt 0.9375 0.0625
vt 0.0625 0.0625
vt 0.0625 0.9375
vt 0.9375 0.9375
vt 0.9375 0.0625
vt 0.0625 0.0625
vt 0.0625 0.9375
vt 0.9375 0.9375
vt 0.9375 0.0625
vt 0.0625 0.0625
vt 0.0625 0.9375
vt 0.9375 0.9375
vt 0.9375 0.0625
vt 0.0625 0.0625
vt 0.0625 0.9375
vt 0.9375 0.9375
vt 0.9375 0.0625
vt 0.0625 0.0625
vt 0.0625 0.9375
vt 0.9375 0.9375
vt 0.9375 0.0625
vt 0.0625 0.0625
vt 0.0625 0.9375
vt 0.9375 0.9375
vt 0.9375 0.0625
vt 0.0625 0.0625
vt 0.0625 0.9375
vt 0.9375 0.9375
vt 0.9375 0.0625
vt 0.0625 0.0625
vt 0.0625 0.9375
vt 0.9375 0.9375
vt 0.9375 0.0625
vt 0.0625 0.0625
vt 0.0625 0.9375
vt 0.9375 0.9375
vt 0.9375 0.0625
vt 0.0625 0.0625
vt 0.0625 0.9375
vt 0.9375 0.9375
vt 0.9375 0.0625
vt 0.0625 0.0625
vt 0.0625 0.9375
vt 0.9375 0.9375
vt 0.9375 0.0625
vt 0.0625 0.0625
vt 0.0625 0.9375
vt 0.9375 0.9375
vt 0.9375 0.0625
vt 0.0625 0.0625
vt 0.0625 0.9375
vt 0.9375 0.9375
vt 0.9375 0.0625
vt 0.0625 0.0625
vt 0.0625 0.9375
vt 0.9375 0.9375
vt 0.9375 0.0625
vt 0.0625 0.9375
vt 0.9375 0.9375
vt 0.9375 0.0625
vt 0.0625 0.9375
vt 0.9375 0.9375
vt 0.9375 0.0625
vt 0.0625 0.9375
vt 0.9375 0.9375
vt 0.9375 0.0625
vt 0.0625 0.9375
vt 0.9375 0.9375
vt 0.9375 0.0625
vt 0.0625 0.9375
vt 0.9375 0.9375
vt 0.9375 0.0625
vt 0.0625 0.9375
vt 0.9375 0.9375
vt 0.9375 0.0625
vt 0.0625 0.9375
vt 0.9375 0.9375
vt 0.9375 0.0625
vt 0.0625 0.9375
vt 0.9375 0.9375
vt 0.9375 0.0625
vt 0.0625 0.9375
vt 0.9375 0.9375
vt 0.9375 0.0625
vt 0.0625 0.9375
vt 0.9375 0.9375
vt 0.9375 0.0625
vt 0.0625 0.9375
vt 0.9375 0.9375
vt 0.9375 0.0625
vt 0.0625 0.9375
vt 0.9375 0.9375
vt 0.9375 0.0625
vt 0.0625 0.9375
vt 0.9375 0.9375
vt 0.9375 0.0625
vt 0.0625 0.9375
vt 0.9375 0.9375
vt 0.9375 0.0625
vt 0.0625 0.9375
vt 0.9375 0.9375
vt 0.9375 0.0625
vt 0.0625 0.9375
vt 0.9375 0.9375
vt 0.9375 0.0625
vt 0.0625 0.0625
vt 0.0625 0.9375
vt 0.9375 0.9375
vt 0.9375 0.0625
vt 0.0625 0.0625
vt 0.0625 0.9375
vt 0.9375 0.9375
vt 0.9375 0.0625
vt 0.0625 0.0625
vt 0.0625 0.9375
vt 0.9375 0.9375
vt 0.9375 0.0625
vt 0.0625 0.0625
vt 0.0625 0.9375
vt 0.9375 0.9375
vt 0.9375 0.0625
vt 0.0625 0.0625
vt 0.0625 0.9375
vt 0.9375 0.9375
vt 0.9375 0.0625
vt 0.0625 0.0625
vt 0.0625 0.9375
vt 0.9375 0.9375
vt 0.9375 0.0625
vt 0.0625 0.0625
vt 0.0625 0.9375
vt 0.9375 0.9375
vt 0.9375 0.0625
vt 0.0625 0.0625
vt 0.0625 0.9375
vt 0.9375 0.9375
vt 0.9375 0.0625
vt 0.0625 0.0625
vt 0.0625 0.9375
vt 0.9375 0.9375
vt 0.9375 0.0625
vt 0.0625 0.0625
vt 0.0625 0.9375
vt 0.9375 0.9375
vt 0.9375 0.0625
vt 0.0625 0.0625
vt 0.0625 0.9375
vt 0.9375 0.9375
vt 0.9375 0.0625
vt 0.0625 0.0625
vt 0.0625 0.9375
vt 0.9375 0.9375
vt 0.9375 0.0625
vt 0.0625 0.0625
vt 0.0625 0.9375
vt 0.9375 0.9375
vt 0.9375 0.0625
vt 0.0625 0.0625
vt 0.0625 0.9375
vt 0.9375 0.9375
vt 0.9375 0.0625
vt 0.0625 0.0625
vt 0.0625 0.9375
vt 0.9375 0.9375
vt 0.9375 0.0625
vt 0.0625 0.0625
vt 0.0625 0.9375
vt 0.9375 0.9375
vt 0.9375 0.0625
vt 0.0625 0.0625
vt 0.0625 0.9375
vt 0.9375 0.9375
vt 0.9375 0.0625
vt 0.0625 0.0625
vt 0.0625 0.9375
vt 0.9375 0.9375
vt 0.9375 0.0625
vt 0.0625 0.0625
vt 0.0625 0.9375
vt 0.9375 0.9375
vt 0.9375 0.0625
vt 0.0625 0.0625
vt 0.0625 0.9375
vt 0.9375 0.9375
vt 0.9375 0.0625
vt 0.0625 0.0625
vt 0.0625 0.9375
vt 0.9375 0.9375
vt 0.9375 0.0625
vt 0.0625 0.0625
vt 0.0625 0.9375
vt 0.9375 0.9375
vt 0.9375 0.0625
vt 0.0625 0.0625
vt 0.0625 0.9375
vt 0.9375 0.9375
vt 0.9375 0.0625
vt 0.0625 0.0625
vt 0.0625 0.9375
vt 0.9375 0.9375
vt 0.9375 0.0625
vt 0.0625 0.9375
vt 0.9375 0.9375
vt 0.9375 0.0625
vt 0.0625 0.9375
vt 0.9375 0.9375
vt 0.9375 0.0625
vt 0.0625 0.9375
vt 0.9375 0.9375
vt 0.9375 0.0625
vt 0.0625 0.9375
vt 0.9375 0.9375
vt 0.9375 0.0625
vt 0.0625 0.9375
vt 0.9375 0.9375
vt 0.9375 0.0625
vt 0.0625 0.9375
vt 0.9375 0.9375
vt 0.9375 0.0625
vt 0.0625 0.9375
vt 0.9375 0.9375
vt 0.9375 0.0625
vt 0.0625 0.9375
vt 0.9375 0.9375
vt 0.9375 0.0625
vt 0.0625 0.9375
vt 0.9375 0.9375
vt 0.9375 0.0625
vt 0.0625 0.9375
vt 0.9375 0.9375
vt 0.9375 0.0625
vt 0.0625 0.9375
vt 0.9375 0.9375
vt 0.9375 0.0625
vt 0.0625 0.9375
vt 0.9375 0.9375
vt 0.9375 0.0625
vt 0.0625 0.9375
vt 0.9375 0.9375
vt 0.9375 0.0625
vt 0.0625 0.9375
vt 0.9375 0.9375
vt 0.9375 0.0625
vt 0.0625 0.9375
vt 0.9375 0.9375
vt 0.9375 0.0625
vt 0.0625 0.9375
vt 0.9375 0.9375
vt 0.9375 0.0625
vt 0.0625 0.0625
vt 0.0625 0.9375
vt 0.9375 0.9375
vt 0.9375 0.0625
vt 0.0625 0.0625
vt 0.0625 0.9375
vt 0.9375 0.9375
vt 0.9375 0.0625
vt 0.0625 0.0625
vt 0.0625 0.9375
vt 0.9375 0.9375
vt 0.9375 0.0625
vt 0.0625 0.0625
vt 0.0625 0.9375
vt 0.9375 0.9375
vt 0.9375 0.0625
vt 0.0625 0.0625
vt 0.0625 0.9375
vt 0.9375 0.9375
vt 0.9375 0.0625
vt 0.0625 0.0625
vt 0.0625 0.9375
vt 0.9375 0.9375
vt 0.9375 0.0625
vt 0.0625 0.0625
vt 0.0625 0.9375
vt 0.9375 0.9375
vt 0.9375 0.0625
vt 0.0625 0.0625
vt 0.0625 0.9375
vt 0.9375 0.9375
vt 0.9375 0.0625
vt 0.0625 0.0625
vt 0.0625 0.9375
vt 0.9375 0.9375
vt 0.9375 0.0625
vt 0.0625 0.0625
vt 0.0625 0.9375
vt 0.9375 0.9375
vt 0.9375 0.0625
vt 0.0625 0.0625
vt 0.0625 0.9375
vt 0.9375 0.9375
vt 0.9375 0.0625
vt 0.0625 0.0625
vt 0.0625 0.9375
vt 0.9375 0.9375
vt 0.9375 0.0625
vt 0.0625 0.0625
vt 0.0625 0.9375
vt 0.9375 0.9375
vt 0.9375 0.0625
vt 0.0625 0.0625
vt 0.0625 0.9375
vt 0.9375 0.9375
vt 0.9375 0.0625
vt 0.0625 0.0625
vt 0.0625 0.9375
vt 0.9375 0.9375
vt 0.9375 0.0625
vt 0.0625 0.0625
vt 0.0625 0.9375
vt 0.9375 0.9375
vt 0.9375 0.0625
vt 0.0625 0.0625
vt 0.0625 0.9375
vt 0.9375 0.9375
vt 0.9375 0.0625
vt 0.0625 0.0625
vt 0.0625 0.9375
vt 0.9375 0.9375
vt 0.9375 0.0625
vt 0.0625 0.0625
vt 0.0625 0.9375
vt 0.9375 0.9375
vt 0.9375 0.0625
vt 0.0625 0.0625
vt 0.0625 0.9375
vt 0.9375 0.9375
vt 0.9375 0.0625
vt 0.0625 0.0625
vt 0.0625 0.9375
vt 0.9375 0.9375
vt 0.9375 0.0625
vt 0.0625 0.0625
vt 0.0625 0.9375
vt 0.9375 0.9375
vt 0.9375 0.0625
vt 0.0625 0.0625
vt 0.0625 0.9375
vt 0.9375 0.9375
vt 0.9375 0.0625
vt 0.0625 0.0625
vt 0.0625 0.9375
vt 0.9375 0.9375
vt 0.9375 0.0625
vt 0.0625 0.9375
vt 0.9375 0.9375
vt 0.9375 0.0625
vt 0.0625 0.9375
vt 0.9375 0.9375
vt 0.9375 0.0625
vt 0.0625 0.9375
vt 0.9375 0.9375
vt 0.9375 0.0625
vt 0.0625 0.9375
vt 0.9375 0.9375
vt 0.9375 0.0625
vt 0.0625 0.9375
vt 0.9375 0.9375
vt 0.9375 0.0625
vt 0.0625 0.9375
vt 0.9375 0.9375
vt 0.9375 0.0625
vt 0.0625 0.9375
vt 0.9375 0.9375
vt 0.9375 0.0625
vt 0.0625 0.9375
vt 0.9375 0.9375
vt 0.9375 0.0625
vt 0.0625 0.9375
vt 0.9375 0.9375
vt 0.9375 0.0625
vt 0.0625 0.9375
vt 0.9375 0.9375
vt 0.9375 0.0625
vt 0.0625 0.9375
vt 0.9375 0.9375
vt 0.9375 0.0625
vt 0.0625 0.9375
vt 0.9375 0.9375
vt 0.9375 0.0625
vt 0.0625 0.9375
vt 0.9375 0.9375
vt 0.9375 0.0625
vt 0.0625 0.9375
vt 0.9375 0.9375
vt 0.9375 0.0625
vt 0.0625 0.9375
vt 0.9375 0.9375
vt 0.9375 0.0625
vt 0.0625 0.9375
vt 0.9375 0.9375
vt 0.9375 0.0625
vt 0.0625 0.0625
vt 0.0625 0.9375
vt 0.9375 0.9375
vt 0.9375 0.0625
vt 0.0625 0.0625
vt 0.0625 0.9375
vt 0.9375 0.9375
vt 0.9375 0.0625
vt 0.0625 0.0625
vt 0.0625 0.9375
vt 0.9375 0.9375
vt 0.9375 0.0625
vt 0.0625 0.0625
vt 0.0625 0.9375
vt 0.9375 0.9375
vt 0.9375 0.0625
vt 0.0625 0.0625
vt 0.0625 0.9375
vt 0.9375 0.9375
vt 0.9375 0.0625
vt 0.0625 0.0625
vt 0.0625 0.9375
vt 0.9375 0.9375
vt 0.9375 0.0625
vt 0.0625 0.0625
vt 0.0625 0.9375
vt 0.9375 0.9375
vt 0.9375 0.0625
vt 0.0625 0.0625
vt 0.0625 0.9375
vt 0.9375 0.9375
vt 0.9375 0.0625
vt 0.0625 0.9375
vt 0.9375 0.9375
vt 0.9375 0.0625
vt 0.0625 0.9375
vt 0.9375 0.9375
vt 0.9375 0.0625
vt 0.0625 0.9375
vt 0.9375 0.9375
vt 0.9375 0.0625
vt 0.0625 0.9375
vt 0.9375 0.9375
vt 0.9375 0.0625
vt 0.0625 0.9375
vt 0.9375 0.9375
vt 0.9375 0.0625
vt 0.0625 0.9375
vt 0.9375 0.9375
vt 0.9375 0.0625
vt 0.0625 0.9375
vt 0.9375 0.9375
vt 0.9375 0.0625
vt 0.0625 0.9375
vt 0.9375 0.9375
vt 0.9375 0.0625
vt 0.0625 0.9375
vt 0.9375 0.9375
vt 0.9375 0.0625
vt 0.0625 0.9375
vt 0.9375 0.9375
vt 0.9375 0.0625
vt 0.0625 0.9375
vt 0.9375 0.9375
vt 0.9375 0.0625
vt 0.0625 0.9375
vt 0.9375 0.9375
vt 0.9375 0.0625
vt 0.0625 0.9375
vt 0.9375 0.9375
vt 0.9375 0.0625
vt 0.0625 0.9375
vt 0.9375 0.9375
vt 0.9375 0.0625
vt 0.0625 0.9375
vt 0.9375 0.9375
vt 0.9375 0.0625
vt 0.0625 0.9375
vt 0.9375 0.9375
vt 0.9375 0.0625
vt 0.0625 0.0625
vt 0.0625 0.9375
vt 0.9375 0.9375
vt 0.9375 0.0625
vt 0.0625 0.0625
vt 0.0625 0.9375
vt 0.9375 0.9375
vt 0.9375 0.0625
vt 0.0625 0.0625
vt 0.0625 0.9375
vt 0.9375 0.9375
vt 0.9375 0.0625
vt 0.0625 0.0625
vt 0.0625 0.9375
vt 0.9375 0.9375
vt 0.9375 0.0625
vt 0.0625 0.0625
vt 0.0625 0.9375
vt 0.9375 0.9375
vt 0.9375 0.0625
vt 0.0625 0.0625
vt 0.0625 0.9375
vt 0.9375 0.9375
vt 0.9375 0.0625
vt 0.0625 0.0625
vt 0.0625 0.9375
vt 0.9375 0.9375
vt 0.9375 0.0625
vt 0.0625 0.0625
vt 0.0625 0.9375
vt 0.9375 0.9375
vt 0.9375 0.0625
vt 0.0625 0.9375
vt 0.9375 0.9375
vt 0.9375 0.0625
vt 0.0625 0.9375
vt 0.9375 0.9375
vt 0.9375 0.0625
vt 0.0625 0.9375
vt 0.9375 0.9375
vt 0.9375 0.0625
vt 0.0625 0.9375
vt 0.9375 0.9375
vt 0.9375 0.0625
vt 0.0625 0.9375
vt 0.9375 0.9375
vt 0.9375 0.0625
vt 0.0625 0.9375
vt 0.9375 0.9375
vt 0.9375 0.0625
vt 0.0625 0.9375
vt 0.9375 0.9375
vt 0.9375 0.0625
vt 0.0625 0.9375
vt 0.9375 0.9375
vt 0.9375 0.0625
vt 0.0625 0.9375
vt 0.9375 0.9375
vt 0.9375 0.0625
vt 0.0625 0.9375
vt 0.9375 0.9375
vt 0.9375 0.0625
vt 0.0625 0.9375
vt 0.9375 0.9375
vt 0.9375 0.0625
vt 0.0625 0.9375
vt 0.9375 0.9375
vt 0.9375 0.0625
vt 0.0625 0.9375
vt 0.9375 0.9375
vt 0.9375 0.0625
vt 0.0625 0.9375
vt 0.9375 0.9375
vt 0.9375 0.0625
vt 0.0625 0.9375
vt 0.9375 0.9375
vt 0.9375 0.0625
vt 0.0625 0.9375
vt 0.9375 0.9375
vt 0.9375 0.0625
vt 0.0625 0.0625
vt 0.0625 0.9375
vt 0.9375 0.9375
vt 0.9375 0.0625
vt 0.0625 0.0625
vt 0.0625 0.9375
vt 0.9375 0.9375
vt 0.9375 0.0625
vt 0.0625 0.0625
vt 0.0625 0.9375
vt 0.9375 0.9375
vt 0.9375 0.0625
vt 0.0625 0.0625
vt 0.0625 0.9375
vt 0.9375 0.9375
vt 0.9375 0.0625
vt 0.0625 0.0625
vt 0.0625 0.9375
vt 0.9375 0.9375
vt 0.9375 0.0625
vt 0.0625 0.0625
vt 0.0625 0.9375
vt 0.9375 0.9375
vt 0.9375 0.0625
vt 0.0625 0.0625
vt 0.0625 0.9375
vt 0.9375 0.9375
vt 0.9375 0.0625
vt 0.0625 0.0625
vt 0.0625 0.9375
vt 0.9375 0.9375
vt 0.9375 0.0625
vt 0.0625 0.9375
vt 0.9375 0.9375
vt 0.9375 0.0625
vt 0.0625 0.9375
vt 0.9375 0.9375
vt 0.9375 0.0625
vt 0.0625 0.9375
vt 0.9375 0.9375
vt 0.9375 0.0625
vt 0.0625 0.9375
vt 0.9375 0.9375
vt 0.9375 0.0625
vt 0.0625 0.9375
vt 0.9375 0.9375
vt 0.9375 0.0625
vt 0.0625 0.9375
vt 0.9375 0.9375
vt 0.9375 0.0625
vt 0.0625 0.9375
vt 0.9375 0.9375
vt 0.9375 0.0625
vt 0.0625 0.9375
vt 0.9375 0.9375
vt 0.9375 0.0625
vt 0.0625 0.9375
vt 0.9375 0.9375
vt 0.9375 0.0625
vt 0.0625 0.9375
vt 0.9375 0.9375
vt 0.9375 0.0625
vt 0.0625 0.9375
vt 0.9375 0.9375
vt 0.9375 0.0625
vt 0.0625 0.9375
vt 0.9375 0.9375
vt 0.9375 0.0625
vt 0.0625 0.9375
vt 0.9375 0.9375
vt 0.9375 0.0625
vt 0.0625 0.9375
vt 0.9375 0.9375
vt 0.9375 0.0625
vt 0.0625 0.9375
vt 0.9375 0.9375
vt 0.9375 0.0625
vt 0.0625 0.9375
vt 0.9375 0.9375
vt 0.9375 0.0625
vt 0.0625 0.0625
vt 0.0625 0.9375
vt 0.9375 0.9375
vt 0.9375 0.0625
vt 0.0625 0.0625
vt 0.0625 0.9375
vt 0.9375 0.9375
vt 0.9375 0.0625
vt 0.0625 0.0625
vt 0.0625 0.9375
vt 0.9375 0.9375
vt 0.9375 0.0625
vt 0.0625 0.0625
vt 0.0625 0.9375
vt 0.9375 0.9375
vt 0.9375 0.0625
vt 0.0625 0.0625
vt 0.0625 0.9375
vt 0.9375 0.9375
vt 0.9375 0.0625
vt 0.0625 0.0625
vt 0.0625 0.9375
vt 0.9375 0.9375
vt 0.9375 0.0625
vt 0.0625 0.0625
vt 0.0625 0.9375
vt 0.9375 0.9375
vt 0.9375 0.0625
vt 0.0625 0.0625
vt 0.0625 0.9375
vt 0.9375 0.9375
vt 0.9375 0.0625
vt 0.0625 0.9375
vt 0.9375 0.9375
vt 0.9375 0.0625
vt 0.0625 0.9375
vt 0.9375 0.9375
vt 0.9375 0.0625
vt 0.0625 0.9375
vt 0.9375 0.9375
vt 0.9375 0.0625
vt 0.0625 0.9375
vt 0.9375 0.9375
vt 0.9375 0.0625
vt 0.0625 0.9375
vt 0.9375 0.9375
vt 0.9375 0.0625
vt 0.0625 0.9375
vt 0.9375 0.9375
vt 0.9375 0.0625
vt 0.0625 0.9375
vt 0.9375 0.9375
vt 0.9375 0.0625
vt 0.0625 0.9375
vt 0.9375 0.9375
vt 0.9375 0.0625
vt 0.0625 0.9375
vt 0.9375 0.9375
vt 0.9375 0.0625
vt 0.0625 0.9375
vt 0.9375 0.9375
vt 0.9375 0.0625
vt 0.0625 0.9375
vt 0.9375 0.9375
vt 0.9375 0.0625
vt 0.0625 0.9375
vt 0.9375 0.9375
vt 0.9375 0.0625
vt 0.0625 0.9375
vt 0.9375 0.9375
vt 0.9375 0.0625
vt 0.0625 0.9375
vt 0.9375 0.9375
vt 0.9375 0.0625
vt 0.0625 0.9375
vt 0.9375 0.9375
vt 0.9375 0.0625
vt 0.0625 0.9375
vt 0.9375 0.9375
vt 0.9375 0.0625
vt 0.0625 0.0625
vt 0.0625 0.9375
vt 0.9375 0.9375
vt 0.9375 0.0625
vt 0.0625 0.0625
vt 0.0625 0.9375
vt 0.9375 0.9375
vt 0.9375 0.0625
vt 0.0625 0.0625
vt 0.0625 0.9375
vt 0.9375 0.9375
vt 0.9375 0.0625
vt 0.0625 0.0625
vt 0.0625 0.9375
vt 0.9375 0.9375
vt 0.9375 0.0625
vt 0.0625 0.0625
vt 0.0625 0.9375
vt 0.9375 0.9375
vt 0.9375 0.0625
vt 0.0625 0.0625
vt 0.0625 0.9375
vt 0.9375 0.9375
vt 0.9375 0.0625
vt 0.0625 0.0625
vt 0.0625 0.9375
vt 0.9375 0.9375
vt 0.9375 0.0625
vt 0.0625 0.0625
vt 0.0625 0.9375
vt 0.9375 0.9375
vt 0.9375 0.0625
vt 0.0625 0.9375
vt 0.9375 0.9375
vt 0.9375 0.0625
vt 0.0625 0.9375
vt 0.9375 0.9375
vt 0.9375 0.0625
vt 0.0625 0.9375
vt 0.9375 0.9375
vt 0.9375 0.0625
vt 0.0625 0.9375
vt 0.9375 0.9375
vt 0.9375 0.0625
vt 0.0625 0.9375
vt 0.9375 0.9375
vt 0.9375 0.0625
vt 0.0625 0.9375
vt 0.9375 0.9375
vt 0.9375 0.0625
vt 0.0625 0.9375
vt 0.9375 0.9375
vt 0.9375 0.0625
vt 0.0625 0.9375
vt 0.9375 0.9375
vt 0.9375 0.0625
vt 0.0625 0.9375
vt 0.9375 0.9375
vt 0.9375 0.0625
vt 0.0625 0.9375
vt 0.9375 0.9375
vt 0.9375 0.0625
vt 0.0625 0.9375
vt 0.9375 0.9375
vt 0.9375 0.0625
vt 0.0625 0.9375
vt 0.9375 0.9375
vt 0.9375 0.0625
vt 0.0625 0.9375
vt 0.9375 0.9375
vt 0.9375 0.0625
vt 0.0625 0.9375
vt 0.9375 0.9375
vt 0.9375 0.0625
vt 0.0625 0.9375
vt 0.9375 0.9375
vt 0.9375 0.0625
vt 0.0625 0.9375
vt 0.9375 0.9375
vt 0.9375 0.0625
vt 0.0625 0.0625
vt 0.0625 0.9375
vt 0.9375 0.9375
vt 0.9375 0.0625
vt 0.0625 0.0625
vt 0.0625 0.9375
vt 0.9375 0.9375
vt 0.9375 0.0625
vt 0.0625 0.0625
vt 0.0625 0.9375
vt 0.9375 0.9375
vt 0.9375 0.0625
vt 0.0625 0.0625
vt 0.0625 0.9375
vt 0.9375 0.9375
vt 0.9375 0.0625
vt 0.0625 0.0625
vt 0.0625 0.9375
vt 0.9375 0.9375
vt 0.9375 0.0625
vt 0.0625 0.0625
vt 0.0625 0.9375
vt 0.9375 0.9375
vt 0.9375 0.0625
vt 0.0625 0.0625
vt 0.0625 0.9375
vt 0.9375 0.9375
vt 0.9375 0.0625
vt 0.0625 0.0625
vt 0.0625 0.9375
vt 0.9375 0.9375
vt 0.9375 0.0625
vt 0.0625 0.9375
vt 0.9375 0.9375
vt 0.9375 0.0625
vt 0.0625 0.9375
vt 0.9375 0.9375
vt 0.9375 0.0625
vt 0.0625 0.9375
vt 0.9375 0.9375
vt 0.9375 0.0625
vt 0.0625 0.9375
vt 0.9375 0.9375
vt 0.9375 0.0625
vt 0.0625 0.9375
vt 0.9375 0.9375
vt 0.9375 0.0625
vt 0.0625 0.9375
vt 0.9375 0.9375
vt 0.9375 0.0625
vt 0.0625 0.9375
vt 0.9375 0.9375
vt 0.9375 0.0625
vt 0.0625 0.9375
vt 0.9375 0.9375
vt 0.9375 0.0625
vt 0.0625 0.9375
vt 0.9375 0.9375
vt 0.9375 0.0625
vt 0.0625 0.9375
vt 0.9375 0.9375
vt 0.9375 0.0625
vt 0.0625 0.9375
vt 0.9375 0.9375
vt 0.9375 0.0625
vt 0.0625 0.9375
vt 0.9375 0.9375
vt 0.9375 0.0625
vt 0.0625 0.9375
vt 0.9375 0.9375
vt 0.9375 0.0625
vt 0.0625 0.9375
vt 0.9375 0.9375
vt 0.9375 0.0625
vt 0.0625 0.9375
vt 0.9375 0.9375
vt 0.9375 0.0625
vt 0.0625 0.9375
vt 0.9375 0.9375
vt 0.9375 0.0625
vt 0.0625 0.0625
vt 0.0625 0.9375
vt 0.9375 0.9375
vt 0.9375 0.0625
vt 0.0625 0.0625
vt 0.0625 0.9375
vt 0.9375 0.9375
vt 0.9375 0.0625
vt 0.0625 0.0625
vt 0.0625 0.9375
vt 0.9375 0.9375
vt 0.9375 0.0625
vt 0.0625 0.0625
vt 0.0625 0.9375
vt 0.9375 0.9375
vt 0.9375 0.0625
vt 0.0625 0.0625
vt 0.0625 0.9375
vt 0.9375 0.9375
vt 0.9375 0.0625
vt 0.0625 0.0625
vt 0.0625 0.9375
vt 0.9375 0.9375
vt 0.9375 0.0625
vt 0.0625 0.0625
vt 0.0625 0.9375
vt 0.9375 0.9375
vt 0.9375 0.0625
vt 0.0625 0.0625
vt 0.0625 0.9375
vt 0.9375 0.9375
vt 0.9375 0.0625
vt 0.0625 0.0625
vt 0.0625 0.9375
vt 0.9375 0.9375
vt 0.9375 0.0625
vt 0.0625 0.0625
vt 0.0625 0.9375
vt 0.9375 0.9375
vt 0.9375 0.0625
vt 0.0625 0.0625
vt 0.0625 0.9375
vt 0.9375 0.9375
vt 0.9375 0.0625
vt 0.0625 0.0625
vt 0.0625 0.9375
vt 0.9375 0.9375
vt 0.9375 0.0625
vt 0.0625 0.0625
vt 0.0625 0.9375
vt 0.9375 0.9375
vt 0.9375 0.0625
vt 0.0625 0.0625
vt 0.0625 0.9375
vt 0.9375 0.9375
vt 0.9375 0.0625
vt 0.0625 0.0625
vt 0.0625 0.9375
vt 0.9375 0.9375
vt 0.9375 0.0625
vt 0.0625 0.0625
vt 0.0625 0.9375
vt 0.9375 0.9375
vt 0.9375 0.0625
vt 0.0625 0.0625
vt 0.0625 0.9375
vt 0.9375 0.9375
vt 0.9375 0.0625
vt 0.0625 0.0625
vt 0.0625 0.9375
vt 0.9375 0.9375
vt 0.9375 0.0625
vt 0.0625 0.0625
vt 0.0625 0.9375
vt 0.9375 0.9375
vt 0.9375 0.0625
vt 0.0625 0.0625
vt 0.0625 0.9375
vt 0.9375 0.9375
vt 0.9375 0.0625
vt 0.0625 0.0625
vt 0.0625 0.9375
vt 0.9375 0.9375
vt 0.9375 0.0625
vt 0.0625 0.0625
vt 0.0625 0.9375
vt 0.9375 0.9375
vt 0.9375 0.0625
vt 0.0625 0.0625
vt 0.0625 0.9375
vt 0.9375 0.9375
vt 0.9375 0.0625
vt 0.0625 0.0625
vt 0.0625 0.9375
vt 0.9375 0.9375
vt 0.9375 0.0625
vt 0.0625 0.9375
vt 0.9375 0.9375
vt 0.9375 0.0625
vt 0.0625 0.9375
vt 0.9375 0.9375
vt 0.9375 0.0625
vt 0.0625 0.9375
vt 0.9375 0.9375
vt 0.9375 0.0625
vt 0.0625 0.9375
vt 0.9375 0.9375
vt 0.9375 0.0625
vt 0.0625 0.9375
vt 0.9375 0.9375
vt 0.9375 0.0625
vt 0.0625 0.9375
vt 0.9375 0.9375
vt 0.9375 0.0625
vt 0.0625 0.9375
vt 0.9375 0.9375
vt 0.9375 0.0625
vt 0.0625 0.9375
vt 0.9375 0.9375
vt 0.9375 0.0625
vt 0.0625 0.9375
vt 0.9375 0.9375
vt 0.9375 0.0625
vt 0.0625 0.9375
vt 0.9375 0.9375
vt 0.9375 0.0625
vt 0.0625 0.9375
vt 0.9375 0.9375
vt 0.9375 0.0625
vt 0.0625 0.9375
vt 0.9375 0.9375
vt 0.9375 0.0625
vt 0.0625 0.9375
vt 0.9375 0.9375
vt 0.9375 0.0625
vt 0.0625 0.9375
vt 0.9375 0.9375
vt 0.9375 0.0625
vt 0.0625 0.9375
vt 0.9375 0.9375
vt 0.9375 0.0625
vt 0.0625 0.9375
vt 0.9375 0.9375
vt 0.9375 0.0625
vt 0.0625 0.0625
vt 0.0625 0.9375
vt 0.9375 0.9375
vt 0.9375 0.0625
vt 0.0625 0.0625
vt 0.0625 0.9375
vt 0.9375 0.9375
vt 0.9375 0.0625
vt 0.0625 0.0625
vt 0.0625 0.9375
vt 0.9375 0.9375
vt 0.9375 0.0625
vt 0.0625 0.0625
vt 0.0625 0.9375
vt 0.9375 0.9375
vt 0.9375 0.0625
vt 0.0625 0.0625
vt 0.0625 0.9375
vt 0.9375 0.9375
vt 0.9375 0.0625
vt 0.0625 0.0625
vt 0.0625 0.9375
vt 0.9375 0.9375
vt 0.9375 0.0625
vt 0.0625 0.0625
vt 0.0625 0.9375
vt 0.9375 0.9375
vt 0.9375 0.0625
vt 0.0625 0.0625
vt 0.0625 0.9375
vt 0.9375 0.9375
vt 0.9375 0.0625
vt 0.0625 0.0625
vt 0.0625 0.9375
vt 0.9375 0.9375
vt 0.9375 0.0625
vt 0.0625 0.0625
vt 0.0625 0.9375
vt 0.9375 0.9375
vt 0.9375 0.0625
vt 0.0625 0.0625
vt 0.0625 0.9375
vt 0.9375 0.9375
vt 0.9375 0.0625
vt 0.0625 0.0625
vt 0.0625 0.9375
vt 0.9375 0.9375
vt 0.9375 0.0625
vt 0.0625 0.0625
vt 0.0625 0.9375
vt 0.9375 0.9375
vt 0.9375 0.0625
vt 0.0625 0.0625
vt 0.0625 0.9375
vt 0.9375 0.9375
vt 0.9375 0.0625
vt 0.0625 0.0625
vt 0.0625 0.9375
vt 0.9375 0.9375
vt 0.9375 0.0625
vt 0.0625 0.0625
vt 0.0625 0.9375
vt 0.9375 0.9375
vt 0.9375 0.0625
vt 0.0625 0.0625
vt 0.0625 0.9375
vt 0.9375 0.9375
vt 0.9375 0.0625
vt 0.0625 0.0625
vt 0.0625 0.9375
vt 0.9375 0.9375
vt 0.9375 0.0625
vt 0.0625 0.0625
vt 0.0625 0.9375
vt 0.9375 0.9375
vt 0.9375 0.0625
vt 0.0625 0.0625
vt 0.0625 0.9375
vt 0.9375 0.9375
vt 0.9375 0.0625
vt 0.0625 0.0625
vt 0.0625 0.9375
vt 0.9375 0.9375
vt 0.9375 0.0625
vt 0.0625 0.0625
vt 0.0625 0.9375
vt 0.9375 0.9375
vt 0.9375 0.0625
vt 0.0625 0.0625
vt 0.0625 0.9375
vt 0.9375 0.9375
vt 0.9375 0.0625
vt 0.0625 0.0625
vt 0.0625 0.9375
vt 0.9375 0.9375
vt 0.9375 0.0625
vt 0.0625 0.9375
vt 0.9375 0.9375
vt 0.9375 0.0625
vt 0.0625 0.9375
vt 0.9375 0.9375
vt 0.9375 0.0625
vt 0.0625 0.9375
vt 0.9375 0.9375
vt 0.9375 0.0625
vt 0.0625 0.9375
vt 0.9375 0.9375
vt 0.9375 0.0625
vt 0.0625 0.9375
vt 0.9375 0.9375
vt 0.9375 0.0625
vt 0.0625 0.9375
vt 0.9375 0.9375
vt 0.9375 0.0625
vt 0.0625 0.9375
vt 0.9375 0.9375
vt 0.9375 0.0625
vt 0.0625 0.9375
vt 0.9375 0.9375
vt 0.9375 0.0625
vt 0.0625 0.9375
vt 0.9375 0.9375
vt 0.9375 0.0625
vt 0.0625 0.9375
vt 0.9375 0.9375
vt 0.9375 0.0625
vt 0.0625 0.9375
vt 0.9375 0.9375
vt 0.9375 0.0625
vt 0.0625 0.9375
vt 0.9375 0.9375
vt 0.9375 0.0625
vt 0.0625 0.9375
vt 0.9375 0.9375
vt 0.9375 0.0625
vt 0.0625 0.9375
vt 0.9375 0.9375
vt 0.9375 0.0625
vt 0.0625 0.9375
vt 0.9375 0.9375
vt 0.9375 0.0625
vt 0.0625 0.9375
vt 0.9375 0.9375
vt 0.9375 0.0625
vt 0.0625 0.0625
vt 0.0625 0.9375
vt 0.9375 0.9375
vt 0.9375 0.0625
vt 0.0625 0.0625
vt 0.0625 0.9375
vt 0.9375 0.9375
vt 0.9375 0.0625
vt 0.0625 0.0625
vt 0.0625 0.9375
vt 0.9375 0.9375
vt 0.9375 0.0625
vt 0.0625 0.0625
vt 0.0625 0.9375
vt 0.9375 0.9375
vt 0.9375 0.0625
vt 0.0625 0.0625
vt 0.0625 0.9375
vt 0.9375 0.9375
vt 0.9375 0.0625
vt 0.0625 0.0625
vt 0.0625 0.9375
vt 0.9375 0.9375
vt 0.9375 0.0625
vt 0.0625 0.0625
vt 0.0625 0.9375
vt 0.9375 0.9375
vt 0.9375 0.0625
vt 0.0625 0.0625
vt 0.0625 0.9375
vt 0.9375 0.9375
vt 0.9375 0.0625
vt 0.0625 0.0625
vt 0.0625 0.9375
vt 0.9375 0.9375
vt 0.9375 0.0625
vt 0.0625 0.0625
vt 0.0625 0.9375
vt 0.9375 0.9375
vt 0.9375 0.0625
vt 0.0625 0.0625
vt 0.0625 0.9375
vt 0.9375 0.9375
vt 0.9375 0.0625
vt 0.0625 0.0625
vt 0.0625 0.9375
vt 0.9375 0.9375
vt 0.9375 0.0625
vt 0.0625 0.0625
vt 0.0625 0.9375
vt 0.9375 0.9375
vt 0.9375 0.0625
vt 0.0625 0.0625
vt 0.0625 0.9375
vt 0.9375 0.9375
vt 0.9375 0.0625
vt 0.0625 0.0625
vt 0.0625 0.9375
vt 0.9375 0.9375
vt 0.9375 0.0625
vt 0.0625 0.0625
vt 0.0625 0.9375
vt 0.9375 0.9375
vt 0.9375 0.0625
vt 0.0625 0.0625
vt 0.0625 0.9375
vt 0.9375 0.9375
vt 0.9375 0.0625
vt 0.0625 0.0625
vt 0.0625 0.9375
vt 0.9375 0.9375
vt 0.9375 0.0625
vt 0.0625 0.0625
vt 0.0625 0.9375
vt 0.9375 0.9375
vt 0.9375 0.0625
vt 0.0625 0.0625
vt 0.0625 0.9375
vt 0.9375 0.9375
vt 0.9375 0.0625
vt 0.0625 0.0625
vt 0.0625 0.9375
vt 0.9375 0.9375
vt 0.9375 0.0625
vt 0.0625 0.0625
vt 0.0625 0.9375
vt 0.9375 0.9375
vt 0.9375 0.0625
vt 0.0625 0.0625
vt 0.0625 0.9375
vt 0.9375 0.9375
vt 0.9375 0.0625
vt 0.0625 0.0625
vt 0.0625 0.9375
vt 0.9375 0.9375
vt 0.9375 0.0625
vt 0.0625 0.9375
vt 0.9375 0.9375
vt 0.9375 0.0625
vt 0.0625 0.9375
vt 0.9375 0.9375
vt 0.9375 0.0625
vt 0.0625 0.9375
vt 0.9375 0.9375
vt 0.9375 0.0625
vt 0.0625 0.9375
vt 0.9375 0.9375
vt 0.9375 0.0625
vt 0.0625 0.9375
vt 0.9375 0.9375
vt 0.9375 0.0625
vt 0.0625 0.9375
vt 0.9375 0.9375
vt 0.9375 0.0625
vt 0.0625 0.9375
vt 0.9375 0.9375
vt 0.9375 0.0625
vt 0.0625 0.9375
vt 0.9375 0.9375
vt 0.9375 0.0625
vt 0.0625 0.9375
vt 0.9375 0.9375
vt 0.9375 0.0625
vt 0.0625 0.9375
vt 0.9375 0.9375
vt 0.9375 0.0625
vt 0.0625 0.9375
vt 0.9375 0.9375
vt 0.9375 0.0625
vt 0.0625 0.9375
vt 0.9375 0.9375
vt 0.9375 0.0625
vt 0.0625 0.9375
vt 0.9375 0.9375
vt 0.9375 0.0625
vt 0.0625 0.9375
vt 0.9375 0.9375
vt 0.9375 0.0625
vt 0.0625 0.9375
vt 0.9375 0.9375
vt 0.9375 0.0625
vn 0 -0.707106781 -0.707106781
vn 0.577350269 -0.577350269 -0.577350269
vn 0.707106781 -0.707106781 0
vn 0.577350269 -0.577350269 0.577350269
vn 0 -0.707106781 0.707106781
vn -0.577350269 -0.577350269 0.577350269
vn -0.707106781 -0.707106781 0
vn -0.577350269 -0.577350269 -0.577350269
vn 0 0 -1
vn 0.707106781 0 -0.707106781
vn 1 0 0
vn 0.707106781 0 0.707106781
vn 0 0 1
vn -0.707106781 0 0.707106781
vn -1 0 0
vn -0.707106781 0 -0.707106781
vn 0 0.707106781 -0.707106781
vn 0.577350269 0.577350269 -0.577350269
vn 0.707106781 0.707106781 0
vn 0.577350269 0.577350269 0.577350269
vn 0 0.707106781 0.707106781
vn -0.577350269 0.577350269 0.577350269
vn -0.707106781 0.707106781 0
vn -0.577350269 0.577350269 -0.577350269
vn 0 -1 0
vn 0 1 1.50948066e-17
vn 0 -1 0
vn -8.19050553e-18 1 8.19050553e-18
vn 0 -1 0
vn -1.53557818e-17 1 0
vn 0 -1 0
vn -8.19050553e-18 1 -8.19050553e-18
vn 0 -1 0
vn 0 1 -1.50948066e-17
vn 0 -1 0
vn 8.19050553e-18 1 -8.19050553e-18
vn 0 -1 0
vn 1.53557818e-17 1 0
vn 0 -1 0
vn 8.19050553e-18 1 8.19050553e-18
vn 0 -0.707106781 -0.707106781
vn 0.577350269 -0.577350269 -0.577350269
vn 0.707106781 -0.707106781 0
vn 0.577350269 -0.577350269 0.577350269
vn 0 -0.707106781 0.707106781
vn -0.577350269 -0.577350269 0.577350269
vn -0.707106781 -0.707106781 0
vn -0.577350269 -0.577350269 -0.577350269
vn 0 0 -1
vn 0.707106781 0 -0.707106781
vn 1 0 0
vn 0.707106781 0 0.707106781
vn 0 0 1
vn -0.707106781 0 0.707106781
vn -1 0 0
vn -0.707106781 0 -0.707106781
vn 0 0.707106781 -0.707106781
vn 0.577350269 0.577350269 -0.577350269
vn 0.707106781 0.707106781 0
vn 0.577350269 0.577350269 0.577350269
vn 0 0.707106781 0.707106781
vn -0.577350269 0.577350269 0.577350269
vn -0.707106781 0.707106781 0
vn -0.577350269 0.577350269 -0.577350269
vn 0 -1 7.52693576e-18
vn 0 1 -1.20430972e-16
vn -4.10433651e-18 -1 4.10433651e-18
vn 6.56693841e-17 1 -6.56693841e-17
vn -7.60426729e-18 -1 0
vn 1.21668277e-16 1 0
vn -4.10433651e-18 -1 -4.10433651e-18
vn 6.56693841e-17 1 6.56693841e-17
vn 0 -1 -7.52693576e-18
vn 0 1 1.20430972e-16
vn 4.10433651e-18 -1 -4.10433651e-18
vn -6.56693841e-17 1 6.56693841e-17
vn 7.60426729e-18 -1 0
vn -1.21668277e-16 1 0
vn 4.10433651e-18 -1 4.10433651e-18
vn -6.56693841e-17 1 -6.56693841e-17
vn 0 -0.707106781 -0.707106781
vn 0.577350269 -0.577350269 -0.577350269
vn 0.707106781 -0.707106781 0
vn 0.577350269 -0.577350269 0.577350269
vn 0 -0.707106781 0.707106781
vn -0.577350269 -0.577350269 0.577350269
vn -0.707106781 -0.707106781 0
vn -0.577350269 -0.577350269 -0.577350269
vn 0 0 -1
vn 0.707106781 0 -0.707106781
vn 1 0 0
vn 0.707106781 0 0.707106781
vn 0 0 1
vn -0.707106781 0 0.707106781
vn -1 0 0
vn -0.707106781 0 -0.707106781
vn 0 0.707106781 -0.707106781
vn 0.577350269 0.577350269 -0.577350269
vn 0.707106781 0.707106781 0
vn 0.577350269 0.577350269 0.577350269
vn 0 0.707106781 0.707106781
vn -0.577350269 0.577350269 0.577350269
vn -0.707106781 0.707106781 0
vn -0.577350269 0.577350269 -0.577350269
vn 0 -1 0
vn 0 1 0
vn 0 -1 0
vn 0 1 0
vn 0 -1 0
vn 0 1 0
vn 0 -1 0
vn 0 1 0
vn 0 -1 0
vn 0 1 0
vn 0 -1 0
vn 0 1 0
vn 0 -1 0
vn 0 1 0
vn 0 -1 0
vn 0 1 0
vn 0.685940558 -0.704062592 0.183797218
vn 0.614997479 -0.704062592 0.35506896
vn 0.502143339 -0.704062592 0.502143339
vn 0.35506896 -0.704062592 0.614997479
vn 0.183797218 -0.704062592 0.685940558
vn 0 -0.704062592 0.710137921
vn -0.183797218 -0.704062592 0.685940558
vn -0.35506896 -0.704062592 0.614997479
vn -0.502143339 -0.704062592 0.502143339
vn -0.614997479 -0.704062592 0.35506896
vn -0.685940558 -0.704062592 0.183797218
vn -0.710137921 -0.704062592 0
vn -0.685940558 -0.704062592 -0.183797218
vn -0.614997479 -0.704062592 -0.35506896
vn -0.502143339 -0.704062592 -0.502143339
vn -0.35506896 -0.704062592 -0.614997479
vn -0.183797218 -0.704062592 -0.685940558
vn 0 -0.704062592 -0.710137921
vn 0.183797218 -0.704062592 -0.685940558
vn 0.35506896 -0.704062592 -0.614997479
vn 0.502143339 -0.704062592 -0.502143339
vn 0.614997479 -0.704062592 -0.35506896
vn 0.685940558 -0.704062592 -0.183797218
vn 0.710137921 -0.704062592 0
vn 0.965925826 0 0.258819045
vn 0.866025404 0 0.5
vn 0.707106781 0 0.707106781
vn 0.5 0 0.866025404
vn 0.258819045 0 0.965925826
vn 0 0 1
vn -0.258819045 0 0.965925826
vn -0.5 0 0.866025404
vn -0.707106781 0 0.707106781
vn -0.866025404 0 0.5
vn -0.965925826 0 0.258819045
vn -1 0 0
vn -0.965925826 0 -0.258819045
vn -0.866025404 0 -0.5
vn -0.707106781 0 -0.707106781
vn -0.5 0 -0.866025404
vn -0.258819045 0 -0.965925826
vn 0 0 -1
vn 0.258819045 0 -0.965925826
vn 0.5 0 -0.866025404
vn 0.707106781 0 -0.707106781
vn 0.866025404 0 -0.5
vn 0.965925826 0 -0.258819045
vn 1 0 0
vn 0.685940558 0.704062592 0.183797218
vn 0.614997479 0.704062592 0.35506896
vn 0.502143339 0.704062592 0.502143339
vn 0.35506896 0.704062592 0.614997479
vn 0.183797218 0.704062592 0.685940558
vn 0 0.704062592 0.710137921
vn -0.183797218 0.704062592 0.685940558
vn -0.35506896 0.704062592 0.614997479
vn -0.502143339 0.704062592 0.502143339
vn -0.614997479 0.704062592 0.35506896
vn -0.685940558 0.704062592 0.183797218
vn -0.710137921 0.704062592 0
vn -0.685940558 0.704062592 -0.183797218
vn -0.614997479 0.704062592 -0.35506896
vn -0.502143339 0.704062592 -0.502143339
vn -0.35506896 0.704062592 -0.614997479
vn -0.183797218 0.704062592 -0.685940558
vn 0 0.704062592 -0.710137921
vn 0.183797218 0.704062592 -0.685940558
vn 0.35506896 0.704062592 -0.614997479
vn 0.502143339 0.704062592 -0.502143339
vn 0.614997479 0.704062592 -0.35506896
vn 0.685940558 0.704062592 -0.183797218
vn 0.710137921 0.704062592 0
vn -7.57942234e-16 -1 -2.0309001e-16
vn 2.52647411e-16 1 6.76966699e-17
vn -6.79552417e-16 -1 -3.92339771e-16
vn 2.26517472e-16 1 1.30779924e-16
vn -5.54852225e-16 -1 -5.54852225e-16
vn 1.84950742e-16 1 1.84950742e-16
vn -3.92339771e-16 -1 -6.79552417e-16
vn 1.30779924e-16 1 2.26517472e-16
vn -2.0309001e-16 -1 -7.57942234e-16
vn 6.76966699e-17 1 2.52647411e-16
vn 0 -1 -7.84679541e-16
vn 0 1 2.61559847e-16
vn 2.0309001e-16 -1 -7.57942234e-16
vn -6.76966699e-17 1 2.52647411e-16
vn 3.92339771e-16 -1 -6.79552417e-16
vn -1.30779924e-16 1 2.26517472e-16
vn 5.54852225e-16 -1 -5.54852225e-16
vn -1.84950742e-16 1 1.84950742e-16
vn 6.79552417e-16 -1 -3.92339771e-16
vn -2.26517472e-16 1 1.30779924e-16
vn 7.57942234e-16 -1 -2.0309001e-16
vn -2.52647411e-16 1 6.76966699e-17
vn 7.84679541e-16 -1 0
vn -2.61559847e-16 1 0
vn 7.57942234e-16 -1 2.0309001e-16
vn -2.52647411e-16 1 -6.76966699e-17
vn 6.79552417e-16 -1 3.92339771e-16
vn -2.26517472e-16 1 -1.30779924e-16
vn 5.54852225e-16 -1 5.54852225e-16
vn -1.84950742e-16 1 -1.84950742e-16
vn 3.92339771e-16 -1 6.79552417e-16
vn -1.30779924e-16 1 -2.26517472e-16
vn 2.0309001e-16 -1 7.57942234e-16
vn -6.76966699e-17 1 -2.52647411e-16
vn 0 -1 7.84679541e-16
vn 0 1 -2.61559847e-16
vn -2.0309001e-16 -1 7.57942234e-16
vn 6.76966699e-17 1 -2.52647411e-16
vn -3.92339771e-16 -1 6.79552417e-16
vn 1.30779924e-16 1 -2.26517472e-16
vn -5.54852225e-16 -1 5.54852225e-16
vn 1.84950742e-16 1 -1.84950742e-16
vn -6.79552417e-16 -1 3.92339771e-16
vn 2.26517472e-16 1 -1.30779924e-16
vn -7.57942234e-16 -1 2.0309001e-16
vn 2.52647411e-16 1 -6.76966699e-17
vn -7.84679541e-16 -1 0
vn 2.61559847e-16 1 0
vn 0.965925826 0 0.258819045
vn 0.866025404 0 0.5
vn 0.707106781 0 0.707106781
vn 0.5 0 0.866025404
vn 0.258819045 0 0.965925826
vn 0 0 1
vn -0.258819045 0 0.965925826
vn -0.5 0 0.866025404
vn -0.707106781 0 0.707106781
vn -0.866025404 0 0.5
vn -0.965925826 0 0.258819045
vn -1 0 0
vn -0.965925826 0 -0.258819045
vn -0.866025404 0 -0.5
vn -0.707106781 0 -0.707106781
vn -0.5 0 -0.866025404
vn -0.258819045 0 -0.965925826
vn -4.9741222e-16 0 -1
vn 0.258819045 0 -0.965925826
vn 0.5 0 -0.866025404
vn 0.707106781 0 -0.707106781
vn 0.866025404 0 -0.5
vn 0.965925826 0 -0.258819045
vn 1 0 0
vn 0 1 0
vn 0 1 0
vn 0 1 0
vn 0 1 0
vn 0 1 0
vn 0 1 0
vn 0 1 0
vn 0 1 0
vn 0 1 0
vn 0 1 0
vn 0 1 0
vn 0 1 0
vn 0 1 0
vn 0 1 0
vn 0 1 0
vn 0 1 0
vn 0 1 0
vn 0 1 0
vn 0 1 0
vn 0 1 0
vn 0 1 0
vn 0 1 0
vn 0 1 0
vn 0 1 0
vn -0.965925826 0 -0.258819045
vn -0.866025404 0 -0.5
vn -0.707106781 0 -0.707106781
vn -0.5 0 -0.866025404
vn -0.258819045 0 -0.965925826
vn 0 0 -1
vn 0.258819045 0 -0.965925826
vn 0.5 0 -0.866025404
vn 0.707106781 0 -0.707106781
vn 0.866025404 0 -0.5
vn 0.965925826 0 -0.258819045
vn 1 0 0
vn 0.965925826 0 0.258819045
vn 0.866025404 0 0.5
vn 0.707106781 0 0.707106781
vn 0.5 0 0.866025404
vn 0.258819045 0 0.965925826
vn 0 0 1
vn -0.258819045 0 0.965925826
vn -0.5 0 0.866025404
vn -0.707106781 0 0.707106781
vn -0.866025404 0 0.5
vn -0.965925826 0 0.258819045
vn -1 0 0
vn 0 -1 0
vn 0 -1 0
vn 0 -1 0
vn 0 -1 0
vn 0 -1 0
vn 0 -1 0
vn 0 -1 0
vn 0 -1 0
vn 0 -1 0
vn 0 -1 0
vn 0 -1 0
vn 0 -1 0
vn 0 -1 0
vn 0 -1 0
vn 0 -1 0
vn 0 -1 0
vn 0 -1 0
vn 0 -1 0
vn 0 -1 0
vn 0 -1 0
vn 0 -1 0
vn 0 -1 0
vn 0 -1 0
vn 0 -1 0
vn 0.965925826 0 0.258819045
vn 0.866025404 0 0.5
vn 0.707106781 0 0.707106781
vn 0.5 0 0.866025404
vn 0.258819045 0 0.965925826
vn 0 0 1
vn -0.258819045 0 0.965925826
vn -0.5 0 0.866025404
vn -0.707106781 0 0.707106781
vn -0.866025404 0 0.5
vn -0.965925826 0 0.258819045
vn -1 0 0
vn -0.965925826 0 -0.258819045
vn -0.866025404 0 -0.5
vn -0.707106781 0 -0.707106781
vn -0.5 0 -0.866025404
vn -0.258819045 0 -0.965925826
vn -5.24237224e-16 0 -1
vn 0.258819045 0 -0.965925826
vn 0.5 0 -0.866025404
vn 0.707106781 0 -0.707106781
vn 0.866025404 0 -0.5
vn 0.965925826 0 -0.258819045
vn 1 0 0
vn 0 1 0
vn 0 1 0
vn 0 1 0
vn 0 1 0
vn 0 1 0
vn 0 1 0
vn 0 1 0
vn 0 1 0
vn 0 1 0
vn 0 1 0
vn 0 1 0
vn 0 1 0
vn 0 1 0
vn 0 1 0
vn 0 1 0
vn 0 1 0
vn 0 1 0
vn 0 1 0
vn 0 1 0
vn 0 1 0
vn 0 1 0
vn 0 1 0
vn 0 1 0
vn 0 1 0
vn -0.965925826 0 -0.258819045
vn -0.866025404 0 -0.5
vn -0.707106781 0 -0.707106781
vn -0.5 0 -0.866025404
vn -0.258819045 0 -0.965925826
vn 0 0 -1
vn 0.258819045 0 -0.965925826
vn 0.5 0 -0.866025404
vn 0.707106781 0 -0.707106781
vn 0.866025404 0 -0.5
vn 0.965925826 0 -0.258819045
vn 1 0 0
vn 0.965925826 0 0.258819045
vn 0.866025404 0 0.5
vn 0.707106781 0 0.707106781
vn 0.5 0 0.866025404
vn 0.258819045 0 0.965925826
vn 5.52321361e-16 0 1
vn -0.258819045 0 0.965925826
vn -0.5 0 0.866025404
vn -0.707106781 0 0.707106781
vn -0.866025404 0 0.5
vn -0.965925826 0 0.258819045
vn -1 0 0
vn 0 -1 0
vn 0 -1 0
vn 0 -1 0
vn 0 -1 0
vn 0 -1 0
vn 0 -1 0
vn 0 -1 0
vn 0 -1 0
vn 0 -1 0
vn 0 -1 0
vn 0 -1 0
vn 0 -1 0
vn 0 -1 0
vn 0 -1 0
vn 0 -1 0
vn 0 -1 0
vn 0 -1 0
vn 0 -1 0
vn 0 -1 0
vn 0 -1 0
vn 0 -1 0
vn 0 -1 0
vn 0 -1 0
vn 0 -1 0
vn 0.685940558 -0.704062592 0.183797218
vn 0.614997479 -0.704062592 0.35506896
vn 0.502143339 -0.704062592 0.502143339
vn 0.35506896 -0.704062592 0.614997479
vn 0.183797218 -0.704062592 0.685940558
vn 0 -0.704062592 0.710137921
vn -0.183797218 -0.704062592 0.685940558
vn -0.35506896 -0.704062592 0.614997479
vn -0.502143339 -0.704062592 0.502143339
vn -0.614997479 -0.704062592 0.35506896
vn -0.685940558 -0.704062592 0.183797218
vn -0.710137921 -0.704062592 0
vn -0.685940558 -0.704062592 -0.183797218
vn -0.614997479 -0.704062592 -0.35506896
vn -0.502143339 -0.704062592 -0.502143339
vn -0.35506896 -0.704062592 -0.614997479
vn -0.183797218 -0.704062592 -0.685940558
vn -4.08706705e-16 -0.704062592 -0.710137921
vn 0.183797218 -0.704062592 -0.685940558
vn 0.35506896 -0.704062592 -0.614997479
vn 0.502143339 -0.704062592 -0.502143339
vn 0.614997479 -0.704062592 -0.35506896
vn 0.685940558 -0.704062592 -0.183797218
vn 0.710137921 -0.704062592 0
vn 0.965925826 0 0.258819045
vn 0.866025404 0 0.5
vn 0.707106781 0 0.707106781
vn 0.5 0 0.866025404
vn 0.258819045 0 0.965925826
vn 0 0 1
vn -0.258819045 0 0.965925826
vn -0.5 0 0.866025404
vn -0.707106781 0 0.707106781
vn -0.866025404 0 0.5
vn -0.965925826 0 0.258819045
vn -1 0 0
vn -0.965925826 0 -0.258819045
vn -0.866025404 0 -0.5
vn -0.707106781 0 -0.707106781
vn -0.5 0 -0.866025404
vn -0.258819045 0 -0.965925826
vn -5.81589673e-16 0 -1
vn 0.258819045 0 -0.965925826
vn 0.5 0 -0.866025404
vn 0.707106781 0 -0.707106781
vn 0.866025404 0 -0.5
vn 0.965925826 0 -0.258819045
vn 1 0 0
vn 0.685940558 0.704062592 0.183797218
vn 0.614997479 0.704062592 0.35506896
vn 0.502143339 0.704062592 0.502143339
vn 0.35506896 0.704062592 0.614997479
vn 0.183797218 0.704062592 0.685940558
vn 0 0.704062592 0.710137921
vn -0.183797218 0.704062592 0.685940558
vn -0.35506896 0.704062592 0.614997479
vn -0.502143339 0.704062592 0.502143339
vn -0.614997479 0.704062592 0.35506896
vn -0.685940558 0.704062592 0.183797218
vn -0.710137921 0.704062592 0
vn -0.685940558 0.704062592 -0.183797218
vn -0.614997479 0.704062592 -0.35506896
vn -0.502143339 0.704062592 -0.502143339
vn -0.35506896 0.704062592 -0.614997479
vn -0.183797218 0.704062592 -0.685940558
vn -4.30500622e-16 0.704062592 -0.710137921
vn 0.183797218 0.704062592 -0.685940558
vn 0.35506896 0.704062592 -0.614997479
vn 0.502143339 0.704062592 -0.502143339
vn 0.614997479 0.704062592 -0.35506896
vn 0.685940558 0.704062592 -0.183797218
vn 0.710137921 0.704062592 0
vn -3.03620135e-16 -1 -8.13547699e-17
vn 0 1 0
vn -2.72218366e-16 -1 -1.57165347e-16
vn 0 1 0
vn -2.22265365e-16 -1 -2.22265365e-16
vn 0 1 0
vn -1.57165347e-16 -1 -2.72218366e-16
vn 0 1 0
vn -8.13547699e-17 -1 -3.03620135e-16
vn 0 1 0
vn 0 -1 -3.14330693e-16
vn 0 1 0
vn 8.13547699e-17 -1 -3.03620135e-16
vn 0 1 0
vn 1.57165347e-16 -1 -2.72218366e-16
vn 0 1 0
vn 2.22265365e-16 -1 -2.22265365e-16
vn 0 1 0
vn 2.72218366e-16 -1 -1.57165347e-16
vn 0 1 0
vn 3.03620135e-16 -1 -8.13547699e-17
vn 0 1 0
vn 3.14330693e-16 -1 0
vn 0 1 0
vn 3.03620135e-16 -1 8.13547699e-17
vn 0 1 0
vn 2.72218366e-16 -1 1.57165347e-16
vn 0 1 0
vn 2.22265365e-16 -1 2.22265365e-16
vn 0 1 0
vn 1.57165347e-16 -1 2.72218366e-16
vn 0 1 0
vn 8.13547699e-17 -1 3.03620135e-16
vn 0 1 0
vn 1.87622314e-31 -1 3.14330693e-16
vn 0 1 0
vn -8.13547699e-17 -1 3.03620135e-16
vn 0 1 0
vn -1.57165347e-16 -1 2.72218366e-16
vn 0 1 0
vn -2.22265365e-16 -1 2.22265365e-16
vn 0 1 0
vn -2.72218366e-16 -1 1.57165347e-16
vn 0 1 0
vn -3.03620135e-16 -1 8.13547699e-17
vn 0 1 0
vn -3.14330693e-16 -1 0
vn 0 1 0
vn 0 -0.707106781 -0.707106781
vn 0.577350269 -0.577350269 -0.577350269
vn 0.707106781 -0.707106781 0
vn 0.577350269 -0.577350269 0.577350269
vn 0 -0.707106781 0.707106781
vn -0.577350269 -0.577350269 0.577350269
vn -0.707106781 -0.707106781 0
vn -0.577350269 -0.577350269 -0.577350269
vn 0 0 -1
vn 0.707106781 0 -0.707106781
vn 1 0 0
vn 0.707106781 0 0.707106781
vn 0 0 1
vn -0.707106781 0 0.707106781
vn -1 0 0
vn -0.707106781 0 -0.707106781
vn 0 0.707106781 -0.707106781
vn 0.577350269 0.577350269 -0.577350269
vn 0.707106781 0.707106781 0
vn 0.577350269 0.577350269 0.577350269
vn 0 0.707106781 0.707106781
vn -0.577350269 0.577350269 0.577350269
vn -0.707106781 0.707106781 0
vn -0.577350269 0.577350269 -0.577350269
vn 0 -1 0
vn 0 1 -1.77635684e-14
vn 0 -1 0
vn 1.82190445e-16 1 -1.82190445e-16
vn 0 -1 0
vn 1.83507938e-16 1 0
vn 0 -1 0
vn 1.82190445e-16 1 1.82190445e-16
vn 0 -1 0
vn 0 1 1.77635684e-14
vn 0 -1 0
vn -1.82190445e-16 1 1.82190445e-16
vn 0 -1 0
vn -1.83507938e-16 1 0
vn 0 -1 0
vn -1.82190445e-16 1 -1.82190445e-16
vn 0 -0.707106781 -0.707106781
vn 0.577350269 -0.577350269 -0.577350269
vn 0.707106781 -0.707106781 0
vn 0.577350269 -0.577350269 0.577350269
vn 0 -0.707106781 0.707106781
vn -0.577350269 -0.577350269 0.577350269
vn -0.707106781 -0.707106781 0
vn -0.577350269 -0.577350269 -0.577350269
vn 0 0 -1
vn 0.707106781 0 -0.707106781
vn 1 0 0
vn 0.707106781 0 0.707106781
vn 0 0 1
vn -0.707106781 0 0.707106781
vn -1 0 0
vn -0.707106781 0 -0.707106781
vn 0 0.707106781 -0.707106781
vn 0.577350269 0.577350269 -0.577350269
vn 0.707106781 0.707106781 0
vn 0.577350269 0.577350269 0.577350269
vn 0 0.707106781 0.707106781
vn -0.577350269 0.577350269 0.577350269
vn -0.707106781 0.707106781 0
vn -0.577350269 0.577350269 -0.577350269
vn 0 -1 0
vn 0 1 2.96059473e-15
vn 0 -1 0
vn -3.88529492e-17 1 3.88529492e-17
vn 0 -1 0
vn -3.91268026e-17 1 0
vn 0 -1 0
vn -3.88529492e-17 1 -3.88529492e-17
vn 0 -1 0
vn 0 1 -2.96059473e-15
vn 0 -1 0
vn 3.88529492e-17 1 -3.88529492e-17
vn 0 -1 0
vn 3.91268026e-17 1 0
vn 0 -1 0
vn 3.88529492e-17 1 3.88529492e-17
vn 0 -0.707106781 -0.707106781
vn 0.577350269 -0.577350269 -0.577350269
vn 0.707106781 -0.707106781 0
vn 0.577350269 -0.577350269 0.577350269
vn 0 -0.707106781 0.707106781
vn -0.577350269 -0.577350269 0.577350269
vn -0.707106781 -0.707106781 0
vn -0.577350269 -0.577350269 -0.577350269
vn 0 0 -1
vn 0.707106781 0 -0.707106781
vn 1 0 0
vn 0.707106781 0 0.707106781
vn 0 0 1
vn -0.707106781 0 0.707106781
vn -1 0 0
vn -0.707106781 0 -0.707106781
vn 0 0.707106781 -0.707106781
vn 0.577350269 0.577350269 -0.577350269
vn 0.707106781 0.707106781 0
vn 0.577350269 0.577350269 0.577350269
vn 0 0.707106781 0.707106781
vn -0.577350269 0.577350269 0.577350269
vn -0.707106781 0.707106781 0
vn -0.577350269 0.577350269 -0.577350269
vn 0 -1 -1.36642834e-14
vn 0 1 0
vn 7.72329061e-15 -1 -7.72329061e-15
vn 0 1 0
vn 1.36642834e-14 -1 0
vn 0 1 0
vn 7.72329061e-15 -1 7.72329061e-15
vn 0 1 0
vn 0 -1 1.36642834e-14
vn 0 1 0
vn -7.72329061e-15 -1 7.72329061e-15
vn 0 1 0
vn -1.36642834e-14 -1 0
vn 0 1 0
vn -7.72329061e-15 -1 -7.72329061e-15
vn 0 1 0
vn 0 -0.707106781 -0.707106781
vn 0.577350269 -0.577350269 -0.577350269
vn 0.707106781 -0.707106781 0
vn 0.577350269 -0.577350269 0.577350269
vn 0 -0.707106781 0.707106781
vn -0.577350269 -0.577350269 0.577350269
vn -0.707106781 -0.707106781 0
vn -0.577350269 -0.577350269 -0.577350269
vn 0 0 -1
vn 0.707106781 0 -0.707106781
vn 1 0 0
vn 0.707106781 0 0.707106781
vn 0 0 1
vn -0.707106781 0 0.707106781
vn -1 0 0
vn -0.707106781 0 -0.707106781
vn 0 0.707106781 -0.707106781
vn 0.577350269 0.577350269 -0.577350269
vn 0.707106781 0.707106781 0
vn 0.577350269 0.577350269 0.577350269
vn 0 0.707106781 0.707106781
vn -0.577350269 0.577350269 0.577350269
vn -0.707106781 0.707106781 0
vn -0.577350269 0.577350269 -0.577350269
vn 0 -1 -1.36642834e-14
vn 0 1 0
vn 7.72329061e-15 -1 -7.72329061e-15
vn 0 1 0
vn 1.36642834e-14 -1 0
vn 0 1 0
vn 7.72329061e-15 -1 7.72329061e-15
vn 0 1 0
vn 0 -1 1.36642834e-14
vn 0 1 0
vn -7.72329061e-15 -1 7.72329061e-15
vn 0 1 0
vn -1.36642834e-14 -1 0
vn 0 1 0
vn -7.72329061e-15 -1 -7.72329061e-15
vn 0 1 0
vn 0 -0.707106781 -0.707106781
vn 0.577350269 -0.577350269 -0.577350269
vn 0.707106781 -0.707106781 0
vn 0.577350269 -0.577350269 0.577350269
vn 0 -0.707106781 0.707106781
vn -0.577350269 -0.577350269 0.577350269
vn -0.707106781 -0.707106781 0
vn -0.577350269 -0.577350269 -0.577350269
vn 0 0 -1
vn 0.707106781 0 -0.707106781
vn 1 0 0
vn 0.707106781 0 0.707106781
vn 0 0 1
vn -0.707106781 0 0.707106781
vn -1 0 0
vn -0.707106781 0 -0.707106781
vn 0 0.707106781 -0.707106781
vn 0.577350269 0.577350269 -0.577350269
vn 0.707106781 0.707106781 0
vn 0.577350269 0.577350269 0.577350269
vn 0 0.707106781 0.707106781
vn -0.577350269 0.577350269 0.577350269
vn -0.707106781 0.707106781 0
vn -0.577350269 0.577350269 -0.577350269
vn 0 -1 -1.36642834e-14
vn 0 1 0
vn 7.72329061e-15 -1 -7.72329061e-15
vn 0 1 0
vn 1.36642834e-14 -1 0
vn 0 1 0
vn 7.72329061e-15 -1 7.72329061e-15
vn 0 1 0
vn 0 -1 1.36642834e-14
vn 0 1 0
vn -7.72329061e-15 -1 7.72329061e-15
vn 0 1 0
vn -1.36642834e-14 -1 0
vn 0 1 0
vn -7.72329061e-15 -1 -7.72329061e-15
vn 0 1 0
vn 0 -0.707106781 -0.707106781
vn 0.577350269 -0.577350269 -0.577350269
vn 0.707106781 -0.707106781 0
vn 0.577350269 -0.577350269 0.577350269
vn 0 -0.707106781 0.707106781
vn -0.577350269 -0.577350269 0.577350269
vn -0.707106781 -0.707106781 0
vn -0.577350269 -0.577350269 -0.577350269
vn 0 0 -1
vn 0.707106781 0 -0.707106781
vn 1 0 0
vn 0.707106781 0 0.707106781
vn 0 0 1
vn -0.707106781 0 0.707106781
vn -1 0 0
vn -0.707106781 0 -0.707106781
vn 0 0.707106781 -0.707106781
vn 0.577350269 0.577350269 -0.577350269
vn 0.707106781 0.707106781 0
vn 0.577350269 0.577350269 0.577350269
vn 0 0.707106781 0.707106781
vn -0.577350269 0.577350269 0.577350269
vn -0.707106781 0.707106781 0
vn -0.577350269 0.577350269 -0.577350269
vn 0 -1 -1.36642834e-14
vn 0 1 0
vn 7.72329061e-15 -1 -7.72329061e-15
vn 0 1 0
vn 1.36642834e-14 -1 0
vn 0 1 0
vn 7.72329061e-15 -1 7.72329061e-15
vn 0 1 0
vn 0 -1 1.36642834e-14
vn 0 1 0
vn -7.72329061e-15 -1 7.72329061e-15
vn 0 1 0
vn -1.36642834e-14 -1 0
vn 0 1 0
vn -7.72329061e-15 -1 -7.72329061e-15
vn 0 1 0
vn 0 -0.707106781 -0.707106781
vn 0.577350269 -0.577350269 -0.577350269
vn 0.707106781 -0.707106781 0
vn 0.577350269 -0.577350269 0.577350269
vn 0 -0.707106781 0.707106781
vn -0.577350269 -0.577350269 0.577350269
vn -0.707106781 -0.707106781 0
vn -0.577350269 -0.577350269 -0.577350269
vn 0 0 -1
vn 0.707106781 0 -0.707106781
vn 1 0 0
vn 0.707106781 0 0.707106781
vn 0 0 1
vn -0.707106781 0 0.707106781
vn -1 0 0
vn -0.707106781 0 -0.707106781
vn 0 0.707106781 -0.707106781
vn 0.577350269 0.577350269 -0.577350269
vn 0.707106781 0.707106781 0
vn 0.577350269 0.577350269 0.577350269
vn 0 0.707106781 0.707106781
vn -0.577350269 0.577350269 0.577350269
vn -0.707106781 0.707106781 0
vn -0.577350269 0.577350269 -0.577350269
vn 0 -1 -1.36642834e-14
vn 0 1 0
vn 7.72329061e-15 -1 -7.72329061e-15
vn 0 1 0
vn 1.36642834e-14 -1 0
vn 0 1 0
vn 7.72329061e-15 -1 7.72329061e-15
vn 0 1 0
vn 0 -1 1.36642834e-14
vn 0 1 0
vn -7.72329061e-15 -1 7.72329061e-15
vn 0 1 0
vn -1.36642834e-14 -1 0
vn 0 1 0
vn -7.72329061e-15 -1 -7.72329061e-15
vn 0 1 0
vn 0 -0.707106781 -0.707106781
vn 0.577350269 -0.577350269 -0.577350269
vn 0.707106781 -0.707106781 0
vn 0.577350269 -0.577350269 0.577350269
vn 0 -0.707106781 0.707106781
vn -0.577350269 -0.577350269 0.577350269
vn -0.707106781 -0.707106781 0
vn -0.577350269 -0.577350269 -0.577350269
vn 0 0 -1
vn 0.707106781 0 -0.707106781
vn 1 0 0
vn 0.707106781 0 0.707106781
vn 0 0 1
vn -0.707106781 0 0.707106781
vn -1 0 0
vn -0.707106781 0 -0.707106781
vn 0 0.707106781 -0.707106781
vn 0.577350269 0.577350269 -0.577350269
vn 0.707106781 0.707106781 0
vn 0.577350269 0.577350269 0.577350269
vn 0 0.707106781 0.707106781
vn -0.577350269 0.577350269 0.577350269
vn -0.707106781 0.707106781 0
vn -0.577350269 0.577350269 -0.577350269
vn 0 -1 -1.36642834e-14
vn 0 1 0
vn 7.72329061e-15 -1 -7.72329061e-15
vn 0 1 0
vn 1.36642834e-14 -1 0
vn 0 1 0
vn 7.72329061e-15 -1 7.72329061e-15
vn 0 1 0
vn 0 -1 1.36642834e-14
vn 0 1 0
vn -7.72329061e-15 -1 7.72329061e-15
vn 0 1 0
vn -1.36642834e-14 -1 0
vn 0 1 0
vn -7.72329061e-15 -1 -7.72329061e-15
vn 0 1 0
vn 0 -0.707106781 -0.707106781
vn 0.577350269 -0.577350269 -0.577350269
vn 0.707106781 -0.707106781 0
vn 0.577350269 -0.577350269 0.577350269
vn 0 -0.707106781 0.707106781
vn -0.577350269 -0.577350269 0.577350269
vn -0.707106781 -0.707106781 0
vn -0.577350269 -0.577350269 -0.577350269
vn 0 0 -1
vn 0.707106781 0 -0.707106781
vn 1 0 0
vn 0.707106781 0 0.707106781
vn 0 0 1
vn -0.707106781 0 0.707106781
vn -1 0 0
vn -0.707106781 0 -0.707106781
vn 0 0.707106781 -0.707106781
vn 0.577350269 0.577350269 -0.577350269
vn 0.707106781 0.707106781 0
vn 0.577350269 0.577350269 0.577350269
vn 0 0.707106781 0.707106781
vn -0.577350269 0.577350269 0.577350269
vn -0.707106781 0.707106781 0
vn -0.577350269 0.577350269 -0.577350269
vn 0 -1 -1.36642834e-14
vn 0 1 0
vn 7.72329061e-15 -1 -7.72329061e-15
vn 0 1 0
vn 1.36642834e-14 -1 0
vn 0 1 0
vn 7.72329061e-15 -1 7.72329061e-15
vn 0 1 0
vn 0 -1 1.36642834e-14
vn 0 1 0
vn -7.72329061e-15 -1 7.72329061e-15
vn 0 1 0
vn -1.36642834e-14 -1 0
vn 0 1 0
vn -7.72329061e-15 -1 -7.72329061e-15
vn 0 1 0
vn 0 -0.707106781 -0.707106781
vn 0.577350269 -0.577350269 -0.577350269
vn 0.707106781 -0.707106781 0
vn 0.577350269 -0.577350269 0.577350269
vn 0 -0.707106781 0.707106781
vn -0.577350269 -0.577350269 0.577350269
vn -0.707106781 -0.707106781 0
vn -0.577350269 -0.577350269 -0.577350269
vn 0 0 -1
vn 0.707106781 0 -0.707106781
vn 1 0 0
vn 0.707106781 0 0.707106781
vn 0 0 1
vn -0.707106781 0 0.707106781
vn -1 0 0
vn -0.707106781 0 -0.707106781
vn 0 0.707106781 -0.707106781
vn 0.577350269 0.577350269 -0.577350269
vn 0.707106781 0.707106781 0
vn 0.577350269 0.577350269 0.577350269
vn 0 0.707106781 0.707106781
vn -0.577350269 0.577350269 0.577350269
vn -0.707106781 0.707106781 0
vn -0.577350269 0.577350269 -0.577350269
vn 0 -1 -1.36642834e-14
vn 0 1 0
vn 7.72329061e-15 -1 -7.72329061e-15
vn 0 1 0
vn 1.36642834e-14 -1 0
vn 0 1 0
vn 7.72329061e-15 -1 7.72329061e-15
vn 0 1 0
vn 0 -1 1.36642834e-14
vn 0 1 0
vn -7.72329061e-15 -1 7.72329061e-15
vn 0 1 0
vn -1.36642834e-14 -1 0
vn 0 1 0
vn -7.72329061e-15 -1 -7.72329061e-15
vn 0 1 0
vn 0 -0.707106781 -0.707106781
vn 0.577350269 -0.577350269 -0.577350269
vn 0.707106781 -0.707106781 0
vn 0.577350269 -0.577350269 0.577350269
vn 0 -0.707106781 0.707106781
vn -0.577350269 -0.577350269 0.577350269
vn -0.707106781 -0.707106781 0
vn -0.577350269 -0.577350269 -0.577350269
vn 0 0 -1
vn 0.707106781 0 -0.707106781
vn 1 0 0
vn 0.707106781 0 0.707106781
vn 0 0 1
vn -0.707106781 0 0.707106781
vn -1 0 0
vn -0.707106781 0 -0.707106781
vn 0 0.707106781 -0.707106781
vn 0.577350269 0.577350269 -0.577350269
vn 0.707106781 0.707106781 0
vn 0.577350269 0.577350269 0.577350269
vn 0 0.707106781 0.707106781
vn -0.577350269 0.577350269 0.577350269
vn -0.707106781 0.707106781 0
vn -0.577350269 0.577350269 -0.577350269
vn 0 -1 -1.36642834e-14
vn 0 1 0
vn 7.72329061e-15 -1 -7.72329061e-15
vn 0 1 0
vn 1.36642834e-14 -1 0
vn 0 1 0
vn 7.72329061e-15 -1 7.72329061e-15
vn 0 1 0
vn 0 -1 1.36642834e-14
vn 0 1 0
vn -7.72329061e-15 -1 7.72329061e-15
vn 0 1 0
vn -1.36642834e-14 -1 0
vn 0 1 0
vn -7.72329061e-15 -1 -7.72329061e-15
vn 0 1 0
vn 0 -0.707106781 -0.707106781
vn 0.577350269 -0.577350269 -0.577350269
vn 0.707106781 -0.707106781 0
vn 0.577350269 -0.577350269 0.577350269
vn 0 -0.707106781 0.707106781
vn -0.577350269 -0.577350269 0.577350269
vn -0.707106781 -0.707106781 0
vn -0.577350269 -0.577350269 -0.577350269
vn 0 0 -1
vn 0.707106781 0 -0.707106781
vn 1 0 0
vn 0.707106781 0 0.707106781
vn 0 0 1
vn -0.707106781 0 0.707106781
vn -1 0 0
vn -0.707106781 0 -0.707106781
vn 0 0.707106781 -0.707106781
vn 0.577350269 0.577350269 -0.577350269
vn 0.707106781 0.707106781 0
vn 0.577350269 0.577350269 0.577350269
vn 0 0.707106781 0.707106781
vn -0.577350269 0.577350269 0.577350269
vn -0.707106781 0.707106781 0
vn -0.577350269 0.577350269 -0.577350269
vn 0 -1 -1.36642834e-14
vn 0 1 0
vn 7.72329061e-15 -1 -7.72329061e-15
vn 0 1 0
vn 1.36642834e-14 -1 0
vn 0 1 0
vn 7.72329061e-15 -1 7.72329061e-15
vn 0 1 0
vn 0 -1 1.36642834e-14
vn 0 1 0
vn -7.72329061e-15 -1 7.72329061e-15
vn 0 1 0
vn -1.36642834e-14 -1 0
vn 0 1 0
vn -7.72329061e-15 -1 -7.72329061e-15
vn 0 1 0
vn 0 -0.707106781 -0.707106781
vn 0.577350269 -0.577350269 -0.577350269
vn 0.707106781 -0.707106781 0
vn 0.577350269 -0.577350269 0.577350269
vn 0 -0.707106781 0.707106781
vn -0.577350269 -0.577350269 0.577350269
vn -0.707106781 -0.707106781 0
vn -0.577350269 -0.577350269 -0.577350269
vn 0 0 -1
vn 0.707106781 0 -0.707106781
vn 1 0 0
vn 0.707106781 0 0.707106781
vn 0 0 1
vn -0.707106781 0 0.707106781
vn -1 0 0
vn -0.707106781 0 -0.707106781
vn 0 0.707106781 -0.707106781
vn 0.577350269 0.577350269 -0.577350269
vn 0.707106781 0.707106781 0
vn 0.577350269 0.577350269 0.577350269
vn 0 0.707106781 0.707106781
vn -0.577350269 0.577350269 0.577350269
vn -0.707106781 0.707106781 0
vn -0.577350269 0.577350269 -0.577350269
vn 0 -1 -1.36642834e-14
vn 0 1 0
vn 7.72329061e-15 -1 -7.72329061e-15
vn 0 1 0
vn 1.36642834e-14 -1 0
vn 0 1 0
vn 7.72329061e-15 -1 7.72329061e-15
vn 0 1 0
vn 0 -1 1.36642834e-14
vn 0 1 0
vn -7.72329061e-15 -1 7.72329061e-15
vn 0 1 0
vn -1.36642834e-14 -1 0
vn 0 1 0
vn -7.72329061e-15 -1 -7.72329061e-15
vn 0 1 0
vn 0 -0.707106781 -0.707106781
vn 0.577350269 -0.577350269 -0.577350269
vn 0.707106781 -0.707106781 0
vn 0.577350269 -0.577350269 0.577350269
vn 0 -0.707106781 0.707106781
vn -0.577350269 -0.577350269 0.577350269
vn -0.707106781 -0.707106781 0
vn -0.577350269 -0.577350269 -0.577350269
vn 0 0 -1
vn 0.707106781 0 -0.707106781
vn 1 0 0
vn 0.707106781 0 0.707106781
vn 0 0 1
vn -0.707106781 0 0.707106781
vn -1 0 0
vn -0.707106781 0 -0.707106781
vn 0 0.707106781 -0.707106781
vn 0.577350269 0.577350269 -0.577350269
vn 0.707106781 0.707106781 0
vn 0.577350269 0.577350269 0.577350269
vn 0 0.707106781 0.707106781
vn -0.577350269 0.577350269 0.577350269
vn -0.707106781 0.707106781 0
vn -0.577350269 0.577350269 -0.577350269
vn 0 -1 -1.36642834e-14
vn 0 1 0
vn 7.72329061e-15 -1 -7.72329061e-15
vn 0 1 0
vn 1.36642834e-14 -1 0
vn 0 1 0
vn 7.72329061e-15 -1 7.72329061e-15
vn 0 1 0
vn 0 -1 1.36642834e-14
vn 0 1 0
vn -7.72329061e-15 -1 7.72329061e-15
vn 0 1 0
vn -1.36642834e-14 -1 0
vn 0 1 0
vn -7.72329061e-15 -1 -7.72329061e-15
vn 0 1 0
vn 0 0 -1
vn 0.707106781 0 -0.707106781
vn 1 0 0
vn 0.707106781 0 0.707106781
vn 0 0 1
vn -0.707106781 0 0.707106781
vn -1 0 0
vn -0.707106781 0 -0.707106781
vn 0 -1 7.40148683e-16
vn 0 1 0
vn -1.16406084e-16 -1 1.16406084e-16
vn 0 1 0
vn -1.31581988e-16 -1 0
vn 0 1 0
vn -1.16406084e-16 -1 -1.16406084e-16
vn 0 1 0
vn 0 -1 -7.40148683e-16
vn 0 1 0
vn 1.16406084e-16 -1 -1.16406084e-16
vn 0 1 0
vn 1.31581988e-16 -1 0
vn 0 1 0
vn 1.16406084e-16 -1 1.16406084e-16
vn 0 1 0
vn 0 0 -1
vn 0.707106781 0 -0.707106781
vn 1 0 0
vn 0.707106781 0 0.707106781
vn 0 0 1
vn -0.707106781 0 0.707106781
vn -1 0 0
vn -0.707106781 0 -0.707106781
vn 0 -1 6.83214169e-15
vn 0 1 0
vn -1.7834908e-16 -1 1.7834908e-16
vn 0 1 0
vn -1.79429984e-16 -1 0
vn 0 1 0
vn -1.7834908e-16 -1 -1.7834908e-16
vn 0 1 0
vn 0 -1 -6.83214169e-15
vn 0 1 0
vn 1.7834908e-16 -1 -1.7834908e-16
vn 0 1 0
vn 1.79429984e-16 -1 0
vn 0 1 0
vn 1.7834908e-16 -1 1.7834908e-16
vn 0 1 0
vn 0 0 -1
vn 0.707106781 0 -0.707106781
vn 1 0 0
vn 0.707106781 0 0.707106781
vn 0 0 1
vn -0.707106781 0 0.707106781
vn -1 0 0
vn -0.707106781 0 -0.707106781
vn 0 -1 4.93432455e-15
vn 0 1 0
vn -2.61228947e-15 -1 2.61228947e-15
vn 0 1 0
vn -3.55271368e-15 -1 0
vn 0 1 0
vn -2.61228947e-15 -1 -2.61228947e-15
vn 0 1 0
vn 0 -1 -4.93432455e-15
vn 0 1 0
vn 2.61228947e-15 -1 -2.61228947e-15
vn 0 1 0
vn 3.55271368e-15 -1 0
vn 0 1 0
vn 2.61228947e-15 -1 2.61228947e-15
vn 0 1 0
vn 0 0 -1
vn 0.707106781 0 -0.707106781
vn 1 0 0
vn 0.707106781 0 0.707106781
vn 0 0 1
vn -0.707106781 0 0.707106781
vn -1 0 0
vn -0.707106781 0 -0.707106781
vn 0 -1 1.48029737e-14
vn 0 1 0
vn -7.40148683e-15 -1 7.40148683e-15
vn 0 1 0
vn -9.34924652e-15 -1 0
vn 0 1 0
vn -7.40148683e-15 -1 -7.40148683e-15
vn 0 1 0
vn 0 -1 -1.48029737e-14
vn 0 1 0
vn 7.40148683e-15 -1 -7.40148683e-15
vn 0 1 0
vn 9.34924652e-15 -1 0
vn 0 1 0
vn 7.40148683e-15 -1 7.40148683e-15
vn 0 1 0
vn 0 0 -1
vn 0.707106781 0 -0.707106781
vn 1 0 0
vn 0.707106781 0 0.707106781
vn 0 0 1
vn -0.707106781 0 0.707106781
vn -1 0 0
vn -0.707106781 0 -0.707106781
vn 0 -1 4.93432455e-15
vn 0 1 0
vn -2.61228947e-15 -1 2.61228947e-15
vn 0 1 0
vn -3.55271368e-15 -1 0
vn 0 1 0
vn -2.61228947e-15 -1 -2.61228947e-15
vn 0 1 0
vn 0 -1 -4.93432455e-15
vn 0 1 0
vn 2.61228947e-15 -1 -2.61228947e-15
vn 0 1 0
vn 3.55271368e-15 -1 0
vn 0 1 0
vn 2.61228947e-15 -1 2.61228947e-15
vn 0 1 0
vn 0 0 -1
vn 0.707106781 0 -0.707106781
vn 1 0 0
vn 0.707106781 0 0.707106781
vn 0 0 1
vn -0.707106781 0 0.707106781
vn -1 0 0
vn -0.707106781 0 -0.707106781
vn 0 -1 1.48029737e-14
vn 0 1 0
vn -7.40148683e-15 -1 7.40148683e-15
vn 0 1 0
vn -9.34924652e-15 -1 0
vn 0 1 0
vn -7.40148683e-15 -1 -7.40148683e-15
vn 0 1 0
vn 0 -1 -1.48029737e-14
vn 0 1 0
vn 7.40148683e-15 -1 -7.40148683e-15
vn 0 1 0
vn 9.34924652e-15 -1 0
vn 0 1 0
vn 7.40148683e-15 -1 7.40148683e-15
vn 0 1 0
vn 0 -0.786318339 -0.617821552
vn 0.40824829 -0.816496581 -0.40824829
vn 0.617821552 -0.786318339 0
vn 0.40824829 -0.816496581 0.40824829
vn 0 -0.786318339 0.617821552
vn -0.40824829 -0.816496581 0.40824829
vn -0.617821552 -0.786318339 0
vn -0.40824829 -0.816496581 -0.40824829
vn 0 0 -1
vn 0.707106781 0 -0.707106781
vn 1 0 0
vn 0.707106781 0 0.707106781
vn 0 0 1
vn -0.707106781 0 0.707106781
vn -1 0 0
vn -0.707106781 0 -0.707106781
vn 0 0.672672794 -0.739940073
vn 0.525600331 0.668945876 -0.525600331
vn 0.739940073 0.672672794 0
vn 0.525600331 0.668945876 0.525600331
vn 0 0.672672794 0.739940073
vn -0.525600331 0.668945876 0.525600331
vn -0.739940073 0.672672794 0
vn -0.525600331 0.668945876 -0.525600331
vn 0 -1 0
vn 0 1 0
vn 0 -1 0
vn 0 1 0
vn 0 -1 0
vn 0 1 0
vn 0 -1 0
vn 0 1 0
vn 0 -1 0
vn 0 1 0
vn 0 -1 0
vn 0 1 0
vn 0 -1 0
vn 0 1 0
vn 0 -1 0
vn 0 1 0
vn 0 -0.786318339 -0.617821552
vn 0.40824829 -0.816496581 -0.40824829
vn 0.617821552 -0.786318339 0
vn 0.40824829 -0.816496581 0.40824829
vn 0 -0.786318339 0.617821552
vn -0.40824829 -0.816496581 0.40824829
vn -0.617821552 -0.786318339 0
vn -0.40824829 -0.816496581 -0.40824829
vn 0 0 -1
vn 0.707106781 0 -0.707106781
vn 1 0 0
vn 0.707106781 0 0.707106781
vn 0 0 1
vn -0.707106781 0 0.707106781
vn -1 0 0
vn -0.707106781 0 -0.707106781
vn 0 0.672672794 -0.739940073
vn 0.525600331 0.668945876 -0.525600331
vn 0.739940073 0.672672794 0
vn 0.525600331 0.668945876 0.525600331
vn 0 0.672672794 0.739940073
vn -0.525600331 0.668945876 0.525600331
vn -0.739940073 0.672672794 0
vn -0.525600331 0.668945876 -0.525600331
vn 0 -1 0
vn 0 1 0
vn 0 -1 0
vn 0 1 0
vn 0 -1 0
vn 0 1 0
vn 0 -1 0
vn 0 1 0
vn 0 -1 0
vn 0 1 0
vn 0 -1 0
vn 0 1 0
vn 0 -1 0
vn 0 1 0
vn 0 -1 0
vn 0 1 0
vn 0 -0.786318339 -0.617821552
vn 0.40824829 -0.816496581 -0.40824829
vn 0.617821552 -0.786318339 0
vn 0.40824829 -0.816496581 0.40824829
vn 0 -0.786318339 0.617821552
vn -0.40824829 -0.816496581 0.40824829
vn -0.617821552 -0.786318339 0
vn -0.40824829 -0.816496581 -0.40824829
vn 0 0 -1
vn 0.707106781 0 -0.707106781
vn 1 0 0
vn 0.707106781 0 0.707106781
vn 0 0 1
vn -0.707106781 0 0.707106781
vn -1 0 0
vn -0.707106781 0 -0.707106781
vn 0 0.672672794 -0.739940073
vn 0.525600331 0.668945876 -0.525600331
vn 0.739940073 0.672672794 0
vn 0.525600331 0.668945876 0.525600331
vn 0 0.672672794 0.739940073
vn -0.525600331 0.668945876 0.525600331
vn -0.739940073 0.672672794 0
vn -0.525600331 0.668945876 -0.525600331
vn 0 -1 0
vn 0 1 0
vn 0 -1 0
vn 0 1 0
vn 0 -1 0
vn 0 1 0
vn 0 -1 0
vn 0 1 0
vn 0 -1 0
vn 0 1 0
vn 0 -1 0
vn 0 1 0
vn 0 -1 0
vn 0 1 0
vn 0 -1 0
vn 0 1 0
o lower_floor_gasket
usemtl transporter_rubber
f 1/1/1 9/2/1 10/3/1 2/4/1
f 2/5/2 10/6/2 11/7/2 3/8/2
f 3/9/3 11/10/3 12/11/3 4/12/3
f 4/13/4 12/14/4 13/15/4 5/16/4
f 5/17/5 13/18/5 14/19/5 6/20/5
f 6/21/6 14/22/6 15/23/6 7/24/6
f 7/25/7 15/26/7 16/27/7 8/28/7
f 8/29/8 16/30/8 9/31/8 1/32/8
f 9/33/9 17/34/9 18/35/9 10/36/9
f 10/37/10 18/38/10 19/39/10 11/40/10
f 11/41/11 19/42/11 20/43/11 12/44/11
f 12/45/12 20/46/12 21/47/12 13/48/12
f 13/49/13 21/50/13 22/51/13 14/52/13
f 14/53/14 22/54/14 23/55/14 15/56/14
f 15/57/15 23/58/15 24/59/15 16/60/15
f 16/61/16 24/62/16 17/63/16 9/64/16
f 17/65/17 25/66/17 26/67/17 18/68/17
f 18/69/18 26/70/18 27/71/18 19/72/18
f 19/73/19 27/74/19 28/75/19 20/76/19
f 20/77/20 28/78/20 29/79/20 21/80/20
f 21/81/21 29/82/21 30/83/21 22/84/21
f 22/85/22 30/86/22 31/87/22 23/88/22
f 23/89/23 31/90/23 32/91/23 24/92/23
f 24/93/24 32/94/24 25/95/24 17/96/24
f 33/97/25 1/98/25 2/99/25
f 34/100/26 26/101/26 25/102/26
f 33/103/27 2/104/27 3/105/27
f 34/106/28 27/107/28 26/108/28
f 33/109/29 3/110/29 4/111/29
f 34/112/30 28/113/30 27/114/30
f 33/115/31 4/116/31 5/117/31
f 34/118/32 29/119/32 28/120/32
f 33/121/33 5/122/33 6/123/33
f 34/124/34 30/125/34 29/126/34
f 33/127/35 6/128/35 7/129/35
f 34/130/36 31/131/36 30/132/36
f 33/133/37 7/134/37 8/135/37
f 34/136/38 32/137/38 31/138/38
f 33/139/39 8/140/39 1/141/39
f 34/142/40 25/143/40 32/144/40
o lower_chamfered_plinth
usemtl transporter_warm
f 35/145/41 43/146/41 44/147/41 36/148/41
f 36/149/42 44/150/42 45/151/42 37/152/42
f 37/153/43 45/154/43 46/155/43 38/156/43
f 38/157/44 46/158/44 47/159/44 39/160/44
f 39/161/45 47/162/45 48/163/45 40/164/45
f 40/165/46 48/166/46 49/167/46 41/168/46
f 41/169/47 49/170/47 50/171/47 42/172/47
f 42/173/48 50/174/48 43/175/48 35/176/48
f 43/177/49 51/178/49 52/179/49 44/180/49
f 44/181/50 52/182/50 53/183/50 45/184/50
f 45/185/51 53/186/51 54/187/51 46/188/51
f 46/189/52 54/190/52 55/191/52 47/192/52
f 47/193/53 55/194/53 56/195/53 48/196/53
f 48/197/54 56/198/54 57/199/54 49/200/54
f 49/201/55 57/202/55 58/203/55 50/204/55
f 50/205/56 58/206/56 51/207/56 43/208/56
f 51/209/57 59/210/57 60/211/57 52/212/57
f 52/213/58 60/214/58 61/215/58 53/216/58
f 53/217/59 61/218/59 62/219/59 54/220/59
f 54/221/60 62/222/60 63/223/60 55/224/60
f 55/225/61 63/226/61 64/227/61 56/228/61
f 56/229/62 64/230/62 65/231/62 57/232/62
f 57/233/63 65/234/63 66/235/63 58/236/63
f 58/237/64 66/238/64 59/239/64 51/240/64
f 67/241/65 35/242/65 36/243/65
f 68/244/66 60/245/66 59/246/66
f 67/247/67 36/248/67 37/249/67
f 68/250/68 61/251/68 60/252/68
f 67/253/69 37/254/69 38/255/69
f 68/256/70 62/257/70 61/258/70
f 67/259/71 38/260/71 39/261/71
f 68/262/72 63/263/72 62/264/72
f 67/265/73 39/266/73 40/267/73
f 68/268/74 64/269/74 63/270/74
f 67/271/75 40/272/75 41/273/75
f 68/274/76 65/275/76 64/276/76
f 67/277/77 41/278/77 42/279/77
f 68/280/78 66/281/78 65/282/78
f 67/283/79 42/284/79 35/285/79
f 68/286/80 59/287/80 66/288/80
o lower_deck_surround
usemtl transporter_titanium
f 69/289/81 77/290/81 78/291/81 70/292/81
f 70/293/82 78/294/82 79/295/82 71/296/82
f 71/297/83 79/298/83 80/299/83 72/300/83
f 72/301/84 80/302/84 81/303/84 73/304/84
f 73/305/85 81/306/85 82/307/85 74/308/85
f 74/309/86 82/310/86 83/311/86 75/312/86
f 75/313/87 83/314/87 84/315/87 76/316/87
f 76/317/88 84/318/88 77/319/88 69/320/88
f 77/321/89 85/322/89 86/323/89 78/324/89
f 78/325/90 86/326/90 87/327/90 79/328/90
f 79/329/91 87/330/91 88/331/91 80/332/91
f 80/333/92 88/334/92 89/335/92 81/336/92
f 81/337/93 89/338/93 90/339/93 82/340/93
f 82/341/94 90/342/94 91/343/94 83/344/94
f 83/345/95 91/346/95 92/347/95 84/348/95
f 84/349/96 92/350/96 85/351/96 77/352/96
f 85/353/97 93/354/97 94/355/97 86/356/97
f 86/357/98 94/358/98 95/359/98 87/360/98
f 87/361/99 95/362/99 96/363/99 88/364/99
f 88/365/100 96/366/100 97/367/100 89/368/100
f 89/369/101 97/370/101 98/371/101 90/372/101
f 90/373/102 98/374/102 99/375/102 91/376/102
f 91/377/103 99/378/103 100/379/103 92/380/103
f 92/381/104 100/382/104 93/383/104 85/384/104
f 101/385/105 69/386/105 70/387/105
f 102/388/106 94/389/106 93/390/106
f 101/391/107 70/392/107 71/393/107
f 102/394/108 95/395/108 94/396/108
f 101/397/109 71/398/109 72/399/109
f 102/400/110 96/401/110 95/402/110
f 101/403/111 72/404/111 73/405/111
f 102/406/112 97/407/112 96/408/112
f 101/409/113 73/410/113 74/411/113
f 102/412/114 98/413/114 97/414/114
f 101/415/115 74/416/115 75/417/115
f 102/418/116 99/419/116 98/420/116
f 101/421/117 75/422/117 76/423/117
f 102/424/118 100/425/118 99/426/118
f 101/427/119 76/428/119 69/429/119
f 102/430/120 93/431/120 100/432/120
o lower_recessed_emitter_socket
usemtl transporter_rubber
f 103/433/121 127/434/121 128/435/121 104/436/121
f 104/437/122 128/438/122 129/439/122 105/440/122
f 105/441/123 129/442/123 130/443/123 106/444/123
f 106/445/124 130/446/124 131/447/124 107/448/124
f 107/449/125 131/450/125 132/451/125 108/452/125
f 108/453/126 132/454/126 133/455/126 109/456/126
f 109/457/127 133/458/127 134/459/127 110/460/127
f 110/461/128 134/462/128 135/463/128 111/464/128
f 111/465/129 135/466/129 136/467/129 112/468/129
f 112/469/130 136/470/130 137/471/130 113/472/130
f 113/473/131 137/474/131 138/475/131 114/476/131
f 114/477/132 138/478/132 139/479/132 115/480/132
f 115/481/133 139/482/133 140/483/133 116/484/133
f 116/485/134 140/486/134 141/487/134 117/488/134
f 117/489/135 141/490/135 142/491/135 118/492/135
f 118/493/136 142/494/136 143/495/136 119/496/136
f 119/497/137 143/498/137 144/499/137 120/500/137
f 120/501/138 144/502/138 145/503/138 121/504/138
f 121/505/139 145/506/139 146/507/139 122/508/139
f 122/509/140 146/510/140 147/511/140 123/512/140
f 123/513/141 147/514/141 148/515/141 124/516/141
f 124/517/142 148/518/142 149/519/142 125/520/142
f 125/521/143 149/522/143 150/523/143 126/524/143
f 126/525/144 150/526/144 127/527/144 103/528/144
f 127/529/145 151/530/145 152/531/145 128/532/145
f 128/533/146 152/534/146 153/535/146 129/536/146
f 129/537/147 153/538/147 154/539/147 130/540/147
f 130/541/148 154/542/148 155/543/148 131/544/148
f 131/545/149 155/546/149 156/547/149 132/548/149
f 132/549/150 156/550/150 157/551/150 133/552/150
f 133/553/151 157/554/151 158/555/151 134/556/151
f 134/557/152 158/558/152 159/559/152 135/560/152
f 135/561/153 159/562/153 160/563/153 136/564/153
f 136/565/154 160/566/154 161/567/154 137/568/154
f 137/569/155 161/570/155 162/571/155 138/572/155
f 138/573/156 162/574/156 163/575/156 139/576/156
f 139/577/157 163/578/157 164/579/157 140/580/157
f 140/581/158 164/582/158 165/583/158 141/584/158
f 141/585/159 165/586/159 166/587/159 142/588/159
f 142/589/160 166/590/160 167/591/160 143/592/160
f 143/593/161 167/594/161 168/595/161 144/596/161
f 144/597/162 168/598/162 169/599/162 145/600/162
f 145/601/163 169/602/163 170/603/163 146/604/163
f 146/605/164 170/606/164 171/607/164 147/608/164
f 147/609/165 171/610/165 172/611/165 148/612/165
f 148/613/166 172/614/166 173/615/166 149/616/166
f 149/617/167 173/618/167 174/619/167 150/620/167
f 150/621/168 174/622/168 151/623/168 127/624/168
f 151/625/169 175/626/169 176/627/169 152/628/169
f 152/629/170 176/630/170 177/631/170 153/632/170
f 153/633/171 177/634/171 178/635/171 154/636/171
f 154/637/172 178/638/172 179/639/172 155/640/172
f 155/641/173 179/642/173 180/643/173 156/644/173
f 156/645/174 180/646/174 181/647/174 157/648/174
f 157/649/175 181/650/175 182/651/175 158/652/175
f 158/653/176 182/654/176 183/655/176 159/656/176
f 159/657/177 183/658/177 184/659/177 160/660/177
f 160/661/178 184/662/178 185/663/178 161/664/178
f 161/665/179 185/666/179 186/667/179 162/668/179
f 162/669/180 186/670/180 187/671/180 163/672/180
f 163/673/181 187/674/181 188/675/181 164/676/181
f 164/677/182 188/678/182 189/679/182 165/680/182
f 165/681/183 189/682/183 190/683/183 166/684/183
f 166/685/184 190/686/184 191/687/184 167/688/184
f 167/689/185 191/690/185 192/691/185 168/692/185
f 168/693/186 192/694/186 193/695/186 169/696/186
f 169/697/187 193/698/187 194/699/187 170/700/187
f 170/701/188 194/702/188 195/703/188 171/704/188
f 171/705/189 195/706/189 196/707/189 172/708/189
f 172/709/190 196/710/190 197/711/190 173/712/190
f 173/713/191 197/714/191 198/715/191 174/716/191
f 174/717/192 198/718/192 175/719/192 151/720/192
f 199/721/193 103/722/193 104/723/193
f 200/724/194 176/725/194 175/726/194
f 199/727/195 104/728/195 105/729/195
f 200/730/196 177/731/196 176/732/196
f 199/733/197 105/734/197 106/735/197
f 200/736/198 178/737/198 177/738/198
f 199/739/199 106/740/199 107/741/199
f 200/742/200 179/743/200 178/744/200
f 199/745/201 107/746/201 108/747/201
f 200/748/202 180/749/202 179/750/202
f 199/751/203 108/752/203 109/753/203
f 200/754/204 181/755/204 180/756/204
f 199/757/205 109/758/205 110/759/205
f 200/760/206 182/761/206 181/762/206
f 199/763/207 110/764/207 111/765/207
f 200/766/208 183/767/208 182/768/208
f 199/769/209 111/770/209 112/771/209
f 200/772/210 184/773/210 183/774/210
f 199/775/211 112/776/211 113/777/211
f 200/778/212 185/779/212 184/780/212
f 199/781/213 113/782/213 114/783/213
f 200/784/214 186/785/214 185/786/214
f 199/787/215 114/788/215 115/789/215
f 200/790/216 187/791/216 186/792/216
f 199/793/217 115/794/217 116/795/217
f 200/796/218 188/797/218 187/798/218
f 199/799/219 116/800/219 117/801/219
f 200/802/220 189/803/220 188/804/220
f 199/805/221 117/806/221 118/807/221
f 200/808/222 190/809/222 189/810/222
f 199/811/223 118/812/223 119/813/223
f 200/814/224 191/815/224 190/816/224
f 199/817/225 119/818/225 120/819/225
f 200/820/226 192/821/226 191/822/226
f 199/823/227 120/824/227 121/825/227
f 200/826/228 193/827/228 192/828/228
f 199/829/229 121/830/229 122/831/229
f 200/832/230 194/833/230 193/834/230
f 199/835/231 122/836/231 123/837/231
f 200/838/232 195/839/232 194/840/232
f 199/841/233 123/842/233 124/843/233
f 200/844/234 196/845/234 195/846/234
f 199/847/235 124/848/235 125/849/235
f 200/850/236 197/851/236 196/852/236
f 199/853/237 125/854/237 126/855/237
f 200/856/238 198/857/238 197/858/238
f 199/859/239 126/860/239 103/861/239
f 200/862/240 175/863/240 198/864/240
o lower_continuous_emitter_rim
usemtl transporter_titanium
f 201/865/241 225/866/241 226/867/241 202/868/241
f 202/869/242 226/870/242 227/871/242 203/872/242
f 203/873/243 227/874/243 228/875/243 204/876/243
f 204/877/244 228/878/244 229/879/244 205/880/244
f 205/881/245 229/882/245 230/883/245 206/884/245
f 206/885/246 230/886/246 231/887/246 207/888/246
f 207/889/247 231/890/247 232/891/247 208/892/247
f 208/893/248 232/894/248 233/895/248 209/896/248
f 209/897/249 233/898/249 234/899/249 210/900/249
f 210/901/250 234/902/250 235/903/250 211/904/250
f 211/905/251 235/906/251 236/907/251 212/908/251
f 212/909/252 236/910/252 237/911/252 213/912/252
f 213/913/253 237/914/253 238/915/253 214/916/253
f 214/917/254 238/918/254 239/919/254 215/920/254
f 215/921/255 239/922/255 240/923/255 216/924/255
f 216/925/256 240/926/256 241/927/256 217/928/256
f 217/929/257 241/930/257 242/931/257 218/932/257
f 218/933/258 242/934/258 243/935/258 219/936/258
f 219/937/259 243/938/259 244/939/259 220/940/259
f 220/941/260 244/942/260 245/943/260 221/944/260
f 221/945/261 245/946/261 246/947/261 222/948/261
f 222/949/262 246/950/262 247/951/262 223/952/262
f 223/953/263 247/954/263 248/955/263 224/956/263
f 224/957/264 248/958/264 225/959/264 201/960/264
f 225/961/265 249/962/265 250/963/265 226/964/265
f 226/965/266 250/966/266 251/967/266 227/968/266
f 227/969/267 251/970/267 252/971/267 228/972/267
f 228/973/268 252/974/268 253/975/268 229/976/268
f 229/977/269 253/978/269 254/979/269 230/980/269
f 230/981/270 254/982/270 255/983/270 231/984/270
f 231/985/271 255/986/271 256/987/271 232/988/271
f 232/989/272 256/990/272 257/991/272 233/992/272
f 233/993/273 257/994/273 258/995/273 234/996/273
f 234/997/274 258/998/274 259/999/274 235/1000/274
f 235/1001/275 259/1002/275 260/1003/275 236/1004/275
f 236/1005/276 260/1006/276 261/1007/276 237/1008/276
f 237/1009/277 261/1010/277 262/1011/277 238/1012/277
f 238/1013/278 262/1014/278 263/1015/278 239/1016/278
f 239/1017/279 263/1018/279 264/1019/279 240/1020/279
f 240/1021/280 264/1022/280 265/1023/280 241/1024/280
f 241/1025/281 265/1026/281 266/1027/281 242/1028/281
f 242/1029/282 266/1030/282 267/1031/282 243/1032/282
f 243/1033/283 267/1034/283 268/1035/283 244/1036/283
f 244/1037/284 268/1038/284 269/1039/284 245/1040/284
f 245/1041/285 269/1042/285 270/1043/285 246/1044/285
f 246/1045/286 270/1046/286 271/1047/286 247/1048/286
f 247/1049/287 271/1050/287 272/1051/287 248/1052/287
f 248/1053/288 272/1054/288 249/1055/288 225/1056/288
f 249/1057/289 273/1058/289 274/1059/289 250/1060/289
f 250/1061/290 274/1062/290 275/1063/290 251/1064/290
f 251/1065/291 275/1066/291 276/1067/291 252/1068/291
f 252/1069/292 276/1070/292 277/1071/292 253/1072/292
f 253/1073/293 277/1074/293 278/1075/293 254/1076/293
f 254/1077/294 278/1078/294 279/1079/294 255/1080/294
f 255/1081/295 279/1082/295 280/1083/295 256/1084/295
f 256/1085/296 280/1086/296 281/1087/296 257/1088/296
f 257/1089/297 281/1090/297 282/1091/297 258/1092/297
f 258/1093/298 282/1094/298 283/1095/298 259/1096/298
f 259/1097/299 283/1098/299 284/1099/299 260/1100/299
f 260/1101/300 284/1102/300 285/1103/300 261/1104/300
f 261/1105/301 285/1106/301 286/1107/301 262/1108/301
f 262/1109/302 286/1110/302 287/1111/302 263/1112/302
f 263/1113/303 287/1114/303 288/1115/303 264/1116/303
f 264/1117/304 288/1118/304 289/1119/304 265/1120/304
f 265/1121/305 289/1122/305 290/1123/305 266/1124/305
f 266/1125/306 290/1126/306 291/1127/306 267/1128/306
f 267/1129/307 291/1130/307 292/1131/307 268/1132/307
f 268/1133/308 292/1134/308 293/1135/308 269/1136/308
f 269/1137/309 293/1138/309 294/1139/309 270/1140/309
f 270/1141/310 294/1142/310 295/1143/310 271/1144/310
f 271/1145/311 295/1146/311 296/1147/311 272/1148/311
f 272/1149/312 296/1150/312 273/1151/312 249/1152/312
f 273/1153/313 201/1154/313 202/1155/313 274/1156/313
f 274/1157/314 202/1158/314 203/1159/314 275/1160/314
f 275/1161/315 203/1162/315 204/1163/315 276/1164/315
f 276/1165/316 204/1166/316 205/1167/316 277/1168/316
f 277/1169/317 205/1170/317 206/1171/317 278/1172/317
f 278/1173/318 206/1174/318 207/1175/318 279/1176/318
f 279/1177/319 207/1178/319 208/1179/319 280/1180/319
f 280/1181/320 208/1182/320 209/1183/320 281/1184/320
f 281/1185/321 209/1186/321 210/1187/321 282/1188/321
f 282/1189/322 210/1190/322 211/1191/322 283/1192/322
f 283/1193/323 211/1194/323 212/1195/323 284/1196/323
f 284/1197/324 212/1198/324 213/1199/324 285/1200/324
f 285/1201/325 213/1202/325 214/1203/325 286/1204/325
f 286/1205/326 214/1206/326 215/1207/326 287/1208/326
f 287/1209/327 215/1210/327 216/1211/327 288/1212/327
f 288/1213/328 216/1214/328 217/1215/328 289/1216/328
f 289/1217/329 217/1218/329 218/1219/329 290/1220/329
f 290/1221/330 218/1222/330 219/1223/330 291/1224/330
f 291/1225/331 219/1226/331 220/1227/331 292/1228/331
f 292/1229/332 220/1230/332 221/1231/332 293/1232/332
f 293/1233/333 221/1234/333 222/1235/333 294/1236/333
f 294/1237/334 222/1238/334 223/1239/334 295/1240/334
f 295/1241/335 223/1242/335 224/1243/335 296/1244/335
f 296/1245/336 224/1246/336 201/1247/336 273/1248/336
o lower_cold_white_ring
usemtl transporter_light
f 297/1249/337 321/1250/337 322/1251/337 298/1252/337
f 298/1253/338 322/1254/338 323/1255/338 299/1256/338
f 299/1257/339 323/1258/339 324/1259/339 300/1260/339
f 300/1261/340 324/1262/340 325/1263/340 301/1264/340
f 301/1265/341 325/1266/341 326/1267/341 302/1268/341
f 302/1269/342 326/1270/342 327/1271/342 303/1272/342
f 303/1273/343 327/1274/343 328/1275/343 304/1276/343
f 304/1277/344 328/1278/344 329/1279/344 305/1280/344
f 305/1281/345 329/1282/345 330/1283/345 306/1284/345
f 306/1285/346 330/1286/346 331/1287/346 307/1288/346
f 307/1289/347 331/1290/347 332/1291/347 308/1292/347
f 308/1293/348 332/1294/348 333/1295/348 309/1296/348
f 309/1297/349 333/1298/349 334/1299/349 310/1300/349
f 310/1301/350 334/1302/350 335/1303/350 311/1304/350
f 311/1305/351 335/1306/351 336/1307/351 312/1308/351
f 312/1309/352 336/1310/352 337/1311/352 313/1312/352
f 313/1313/353 337/1314/353 338/1315/353 314/1316/353
f 314/1317/354 338/1318/354 339/1319/354 315/1320/354
f 315/1321/355 339/1322/355 340/1323/355 316/1324/355
f 316/1325/356 340/1326/356 341/1327/356 317/1328/356
f 317/1329/357 341/1330/357 342/1331/357 318/1332/357
f 318/1333/358 342/1334/358 343/1335/358 319/1336/358
f 319/1337/359 343/1338/359 344/1339/359 320/1340/359
f 320/1341/360 344/1342/360 321/1343/360 297/1344/360
f 321/1345/361 345/1346/361 346/1347/361 322/1348/361
f 322/1349/362 346/1350/362 347/1351/362 323/1352/362
f 323/1353/363 347/1354/363 348/1355/363 324/1356/363
f 324/1357/364 348/1358/364 349/1359/364 325/1360/364
f 325/1361/365 349/1362/365 350/1363/365 326/1364/365
f 326/1365/366 350/1366/366 351/1367/366 327/1368/366
f 327/1369/367 351/1370/367 352/1371/367 328/1372/367
f 328/1373/368 352/1374/368 353/1375/368 329/1376/368
f 329/1377/369 353/1378/369 354/1379/369 330/1380/369
f 330/1381/370 354/1382/370 355/1383/370 331/1384/370
f 331/1385/371 355/1386/371 356/1387/371 332/1388/371
f 332/1389/372 356/1390/372 357/1391/372 333/1392/372
f 333/1393/373 357/1394/373 358/1395/373 334/1396/373
f 334/1397/374 358/1398/374 359/1399/374 335/1400/374
f 335/1401/375 359/1402/375 360/1403/375 336/1404/375
f 336/1405/376 360/1406/376 361/1407/376 337/1408/376
f 337/1409/377 361/1410/377 362/1411/377 338/1412/377
f 338/1413/378 362/1414/378 363/1415/378 339/1416/378
f 339/1417/379 363/1418/379 364/1419/379 340/1420/379
f 340/1421/380 364/1422/380 365/1423/380 341/1424/380
f 341/1425/381 365/1426/381 366/1427/381 342/1428/381
f 342/1429/382 366/1430/382 367/1431/382 343/1432/382
f 343/1433/383 367/1434/383 368/1435/383 344/1436/383
f 344/1437/384 368/1438/384 345/1439/384 321/1440/384
f 345/1441/385 369/1442/385 370/1443/385 346/1444/385
f 346/1445/386 370/1446/386 371/1447/386 347/1448/386
f 347/1449/387 371/1450/387 372/1451/387 348/1452/387
f 348/1453/388 372/1454/388 373/1455/388 349/1456/388
f 349/1457/389 373/1458/389 374/1459/389 350/1460/389
f 350/1461/390 374/1462/390 375/1463/390 351/1464/390
f 351/1465/391 375/1466/391 376/1467/391 352/1468/391
f 352/1469/392 376/1470/392 377/1471/392 353/1472/392
f 353/1473/393 377/1474/393 378/1475/393 354/1476/393
f 354/1477/394 378/1478/394 379/1479/394 355/1480/394
f 355/1481/395 379/1482/395 380/1483/395 356/1484/395
f 356/1485/396 380/1486/396 381/1487/396 357/1488/396
f 357/1489/397 381/1490/397 382/1491/397 358/1492/397
f 358/1493/398 382/1494/398 383/1495/398 359/1496/398
f 359/1497/399 383/1498/399 384/1499/399 360/1500/399
f 360/1501/400 384/1502/400 385/1503/400 361/1504/400
f 361/1505/401 385/1506/401 386/1507/401 362/1508/401
f 362/1509/402 386/1510/402 387/1511/402 363/1512/402
f 363/1513/403 387/1514/403 388/1515/403 364/1516/403
f 364/1517/404 388/1518/404 389/1519/404 365/1520/404
f 365/1521/405 389/1522/405 390/1523/405 366/1524/405
f 366/1525/406 390/1526/406 391/1527/406 367/1528/406
f 367/1529/407 391/1530/407 392/1531/407 368/1532/407
f 368/1533/408 392/1534/408 369/1535/408 345/1536/408
f 369/1537/409 297/1538/409 298/1539/409 370/1540/409
f 370/1541/410 298/1542/410 299/1543/410 371/1544/410
f 371/1545/411 299/1546/411 300/1547/411 372/1548/411
f 372/1549/412 300/1550/412 301/1551/412 373/1552/412
f 373/1553/413 301/1554/413 302/1555/413 374/1556/413
f 374/1557/414 302/1558/414 303/1559/414 375/1560/414
f 375/1561/415 303/1562/415 304/1563/415 376/1564/415
f 376/1565/416 304/1566/416 305/1567/416 377/1568/416
f 377/1569/417 305/1570/417 306/1571/417 378/1572/417
f 378/1573/418 306/1574/418 307/1575/418 379/1576/418
f 379/1577/419 307/1578/419 308/1579/419 380/1580/419
f 380/1581/420 308/1582/420 309/1583/420 381/1584/420
f 381/1585/421 309/1586/421 310/1587/421 382/1588/421
f 382/1589/422 310/1590/422 311/1591/422 383/1592/422
f 383/1593/423 311/1594/423 312/1595/423 384/1596/423
f 384/1597/424 312/1598/424 313/1599/424 385/1600/424
f 385/1601/425 313/1602/425 314/1603/425 386/1604/425
f 386/1605/426 314/1606/426 315/1607/426 387/1608/426
f 387/1609/427 315/1610/427 316/1611/427 388/1612/427
f 388/1613/428 316/1614/428 317/1615/428 389/1616/428
f 389/1617/429 317/1618/429 318/1619/429 390/1620/429
f 390/1621/430 318/1622/430 319/1623/430 391/1624/430
f 391/1625/431 319/1626/431 320/1627/431 392/1628/431
f 392/1629/432 320/1630/432 297/1631/432 369/1632/432
o lower_standing_disc
usemtl transporter_deck
f 393/1633/433 417/1634/433 418/1635/433 394/1636/433
f 394/1637/434 418/1638/434 419/1639/434 395/1640/434
f 395/1641/435 419/1642/435 420/1643/435 396/1644/435
f 396/1645/436 420/1646/436 421/1647/436 397/1648/436
f 397/1649/437 421/1650/437 422/1651/437 398/1652/437
f 398/1653/438 422/1654/438 423/1655/438 399/1656/438
f 399/1657/439 423/1658/439 424/1659/439 400/1660/439
f 400/1661/440 424/1662/440 425/1663/440 401/1664/440
f 401/1665/441 425/1666/441 426/1667/441 402/1668/441
f 402/1669/442 426/1670/442 427/1671/442 403/1672/442
f 403/1673/443 427/1674/443 428/1675/443 404/1676/443
f 404/1677/444 428/1678/444 429/1679/444 405/1680/444
f 405/1681/445 429/1682/445 430/1683/445 406/1684/445
f 406/1685/446 430/1686/446 431/1687/446 407/1688/446
f 407/1689/447 431/1690/447 432/1691/447 408/1692/447
f 408/1693/448 432/1694/448 433/1695/448 409/1696/448
f 409/1697/449 433/1698/449 434/1699/449 410/1700/449
f 410/1701/450 434/1702/450 435/1703/450 411/1704/450
f 411/1705/451 435/1706/451 436/1707/451 412/1708/451
f 412/1709/452 436/1710/452 437/1711/452 413/1712/452
f 413/1713/453 437/1714/453 438/1715/453 414/1716/453
f 414/1717/454 438/1718/454 439/1719/454 415/1720/454
f 415/1721/455 439/1722/455 440/1723/455 416/1724/455
f 416/1725/456 440/1726/456 417/1727/456 393/1728/456
f 417/1729/457 441/1730/457 442/1731/457 418/1732/457
f 418/1733/458 442/1734/458 443/1735/458 419/1736/458
f 419/1737/459 443/1738/459 444/1739/459 420/1740/459
f 420/1741/460 444/1742/460 445/1743/460 421/1744/460
f 421/1745/461 445/1746/461 446/1747/461 422/1748/461
f 422/1749/462 446/1750/462 447/1751/462 423/1752/462
f 423/1753/463 447/1754/463 448/1755/463 424/1756/463
f 424/1757/464 448/1758/464 449/1759/464 425/1760/464
f 425/1761/465 449/1762/465 450/1763/465 426/1764/465
f 426/1765/466 450/1766/466 451/1767/466 427/1768/466
f 427/1769/467 451/1770/467 452/1771/467 428/1772/467
f 428/1773/468 452/1774/468 453/1775/468 429/1776/468
f 429/1777/469 453/1778/469 454/1779/469 430/1780/469
f 430/1781/470 454/1782/470 455/1783/470 431/1784/470
f 431/1785/471 455/1786/471 456/1787/471 432/1788/471
f 432/1789/472 456/1790/472 457/1791/472 433/1792/472
f 433/1793/473 457/1794/473 458/1795/473 434/1796/473
f 434/1797/474 458/1798/474 459/1799/474 435/1800/474
f 435/1801/475 459/1802/475 460/1803/475 436/1804/475
f 436/1805/476 460/1806/476 461/1807/476 437/1808/476
f 437/1809/477 461/1810/477 462/1811/477 438/1812/477
f 438/1813/478 462/1814/478 463/1815/478 439/1816/478
f 439/1817/479 463/1818/479 464/1819/479 440/1820/479
f 440/1821/480 464/1822/480 441/1823/480 417/1824/480
f 441/1825/481 465/1826/481 466/1827/481 442/1828/481
f 442/1829/482 466/1830/482 467/1831/482 443/1832/482
f 443/1833/483 467/1834/483 468/1835/483 444/1836/483
f 444/1837/484 468/1838/484 469/1839/484 445/1840/484
f 445/1841/485 469/1842/485 470/1843/485 446/1844/485
f 446/1845/486 470/1846/486 471/1847/486 447/1848/486
f 447/1849/487 471/1850/487 472/1851/487 448/1852/487
f 448/1853/488 472/1854/488 473/1855/488 449/1856/488
f 449/1857/489 473/1858/489 474/1859/489 450/1860/489
f 450/1861/490 474/1862/490 475/1863/490 451/1864/490
f 451/1865/491 475/1866/491 476/1867/491 452/1868/491
f 452/1869/492 476/1870/492 477/1871/492 453/1872/492
f 453/1873/493 477/1874/493 478/1875/493 454/1876/493
f 454/1877/494 478/1878/494 479/1879/494 455/1880/494
f 455/1881/495 479/1882/495 480/1883/495 456/1884/495
f 456/1885/496 480/1886/496 481/1887/496 457/1888/496
f 457/1889/497 481/1890/497 482/1891/497 458/1892/497
f 458/1893/498 482/1894/498 483/1895/498 459/1896/498
f 459/1897/499 483/1898/499 484/1899/499 460/1900/499
f 460/1901/500 484/1902/500 485/1903/500 461/1904/500
f 461/1905/501 485/1906/501 486/1907/501 462/1908/501
f 462/1909/502 486/1910/502 487/1911/502 463/1912/502
f 463/1913/503 487/1914/503 488/1915/503 464/1916/503
f 464/1917/504 488/1918/504 465/1919/504 441/1920/504
f 489/1921/505 393/1922/505 394/1923/505
f 490/1924/506 466/1925/506 465/1926/506
f 489/1927/507 394/1928/507 395/1929/507
f 490/1930/508 467/1931/508 466/1932/508
f 489/1933/509 395/1934/509 396/1935/509
f 490/1936/510 468/1937/510 467/1938/510
f 489/1939/511 396/1940/511 397/1941/511
f 490/1942/512 469/1943/512 468/1944/512
f 489/1945/513 397/1946/513 398/1947/513
f 490/1948/514 470/1949/514 469/1950/514
f 489/1951/515 398/1952/515 399/1953/515
f 490/1954/516 471/1955/516 470/1956/516
f 489/1957/517 399/1958/517 400/1959/517
f 490/1960/518 472/1961/518 471/1962/518
f 489/1963/519 400/1964/519 401/1965/519
f 490/1966/520 473/1967/520 472/1968/520
f 489/1969/521 401/1970/521 402/1971/521
f 490/1972/522 474/1973/522 473/1974/522
f 489/1975/523 402/1976/523 403/1977/523
f 490/1978/524 475/1979/524 474/1980/524
f 489/1981/525 403/1982/525 404/1983/525
f 490/1984/526 476/1985/526 475/1986/526
f 489/1987/527 404/1988/527 405/1989/527
f 490/1990/528 477/1991/528 476/1992/528
f 489/1993/529 405/1994/529 406/1995/529
f 490/1996/530 478/1997/530 477/1998/530
f 489/1999/531 406/2000/531 407/2001/531
f 490/2002/532 479/2003/532 478/2004/532
f 489/2005/533 407/2006/533 408/2007/533
f 490/2008/534 480/2009/534 479/2010/534
f 489/2011/535 408/2012/535 409/2013/535
f 490/2014/536 481/2015/536 480/2016/536
f 489/2017/537 409/2018/537 410/2019/537
f 490/2020/538 482/2021/538 481/2022/538
f 489/2023/539 410/2024/539 411/2025/539
f 490/2026/540 483/2027/540 482/2028/540
f 489/2029/541 411/2030/541 412/2031/541
f 490/2032/542 484/2033/542 483/2034/542
f 489/2035/543 412/2036/543 413/2037/543
f 490/2038/544 485/2039/544 484/2040/544
f 489/2041/545 413/2042/545 414/2043/545
f 490/2044/546 486/2045/546 485/2046/546
f 489/2047/547 414/2048/547 415/2049/547
f 490/2050/548 487/2051/548 486/2052/548
f 489/2053/549 415/2054/549 416/2055/549
f 490/2056/550 488/2057/550 487/2058/550
f 489/2059/551 416/2060/551 393/2061/551
f 490/2062/552 465/2063/552 488/2064/552
o lower_front_identification
usemtl transporter_instruments
f 491/2065/553 499/2066/553 500/2067/553 492/2068/553
f 492/2069/554 500/2070/554 501/2071/554 493/2072/554
f 493/2073/555 501/2074/555 502/2075/555 494/2076/555
f 494/2077/556 502/2078/556 503/2079/556 495/2080/556
f 495/2081/557 503/2082/557 504/2083/557 496/2084/557
f 496/2085/558 504/2086/558 505/2087/558 497/2088/558
f 497/2089/559 505/2090/559 506/2091/559 498/2092/559
f 498/2093/560 506/2094/560 499/2095/560 491/2096/560
f 499/2097/561 507/2098/561 508/2099/561 500/2100/561
f 500/2101/562 508/2102/562 509/2103/562 501/2104/562
f 501/2105/563 509/2106/563 510/2107/563 502/2108/563
f 502/2109/564 510/2110/564 511/2111/564 503/2112/564
f 503/2113/565 511/2114/565 512/2115/565 504/2116/565
f 504/2117/566 512/2118/566 513/2119/566 505/2120/566
f 505/2121/567 513/2122/567 514/2123/567 506/2124/567
f 506/2125/568 514/2126/568 507/2127/568 499/2128/568
f 507/2129/569 515/2130/569 516/2131/569 508/2132/569
f 508/2133/570 516/2134/570 517/2135/570 509/2136/570
f 509/2137/571 517/2138/571 518/2139/571 510/2140/571
f 510/2141/572 518/2142/572 519/2143/572 511/2144/572
f 511/2145/573 519/2146/573 520/2147/573 512/2148/573
f 512/2149/574 520/2150/574 521/2151/574 513/2152/574
f 513/2153/575 521/2154/575 522/2155/575 514/2156/575
f 514/2157/576 522/2158/576 515/2159/576 507/2160/576
f 523/2161/577 491/2162/577 492/2163/577
f 524/2164/578 516/2165/578 515/2166/578
f 523/2167/579 492/2168/579 493/2169/579
f 524/2170/580 517/2171/580 516/2172/580
f 523/2173/581 493/2174/581 494/2175/581
f 524/2176/582 518/2177/582 517/2178/582
f 523/2179/583 494/2180/583 495/2181/583
f 524/2182/584 519/2183/584 518/2184/584
f 523/2185/585 495/2186/585 496/2187/585
f 524/2188/586 520/2189/586 519/2190/586
f 523/2191/587 496/2192/587 497/2193/587
f 524/2194/588 521/2195/588 520/2196/588
f 523/2197/589 497/2198/589 498/2199/589
f 524/2200/590 522/2201/590 521/2202/590
f 523/2203/591 498/2204/591 491/2205/591
f 524/2206/592 515/2207/592 522/2208/592
o lower_front_step_inset
usemtl transporter_graphite
f 525/2209/593 533/2210/593 534/2211/593 526/2212/593
f 526/2213/594 534/2214/594 535/2215/594 527/2216/594
f 527/2217/595 535/2218/595 536/2219/595 528/2220/595
f 528/2221/596 536/2222/596 537/2223/596 529/2224/596
f 529/2225/597 537/2226/597 538/2227/597 530/2228/597
f 530/2229/598 538/2230/598 539/2231/598 531/2232/598
f 531/2233/599 539/2234/599 540/2235/599 532/2236/599
f 532/2237/600 540/2238/600 533/2239/600 525/2240/600
f 533/2241/601 541/2242/601 542/2243/601 534/2244/601
f 534/2245/602 542/2246/602 543/2247/602 535/2248/602
f 535/2249/603 543/2250/603 544/2251/603 536/2252/603
f 536/2253/604 544/2254/604 545/2255/604 537/2256/604
f 537/2257/605 545/2258/605 546/2259/605 538/2260/605
f 538/2261/606 546/2262/606 547/2263/606 539/2264/606
f 539/2265/607 547/2266/607 548/2267/607 540/2268/607
f 540/2269/608 548/2270/608 541/2271/608 533/2272/608
f 541/2273/609 549/2274/609 550/2275/609 542/2276/609
f 542/2277/610 550/2278/610 551/2279/610 543/2280/610
f 543/2281/611 551/2282/611 552/2283/611 544/2284/611
f 544/2285/612 552/2286/612 553/2287/612 545/2288/612
f 545/2289/613 553/2290/613 554/2291/613 546/2292/613
f 546/2293/614 554/2294/614 555/2295/614 547/2296/614
f 547/2297/615 555/2298/615 556/2299/615 548/2300/615
f 548/2301/616 556/2302/616 549/2303/616 541/2304/616
f 557/2305/617 525/2306/617 526/2307/617
f 558/2308/618 550/2309/618 549/2310/618
f 557/2311/619 526/2312/619 527/2313/619
f 558/2314/620 551/2315/620 550/2316/620
f 557/2317/621 527/2318/621 528/2319/621
f 558/2320/622 552/2321/622 551/2322/622
f 557/2323/623 528/2324/623 529/2325/623
f 558/2326/624 553/2327/624 552/2328/624
f 557/2329/625 529/2330/625 530/2331/625
f 558/2332/626 554/2333/626 553/2334/626
f 557/2335/627 530/2336/627 531/2337/627
f 558/2338/628 555/2339/628 554/2340/628
f 557/2341/629 531/2342/629 532/2343/629
f 558/2344/630 556/2345/630 555/2346/630
f 557/2347/631 532/2348/631 525/2349/631
f 558/2350/632 549/2351/632 556/2352/632
o lower_ring_division_0
f 559/2353/633 567/2354/633 568/2355/633 560/2356/633
f 560/2357/634 568/2358/634 569/2359/634 561/2360/634
f 561/2361/635 569/2362/635 570/2363/635 562/2364/635
f 562/2365/636 570/2366/636 571/2367/636 563/2368/636
f 563/2369/637 571/2370/637 572/2371/637 564/2372/637
f 564/2373/638 572/2374/638 573/2375/638 565/2376/638
f 565/2377/639 573/2378/639 574/2379/639 566/2380/639
f 566/2381/640 574/2382/640 567/2383/640 559/2384/640
f 567/2385/641 575/2386/641 576/2387/641 568/2388/641
f 568/2389/642 576/2390/642 577/2391/642 569/2392/642
f 569/2393/643 577/2394/643 578/2395/643 570/2396/643
f 570/2397/644 578/2398/644 579/2399/644 571/2400/644
f 571/2401/645 579/2402/645 580/2403/645 572/2404/645
f 572/2405/646 580/2406/646 581/2407/646 573/2408/646
f 573/2409/647 581/2410/647 582/2411/647 574/2412/647
f 574/2413/648 582/2414/648 575/2415/648 567/2416/648
f 575/2417/649 583/2418/649 584/2419/649 576/2420/649
f 576/2421/650 584/2422/650 585/2423/650 577/2424/650
f 577/2425/651 585/2426/651 586/2427/651 578/2428/651
f 578/2429/652 586/2430/652 587/2431/652 579/2432/652
f 579/2433/653 587/2434/653 588/2435/653 580/2436/653
f 580/2437/654 588/2438/654 589/2439/654 581/2440/654
f 581/2441/655 589/2442/655 590/2443/655 582/2444/655
f 582/2445/656 590/2446/656 583/2447/656 575/2448/656
f 591/2449/657 559/2450/657 560/2451/657
f 592/2452/658 584/2453/658 583/2454/658
f 591/2455/659 560/2456/659 561/2457/659
f 592/2458/660 585/2459/660 584/2460/660
f 591/2461/661 561/2462/661 562/2463/661
f 592/2464/662 586/2465/662 585/2466/662
f 591/2467/663 562/2468/663 563/2469/663
f 592/2470/664 587/2471/664 586/2472/664
f 591/2473/665 563/2474/665 564/2475/665
f 592/2476/666 588/2477/666 587/2478/666
f 591/2479/667 564/2480/667 565/2481/667
f 592/2482/668 589/2483/668 588/2484/668
f 591/2485/669 565/2486/669 566/2487/669
f 592/2488/670 590/2489/670 589/2490/670
f 591/2491/671 566/2492/671 559/2493/671
f 592/2494/672 583/2495/672 590/2496/672
o lower_ring_division_1
f 593/2497/673 601/2498/673 602/2499/673 594/2500/673
f 594/2501/674 602/2502/674 603/2503/674 595/2504/674
f 595/2505/675 603/2506/675 604/2507/675 596/2508/675
f 596/2509/676 604/2510/676 605/2511/676 597/2512/676
f 597/2513/677 605/2514/677 606/2515/677 598/2516/677
f 598/2517/678 606/2518/678 607/2519/678 599/2520/678
f 599/2521/679 607/2522/679 608/2523/679 600/2524/679
f 600/2525/680 608/2526/680 601/2527/680 593/2528/680
f 601/2529/681 609/2530/681 610/2531/681 602/2532/681
f 602/2533/682 610/2534/682 611/2535/682 603/2536/682
f 603/2537/683 611/2538/683 612/2539/683 604/2540/683
f 604/2541/684 612/2542/684 613/2543/684 605/2544/684
f 605/2545/685 613/2546/685 614/2547/685 606/2548/685
f 606/2549/686 614/2550/686 615/2551/686 607/2552/686
f 607/2553/687 615/2554/687 616/2555/687 608/2556/687
f 608/2557/688 616/2558/688 609/2559/688 601/2560/688
f 609/2561/689 617/2562/689 618/2563/689 610/2564/689
f 610/2565/690 618/2566/690 619/2567/690 611/2568/690
f 611/2569/691 619/2570/691 620/2571/691 612/2572/691
f 612/2573/692 620/2574/692 621/2575/692 613/2576/692
f 613/2577/693 621/2578/693 622/2579/693 614/2580/693
f 614/2581/694 622/2582/694 623/2583/694 615/2584/694
f 615/2585/695 623/2586/695 624/2587/695 616/2588/695
f 616/2589/696 624/2590/696 617/2591/696 609/2592/696
f 625/2593/697 593/2594/697 594/2595/697
f 626/2596/698 618/2597/698 617/2598/698
f 625/2599/699 594/2600/699 595/2601/699
f 626/2602/700 619/2603/700 618/2604/700
f 625/2605/701 595/2606/701 596/2607/701
f 626/2608/702 620/2609/702 619/2610/702
f 625/2611/703 596/2612/703 597/2613/703
f 626/2614/704 621/2615/704 620/2616/704
f 625/2617/705 597/2618/705 598/2619/705
f 626/2620/706 622/2621/706 621/2622/706
f 625/2623/707 598/2624/707 599/2625/707
f 626/2626/708 623/2627/708 622/2628/708
f 625/2629/709 599/2630/709 600/2631/709
f 626/2632/710 624/2633/710 623/2634/710
f 625/2635/711 600/2636/711 593/2637/711
f 626/2638/712 617/2639/712 624/2640/712
o lower_ring_division_2
f 627/2641/713 635/2642/713 636/2643/713 628/2644/713
f 628/2645/714 636/2646/714 637/2647/714 629/2648/714
f 629/2649/715 637/2650/715 638/2651/715 630/2652/715
f 630/2653/716 638/2654/716 639/2655/716 631/2656/716
f 631/2657/717 639/2658/717 640/2659/717 632/2660/717
f 632/2661/718 640/2662/718 641/2663/718 633/2664/718
f 633/2665/719 641/2666/719 642/2667/719 634/2668/719
f 634/2669/720 642/2670/720 635/2671/720 627/2672/720
f 635/2673/721 643/2674/721 644/2675/721 636/2676/721
f 636/2677/722 644/2678/722 645/2679/722 637/2680/722
f 637/2681/723 645/2682/723 646/2683/723 638/2684/723
f 638/2685/724 646/2686/724 647/2687/724 639/2688/724
f 639/2689/725 647/2690/725 648/2691/725 640/2692/725
f 640/2693/726 648/2694/726 649/2695/726 641/2696/726
f 641/2697/727 649/2698/727 650/2699/727 642/2700/727
f 642/2701/728 650/2702/728 643/2703/728 635/2704/728
f 643/2705/729 651/2706/729 652/2707/729 644/2708/729
f 644/2709/730 652/2710/730 653/2711/730 645/2712/730
f 645/2713/731 653/2714/731 654/2715/731 646/2716/731
f 646/2717/732 654/2718/732 655/2719/732 647/2720/732
f 647/2721/733 655/2722/733 656/2723/733 648/2724/733
f 648/2725/734 656/2726/734 657/2727/734 649/2728/734
f 649/2729/735 657/2730/735 658/2731/735 650/2732/735
f 650/2733/736 658/2734/736 651/2735/736 643/2736/736
f 659/2737/737 627/2738/737 628/2739/737
f 660/2740/738 652/2741/738 651/2742/738
f 659/2743/739 628/2744/739 629/2745/739
f 660/2746/740 653/2747/740 652/2748/740
f 659/2749/741 629/2750/741 630/2751/741
f 660/2752/742 654/2753/742 653/2754/742
f 659/2755/743 630/2756/743 631/2757/743
f 660/2758/744 655/2759/744 654/2760/744
f 659/2761/745 631/2762/745 632/2763/745
f 660/2764/746 656/2765/746 655/2766/746
f 659/2767/747 632/2768/747 633/2769/747
f 660/2770/748 657/2771/748 656/2772/748
f 659/2773/749 633/2774/749 634/2775/749
f 660/2776/750 658/2777/750 657/2778/750
f 659/2779/751 634/2780/751 627/2781/751
f 660/2782/752 651/2783/752 658/2784/752
o lower_ring_division_3
f 661/2785/753 669/2786/753 670/2787/753 662/2788/753
f 662/2789/754 670/2790/754 671/2791/754 663/2792/754
f 663/2793/755 671/2794/755 672/2795/755 664/2796/755
f 664/2797/756 672/2798/756 673/2799/756 665/2800/756
f 665/2801/757 673/2802/757 674/2803/757 666/2804/757
f 666/2805/758 674/2806/758 675/2807/758 667/2808/758
f 667/2809/759 675/2810/759 676/2811/759 668/2812/759
f 668/2813/760 676/2814/760 669/2815/760 661/2816/760
f 669/2817/761 677/2818/761 678/2819/761 670/2820/761
f 670/2821/762 678/2822/762 679/2823/762 671/2824/762
f 671/2825/763 679/2826/763 680/2827/763 672/2828/763
f 672/2829/764 680/2830/764 681/2831/764 673/2832/764
f 673/2833/765 681/2834/765 682/2835/765 674/2836/765
f 674/2837/766 682/2838/766 683/2839/766 675/2840/766
f 675/2841/767 683/2842/767 684/2843/767 676/2844/767
f 676/2845/768 684/2846/768 677/2847/768 669/2848/768
f 677/2849/769 685/2850/769 686/2851/769 678/2852/769
f 678/2853/770 686/2854/770 687/2855/770 679/2856/770
f 679/2857/771 687/2858/771 688/2859/771 680/2860/771
f 680/2861/772 688/2862/772 689/2863/772 681/2864/772
f 681/2865/773 689/2866/773 690/2867/773 682/2868/773
f 682/2869/774 690/2870/774 691/2871/774 683/2872/774
f 683/2873/775 691/2874/775 692/2875/775 684/2876/775
f 684/2877/776 692/2878/776 685/2879/776 677/2880/776
f 693/2881/777 661/2882/777 662/2883/777
f 694/2884/778 686/2885/778 685/2886/778
f 693/2887/779 662/2888/779 663/2889/779
f 694/2890/780 687/2891/780 686/2892/780
f 693/2893/781 663/2894/781 664/2895/781
f 694/2896/782 688/2897/782 687/2898/782
f 693/2899/783 664/2900/783 665/2901/783
f 694/2902/784 689/2903/784 688/2904/784
f 693/2905/785 665/2906/785 666/2907/785
f 694/2908/786 690/2909/786 689/2910/786
f 693/2911/787 666/2912/787 667/2913/787
f 694/2914/788 691/2915/788 690/2916/788
f 693/2917/789 667/2918/789 668/2919/789
f 694/2920/790 692/2921/790 691/2922/790
f 693/2923/791 668/2924/791 661/2925/791
f 694/2926/792 685/2927/792 692/2928/792
o lower_ring_division_4
f 695/2929/793 703/2930/793 704/2931/793 696/2932/793
f 696/2933/794 704/2934/794 705/2935/794 697/2936/794
f 697/2937/795 705/2938/795 706/2939/795 698/2940/795
f 698/2941/796 706/2942/796 707/2943/796 699/2944/796
f 699/2945/797 707/2946/797 708/2947/797 700/2948/797
f 700/2949/798 708/2950/798 709/2951/798 701/2952/798
f 701/2953/799 709/2954/799 710/2955/799 702/2956/799
f 702/2957/800 710/2958/800 703/2959/800 695/2960/800
f 703/2961/801 711/2962/801 712/2963/801 704/2964/801
f 704/2965/802 712/2966/802 713/2967/802 705/2968/802
f 705/2969/803 713/2970/803 714/2971/803 706/2972/803
f 706/2973/804 714/2974/804 715/2975/804 707/2976/804
f 707/2977/805 715/2978/805 716/2979/805 708/2980/805
f 708/2981/806 716/2982/806 717/2983/806 709/2984/806
f 709/2985/807 717/2986/807 718/2987/807 710/2988/807
f 710/2989/808 718/2990/808 711/2991/808 703/2992/808
f 711/2993/809 719/2994/809 720/2995/809 712/2996/809
f 712/2997/810 720/2998/810 721/2999/810 713/3000/810
f 713/3001/811 721/3002/811 722/3003/811 714/3004/811
f 714/3005/812 722/3006/812 723/3007/812 715/3008/812
f 715/3009/813 723/3010/813 724/3011/813 716/3012/813
f 716/3013/814 724/3014/814 725/3015/814 717/3016/814
f 717/3017/815 725/3018/815 726/3019/815 718/3020/815
f 718/3021/816 726/3022/816 719/3023/816 711/3024/816
f 727/3025/817 695/3026/817 696/3027/817
f 728/3028/818 720/3029/818 719/3030/818
f 727/3031/819 696/3032/819 697/3033/819
f 728/3034/820 721/3035/820 720/3036/820
f 727/3037/821 697/3038/821 698/3039/821
f 728/3040/822 722/3041/822 721/3042/822
f 727/3043/823 698/3044/823 699/3045/823
f 728/3046/824 723/3047/824 722/3048/824
f 727/3049/825 699/3050/825 700/3051/825
f 728/3052/826 724/3053/826 723/3054/826
f 727/3055/827 700/3056/827 701/3057/827
f 728/3058/828 725/3059/828 724/3060/828
f 727/3061/829 701/3062/829 702/3063/829
f 728/3064/830 726/3065/830 725/3066/830
f 727/3067/831 702/3068/831 695/3069/831
f 728/3070/832 719/3071/832 726/3072/832
o lower_ring_division_5
f 729/3073/833 737/3074/833 738/3075/833 730/3076/833
f 730/3077/834 738/3078/834 739/3079/834 731/3080/834
f 731/3081/835 739/3082/835 740/3083/835 732/3084/835
f 732/3085/836 740/3086/836 741/3087/836 733/3088/836
f 733/3089/837 741/3090/837 742/3091/837 734/3092/837
f 734/3093/838 742/3094/838 743/3095/838 735/3096/838
f 735/3097/839 743/3098/839 744/3099/839 736/3100/839
f 736/3101/840 744/3102/840 737/3103/840 729/3104/840
f 737/3105/841 745/3106/841 746/3107/841 738/3108/841
f 738/3109/842 746/3110/842 747/3111/842 739/3112/842
f 739/3113/843 747/3114/843 748/3115/843 740/3116/843
f 740/3117/844 748/3118/844 749/3119/844 741/3120/844
f 741/3121/845 749/3122/845 750/3123/845 742/3124/845
f 742/3125/846 750/3126/846 751/3127/846 743/3128/846
f 743/3129/847 751/3130/847 752/3131/847 744/3132/847
f 744/3133/848 752/3134/848 745/3135/848 737/3136/848
f 745/3137/849 753/3138/849 754/3139/849 746/3140/849
f 746/3141/850 754/3142/850 755/3143/850 747/3144/850
f 747/3145/851 755/3146/851 756/3147/851 748/3148/851
f 748/3149/852 756/3150/852 757/3151/852 749/3152/852
f 749/3153/853 757/3154/853 758/3155/853 750/3156/853
f 750/3157/854 758/3158/854 759/3159/854 751/3160/854
f 751/3161/855 759/3162/855 760/3163/855 752/3164/855
f 752/3165/856 760/3166/856 753/3167/856 745/3168/856
f 761/3169/857 729/3170/857 730/3171/857
f 762/3172/858 754/3173/858 753/3174/858
f 761/3175/859 730/3176/859 731/3177/859
f 762/3178/860 755/3179/860 754/3180/860
f 761/3181/861 731/3182/861 732/3183/861
f 762/3184/862 756/3185/862 755/3186/862
f 761/3187/863 732/3188/863 733/3189/863
f 762/3190/864 757/3191/864 756/3192/864
f 761/3193/865 733/3194/865 734/3195/865
f 762/3196/866 758/3197/866 757/3198/866
f 761/3199/867 734/3200/867 735/3201/867
f 762/3202/868 759/3203/868 758/3204/868
f 761/3205/869 735/3206/869 736/3207/869
f 762/3208/870 760/3209/870 759/3210/870
f 761/3211/871 736/3212/871 729/3213/871
f 762/3214/872 753/3215/872 760/3216/872
o lower_ring_division_6
f 763/3217/873 771/3218/873 772/3219/873 764/3220/873
f 764/3221/874 772/3222/874 773/3223/874 765/3224/874
f 765/3225/875 773/3226/875 774/3227/875 766/3228/875
f 766/3229/876 774/3230/876 775/3231/876 767/3232/876
f 767/3233/877 775/3234/877 776/3235/877 768/3236/877
f 768/3237/878 776/3238/878 777/3239/878 769/3240/878
f 769/3241/879 777/3242/879 778/3243/879 770/3244/879
f 770/3245/880 778/3246/880 771/3247/880 763/3248/880
f 771/3249/881 779/3250/881 780/3251/881 772/3252/881
f 772/3253/882 780/3254/882 781/3255/882 773/3256/882
f 773/3257/883 781/3258/883 782/3259/883 774/3260/883
f 774/3261/884 782/3262/884 783/3263/884 775/3264/884
f 775/3265/885 783/3266/885 784/3267/885 776/3268/885
f 776/3269/886 784/3270/886 785/3271/886 777/3272/886
f 777/3273/887 785/3274/887 786/3275/887 778/3276/887
f 778/3277/888 786/3278/888 779/3279/888 771/3280/888
f 779/3281/889 787/3282/889 788/3283/889 780/3284/889
f 780/3285/890 788/3286/890 789/3287/890 781/3288/890
f 781/3289/891 789/3290/891 790/3291/891 782/3292/891
f 782/3293/892 790/3294/892 791/3295/892 783/3296/892
f 783/3297/893 791/3298/893 792/3299/893 784/3300/893
f 784/3301/894 792/3302/894 793/3303/894 785/3304/894
f 785/3305/895 793/3306/895 794/3307/895 786/3308/895
f 786/3309/896 794/3310/896 787/3311/896 779/3312/896
f 795/3313/897 763/3314/897 764/3315/897
f 796/3316/898 788/3317/898 787/3318/898
f 795/3319/899 764/3320/899 765/3321/899
f 796/3322/900 789/3323/900 788/3324/900
f 795/3325/901 765/3326/901 766/3327/901
f 796/3328/902 790/3329/902 789/3330/902
f 795/3331/903 766/3332/903 767/3333/903
f 796/3334/904 791/3335/904 790/3336/904
f 795/3337/905 767/3338/905 768/3339/905
f 796/3340/906 792/3341/906 791/3342/906
f 795/3343/907 768/3344/907 769/3345/907
f 796/3346/908 793/3347/908 792/3348/908
f 795/3349/909 769/3350/909 770/3351/909
f 796/3352/910 794/3353/910 793/3354/910
f 795/3355/911 770/3356/911 763/3357/911
f 796/3358/912 787/3359/912 794/3360/912
o lower_ring_division_7
f 797/3361/913 805/3362/913 806/3363/913 798/3364/913
f 798/3365/914 806/3366/914 807/3367/914 799/3368/914
f 799/3369/915 807/3370/915 808/3371/915 800/3372/915
f 800/3373/916 808/3374/916 809/3375/916 801/3376/916
f 801/3377/917 809/3378/917 810/3379/917 802/3380/917
f 802/3381/918 810/3382/918 811/3383/918 803/3384/918
f 803/3385/919 811/3386/919 812/3387/919 804/3388/919
f 804/3389/920 812/3390/920 805/3391/920 797/3392/920
f 805/3393/921 813/3394/921 814/3395/921 806/3396/921
f 806/3397/922 814/3398/922 815/3399/922 807/3400/922
f 807/3401/923 815/3402/923 816/3403/923 808/3404/923
f 808/3405/924 816/3406/924 817/3407/924 809/3408/924
f 809/3409/925 817/3410/925 818/3411/925 810/3412/925
f 810/3413/926 818/3414/926 819/3415/926 811/3416/926
f 811/3417/927 819/3418/927 820/3419/927 812/3420/927
f 812/3421/928 820/3422/928 813/3423/928 805/3424/928
f 813/3425/929 821/3426/929 822/3427/929 814/3428/929
f 814/3429/930 822/3430/930 823/3431/930 815/3432/930
f 815/3433/931 823/3434/931 824/3435/931 816/3436/931
f 816/3437/932 824/3438/932 825/3439/932 817/3440/932
f 817/3441/933 825/3442/933 826/3443/933 818/3444/933
f 818/3445/934 826/3446/934 827/3447/934 819/3448/934
f 819/3449/935 827/3450/935 828/3451/935 820/3452/935
f 820/3453/936 828/3454/936 821/3455/936 813/3456/936
f 829/3457/937 797/3458/937 798/3459/937
f 830/3460/938 822/3461/938 821/3462/938
f 829/3463/939 798/3464/939 799/3465/939
f 830/3466/940 823/3467/940 822/3468/940
f 829/3469/941 799/3470/941 800/3471/941
f 830/3472/942 824/3473/942 823/3474/942
f 829/3475/943 800/3476/943 801/3477/943
f 830/3478/944 825/3479/944 824/3480/944
f 829/3481/945 801/3482/945 802/3483/945
f 830/3484/946 826/3485/946 825/3486/946
f 829/3487/947 802/3488/947 803/3489/947
f 830/3490/948 827/3491/948 826/3492/948
f 829/3493/949 803/3494/949 804/3495/949
f 830/3496/950 828/3497/950 827/3498/950
f 829/3499/951 804/3500/951 797/3501/951
f 830/3502/952 821/3503/952 828/3504/952
o lower_ring_division_8
f 831/3505/953 839/3506/953 840/3507/953 832/3508/953
f 832/3509/954 840/3510/954 841/3511/954 833/3512/954
f 833/3513/955 841/3514/955 842/3515/955 834/3516/955
f 834/3517/956 842/3518/956 843/3519/956 835/3520/956
f 835/3521/957 843/3522/957 844/3523/957 836/3524/957
f 836/3525/958 844/3526/958 845/3527/958 837/3528/958
f 837/3529/959 845/3530/959 846/3531/959 838/3532/959
f 838/3533/960 846/3534/960 839/3535/960 831/3536/960
f 839/3537/961 847/3538/961 848/3539/961 840/3540/961
f 840/3541/962 848/3542/962 849/3543/962 841/3544/962
f 841/3545/963 849/3546/963 850/3547/963 842/3548/963
f 842/3549/964 850/3550/964 851/3551/964 843/3552/964
f 843/3553/965 851/3554/965 852/3555/965 844/3556/965
f 844/3557/966 852/3558/966 853/3559/966 845/3560/966
f 845/3561/967 853/3562/967 854/3563/967 846/3564/967
f 846/3565/968 854/3566/968 847/3567/968 839/3568/968
f 847/3569/969 855/3570/969 856/3571/969 848/3572/969
f 848/3573/970 856/3574/970 857/3575/970 849/3576/970
f 849/3577/971 857/3578/971 858/3579/971 850/3580/971
f 850/3581/972 858/3582/972 859/3583/972 851/3584/972
f 851/3585/973 859/3586/973 860/3587/973 852/3588/973
f 852/3589/974 860/3590/974 861/3591/974 853/3592/974
f 853/3593/975 861/3594/975 862/3595/975 854/3596/975
f 854/3597/976 862/3598/976 855/3599/976 847/3600/976
f 863/3601/977 831/3602/977 832/3603/977
f 864/3604/978 856/3605/978 855/3606/978
f 863/3607/979 832/3608/979 833/3609/979
f 864/3610/980 857/3611/980 856/3612/980
f 863/3613/981 833/3614/981 834/3615/981
f 864/3616/982 858/3617/982 857/3618/982
f 863/3619/983 834/3620/983 835/3621/983
f 864/3622/984 859/3623/984 858/3624/984
f 863/3625/985 835/3626/985 836/3627/985
f 864/3628/986 860/3629/986 859/3630/986
f 863/3631/987 836/3632/987 837/3633/987
f 864/3634/988 861/3635/988 860/3636/988
f 863/3637/989 837/3638/989 838/3639/989
f 864/3640/990 862/3641/990 861/3642/990
f 863/3643/991 838/3644/991 831/3645/991
f 864/3646/992 855/3647/992 862/3648/992
o lower_ring_division_9
f 865/3649/993 873/3650/993 874/3651/993 866/3652/993
f 866/3653/994 874/3654/994 875/3655/994 867/3656/994
f 867/3657/995 875/3658/995 876/3659/995 868/3660/995
f 868/3661/996 876/3662/996 877/3663/996 869/3664/996
f 869/3665/997 877/3666/997 878/3667/997 870/3668/997
f 870/3669/998 878/3670/998 879/3671/998 871/3672/998
f 871/3673/999 879/3674/999 880/3675/999 872/3676/999
f 872/3677/1000 880/3678/1000 873/3679/1000 865/3680/1000
f 873/3681/1001 881/3682/1001 882/3683/1001 874/3684/1001
f 874/3685/1002 882/3686/1002 883/3687/1002 875/3688/1002
f 875/3689/1003 883/3690/1003 884/3691/1003 876/3692/1003
f 876/3693/1004 884/3694/1004 885/3695/1004 877/3696/1004
f 877/3697/1005 885/3698/1005 886/3699/1005 878/3700/1005
f 878/3701/1006 886/3702/1006 887/3703/1006 879/3704/1006
f 879/3705/1007 887/3706/1007 888/3707/1007 880/3708/1007
f 880/3709/1008 888/3710/1008 881/3711/1008 873/3712/1008
f 881/3713/1009 889/3714/1009 890/3715/1009 882/3716/1009
f 882/3717/1010 890/3718/1010 891/3719/1010 883/3720/1010
f 883/3721/1011 891/3722/1011 892/3723/1011 884/3724/1011
f 884/3725/1012 892/3726/1012 893/3727/1012 885/3728/1012
f 885/3729/1013 893/3730/1013 894/3731/1013 886/3732/1013
f 886/3733/1014 894/3734/1014 895/3735/1014 887/3736/1014
f 887/3737/1015 895/3738/1015 896/3739/1015 888/3740/1015
f 888/3741/1016 896/3742/1016 889/3743/1016 881/3744/1016
f 897/3745/1017 865/3746/1017 866/3747/1017
f 898/3748/1018 890/3749/1018 889/3750/1018
f 897/3751/1019 866/3752/1019 867/3753/1019
f 898/3754/1020 891/3755/1020 890/3756/1020
f 897/3757/1021 867/3758/1021 868/3759/1021
f 898/3760/1022 892/3761/1022 891/3762/1022
f 897/3763/1023 868/3764/1023 869/3765/1023
f 898/3766/1024 893/3767/1024 892/3768/1024
f 897/3769/1025 869/3770/1025 870/3771/1025
f 898/3772/1026 894/3773/1026 893/3774/1026
f 897/3775/1027 870/3776/1027 871/3777/1027
f 898/3778/1028 895/3779/1028 894/3780/1028
f 897/3781/1029 871/3782/1029 872/3783/1029
f 898/3784/1030 896/3785/1030 895/3786/1030
f 897/3787/1031 872/3788/1031 865/3789/1031
f 898/3790/1032 889/3791/1032 896/3792/1032
o lower_ring_division_10
f 899/3793/1033 907/3794/1033 908/3795/1033 900/3796/1033
f 900/3797/1034 908/3798/1034 909/3799/1034 901/3800/1034
f 901/3801/1035 909/3802/1035 910/3803/1035 902/3804/1035
f 902/3805/1036 910/3806/1036 911/3807/1036 903/3808/1036
f 903/3809/1037 911/3810/1037 912/3811/1037 904/3812/1037
f 904/3813/1038 912/3814/1038 913/3815/1038 905/3816/1038
f 905/3817/1039 913/3818/1039 914/3819/1039 906/3820/1039
f 906/3821/1040 914/3822/1040 907/3823/1040 899/3824/1040
f 907/3825/1041 915/3826/1041 916/3827/1041 908/3828/1041
f 908/3829/1042 916/3830/1042 917/3831/1042 909/3832/1042
f 909/3833/1043 917/3834/1043 918/3835/1043 910/3836/1043
f 910/3837/1044 918/3838/1044 919/3839/1044 911/3840/1044
f 911/3841/1045 919/3842/1045 920/3843/1045 912/3844/1045
f 912/3845/1046 920/3846/1046 921/3847/1046 913/3848/1046
f 913/3849/1047 921/3850/1047 922/3851/1047 914/3852/1047
f 914/3853/1048 922/3854/1048 915/3855/1048 907/3856/1048
f 915/3857/1049 923/3858/1049 924/3859/1049 916/3860/1049
f 916/3861/1050 924/3862/1050 925/3863/1050 917/3864/1050
f 917/3865/1051 925/3866/1051 926/3867/1051 918/3868/1051
f 918/3869/1052 926/3870/1052 927/3871/1052 919/3872/1052
f 919/3873/1053 927/3874/1053 928/3875/1053 920/3876/1053
f 920/3877/1054 928/3878/1054 929/3879/1054 921/3880/1054
f 921/3881/1055 929/3882/1055 930/3883/1055 922/3884/1055
f 922/3885/1056 930/3886/1056 923/3887/1056 915/3888/1056
f 931/3889/1057 899/3890/1057 900/3891/1057
f 932/3892/1058 924/3893/1058 923/3894/1058
f 931/3895/1059 900/3896/1059 901/3897/1059
f 932/3898/1060 925/3899/1060 924/3900/1060
f 931/3901/1061 901/3902/1061 902/3903/1061
f 932/3904/1062 926/3905/1062 925/3906/1062
f 931/3907/1063 902/3908/1063 903/3909/1063
f 932/3910/1064 927/3911/1064 926/3912/1064
f 931/3913/1065 903/3914/1065 904/3915/1065
f 932/3916/1066 928/3917/1066 927/3918/1066
f 931/3919/1067 904/3920/1067 905/3921/1067
f 932/3922/1068 929/3923/1068 928/3924/1068
f 931/3925/1069 905/3926/1069 906/3927/1069
f 932/3928/1070 930/3929/1070 929/3930/1070
f 931/3931/1071 906/3932/1071 899/3933/1071
f 932/3934/1072 923/3935/1072 930/3936/1072
o lower_ring_division_11
f 933/3937/1073 941/3938/1073 942/3939/1073 934/3940/1073
f 934/3941/1074 942/3942/1074 943/3943/1074 935/3944/1074
f 935/3945/1075 943/3946/1075 944/3947/1075 936/3948/1075
f 936/3949/1076 944/3950/1076 945/3951/1076 937/3952/1076
f 937/3953/1077 945/3954/1077 946/3955/1077 938/3956/1077
f 938/3957/1078 946/3958/1078 947/3959/1078 939/3960/1078
f 939/3961/1079 947/3962/1079 948/3963/1079 940/3964/1079
f 940/3965/1080 948/3966/1080 941/3967/1080 933/3968/1080
f 941/3969/1081 949/3970/1081 950/3971/1081 942/3972/1081
f 942/3973/1082 950/3974/1082 951/3975/1082 943/3976/1082
f 943/3977/1083 951/3978/1083 952/3979/1083 944/3980/1083
f 944/3981/1084 952/3982/1084 953/3983/1084 945/3984/1084
f 945/3985/1085 953/3986/1085 954/3987/1085 946/3988/1085
f 946/3989/1086 954/3990/1086 955/3991/1086 947/3992/1086
f 947/3993/1087 955/3994/1087 956/3995/1087 948/3996/1087
f 948/3997/1088 956/3998/1088 949/3999/1088 941/4000/1088
f 949/4001/1089 957/4002/1089 958/4003/1089 950/4004/1089
f 950/4005/1090 958/4006/1090 959/4007/1090 951/4008/1090
f 951/4009/1091 959/4010/1091 960/4011/1091 952/4012/1091
f 952/4013/1092 960/4014/1092 961/4015/1092 953/4016/1092
f 953/4017/1093 961/4018/1093 962/4019/1093 954/4020/1093
f 954/4021/1094 962/4022/1094 963/4023/1094 955/4024/1094
f 955/4025/1095 963/4026/1095 964/4027/1095 956/4028/1095
f 956/4029/1096 964/4030/1096 957/4031/1096 949/4032/1096
f 965/4033/1097 933/4034/1097 934/4035/1097
f 966/4036/1098 958/4037/1098 957/4038/1098
f 965/4039/1099 934/4040/1099 935/4041/1099
f 966/4042/1100 959/4043/1100 958/4044/1100
f 965/4045/1101 935/4046/1101 936/4047/1101
f 966/4048/1102 960/4049/1102 959/4050/1102
f 965/4051/1103 936/4052/1103 937/4053/1103
f 966/4054/1104 961/4055/1104 960/4056/1104
f 965/4057/1105 937/4058/1105 938/4059/1105
f 966/4060/1106 962/4061/1106 961/4062/1106
f 965/4063/1107 938/4064/1107 939/4065/1107
f 966/4066/1108 963/4067/1108 962/4068/1108
f 965/4069/1109 939/4070/1109 940/4071/1109
f 966/4072/1110 964/4073/1110 963/4074/1110
f 965/4075/1111 940/4076/1111 933/4077/1111
f 966/4078/1112 957/4079/1112 964/4080/1112
o lower_rear_spine
usemtl transporter_titanium
f 975/4081/1113 983/4082/1113 984/4083/1113 976/4084/1113
f 976/4085/1114 984/4086/1114 985/4087/1114 977/4088/1114
f 977/4089/1115 985/4090/1115 986/4091/1115 978/4092/1115
f 978/4093/1116 986/4094/1116 987/4095/1116 979/4096/1116
f 979/4097/1117 987/4098/1117 988/4099/1117 980/4100/1117
f 980/4101/1118 988/4102/1118 989/4103/1118 981/4104/1118
f 981/4105/1119 989/4106/1119 990/4107/1119 982/4108/1119
f 982/4109/1120 990/4110/1120 983/4111/1120 975/4112/1120
f 999/4113/1121 967/4114/1121 968/4115/1121
f 1000/4116/1122 992/4117/1122 991/4118/1122
f 999/4119/1123 968/4120/1123 969/4121/1123
f 1000/4122/1124 993/4123/1124 992/4124/1124
f 999/4125/1125 969/4126/1125 970/4127/1125
f 1000/4128/1126 994/4129/1126 993/4130/1126
f 999/4131/1127 970/4132/1127 971/4133/1127
f 1000/4134/1128 995/4135/1128 994/4136/1128
f 999/4137/1129 971/4138/1129 972/4139/1129
f 1000/4140/1130 996/4141/1130 995/4142/1130
f 999/4143/1131 972/4144/1131 973/4145/1131
f 1000/4146/1132 997/4147/1132 996/4148/1132
f 999/4149/1133 973/4150/1133 974/4151/1133
f 1000/4152/1134 998/4153/1134 997/4154/1134
f 999/4155/1135 974/4156/1135 967/4157/1135
f 1000/4158/1136 991/4159/1136 998/4160/1136
o lower_recessed_backpanel
usemtl transporter_graphite
f 1009/4161/1137 1017/4162/1137 1018/4163/1137 1010/4164/1137
f 1010/4165/1138 1018/4166/1138 1019/4167/1138 1011/4168/1138
f 1011/4169/1139 1019/4170/1139 1020/4171/1139 1012/4172/1139
f 1012/4173/1140 1020/4174/1140 1021/4175/1140 1013/4176/1140
f 1013/4177/1141 1021/4178/1141 1022/4179/1141 1014/4180/1141
f 1014/4181/1142 1022/4182/1142 1023/4183/1142 1015/4184/1142
f 1015/4185/1143 1023/4186/1143 1024/4187/1143 1016/4188/1143
f 1016/4189/1144 1024/4190/1144 1017/4191/1144 1009/4192/1144
f 1033/4193/1145 1001/4194/1145 1002/4195/1145
f 1034/4196/1146 1026/4197/1146 1025/4198/1146
f 1033/4199/1147 1002/4200/1147 1003/4201/1147
f 1034/4202/1148 1027/4203/1148 1026/4204/1148
f 1033/4205/1149 1003/4206/1149 1004/4207/1149
f 1034/4208/1150 1028/4209/1150 1027/4210/1150
f 1033/4211/1151 1004/4212/1151 1005/4213/1151
f 1034/4214/1152 1029/4215/1152 1028/4216/1152
f 1033/4217/1153 1005/4218/1153 1006/4219/1153
f 1034/4220/1154 1030/4221/1154 1029/4222/1154
f 1033/4223/1155 1006/4224/1155 1007/4225/1155
f 1034/4226/1156 1031/4227/1156 1030/4228/1156
f 1033/4229/1157 1007/4230/1157 1008/4231/1157
f 1034/4232/1158 1032/4233/1158 1031/4234/1158
f 1033/4235/1159 1008/4236/1159 1001/4237/1159
f 1034/4238/1160 1025/4239/1160 1032/4240/1160
o lower_left_light_socket
usemtl transporter_rubber
f 1043/4241/1161 1051/4242/1161 1052/4243/1161 1044/4244/1161
f 1044/4245/1162 1052/4246/1162 1053/4247/1162 1045/4248/1162
f 1045/4249/1163 1053/4250/1163 1054/4251/1163 1046/4252/1163
f 1046/4253/1164 1054/4254/1164 1055/4255/1164 1047/4256/1164
f 1047/4257/1165 1055/4258/1165 1056/4259/1165 1048/4260/1165
f 1048/4261/1166 1056/4262/1166 1057/4263/1166 1049/4264/1166
f 1049/4265/1167 1057/4266/1167 1058/4267/1167 1050/4268/1167
f 1050/4269/1168 1058/4270/1168 1051/4271/1168 1043/4272/1168
f 1067/4273/1169 1035/4274/1169 1036/4275/1169
f 1068/4276/1170 1060/4277/1170 1059/4278/1170
f 1067/4279/1171 1036/4280/1171 1037/4281/1171
f 1068/4282/1172 1061/4283/1172 1060/4284/1172
f 1067/4285/1173 1037/4286/1173 1038/4287/1173
f 1068/4288/1174 1062/4289/1174 1061/4290/1174
f 1067/4291/1175 1038/4292/1175 1039/4293/1175
f 1068/4294/1176 1063/4295/1176 1062/4296/1176
f 1067/4297/1177 1039/4298/1177 1040/4299/1177
f 1068/4300/1178 1064/4301/1178 1063/4302/1178
f 1067/4303/1179 1040/4304/1179 1041/4305/1179
f 1068/4306/1180 1065/4307/1180 1064/4308/1180
f 1067/4309/1181 1041/4310/1181 1042/4311/1181
f 1068/4312/1182 1066/4313/1182 1065/4314/1182
f 1067/4315/1183 1042/4316/1183 1035/4317/1183
f 1068/4318/1184 1059/4319/1184 1066/4320/1184
o lower_left_guide_light
usemtl transporter_cyan
f 1077/4321/1185 1085/4322/1185 1086/4323/1185 1078/4324/1185
f 1078/4325/1186 1086/4326/1186 1087/4327/1186 1079/4328/1186
f 1079/4329/1187 1087/4330/1187 1088/4331/1187 1080/4332/1187
f 1080/4333/1188 1088/4334/1188 1089/4335/1188 1081/4336/1188
f 1081/4337/1189 1089/4338/1189 1090/4339/1189 1082/4340/1189
f 1082/4341/1190 1090/4342/1190 1091/4343/1190 1083/4344/1190
f 1083/4345/1191 1091/4346/1191 1092/4347/1191 1084/4348/1191
f 1084/4349/1192 1092/4350/1192 1085/4351/1192 1077/4352/1192
f 1101/4353/1193 1069/4354/1193 1070/4355/1193
f 1102/4356/1194 1094/4357/1194 1093/4358/1194
f 1101/4359/1195 1070/4360/1195 1071/4361/1195
f 1102/4362/1196 1095/4363/1196 1094/4364/1196
f 1101/4365/1197 1071/4366/1197 1072/4367/1197
f 1102/4368/1198 1096/4369/1198 1095/4370/1198
f 1101/4371/1199 1072/4372/1199 1073/4373/1199
f 1102/4374/1200 1097/4375/1200 1096/4376/1200
f 1101/4377/1201 1073/4378/1201 1074/4379/1201
f 1102/4380/1202 1098/4381/1202 1097/4382/1202
f 1101/4383/1203 1074/4384/1203 1075/4385/1203
f 1102/4386/1204 1099/4387/1204 1098/4388/1204
f 1101/4389/1205 1075/4390/1205 1076/4391/1205
f 1102/4392/1206 1100/4393/1206 1099/4394/1206
f 1101/4395/1207 1076/4396/1207 1069/4397/1207
f 1102/4398/1208 1093/4399/1208 1100/4400/1208
o lower_right_light_socket
usemtl transporter_rubber
f 1111/4401/1209 1119/4402/1209 1120/4403/1209 1112/4404/1209
f 1112/4405/1210 1120/4406/1210 1121/4407/1210 1113/4408/1210
f 1113/4409/1211 1121/4410/1211 1122/4411/1211 1114/4412/1211
f 1114/4413/1212 1122/4414/1212 1123/4415/1212 1115/4416/1212
f 1115/4417/1213 1123/4418/1213 1124/4419/1213 1116/4420/1213
f 1116/4421/1214 1124/4422/1214 1125/4423/1214 1117/4424/1214
f 1117/4425/1215 1125/4426/1215 1126/4427/1215 1118/4428/1215
f 1118/4429/1216 1126/4430/1216 1119/4431/1216 1111/4432/1216
f 1135/4433/1217 1103/4434/1217 1104/4435/1217
f 1136/4436/1218 1128/4437/1218 1127/4438/1218
f 1135/4439/1219 1104/4440/1219 1105/4441/1219
f 1136/4442/1220 1129/4443/1220 1128/4444/1220
f 1135/4445/1221 1105/4446/1221 1106/4447/1221
f 1136/4448/1222 1130/4449/1222 1129/4450/1222
f 1135/4451/1223 1106/4452/1223 1107/4453/1223
f 1136/4454/1224 1131/4455/1224 1130/4456/1224
f 1135/4457/1225 1107/4458/1225 1108/4459/1225
f 1136/4460/1226 1132/4461/1226 1131/4462/1226
f 1135/4463/1227 1108/4464/1227 1109/4465/1227
f 1136/4466/1228 1133/4467/1228 1132/4468/1228
f 1135/4469/1229 1109/4470/1229 1110/4471/1229
f 1136/4472/1230 1134/4473/1230 1133/4474/1230
f 1135/4475/1231 1110/4476/1231 1103/4477/1231
f 1136/4478/1232 1127/4479/1232 1134/4480/1232
o lower_right_guide_light
usemtl transporter_cyan
f 1145/4481/1233 1153/4482/1233 1154/4483/1233 1146/4484/1233
f 1146/4485/1234 1154/4486/1234 1155/4487/1234 1147/4488/1234
f 1147/4489/1235 1155/4490/1235 1156/4491/1235 1148/4492/1235
f 1148/4493/1236 1156/4494/1236 1157/4495/1236 1149/4496/1236
f 1149/4497/1237 1157/4498/1237 1158/4499/1237 1150/4500/1237
f 1150/4501/1238 1158/4502/1238 1159/4503/1238 1151/4504/1238
f 1151/4505/1239 1159/4506/1239 1160/4507/1239 1152/4508/1239
f 1152/4509/1240 1160/4510/1240 1153/4511/1240 1145/4512/1240
f 1169/4513/1241 1137/4514/1241 1138/4515/1241
f 1170/4516/1242 1162/4517/1242 1161/4518/1242
f 1169/4519/1243 1138/4520/1243 1139/4521/1243
f 1170/4522/1244 1163/4523/1244 1162/4524/1244
f 1169/4525/1245 1139/4526/1245 1140/4527/1245
f 1170/4528/1246 1164/4529/1246 1163/4530/1246
f 1169/4531/1247 1140/4532/1247 1141/4533/1247
f 1170/4534/1248 1165/4535/1248 1164/4536/1248
f 1169/4537/1249 1141/4538/1249 1142/4539/1249
f 1170/4540/1250 1166/4541/1250 1165/4542/1250
f 1169/4543/1251 1142/4544/1251 1143/4545/1251
f 1170/4546/1252 1167/4547/1252 1166/4548/1252
f 1169/4549/1253 1143/4550/1253 1144/4551/1253
f 1170/4552/1254 1168/4553/1254 1167/4554/1254
f 1169/4555/1255 1144/4556/1255 1137/4557/1255
f 1170/4558/1256 1161/4559/1256 1168/4560/1256
o lower_left_spine_shoulder
usemtl transporter_titanium
f 1171/4561/1257 1179/4562/1257 1180/4563/1257 1172/4564/1257
f 1172/4565/1258 1180/4566/1258 1181/4567/1258 1173/4568/1258
f 1173/4569/1259 1181/4570/1259 1182/4571/1259 1174/4572/1259
f 1174/4573/1260 1182/4574/1260 1183/4575/1260 1175/4576/1260
f 1175/4577/1261 1183/4578/1261 1184/4579/1261 1176/4580/1261
f 1176/4581/1262 1184/4582/1262 1185/4583/1262 1177/4584/1262
f 1177/4585/1263 1185/4586/1263 1186/4587/1263 1178/4588/1263
f 1178/4589/1264 1186/4590/1264 1179/4591/1264 1171/4592/1264
f 1179/4593/1265 1187/4594/1265 1188/4595/1265 1180/4596/1265
f 1180/4597/1266 1188/4598/1266 1189/4599/1266 1181/4600/1266
f 1181/4601/1267 1189/4602/1267 1190/4603/1267 1182/4604/1267
f 1182/4605/1268 1190/4606/1268 1191/4607/1268 1183/4608/1268
f 1183/4609/1269 1191/4610/1269 1192/4611/1269 1184/4612/1269
f 1184/4613/1270 1192/4614/1270 1193/4615/1270 1185/4616/1270
f 1185/4617/1271 1193/4618/1271 1194/4619/1271 1186/4620/1271
f 1186/4621/1272 1194/4622/1272 1187/4623/1272 1179/4624/1272
f 1187/4625/1273 1195/4626/1273 1196/4627/1273 1188/4628/1273
f 1188/4629/1274 1196/4630/1274 1197/4631/1274 1189/4632/1274
f 1189/4633/1275 1197/4634/1275 1198/4635/1275 1190/4636/1275
f 1190/4637/1276 1198/4638/1276 1199/4639/1276 1191/4640/1276
f 1191/4641/1277 1199/4642/1277 1200/4643/1277 1192/4644/1277
f 1192/4645/1278 1200/4646/1278 1201/4647/1278 1193/4648/1278
f 1193/4649/1279 1201/4650/1279 1202/4651/1279 1194/4652/1279
f 1194/4653/1280 1202/4654/1280 1195/4655/1280 1187/4656/1280
f 1203/4657/1281 1171/4658/1281 1172/4659/1281
f 1204/4660/1282 1196/4661/1282 1195/4662/1282
f 1203/4663/1283 1172/4664/1283 1173/4665/1283
f 1204/4666/1284 1197/4667/1284 1196/4668/1284
f 1203/4669/1285 1173/4670/1285 1174/4671/1285
f 1204/4672/1286 1198/4673/1286 1197/4674/1286
f 1203/4675/1287 1174/4676/1287 1175/4677/1287
f 1204/4678/1288 1199/4679/1288 1198/4680/1288
f 1203/4681/1289 1175/4682/1289 1176/4683/1289
f 1204/4684/1290 1200/4685/1290 1199/4686/1290
f 1203/4687/1291 1176/4688/1291 1177/4689/1291
f 1204/4690/1292 1201/4691/1292 1200/4692/1292
f 1203/4693/1293 1177/4694/1293 1178/4695/1293
f 1204/4696/1294 1202/4697/1294 1201/4698/1294
f 1203/4699/1295 1178/4700/1295 1171/4701/1295
f 1204/4702/1296 1195/4703/1296 1202/4704/1296
o lower_rear_bridge
usemtl transporter_warm
f 1205/4705/1297 1213/4706/1297 1214/4707/1297 1206/4708/1297
f 1206/4709/1298 1214/4710/1298 1215/4711/1298 1207/4712/1298
f 1207/4713/1299 1215/4714/1299 1216/4715/1299 1208/4716/1299
f 1208/4717/1300 1216/4718/1300 1217/4719/1300 1209/4720/1300
f 1209/4721/1301 1217/4722/1301 1218/4723/1301 1210/4724/1301
f 1210/4725/1302 1218/4726/1302 1219/4727/1302 1211/4728/1302
f 1211/4729/1303 1219/4730/1303 1220/4731/1303 1212/4732/1303
f 1212/4733/1304 1220/4734/1304 1213/4735/1304 1205/4736/1304
f 1213/4737/1305 1221/4738/1305 1222/4739/1305 1214/4740/1305
f 1214/4741/1306 1222/4742/1306 1223/4743/1306 1215/4744/1306
f 1215/4745/1307 1223/4746/1307 1224/4747/1307 1216/4748/1307
f 1216/4749/1308 1224/4750/1308 1225/4751/1308 1217/4752/1308
f 1217/4753/1309 1225/4754/1309 1226/4755/1309 1218/4756/1309
f 1218/4757/1310 1226/4758/1310 1227/4759/1310 1219/4760/1310
f 1219/4761/1311 1227/4762/1311 1228/4763/1311 1220/4764/1311
f 1220/4765/1312 1228/4766/1312 1221/4767/1312 1213/4768/1312
f 1221/4769/1313 1229/4770/1313 1230/4771/1313 1222/4772/1313
f 1222/4773/1314 1230/4774/1314 1231/4775/1314 1223/4776/1314
f 1223/4777/1315 1231/4778/1315 1232/4779/1315 1224/4780/1315
f 1224/4781/1316 1232/4782/1316 1233/4783/1316 1225/4784/1316
f 1225/4785/1317 1233/4786/1317 1234/4787/1317 1226/4788/1317
f 1226/4789/1318 1234/4790/1318 1235/4791/1318 1227/4792/1318
f 1227/4793/1319 1235/4794/1319 1236/4795/1319 1228/4796/1319
f 1228/4797/1320 1236/4798/1320 1229/4799/1320 1221/4800/1320
f 1237/4801/1321 1205/4802/1321 1206/4803/1321
f 1238/4804/1322 1230/4805/1322 1229/4806/1322
f 1237/4807/1323 1206/4808/1323 1207/4809/1323
f 1238/4810/1324 1231/4811/1324 1230/4812/1324
f 1237/4813/1325 1207/4814/1325 1208/4815/1325
f 1238/4816/1326 1232/4817/1326 1231/4818/1326
f 1237/4819/1327 1208/4820/1327 1209/4821/1327
f 1238/4822/1328 1233/4823/1328 1232/4824/1328
f 1237/4825/1329 1209/4826/1329 1210/4827/1329
f 1238/4828/1330 1234/4829/1330 1233/4830/1330
f 1237/4831/1331 1210/4832/1331 1211/4833/1331
f 1238/4834/1332 1235/4835/1332 1234/4836/1332
f 1237/4837/1333 1211/4838/1333 1212/4839/1333
f 1238/4840/1334 1236/4841/1334 1235/4842/1334
f 1237/4843/1335 1212/4844/1335 1205/4845/1335
f 1238/4846/1336 1229/4847/1336 1236/4848/1336
o lower_right_spine_shoulder
usemtl transporter_titanium
f 1239/4849/1337 1247/4850/1337 1248/4851/1337 1240/4852/1337
f 1240/4853/1338 1248/4854/1338 1249/4855/1338 1241/4856/1338
f 1241/4857/1339 1249/4858/1339 1250/4859/1339 1242/4860/1339
f 1242/4861/1340 1250/4862/1340 1251/4863/1340 1243/4864/1340
f 1243/4865/1341 1251/4866/1341 1252/4867/1341 1244/4868/1341
f 1244/4869/1342 1252/4870/1342 1253/4871/1342 1245/4872/1342
f 1245/4873/1343 1253/4874/1343 1254/4875/1343 1246/4876/1343
f 1246/4877/1344 1254/4878/1344 1247/4879/1344 1239/4880/1344
f 1247/4881/1345 1255/4882/1345 1256/4883/1345 1248/4884/1345
f 1248/4885/1346 1256/4886/1346 1257/4887/1346 1249/4888/1346
f 1249/4889/1347 1257/4890/1347 1258/4891/1347 1250/4892/1347
f 1250/4893/1348 1258/4894/1348 1259/4895/1348 1251/4896/1348
f 1251/4897/1349 1259/4898/1349 1260/4899/1349 1252/4900/1349
f 1252/4901/1350 1260/4902/1350 1261/4903/1350 1253/4904/1350
f 1253/4905/1351 1261/4906/1351 1262/4907/1351 1254/4908/1351
f 1254/4909/1352 1262/4910/1352 1255/4911/1352 1247/4912/1352
f 1255/4913/1353 1263/4914/1353 1264/4915/1353 1256/4916/1353
f 1256/4917/1354 1264/4918/1354 1265/4919/1354 1257/4920/1354
f 1257/4921/1355 1265/4922/1355 1266/4923/1355 1258/4924/1355
f 1258/4925/1356 1266/4926/1356 1267/4927/1356 1259/4928/1356
f 1259/4929/1357 1267/4930/1357 1268/4931/1357 1260/4932/1357
f 1260/4933/1358 1268/4934/1358 1269/4935/1358 1261/4936/1358
f 1261/4937/1359 1269/4938/1359 1270/4939/1359 1262/4940/1359
f 1262/4941/1360 1270/4942/1360 1263/4943/1360 1255/4944/1360
f 1271/4945/1361 1239/4946/1361 1240/4947/1361
f 1272/4948/1362 1264/4949/1362 1263/4950/1362
f 1271/4951/1363 1240/4952/1363 1241/4953/1363
f 1272/4954/1364 1265/4955/1364 1264/4956/1364
f 1271/4957/1365 1241/4958/1365 1242/4959/1365
f 1272/4960/1366 1266/4961/1366 1265/4962/1366
f 1271/4963/1367 1242/4964/1367 1243/4965/1367
f 1272/4966/1368 1267/4967/1368 1266/4968/1368
f 1271/4969/1369 1243/4970/1369 1244/4971/1369
f 1272/4972/1370 1268/4973/1370 1267/4974/1370
f 1271/4975/1371 1244/4976/1371 1245/4977/1371
f 1272/4978/1372 1269/4979/1372 1268/4980/1372
f 1271/4981/1373 1245/4982/1373 1246/4983/1373
f 1272/4984/1374 1270/4985/1374 1269/4986/1374
f 1271/4987/1375 1246/4988/1375 1239/4989/1375
f 1272/4990/1376 1263/4991/1376 1270/4992/1376
