# Actual Blockbench MCP geometry; packaged by tools/export_transporter.py
mtllib transporter.mtl
v 0.1125 0 0.048125
v 0.8875 0 0.048125
v 0.951875 0 0.1125
v 0.951875 0 0.903125
v 0.8875 0 0.9675
v 0.1125 0 0.9675
v 0.048125 0 0.903125
v 0.048125 0 0.1125
v 0.1125 0.0075 0.040625
v 0.8875 0.0075 0.040625
v 0.959375 0.0075 0.1125
v 0.959375 0.0075 0.903125
v 0.8875 0.0075 0.975
v 0.1125 0.0075 0.975
v 0.040625 0.0075 0.903125
v 0.040625 0.0075 0.1125
v 0.1125 0.026875 0.040625
v 0.8875 0.026875 0.040625
v 0.959375 0.026875 0.1125
v 0.959375 0.026875 0.903125
v 0.8875 0.026875 0.975
v 0.1125 0.026875 0.975
v 0.040625 0.026875 0.903125
v 0.040625 0.026875 0.1125
v 0.1125 0.034375 0.048125
v 0.8875 0.034375 0.048125
v 0.951875 0.034375 0.1125
v 0.951875 0.034375 0.903125
v 0.8875 0.034375 0.9675
v 0.1125 0.034375 0.9675
v 0.048125 0.034375 0.903125
v 0.048125 0.034375 0.1125
v 0.5 0 0.5078125
v 0.5 0.034375 0.5078125
v 0.115625 0.028125 0.04375
v 0.884375 0.028125 0.04375
v 0.95625 0.028125 0.115625
v 0.95625 0.028125 0.89375
v 0.884375 0.028125 0.965625
v 0.115625 0.028125 0.965625
v 0.04375 0.028125 0.89375
v 0.04375 0.028125 0.115625
v 0.115625 0.05625 0.015625
v 0.884375 0.05625 0.015625
v 0.984375 0.05625 0.115625
v 0.984375 0.05625 0.89375
v 0.884375 0.05625 0.99375
v 0.115625 0.05625 0.99375
v 0.015625 0.05625 0.89375
v 0.015625 0.05625 0.115625
v 0.115625 0.453125 0.015625
v 0.884375 0.453125 0.015625
v 0.984375 0.453125 0.115625
v 0.984375 0.453125 0.89375
v 0.884375 0.453125 0.99375
v 0.115625 0.453125 0.99375
v 0.015625 0.453125 0.89375
v 0.015625 0.453125 0.115625
v 0.115625 0.48125 0.04375
v 0.884375 0.48125 0.04375
v 0.95625 0.48125 0.115625
v 0.95625 0.48125 0.89375
v 0.884375 0.48125 0.965625
v 0.115625 0.48125 0.965625
v 0.04375 0.48125 0.89375
v 0.04375 0.48125 0.115625
v 0.5 0.028125 0.5046875
v 0.5 0.48125 0.5046875
v 0.115625 0.453125 0.029375
v 0.884375 0.453125 0.029375
v 0.970625 0.453125 0.115625
v 0.970625 0.453125 0.89375
v 0.884375 0.453125 0.98
v 0.115625 0.453125 0.98
v 0.029375 0.453125 0.89375
v 0.029375 0.453125 0.115625
v 0.115625 0.466875 0.015625
v 0.884375 0.466875 0.015625
v 0.984375 0.466875 0.115625
v 0.984375 0.466875 0.89375
v 0.884375 0.466875 0.99375
v 0.115625 0.466875 0.99375
v 0.015625 0.466875 0.89375
v 0.015625 0.466875 0.115625
v 0.115625 0.5175 0.015625
v 0.884375 0.5175 0.015625
v 0.984375 0.5175 0.115625
v 0.984375 0.5175 0.89375
v 0.884375 0.5175 0.99375
v 0.115625 0.5175 0.99375
v 0.015625 0.5175 0.89375
v 0.015625 0.5175 0.115625
v 0.115625 0.53125 0.029375
v 0.884375 0.53125 0.029375
v 0.970625 0.53125 0.115625
v 0.970625 0.53125 0.89375
v 0.884375 0.53125 0.98
v 0.115625 0.53125 0.98
v 0.029375 0.53125 0.89375
v 0.029375 0.53125 0.115625
v 0.5 0.453125 0.5046875
v 0.5 0.53125 0.5046875
v 0.924462331 0.5225 0.512131526
v 0.895535925 0.5225 0.620086344
v 0.839654399 0.5225 0.716875987
v 0.760625987 0.5225 0.795904399
v 0.663836344 0.5225 0.851785925
v 0.555881526 0.5225 0.880712331
v 0.444118474 0.5225 0.880712331
v 0.336163656 0.5225 0.851785925
v 0.239374013 0.5225 0.795904399
v 0.160345601 0.5225 0.716875987
v 0.104464075 0.5225 0.620086344
v 0.0755376687 0.5225 0.512131526
v 0.0755376687 0.5225 0.400368474
v 0.104464075 0.5225 0.292413656
v 0.160345601 0.5225 0.195624013
v 0.239374013 0.5225 0.116595601
v 0.336163656 0.5225 0.0607140751
v 0.444118474 0.5225 0.0317876687
v 0.555881526 0.5225 0.0317876687
v 0.663836344 0.5225 0.0607140751
v 0.760625987 0.5225 0.116595601
v 0.839654399 0.5225 0.195624013
v 0.895535925 0.5225 0.292413656
v 0.924462331 0.5225 0.400368474
v 0.933757127 0.531875 0.513355209
v 0.904197295 0.531875 0.623674002
v 0.847092086 0.531875 0.722583125
v 0.766333125 0.531875 0.803342086
v 0.667424002 0.531875 0.860447295
v 0.557105209 0.531875 0.890007127
v 0.442894791 0.531875 0.890007127
v 0.332575998 0.531875 0.860447295
v 0.233666875 0.531875 0.803342086
v 0.152907914 0.531875 0.722583125
v 0.0958027045 0.531875 0.623674002
v 0.0662428731 0.531875 0.513355209
v 0.0662428731 0.531875 0.399144791
v 0.0958027045 0.531875 0.288825998
v 0.152907914 0.531875 0.189916875
v 0.233666875 0.531875 0.109157914
v 0.332575998 0.531875 0.0520527045
v 0.442894791 0.531875 0.0224928731
v 0.557105209 0.531875 0.0224928731
v 0.667424002 0.531875 0.0520527045
v 0.766333125 0.531875 0.109157914
v 0.847092086 0.531875 0.189916875
v 0.904197295 0.531875 0.288825998
v 0.933757127 0.531875 0.399144791
v 0.933757127 0.540625 0.513355209
v 0.904197295 0.540625 0.623674002
v 0.847092086 0.540625 0.722583125
v 0.766333125 0.540625 0.803342086
v 0.667424002 0.540625 0.860447295
v 0.557105209 0.540625 0.890007127
v 0.442894791 0.540625 0.890007127
v 0.332575998 0.540625 0.860447295
v 0.233666875 0.540625 0.803342086
v 0.152907914 0.540625 0.722583125
v 0.0958027045 0.540625 0.623674002
v 0.0662428731 0.540625 0.513355209
v 0.0662428731 0.540625 0.399144791
v 0.0958027045 0.540625 0.288825998
v 0.152907914 0.540625 0.189916875
v 0.233666875 0.540625 0.109157914
v 0.332575998 0.540625 0.0520527045
v 0.442894791 0.540625 0.0224928731
v 0.557105209 0.540625 0.0224928731
v 0.667424002 0.540625 0.0520527045
v 0.766333125 0.540625 0.109157914
v 0.847092086 0.540625 0.189916875
v 0.904197295 0.540625 0.288825998
v 0.933757127 0.540625 0.399144791
v 0.924462331 0.55 0.512131526
v 0.895535925 0.55 0.620086344
v 0.839654399 0.55 0.716875987
v 0.760625987 0.55 0.795904399
v 0.663836344 0.55 0.851785925
v 0.555881526 0.55 0.880712331
v 0.444118474 0.55 0.880712331
v 0.336163656 0.55 0.851785925
v 0.239374013 0.55 0.795904399
v 0.160345601 0.55 0.716875987
v 0.104464075 0.55 0.620086344
v 0.0755376687 0.55 0.512131526
v 0.0755376687 0.55 0.400368474
v 0.104464075 0.55 0.292413656
v 0.160345601 0.55 0.195624013
v 0.239374013 0.55 0.116595601
v 0.336163656 0.55 0.0607140751
v 0.444118474 0.55 0.0317876687
v 0.555881526 0.55 0.0317876687
v 0.663836344 0.55 0.0607140751
v 0.760625987 0.55 0.116595601
v 0.839654399 0.55 0.195624013
v 0.895535925 0.55 0.292413656
v 0.924462331 0.55 0.400368474
v 0.5 0.5225 0.45625
v 0.5 0.55 0.45625
v 0.923842678 0.5325 0.512049947
v 0.8949585 0.5325 0.619847167
v 0.839158553 0.5325 0.716495511
v 0.760245511 0.5325 0.795408553
v 0.663597167 0.5325 0.8512085
v 0.555799947 0.5325 0.880092678
v 0.444200053 0.5325 0.880092678
v 0.336402833 0.5325 0.8512085
v 0.239754489 0.5325 0.795408553
v 0.160841447 0.5325 0.716495511
v 0.1050415 0.5325 0.619847167
v 0.0761573218 0.5325 0.512049947
v 0.0761573218 0.5325 0.400450053
v 0.1050415 0.5325 0.292652833
v 0.160841447 0.5325 0.196004489
v 0.239754489 0.5325 0.117091447
v 0.336402833 0.5325 0.0612914999
v 0.444200053 0.5325 0.0324073218
v 0.555799947 0.5325 0.0324073218
v 0.663597167 0.5325 0.0612914999
v 0.760245511 0.5325 0.117091447
v 0.839158553 0.5325 0.196004489
v 0.8949585 0.5325 0.292652833
v 0.923842678 0.5325 0.400450053
v 0.923842678 0.55875 0.512049947
v 0.8949585 0.55875 0.619847167
v 0.839158553 0.55875 0.716495511
v 0.760245511 0.55875 0.795408553
v 0.663597167 0.55875 0.8512085
v 0.555799947 0.55875 0.880092678
v 0.444200053 0.55875 0.880092678
v 0.336402833 0.55875 0.8512085
v 0.239754489 0.55875 0.795408553
v 0.160841447 0.55875 0.716495511
v 0.1050415 0.55875 0.619847167
v 0.0761573218 0.55875 0.512049947
v 0.0761573218 0.55875 0.400450053
v 0.1050415 0.55875 0.292652833
v 0.160841447 0.55875 0.196004489
v 0.239754489 0.55875 0.117091447
v 0.336402833 0.55875 0.0612914999
v 0.444200053 0.55875 0.0324073218
v 0.555799947 0.55875 0.0324073218
v 0.663597167 0.55875 0.0612914999
v 0.760245511 0.55875 0.117091447
v 0.839158553 0.55875 0.196004489
v 0.8949585 0.55875 0.292652833
v 0.923842678 0.55875 0.400450053
v 0.850103967 0.55875 0.502342062
v 0.82624496 0.55875 0.591385087
v 0.780152898 0.55875 0.67121888
v 0.71496888 0.55875 0.736402898
v 0.635135087 0.55875 0.78249496
v 0.546092062 0.55875 0.806353967
v 0.453907938 0.55875 0.806353967
v 0.364864913 0.55875 0.78249496
v 0.28503112 0.55875 0.736402898
v 0.219847102 0.55875 0.67121888
v 0.17375504 0.55875 0.591385087
v 0.149896033 0.55875 0.502342062
v 0.149896033 0.55875 0.410157938
v 0.17375504 0.55875 0.321114913
v 0.219847102 0.55875 0.24128112
v 0.28503112 0.55875 0.176097102
v 0.364864913 0.55875 0.13000504
v 0.453907938 0.55875 0.106146033
v 0.546092062 0.55875 0.106146033
v 0.635135087 0.55875 0.13000504
v 0.71496888 0.55875 0.176097102
v 0.780152898 0.55875 0.24128112
v 0.82624496 0.55875 0.321114913
v 0.850103967 0.55875 0.410157938
v 0.850103967 0.5325 0.502342062
v 0.82624496 0.5325 0.591385087
v 0.780152898 0.5325 0.67121888
v 0.71496888 0.5325 0.736402898
v 0.635135087 0.5325 0.78249496
v 0.546092062 0.5325 0.806353967
v 0.453907938 0.5325 0.806353967
v 0.364864913 0.5325 0.78249496
v 0.28503112 0.5325 0.736402898
v 0.219847102 0.5325 0.67121888
v 0.17375504 0.5325 0.591385087
v 0.149896033 0.5325 0.502342062
v 0.149896033 0.5325 0.410157938
v 0.17375504 0.5325 0.321114913
v 0.219847102 0.5325 0.24128112
v 0.28503112 0.5325 0.176097102
v 0.364864913 0.5325 0.13000504
v 0.453907938 0.5325 0.106146033
v 0.546092062 0.5325 0.106146033
v 0.635135087 0.5325 0.13000504
v 0.71496888 0.5325 0.176097102
v 0.780152898 0.5325 0.24128112
v 0.82624496 0.5325 0.321114913
v 0.850103967 0.5325 0.410157938
v 0.902154822 0.55875 0.509194687
v 0.874748635 0.55875 0.611475967
v 0.821803949 0.55875 0.703178855
v 0.746928855 0.55875 0.778053949
v 0.655225967 0.55875 0.830998635
v 0.552944687 0.55875 0.858404822
v 0.447055313 0.55875 0.858404822
v 0.344774033 0.55875 0.830998635
v 0.253071145 0.55875 0.778053949
v 0.178196051 0.55875 0.703178855
v 0.125251365 0.55875 0.611475967
v 0.0978451781 0.55875 0.509194687
v 0.0978451781 0.55875 0.403305313
v 0.125251365 0.55875 0.301024033
v 0.178196051 0.55875 0.209321145
v 0.253071145 0.55875 0.134446051
v 0.344774033 0.55875 0.0815013646
v 0.447055313 0.55875 0.0540951781
v 0.552944687 0.55875 0.0540951781
v 0.655225967 0.55875 0.0815013646
v 0.746928855 0.55875 0.134446051
v 0.821803949 0.55875 0.209321145
v 0.874748635 0.55875 0.301024033
v 0.902154822 0.55875 0.403305313
v 0.902154822 0.561875 0.509194687
v 0.874748635 0.561875 0.611475967
v 0.821803949 0.561875 0.703178855
v 0.746928855 0.561875 0.778053949
v 0.655225967 0.561875 0.830998635
v 0.552944687 0.561875 0.858404822
v 0.447055313 0.561875 0.858404822
v 0.344774033 0.561875 0.830998635
v 0.253071145 0.561875 0.778053949
v 0.178196051 0.561875 0.703178855
v 0.125251365 0.561875 0.611475967
v 0.0978451781 0.561875 0.509194687
v 0.0978451781 0.561875 0.403305313
v 0.125251365 0.561875 0.301024033
v 0.178196051 0.561875 0.209321145
v 0.253071145 0.561875 0.134446051
v 0.344774033 0.561875 0.0815013646
v 0.447055313 0.561875 0.0540951781
v 0.552944687 0.561875 0.0540951781
v 0.655225967 0.561875 0.0815013646
v 0.746928855 0.561875 0.134446051
v 0.821803949 0.561875 0.209321145
v 0.874748635 0.561875 0.301024033
v 0.902154822 0.561875 0.403305313
v 0.881706272 0.561875 0.506502584
v 0.85569362 0.561875 0.603583121
v 0.805441036 0.561875 0.69062315
v 0.73437315 0.561875 0.761691036
v 0.647333121 0.561875 0.81194362
v 0.550252584 0.561875 0.837956272
v 0.449747416 0.561875 0.837956272
v 0.352666879 0.561875 0.81194362
v 0.26562685 0.561875 0.761691036
v 0.194558964 0.561875 0.69062315
v 0.14430638 0.561875 0.603583121
v 0.118293728 0.561875 0.506502584
v 0.118293728 0.561875 0.405997416
v 0.14430638 0.561875 0.308916879
v 0.194558964 0.561875 0.22187685
v 0.26562685 0.561875 0.150808964
v 0.352666879 0.561875 0.10055638
v 0.449747416 0.561875 0.0745437284
v 0.550252584 0.561875 0.0745437284
v 0.647333121 0.561875 0.10055638
v 0.73437315 0.561875 0.150808964
v 0.805441036 0.561875 0.22187685
v 0.85569362 0.561875 0.308916879
v 0.881706272 0.561875 0.405997416
v 0.881706272 0.55875 0.506502584
v 0.85569362 0.55875 0.603583121
v 0.805441036 0.55875 0.69062315
v 0.73437315 0.55875 0.761691036
v 0.647333121 0.55875 0.81194362
v 0.550252584 0.55875 0.837956272
v 0.449747416 0.55875 0.837956272
v 0.352666879 0.55875 0.81194362
v 0.26562685 0.55875 0.761691036
v 0.194558964 0.55875 0.69062315
v 0.14430638 0.55875 0.603583121
v 0.118293728 0.55875 0.506502584
v 0.118293728 0.55875 0.405997416
v 0.14430638 0.55875 0.308916879
v 0.194558964 0.55875 0.22187685
v 0.26562685 0.55875 0.150808964
v 0.352666879 0.55875 0.10055638
v 0.449747416 0.55875 0.0745437284
v 0.550252584 0.55875 0.0745437284
v 0.647333121 0.55875 0.10055638
v 0.73437315 0.55875 0.150808964
v 0.805441036 0.55875 0.22187685
v 0.85569362 0.55875 0.308916879
v 0.881706272 0.55875 0.405997416
v 0.853202232 0.534375 0.502749956
v 0.829132083 0.534375 0.592580973
v 0.782632127 0.534375 0.673121259
v 0.716871259 0.534375 0.738882127
v 0.636330973 0.534375 0.785382083
v 0.546499956 0.534375 0.809452232
v 0.453500044 0.534375 0.809452232
v 0.363669027 0.534375 0.785382083
v 0.283128741 0.534375 0.738882127
v 0.217367873 0.534375 0.673121259
v 0.170867917 0.534375 0.592580973
v 0.146797768 0.534375 0.502749956
v 0.146797768 0.534375 0.409750044
v 0.170867917 0.534375 0.319919027
v 0.217367873 0.534375 0.239378741
v 0.283128741 0.534375 0.173617873
v 0.363669027 0.534375 0.127117917
v 0.453500044 0.534375 0.103047768
v 0.546499956 0.534375 0.103047768
v 0.636330973 0.534375 0.127117917
v 0.716871259 0.534375 0.173617873
v 0.782632127 0.534375 0.239378741
v 0.829132083 0.534375 0.319919027
v 0.853202232 0.534375 0.409750044
v 0.862497027 0.54375 0.503973639
v 0.837793454 0.54375 0.59616863
v 0.790069815 0.54375 0.678828397
v 0.722578397 0.54375 0.746319815
v 0.63991863 0.54375 0.794043454
v 0.547723639 0.54375 0.818747027
v 0.452276361 0.54375 0.818747027
v 0.36008137 0.54375 0.794043454
v 0.277421603 0.54375 0.746319815
v 0.209930185 0.54375 0.678828397
v 0.162206546 0.54375 0.59616863
v 0.137502973 0.54375 0.503973639
v 0.137502973 0.54375 0.408526361
v 0.162206546 0.54375 0.31633137
v 0.209930185 0.54375 0.233671603
v 0.277421603 0.54375 0.166180185
v 0.36008137 0.54375 0.118456546
v 0.452276361 0.54375 0.0937529726
v 0.547723639 0.54375 0.0937529726
v 0.63991863 0.54375 0.118456546
v 0.722578397 0.54375 0.166180185
v 0.790069815 0.54375 0.233671603
v 0.837793454 0.54375 0.31633137
v 0.862497027 0.54375 0.408526361
v 0.862497027 0.553125 0.503973639
v 0.837793454 0.553125 0.59616863
v 0.790069815 0.553125 0.678828397
v 0.722578397 0.553125 0.746319815
v 0.63991863 0.553125 0.794043454
v 0.547723639 0.553125 0.818747027
v 0.452276361 0.553125 0.818747027
v 0.36008137 0.553125 0.794043454
v 0.277421603 0.553125 0.746319815
v 0.209930185 0.553125 0.678828397
v 0.162206546 0.553125 0.59616863
v 0.137502973 0.553125 0.503973639
v 0.137502973 0.553125 0.408526361
v 0.162206546 0.553125 0.31633137
v 0.209930185 0.553125 0.233671603
v 0.277421603 0.553125 0.166180185
v 0.36008137 0.553125 0.118456546
v 0.452276361 0.553125 0.0937529726
v 0.547723639 0.553125 0.0937529726
v 0.63991863 0.553125 0.118456546
v 0.722578397 0.553125 0.166180185
v 0.790069815 0.553125 0.233671603
v 0.837793454 0.553125 0.31633137
v 0.862497027 0.553125 0.408526361
v 0.853202232 0.5625 0.502749956
v 0.829132083 0.5625 0.592580973
v 0.782632127 0.5625 0.673121259
v 0.716871259 0.5625 0.738882127
v 0.636330973 0.5625 0.785382083
v 0.546499956 0.5625 0.809452232
v 0.453500044 0.5625 0.809452232
v 0.363669027 0.5625 0.785382083
v 0.283128741 0.5625 0.738882127
v 0.217367873 0.5625 0.673121259
v 0.170867917 0.5625 0.592580973
v 0.146797768 0.5625 0.502749956
v 0.146797768 0.5625 0.409750044
v 0.170867917 0.5625 0.319919027
v 0.217367873 0.5625 0.239378741
v 0.283128741 0.5625 0.173617873
v 0.363669027 0.5625 0.127117917
v 0.453500044 0.5625 0.103047768
v 0.546499956 0.5625 0.103047768
v 0.636330973 0.5625 0.127117917
v 0.716871259 0.5625 0.173617873
v 0.782632127 0.5625 0.239378741
v 0.829132083 0.5625 0.319919027
v 0.853202232 0.5625 0.409750044
v 0.5 0.534375 0.45625
v 0.5 0.5625 0.45625
v 0.1984375 0.1875 0.014375
v 0.8015625 0.1875 0.014375
v 0.8025 0.1875 0.0153125
v 0.8025 0.1875 0.0196875
v 0.8015625 0.1875 0.020625
v 0.1984375 0.1875 0.020625
v 0.1975 0.1875 0.0196875
v 0.1975 0.1875 0.0153125
v 0.1984375 0.188125 0.01375
v 0.8015625 0.188125 0.01375
v 0.803125 0.188125 0.0153125
v 0.803125 0.188125 0.0196875
v 0.8015625 0.188125 0.02125
v 0.1984375 0.188125 0.02125
v 0.196875 0.188125 0.0196875
v 0.196875 0.188125 0.0153125
v 0.1984375 0.349375 0.01375
v 0.8015625 0.349375 0.01375
v 0.803125 0.349375 0.0153125
v 0.803125 0.349375 0.0196875
v 0.8015625 0.349375 0.02125
v 0.1984375 0.349375 0.02125
v 0.196875 0.349375 0.0196875
v 0.196875 0.349375 0.0153125
v 0.1984375 0.35 0.014375
v 0.8015625 0.35 0.014375
v 0.8025 0.35 0.0153125
v 0.8025 0.35 0.0196875
v 0.8015625 0.35 0.020625
v 0.1984375 0.35 0.020625
v 0.1975 0.35 0.0196875
v 0.1975 0.35 0.0153125
v 0.5 0.1875 0.0175
v 0.5 0.35 0.0175
v 0.1475 0.0625 0.0140625
v 0.8525 0.0625 0.0140625
v 0.8546875 0.0625 0.01625
v 0.8546875 0.0625 0.02125
v 0.8525 0.0625 0.0234375
v 0.1475 0.0625 0.0234375
v 0.1453125 0.0625 0.02125
v 0.1453125 0.0625 0.01625
v 0.1475 0.0640625 0.0125
v 0.8525 0.0640625 0.0125
v 0.85625 0.0640625 0.01625
v 0.85625 0.0640625 0.02125
v 0.8525 0.0640625 0.025
v 0.1475 0.0640625 0.025
v 0.14375 0.0640625 0.02125
v 0.14375 0.0640625 0.01625
v 0.1475 0.0984375 0.0125
v 0.8525 0.0984375 0.0125
v 0.85625 0.0984375 0.01625
v 0.85625 0.0984375 0.02125
v 0.8525 0.0984375 0.025
v 0.1475 0.0984375 0.025
v 0.14375 0.0984375 0.02125
v 0.14375 0.0984375 0.01625
v 0.1475 0.1 0.0140625
v 0.8525 0.1 0.0140625
v 0.8546875 0.1 0.01625
v 0.8546875 0.1 0.02125
v 0.8525 0.1 0.0234375
v 0.1475 0.1 0.0234375
v 0.1453125 0.1 0.02125
v 0.1453125 0.1 0.01625
v 0.5 0.0625 0.01875
v 0.5 0.1 0.01875
v 0.9125 0.556875 0.448125
v 0.925 0.556875 0.448125
v 0.926875 0.556875 0.45
v 0.926875 0.556875 0.4625
v 0.925 0.556875 0.464375
v 0.9125 0.556875 0.464375
v 0.910625 0.556875 0.4625
v 0.910625 0.556875 0.45
v 0.9125 0.5575 0.4475
v 0.925 0.5575 0.4475
v 0.9275 0.5575 0.45
v 0.9275 0.5575 0.4625
v 0.925 0.5575 0.465
v 0.9125 0.5575 0.465
v 0.91 0.5575 0.4625
v 0.91 0.5575 0.45
v 0.9125 0.559375 0.4475
v 0.925 0.559375 0.4475
v 0.9275 0.559375 0.45
v 0.9275 0.559375 0.4625
v 0.925 0.559375 0.465
v 0.9125 0.559375 0.465
v 0.91 0.559375 0.4625
v 0.91 0.559375 0.45
v 0.9125 0.56 0.448125
v 0.925 0.56 0.448125
v 0.926875 0.56 0.45
v 0.926875 0.56 0.4625
v 0.925 0.56 0.464375
v 0.9125 0.56 0.464375
v 0.910625 0.56 0.4625
v 0.910625 0.56 0.45
v 0.91875 0.556875 0.45625
v 0.91875 0.56 0.45625
v 0.856398138 0.556875 0.6575
v 0.868898138 0.556875 0.6575
v 0.870773138 0.556875 0.659375
v 0.870773138 0.556875 0.671875
v 0.868898138 0.556875 0.67375
v 0.856398138 0.556875 0.67375
v 0.854523138 0.556875 0.671875
v 0.854523138 0.556875 0.659375
v 0.856398138 0.5575 0.656875
v 0.868898138 0.5575 0.656875
v 0.871398138 0.5575 0.659375
v 0.871398138 0.5575 0.671875
v 0.868898138 0.5575 0.674375
v 0.856398138 0.5575 0.674375
v 0.853898138 0.5575 0.671875
v 0.853898138 0.5575 0.659375
v 0.856398138 0.559375 0.656875
v 0.868898138 0.559375 0.656875
v 0.871398138 0.559375 0.659375
v 0.871398138 0.559375 0.671875
v 0.868898138 0.559375 0.674375
v 0.856398138 0.559375 0.674375
v 0.853898138 0.559375 0.671875
v 0.853898138 0.559375 0.659375
v 0.856398138 0.56 0.6575
v 0.868898138 0.56 0.6575
v 0.870773138 0.56 0.659375
v 0.870773138 0.56 0.671875
v 0.868898138 0.56 0.67375
v 0.856398138 0.56 0.67375
v 0.854523138 0.56 0.671875
v 0.854523138 0.56 0.659375
v 0.862648138 0.556875 0.665625
v 0.862648138 0.56 0.665625
v 0.703125 0.556875 0.810773138
v 0.715625 0.556875 0.810773138
v 0.7175 0.556875 0.812648138
v 0.7175 0.556875 0.825148138
v 0.715625 0.556875 0.827023138
v 0.703125 0.556875 0.827023138
v 0.70125 0.556875 0.825148138
v 0.70125 0.556875 0.812648138
v 0.703125 0.5575 0.810148138
v 0.715625 0.5575 0.810148138
v 0.718125 0.5575 0.812648138
v 0.718125 0.5575 0.825148138
v 0.715625 0.5575 0.827648138
v 0.703125 0.5575 0.827648138
v 0.700625 0.5575 0.825148138
v 0.700625 0.5575 0.812648138
v 0.703125 0.559375 0.810148138
v 0.715625 0.559375 0.810148138
v 0.718125 0.559375 0.812648138
v 0.718125 0.559375 0.825148138
v 0.715625 0.559375 0.827648138
v 0.703125 0.559375 0.827648138
v 0.700625 0.559375 0.825148138
v 0.700625 0.559375 0.812648138
v 0.703125 0.56 0.810773138
v 0.715625 0.56 0.810773138
v 0.7175 0.56 0.812648138
v 0.7175 0.56 0.825148138
v 0.715625 0.56 0.827023138
v 0.703125 0.56 0.827023138
v 0.70125 0.56 0.825148138
v 0.70125 0.56 0.812648138
v 0.709375 0.556875 0.818898138
v 0.709375 0.56 0.818898138
v 0.49375 0.556875 0.866875
v 0.50625 0.556875 0.866875
v 0.508125 0.556875 0.86875
v 0.508125 0.556875 0.88125
v 0.50625 0.556875 0.883125
v 0.49375 0.556875 0.883125
v 0.491875 0.556875 0.88125
v 0.491875 0.556875 0.86875
v 0.49375 0.5575 0.86625
v 0.50625 0.5575 0.86625
v 0.50875 0.5575 0.86875
v 0.50875 0.5575 0.88125
v 0.50625 0.5575 0.88375
v 0.49375 0.5575 0.88375
v 0.49125 0.5575 0.88125
v 0.49125 0.5575 0.86875
v 0.49375 0.559375 0.86625
v 0.50625 0.559375 0.86625
v 0.50875 0.559375 0.86875
v 0.50875 0.559375 0.88125
v 0.50625 0.559375 0.88375
v 0.49375 0.559375 0.88375
v 0.49125 0.559375 0.88125
v 0.49125 0.559375 0.86875
v 0.49375 0.56 0.866875
v 0.50625 0.56 0.866875
v 0.508125 0.56 0.86875
v 0.508125 0.56 0.88125
v 0.50625 0.56 0.883125
v 0.49375 0.56 0.883125
v 0.491875 0.56 0.88125
v 0.491875 0.56 0.86875
v 0.5 0.556875 0.875
v 0.5 0.56 0.875
v 0.284375 0.556875 0.810773138
v 0.296875 0.556875 0.810773138
v 0.29875 0.556875 0.812648138
v 0.29875 0.556875 0.825148138
v 0.296875 0.556875 0.827023138
v 0.284375 0.556875 0.827023138
v 0.2825 0.556875 0.825148138
v 0.2825 0.556875 0.812648138
v 0.284375 0.5575 0.810148138
v 0.296875 0.5575 0.810148138
v 0.299375 0.5575 0.812648138
v 0.299375 0.5575 0.825148138
v 0.296875 0.5575 0.827648138
v 0.284375 0.5575 0.827648138
v 0.281875 0.5575 0.825148138
v 0.281875 0.5575 0.812648138
v 0.284375 0.559375 0.810148138
v 0.296875 0.559375 0.810148138
v 0.299375 0.559375 0.812648138
v 0.299375 0.559375 0.825148138
v 0.296875 0.559375 0.827648138
v 0.284375 0.559375 0.827648138
v 0.281875 0.559375 0.825148138
v 0.281875 0.559375 0.812648138
v 0.284375 0.56 0.810773138
v 0.296875 0.56 0.810773138
v 0.29875 0.56 0.812648138
v 0.29875 0.56 0.825148138
v 0.296875 0.56 0.827023138
v 0.284375 0.56 0.827023138
v 0.2825 0.56 0.825148138
v 0.2825 0.56 0.812648138
v 0.290625 0.556875 0.818898138
v 0.290625 0.56 0.818898138
v 0.131101862 0.556875 0.6575
v 0.143601862 0.556875 0.6575
v 0.145476862 0.556875 0.659375
v 0.145476862 0.556875 0.671875
v 0.143601862 0.556875 0.67375
v 0.131101862 0.556875 0.67375
v 0.129226862 0.556875 0.671875
v 0.129226862 0.556875 0.659375
v 0.131101862 0.5575 0.656875
v 0.143601862 0.5575 0.656875
v 0.146101862 0.5575 0.659375
v 0.146101862 0.5575 0.671875
v 0.143601862 0.5575 0.674375
v 0.131101862 0.5575 0.674375
v 0.128601862 0.5575 0.671875
v 0.128601862 0.5575 0.659375
v 0.131101862 0.559375 0.656875
v 0.143601862 0.559375 0.656875
v 0.146101862 0.559375 0.659375
v 0.146101862 0.559375 0.671875
v 0.143601862 0.559375 0.674375
v 0.131101862 0.559375 0.674375
v 0.128601862 0.559375 0.671875
v 0.128601862 0.559375 0.659375
v 0.131101862 0.56 0.6575
v 0.143601862 0.56 0.6575
v 0.145476862 0.56 0.659375
v 0.145476862 0.56 0.671875
v 0.143601862 0.56 0.67375
v 0.131101862 0.56 0.67375
v 0.129226862 0.56 0.671875
v 0.129226862 0.56 0.659375
v 0.137351862 0.556875 0.665625
v 0.137351862 0.56 0.665625
v 0.075 0.556875 0.448125
v 0.0875 0.556875 0.448125
v 0.089375 0.556875 0.45
v 0.089375 0.556875 0.4625
v 0.0875 0.556875 0.464375
v 0.075 0.556875 0.464375
v 0.073125 0.556875 0.4625
v 0.073125 0.556875 0.45
v 0.075 0.5575 0.4475
v 0.0875 0.5575 0.4475
v 0.09 0.5575 0.45
v 0.09 0.5575 0.4625
v 0.0875 0.5575 0.465
v 0.075 0.5575 0.465
v 0.0725 0.5575 0.4625
v 0.0725 0.5575 0.45
v 0.075 0.559375 0.4475
v 0.0875 0.559375 0.4475
v 0.09 0.559375 0.45
v 0.09 0.559375 0.4625
v 0.0875 0.559375 0.465
v 0.075 0.559375 0.465
v 0.0725 0.559375 0.4625
v 0.0725 0.559375 0.45
v 0.075 0.56 0.448125
v 0.0875 0.56 0.448125
v 0.089375 0.56 0.45
v 0.089375 0.56 0.4625
v 0.0875 0.56 0.464375
v 0.075 0.56 0.464375
v 0.073125 0.56 0.4625
v 0.073125 0.56 0.45
v 0.08125 0.556875 0.45625
v 0.08125 0.56 0.45625
v 0.131101862 0.556875 0.23875
v 0.143601862 0.556875 0.23875
v 0.145476862 0.556875 0.240625
v 0.145476862 0.556875 0.253125
v 0.143601862 0.556875 0.255
v 0.131101862 0.556875 0.255
v 0.129226862 0.556875 0.253125
v 0.129226862 0.556875 0.240625
v 0.131101862 0.5575 0.238125
v 0.143601862 0.5575 0.238125
v 0.146101862 0.5575 0.240625
v 0.146101862 0.5575 0.253125
v 0.143601862 0.5575 0.255625
v 0.131101862 0.5575 0.255625
v 0.128601862 0.5575 0.253125
v 0.128601862 0.5575 0.240625
v 0.131101862 0.559375 0.238125
v 0.143601862 0.559375 0.238125
v 0.146101862 0.559375 0.240625
v 0.146101862 0.559375 0.253125
v 0.143601862 0.559375 0.255625
v 0.131101862 0.559375 0.255625
v 0.128601862 0.559375 0.253125
v 0.128601862 0.559375 0.240625
v 0.131101862 0.56 0.23875
v 0.143601862 0.56 0.23875
v 0.145476862 0.56 0.240625
v 0.145476862 0.56 0.253125
v 0.143601862 0.56 0.255
v 0.131101862 0.56 0.255
v 0.129226862 0.56 0.253125
v 0.129226862 0.56 0.240625
v 0.137351862 0.556875 0.246875
v 0.137351862 0.56 0.246875
v 0.284375 0.556875 0.0854768622
v 0.296875 0.556875 0.0854768622
v 0.29875 0.556875 0.0873518622
v 0.29875 0.556875 0.0998518622
v 0.296875 0.556875 0.101726862
v 0.284375 0.556875 0.101726862
v 0.2825 0.556875 0.0998518622
v 0.2825 0.556875 0.0873518622
v 0.284375 0.5575 0.0848518622
v 0.296875 0.5575 0.0848518622
v 0.299375 0.5575 0.0873518622
v 0.299375 0.5575 0.0998518622
v 0.296875 0.5575 0.102351862
v 0.284375 0.5575 0.102351862
v 0.281875 0.5575 0.0998518622
v 0.281875 0.5575 0.0873518622
v 0.284375 0.559375 0.0848518622
v 0.296875 0.559375 0.0848518622
v 0.299375 0.559375 0.0873518622
v 0.299375 0.559375 0.0998518622
v 0.296875 0.559375 0.102351862
v 0.284375 0.559375 0.102351862
v 0.281875 0.559375 0.0998518622
v 0.281875 0.559375 0.0873518622
v 0.284375 0.56 0.0854768622
v 0.296875 0.56 0.0854768622
v 0.29875 0.56 0.0873518622
v 0.29875 0.56 0.0998518622
v 0.296875 0.56 0.101726862
v 0.284375 0.56 0.101726862
v 0.2825 0.56 0.0998518622
v 0.2825 0.56 0.0873518622
v 0.290625 0.556875 0.0936018622
v 0.290625 0.56 0.0936018622
v 0.49375 0.556875 0.029375
v 0.50625 0.556875 0.029375
v 0.508125 0.556875 0.03125
v 0.508125 0.556875 0.04375
v 0.50625 0.556875 0.045625
v 0.49375 0.556875 0.045625
v 0.491875 0.556875 0.04375
v 0.491875 0.556875 0.03125
v 0.49375 0.5575 0.02875
v 0.50625 0.5575 0.02875
v 0.50875 0.5575 0.03125
v 0.50875 0.5575 0.04375
v 0.50625 0.5575 0.04625
v 0.49375 0.5575 0.04625
v 0.49125 0.5575 0.04375
v 0.49125 0.5575 0.03125
v 0.49375 0.559375 0.02875
v 0.50625 0.559375 0.02875
v 0.50875 0.559375 0.03125
v 0.50875 0.559375 0.04375
v 0.50625 0.559375 0.04625
v 0.49375 0.559375 0.04625
v 0.49125 0.559375 0.04375
v 0.49125 0.559375 0.03125
v 0.49375 0.56 0.029375
v 0.50625 0.56 0.029375
v 0.508125 0.56 0.03125
v 0.508125 0.56 0.04375
v 0.50625 0.56 0.045625
v 0.49375 0.56 0.045625
v 0.491875 0.56 0.04375
v 0.491875 0.56 0.03125
v 0.5 0.556875 0.0375
v 0.5 0.56 0.0375
v 0.703125 0.556875 0.0854768622
v 0.715625 0.556875 0.0854768622
v 0.7175 0.556875 0.0873518622
v 0.7175 0.556875 0.0998518622
v 0.715625 0.556875 0.101726862
v 0.703125 0.556875 0.101726862
v 0.70125 0.556875 0.0998518622
v 0.70125 0.556875 0.0873518622
v 0.703125 0.5575 0.0848518622
v 0.715625 0.5575 0.0848518622
v 0.718125 0.5575 0.0873518622
v 0.718125 0.5575 0.0998518622
v 0.715625 0.5575 0.102351862
v 0.703125 0.5575 0.102351862
v 0.700625 0.5575 0.0998518622
v 0.700625 0.5575 0.0873518622
v 0.703125 0.559375 0.0848518622
v 0.715625 0.559375 0.0848518622
v 0.718125 0.559375 0.0873518622
v 0.718125 0.559375 0.0998518622
v 0.715625 0.559375 0.102351862
v 0.703125 0.559375 0.102351862
v 0.700625 0.559375 0.0998518622
v 0.700625 0.559375 0.0873518622
v 0.703125 0.56 0.0854768622
v 0.715625 0.56 0.0854768622
v 0.7175 0.56 0.0873518622
v 0.7175 0.56 0.0998518622
v 0.715625 0.56 0.101726862
v 0.703125 0.56 0.101726862
v 0.70125 0.56 0.0998518622
v 0.70125 0.56 0.0873518622
v 0.709375 0.556875 0.0936018622
v 0.709375 0.56 0.0936018622
v 0.856398138 0.556875 0.23875
v 0.868898138 0.556875 0.23875
v 0.870773138 0.556875 0.240625
v 0.870773138 0.556875 0.253125
v 0.868898138 0.556875 0.255
v 0.856398138 0.556875 0.255
v 0.854523138 0.556875 0.253125
v 0.854523138 0.556875 0.240625
v 0.856398138 0.5575 0.238125
v 0.868898138 0.5575 0.238125
v 0.871398138 0.5575 0.240625
v 0.871398138 0.5575 0.253125
v 0.868898138 0.5575 0.255625
v 0.856398138 0.5575 0.255625
v 0.853898138 0.5575 0.253125
v 0.853898138 0.5575 0.240625
v 0.856398138 0.559375 0.238125
v 0.868898138 0.559375 0.238125
v 0.871398138 0.559375 0.240625
v 0.871398138 0.559375 0.253125
v 0.868898138 0.559375 0.255625
v 0.856398138 0.559375 0.255625
v 0.853898138 0.559375 0.253125
v 0.853898138 0.559375 0.240625
v 0.856398138 0.56 0.23875
v 0.868898138 0.56 0.23875
v 0.870773138 0.56 0.240625
v 0.870773138 0.56 0.253125
v 0.868898138 0.56 0.255
v 0.856398138 0.56 0.255
v 0.854523138 0.56 0.253125
v 0.854523138 0.56 0.240625
v 0.862648138 0.556875 0.246875
v 0.862648138 0.56 0.246875
v 0.098125 0.48125 0.840625
v 0.901875 0.48125 0.840625
v 0.921875 0.48125 0.860625
v 0.921875 0.48125 0.970625
v 0.901875 0.48125 0.990625
v 0.098125 0.48125 0.990625
v 0.078125 0.48125 0.970625
v 0.078125 0.48125 0.860625
v 0.098125 0.48125 0.840625
v 0.901875 0.48125 0.840625
v 0.921875 0.48125 0.860625
v 0.921875 0.48125 0.970625
v 0.901875 0.48125 0.990625
v 0.098125 0.48125 0.990625
v 0.078125 0.48125 0.970625
v 0.078125 0.48125 0.860625
v 0.098125 1 0.840625
v 0.901875 1 0.840625
v 0.921875 1 0.860625
v 0.921875 1 0.970625
v 0.901875 1 0.990625
v 0.098125 1 0.990625
v 0.078125 1 0.970625
v 0.078125 1 0.860625
v 0.098125 1 0.840625
v 0.901875 1 0.840625
v 0.921875 1 0.860625
v 0.921875 1 0.970625
v 0.901875 1 0.990625
v 0.098125 1 0.990625
v 0.078125 1 0.970625
v 0.078125 1 0.860625
v 0.5 0.48125 0.915625
v 0.5 1 0.915625
v 0.196875 0.48375 0.82625
v 0.803125 0.48375 0.82625
v 0.809375 0.48375 0.8325
v 0.809375 0.48375 0.83625
v 0.803125 0.48375 0.8425
v 0.196875 0.48375 0.8425
v 0.190625 0.48375 0.83625
v 0.190625 0.48375 0.8325
v 0.196875 0.48375 0.82625
v 0.803125 0.48375 0.82625
v 0.809375 0.48375 0.8325
v 0.809375 0.48375 0.83625
v 0.803125 0.48375 0.8425
v 0.196875 0.48375 0.8425
v 0.190625 0.48375 0.83625
v 0.190625 0.48375 0.8325
v 0.196875 1 0.82625
v 0.803125 1 0.82625
v 0.809375 1 0.8325
v 0.809375 1 0.83625
v 0.803125 1 0.8425
v 0.196875 1 0.8425
v 0.190625 1 0.83625
v 0.190625 1 0.8325
v 0.196875 1 0.82625
v 0.803125 1 0.82625
v 0.809375 1 0.8325
v 0.809375 1 0.83625
v 0.803125 1 0.8425
v 0.196875 1 0.8425
v 0.190625 1 0.83625
v 0.190625 1 0.8325
v 0.5 0.48375 0.834375
v 0.5 1 0.834375
v 0.13375 0.48375 0.820625
v 0.15375 0.48375 0.820625
v 0.159375 0.48375 0.82625
v 0.159375 0.48375 0.8375
v 0.15375 0.48375 0.843125
v 0.13375 0.48375 0.843125
v 0.128125 0.48375 0.8375
v 0.128125 0.48375 0.82625
v 0.13375 0.48375 0.820625
v 0.15375 0.48375 0.820625
v 0.159375 0.48375 0.82625
v 0.159375 0.48375 0.8375
v 0.15375 0.48375 0.843125
v 0.13375 0.48375 0.843125
v 0.128125 0.48375 0.8375
v 0.128125 0.48375 0.82625
v 0.13375 1 0.820625
v 0.15375 1 0.820625
v 0.159375 1 0.82625
v 0.159375 1 0.8375
v 0.15375 1 0.843125
v 0.13375 1 0.843125
v 0.128125 1 0.8375
v 0.128125 1 0.82625
v 0.13375 1 0.820625
v 0.15375 1 0.820625
v 0.159375 1 0.82625
v 0.159375 1 0.8375
v 0.15375 1 0.843125
v 0.13375 1 0.843125
v 0.128125 1 0.8375
v 0.128125 1 0.82625
v 0.14375 0.48375 0.831875
v 0.14375 1 0.831875
v 0.14 0.48375 0.81875
v 0.1475 0.48375 0.81875
v 0.1496875 0.48375 0.8209375
v 0.1496875 0.48375 0.8240625
v 0.1475 0.48375 0.82625
v 0.14 0.48375 0.82625
v 0.1378125 0.48375 0.8240625
v 0.1378125 0.48375 0.8209375
v 0.14 0.48375 0.81875
v 0.1475 0.48375 0.81875
v 0.1496875 0.48375 0.8209375
v 0.1496875 0.48375 0.8240625
v 0.1475 0.48375 0.82625
v 0.14 0.48375 0.82625
v 0.1378125 0.48375 0.8240625
v 0.1378125 0.48375 0.8209375
v 0.14 1 0.81875
v 0.1475 1 0.81875
v 0.1496875 1 0.8209375
v 0.1496875 1 0.8240625
v 0.1475 1 0.82625
v 0.14 1 0.82625
v 0.1378125 1 0.8240625
v 0.1378125 1 0.8209375
v 0.14 1 0.81875
v 0.1475 1 0.81875
v 0.1496875 1 0.8209375
v 0.1496875 1 0.8240625
v 0.1475 1 0.82625
v 0.14 1 0.82625
v 0.1378125 1 0.8240625
v 0.1378125 1 0.8209375
v 0.14375 0.48375 0.8225
v 0.14375 1 0.8225
v 0.824375 0.48375 0.820625
v 0.844375 0.48375 0.820625
v 0.85 0.48375 0.82625
v 0.85 0.48375 0.8375
v 0.844375 0.48375 0.843125
v 0.824375 0.48375 0.843125
v 0.81875 0.48375 0.8375
v 0.81875 0.48375 0.82625
v 0.824375 0.48375 0.820625
v 0.844375 0.48375 0.820625
v 0.85 0.48375 0.82625
v 0.85 0.48375 0.8375
v 0.844375 0.48375 0.843125
v 0.824375 0.48375 0.843125
v 0.81875 0.48375 0.8375
v 0.81875 0.48375 0.82625
v 0.824375 1 0.820625
v 0.844375 1 0.820625
v 0.85 1 0.82625
v 0.85 1 0.8375
v 0.844375 1 0.843125
v 0.824375 1 0.843125
v 0.81875 1 0.8375
v 0.81875 1 0.82625
v 0.824375 1 0.820625
v 0.844375 1 0.820625
v 0.85 1 0.82625
v 0.85 1 0.8375
v 0.844375 1 0.843125
v 0.824375 1 0.843125
v 0.81875 1 0.8375
v 0.81875 1 0.82625
v 0.834375 0.48375 0.831875
v 0.834375 1 0.831875
v 0.830625 0.48375 0.81875
v 0.838125 0.48375 0.81875
v 0.8403125 0.48375 0.8209375
v 0.8403125 0.48375 0.8240625
v 0.838125 0.48375 0.82625
v 0.830625 0.48375 0.82625
v 0.8284375 0.48375 0.8240625
v 0.8284375 0.48375 0.8209375
v 0.830625 0.48375 0.81875
v 0.838125 0.48375 0.81875
v 0.8403125 0.48375 0.8209375
v 0.8403125 0.48375 0.8240625
v 0.838125 0.48375 0.82625
v 0.830625 0.48375 0.82625
v 0.8284375 0.48375 0.8240625
v 0.8284375 0.48375 0.8209375
v 0.830625 1 0.81875
v 0.838125 1 0.81875
v 0.8403125 1 0.8209375
v 0.8403125 1 0.8240625
v 0.838125 1 0.82625
v 0.830625 1 0.82625
v 0.8284375 1 0.8240625
v 0.8284375 1 0.8209375
v 0.830625 1 0.81875
v 0.838125 1 0.81875
v 0.8403125 1 0.8209375
v 0.8403125 1 0.8240625
v 0.838125 1 0.82625
v 0.830625 1 0.82625
v 0.8284375 1 0.8240625
v 0.8284375 1 0.8209375
v 0.834375 0.48375 0.8225
v 0.834375 1 0.8225
v 0.101875 0.4575 0.726875
v 0.23875 0.4575 0.726875
v 0.2575 0.4575 0.745625
v 0.2575 0.4575 0.9525
v 0.23875 0.4575 0.97125
v 0.101875 0.4575 0.97125
v 0.083125 0.4575 0.9525
v 0.083125 0.4575 0.745625
v 0.091875 0.47125 0.709375
v 0.24875 0.47125 0.709375
v 0.275 0.47125 0.735625
v 0.275 0.47125 0.9625
v 0.24875 0.47125 0.98875
v 0.091875 0.47125 0.98875
v 0.065625 0.47125 0.9625
v 0.065625 0.47125 0.735625
v 0.091875 0.55375 0.709375
v 0.24875 0.55375 0.709375
v 0.275 0.55375 0.735625
v 0.275 0.55375 0.9625
v 0.24875 0.55375 0.98875
v 0.091875 0.55375 0.98875
v 0.065625 0.55375 0.9625
v 0.065625 0.55375 0.735625
v 0.096875 0.5675 0.721875
v 0.24375 0.5675 0.721875
v 0.2625 0.5675 0.740625
v 0.2625 0.5675 0.9575
v 0.24375 0.5675 0.97625
v 0.096875 0.5675 0.97625
v 0.078125 0.5675 0.9575
v 0.078125 0.5675 0.740625
v 0.1703125 0.4575 0.8490625
v 0.1703125 0.5675 0.8490625
v 0.289375 0.4575 0.8125
v 0.710625 0.4575 0.8125
v 0.729375 0.4575 0.83125
v 0.729375 0.4575 0.95375
v 0.710625 0.4575 0.9725
v 0.289375 0.4575 0.9725
v 0.270625 0.4575 0.95375
v 0.270625 0.4575 0.83125
v 0.279375 0.47125 0.795
v 0.720625 0.47125 0.795
v 0.746875 0.47125 0.82125
v 0.746875 0.47125 0.96375
v 0.720625 0.47125 0.99
v 0.279375 0.47125 0.99
v 0.253125 0.47125 0.96375
v 0.253125 0.47125 0.82125
v 0.279375 0.54375 0.795
v 0.720625 0.54375 0.795
v 0.746875 0.54375 0.82125
v 0.746875 0.54375 0.96375
v 0.720625 0.54375 0.99
v 0.279375 0.54375 0.99
v 0.253125 0.54375 0.96375
v 0.253125 0.54375 0.82125
v 0.284375 0.5575 0.8075
v 0.715625 0.5575 0.8075
v 0.734375 0.5575 0.82625
v 0.734375 0.5575 0.95875
v 0.715625 0.5575 0.9775
v 0.284375 0.5575 0.9775
v 0.265625 0.5575 0.95875
v 0.265625 0.5575 0.82625
v 0.5 0.4575 0.8925
v 0.5 0.5575 0.8925
v 0.76125 0.4575 0.726875
v 0.898125 0.4575 0.726875
v 0.916875 0.4575 0.745625
v 0.916875 0.4575 0.9525
v 0.898125 0.4575 0.97125
v 0.76125 0.4575 0.97125
v 0.7425 0.4575 0.9525
v 0.7425 0.4575 0.745625
v 0.75125 0.47125 0.709375
v 0.908125 0.47125 0.709375
v 0.934375 0.47125 0.735625
v 0.934375 0.47125 0.9625
v 0.908125 0.47125 0.98875
v 0.75125 0.47125 0.98875
v 0.725 0.47125 0.9625
v 0.725 0.47125 0.735625
v 0.75125 0.55375 0.709375
v 0.908125 0.55375 0.709375
v 0.934375 0.55375 0.735625
v 0.934375 0.55375 0.9625
v 0.908125 0.55375 0.98875
v 0.75125 0.55375 0.98875
v 0.725 0.55375 0.9625
v 0.725 0.55375 0.735625
v 0.75625 0.5675 0.721875
v 0.903125 0.5675 0.721875
v 0.921875 0.5675 0.740625
v 0.921875 0.5675 0.9575
v 0.903125 0.5675 0.97625
v 0.75625 0.5675 0.97625
v 0.7375 0.5675 0.9575
v 0.7375 0.5675 0.740625
v 0.8296875 0.4575 0.8490625
v 0.8296875 0.5675 0.8490625
v 0.098125 1 0.840625
v 0.901875 1 0.840625
v 0.921875 1 0.860625
v 0.921875 1 0.970625
v 0.901875 1 0.990625
v 0.098125 1 0.990625
v 0.078125 1 0.970625
v 0.078125 1 0.860625
v 0.098125 1 0.840625
v 0.901875 1 0.840625
v 0.921875 1 0.860625
v 0.921875 1 0.970625
v 0.901875 1 0.990625
v 0.098125 1 0.990625
v 0.078125 1 0.970625
v 0.078125 1 0.860625
v 0.098125 2 0.840625
v 0.901875 2 0.840625
v 0.921875 2 0.860625
v 0.921875 2 0.970625
v 0.901875 2 0.990625
v 0.098125 2 0.990625
v 0.078125 2 0.970625
v 0.078125 2 0.860625
v 0.098125 2 0.840625
v 0.901875 2 0.840625
v 0.921875 2 0.860625
v 0.921875 2 0.970625
v 0.901875 2 0.990625
v 0.098125 2 0.990625
v 0.078125 2 0.970625
v 0.078125 2 0.860625
v 0.5 1 0.915625
v 0.5 2 0.915625
v 0.196875 1 0.82625
v 0.803125 1 0.82625
v 0.809375 1 0.8325
v 0.809375 1 0.83625
v 0.803125 1 0.8425
v 0.196875 1 0.8425
v 0.190625 1 0.83625
v 0.190625 1 0.8325
v 0.196875 1 0.82625
v 0.803125 1 0.82625
v 0.809375 1 0.8325
v 0.809375 1 0.83625
v 0.803125 1 0.8425
v 0.196875 1 0.8425
v 0.190625 1 0.83625
v 0.190625 1 0.8325
v 0.196875 2 0.82625
v 0.803125 2 0.82625
v 0.809375 2 0.8325
v 0.809375 2 0.83625
v 0.803125 2 0.8425
v 0.196875 2 0.8425
v 0.190625 2 0.83625
v 0.190625 2 0.8325
v 0.196875 2 0.82625
v 0.803125 2 0.82625
v 0.809375 2 0.8325
v 0.809375 2 0.83625
v 0.803125 2 0.8425
v 0.196875 2 0.8425
v 0.190625 2 0.83625
v 0.190625 2 0.8325
v 0.5 1 0.834375
v 0.5 2 0.834375
v 0.13375 1 0.820625
v 0.15375 1 0.820625
v 0.159375 1 0.82625
v 0.159375 1 0.8375
v 0.15375 1 0.843125
v 0.13375 1 0.843125
v 0.128125 1 0.8375
v 0.128125 1 0.82625
v 0.13375 1 0.820625
v 0.15375 1 0.820625
v 0.159375 1 0.82625
v 0.159375 1 0.8375
v 0.15375 1 0.843125
v 0.13375 1 0.843125
v 0.128125 1 0.8375
v 0.128125 1 0.82625
v 0.13375 2 0.820625
v 0.15375 2 0.820625
v 0.159375 2 0.82625
v 0.159375 2 0.8375
v 0.15375 2 0.843125
v 0.13375 2 0.843125
v 0.128125 2 0.8375
v 0.128125 2 0.82625
v 0.13375 2 0.820625
v 0.15375 2 0.820625
v 0.159375 2 0.82625
v 0.159375 2 0.8375
v 0.15375 2 0.843125
v 0.13375 2 0.843125
v 0.128125 2 0.8375
v 0.128125 2 0.82625
v 0.14375 1 0.831875
v 0.14375 2 0.831875
v 0.14 1 0.81875
v 0.1475 1 0.81875
v 0.1496875 1 0.8209375
v 0.1496875 1 0.8240625
v 0.1475 1 0.82625
v 0.14 1 0.82625
v 0.1378125 1 0.8240625
v 0.1378125 1 0.8209375
v 0.14 1 0.81875
v 0.1475 1 0.81875
v 0.1496875 1 0.8209375
v 0.1496875 1 0.8240625
v 0.1475 1 0.82625
v 0.14 1 0.82625
v 0.1378125 1 0.8240625
v 0.1378125 1 0.8209375
v 0.14 2 0.81875
v 0.1475 2 0.81875
v 0.1496875 2 0.8209375
v 0.1496875 2 0.8240625
v 0.1475 2 0.82625
v 0.14 2 0.82625
v 0.1378125 2 0.8240625
v 0.1378125 2 0.8209375
v 0.14 2 0.81875
v 0.1475 2 0.81875
v 0.1496875 2 0.8209375
v 0.1496875 2 0.8240625
v 0.1475 2 0.82625
v 0.14 2 0.82625
v 0.1378125 2 0.8240625
v 0.1378125 2 0.8209375
v 0.14375 1 0.8225
v 0.14375 2 0.8225
v 0.824375 1 0.820625
v 0.844375 1 0.820625
v 0.85 1 0.82625
v 0.85 1 0.8375
v 0.844375 1 0.843125
v 0.824375 1 0.843125
v 0.81875 1 0.8375
v 0.81875 1 0.82625
v 0.824375 1 0.820625
v 0.844375 1 0.820625
v 0.85 1 0.82625
v 0.85 1 0.8375
v 0.844375 1 0.843125
v 0.824375 1 0.843125
v 0.81875 1 0.8375
v 0.81875 1 0.82625
v 0.824375 2 0.820625
v 0.844375 2 0.820625
v 0.85 2 0.82625
v 0.85 2 0.8375
v 0.844375 2 0.843125
v 0.824375 2 0.843125
v 0.81875 2 0.8375
v 0.81875 2 0.82625
v 0.824375 2 0.820625
v 0.844375 2 0.820625
v 0.85 2 0.82625
v 0.85 2 0.8375
v 0.844375 2 0.843125
v 0.824375 2 0.843125
v 0.81875 2 0.8375
v 0.81875 2 0.82625
v 0.834375 1 0.831875
v 0.834375 2 0.831875
v 0.830625 1 0.81875
v 0.838125 1 0.81875
v 0.8403125 1 0.8209375
v 0.8403125 1 0.8240625
v 0.838125 1 0.82625
v 0.830625 1 0.82625
v 0.8284375 1 0.8240625
v 0.8284375 1 0.8209375
v 0.830625 1 0.81875
v 0.838125 1 0.81875
v 0.8403125 1 0.8209375
v 0.8403125 1 0.8240625
v 0.838125 1 0.82625
v 0.830625 1 0.82625
v 0.8284375 1 0.8240625
v 0.8284375 1 0.8209375
v 0.830625 2 0.81875
v 0.838125 2 0.81875
v 0.8403125 2 0.8209375
v 0.8403125 2 0.8240625
v 0.838125 2 0.82625
v 0.830625 2 0.82625
v 0.8284375 2 0.8240625
v 0.8284375 2 0.8209375
v 0.830625 2 0.81875
v 0.838125 2 0.81875
v 0.8403125 2 0.8209375
v 0.8403125 2 0.8240625
v 0.838125 2 0.82625
v 0.830625 2 0.82625
v 0.8284375 2 0.8240625
v 0.8284375 2 0.8209375
v 0.834375 1 0.8225
v 0.834375 2 0.8225
v 0.27 1.4375 0.8096875
v 0.73 1.4375 0.8096875
v 0.7353125 1.4375 0.815
v 0.7353125 1.4375 0.83
v 0.73 1.4375 0.8353125
v 0.27 1.4375 0.8353125
v 0.2646875 1.4375 0.83
v 0.2646875 1.4375 0.815
v 0.27 1.4396875 0.8075
v 0.73 1.4396875 0.8075
v 0.7375 1.4396875 0.815
v 0.7375 1.4396875 0.83
v 0.73 1.4396875 0.8375
v 0.27 1.4396875 0.8375
v 0.2625 1.4396875 0.83
v 0.2625 1.4396875 0.815
v 0.27 1.8603125 0.8075
v 0.73 1.8603125 0.8075
v 0.7375 1.8603125 0.815
v 0.7375 1.8603125 0.83
v 0.73 1.8603125 0.8375
v 0.27 1.8603125 0.8375
v 0.2625 1.8603125 0.83
v 0.2625 1.8603125 0.815
v 0.27 1.8625 0.8096875
v 0.73 1.8625 0.8096875
v 0.7353125 1.8625 0.815
v 0.7353125 1.8625 0.83
v 0.73 1.8625 0.8353125
v 0.27 1.8625 0.8353125
v 0.2646875 1.8625 0.83
v 0.2646875 1.8625 0.815
v 0.5 1.4375 0.8225
v 0.5 1.8625 0.8225
v 0.7196875 1.843 0.805
v 0.2803125 1.45625 0.80575
v 0.7196875 1.45625 0.80575
v 0.721125 1.45625 0.8071875
v 0.721125 1.45625 0.8090625
v 0.7196875 1.45625 0.8105
v 0.2803125 1.45625 0.8105
v 0.278875 1.45625 0.8090625
v 0.278875 1.45625 0.8071875
v 0.2803125 1.457 0.805
v 0.7196875 1.457 0.805
v 0.721875 1.457 0.8071875
v 0.721875 1.457 0.8090625
v 0.7196875 1.457 0.81125
v 0.2803125 1.457 0.81125
v 0.278125 1.457 0.8090625
v 0.278125 1.457 0.8071875
v 0.2803125 1.843 0.805
v 0.721875 1.843 0.8071875
v 0.721875 1.843 0.8090625
v 0.7196875 1.843 0.81125
v 0.2803125 1.843 0.81125
v 0.278125 1.843 0.8090625
v 0.278125 1.843 0.8071875
v 0.2803125 1.84375 0.80575
v 0.7196875 1.84375 0.80575
v 0.721125 1.84375 0.8071875
v 0.721125 1.84375 0.8090625
v 0.7196875 1.84375 0.8105
v 0.2803125 1.84375 0.8105
v 0.278875 1.84375 0.8090625
v 0.278875 1.84375 0.8071875
v 0.5 1.45625 0.808125
v 0.5 1.84375 0.808125
v 0.3215625 1.075 0.8209375
v 0.6784375 1.075 0.8209375
v 0.6803125 1.075 0.8228125
v 0.6803125 1.075 0.8265625
v 0.6784375 1.075 0.8284375
v 0.3215625 1.075 0.8284375
v 0.3196875 1.075 0.8265625
v 0.3196875 1.075 0.8228125
v 0.3215625 1.0759375 0.82
v 0.6784375 1.0759375 0.82
v 0.68125 1.0759375 0.8228125
v 0.68125 1.0759375 0.8265625
v 0.6784375 1.0759375 0.829375
v 0.3215625 1.0759375 0.829375
v 0.31875 1.0759375 0.8265625
v 0.31875 1.0759375 0.8228125
v 0.3215625 1.2990625 0.82
v 0.6784375 1.2990625 0.82
v 0.68125 1.2990625 0.8228125
v 0.68125 1.2990625 0.8265625
v 0.6784375 1.2990625 0.829375
v 0.3215625 1.2990625 0.829375
v 0.31875 1.2990625 0.8265625
v 0.31875 1.2990625 0.8228125
v 0.3215625 1.3 0.8209375
v 0.6784375 1.3 0.8209375
v 0.6803125 1.3 0.8228125
v 0.6803125 1.3 0.8265625
v 0.6784375 1.3 0.8284375
v 0.3215625 1.3 0.8284375
v 0.3196875 1.3 0.8265625
v 0.3196875 1.3 0.8228125
v 0.5 1.075 0.8246875
v 0.5 1.3 0.8246875
v 0.098125 2 0.840625
v 0.901875 2 0.840625
v 0.921875 2 0.860625
v 0.921875 2 0.970625
v 0.901875 2 0.990625
v 0.098125 2 0.990625
v 0.078125 2 0.970625
v 0.078125 2 0.860625
v 0.098125 2 0.840625
v 0.901875 2 0.840625
v 0.921875 2 0.860625
v 0.921875 2 0.970625
v 0.901875 2 0.990625
v 0.098125 2 0.990625
v 0.078125 2 0.970625
v 0.078125 2 0.860625
v 0.098125 2.825 0.840625
v 0.901875 2.825 0.840625
v 0.921875 2.825 0.860625
v 0.921875 2.825 0.970625
v 0.901875 2.825 0.990625
v 0.098125 2.825 0.990625
v 0.078125 2.825 0.970625
v 0.078125 2.825 0.860625
v 0.098125 2.825 0.840625
v 0.901875 2.825 0.840625
v 0.921875 2.825 0.860625
v 0.921875 2.825 0.970625
v 0.901875 2.825 0.990625
v 0.098125 2.825 0.990625
v 0.078125 2.825 0.970625
v 0.078125 2.825 0.860625
v 0.5 2 0.915625
v 0.5 2.825 0.915625
v 0.196875 2 0.82625
v 0.803125 2 0.82625
v 0.809375 2 0.8325
v 0.809375 2 0.83625
v 0.803125 2 0.8425
v 0.196875 2 0.8425
v 0.190625 2 0.83625
v 0.190625 2 0.8325
v 0.196875 2 0.82625
v 0.803125 2 0.82625
v 0.809375 2 0.8325
v 0.809375 2 0.83625
v 0.803125 2 0.8425
v 0.196875 2 0.8425
v 0.190625 2 0.83625
v 0.190625 2 0.8325
v 0.196875 2.8225 0.82625
v 0.803125 2.8225 0.82625
v 0.809375 2.8225 0.8325
v 0.809375 2.8225 0.83625
v 0.803125 2.8225 0.8425
v 0.196875 2.8225 0.8425
v 0.190625 2.8225 0.83625
v 0.190625 2.8225 0.8325
v 0.196875 2.8225 0.82625
v 0.803125 2.8225 0.82625
v 0.809375 2.8225 0.8325
v 0.809375 2.8225 0.83625
v 0.803125 2.8225 0.8425
v 0.196875 2.8225 0.8425
v 0.190625 2.8225 0.83625
v 0.190625 2.8225 0.8325
v 0.5 2 0.834375
v 0.5 2.8225 0.834375
v 0.13375 2 0.820625
v 0.15375 2 0.820625
v 0.159375 2 0.82625
v 0.159375 2 0.8375
v 0.15375 2 0.843125
v 0.13375 2 0.843125
v 0.128125 2 0.8375
v 0.128125 2 0.82625
v 0.13375 2 0.820625
v 0.15375 2 0.820625
v 0.159375 2 0.82625
v 0.159375 2 0.8375
v 0.15375 2 0.843125
v 0.13375 2 0.843125
v 0.128125 2 0.8375
v 0.128125 2 0.82625
v 0.13375 2.8225 0.820625
v 0.15375 2.8225 0.820625
v 0.159375 2.8225 0.82625
v 0.159375 2.8225 0.8375
v 0.15375 2.8225 0.843125
v 0.13375 2.8225 0.843125
v 0.128125 2.8225 0.8375
v 0.128125 2.8225 0.82625
v 0.13375 2.8225 0.820625
v 0.15375 2.8225 0.820625
v 0.159375 2.8225 0.82625
v 0.159375 2.8225 0.8375
v 0.15375 2.8225 0.843125
v 0.13375 2.8225 0.843125
v 0.128125 2.8225 0.8375
v 0.128125 2.8225 0.82625
v 0.14375 2 0.831875
v 0.14375 2.8225 0.831875
v 0.14 2 0.81875
v 0.1475 2 0.81875
v 0.1496875 2 0.8209375
v 0.1496875 2 0.8240625
v 0.1475 2 0.82625
v 0.14 2 0.82625
v 0.1378125 2 0.8240625
v 0.1378125 2 0.8209375
v 0.14 2 0.81875
v 0.1475 2 0.81875
v 0.1496875 2 0.8209375
v 0.1496875 2 0.8240625
v 0.1475 2 0.82625
v 0.14 2 0.82625
v 0.1378125 2 0.8240625
v 0.1378125 2 0.8209375
v 0.14 2.8225 0.81875
v 0.1475 2.8225 0.81875
v 0.1496875 2.8225 0.8209375
v 0.1496875 2.8225 0.8240625
v 0.1475 2.8225 0.82625
v 0.14 2.8225 0.82625
v 0.1378125 2.8225 0.8240625
v 0.1378125 2.8225 0.8209375
v 0.14 2.8225 0.81875
v 0.1475 2.8225 0.81875
v 0.1496875 2.8225 0.8209375
v 0.1496875 2.8225 0.8240625
v 0.1475 2.8225 0.82625
v 0.14 2.8225 0.82625
v 0.1378125 2.8225 0.8240625
v 0.1378125 2.8225 0.8209375
v 0.14375 2 0.8225
v 0.14375 2.8225 0.8225
v 0.824375 2 0.820625
v 0.844375 2 0.820625
v 0.85 2 0.82625
v 0.85 2 0.8375
v 0.844375 2 0.843125
v 0.824375 2 0.843125
v 0.81875 2 0.8375
v 0.81875 2 0.82625
v 0.824375 2 0.820625
v 0.844375 2 0.820625
v 0.85 2 0.82625
v 0.85 2 0.8375
v 0.844375 2 0.843125
v 0.824375 2 0.843125
v 0.81875 2 0.8375
v 0.81875 2 0.82625
v 0.824375 2.8225 0.820625
v 0.844375 2.8225 0.820625
v 0.85 2.8225 0.82625
v 0.85 2.8225 0.8375
v 0.844375 2.8225 0.843125
v 0.824375 2.8225 0.843125
v 0.81875 2.8225 0.8375
v 0.81875 2.8225 0.82625
v 0.824375 2.8225 0.820625
v 0.844375 2.8225 0.820625
v 0.85 2.8225 0.82625
v 0.85 2.8225 0.8375
v 0.844375 2.8225 0.843125
v 0.824375 2.8225 0.843125
v 0.81875 2.8225 0.8375
v 0.81875 2.8225 0.82625
v 0.834375 2 0.831875
v 0.834375 2.8225 0.831875
v 0.830625 2 0.81875
v 0.838125 2 0.81875
v 0.8403125 2 0.8209375
v 0.8403125 2 0.8240625
v 0.838125 2 0.82625
v 0.830625 2 0.82625
v 0.8284375 2 0.8240625
v 0.8284375 2 0.8209375
v 0.830625 2 0.81875
v 0.838125 2 0.81875
v 0.8403125 2 0.8209375
v 0.8403125 2 0.8240625
v 0.838125 2 0.82625
v 0.830625 2 0.82625
v 0.8284375 2 0.8240625
v 0.8284375 2 0.8209375
v 0.830625 2.8225 0.81875
v 0.838125 2.8225 0.81875
v 0.8403125 2.8225 0.8209375
v 0.8403125 2.8225 0.8240625
v 0.838125 2.8225 0.82625
v 0.830625 2.8225 0.82625
v 0.8284375 2.8225 0.8240625
v 0.8284375 2.8225 0.8209375
v 0.830625 2.8225 0.81875
v 0.838125 2.8225 0.81875
v 0.8403125 2.8225 0.8209375
v 0.8403125 2.8225 0.8240625
v 0.838125 2.8225 0.82625
v 0.830625 2.8225 0.82625
v 0.8284375 2.8225 0.8240625
v 0.8284375 2.8225 0.8209375
v 0.834375 2 0.8225
v 0.834375 2.8225 0.8225
v 0.121875 2.725 0.61875
v 0.878125 2.725 0.61875
v 0.909375 2.725 0.65
v 0.909375 2.725 0.94375
v 0.878125 2.725 0.975
v 0.121875 2.725 0.975
v 0.090625 2.725 0.94375
v 0.090625 2.725 0.65
v 0.121875 2.7375 0.60625
v 0.878125 2.7375 0.60625
v 0.921875 2.7375 0.65
v 0.921875 2.7375 0.94375
v 0.878125 2.7375 0.9875
v 0.121875 2.7375 0.9875
v 0.078125 2.7375 0.94375
v 0.078125 2.7375 0.65
v 0.121875 2.9 0.60625
v 0.878125 2.9 0.60625
v 0.921875 2.9 0.65
v 0.921875 2.9 0.94375
v 0.878125 2.9 0.9875
v 0.121875 2.9 0.9875
v 0.078125 2.9 0.94375
v 0.078125 2.9 0.65
v 0.121875 2.9125 0.61875
v 0.878125 2.9125 0.61875
v 0.909375 2.9125 0.65
v 0.909375 2.9125 0.94375
v 0.878125 2.9125 0.975
v 0.121875 2.9125 0.975
v 0.090625 2.9125 0.94375
v 0.090625 2.9125 0.65
v 0.5 2.725 0.796875
v 0.5 2.9125 0.796875
v 0.940203182 2.71875 0.514203848
v 0.910204063 2.71875 0.626162086
v 0.852250214 2.71875 0.726541096
v 0.770291096 2.71875 0.808500214
v 0.669912086 2.71875 0.866454063
v 0.557953848 2.71875 0.896453182
v 0.442046152 2.71875 0.896453182
v 0.330087914 2.71875 0.866454063
v 0.229708904 2.71875 0.808500214
v 0.147749786 2.71875 0.726541096
v 0.0897959374 2.71875 0.626162086
v 0.0597968181 2.71875 0.514203848
v 0.0597968181 2.71875 0.398296152
v 0.0897959374 2.71875 0.286337914
v 0.147749786 2.71875 0.185958904
v 0.229708904 2.71875 0.103999786
v 0.330087914 2.71875 0.0460459374
v 0.442046152 2.71875 0.0160468181
v 0.557953848 2.71875 0.0160468181
v 0.669912086 2.71875 0.0460459374
v 0.770291096 2.71875 0.103999786
v 0.852250214 2.71875 0.185958904
v 0.910204063 2.71875 0.286337914
v 0.940203182 2.71875 0.398296152
v 0.949248453 2.728125 0.515394681
v 0.918632913 2.728125 0.62965343
v 0.859488232 2.728125 0.732095023
v 0.775845023 2.728125 0.815738232
v 0.67340343 2.728125 0.874882913
v 0.559144681 2.728125 0.905498453
v 0.440855319 2.728125 0.905498453
v 0.32659657 2.728125 0.874882913
v 0.224154977 2.728125 0.815738232
v 0.140511768 2.728125 0.732095023
v 0.0813670868 2.728125 0.62965343
v 0.0507515472 2.728125 0.515394681
v 0.0507515472 2.728125 0.397105319
v 0.0813670868 2.728125 0.28284657
v 0.140511768 2.728125 0.180404977
v 0.224154977 2.728125 0.0967617677
v 0.32659657 2.728125 0.0376170868
v 0.440855319 2.728125 0.00700154719
v 0.559144681 2.728125 0.00700154719
v 0.67340343 2.728125 0.0376170868
v 0.775845023 2.728125 0.0967617677
v 0.859488232 2.728125 0.180404977
v 0.918632913 2.728125 0.28284657
v 0.949248453 2.728125 0.397105319
v 0.949248453 2.95 0.515394681
v 0.918632913 2.95 0.62965343
v 0.859488232 2.95 0.732095023
v 0.775845023 2.95 0.815738232
v 0.67340343 2.95 0.874882913
v 0.559144681 2.95 0.905498453
v 0.440855319 2.95 0.905498453
v 0.32659657 2.95 0.874882913
v 0.224154977 2.95 0.815738232
v 0.140511768 2.95 0.732095023
v 0.0813670868 2.95 0.62965343
v 0.0507515472 2.95 0.515394681
v 0.0507515472 2.95 0.397105319
v 0.0813670868 2.95 0.28284657
v 0.140511768 2.95 0.180404977
v 0.224154977 2.95 0.0967617677
v 0.32659657 2.95 0.0376170868
v 0.440855319 2.95 0.00700154719
v 0.559144681 2.95 0.00700154719
v 0.67340343 2.95 0.0376170868
v 0.775845023 2.95 0.0967617677
v 0.859488232 2.95 0.180404977
v 0.918632913 2.95 0.28284657
v 0.949248453 2.95 0.397105319
v 0.940203182 2.959375 0.514203848
v 0.910204063 2.959375 0.626162086
v 0.852250214 2.959375 0.726541096
v 0.770291096 2.959375 0.808500214
v 0.669912086 2.959375 0.866454063
v 0.557953848 2.959375 0.896453182
v 0.442046152 2.959375 0.896453182
v 0.330087914 2.959375 0.866454063
v 0.229708904 2.959375 0.808500214
v 0.147749786 2.959375 0.726541096
v 0.0897959374 2.959375 0.626162086
v 0.0597968181 2.959375 0.514203848
v 0.0597968181 2.959375 0.398296152
v 0.0897959374 2.959375 0.286337914
v 0.147749786 2.959375 0.185958904
v 0.229708904 2.959375 0.103999786
v 0.330087914 2.959375 0.0460459374
v 0.442046152 2.959375 0.0160468181
v 0.557953848 2.959375 0.0160468181
v 0.669912086 2.959375 0.0460459374
v 0.770291096 2.959375 0.103999786
v 0.852250214 2.959375 0.185958904
v 0.910204063 2.959375 0.286337914
v 0.940203182 2.959375 0.398296152
v 0.5 2.71875 0.45625
v 0.5 2.959375 0.45625
v 0.902774475 2.95 0.509276266
v 0.87532606 2.95 0.611715144
v 0.822299794 2.95 0.703559331
v 0.747309331 2.95 0.778549794
v 0.655465144 2.95 0.83157606
v 0.553026266 2.95 0.859024475
v 0.446973734 2.95 0.859024475
v 0.344534856 2.95 0.83157606
v 0.252690669 2.95 0.778549794
v 0.177700206 2.95 0.703559331
v 0.12467394 2.95 0.611715144
v 0.0972255251 2.95 0.509276266
v 0.0972255251 2.95 0.403223734
v 0.12467394 2.95 0.300784856
v 0.177700206 2.95 0.208940669
v 0.252690669 2.95 0.133950206
v 0.344534856 2.95 0.0809239399
v 0.446973734 2.95 0.0534755251
v 0.553026266 2.95 0.0534755251
v 0.655465144 2.95 0.0809239399
v 0.747309331 2.95 0.133950206
v 0.822299794 2.95 0.208940669
v 0.87532606 2.95 0.300784856
v 0.902774475 2.95 0.403223734
v 0.912069271 2.959375 0.510499949
v 0.883987431 2.959375 0.615302802
v 0.829737482 2.959375 0.709266469
v 0.753016469 2.959375 0.785987482
v 0.659052802 2.959375 0.840237431
v 0.554249949 2.959375 0.868319271
v 0.445750051 2.959375 0.868319271
v 0.340947198 2.959375 0.840237431
v 0.246983531 2.959375 0.785987482
v 0.170262518 2.959375 0.709266469
v 0.116012569 2.959375 0.615302802
v 0.0879307295 2.959375 0.510499949
v 0.0879307295 2.959375 0.402000051
v 0.116012569 2.959375 0.297197198
v 0.170262518 2.959375 0.203233531
v 0.246983531 2.959375 0.126512518
v 0.340947198 2.959375 0.0722625693
v 0.445750051 2.959375 0.0441807295
v 0.554249949 2.959375 0.0441807295
v 0.659052802 2.959375 0.0722625693
v 0.753016469 2.959375 0.126512518
v 0.829737482 2.959375 0.203233531
v 0.883987431 2.959375 0.297197198
v 0.912069271 2.959375 0.402000051
v 0.912069271 2.9875 0.510499949
v 0.883987431 2.9875 0.615302802
v 0.829737482 2.9875 0.709266469
v 0.753016469 2.9875 0.785987482
v 0.659052802 2.9875 0.840237431
v 0.554249949 2.9875 0.868319271
v 0.445750051 2.9875 0.868319271
v 0.340947198 2.9875 0.840237431
v 0.246983531 2.9875 0.785987482
v 0.170262518 2.9875 0.709266469
v 0.116012569 2.9875 0.615302802
v 0.0879307295 2.9875 0.510499949
v 0.0879307295 2.9875 0.402000051
v 0.116012569 2.9875 0.297197198
v 0.170262518 2.9875 0.203233531
v 0.246983531 2.9875 0.126512518
v 0.340947198 2.9875 0.0722625693
v 0.445750051 2.9875 0.0441807295
v 0.554249949 2.9875 0.0441807295
v 0.659052802 2.9875 0.0722625693
v 0.753016469 2.9875 0.126512518
v 0.829737482 2.9875 0.203233531
v 0.883987431 2.9875 0.297197198
v 0.912069271 2.9875 0.402000051
v 0.902774475 2.996875 0.509276266
v 0.87532606 2.996875 0.611715144
v 0.822299794 2.996875 0.703559331
v 0.747309331 2.996875 0.778549794
v 0.655465144 2.996875 0.83157606
v 0.553026266 2.996875 0.859024475
v 0.446973734 2.996875 0.859024475
v 0.344534856 2.996875 0.83157606
v 0.252690669 2.996875 0.778549794
v 0.177700206 2.996875 0.703559331
v 0.12467394 2.996875 0.611715144
v 0.0972255251 2.996875 0.509276266
v 0.0972255251 2.996875 0.403223734
v 0.12467394 2.996875 0.300784856
v 0.177700206 2.996875 0.208940669
v 0.252690669 2.996875 0.133950206
v 0.344534856 2.996875 0.0809239399
v 0.446973734 2.996875 0.0534755251
v 0.553026266 2.996875 0.0534755251
v 0.655465144 2.996875 0.0809239399
v 0.747309331 2.996875 0.133950206
v 0.822299794 2.996875 0.208940669
v 0.87532606 2.996875 0.300784856
v 0.902774475 2.996875 0.403223734
v 0.5 2.95 0.45625
v 0.5 2.996875 0.45625
v 0.923223025 2.67 0.511968368
v 0.894381075 2.67 0.61960799
v 0.838662707 2.67 0.716115035
v 0.759865035 2.67 0.794912707
v 0.66335799 2.67 0.850631075
v 0.555718368 2.67 0.879473025
v 0.444281632 2.67 0.879473025
v 0.33664201 2.67 0.850631075
v 0.240134965 2.67 0.794912707
v 0.161337293 2.67 0.716115035
v 0.105618925 2.67 0.61960799
v 0.0767769748 2.67 0.511968368
v 0.0767769748 2.67 0.400531632
v 0.105618925 2.67 0.29289201
v 0.161337293 2.67 0.196384965
v 0.240134965 2.67 0.117587293
v 0.33664201 2.67 0.0618689246
v 0.444281632 2.67 0.0330269748
v 0.555718368 2.67 0.0330269748
v 0.66335799 2.67 0.0618689246
v 0.759865035 2.67 0.117587293
v 0.838662707 2.67 0.196384965
v 0.894381075 2.67 0.29289201
v 0.923223025 2.67 0.400531632
v 0.932517821 2.679375 0.513192051
v 0.903042446 2.679375 0.623195647
v 0.846100395 2.679375 0.721822173
v 0.765572173 2.679375 0.802350395
v 0.666945647 2.679375 0.859292446
v 0.556942051 2.679375 0.888767821
v 0.443057949 2.679375 0.888767821
v 0.333054353 2.679375 0.859292446
v 0.234427827 2.679375 0.802350395
v 0.153899605 2.679375 0.721822173
v 0.0969575539 2.679375 0.623195647
v 0.0674821792 2.679375 0.513192051
v 0.0674821792 2.679375 0.399307949
v 0.0969575539 2.679375 0.289304353
v 0.153899605 2.679375 0.190677827
v 0.234427827 2.679375 0.110149605
v 0.333054353 2.679375 0.0532075539
v 0.443057949 2.679375 0.0237321792
v 0.556942051 2.679375 0.0237321792
v 0.666945647 2.679375 0.0532075539
v 0.765572173 2.679375 0.110149605
v 0.846100395 2.679375 0.190677827
v 0.903042446 2.679375 0.289304353
v 0.932517821 2.679375 0.399307949
v 0.932517821 2.71875 0.513192051
v 0.903042446 2.71875 0.623195647
v 0.846100395 2.71875 0.721822173
v 0.765572173 2.71875 0.802350395
v 0.666945647 2.71875 0.859292446
v 0.556942051 2.71875 0.888767821
v 0.443057949 2.71875 0.888767821
v 0.333054353 2.71875 0.859292446
v 0.234427827 2.71875 0.802350395
v 0.153899605 2.71875 0.721822173
v 0.0969575539 2.71875 0.623195647
v 0.0674821792 2.71875 0.513192051
v 0.0674821792 2.71875 0.399307949
v 0.0969575539 2.71875 0.289304353
v 0.153899605 2.71875 0.190677827
v 0.234427827 2.71875 0.110149605
v 0.333054353 2.71875 0.0532075539
v 0.443057949 2.71875 0.0237321792
v 0.556942051 2.71875 0.0237321792
v 0.666945647 2.71875 0.0532075539
v 0.765572173 2.71875 0.110149605
v 0.846100395 2.71875 0.190677827
v 0.903042446 2.71875 0.289304353
v 0.932517821 2.71875 0.399307949
v 0.923223025 2.728125 0.511968368
v 0.894381075 2.728125 0.61960799
v 0.838662707 2.728125 0.716115035
v 0.759865035 2.728125 0.794912707
v 0.66335799 2.728125 0.850631075
v 0.555718368 2.728125 0.879473025
v 0.444281632 2.728125 0.879473025
v 0.33664201 2.728125 0.850631075
v 0.240134965 2.728125 0.794912707
v 0.161337293 2.728125 0.716115035
v 0.105618925 2.728125 0.61960799
v 0.0767769748 2.728125 0.511968368
v 0.0767769748 2.728125 0.400531632
v 0.105618925 2.728125 0.29289201
v 0.161337293 2.728125 0.196384965
v 0.240134965 2.728125 0.117587293
v 0.33664201 2.728125 0.0618689246
v 0.444281632 2.728125 0.0330269748
v 0.555718368 2.728125 0.0330269748
v 0.66335799 2.728125 0.0618689246
v 0.759865035 2.728125 0.117587293
v 0.838662707 2.728125 0.196384965
v 0.894381075 2.728125 0.29289201
v 0.923223025 2.728125 0.400531632
v 0.5 2.67 0.45625
v 0.5 2.728125 0.45625
v 0.923223025 2.65625 0.511968368
v 0.894381075 2.65625 0.61960799
v 0.838662707 2.65625 0.716115035
v 0.759865035 2.65625 0.794912707
v 0.66335799 2.65625 0.850631075
v 0.555718368 2.65625 0.879473025
v 0.444281632 2.65625 0.879473025
v 0.33664201 2.65625 0.850631075
v 0.240134965 2.65625 0.794912707
v 0.161337293 2.65625 0.716115035
v 0.105618925 2.65625 0.61960799
v 0.0767769748 2.65625 0.511968368
v 0.0767769748 2.65625 0.400531632
v 0.105618925 2.65625 0.29289201
v 0.161337293 2.65625 0.196384965
v 0.240134965 2.65625 0.117587293
v 0.33664201 2.65625 0.0618689246
v 0.444281632 2.65625 0.0330269748
v 0.555718368 2.65625 0.0330269748
v 0.66335799 2.65625 0.0618689246
v 0.759865035 2.65625 0.117587293
v 0.838662707 2.65625 0.196384965
v 0.894381075 2.65625 0.29289201
v 0.923223025 2.65625 0.400531632
v 0.923223025 2.676875 0.511968368
v 0.894381075 2.676875 0.61960799
v 0.838662707 2.676875 0.716115035
v 0.759865035 2.676875 0.794912707
v 0.66335799 2.676875 0.850631075
v 0.555718368 2.676875 0.879473025
v 0.444281632 2.676875 0.879473025
v 0.33664201 2.676875 0.850631075
v 0.240134965 2.676875 0.794912707
v 0.161337293 2.676875 0.716115035
v 0.105618925 2.676875 0.61960799
v 0.0767769748 2.676875 0.511968368
v 0.0767769748 2.676875 0.400531632
v 0.105618925 2.676875 0.29289201
v 0.161337293 2.676875 0.196384965
v 0.240134965 2.676875 0.117587293
v 0.33664201 2.676875 0.0618689246
v 0.444281632 2.676875 0.0330269748
v 0.555718368 2.676875 0.0330269748
v 0.66335799 2.676875 0.0618689246
v 0.759865035 2.676875 0.117587293
v 0.838662707 2.676875 0.196384965
v 0.894381075 2.676875 0.29289201
v 0.923223025 2.676875 0.400531632
v 0.851962926 2.676875 0.502586798
v 0.827977234 2.676875 0.592102618
v 0.781640436 2.676875 0.672360307
v 0.716110307 2.676875 0.737890436
v 0.635852618 2.676875 0.784227234
v 0.546336798 2.676875 0.808212926
v 0.453663202 2.676875 0.808212926
v 0.364147382 2.676875 0.784227234
v 0.283889693 2.676875 0.737890436
v 0.218359564 2.676875 0.672360307
v 0.172022766 2.676875 0.592102618
v 0.148037074 2.676875 0.502586798
v 0.148037074 2.676875 0.409913202
v 0.172022766 2.676875 0.320397382
v 0.218359564 2.676875 0.240139693
v 0.283889693 2.676875 0.174609564
v 0.364147382 2.676875 0.128272766
v 0.453663202 2.676875 0.104287074
v 0.546336798 2.676875 0.104287074
v 0.635852618 2.676875 0.128272766
v 0.716110307 2.676875 0.174609564
v 0.781640436 2.676875 0.240139693
v 0.827977234 2.676875 0.320397382
v 0.851962926 2.676875 0.409913202
v 0.851962926 2.65625 0.502586798
v 0.827977234 2.65625 0.592102618
v 0.781640436 2.65625 0.672360307
v 0.716110307 2.65625 0.737890436
v 0.635852618 2.65625 0.784227234
v 0.546336798 2.65625 0.808212926
v 0.453663202 2.65625 0.808212926
v 0.364147382 2.65625 0.784227234
v 0.283889693 2.65625 0.737890436
v 0.218359564 2.65625 0.672360307
v 0.172022766 2.65625 0.592102618
v 0.148037074 2.65625 0.502586798
v 0.148037074 2.65625 0.409913202
v 0.172022766 2.65625 0.320397382
v 0.218359564 2.65625 0.240139693
v 0.283889693 2.65625 0.174609564
v 0.364147382 2.65625 0.128272766
v 0.453663202 2.65625 0.104287074
v 0.546336798 2.65625 0.104287074
v 0.635852618 2.65625 0.128272766
v 0.716110307 2.65625 0.174609564
v 0.781640436 2.65625 0.240139693
v 0.827977234 2.65625 0.320397382
v 0.851962926 2.65625 0.409913202
v 0.902154822 2.65375 0.509194687
v 0.874748635 2.65375 0.611475967
v 0.821803949 2.65375 0.703178855
v 0.746928855 2.65375 0.778053949
v 0.655225967 2.65375 0.830998635
v 0.552944687 2.65375 0.858404822
v 0.447055313 2.65375 0.858404822
v 0.344774033 2.65375 0.830998635
v 0.253071145 2.65375 0.778053949
v 0.178196051 2.65375 0.703178855
v 0.125251365 2.65375 0.611475967
v 0.0978451781 2.65375 0.509194687
v 0.0978451781 2.65375 0.403305313
v 0.125251365 2.65375 0.301024033
v 0.178196051 2.65375 0.209321145
v 0.253071145 2.65375 0.134446051
v 0.344774033 2.65375 0.0815013646
v 0.447055313 2.65375 0.0540951781
v 0.552944687 2.65375 0.0540951781
v 0.655225967 2.65375 0.0815013646
v 0.746928855 2.65375 0.134446051
v 0.821803949 2.65375 0.209321145
v 0.874748635 2.65375 0.301024033
v 0.902154822 2.65375 0.403305313
v 0.902154822 2.656875 0.509194687
v 0.874748635 2.656875 0.611475967
v 0.821803949 2.656875 0.703178855
v 0.746928855 2.656875 0.778053949
v 0.655225967 2.656875 0.830998635
v 0.552944687 2.656875 0.858404822
v 0.447055313 2.656875 0.858404822
v 0.344774033 2.656875 0.830998635
v 0.253071145 2.656875 0.778053949
v 0.178196051 2.656875 0.703178855
v 0.125251365 2.656875 0.611475967
v 0.0978451781 2.656875 0.509194687
v 0.0978451781 2.656875 0.403305313
v 0.125251365 2.656875 0.301024033
v 0.178196051 2.656875 0.209321145
v 0.253071145 2.656875 0.134446051
v 0.344774033 2.656875 0.0815013646
v 0.447055313 2.656875 0.0540951781
v 0.552944687 2.656875 0.0540951781
v 0.655225967 2.656875 0.0815013646
v 0.746928855 2.656875 0.134446051
v 0.821803949 2.656875 0.209321145
v 0.874748635 2.656875 0.301024033
v 0.902154822 2.656875 0.403305313
v 0.881706272 2.656875 0.506502584
v 0.85569362 2.656875 0.603583121
v 0.805441036 2.656875 0.69062315
v 0.73437315 2.656875 0.761691036
v 0.647333121 2.656875 0.81194362
v 0.550252584 2.656875 0.837956272
v 0.449747416 2.656875 0.837956272
v 0.352666879 2.656875 0.81194362
v 0.26562685 2.656875 0.761691036
v 0.194558964 2.656875 0.69062315
v 0.14430638 2.656875 0.603583121
v 0.118293728 2.656875 0.506502584
v 0.118293728 2.656875 0.405997416
v 0.14430638 2.656875 0.308916879
v 0.194558964 2.656875 0.22187685
v 0.26562685 2.656875 0.150808964
v 0.352666879 2.656875 0.10055638
v 0.449747416 2.656875 0.0745437284
v 0.550252584 2.656875 0.0745437284
v 0.647333121 2.656875 0.10055638
v 0.73437315 2.656875 0.150808964
v 0.805441036 2.656875 0.22187685
v 0.85569362 2.656875 0.308916879
v 0.881706272 2.656875 0.405997416
v 0.881706272 2.65375 0.506502584
v 0.85569362 2.65375 0.603583121
v 0.805441036 2.65375 0.69062315
v 0.73437315 2.65375 0.761691036
v 0.647333121 2.65375 0.81194362
v 0.550252584 2.65375 0.837956272
v 0.449747416 2.65375 0.837956272
v 0.352666879 2.65375 0.81194362
v 0.26562685 2.65375 0.761691036
v 0.194558964 2.65375 0.69062315
v 0.14430638 2.65375 0.603583121
v 0.118293728 2.65375 0.506502584
v 0.118293728 2.65375 0.405997416
v 0.14430638 2.65375 0.308916879
v 0.194558964 2.65375 0.22187685
v 0.26562685 2.65375 0.150808964
v 0.352666879 2.65375 0.10055638
v 0.449747416 2.65375 0.0745437284
v 0.550252584 2.65375 0.0745437284
v 0.647333121 2.65375 0.10055638
v 0.73437315 2.65375 0.150808964
v 0.805441036 2.65375 0.22187685
v 0.85569362 2.65375 0.308916879
v 0.881706272 2.65375 0.405997416
v 0.845146742 2.66 0.501689431
v 0.821625562 2.66 0.58947167
v 0.776186132 2.66 0.668175072
v 0.711925072 2.66 0.732436132
v 0.63322167 2.66 0.777875562
v 0.545439431 2.66 0.801396742
v 0.454560569 2.66 0.801396742
v 0.36677833 2.66 0.777875562
v 0.288074928 2.66 0.732436132
v 0.223813868 2.66 0.668175072
v 0.178374438 2.66 0.58947167
v 0.154853258 2.66 0.501689431
v 0.154853258 2.66 0.410810569
v 0.178374438 2.66 0.32302833
v 0.223813868 2.66 0.244324928
v 0.288074928 2.66 0.180063868
v 0.36677833 2.66 0.134624438
v 0.454560569 2.66 0.111103258
v 0.545439431 2.66 0.111103258
v 0.63322167 2.66 0.134624438
v 0.711925072 2.66 0.180063868
v 0.776186132 2.66 0.244324928
v 0.821625562 2.66 0.32302833
v 0.845146742 2.66 0.410810569
v 0.854441538 2.669375 0.502913114
v 0.830286933 2.669375 0.593059327
v 0.783623819 2.669375 0.673882211
v 0.717632211 2.669375 0.739873819
v 0.636809327 2.669375 0.786536933
v 0.546663114 2.669375 0.810691538
v 0.453336886 2.669375 0.810691538
v 0.363190673 2.669375 0.786536933
v 0.282367789 2.669375 0.739873819
v 0.216376181 2.669375 0.673882211
v 0.169713067 2.669375 0.593059327
v 0.145558462 2.669375 0.502913114
v 0.145558462 2.669375 0.409586886
v 0.169713067 2.669375 0.319440673
v 0.216376181 2.669375 0.238617789
v 0.282367789 2.669375 0.172626181
v 0.363190673 2.669375 0.125963067
v 0.453336886 2.669375 0.101808462
v 0.546663114 2.669375 0.101808462
v 0.636809327 2.669375 0.125963067
v 0.717632211 2.669375 0.172626181
v 0.783623819 2.669375 0.238617789
v 0.830286933 2.669375 0.319440673
v 0.854441538 2.669375 0.409586886
v 0.854441538 2.674375 0.502913114
v 0.830286933 2.674375 0.593059327
v 0.783623819 2.674375 0.673882211
v 0.717632211 2.674375 0.739873819
v 0.636809327 2.674375 0.786536933
v 0.546663114 2.674375 0.810691538
v 0.453336886 2.674375 0.810691538
v 0.363190673 2.674375 0.786536933
v 0.282367789 2.674375 0.739873819
v 0.216376181 2.674375 0.673882211
v 0.169713067 2.674375 0.593059327
v 0.145558462 2.674375 0.502913114
v 0.145558462 2.674375 0.409586886
v 0.169713067 2.674375 0.319440673
v 0.216376181 2.674375 0.238617789
v 0.282367789 2.674375 0.172626181
v 0.363190673 2.674375 0.125963067
v 0.453336886 2.674375 0.101808462
v 0.546663114 2.674375 0.101808462
v 0.636809327 2.674375 0.125963067
v 0.717632211 2.674375 0.172626181
v 0.783623819 2.674375 0.238617789
v 0.830286933 2.674375 0.319440673
v 0.854441538 2.674375 0.409586886
v 0.845146742 2.68375 0.501689431
v 0.821625562 2.68375 0.58947167
v 0.776186132 2.68375 0.668175072
v 0.711925072 2.68375 0.732436132
v 0.63322167 2.68375 0.777875562
v 0.545439431 2.68375 0.801396742
v 0.454560569 2.68375 0.801396742
v 0.36677833 2.68375 0.777875562
v 0.288074928 2.68375 0.732436132
v 0.223813868 2.68375 0.668175072
v 0.178374438 2.68375 0.58947167
v 0.154853258 2.68375 0.501689431
v 0.154853258 2.68375 0.410810569
v 0.178374438 2.68375 0.32302833
v 0.223813868 2.68375 0.244324928
v 0.288074928 2.68375 0.180063868
v 0.36677833 2.68375 0.134624438
v 0.454560569 2.68375 0.111103258
v 0.545439431 2.68375 0.111103258
v 0.63322167 2.68375 0.134624438
v 0.711925072 2.68375 0.180063868
v 0.776186132 2.68375 0.244324928
v 0.821625562 2.68375 0.32302833
v 0.845146742 2.68375 0.410810569
v 0.5 2.66 0.45625
v 0.5 2.68375 0.45625
v 0.627028873 2.64875 0.472973668
v 0.618372065 2.64875 0.505281315
v 0.601648397 2.64875 0.534247558
v 0.577997558 2.64875 0.557898397
v 0.549031315 2.64875 0.574622065
v 0.516723668 2.64875 0.583278873
v 0.483276332 2.64875 0.583278873
v 0.450968685 2.64875 0.574622065
v 0.422002442 2.64875 0.557898397
v 0.398351603 2.64875 0.534247558
v 0.381627935 2.64875 0.505281315
v 0.372971127 2.64875 0.472973668
v 0.372971127 2.64875 0.439526332
v 0.381627935 2.64875 0.407218685
v 0.398351603 2.64875 0.378252442
v 0.422002442 2.64875 0.354601603
v 0.450968685 2.64875 0.337877935
v 0.483276332 2.64875 0.329221127
v 0.516723668 2.64875 0.329221127
v 0.549031315 2.64875 0.337877935
v 0.577997558 2.64875 0.354601603
v 0.601648397 2.64875 0.378252442
v 0.618372065 2.64875 0.407218685
v 0.627028873 2.64875 0.439526332
v 0.636323668 2.658125 0.474197351
v 0.627033436 2.658125 0.508868972
v 0.609086084 2.658125 0.539954696
v 0.583704696 2.658125 0.565336084
v 0.552618972 2.658125 0.583283436
v 0.517947351 2.658125 0.592573668
v 0.482052649 2.658125 0.592573668
v 0.447381028 2.658125 0.583283436
v 0.416295304 2.658125 0.565336084
v 0.390913916 2.658125 0.539954696
v 0.372966564 2.658125 0.508868972
v 0.363676332 2.658125 0.474197351
v 0.363676332 2.658125 0.438302649
v 0.372966564 2.658125 0.403631028
v 0.390913916 2.658125 0.372545304
v 0.416295304 2.658125 0.347163916
v 0.447381028 2.658125 0.329216564
v 0.482052649 2.658125 0.319926332
v 0.517947351 2.658125 0.319926332
v 0.552618972 2.658125 0.329216564
v 0.583704696 2.658125 0.347163916
v 0.609086084 2.658125 0.372545304
v 0.627033436 2.658125 0.403631028
v 0.636323668 2.658125 0.438302649
v 0.636323668 2.654375 0.474197351
v 0.627033436 2.654375 0.508868972
v 0.609086084 2.654375 0.539954696
v 0.583704696 2.654375 0.565336084
v 0.552618972 2.654375 0.583283436
v 0.517947351 2.654375 0.592573668
v 0.482052649 2.654375 0.592573668
v 0.447381028 2.654375 0.583283436
v 0.416295304 2.654375 0.565336084
v 0.390913916 2.654375 0.539954696
v 0.372966564 2.654375 0.508868972
v 0.363676332 2.654375 0.474197351
v 0.363676332 2.654375 0.438302649
v 0.372966564 2.654375 0.403631028
v 0.390913916 2.654375 0.372545304
v 0.416295304 2.654375 0.347163916
v 0.447381028 2.654375 0.329216564
v 0.482052649 2.654375 0.319926332
v 0.517947351 2.654375 0.319926332
v 0.552618972 2.654375 0.329216564
v 0.583704696 2.654375 0.347163916
v 0.609086084 2.654375 0.372545304
v 0.627033436 2.654375 0.403631028
v 0.636323668 2.654375 0.438302649
v 0.627028873 2.66375 0.472973668
v 0.618372065 2.66375 0.505281315
v 0.601648397 2.66375 0.534247558
v 0.577997558 2.66375 0.557898397
v 0.549031315 2.66375 0.574622065
v 0.516723668 2.66375 0.583278873
v 0.483276332 2.66375 0.583278873
v 0.450968685 2.66375 0.574622065
v 0.422002442 2.66375 0.557898397
v 0.398351603 2.66375 0.534247558
v 0.381627935 2.66375 0.505281315
v 0.372971127 2.66375 0.472973668
v 0.372971127 2.66375 0.439526332
v 0.381627935 2.66375 0.407218685
v 0.398351603 2.66375 0.378252442
v 0.422002442 2.66375 0.354601603
v 0.450968685 2.66375 0.337877935
v 0.483276332 2.66375 0.329221127
v 0.516723668 2.66375 0.329221127
v 0.549031315 2.66375 0.337877935
v 0.577997558 2.66375 0.354601603
v 0.601648397 2.66375 0.378252442
v 0.618372065 2.66375 0.407218685
v 0.627028873 2.66375 0.439526332
v 0.5 2.64875 0.45625
v 0.5 2.66375 0.45625
v 0.9125 2.65375 0.448125
v 0.925 2.65375 0.448125
v 0.926875 2.65375 0.45
v 0.926875 2.65375 0.4625
v 0.925 2.65375 0.464375
v 0.9125 2.65375 0.464375
v 0.910625 2.65375 0.4625
v 0.910625 2.65375 0.45
v 0.9125 2.654375 0.4475
v 0.925 2.654375 0.4475
v 0.9275 2.654375 0.45
v 0.9275 2.654375 0.4625
v 0.925 2.654375 0.465
v 0.9125 2.654375 0.465
v 0.91 2.654375 0.4625
v 0.91 2.654375 0.45
v 0.9125 2.656875 0.4475
v 0.925 2.656875 0.4475
v 0.9275 2.656875 0.45
v 0.9275 2.656875 0.4625
v 0.925 2.656875 0.465
v 0.9125 2.656875 0.465
v 0.91 2.656875 0.4625
v 0.91 2.656875 0.45
v 0.9125 2.6575 0.448125
v 0.925 2.6575 0.448125
v 0.926875 2.6575 0.45
v 0.926875 2.6575 0.4625
v 0.925 2.6575 0.464375
v 0.9125 2.6575 0.464375
v 0.910625 2.6575 0.4625
v 0.910625 2.6575 0.45
v 0.91875 2.65375 0.45625
v 0.91875 2.6575 0.45625
v 0.856398138 2.65375 0.6575
v 0.868898138 2.65375 0.6575
v 0.870773138 2.65375 0.659375
v 0.870773138 2.65375 0.671875
v 0.868898138 2.65375 0.67375
v 0.856398138 2.65375 0.67375
v 0.854523138 2.65375 0.671875
v 0.854523138 2.65375 0.659375
v 0.856398138 2.654375 0.656875
v 0.868898138 2.654375 0.656875
v 0.871398138 2.654375 0.659375
v 0.871398138 2.654375 0.671875
v 0.868898138 2.654375 0.674375
v 0.856398138 2.654375 0.674375
v 0.853898138 2.654375 0.671875
v 0.853898138 2.654375 0.659375
v 0.856398138 2.656875 0.656875
v 0.868898138 2.656875 0.656875
v 0.871398138 2.656875 0.659375
v 0.871398138 2.656875 0.671875
v 0.868898138 2.656875 0.674375
v 0.856398138 2.656875 0.674375
v 0.853898138 2.656875 0.671875
v 0.853898138 2.656875 0.659375
v 0.856398138 2.6575 0.6575
v 0.868898138 2.6575 0.6575
v 0.870773138 2.6575 0.659375
v 0.870773138 2.6575 0.671875
v 0.868898138 2.6575 0.67375
v 0.856398138 2.6575 0.67375
v 0.854523138 2.6575 0.671875
v 0.854523138 2.6575 0.659375
v 0.862648138 2.65375 0.665625
v 0.862648138 2.6575 0.665625
v 0.703125 2.65375 0.810773138
v 0.715625 2.65375 0.810773138
v 0.7175 2.65375 0.812648138
v 0.7175 2.65375 0.825148138
v 0.715625 2.65375 0.827023138
v 0.703125 2.65375 0.827023138
v 0.70125 2.65375 0.825148138
v 0.70125 2.65375 0.812648138
v 0.703125 2.654375 0.810148138
v 0.715625 2.654375 0.810148138
v 0.718125 2.654375 0.812648138
v 0.718125 2.654375 0.825148138
v 0.715625 2.654375 0.827648138
v 0.703125 2.654375 0.827648138
v 0.700625 2.654375 0.825148138
v 0.700625 2.654375 0.812648138
v 0.703125 2.656875 0.810148138
v 0.715625 2.656875 0.810148138
v 0.718125 2.656875 0.812648138
v 0.718125 2.656875 0.825148138
v 0.715625 2.656875 0.827648138
v 0.703125 2.656875 0.827648138
v 0.700625 2.656875 0.825148138
v 0.700625 2.656875 0.812648138
v 0.703125 2.6575 0.810773138
v 0.715625 2.6575 0.810773138
v 0.7175 2.6575 0.812648138
v 0.7175 2.6575 0.825148138
v 0.715625 2.6575 0.827023138
v 0.703125 2.6575 0.827023138
v 0.70125 2.6575 0.825148138
v 0.70125 2.6575 0.812648138
v 0.709375 2.65375 0.818898138
v 0.709375 2.6575 0.818898138
v 0.49375 2.65375 0.866875
v 0.50625 2.65375 0.866875
v 0.508125 2.65375 0.86875
v 0.508125 2.65375 0.88125
v 0.50625 2.65375 0.883125
v 0.49375 2.65375 0.883125
v 0.491875 2.65375 0.88125
v 0.491875 2.65375 0.86875
v 0.49375 2.654375 0.86625
v 0.50625 2.654375 0.86625
v 0.50875 2.654375 0.86875
v 0.50875 2.654375 0.88125
v 0.50625 2.654375 0.88375
v 0.49375 2.654375 0.88375
v 0.49125 2.654375 0.88125
v 0.49125 2.654375 0.86875
v 0.49375 2.656875 0.86625
v 0.50625 2.656875 0.86625
v 0.50875 2.656875 0.86875
v 0.50875 2.656875 0.88125
v 0.50625 2.656875 0.88375
v 0.49375 2.656875 0.88375
v 0.49125 2.656875 0.88125
v 0.49125 2.656875 0.86875
v 0.49375 2.6575 0.866875
v 0.50625 2.6575 0.866875
v 0.508125 2.6575 0.86875
v 0.508125 2.6575 0.88125
v 0.50625 2.6575 0.883125
v 0.49375 2.6575 0.883125
v 0.491875 2.6575 0.88125
v 0.491875 2.6575 0.86875
v 0.5 2.65375 0.875
v 0.5 2.6575 0.875
v 0.29875 2.65375 0.812648138
v 0.284375 2.65375 0.810773138
v 0.296875 2.65375 0.810773138
v 0.29875 2.65375 0.825148138
v 0.296875 2.65375 0.827023138
v 0.284375 2.65375 0.827023138
v 0.2825 2.65375 0.825148138
v 0.2825 2.65375 0.812648138
v 0.284375 2.654375 0.810148138
v 0.296875 2.654375 0.810148138
v 0.299375 2.654375 0.812648138
v 0.299375 2.654375 0.825148138
v 0.296875 2.654375 0.827648138
v 0.284375 2.654375 0.827648138
v 0.281875 2.654375 0.825148138
v 0.281875 2.654375 0.812648138
v 0.284375 2.656875 0.810148138
v 0.296875 2.656875 0.810148138
v 0.299375 2.656875 0.812648138
v 0.299375 2.656875 0.825148138
v 0.296875 2.656875 0.827648138
v 0.284375 2.656875 0.827648138
v 0.281875 2.656875 0.825148138
v 0.281875 2.656875 0.812648138
v 0.284375 2.6575 0.810773138
v 0.296875 2.6575 0.810773138
v 0.29875 2.6575 0.812648138
v 0.29875 2.6575 0.825148138
v 0.296875 2.6575 0.827023138
v 0.284375 2.6575 0.827023138
v 0.2825 2.6575 0.825148138
v 0.2825 2.6575 0.812648138
v 0.290625 2.65375 0.818898138
v 0.290625 2.6575 0.818898138
v 0.131101862 2.65375 0.6575
v 0.143601862 2.65375 0.6575
v 0.145476862 2.65375 0.659375
v 0.145476862 2.65375 0.671875
v 0.143601862 2.65375 0.67375
v 0.131101862 2.65375 0.67375
v 0.129226862 2.65375 0.671875
v 0.129226862 2.65375 0.659375
v 0.131101862 2.654375 0.656875
v 0.143601862 2.654375 0.656875
v 0.146101862 2.654375 0.659375
v 0.146101862 2.654375 0.671875
v 0.143601862 2.654375 0.674375
v 0.131101862 2.654375 0.674375
v 0.128601862 2.654375 0.671875
v 0.128601862 2.654375 0.659375
v 0.131101862 2.656875 0.656875
v 0.143601862 2.656875 0.656875
v 0.146101862 2.656875 0.659375
v 0.146101862 2.656875 0.671875
v 0.143601862 2.656875 0.674375
v 0.131101862 2.656875 0.674375
v 0.128601862 2.656875 0.671875
v 0.128601862 2.656875 0.659375
v 0.131101862 2.6575 0.6575
v 0.143601862 2.6575 0.6575
v 0.145476862 2.6575 0.659375
v 0.145476862 2.6575 0.671875
v 0.143601862 2.6575 0.67375
v 0.131101862 2.6575 0.67375
v 0.129226862 2.6575 0.671875
v 0.129226862 2.6575 0.659375
v 0.137351862 2.65375 0.665625
v 0.137351862 2.6575 0.665625
v 0.075 2.65375 0.448125
v 0.0875 2.65375 0.448125
v 0.089375 2.65375 0.45
v 0.089375 2.65375 0.4625
v 0.0875 2.65375 0.464375
v 0.075 2.65375 0.464375
v 0.073125 2.65375 0.4625
v 0.073125 2.65375 0.45
v 0.075 2.654375 0.4475
v 0.0875 2.654375 0.4475
v 0.09 2.654375 0.45
v 0.09 2.654375 0.4625
v 0.0875 2.654375 0.465
v 0.075 2.654375 0.465
v 0.0725 2.654375 0.4625
v 0.0725 2.654375 0.45
v 0.075 2.656875 0.4475
v 0.0875 2.656875 0.4475
v 0.09 2.656875 0.45
v 0.09 2.656875 0.4625
v 0.0875 2.656875 0.465
v 0.075 2.656875 0.465
v 0.0725 2.656875 0.4625
v 0.0725 2.656875 0.45
v 0.075 2.6575 0.448125
v 0.0875 2.6575 0.448125
v 0.089375 2.6575 0.45
v 0.089375 2.6575 0.4625
v 0.0875 2.6575 0.464375
v 0.075 2.6575 0.464375
v 0.073125 2.6575 0.4625
v 0.073125 2.6575 0.45
v 0.08125 2.65375 0.45625
v 0.08125 2.6575 0.45625
v 0.131101862 2.65375 0.23875
v 0.143601862 2.65375 0.23875
v 0.145476862 2.65375 0.240625
v 0.145476862 2.65375 0.253125
v 0.143601862 2.65375 0.255
v 0.131101862 2.65375 0.255
v 0.129226862 2.65375 0.253125
v 0.129226862 2.65375 0.240625
v 0.131101862 2.654375 0.238125
v 0.143601862 2.654375 0.238125
v 0.146101862 2.654375 0.240625
v 0.146101862 2.654375 0.253125
v 0.143601862 2.654375 0.255625
v 0.131101862 2.654375 0.255625
v 0.128601862 2.654375 0.253125
v 0.128601862 2.654375 0.240625
v 0.131101862 2.656875 0.238125
v 0.143601862 2.656875 0.238125
v 0.146101862 2.656875 0.240625
v 0.146101862 2.656875 0.253125
v 0.143601862 2.656875 0.255625
v 0.131101862 2.656875 0.255625
v 0.128601862 2.656875 0.253125
v 0.128601862 2.656875 0.240625
v 0.131101862 2.6575 0.23875
v 0.143601862 2.6575 0.23875
v 0.145476862 2.6575 0.240625
v 0.145476862 2.6575 0.253125
v 0.143601862 2.6575 0.255
v 0.131101862 2.6575 0.255
v 0.129226862 2.6575 0.253125
v 0.129226862 2.6575 0.240625
v 0.137351862 2.65375 0.246875
v 0.137351862 2.6575 0.246875
v 0.284375 2.65375 0.0854768622
v 0.296875 2.65375 0.0854768622
v 0.29875 2.65375 0.0873518622
v 0.29875 2.65375 0.0998518622
v 0.296875 2.65375 0.101726862
v 0.284375 2.65375 0.101726862
v 0.2825 2.65375 0.0998518622
v 0.2825 2.65375 0.0873518622
v 0.284375 2.654375 0.0848518622
v 0.296875 2.654375 0.0848518622
v 0.299375 2.654375 0.0873518622
v 0.299375 2.654375 0.0998518622
v 0.296875 2.654375 0.102351862
v 0.284375 2.654375 0.102351862
v 0.281875 2.654375 0.0998518622
v 0.281875 2.654375 0.0873518622
v 0.284375 2.656875 0.0848518622
v 0.296875 2.656875 0.0848518622
v 0.299375 2.656875 0.0873518622
v 0.299375 2.656875 0.0998518622
v 0.296875 2.656875 0.102351862
v 0.284375 2.656875 0.102351862
v 0.281875 2.656875 0.0998518622
v 0.281875 2.656875 0.0873518622
v 0.284375 2.6575 0.0854768622
v 0.296875 2.6575 0.0854768622
v 0.29875 2.6575 0.0873518622
v 0.29875 2.6575 0.0998518622
v 0.296875 2.6575 0.101726862
v 0.284375 2.6575 0.101726862
v 0.2825 2.6575 0.0998518622
v 0.2825 2.6575 0.0873518622
v 0.290625 2.65375 0.0936018622
v 0.290625 2.6575 0.0936018622
v 0.49375 2.65375 0.029375
v 0.50625 2.65375 0.029375
v 0.508125 2.65375 0.03125
v 0.508125 2.65375 0.04375
v 0.50625 2.65375 0.045625
v 0.49375 2.65375 0.045625
v 0.491875 2.65375 0.04375
v 0.491875 2.65375 0.03125
v 0.49375 2.654375 0.02875
v 0.50625 2.654375 0.02875
v 0.50875 2.654375 0.03125
v 0.50875 2.654375 0.04375
v 0.50625 2.654375 0.04625
v 0.49375 2.654375 0.04625
v 0.49125 2.654375 0.04375
v 0.49125 2.654375 0.03125
v 0.49375 2.656875 0.02875
v 0.50625 2.656875 0.02875
v 0.50875 2.656875 0.03125
v 0.50875 2.656875 0.04375
v 0.50625 2.656875 0.04625
v 0.49375 2.656875 0.04625
v 0.49125 2.656875 0.04375
v 0.49125 2.656875 0.03125
v 0.49375 2.6575 0.029375
v 0.50625 2.6575 0.029375
v 0.508125 2.6575 0.03125
v 0.508125 2.6575 0.04375
v 0.50625 2.6575 0.045625
v 0.49375 2.6575 0.045625
v 0.491875 2.6575 0.04375
v 0.491875 2.6575 0.03125
v 0.5 2.65375 0.0375
v 0.5 2.6575 0.0375
v 0.703125 2.65375 0.0854768622
v 0.715625 2.65375 0.0854768622
v 0.7175 2.65375 0.0873518622
v 0.7175 2.65375 0.0998518622
v 0.715625 2.65375 0.101726862
v 0.703125 2.65375 0.101726862
v 0.70125 2.65375 0.0998518622
v 0.70125 2.65375 0.0873518622
v 0.703125 2.654375 0.0848518622
v 0.715625 2.654375 0.0848518622
v 0.718125 2.654375 0.0873518622
v 0.718125 2.654375 0.0998518622
v 0.715625 2.654375 0.102351862
v 0.703125 2.654375 0.102351862
v 0.700625 2.654375 0.0998518622
v 0.700625 2.654375 0.0873518622
v 0.703125 2.656875 0.0848518622
v 0.715625 2.656875 0.0848518622
v 0.718125 2.656875 0.0873518622
v 0.718125 2.656875 0.0998518622
v 0.715625 2.656875 0.102351862
v 0.703125 2.656875 0.102351862
v 0.700625 2.656875 0.0998518622
v 0.700625 2.656875 0.0873518622
v 0.703125 2.6575 0.0854768622
v 0.715625 2.6575 0.0854768622
v 0.7175 2.6575 0.0873518622
v 0.7175 2.6575 0.0998518622
v 0.715625 2.6575 0.101726862
v 0.703125 2.6575 0.101726862
v 0.70125 2.6575 0.0998518622
v 0.70125 2.6575 0.0873518622
v 0.709375 2.65375 0.0936018622
v 0.709375 2.6575 0.0936018622
v 0.856398138 2.65375 0.23875
v 0.868898138 2.65375 0.23875
v 0.870773138 2.65375 0.240625
v 0.870773138 2.65375 0.253125
v 0.868898138 2.65375 0.255
v 0.856398138 2.65375 0.255
v 0.854523138 2.65375 0.253125
v 0.854523138 2.65375 0.240625
v 0.856398138 2.654375 0.238125
v 0.868898138 2.654375 0.238125
v 0.871398138 2.654375 0.240625
v 0.871398138 2.654375 0.253125
v 0.868898138 2.654375 0.255625
v 0.856398138 2.654375 0.255625
v 0.853898138 2.654375 0.253125
v 0.853898138 2.654375 0.240625
v 0.856398138 2.656875 0.238125
v 0.868898138 2.656875 0.238125
v 0.871398138 2.656875 0.240625
v 0.871398138 2.656875 0.253125
v 0.868898138 2.656875 0.255625
v 0.856398138 2.656875 0.255625
v 0.853898138 2.656875 0.253125
v 0.853898138 2.656875 0.240625
v 0.856398138 2.6575 0.23875
v 0.868898138 2.6575 0.23875
v 0.870773138 2.6575 0.240625
v 0.870773138 2.6575 0.253125
v 0.868898138 2.6575 0.255
v 0.856398138 2.6575 0.255
v 0.854523138 2.6575 0.253125
v 0.854523138 2.6575 0.240625
v 0.862648138 2.65375 0.246875
v 0.862648138 2.6575 0.246875
v 0.101875 2.62 0.72875
v 0.24375 2.62 0.72875
v 0.2625 2.62 0.7475
v 0.2625 2.62 0.9525
v 0.24375 2.62 0.97125
v 0.101875 2.62 0.97125
v 0.083125 2.62 0.9525
v 0.083125 2.62 0.7475
v 0.091875 2.63375 0.71125
v 0.25375 2.63375 0.71125
v 0.28 2.63375 0.7375
v 0.28 2.63375 0.9625
v 0.25375 2.63375 0.98875
v 0.091875 2.63375 0.98875
v 0.065625 2.63375 0.9625
v 0.065625 2.63375 0.7375
v 0.091875 2.701875 0.71125
v 0.25375 2.701875 0.71125
v 0.28 2.701875 0.7375
v 0.28 2.701875 0.9625
v 0.25375 2.701875 0.98875
v 0.091875 2.701875 0.98875
v 0.065625 2.701875 0.9625
v 0.065625 2.701875 0.7375
v 0.096875 2.715625 0.72375
v 0.24875 2.715625 0.72375
v 0.2675 2.715625 0.7425
v 0.2675 2.715625 0.9575
v 0.24875 2.715625 0.97625
v 0.096875 2.715625 0.97625
v 0.078125 2.715625 0.9575
v 0.078125 2.715625 0.7425
v 0.1728125 2.62 0.85
v 0.1728125 2.715625 0.85
v 0.29375 2.62 0.8125
v 0.70625 2.62 0.8125
v 0.725 2.62 0.83125
v 0.725 2.62 0.95375
v 0.70625 2.62 0.9725
v 0.29375 2.62 0.9725
v 0.275 2.62 0.95375
v 0.275 2.62 0.83125
v 0.28375 2.63375 0.795
v 0.71625 2.63375 0.795
v 0.7425 2.63375 0.82125
v 0.7425 2.63375 0.96375
v 0.71625 2.63375 0.99
v 0.28375 2.63375 0.99
v 0.2575 2.63375 0.96375
v 0.2575 2.63375 0.82125
v 0.28375 2.69375 0.795
v 0.71625 2.69375 0.795
v 0.7425 2.69375 0.82125
v 0.7425 2.69375 0.96375
v 0.71625 2.69375 0.99
v 0.28375 2.69375 0.99
v 0.2575 2.69375 0.96375
v 0.2575 2.69375 0.82125
v 0.28875 2.7075 0.8075
v 0.71125 2.7075 0.8075
v 0.73 2.7075 0.82625
v 0.73 2.7075 0.95875
v 0.71125 2.7075 0.9775
v 0.28875 2.7075 0.9775
v 0.27 2.7075 0.95875
v 0.27 2.7075 0.82625
v 0.5 2.62 0.8925
v 0.5 2.7075 0.8925
v 0.75625 2.62 0.72875
v 0.898125 2.62 0.72875
v 0.916875 2.62 0.7475
v 0.916875 2.62 0.9525
v 0.898125 2.62 0.97125
v 0.75625 2.62 0.97125
v 0.7375 2.62 0.9525
v 0.7375 2.62 0.7475
v 0.74625 2.63375 0.71125
v 0.908125 2.63375 0.71125
v 0.934375 2.63375 0.7375
v 0.934375 2.63375 0.9625
v 0.908125 2.63375 0.98875
v 0.74625 2.63375 0.98875
v 0.72 2.63375 0.9625
v 0.72 2.63375 0.7375
v 0.74625 2.701875 0.71125
v 0.908125 2.701875 0.71125
v 0.934375 2.701875 0.7375
v 0.934375 2.701875 0.9625
v 0.908125 2.701875 0.98875
v 0.74625 2.701875 0.98875
v 0.72 2.701875 0.9625
v 0.72 2.701875 0.7375
v 0.75125 2.715625 0.72375
v 0.903125 2.715625 0.72375
v 0.921875 2.715625 0.7425
v 0.921875 2.715625 0.9575
v 0.903125 2.715625 0.97625
v 0.75125 2.715625 0.97625
v 0.7325 2.715625 0.9575
v 0.7325 2.715625 0.7425
v 0.8271875 2.62 0.85
v 0.8271875 2.715625 0.85
vt 0.0625 0.9375
vt 0.9375 0.9375
vt 0.9375 0.0625
vt 0.0625 0.0625
vt 0.0625 0.9375
vt 0.9375 0.9375
vt 0.9375 0.0625
vt 0.0625 0.0625
vt 0.0625 0.9375
vt 0.9375 0.9375
vt 0.9375 0.0625
vt 0.0625 0.0625
vt 0.0625 0.9375
vt 0.9375 0.9375
vt 0.9375 0.0625
vt 0.0625 0.0625
vt 0.0625 0.9375
vt 0.9375 0.9375
vt 0.9375 0.0625
vt 0.0625 0.0625
vt 0.0625 0.9375
vt 0.9375 0.9375
vt 0.9375 0.0625
vt 0.0625 0.0625
vt 0.0625 0.9375
vt 0.9375 0.9375
vt 0.9375 0.0625
vt 0.0625 0.0625
vt 0.0625 0.9375
vt 0.9375 0.9375
vt 0.9375 0.0625
vt 0.0625 0.0625
vt 0.0625 0.9375
vt 0.9375 0.9375
vt 0.9375 0.0625
vt 0.0625 0.0625
vt 0.0625 0.9375
vt 0.9375 0.9375
vt 0.9375 0.0625
vt 0.0625 0.0625
vt 0.0625 0.9375
vt 0.9375 0.9375
vt 0.9375 0.0625
vt 0.0625 0.0625
vt 0.0625 0.9375
vt 0.9375 0.9375
vt 0.9375 0.0625
vt 0.0625 0.0625
vt 0.0625 0.9375
vt 0.9375 0.9375
vt 0.9375 0.0625
vt 0.0625 0.0625
vt 0.0625 0.9375
vt 0.9375 0.9375
vt 0.9375 0.0625
vt 0.0625 0.0625
vt 0.0625 0.9375
vt 0.9375 0.9375
vt 0.9375 0.0625
vt 0.0625 0.0625
vt 0.0625 0.9375
vt 0.9375 0.9375
vt 0.9375 0.0625
vt 0.0625 0.0625
vt 0.0625 0.9375
vt 0.9375 0.9375
vt 0.9375 0.0625
vt 0.0625 0.0625
vt 0.0625 0.9375
vt 0.9375 0.9375
vt 0.9375 0.0625
vt 0.0625 0.0625
vt 0.0625 0.9375
vt 0.9375 0.9375
vt 0.9375 0.0625
vt 0.0625 0.0625
vt 0.0625 0.9375
vt 0.9375 0.9375
vt 0.9375 0.0625
vt 0.0625 0.0625
vt 0.0625 0.9375
vt 0.9375 0.9375
vt 0.9375 0.0625
vt 0.0625 0.0625
vt 0.0625 0.9375
vt 0.9375 0.9375
vt 0.9375 0.0625
vt 0.0625 0.0625
vt 0.0625 0.9375
vt 0.9375 0.9375
vt 0.9375 0.0625
vt 0.0625 0.0625
vt 0.0625 0.9375
vt 0.9375 0.9375
vt 0.9375 0.0625
vt 0.0625 0.0625
vt 0.0625 0.9375
vt 0.9375 0.9375
vt 0.9375 0.0625
vt 0.0625 0.9375
vt 0.9375 0.9375
vt 0.9375 0.0625
vt 0.0625 0.9375
vt 0.9375 0.9375
vt 0.9375 0.0625
vt 0.0625 0.9375
vt 0.9375 0.9375
vt 0.9375 0.0625
vt 0.0625 0.9375
vt 0.9375 0.9375
vt 0.9375 0.0625
vt 0.0625 0.9375
vt 0.9375 0.9375
vt 0.9375 0.0625
vt 0.0625 0.9375
vt 0.9375 0.9375
vt 0.9375 0.0625
vt 0.0625 0.9375
vt 0.9375 0.9375
vt 0.9375 0.0625
vt 0.0625 0.9375
vt 0.9375 0.9375
vt 0.9375 0.0625
vt 0.0625 0.9375
vt 0.9375 0.9375
vt 0.9375 0.0625
vt 0.0625 0.9375
vt 0.9375 0.9375
vt 0.9375 0.0625
vt 0.0625 0.9375
vt 0.9375 0.9375
vt 0.9375 0.0625
vt 0.0625 0.9375
vt 0.9375 0.9375
vt 0.9375 0.0625
vt 0.0625 0.9375
vt 0.9375 0.9375
vt 0.9375 0.0625
vt 0.0625 0.9375
vt 0.9375 0.9375
vt 0.9375 0.0625
vt 0.0625 0.9375
vt 0.9375 0.9375
vt 0.9375 0.0625
vt 0.0625 0.9375
vt 0.9375 0.9375
vt 0.9375 0.0625
vt 0.0625 0.0625
vt 0.0625 0.9375
vt 0.9375 0.9375
vt 0.9375 0.0625
vt 0.0625 0.0625
vt 0.0625 0.9375
vt 0.9375 0.9375
vt 0.9375 0.0625
vt 0.0625 0.0625
vt 0.0625 0.9375
vt 0.9375 0.9375
vt 0.9375 0.0625
vt 0.0625 0.0625
vt 0.0625 0.9375
vt 0.9375 0.9375
vt 0.9375 0.0625
vt 0.0625 0.0625
vt 0.0625 0.9375
vt 0.9375 0.9375
vt 0.9375 0.0625
vt 0.0625 0.0625
vt 0.0625 0.9375
vt 0.9375 0.9375
vt 0.9375 0.0625
vt 0.0625 0.0625
vt 0.0625 0.9375
vt 0.9375 0.9375
vt 0.9375 0.0625
vt 0.0625 0.0625
vt 0.0625 0.9375
vt 0.9375 0.9375
vt 0.9375 0.0625
vt 0.0625 0.0625
vt 0.0625 0.9375
vt 0.9375 0.9375
vt 0.9375 0.0625
vt 0.0625 0.0625
vt 0.0625 0.9375
vt 0.9375 0.9375
vt 0.9375 0.0625
vt 0.0625 0.0625
vt 0.0625 0.9375
vt 0.9375 0.9375
vt 0.9375 0.0625
vt 0.0625 0.0625
vt 0.0625 0.9375
vt 0.9375 0.9375
vt 0.9375 0.0625
vt 0.0625 0.0625
vt 0.0625 0.9375
vt 0.9375 0.9375
vt 0.9375 0.0625
vt 0.0625 0.0625
vt 0.0625 0.9375
vt 0.9375 0.9375
vt 0.9375 0.0625
vt 0.0625 0.0625
vt 0.0625 0.9375
vt 0.9375 0.9375
vt 0.9375 0.0625
vt 0.0625 0.0625
vt 0.0625 0.9375
vt 0.9375 0.9375
vt 0.9375 0.0625
vt 0.0625 0.0625
vt 0.0625 0.9375
vt 0.9375 0.9375
vt 0.9375 0.0625
vt 0.0625 0.0625
vt 0.0625 0.9375
vt 0.9375 0.9375
vt 0.9375 0.0625
vt 0.0625 0.0625
vt 0.0625 0.9375
vt 0.9375 0.9375
vt 0.9375 0.0625
vt 0.0625 0.0625
vt 0.0625 0.9375
vt 0.9375 0.9375
vt 0.9375 0.0625
vt 0.0625 0.0625
vt 0.0625 0.9375
vt 0.9375 0.9375
vt 0.9375 0.0625
vt 0.0625 0.0625
vt 0.0625 0.9375
vt 0.9375 0.9375
vt 0.9375 0.0625
vt 0.0625 0.0625
vt 0.0625 0.9375
vt 0.9375 0.9375
vt 0.9375 0.0625
vt 0.0625 0.0625
vt 0.0625 0.9375
vt 0.9375 0.9375
vt 0.9375 0.0625
vt 0.0625 0.9375
vt 0.9375 0.9375
vt 0.9375 0.0625
vt 0.0625 0.9375
vt 0.9375 0.9375
vt 0.9375 0.0625
vt 0.0625 0.9375
vt 0.9375 0.9375
vt 0.9375 0.0625
vt 0.0625 0.9375
vt 0.9375 0.9375
vt 0.9375 0.0625
vt 0.0625 0.9375
vt 0.9375 0.9375
vt 0.9375 0.0625
vt 0.0625 0.9375
vt 0.9375 0.9375
vt 0.9375 0.0625
vt 0.0625 0.9375
vt 0.9375 0.9375
vt 0.9375 0.0625
vt 0.0625 0.9375
vt 0.9375 0.9375
vt 0.9375 0.0625
vt 0.0625 0.9375
vt 0.9375 0.9375
vt 0.9375 0.0625
vt 0.0625 0.9375
vt 0.9375 0.9375
vt 0.9375 0.0625
vt 0.0625 0.9375
vt 0.9375 0.9375
vt 0.9375 0.0625
vt 0.0625 0.9375
vt 0.9375 0.9375
vt 0.9375 0.0625
vt 0.0625 0.9375
vt 0.9375 0.9375
vt 0.9375 0.0625
vt 0.0625 0.9375
vt 0.9375 0.9375
vt 0.9375 0.0625
vt 0.0625 0.9375
vt 0.9375 0.9375
vt 0.9375 0.0625
vt 0.0625 0.9375
vt 0.9375 0.9375
vt 0.9375 0.0625
vt 0.0625 0.0625
vt 0.0625 0.9375
vt 0.9375 0.9375
vt 0.9375 0.0625
vt 0.0625 0.0625
vt 0.0625 0.9375
vt 0.9375 0.9375
vt 0.9375 0.0625
vt 0.0625 0.0625
vt 0.0625 0.9375
vt 0.9375 0.9375
vt 0.9375 0.0625
vt 0.0625 0.0625
vt 0.0625 0.9375
vt 0.9375 0.9375
vt 0.9375 0.0625
vt 0.0625 0.0625
vt 0.0625 0.9375
vt 0.9375 0.9375
vt 0.9375 0.0625
vt 0.0625 0.0625
vt 0.0625 0.9375
vt 0.9375 0.9375
vt 0.9375 0.0625
vt 0.0625 0.0625
vt 0.0625 0.9375
vt 0.9375 0.9375
vt 0.9375 0.0625
vt 0.0625 0.0625
vt 0.0625 0.9375
vt 0.9375 0.9375
vt 0.9375 0.0625
vt 0.0625 0.0625
vt 0.0625 0.9375
vt 0.9375 0.9375
vt 0.9375 0.0625
vt 0.0625 0.0625
vt 0.0625 0.9375
vt 0.9375 0.9375
vt 0.9375 0.0625
vt 0.0625 0.0625
vt 0.0625 0.9375
vt 0.9375 0.9375
vt 0.9375 0.0625
vt 0.0625 0.0625
vt 0.0625 0.9375
vt 0.9375 0.9375
vt 0.9375 0.0625
vt 0.0625 0.0625
vt 0.0625 0.9375
vt 0.9375 0.9375
vt 0.9375 0.0625
vt 0.0625 0.0625
vt 0.0625 0.9375
vt 0.9375 0.9375
vt 0.9375 0.0625
vt 0.0625 0.0625
vt 0.0625 0.9375
vt 0.9375 0.9375
vt 0.9375 0.0625
vt 0.0625 0.0625
vt 0.0625 0.9375
vt 0.9375 0.9375
vt 0.9375 0.0625
vt 0.0625 0.0625
vt 0.0625 0.9375
vt 0.9375 0.9375
vt 0.9375 0.0625
vt 0.0625 0.0625
vt 0.0625 0.9375
vt 0.9375 0.9375
vt 0.9375 0.0625
vt 0.0625 0.0625
vt 0.0625 0.9375
vt 0.9375 0.9375
vt 0.9375 0.0625
vt 0.0625 0.0625
vt 0.0625 0.9375
vt 0.9375 0.9375
vt 0.9375 0.0625
vt 0.0625 0.0625
vt 0.0625 0.9375
vt 0.9375 0.9375
vt 0.9375 0.0625
vt 0.0625 0.0625
vt 0.0625 0.9375
vt 0.9375 0.9375
vt 0.9375 0.0625
vt 0.0625 0.0625
vt 0.0625 0.9375
vt 0.9375 0.9375
vt 0.9375 0.0625
vt 0.0625 0.0625
vt 0.0625 0.9375
vt 0.9375 0.9375
vt 0.9375 0.0625
vt 0.0625 0.9375
vt 0.9375 0.9375
vt 0.9375 0.0625
vt 0.0625 0.9375
vt 0.9375 0.9375
vt 0.9375 0.0625
vt 0.0625 0.9375
vt 0.9375 0.9375
vt 0.9375 0.0625
vt 0.0625 0.9375
vt 0.9375 0.9375
vt 0.9375 0.0625
vt 0.0625 0.9375
vt 0.9375 0.9375
vt 0.9375 0.0625
vt 0.0625 0.9375
vt 0.9375 0.9375
vt 0.9375 0.0625
vt 0.0625 0.9375
vt 0.9375 0.9375
vt 0.9375 0.0625
vt 0.0625 0.9375
vt 0.9375 0.9375
vt 0.9375 0.0625
vt 0.0625 0.9375
vt 0.9375 0.9375
vt 0.9375 0.0625
vt 0.0625 0.9375
vt 0.9375 0.9375
vt 0.9375 0.0625
vt 0.0625 0.9375
vt 0.9375 0.9375
vt 0.9375 0.0625
vt 0.0625 0.9375
vt 0.9375 0.9375
vt 0.9375 0.0625
vt 0.0625 0.9375
vt 0.9375 0.9375
vt 0.9375 0.0625
vt 0.0625 0.9375
vt 0.9375 0.9375
vt 0.9375 0.0625
vt 0.0625 0.9375
vt 0.9375 0.9375
vt 0.9375 0.0625
vt 0.0625 0.9375
vt 0.9375 0.9375
vt 0.9375 0.0625
vt 0.0625 0.0625
vt 0.0625 0.9375
vt 0.9375 0.9375
vt 0.9375 0.0625
vt 0.0625 0.0625
vt 0.0625 0.9375
vt 0.9375 0.9375
vt 0.9375 0.0625
vt 0.0625 0.0625
vt 0.0625 0.9375
vt 0.9375 0.9375
vt 0.9375 0.0625
vt 0.0625 0.0625
vt 0.0625 0.9375
vt 0.9375 0.9375
vt 0.9375 0.0625
vt 0.0625 0.0625
vt 0.0625 0.9375
vt 0.9375 0.9375
vt 0.9375 0.0625
vt 0.0625 0.0625
vt 0.0625 0.9375
vt 0.9375 0.9375
vt 0.9375 0.0625
vt 0.0625 0.0625
vt 0.0625 0.9375
vt 0.9375 0.9375
vt 0.9375 0.0625
vt 0.0625 0.0625
vt 0.0625 0.9375
vt 0.9375 0.9375
vt 0.9375 0.0625
vt 0.0625 0.0625
vt 0.0625 0.9375
vt 0.9375 0.9375
vt 0.9375 0.0625
vt 0.0625 0.0625
vt 0.0625 0.9375
vt 0.9375 0.9375
vt 0.9375 0.0625
vt 0.0625 0.0625
vt 0.0625 0.9375
vt 0.9375 0.9375
vt 0.9375 0.0625
vt 0.0625 0.0625
vt 0.0625 0.9375
vt 0.9375 0.9375
vt 0.9375 0.0625
vt 0.0625 0.0625
vt 0.0625 0.9375
vt 0.9375 0.9375
vt 0.9375 0.0625
vt 0.0625 0.0625
vt 0.0625 0.9375
vt 0.9375 0.9375
vt 0.9375 0.0625
vt 0.0625 0.0625
vt 0.0625 0.9375
vt 0.9375 0.9375
vt 0.9375 0.0625
vt 0.0625 0.0625
vt 0.0625 0.9375
vt 0.9375 0.9375
vt 0.9375 0.0625
vt 0.0625 0.0625
vt 0.0625 0.9375
vt 0.9375 0.9375
vt 0.9375 0.0625
vt 0.0625 0.0625
vt 0.0625 0.9375
vt 0.9375 0.9375
vt 0.9375 0.0625
vt 0.0625 0.0625
vt 0.0625 0.9375
vt 0.9375 0.9375
vt 0.9375 0.0625
vt 0.0625 0.0625
vt 0.0625 0.9375
vt 0.9375 0.9375
vt 0.9375 0.0625
vt 0.0625 0.0625
vt 0.0625 0.9375
vt 0.9375 0.9375
vt 0.9375 0.0625
vt 0.0625 0.0625
vt 0.0625 0.9375
vt 0.9375 0.9375
vt 0.9375 0.0625
vt 0.0625 0.0625
vt 0.0625 0.9375
vt 0.9375 0.9375
vt 0.9375 0.0625
vt 0.0625 0.0625
vt 0.0625 0.9375
vt 0.9375 0.9375
vt 0.9375 0.0625
vt 0.0625 0.0625
vt 0.0625 0.9375
vt 0.9375 0.9375
vt 0.9375 0.0625
vt 0.0625 0.0625
vt 0.0625 0.9375
vt 0.9375 0.9375
vt 0.9375 0.0625
vt 0.0625 0.0625
vt 0.0625 0.9375
vt 0.9375 0.9375
vt 0.9375 0.0625
vt 0.0625 0.0625
vt 0.0625 0.9375
vt 0.9375 0.9375
vt 0.9375 0.0625
vt 0.0625 0.0625
vt 0.0625 0.9375
vt 0.9375 0.9375
vt 0.9375 0.0625
vt 0.0625 0.0625
vt 0.0625 0.9375
vt 0.9375 0.9375
vt 0.9375 0.0625
vt 0.0625 0.0625
vt 0.0625 0.9375
vt 0.9375 0.9375
vt 0.9375 0.0625
vt 0.0625 0.0625
vt 0.0625 0.9375
vt 0.9375 0.9375
vt 0.9375 0.0625
vt 0.0625 0.0625
vt 0.0625 0.9375
vt 0.9375 0.9375
vt 0.9375 0.0625
vt 0.0625 0.0625
vt 0.0625 0.9375
vt 0.9375 0.9375
vt 0.9375 0.0625
vt 0.0625 0.0625
vt 0.0625 0.9375
vt 0.9375 0.9375
vt 0.9375 0.0625
vt 0.0625 0.0625
vt 0.0625 0.9375
vt 0.9375 0.9375
vt 0.9375 0.0625
vt 0.0625 0.0625
vt 0.0625 0.9375
vt 0.9375 0.9375
vt 0.9375 0.0625
vt 0.0625 0.0625
vt 0.0625 0.9375
vt 0.9375 0.9375
vt 0.9375 0.0625
vt 0.0625 0.0625
vt 0.0625 0.9375
vt 0.9375 0.9375
vt 0.9375 0.0625
vt 0.0625 0.0625
vt 0.0625 0.9375
vt 0.9375 0.9375
vt 0.9375 0.0625
vt 0.0625 0.0625
vt 0.0625 0.9375
vt 0.9375 0.9375
vt 0.9375 0.0625
vt 0.0625 0.0625
vt 0.0625 0.9375
vt 0.9375 0.9375
vt 0.9375 0.0625
vt 0.0625 0.0625
vt 0.0625 0.9375
vt 0.9375 0.9375
vt 0.9375 0.0625
vt 0.0625 0.0625
vt 0.0625 0.9375
vt 0.9375 0.9375
vt 0.9375 0.0625
vt 0.0625 0.0625
vt 0.0625 0.9375
vt 0.9375 0.9375
vt 0.9375 0.0625
vt 0.0625 0.0625
vt 0.0625 0.9375
vt 0.9375 0.9375
vt 0.9375 0.0625
vt 0.0625 0.0625
vt 0.0625 0.9375
vt 0.9375 0.9375
vt 0.9375 0.0625
vt 0.0625 0.0625
vt 0.0625 0.9375
vt 0.9375 0.9375
vt 0.9375 0.0625
vt 0.0625 0.0625
vt 0.0625 0.9375
vt 0.9375 0.9375
vt 0.9375 0.0625
vt 0.0625 0.0625
vt 0.0625 0.9375
vt 0.9375 0.9375
vt 0.9375 0.0625
vt 0.0625 0.0625
vt 0.0625 0.9375
vt 0.9375 0.9375
vt 0.9375 0.0625
vt 0.0625 0.0625
vt 0.0625 0.9375
vt 0.9375 0.9375
vt 0.9375 0.0625
vt 0.0625 0.0625
vt 0.0625 0.9375
vt 0.9375 0.9375
vt 0.9375 0.0625
vt 0.0625 0.0625
vt 0.0625 0.9375
vt 0.9375 0.9375
vt 0.9375 0.0625
vt 0.0625 0.0625
vt 0.0625 0.9375
vt 0.9375 0.9375
vt 0.9375 0.0625
vt 0.0625 0.0625
vt 0.0625 0.9375
vt 0.9375 0.9375
vt 0.9375 0.0625
vt 0.0625 0.0625
vt 0.0625 0.9375
vt 0.9375 0.9375
vt 0.9375 0.0625
vt 0.0625 0.0625
vt 0.0625 0.9375
vt 0.9375 0.9375
vt 0.9375 0.0625
vt 0.0625 0.0625
vt 0.0625 0.9375
vt 0.9375 0.9375
vt 0.9375 0.0625
vt 0.0625 0.0625
vt 0.0625 0.9375
vt 0.9375 0.9375
vt 0.9375 0.0625
vt 0.0625 0.0625
vt 0.0625 0.9375
vt 0.9375 0.9375
vt 0.9375 0.0625
vt 0.0625 0.0625
vt 0.0625 0.9375
vt 0.9375 0.9375
vt 0.9375 0.0625
vt 0.0625 0.0625
vt 0.0625 0.9375
vt 0.9375 0.9375
vt 0.9375 0.0625
vt 0.0625 0.0625
vt 0.0625 0.9375
vt 0.9375 0.9375
vt 0.9375 0.0625
vt 0.0625 0.0625
vt 0.0625 0.9375
vt 0.9375 0.9375
vt 0.9375 0.0625
vt 0.0625 0.0625
vt 0.0625 0.9375
vt 0.9375 0.9375
vt 0.9375 0.0625
vt 0.0625 0.0625
vt 0.0625 0.9375
vt 0.9375 0.9375
vt 0.9375 0.0625
vt 0.0625 0.0625
vt 0.0625 0.9375
vt 0.9375 0.9375
vt 0.9375 0.0625
vt 0.0625 0.0625
vt 0.0625 0.9375
vt 0.9375 0.9375
vt 0.9375 0.0625
vt 0.0625 0.0625
vt 0.0625 0.9375
vt 0.9375 0.9375
vt 0.9375 0.0625
vt 0.0625 0.0625
vt 0.0625 0.9375
vt 0.9375 0.9375
vt 0.9375 0.0625
vt 0.0625 0.0625
vt 0.0625 0.9375
vt 0.9375 0.9375
vt 0.9375 0.0625
vt 0.0625 0.9375
vt 0.9375 0.9375
vt 0.9375 0.0625
vt 0.0625 0.9375
vt 0.9375 0.9375
vt 0.9375 0.0625
vt 0.0625 0.9375
vt 0.9375 0.9375
vt 0.9375 0.0625
vt 0.0625 0.9375
vt 0.9375 0.9375
vt 0.9375 0.0625
vt 0.0625 0.9375
vt 0.9375 0.9375
vt 0.9375 0.0625
vt 0.0625 0.9375
vt 0.9375 0.9375
vt 0.9375 0.0625
vt 0.0625 0.9375
vt 0.9375 0.9375
vt 0.9375 0.0625
vt 0.0625 0.9375
vt 0.9375 0.9375
vt 0.9375 0.0625
vt 0.0625 0.9375
vt 0.9375 0.9375
vt 0.9375 0.0625
vt 0.0625 0.9375
vt 0.9375 0.9375
vt 0.9375 0.0625
vt 0.0625 0.9375
vt 0.9375 0.9375
vt 0.9375 0.0625
vt 0.0625 0.9375
vt 0.9375 0.9375
vt 0.9375 0.0625
vt 0.0625 0.9375
vt 0.9375 0.9375
vt 0.9375 0.0625
vt 0.0625 0.9375
vt 0.9375 0.9375
vt 0.9375 0.0625
vt 0.0625 0.9375
vt 0.9375 0.9375
vt 0.9375 0.0625
vt 0.0625 0.9375
vt 0.9375 0.9375
vt 0.9375 0.0625
vt 0.0625 0.9375
vt 0.9375 0.9375
vt 0.9375 0.0625
vt 0.0625 0.9375
vt 0.9375 0.9375
vt 0.9375 0.0625
vt 0.0625 0.9375
vt 0.9375 0.9375
vt 0.9375 0.0625
vt 0.0625 0.9375
vt 0.9375 0.9375
vt 0.9375 0.0625
vt 0.0625 0.9375
vt 0.9375 0.9375
vt 0.9375 0.0625
vt 0.0625 0.9375
vt 0.9375 0.9375
vt 0.9375 0.0625
vt 0.0625 0.9375
vt 0.9375 0.9375
vt 0.9375 0.0625
vt 0.0625 0.9375
vt 0.9375 0.9375
vt 0.9375 0.0625
vt 0.0625 0.9375
vt 0.9375 0.9375
vt 0.9375 0.0625
vt 0.0625 0.9375
vt 0.9375 0.9375
vt 0.9375 0.0625
vt 0.0625 0.9375
vt 0.9375 0.9375
vt 0.9375 0.0625
vt 0.0625 0.9375
vt 0.9375 0.9375
vt 0.9375 0.0625
vt 0.0625 0.9375
vt 0.9375 0.9375
vt 0.9375 0.0625
vt 0.0625 0.9375
vt 0.9375 0.9375
vt 0.9375 0.0625
vt 0.0625 0.9375
vt 0.9375 0.9375
vt 0.9375 0.0625
vt 0.0625 0.9375
vt 0.9375 0.9375
vt 0.9375 0.0625
vt 0.0625 0.9375
vt 0.9375 0.9375
vt 0.9375 0.0625
vt 0.0625 0.9375
vt 0.9375 0.9375
vt 0.9375 0.0625
vt 0.0625 0.9375
vt 0.9375 0.9375
vt 0.9375 0.0625
vt 0.0625 0.9375
vt 0.9375 0.9375
vt 0.9375 0.0625
vt 0.0625 0.9375
vt 0.9375 0.9375
vt 0.9375 0.0625
vt 0.0625 0.9375
vt 0.9375 0.9375
vt 0.9375 0.0625
vt 0.0625 0.9375
vt 0.9375 0.9375
vt 0.9375 0.0625
vt 0.0625 0.9375
vt 0.9375 0.9375
vt 0.9375 0.0625
vt 0.0625 0.9375
vt 0.9375 0.9375
vt 0.9375 0.0625
vt 0.0625 0.9375
vt 0.9375 0.9375
vt 0.9375 0.0625
vt 0.0625 0.9375
vt 0.9375 0.9375
vt 0.9375 0.0625
vt 0.0625 0.9375
vt 0.9375 0.9375
vt 0.9375 0.0625
vt 0.0625 0.9375
vt 0.9375 0.9375
vt 0.9375 0.0625
vt 0.0625 0.9375
vt 0.9375 0.9375
vt 0.9375 0.0625
vt 0.0625 0.9375
vt 0.9375 0.9375
vt 0.9375 0.0625
vt 0.0625 0.9375
vt 0.9375 0.9375
vt 0.9375 0.0625
vt 0.0625 0.0625
vt 0.0625 0.9375
vt 0.9375 0.9375
vt 0.9375 0.0625
vt 0.0625 0.0625
vt 0.0625 0.9375
vt 0.9375 0.9375
vt 0.9375 0.0625
vt 0.0625 0.0625
vt 0.0625 0.9375
vt 0.9375 0.9375
vt 0.9375 0.0625
vt 0.0625 0.0625
vt 0.0625 0.9375
vt 0.9375 0.9375
vt 0.9375 0.0625
vt 0.0625 0.0625
vt 0.0625 0.9375
vt 0.9375 0.9375
vt 0.9375 0.0625
vt 0.0625 0.0625
vt 0.0625 0.9375
vt 0.9375 0.9375
vt 0.9375 0.0625
vt 0.0625 0.0625
vt 0.0625 0.9375
vt 0.9375 0.9375
vt 0.9375 0.0625
vt 0.0625 0.0625
vt 0.0625 0.9375
vt 0.9375 0.9375
vt 0.9375 0.0625
vt 0.0625 0.0625
vt 0.0625 0.9375
vt 0.9375 0.9375
vt 0.9375 0.0625
vt 0.0625 0.0625
vt 0.0625 0.9375
vt 0.9375 0.9375
vt 0.9375 0.0625
vt 0.0625 0.0625
vt 0.0625 0.9375
vt 0.9375 0.9375
vt 0.9375 0.0625
vt 0.0625 0.0625
vt 0.0625 0.9375
vt 0.9375 0.9375
vt 0.9375 0.0625
vt 0.0625 0.0625
vt 0.0625 0.9375
vt 0.9375 0.9375
vt 0.9375 0.0625
vt 0.0625 0.0625
vt 0.0625 0.9375
vt 0.9375 0.9375
vt 0.9375 0.0625
vt 0.0625 0.0625
vt 0.0625 0.9375
vt 0.9375 0.9375
vt 0.9375 0.0625
vt 0.0625 0.0625
vt 0.0625 0.9375
vt 0.9375 0.9375
vt 0.9375 0.0625
vt 0.0625 0.0625
vt 0.0625 0.9375
vt 0.9375 0.9375
vt 0.9375 0.0625
vt 0.0625 0.0625
vt 0.0625 0.9375
vt 0.9375 0.9375
vt 0.9375 0.0625
vt 0.0625 0.0625
vt 0.0625 0.9375
vt 0.9375 0.9375
vt 0.9375 0.0625
vt 0.0625 0.0625
vt 0.0625 0.9375
vt 0.9375 0.9375
vt 0.9375 0.0625
vt 0.0625 0.0625
vt 0.0625 0.9375
vt 0.9375 0.9375
vt 0.9375 0.0625
vt 0.0625 0.0625
vt 0.0625 0.9375
vt 0.9375 0.9375
vt 0.9375 0.0625
vt 0.0625 0.0625
vt 0.0625 0.9375
vt 0.9375 0.9375
vt 0.9375 0.0625
vt 0.0625 0.0625
vt 0.0625 0.9375
vt 0.9375 0.9375
vt 0.9375 0.0625
vt 0.0625 0.0625
vt 0.0625 0.9375
vt 0.9375 0.9375
vt 0.9375 0.0625
vt 0.0625 0.0625
vt 0.0625 0.9375
vt 0.9375 0.9375
vt 0.9375 0.0625
vt 0.0625 0.0625
vt 0.0625 0.9375
vt 0.9375 0.9375
vt 0.9375 0.0625
vt 0.0625 0.0625
vt 0.0625 0.9375
vt 0.9375 0.9375
vt 0.9375 0.0625
vt 0.0625 0.0625
vt 0.0625 0.9375
vt 0.9375 0.9375
vt 0.9375 0.0625
vt 0.0625 0.0625
vt 0.0625 0.9375
vt 0.9375 0.9375
vt 0.9375 0.0625
vt 0.0625 0.0625
vt 0.0625 0.9375
vt 0.9375 0.9375
vt 0.9375 0.0625
vt 0.0625 0.0625
vt 0.0625 0.9375
vt 0.9375 0.9375
vt 0.9375 0.0625
vt 0.0625 0.0625
vt 0.0625 0.9375
vt 0.9375 0.9375
vt 0.9375 0.0625
vt 0.0625 0.0625
vt 0.0625 0.9375
vt 0.9375 0.9375
vt 0.9375 0.0625
vt 0.0625 0.0625
vt 0.0625 0.9375
vt 0.9375 0.9375
vt 0.9375 0.0625
vt 0.0625 0.0625
vt 0.0625 0.9375
vt 0.9375 0.9375
vt 0.9375 0.0625
vt 0.0625 0.0625
vt 0.0625 0.9375
vt 0.9375 0.9375
vt 0.9375 0.0625
vt 0.0625 0.0625
vt 0.0625 0.9375
vt 0.9375 0.9375
vt 0.9375 0.0625
vt 0.0625 0.0625
vt 0.0625 0.9375
vt 0.9375 0.9375
vt 0.9375 0.0625
vt 0.0625 0.0625
vt 0.0625 0.9375
vt 0.9375 0.9375
vt 0.9375 0.0625
vt 0.0625 0.0625
vt 0.0625 0.9375
vt 0.9375 0.9375
vt 0.9375 0.0625
vt 0.0625 0.0625
vt 0.0625 0.9375
vt 0.9375 0.9375
vt 0.9375 0.0625
vt 0.0625 0.0625
vt 0.0625 0.9375
vt 0.9375 0.9375
vt 0.9375 0.0625
vt 0.0625 0.0625
vt 0.0625 0.9375
vt 0.9375 0.9375
vt 0.9375 0.0625
vt 0.0625 0.0625
vt 0.0625 0.9375
vt 0.9375 0.9375
vt 0.9375 0.0625
vt 0.0625 0.0625
vt 0.0625 0.9375
vt 0.9375 0.9375
vt 0.9375 0.0625
vt 0.0625 0.0625
vt 0.0625 0.9375
vt 0.9375 0.9375
vt 0.9375 0.0625
vt 0.0625 0.0625
vt 0.0625 0.9375
vt 0.9375 0.9375
vt 0.9375 0.0625
vt 0.0625 0.0625
vt 0.0625 0.9375
vt 0.9375 0.9375
vt 0.9375 0.0625
vt 0.0625 0.0625
vt 0.0625 0.9375
vt 0.9375 0.9375
vt 0.9375 0.0625
vt 0.0625 0.0625
vt 0.0625 0.9375
vt 0.9375 0.9375
vt 0.9375 0.0625
vt 0.0625 0.0625
vt 0.0625 0.9375
vt 0.9375 0.9375
vt 0.9375 0.0625
vt 0.0625 0.0625
vt 0.0625 0.9375
vt 0.9375 0.9375
vt 0.9375 0.0625
vt 0.0625 0.0625
vt 0.0625 0.9375
vt 0.9375 0.9375
vt 0.9375 0.0625
vt 0.0625 0.0625
vt 0.0625 0.9375
vt 0.9375 0.9375
vt 0.9375 0.0625
vt 0.0625 0.0625
vt 0.0625 0.9375
vt 0.9375 0.9375
vt 0.9375 0.0625
vt 0.0625 0.0625
vt 0.0625 0.9375
vt 0.9375 0.9375
vt 0.9375 0.0625
vt 0.0625 0.0625
vt 0.0625 0.9375
vt 0.9375 0.9375
vt 0.9375 0.0625
vt 0.0625 0.0625
vt 0.0625 0.9375
vt 0.9375 0.9375
vt 0.9375 0.0625
vt 0.0625 0.0625
vt 0.0625 0.9375
vt 0.9375 0.9375
vt 0.9375 0.0625
vt 0.0625 0.0625
vt 0.0625 0.9375
vt 0.9375 0.9375
vt 0.9375 0.0625
vt 0.0625 0.0625
vt 0.0625 0.9375
vt 0.9375 0.9375
vt 0.9375 0.0625
vt 0.0625 0.0625
vt 0.0625 0.9375
vt 0.9375 0.9375
vt 0.9375 0.0625
vt 0.0625 0.0625
vt 0.0625 0.9375
vt 0.9375 0.9375
vt 0.9375 0.0625
vt 0.0625 0.0625
vt 0.0625 0.9375
vt 0.9375 0.9375
vt 0.9375 0.0625
vt 0.0625 0.0625
vt 0.0625 0.9375
vt 0.9375 0.9375
vt 0.9375 0.0625
vt 0.0625 0.0625
vt 0.0625 0.9375
vt 0.9375 0.9375
vt 0.9375 0.0625
vt 0.0625 0.0625
vt 0.0625 0.9375
vt 0.9375 0.9375
vt 0.9375 0.0625
vt 0.0625 0.0625
vt 0.0625 0.9375
vt 0.9375 0.9375
vt 0.9375 0.0625
vt 0.0625 0.0625
vt 0.0625 0.9375
vt 0.9375 0.9375
vt 0.9375 0.0625
vt 0.0625 0.0625
vt 0.0625 0.9375
vt 0.9375 0.9375
vt 0.9375 0.0625
vt 0.0625 0.0625
vt 0.0625 0.9375
vt 0.9375 0.9375
vt 0.9375 0.0625
vt 0.0625 0.0625
vt 0.0625 0.9375
vt 0.9375 0.9375
vt 0.9375 0.0625
vt 0.0625 0.0625
vt 0.0625 0.9375
vt 0.9375 0.9375
vt 0.9375 0.0625
vt 0.0625 0.0625
vt 0.0625 0.9375
vt 0.9375 0.9375
vt 0.9375 0.0625
vt 0.0625 0.0625
vt 0.0625 0.9375
vt 0.9375 0.9375
vt 0.9375 0.0625
vt 0.0625 0.0625
vt 0.0625 0.9375
vt 0.9375 0.9375
vt 0.9375 0.0625
vt 0.0625 0.0625
vt 0.0625 0.9375
vt 0.9375 0.9375
vt 0.9375 0.0625
vt 0.0625 0.0625
vt 0.0625 0.9375
vt 0.9375 0.9375
vt 0.9375 0.0625
vt 0.0625 0.0625
vt 0.0625 0.9375
vt 0.9375 0.9375
vt 0.9375 0.0625
vt 0.0625 0.0625
vt 0.0625 0.9375
vt 0.9375 0.9375
vt 0.9375 0.0625
vt 0.0625 0.0625
vt 0.0625 0.9375
vt 0.9375 0.9375
vt 0.9375 0.0625
vt 0.0625 0.0625
vt 0.0625 0.9375
vt 0.9375 0.9375
vt 0.9375 0.0625
vt 0.0625 0.0625
vt 0.0625 0.9375
vt 0.9375 0.9375
vt 0.9375 0.0625
vt 0.0625 0.0625
vt 0.0625 0.9375
vt 0.9375 0.9375
vt 0.9375 0.0625
vt 0.0625 0.0625
vt 0.0625 0.9375
vt 0.9375 0.9375
vt 0.9375 0.0625
vt 0.0625 0.0625
vt 0.0625 0.9375
vt 0.9375 0.9375
vt 0.9375 0.0625
vt 0.0625 0.0625
vt 0.0625 0.9375
vt 0.9375 0.9375
vt 0.9375 0.0625
vt 0.0625 0.0625
vt 0.0625 0.9375
vt 0.9375 0.9375
vt 0.9375 0.0625
vt 0.0625 0.0625
vt 0.0625 0.9375
vt 0.9375 0.9375
vt 0.9375 0.0625
vt 0.0625 0.0625
vt 0.0625 0.9375
vt 0.9375 0.9375
vt 0.9375 0.0625
vt 0.0625 0.0625
vt 0.0625 0.9375
vt 0.9375 0.9375
vt 0.9375 0.0625
vt 0.0625 0.0625
vt 0.0625 0.9375
vt 0.9375 0.9375
vt 0.9375 0.0625
vt 0.0625 0.0625
vt 0.0625 0.9375
vt 0.9375 0.9375
vt 0.9375 0.0625
vt 0.0625 0.0625
vt 0.0625 0.9375
vt 0.9375 0.9375
vt 0.9375 0.0625
vt 0.0625 0.0625
vt 0.0625 0.9375
vt 0.9375 0.9375
vt 0.9375 0.0625
vt 0.0625 0.0625
vt 0.0625 0.9375
vt 0.9375 0.9375
vt 0.9375 0.0625
vt 0.0625 0.0625
vt 0.0625 0.9375
vt 0.9375 0.9375
vt 0.9375 0.0625
vt 0.0625 0.0625
vt 0.0625 0.9375
vt 0.9375 0.9375
vt 0.9375 0.0625
vt 0.0625 0.0625
vt 0.0625 0.9375
vt 0.9375 0.9375
vt 0.9375 0.0625
vt 0.0625 0.0625
vt 0.0625 0.9375
vt 0.9375 0.9375
vt 0.9375 0.0625
vt 0.0625 0.0625
vt 0.0625 0.9375
vt 0.9375 0.9375
vt 0.9375 0.0625
vt 0.0625 0.0625
vt 0.0625 0.9375
vt 0.9375 0.9375
vt 0.9375 0.0625
vt 0.0625 0.0625
vt 0.0625 0.9375
vt 0.9375 0.9375
vt 0.9375 0.0625
vt 0.0625 0.0625
vt 0.0625 0.9375
vt 0.9375 0.9375
vt 0.9375 0.0625
vt 0.0625 0.0625
vt 0.0625 0.9375
vt 0.9375 0.9375
vt 0.9375 0.0625
vt 0.0625 0.0625
vt 0.0625 0.9375
vt 0.9375 0.9375
vt 0.9375 0.0625
vt 0.0625 0.0625
vt 0.0625 0.9375
vt 0.9375 0.9375
vt 0.9375 0.0625
vt 0.0625 0.0625
vt 0.0625 0.9375
vt 0.9375 0.9375
vt 0.9375 0.0625
vt 0.0625 0.0625
vt 0.0625 0.9375
vt 0.9375 0.9375
vt 0.9375 0.0625
vt 0.0625 0.0625
vt 0.0625 0.9375
vt 0.9375 0.9375
vt 0.9375 0.0625
vt 0.0625 0.0625
vt 0.0625 0.9375
vt 0.9375 0.9375
vt 0.9375 0.0625
vt 0.0625 0.0625
vt 0.0625 0.9375
vt 0.9375 0.9375
vt 0.9375 0.0625
vt 0.0625 0.0625
vt 0.0625 0.9375
vt 0.9375 0.9375
vt 0.9375 0.0625
vt 0.0625 0.0625
vt 0.0625 0.9375
vt 0.9375 0.9375
vt 0.9375 0.0625
vt 0.0625 0.0625
vt 0.0625 0.9375
vt 0.9375 0.9375
vt 0.9375 0.0625
vt 0.0625 0.0625
vt 0.0625 0.9375
vt 0.9375 0.9375
vt 0.9375 0.0625
vt 0.0625 0.0625
vt 0.0625 0.9375
vt 0.9375 0.9375
vt 0.9375 0.0625
vt 0.0625 0.0625
vt 0.0625 0.9375
vt 0.9375 0.9375
vt 0.9375 0.0625
vt 0.0625 0.0625
vt 0.0625 0.9375
vt 0.9375 0.9375
vt 0.9375 0.0625
vt 0.0625 0.0625
vt 0.0625 0.9375
vt 0.9375 0.9375
vt 0.9375 0.0625
vt 0.0625 0.0625
vt 0.0625 0.9375
vt 0.9375 0.9375
vt 0.9375 0.0625
vt 0.0625 0.0625
vt 0.0625 0.9375
vt 0.9375 0.9375
vt 0.9375 0.0625
vt 0.0625 0.0625
vt 0.0625 0.9375
vt 0.9375 0.9375
vt 0.9375 0.0625
vt 0.0625 0.0625
vt 0.0625 0.9375
vt 0.9375 0.9375
vt 0.9375 0.0625
vt 0.0625 0.0625
vt 0.0625 0.9375
vt 0.9375 0.9375
vt 0.9375 0.0625
vt 0.0625 0.0625
vt 0.0625 0.9375
vt 0.9375 0.9375
vt 0.9375 0.0625
vt 0.0625 0.0625
vt 0.0625 0.9375
vt 0.9375 0.9375
vt 0.9375 0.0625
vt 0.0625 0.0625
vt 0.0625 0.9375
vt 0.9375 0.9375
vt 0.9375 0.0625
vt 0.0625 0.0625
vt 0.0625 0.9375
vt 0.9375 0.9375
vt 0.9375 0.0625
vt 0.0625 0.0625
vt 0.0625 0.9375
vt 0.9375 0.9375
vt 0.9375 0.0625
vt 0.0625 0.0625
vt 0.0625 0.9375
vt 0.9375 0.9375
vt 0.9375 0.0625
vt 0.0625 0.0625
vt 0.0625 0.9375
vt 0.9375 0.9375
vt 0.9375 0.0625
vt 0.0625 0.0625
vt 0.0625 0.9375
vt 0.9375 0.9375
vt 0.9375 0.0625
vt 0.0625 0.0625
vt 0.0625 0.9375
vt 0.9375 0.9375
vt 0.9375 0.0625
vt 0.0625 0.0625
vt 0.0625 0.9375
vt 0.9375 0.9375
vt 0.9375 0.0625
vt 0.0625 0.0625
vt 0.0625 0.9375
vt 0.9375 0.9375
vt 0.9375 0.0625
vt 0.0625 0.0625
vt 0.0625 0.9375
vt 0.9375 0.9375
vt 0.9375 0.0625
vt 0.0625 0.0625
vt 0.0625 0.9375
vt 0.9375 0.9375
vt 0.9375 0.0625
vt 0.0625 0.0625
vt 0.0625 0.9375
vt 0.9375 0.9375
vt 0.9375 0.0625
vt 0.0625 0.0625
vt 0.0625 0.9375
vt 0.9375 0.9375
vt 0.9375 0.0625
vt 0.0625 0.0625
vt 0.0625 0.9375
vt 0.9375 0.9375
vt 0.9375 0.0625
vt 0.0625 0.0625
vt 0.0625 0.9375
vt 0.9375 0.9375
vt 0.9375 0.0625
vt 0.0625 0.0625
vt 0.0625 0.9375
vt 0.9375 0.9375
vt 0.9375 0.0625
vt 0.0625 0.0625
vt 0.0625 0.9375
vt 0.9375 0.9375
vt 0.9375 0.0625
vt 0.0625 0.0625
vt 0.0625 0.9375
vt 0.9375 0.9375
vt 0.9375 0.0625
vt 0.0625 0.0625
vt 0.0625 0.9375
vt 0.9375 0.9375
vt 0.9375 0.0625
vt 0.0625 0.0625
vt 0.0625 0.9375
vt 0.9375 0.9375
vt 0.9375 0.0625
vt 0.0625 0.0625
vt 0.0625 0.9375
vt 0.9375 0.9375
vt 0.9375 0.0625
vt 0.0625 0.0625
vt 0.0625 0.9375
vt 0.9375 0.9375
vt 0.9375 0.0625
vt 0.0625 0.0625
vt 0.0625 0.9375
vt 0.9375 0.9375
vt 0.9375 0.0625
vt 0.0625 0.0625
vt 0.0625 0.9375
vt 0.9375 0.9375
vt 0.9375 0.0625
vt 0.0625 0.0625
vt 0.0625 0.9375
vt 0.9375 0.9375
vt 0.9375 0.0625
vt 0.0625 0.0625
vt 0.0625 0.9375
vt 0.9375 0.9375
vt 0.9375 0.0625
vt 0.0625 0.0625
vt 0.0625 0.9375
vt 0.9375 0.9375
vt 0.9375 0.0625
vt 0.0625 0.0625
vt 0.0625 0.9375
vt 0.9375 0.9375
vt 0.9375 0.0625
vt 0.0625 0.0625
vt 0.0625 0.9375
vt 0.9375 0.9375
vt 0.9375 0.0625
vt 0.0625 0.0625
vt 0.0625 0.9375
vt 0.9375 0.9375
vt 0.9375 0.0625
vt 0.0625 0.0625
vt 0.0625 0.9375
vt 0.9375 0.9375
vt 0.9375 0.0625
vt 0.0625 0.0625
vt 0.0625 0.9375
vt 0.9375 0.9375
vt 0.9375 0.0625
vt 0.0625 0.0625
vt 0.0625 0.9375
vt 0.9375 0.9375
vt 0.9375 0.0625
vt 0.0625 0.0625
vt 0.0625 0.9375
vt 0.9375 0.9375
vt 0.9375 0.0625
vt 0.0625 0.0625
vt 0.0625 0.9375
vt 0.9375 0.9375
vt 0.9375 0.0625
vt 0.0625 0.0625
vt 0.0625 0.9375
vt 0.9375 0.9375
vt 0.9375 0.0625
vt 0.0625 0.0625
vt 0.0625 0.9375
vt 0.9375 0.9375
vt 0.9375 0.0625
vt 0.0625 0.0625
vt 0.0625 0.9375
vt 0.9375 0.9375
vt 0.9375 0.0625
vt 0.0625 0.0625
vt 0.0625 0.9375
vt 0.9375 0.9375
vt 0.9375 0.0625
vt 0.0625 0.0625
vt 0.0625 0.9375
vt 0.9375 0.9375
vt 0.9375 0.0625
vt 0.0625 0.0625
vt 0.0625 0.9375
vt 0.9375 0.9375
vt 0.9375 0.0625
vt 0.0625 0.0625
vt 0.0625 0.9375
vt 0.9375 0.9375
vt 0.9375 0.0625
vt 0.0625 0.0625
vt 0.0625 0.9375
vt 0.9375 0.9375
vt 0.9375 0.0625
vt 0.0625 0.0625
vt 0.0625 0.9375
vt 0.9375 0.9375
vt 0.9375 0.0625
vt 0.0625 0.0625
vt 0.0625 0.9375
vt 0.9375 0.9375
vt 0.9375 0.0625
vt 0.0625 0.0625
vt 0.0625 0.9375
vt 0.9375 0.9375
vt 0.9375 0.0625
vt 0.0625 0.0625
vt 0.0625 0.9375
vt 0.9375 0.9375
vt 0.9375 0.0625
vt 0.0625 0.0625
vt 0.0625 0.9375
vt 0.9375 0.9375
vt 0.9375 0.0625
vt 0.0625 0.0625
vt 0.0625 0.9375
vt 0.9375 0.9375
vt 0.9375 0.0625
vt 0.0625 0.0625
vt 0.0625 0.9375
vt 0.9375 0.9375
vt 0.9375 0.0625
vt 0.0625 0.0625
vt 0.0625 0.9375
vt 0.9375 0.9375
vt 0.9375 0.0625
vt 0.0625 0.0625
vt 0.0625 0.9375
vt 0.9375 0.9375
vt 0.9375 0.0625
vt 0.0625 0.0625
vt 0.0625 0.9375
vt 0.9375 0.9375
vt 0.9375 0.0625
vt 0.0625 0.0625
vt 0.0625 0.9375
vt 0.9375 0.9375
vt 0.9375 0.0625
vt 0.0625 0.0625
vt 0.0625 0.9375
vt 0.9375 0.9375
vt 0.9375 0.0625
vt 0.0625 0.0625
vt 0.0625 0.9375
vt 0.9375 0.9375
vt 0.9375 0.0625
vt 0.0625 0.0625
vt 0.0625 0.9375
vt 0.9375 0.9375
vt 0.9375 0.0625
vt 0.0625 0.0625
vt 0.0625 0.9375
vt 0.9375 0.9375
vt 0.9375 0.0625
vt 0.0625 0.0625
vt 0.0625 0.9375
vt 0.9375 0.9375
vt 0.9375 0.0625
vt 0.0625 0.0625
vt 0.0625 0.9375
vt 0.9375 0.9375
vt 0.9375 0.0625
vt 0.0625 0.0625
vt 0.0625 0.9375
vt 0.9375 0.9375
vt 0.9375 0.0625
vt 0.0625 0.0625
vt 0.0625 0.9375
vt 0.9375 0.9375
vt 0.9375 0.0625
vt 0.0625 0.0625
vt 0.0625 0.9375
vt 0.9375 0.9375
vt 0.9375 0.0625
vt 0.0625 0.0625
vt 0.915012622 0.445362552
vt 0.925934007 0.443924724
vt 0.896907309 0.33559561
vt 0.886730198 0.339811107
vt 0.886730198 0.339811107
vt 0.896907309 0.33559561
vt 0.840832033 0.238470383
vt 0.83209275 0.245176271
vt 0.83209275 0.245176271
vt 0.840832033 0.238470383
vt 0.761529617 0.159167967
vt 0.754823729 0.16790725
vt 0.754823729 0.16790725
vt 0.761529617 0.159167967
vt 0.66440439 0.103092691
vt 0.660188893 0.113269802
vt 0.660188893 0.113269802
vt 0.66440439 0.103092691
vt 0.556075276 0.0740659928
vt 0.554637448 0.0849873776
vt 0.554637448 0.0849873776
vt 0.556075276 0.0740659928
vt 0.443924724 0.0740659928
vt 0.445362552 0.0849873776
vt 0.445362552 0.0849873776
vt 0.443924724 0.0740659928
vt 0.33559561 0.103092691
vt 0.339811107 0.113269802
vt 0.339811107 0.113269802
vt 0.33559561 0.103092691
vt 0.238470383 0.159167967
vt 0.245176271 0.16790725
vt 0.245176271 0.16790725
vt 0.238470383 0.159167967
vt 0.159167967 0.238470383
vt 0.16790725 0.245176271
vt 0.16790725 0.245176271
vt 0.159167967 0.238470383
vt 0.103092691 0.33559561
vt 0.113269802 0.339811107
vt 0.113269802 0.339811107
vt 0.103092691 0.33559561
vt 0.0740659928 0.443924724
vt 0.0849873776 0.445362552
vt 0.0849873776 0.445362552
vt 0.0740659928 0.443924724
vt 0.0740659928 0.556075276
vt 0.0849873776 0.554637448
vt 0.0849873776 0.554637448
vt 0.0740659928 0.556075276
vt 0.103092691 0.66440439
vt 0.113269802 0.660188893
vt 0.113269802 0.660188893
vt 0.103092691 0.66440439
vt 0.159167967 0.761529617
vt 0.16790725 0.754823729
vt 0.16790725 0.754823729
vt 0.159167967 0.761529617
vt 0.238470383 0.840832033
vt 0.245176271 0.83209275
vt 0.245176271 0.83209275
vt 0.238470383 0.840832033
vt 0.33559561 0.896907309
vt 0.339811107 0.886730198
vt 0.339811107 0.886730198
vt 0.33559561 0.896907309
vt 0.443924724 0.925934007
vt 0.445362552 0.915012622
vt 0.445362552 0.915012622
vt 0.443924724 0.925934007
vt 0.556075276 0.925934007
vt 0.554637448 0.915012622
vt 0.554637448 0.915012622
vt 0.556075276 0.925934007
vt 0.66440439 0.896907309
vt 0.660188893 0.886730198
vt 0.660188893 0.886730198
vt 0.66440439 0.896907309
vt 0.761529617 0.840832033
vt 0.754823729 0.83209275
vt 0.754823729 0.83209275
vt 0.761529617 0.840832033
vt 0.840832033 0.761529617
vt 0.83209275 0.754823729
vt 0.83209275 0.754823729
vt 0.840832033 0.761529617
vt 0.896907309 0.66440439
vt 0.886730198 0.660188893
vt 0.886730198 0.660188893
vt 0.896907309 0.66440439
vt 0.925934007 0.556075276
vt 0.915012622 0.554637448
vt 0.915012622 0.554637448
vt 0.925934007 0.556075276
vt 0.925934007 0.443924724
vt 0.915012622 0.445362552
vt 0.925934007 0.443924724
vt 0.925934007 0.443924724
vt 0.896907309 0.33559561
vt 0.896907309 0.33559561
vt 0.896907309 0.33559561
vt 0.896907309 0.33559561
vt 0.840832033 0.238470383
vt 0.840832033 0.238470383
vt 0.840832033 0.238470383
vt 0.840832033 0.238470383
vt 0.761529617 0.159167967
vt 0.761529617 0.159167967
vt 0.761529617 0.159167967
vt 0.761529617 0.159167967
vt 0.66440439 0.103092691
vt 0.66440439 0.103092691
vt 0.66440439 0.103092691
vt 0.66440439 0.103092691
vt 0.556075276 0.0740659928
vt 0.556075276 0.0740659928
vt 0.556075276 0.0740659928
vt 0.556075276 0.0740659928
vt 0.443924724 0.0740659928
vt 0.443924724 0.0740659928
vt 0.443924724 0.0740659928
vt 0.443924724 0.0740659928
vt 0.33559561 0.103092691
vt 0.33559561 0.103092691
vt 0.33559561 0.103092691
vt 0.33559561 0.103092691
vt 0.238470383 0.159167967
vt 0.238470383 0.159167967
vt 0.238470383 0.159167967
vt 0.238470383 0.159167967
vt 0.159167967 0.238470383
vt 0.159167967 0.238470383
vt 0.159167967 0.238470383
vt 0.159167967 0.238470383
vt 0.103092691 0.33559561
vt 0.103092691 0.33559561
vt 0.103092691 0.33559561
vt 0.103092691 0.33559561
vt 0.0740659928 0.443924724
vt 0.0740659928 0.443924724
vt 0.0740659928 0.443924724
vt 0.0740659928 0.443924724
vt 0.0740659928 0.556075276
vt 0.0740659928 0.556075276
vt 0.0740659928 0.556075276
vt 0.0740659928 0.556075276
vt 0.103092691 0.66440439
vt 0.103092691 0.66440439
vt 0.103092691 0.66440439
vt 0.103092691 0.66440439
vt 0.159167967 0.761529617
vt 0.159167967 0.761529617
vt 0.159167967 0.761529617
vt 0.159167967 0.761529617
vt 0.238470383 0.840832033
vt 0.238470383 0.840832033
vt 0.238470383 0.840832033
vt 0.238470383 0.840832033
vt 0.33559561 0.896907309
vt 0.33559561 0.896907309
vt 0.33559561 0.896907309
vt 0.33559561 0.896907309
vt 0.443924724 0.925934007
vt 0.443924724 0.925934007
vt 0.443924724 0.925934007
vt 0.443924724 0.925934007
vt 0.556075276 0.925934007
vt 0.556075276 0.925934007
vt 0.556075276 0.925934007
vt 0.556075276 0.925934007
vt 0.66440439 0.896907309
vt 0.66440439 0.896907309
vt 0.66440439 0.896907309
vt 0.66440439 0.896907309
vt 0.761529617 0.840832033
vt 0.761529617 0.840832033
vt 0.761529617 0.840832033
vt 0.761529617 0.840832033
vt 0.840832033 0.761529617
vt 0.840832033 0.761529617
vt 0.840832033 0.761529617
vt 0.840832033 0.761529617
vt 0.896907309 0.66440439
vt 0.896907309 0.66440439
vt 0.896907309 0.66440439
vt 0.896907309 0.66440439
vt 0.925934007 0.556075276
vt 0.925934007 0.556075276
vt 0.925934007 0.556075276
vt 0.925934007 0.556075276
vt 0.925934007 0.443924724
vt 0.925934007 0.443924724
vt 0.925934007 0.443924724
vt 0.915012622 0.445362552
vt 0.886730198 0.339811107
vt 0.896907309 0.33559561
vt 0.896907309 0.33559561
vt 0.886730198 0.339811107
vt 0.83209275 0.245176271
vt 0.840832033 0.238470383
vt 0.840832033 0.238470383
vt 0.83209275 0.245176271
vt 0.754823729 0.16790725
vt 0.761529617 0.159167967
vt 0.761529617 0.159167967
vt 0.754823729 0.16790725
vt 0.660188893 0.113269802
vt 0.66440439 0.103092691
vt 0.66440439 0.103092691
vt 0.660188893 0.113269802
vt 0.554637448 0.0849873776
vt 0.556075276 0.0740659928
vt 0.556075276 0.0740659928
vt 0.554637448 0.0849873776
vt 0.445362552 0.0849873776
vt 0.443924724 0.0740659928
vt 0.443924724 0.0740659928
vt 0.445362552 0.0849873776
vt 0.339811107 0.113269802
vt 0.33559561 0.103092691
vt 0.33559561 0.103092691
vt 0.339811107 0.113269802
vt 0.245176271 0.16790725
vt 0.238470383 0.159167967
vt 0.238470383 0.159167967
vt 0.245176271 0.16790725
vt 0.16790725 0.245176271
vt 0.159167967 0.238470383
vt 0.159167967 0.238470383
vt 0.16790725 0.245176271
vt 0.113269802 0.339811107
vt 0.103092691 0.33559561
vt 0.103092691 0.33559561
vt 0.113269802 0.339811107
vt 0.0849873776 0.445362552
vt 0.0740659928 0.443924724
vt 0.0740659928 0.443924724
vt 0.0849873776 0.445362552
vt 0.0849873776 0.554637448
vt 0.0740659928 0.556075276
vt 0.0740659928 0.556075276
vt 0.0849873776 0.554637448
vt 0.113269802 0.660188893
vt 0.103092691 0.66440439
vt 0.103092691 0.66440439
vt 0.113269802 0.660188893
vt 0.16790725 0.754823729
vt 0.159167967 0.761529617
vt 0.159167967 0.761529617
vt 0.16790725 0.754823729
vt 0.245176271 0.83209275
vt 0.238470383 0.840832033
vt 0.238470383 0.840832033
vt 0.245176271 0.83209275
vt 0.339811107 0.886730198
vt 0.33559561 0.896907309
vt 0.33559561 0.896907309
vt 0.339811107 0.886730198
vt 0.445362552 0.915012622
vt 0.443924724 0.925934007
vt 0.443924724 0.925934007
vt 0.445362552 0.915012622
vt 0.554637448 0.915012622
vt 0.556075276 0.925934007
vt 0.556075276 0.925934007
vt 0.554637448 0.915012622
vt 0.660188893 0.886730198
vt 0.66440439 0.896907309
vt 0.66440439 0.896907309
vt 0.660188893 0.886730198
vt 0.754823729 0.83209275
vt 0.761529617 0.840832033
vt 0.761529617 0.840832033
vt 0.754823729 0.83209275
vt 0.83209275 0.754823729
vt 0.840832033 0.761529617
vt 0.840832033 0.761529617
vt 0.83209275 0.754823729
vt 0.886730198 0.660188893
vt 0.896907309 0.66440439
vt 0.896907309 0.66440439
vt 0.886730198 0.660188893
vt 0.915012622 0.554637448
vt 0.925934007 0.556075276
vt 0.925934007 0.556075276
vt 0.915012622 0.554637448
vt 0.915012622 0.445362552
vt 0.925934007 0.443924724
vt 0.5 0.5
vt 0.915012622 0.445362552
vt 0.886730198 0.339811107
vt 0.5 0.5
vt 0.886730198 0.339811107
vt 0.915012622 0.445362552
vt 0.5 0.5
vt 0.886730198 0.339811107
vt 0.83209275 0.245176271
vt 0.5 0.5
vt 0.83209275 0.245176271
vt 0.886730198 0.339811107
vt 0.5 0.5
vt 0.83209275 0.245176271
vt 0.754823729 0.16790725
vt 0.5 0.5
vt 0.754823729 0.16790725
vt 0.83209275 0.245176271
vt 0.5 0.5
vt 0.754823729 0.16790725
vt 0.660188893 0.113269802
vt 0.5 0.5
vt 0.660188893 0.113269802
vt 0.754823729 0.16790725
vt 0.5 0.5
vt 0.660188893 0.113269802
vt 0.554637448 0.0849873776
vt 0.5 0.5
vt 0.554637448 0.0849873776
vt 0.660188893 0.113269802
vt 0.5 0.5
vt 0.554637448 0.0849873776
vt 0.445362552 0.0849873776
vt 0.5 0.5
vt 0.445362552 0.0849873776
vt 0.554637448 0.0849873776
vt 0.5 0.5
vt 0.445362552 0.0849873776
vt 0.339811107 0.113269802
vt 0.5 0.5
vt 0.339811107 0.113269802
vt 0.445362552 0.0849873776
vt 0.5 0.5
vt 0.339811107 0.113269802
vt 0.245176271 0.16790725
vt 0.5 0.5
vt 0.245176271 0.16790725
vt 0.339811107 0.113269802
vt 0.5 0.5
vt 0.245176271 0.16790725
vt 0.16790725 0.245176271
vt 0.5 0.5
vt 0.16790725 0.245176271
vt 0.245176271 0.16790725
vt 0.5 0.5
vt 0.16790725 0.245176271
vt 0.113269802 0.339811107
vt 0.5 0.5
vt 0.113269802 0.339811107
vt 0.16790725 0.245176271
vt 0.5 0.5
vt 0.113269802 0.339811107
vt 0.0849873776 0.445362552
vt 0.5 0.5
vt 0.0849873776 0.445362552
vt 0.113269802 0.339811107
vt 0.5 0.5
vt 0.0849873776 0.445362552
vt 0.0849873776 0.554637448
vt 0.5 0.5
vt 0.0849873776 0.554637448
vt 0.0849873776 0.445362552
vt 0.5 0.5
vt 0.0849873776 0.554637448
vt 0.113269802 0.660188893
vt 0.5 0.5
vt 0.113269802 0.660188893
vt 0.0849873776 0.554637448
vt 0.5 0.5
vt 0.113269802 0.660188893
vt 0.16790725 0.754823729
vt 0.5 0.5
vt 0.16790725 0.754823729
vt 0.113269802 0.660188893
vt 0.5 0.5
vt 0.16790725 0.754823729
vt 0.245176271 0.83209275
vt 0.5 0.5
vt 0.245176271 0.83209275
vt 0.16790725 0.754823729
vt 0.5 0.5
vt 0.245176271 0.83209275
vt 0.339811107 0.886730198
vt 0.5 0.5
vt 0.339811107 0.886730198
vt 0.245176271 0.83209275
vt 0.5 0.5
vt 0.339811107 0.886730198
vt 0.445362552 0.915012622
vt 0.5 0.5
vt 0.445362552 0.915012622
vt 0.339811107 0.886730198
vt 0.5 0.5
vt 0.445362552 0.915012622
vt 0.554637448 0.915012622
vt 0.5 0.5
vt 0.554637448 0.915012622
vt 0.445362552 0.915012622
vt 0.5 0.5
vt 0.554637448 0.915012622
vt 0.660188893 0.886730198
vt 0.5 0.5
vt 0.660188893 0.886730198
vt 0.554637448 0.915012622
vt 0.5 0.5
vt 0.660188893 0.886730198
vt 0.754823729 0.83209275
vt 0.5 0.5
vt 0.754823729 0.83209275
vt 0.660188893 0.886730198
vt 0.5 0.5
vt 0.754823729 0.83209275
vt 0.83209275 0.754823729
vt 0.5 0.5
vt 0.83209275 0.754823729
vt 0.754823729 0.83209275
vt 0.5 0.5
vt 0.83209275 0.754823729
vt 0.886730198 0.660188893
vt 0.5 0.5
vt 0.886730198 0.660188893
vt 0.83209275 0.754823729
vt 0.5 0.5
vt 0.886730198 0.660188893
vt 0.915012622 0.554637448
vt 0.5 0.5
vt 0.915012622 0.554637448
vt 0.886730198 0.660188893
vt 0.5 0.5
vt 0.915012622 0.554637448
vt 0.915012622 0.445362552
vt 0.5 0.5
vt 0.915012622 0.445362552
vt 0.915012622 0.554637448
vt 0.99742268 0
vt 0.99742268 0.000901442308
vt 0.00257731959 0.000901442308
vt 0.00257731959 0
vt 0.00257731959 0
vt 0.00257731959 0.000901442308
vt 0 0.000901442308
vt 0.00103092784 0
vt 0.00103092784 0
vt 0 0.000901442308
vt 0 0.000901442308
vt 0.00103092784 0
vt 0.00103092784 0
vt 0 0.000901442308
vt 0.00257731959 0.000901442308
vt 0.00257731959 0
vt 0.00257731959 0
vt 0.00257731959 0.000901442308
vt 0.99742268 0.000901442308
vt 0.99742268 0
vt 0.99742268 0
vt 0.99742268 0.000901442308
vt 1 0.000901442308
vt 0.998969072 0
vt 0.998969072 0
vt 1 0.000901442308
vt 1 0.000901442308
vt 0.998969072 0
vt 0.998969072 0
vt 1 0.000901442308
vt 0.99742268 0.000901442308
vt 0.99742268 0
vt 0.99742268 0.000901442308
vt 0.99742268 0.233473558
vt 0.00257731959 0.233473558
vt 0.00257731959 0.000901442308
vt 0.00257731959 0.000901442308
vt 0.00257731959 0.233473558
vt 0 0.233473558
vt 0 0.000901442308
vt 0 0.000901442308
vt 0 0.233473558
vt 0 0.233473558
vt 0 0.000901442308
vt 0 0.000901442308
vt 0 0.233473558
vt 0.00257731959 0.233473558
vt 0.00257731959 0.000901442308
vt 0.00257731959 0.000901442308
vt 0.00257731959 0.233473558
vt 0.99742268 0.233473558
vt 0.99742268 0.000901442308
vt 0.99742268 0.000901442308
vt 0.99742268 0.233473558
vt 1 0.233473558
vt 1 0.000901442308
vt 1 0.000901442308
vt 1 0.233473558
vt 1 0.233473558
vt 1 0.000901442308
vt 1 0.000901442308
vt 1 0.233473558
vt 0.99742268 0.233473558
vt 0.99742268 0.000901442308
vt 0.99742268 0.233473558
vt 0.99742268 0.234375
vt 0.00257731959 0.234375
vt 0.00257731959 0.233473558
vt 0.00257731959 0.233473558
vt 0.00257731959 0.234375
vt 0.00103092784 0.234375
vt 0 0.233473558
vt 0 0.233473558
vt 0.00103092784 0.234375
vt 0.00103092784 0.234375
vt 0 0.233473558
vt 0 0.233473558
vt 0.00103092784 0.234375
vt 0.00257731959 0.234375
vt 0.00257731959 0.233473558
vt 0.00257731959 0.233473558
vt 0.00257731959 0.234375
vt 0.99742268 0.234375
vt 0.99742268 0.233473558
vt 0.99742268 0.233473558
vt 0.99742268 0.234375
vt 0.998969072 0.234375
vt 1 0.233473558
vt 1 0.233473558
vt 0.998969072 0.234375
vt 0.998969072 0.234375
vt 1 0.233473558
vt 1 0.233473558
vt 0.998969072 0.234375
vt 0.99742268 0.234375
vt 0.99742268 0.233473558
vt 0.5 0
vt 0.99742268 0
vt 0.00257731959 0
vt 0.5 0.234375
vt 0.00257731959 0.234375
vt 0.99742268 0.234375
vt 0.5 0
vt 0.00257731959 0
vt 0.00103092784 0
vt 0.5 0.234375
vt 0.00103092784 0.234375
vt 0.00257731959 0.234375
vt 0.5 0
vt 0.00103092784 0
vt 0.00103092784 0
vt 0.5 0.234375
vt 0.00103092784 0.234375
vt 0.00103092784 0.234375
vt 0.5 0
vt 0.00103092784 0
vt 0.00257731959 0
vt 0.5 0.234375
vt 0.00257731959 0.234375
vt 0.00103092784 0.234375
vt 0.5 0
vt 0.00257731959 0
vt 0.99742268 0
vt 0.5 0.234375
vt 0.99742268 0.234375
vt 0.00257731959 0.234375
vt 0.5 0
vt 0.99742268 0
vt 0.998969072 0
vt 0.5 0.234375
vt 0.998969072 0.234375
vt 0.99742268 0.234375
vt 0.5 0
vt 0.998969072 0
vt 0.998969072 0
vt 0.5 0.234375
vt 0.998969072 0.234375
vt 0.998969072 0.234375
vt 0.5 0
vt 0.998969072 0
vt 0.99742268 0
vt 0.5 0.234375
vt 0.99742268 0.234375
vt 0.998969072 0.234375
vt 0.0625 0.9375
vt 0.9375 0.9375
vt 0.9375 0.0625
vt 0.0625 0.0625
vt 0.0625 0.9375
vt 0.9375 0.9375
vt 0.9375 0.0625
vt 0.0625 0.0625
vt 0.0625 0.9375
vt 0.9375 0.9375
vt 0.9375 0.0625
vt 0.0625 0.0625
vt 0.0625 0.9375
vt 0.9375 0.9375
vt 0.9375 0.0625
vt 0.0625 0.0625
vt 0.0625 0.9375
vt 0.9375 0.9375
vt 0.9375 0.0625
vt 0.0625 0.0625
vt 0.0625 0.9375
vt 0.9375 0.9375
vt 0.9375 0.0625
vt 0.0625 0.0625
vt 0.0625 0.9375
vt 0.9375 0.9375
vt 0.9375 0.0625
vt 0.0625 0.0625
vt 0.0625 0.9375
vt 0.9375 0.9375
vt 0.9375 0.0625
vt 0.0625 0.0625
vt 0.0625 0.9375
vt 0.9375 0.9375
vt 0.9375 0.0625
vt 0.0625 0.0625
vt 0.0625 0.9375
vt 0.9375 0.9375
vt 0.9375 0.0625
vt 0.0625 0.0625
vt 0.0625 0.9375
vt 0.9375 0.9375
vt 0.9375 0.0625
vt 0.0625 0.0625
vt 0.0625 0.9375
vt 0.9375 0.9375
vt 0.9375 0.0625
vt 0.0625 0.0625
vt 0.0625 0.9375
vt 0.9375 0.9375
vt 0.9375 0.0625
vt 0.0625 0.0625
vt 0.0625 0.9375
vt 0.9375 0.9375
vt 0.9375 0.0625
vt 0.0625 0.0625
vt 0.0625 0.9375
vt 0.9375 0.9375
vt 0.9375 0.0625
vt 0.0625 0.0625
vt 0.0625 0.9375
vt 0.9375 0.9375
vt 0.9375 0.0625
vt 0.0625 0.0625
vt 0.0625 0.9375
vt 0.9375 0.9375
vt 0.9375 0.0625
vt 0.0625 0.0625
vt 0.0625 0.9375
vt 0.9375 0.9375
vt 0.9375 0.0625
vt 0.0625 0.0625
vt 0.0625 0.9375
vt 0.9375 0.9375
vt 0.9375 0.0625
vt 0.0625 0.0625
vt 0.0625 0.9375
vt 0.9375 0.9375
vt 0.9375 0.0625
vt 0.0625 0.0625
vt 0.0625 0.9375
vt 0.9375 0.9375
vt 0.9375 0.0625
vt 0.0625 0.0625
vt 0.0625 0.9375
vt 0.9375 0.9375
vt 0.9375 0.0625
vt 0.0625 0.0625
vt 0.0625 0.9375
vt 0.9375 0.9375
vt 0.9375 0.0625
vt 0.0625 0.0625
vt 0.0625 0.9375
vt 0.9375 0.9375
vt 0.9375 0.0625
vt 0.0625 0.0625
vt 0.0625 0.9375
vt 0.9375 0.9375
vt 0.9375 0.0625
vt 0.0625 0.9375
vt 0.9375 0.9375
vt 0.9375 0.0625
vt 0.0625 0.9375
vt 0.9375 0.9375
vt 0.9375 0.0625
vt 0.0625 0.9375
vt 0.9375 0.9375
vt 0.9375 0.0625
vt 0.0625 0.9375
vt 0.9375 0.9375
vt 0.9375 0.0625
vt 0.0625 0.9375
vt 0.9375 0.9375
vt 0.9375 0.0625
vt 0.0625 0.9375
vt 0.9375 0.9375
vt 0.9375 0.0625
vt 0.0625 0.9375
vt 0.9375 0.9375
vt 0.9375 0.0625
vt 0.0625 0.9375
vt 0.9375 0.9375
vt 0.9375 0.0625
vt 0.0625 0.9375
vt 0.9375 0.9375
vt 0.9375 0.0625
vt 0.0625 0.9375
vt 0.9375 0.9375
vt 0.9375 0.0625
vt 0.0625 0.9375
vt 0.9375 0.9375
vt 0.9375 0.0625
vt 0.0625 0.9375
vt 0.9375 0.9375
vt 0.9375 0.0625
vt 0.0625 0.9375
vt 0.9375 0.9375
vt 0.9375 0.0625
vt 0.0625 0.9375
vt 0.9375 0.9375
vt 0.9375 0.0625
vt 0.0625 0.9375
vt 0.9375 0.9375
vt 0.9375 0.0625
vt 0.0625 0.9375
vt 0.9375 0.9375
vt 0.9375 0.0625
vt 0.0625 0.0625
vt 0.0625 0.9375
vt 0.9375 0.9375
vt 0.9375 0.0625
vt 0.0625 0.0625
vt 0.0625 0.9375
vt 0.9375 0.9375
vt 0.9375 0.0625
vt 0.0625 0.0625
vt 0.0625 0.9375
vt 0.9375 0.9375
vt 0.9375 0.0625
vt 0.0625 0.0625
vt 0.0625 0.9375
vt 0.9375 0.9375
vt 0.9375 0.0625
vt 0.0625 0.0625
vt 0.0625 0.9375
vt 0.9375 0.9375
vt 0.9375 0.0625
vt 0.0625 0.0625
vt 0.0625 0.9375
vt 0.9375 0.9375
vt 0.9375 0.0625
vt 0.0625 0.0625
vt 0.0625 0.9375
vt 0.9375 0.9375
vt 0.9375 0.0625
vt 0.0625 0.0625
vt 0.0625 0.9375
vt 0.9375 0.9375
vt 0.9375 0.0625
vt 0.0625 0.0625
vt 0.0625 0.9375
vt 0.9375 0.9375
vt 0.9375 0.0625
vt 0.0625 0.0625
vt 0.0625 0.9375
vt 0.9375 0.9375
vt 0.9375 0.0625
vt 0.0625 0.0625
vt 0.0625 0.9375
vt 0.9375 0.9375
vt 0.9375 0.0625
vt 0.0625 0.0625
vt 0.0625 0.9375
vt 0.9375 0.9375
vt 0.9375 0.0625
vt 0.0625 0.0625
vt 0.0625 0.9375
vt 0.9375 0.9375
vt 0.9375 0.0625
vt 0.0625 0.0625
vt 0.0625 0.9375
vt 0.9375 0.9375
vt 0.9375 0.0625
vt 0.0625 0.0625
vt 0.0625 0.9375
vt 0.9375 0.9375
vt 0.9375 0.0625
vt 0.0625 0.0625
vt 0.0625 0.9375
vt 0.9375 0.9375
vt 0.9375 0.0625
vt 0.0625 0.0625
vt 0.0625 0.9375
vt 0.9375 0.9375
vt 0.9375 0.0625
vt 0.0625 0.0625
vt 0.0625 0.9375
vt 0.9375 0.9375
vt 0.9375 0.0625
vt 0.0625 0.0625
vt 0.0625 0.9375
vt 0.9375 0.9375
vt 0.9375 0.0625
vt 0.0625 0.0625
vt 0.0625 0.9375
vt 0.9375 0.9375
vt 0.9375 0.0625
vt 0.0625 0.0625
vt 0.0625 0.9375
vt 0.9375 0.9375
vt 0.9375 0.0625
vt 0.0625 0.0625
vt 0.0625 0.9375
vt 0.9375 0.9375
vt 0.9375 0.0625
vt 0.0625 0.0625
vt 0.0625 0.9375
vt 0.9375 0.9375
vt 0.9375 0.0625
vt 0.0625 0.0625
vt 0.0625 0.9375
vt 0.9375 0.9375
vt 0.9375 0.0625
vt 0.0625 0.9375
vt 0.9375 0.9375
vt 0.9375 0.0625
vt 0.0625 0.9375
vt 0.9375 0.9375
vt 0.9375 0.0625
vt 0.0625 0.9375
vt 0.9375 0.9375
vt 0.9375 0.0625
vt 0.0625 0.9375
vt 0.9375 0.9375
vt 0.9375 0.0625
vt 0.0625 0.9375
vt 0.9375 0.9375
vt 0.9375 0.0625
vt 0.0625 0.9375
vt 0.9375 0.9375
vt 0.9375 0.0625
vt 0.0625 0.9375
vt 0.9375 0.9375
vt 0.9375 0.0625
vt 0.0625 0.9375
vt 0.9375 0.9375
vt 0.9375 0.0625
vt 0.0625 0.9375
vt 0.9375 0.9375
vt 0.9375 0.0625
vt 0.0625 0.9375
vt 0.9375 0.9375
vt 0.9375 0.0625
vt 0.0625 0.9375
vt 0.9375 0.9375
vt 0.9375 0.0625
vt 0.0625 0.9375
vt 0.9375 0.9375
vt 0.9375 0.0625
vt 0.0625 0.9375
vt 0.9375 0.9375
vt 0.9375 0.0625
vt 0.0625 0.9375
vt 0.9375 0.9375
vt 0.9375 0.0625
vt 0.0625 0.9375
vt 0.9375 0.9375
vt 0.9375 0.0625
vt 0.0625 0.9375
vt 0.9375 0.9375
vt 0.9375 0.0625
vt 0.0625 0.0625
vt 0.0625 0.9375
vt 0.9375 0.9375
vt 0.9375 0.0625
vt 0.0625 0.0625
vt 0.0625 0.9375
vt 0.9375 0.9375
vt 0.9375 0.0625
vt 0.0625 0.0625
vt 0.0625 0.9375
vt 0.9375 0.9375
vt 0.9375 0.0625
vt 0.0625 0.0625
vt 0.0625 0.9375
vt 0.9375 0.9375
vt 0.9375 0.0625
vt 0.0625 0.0625
vt 0.0625 0.9375
vt 0.9375 0.9375
vt 0.9375 0.0625
vt 0.0625 0.0625
vt 0.0625 0.9375
vt 0.9375 0.9375
vt 0.9375 0.0625
vt 0.0625 0.0625
vt 0.0625 0.9375
vt 0.9375 0.9375
vt 0.9375 0.0625
vt 0.0625 0.0625
vt 0.0625 0.9375
vt 0.9375 0.9375
vt 0.9375 0.0625
vt 0.0625 0.0625
vt 0.0625 0.9375
vt 0.9375 0.9375
vt 0.9375 0.0625
vt 0.0625 0.0625
vt 0.0625 0.9375
vt 0.9375 0.9375
vt 0.9375 0.0625
vt 0.0625 0.0625
vt 0.0625 0.9375
vt 0.9375 0.9375
vt 0.9375 0.0625
vt 0.0625 0.0625
vt 0.0625 0.9375
vt 0.9375 0.9375
vt 0.9375 0.0625
vt 0.0625 0.0625
vt 0.0625 0.9375
vt 0.9375 0.9375
vt 0.9375 0.0625
vt 0.0625 0.0625
vt 0.0625 0.9375
vt 0.9375 0.9375
vt 0.9375 0.0625
vt 0.0625 0.0625
vt 0.0625 0.9375
vt 0.9375 0.9375
vt 0.9375 0.0625
vt 0.0625 0.0625
vt 0.0625 0.9375
vt 0.9375 0.9375
vt 0.9375 0.0625
vt 0.0625 0.0625
vt 0.0625 0.9375
vt 0.9375 0.9375
vt 0.9375 0.0625
vt 0.0625 0.0625
vt 0.0625 0.9375
vt 0.9375 0.9375
vt 0.9375 0.0625
vt 0.0625 0.0625
vt 0.0625 0.9375
vt 0.9375 0.9375
vt 0.9375 0.0625
vt 0.0625 0.0625
vt 0.0625 0.9375
vt 0.9375 0.9375
vt 0.9375 0.0625
vt 0.0625 0.0625
vt 0.0625 0.9375
vt 0.9375 0.9375
vt 0.9375 0.0625
vt 0.0625 0.0625
vt 0.0625 0.9375
vt 0.9375 0.9375
vt 0.9375 0.0625
vt 0.0625 0.0625
vt 0.0625 0.9375
vt 0.9375 0.9375
vt 0.9375 0.0625
vt 0.0625 0.0625
vt 0.0625 0.9375
vt 0.9375 0.9375
vt 0.9375 0.0625
vt 0.0625 0.9375
vt 0.9375 0.9375
vt 0.9375 0.0625
vt 0.0625 0.9375
vt 0.9375 0.9375
vt 0.9375 0.0625
vt 0.0625 0.9375
vt 0.9375 0.9375
vt 0.9375 0.0625
vt 0.0625 0.9375
vt 0.9375 0.9375
vt 0.9375 0.0625
vt 0.0625 0.9375
vt 0.9375 0.9375
vt 0.9375 0.0625
vt 0.0625 0.9375
vt 0.9375 0.9375
vt 0.9375 0.0625
vt 0.0625 0.9375
vt 0.9375 0.9375
vt 0.9375 0.0625
vt 0.0625 0.9375
vt 0.9375 0.9375
vt 0.9375 0.0625
vt 0.0625 0.9375
vt 0.9375 0.9375
vt 0.9375 0.0625
vt 0.0625 0.9375
vt 0.9375 0.9375
vt 0.9375 0.0625
vt 0.0625 0.9375
vt 0.9375 0.9375
vt 0.9375 0.0625
vt 0.0625 0.9375
vt 0.9375 0.9375
vt 0.9375 0.0625
vt 0.0625 0.9375
vt 0.9375 0.9375
vt 0.9375 0.0625
vt 0.0625 0.9375
vt 0.9375 0.9375
vt 0.9375 0.0625
vt 0.0625 0.9375
vt 0.9375 0.9375
vt 0.9375 0.0625
vt 0.0625 0.9375
vt 0.9375 0.9375
vt 0.9375 0.0625
vt 0.0625 0.0625
vt 0.0625 0.9375
vt 0.9375 0.9375
vt 0.9375 0.0625
vt 0.0625 0.0625
vt 0.0625 0.9375
vt 0.9375 0.9375
vt 0.9375 0.0625
vt 0.0625 0.0625
vt 0.0625 0.9375
vt 0.9375 0.9375
vt 0.9375 0.0625
vt 0.0625 0.0625
vt 0.0625 0.9375
vt 0.9375 0.9375
vt 0.9375 0.0625
vt 0.0625 0.0625
vt 0.0625 0.9375
vt 0.9375 0.9375
vt 0.9375 0.0625
vt 0.0625 0.0625
vt 0.0625 0.9375
vt 0.9375 0.9375
vt 0.9375 0.0625
vt 0.0625 0.0625
vt 0.0625 0.9375
vt 0.9375 0.9375
vt 0.9375 0.0625
vt 0.0625 0.0625
vt 0.0625 0.9375
vt 0.9375 0.9375
vt 0.9375 0.0625
vt 0.0625 0.0625
vt 0.0625 0.9375
vt 0.9375 0.9375
vt 0.9375 0.0625
vt 0.0625 0.0625
vt 0.0625 0.9375
vt 0.9375 0.9375
vt 0.9375 0.0625
vt 0.0625 0.0625
vt 0.0625 0.9375
vt 0.9375 0.9375
vt 0.9375 0.0625
vt 0.0625 0.0625
vt 0.0625 0.9375
vt 0.9375 0.9375
vt 0.9375 0.0625
vt 0.0625 0.0625
vt 0.0625 0.9375
vt 0.9375 0.9375
vt 0.9375 0.0625
vt 0.0625 0.0625
vt 0.0625 0.9375
vt 0.9375 0.9375
vt 0.9375 0.0625
vt 0.0625 0.0625
vt 0.0625 0.9375
vt 0.9375 0.9375
vt 0.9375 0.0625
vt 0.0625 0.0625
vt 0.0625 0.9375
vt 0.9375 0.9375
vt 0.9375 0.0625
vt 0.0625 0.0625
vt 0.0625 0.9375
vt 0.9375 0.9375
vt 0.9375 0.0625
vt 0.0625 0.0625
vt 0.0625 0.9375
vt 0.9375 0.9375
vt 0.9375 0.0625
vt 0.0625 0.0625
vt 0.0625 0.9375
vt 0.9375 0.9375
vt 0.9375 0.0625
vt 0.0625 0.0625
vt 0.0625 0.9375
vt 0.9375 0.9375
vt 0.9375 0.0625
vt 0.0625 0.0625
vt 0.0625 0.9375
vt 0.9375 0.9375
vt 0.9375 0.0625
vt 0.0625 0.0625
vt 0.0625 0.9375
vt 0.9375 0.9375
vt 0.9375 0.0625
vt 0.0625 0.0625
vt 0.0625 0.9375
vt 0.9375 0.9375
vt 0.9375 0.0625
vt 0.0625 0.0625
vt 0.0625 0.9375
vt 0.9375 0.9375
vt 0.9375 0.0625
vt 0.0625 0.9375
vt 0.9375 0.9375
vt 0.9375 0.0625
vt 0.0625 0.9375
vt 0.9375 0.9375
vt 0.9375 0.0625
vt 0.0625 0.9375
vt 0.9375 0.9375
vt 0.9375 0.0625
vt 0.0625 0.9375
vt 0.9375 0.9375
vt 0.9375 0.0625
vt 0.0625 0.9375
vt 0.9375 0.9375
vt 0.9375 0.0625
vt 0.0625 0.9375
vt 0.9375 0.9375
vt 0.9375 0.0625
vt 0.0625 0.9375
vt 0.9375 0.9375
vt 0.9375 0.0625
vt 0.0625 0.9375
vt 0.9375 0.9375
vt 0.9375 0.0625
vt 0.0625 0.9375
vt 0.9375 0.9375
vt 0.9375 0.0625
vt 0.0625 0.9375
vt 0.9375 0.9375
vt 0.9375 0.0625
vt 0.0625 0.9375
vt 0.9375 0.9375
vt 0.9375 0.0625
vt 0.0625 0.9375
vt 0.9375 0.9375
vt 0.9375 0.0625
vt 0.0625 0.9375
vt 0.9375 0.9375
vt 0.9375 0.0625
vt 0.0625 0.9375
vt 0.9375 0.9375
vt 0.9375 0.0625
vt 0.0625 0.9375
vt 0.9375 0.9375
vt 0.9375 0.0625
vt 0.0625 0.9375
vt 0.9375 0.9375
vt 0.9375 0.0625
vt 0.0625 0.0625
vt 0.0625 0.9375
vt 0.9375 0.9375
vt 0.9375 0.0625
vt 0.0625 0.0625
vt 0.0625 0.9375
vt 0.9375 0.9375
vt 0.9375 0.0625
vt 0.0625 0.0625
vt 0.0625 0.9375
vt 0.9375 0.9375
vt 0.9375 0.0625
vt 0.0625 0.0625
vt 0.0625 0.9375
vt 0.9375 0.9375
vt 0.9375 0.0625
vt 0.0625 0.0625
vt 0.0625 0.9375
vt 0.9375 0.9375
vt 0.9375 0.0625
vt 0.0625 0.0625
vt 0.0625 0.9375
vt 0.9375 0.9375
vt 0.9375 0.0625
vt 0.0625 0.0625
vt 0.0625 0.9375
vt 0.9375 0.9375
vt 0.9375 0.0625
vt 0.0625 0.0625
vt 0.0625 0.9375
vt 0.9375 0.9375
vt 0.9375 0.0625
vt 0.0625 0.0625
vt 0.0625 0.9375
vt 0.9375 0.9375
vt 0.9375 0.0625
vt 0.0625 0.0625
vt 0.0625 0.9375
vt 0.9375 0.9375
vt 0.9375 0.0625
vt 0.0625 0.0625
vt 0.0625 0.9375
vt 0.9375 0.9375
vt 0.9375 0.0625
vt 0.0625 0.0625
vt 0.0625 0.9375
vt 0.9375 0.9375
vt 0.9375 0.0625
vt 0.0625 0.0625
vt 0.0625 0.9375
vt 0.9375 0.9375
vt 0.9375 0.0625
vt 0.0625 0.0625
vt 0.0625 0.9375
vt 0.9375 0.9375
vt 0.9375 0.0625
vt 0.0625 0.0625
vt 0.0625 0.9375
vt 0.9375 0.9375
vt 0.9375 0.0625
vt 0.0625 0.0625
vt 0.0625 0.9375
vt 0.9375 0.9375
vt 0.9375 0.0625
vt 0.0625 0.0625
vt 0.0625 0.9375
vt 0.9375 0.9375
vt 0.9375 0.0625
vt 0.0625 0.0625
vt 0.0625 0.9375
vt 0.9375 0.9375
vt 0.9375 0.0625
vt 0.0625 0.0625
vt 0.0625 0.9375
vt 0.9375 0.9375
vt 0.9375 0.0625
vt 0.0625 0.0625
vt 0.0625 0.9375
vt 0.9375 0.9375
vt 0.9375 0.0625
vt 0.0625 0.0625
vt 0.0625 0.9375
vt 0.9375 0.9375
vt 0.9375 0.0625
vt 0.0625 0.0625
vt 0.0625 0.9375
vt 0.9375 0.9375
vt 0.9375 0.0625
vt 0.0625 0.0625
vt 0.0625 0.9375
vt 0.9375 0.9375
vt 0.9375 0.0625
vt 0.0625 0.0625
vt 0.0625 0.9375
vt 0.9375 0.9375
vt 0.9375 0.0625
vt 0.0625 0.9375
vt 0.9375 0.9375
vt 0.9375 0.0625
vt 0.0625 0.9375
vt 0.9375 0.9375
vt 0.9375 0.0625
vt 0.0625 0.9375
vt 0.9375 0.9375
vt 0.9375 0.0625
vt 0.0625 0.9375
vt 0.9375 0.9375
vt 0.9375 0.0625
vt 0.0625 0.9375
vt 0.9375 0.9375
vt 0.9375 0.0625
vt 0.0625 0.9375
vt 0.9375 0.9375
vt 0.9375 0.0625
vt 0.0625 0.9375
vt 0.9375 0.9375
vt 0.9375 0.0625
vt 0.0625 0.9375
vt 0.9375 0.9375
vt 0.9375 0.0625
vt 0.0625 0.9375
vt 0.9375 0.9375
vt 0.9375 0.0625
vt 0.0625 0.9375
vt 0.9375 0.9375
vt 0.9375 0.0625
vt 0.0625 0.9375
vt 0.9375 0.9375
vt 0.9375 0.0625
vt 0.0625 0.9375
vt 0.9375 0.9375
vt 0.9375 0.0625
vt 0.0625 0.9375
vt 0.9375 0.9375
vt 0.9375 0.0625
vt 0.0625 0.9375
vt 0.9375 0.9375
vt 0.9375 0.0625
vt 0.0625 0.9375
vt 0.9375 0.9375
vt 0.9375 0.0625
vt 0.0625 0.9375
vt 0.9375 0.9375
vt 0.9375 0.0625
vt 0.0625 0.0625
vt 0.0625 0.9375
vt 0.9375 0.9375
vt 0.9375 0.0625
vt 0.0625 0.0625
vt 0.0625 0.9375
vt 0.9375 0.9375
vt 0.9375 0.0625
vt 0.0625 0.0625
vt 0.0625 0.9375
vt 0.9375 0.9375
vt 0.9375 0.0625
vt 0.0625 0.0625
vt 0.0625 0.9375
vt 0.9375 0.9375
vt 0.9375 0.0625
vt 0.0625 0.0625
vt 0.0625 0.9375
vt 0.9375 0.9375
vt 0.9375 0.0625
vt 0.0625 0.0625
vt 0.0625 0.9375
vt 0.9375 0.9375
vt 0.9375 0.0625
vt 0.0625 0.0625
vt 0.0625 0.9375
vt 0.9375 0.9375
vt 0.9375 0.0625
vt 0.0625 0.0625
vt 0.0625 0.9375
vt 0.9375 0.9375
vt 0.9375 0.0625
vt 0.0625 0.0625
vt 0.0625 0.9375
vt 0.9375 0.9375
vt 0.9375 0.0625
vt 0.0625 0.0625
vt 0.0625 0.9375
vt 0.9375 0.9375
vt 0.9375 0.0625
vt 0.0625 0.0625
vt 0.0625 0.9375
vt 0.9375 0.9375
vt 0.9375 0.0625
vt 0.0625 0.0625
vt 0.0625 0.9375
vt 0.9375 0.9375
vt 0.9375 0.0625
vt 0.0625 0.0625
vt 0.0625 0.9375
vt 0.9375 0.9375
vt 0.9375 0.0625
vt 0.0625 0.0625
vt 0.0625 0.9375
vt 0.9375 0.9375
vt 0.9375 0.0625
vt 0.0625 0.0625
vt 0.0625 0.9375
vt 0.9375 0.9375
vt 0.9375 0.0625
vt 0.0625 0.0625
vt 0.0625 0.9375
vt 0.9375 0.9375
vt 0.9375 0.0625
vt 0.0625 0.0625
vt 0.0625 0.9375
vt 0.9375 0.9375
vt 0.9375 0.0625
vt 0.0625 0.0625
vt 0.0625 0.9375
vt 0.9375 0.9375
vt 0.9375 0.0625
vt 0.0625 0.0625
vt 0.0625 0.9375
vt 0.9375 0.9375
vt 0.9375 0.0625
vt 0.0625 0.0625
vt 0.0625 0.9375
vt 0.9375 0.9375
vt 0.9375 0.0625
vt 0.0625 0.0625
vt 0.0625 0.9375
vt 0.9375 0.9375
vt 0.9375 0.0625
vt 0.0625 0.0625
vt 0.0625 0.9375
vt 0.9375 0.9375
vt 0.9375 0.0625
vt 0.0625 0.0625
vt 0.0625 0.9375
vt 0.9375 0.9375
vt 0.9375 0.0625
vt 0.0625 0.0625
vt 0.0625 0.9375
vt 0.9375 0.9375
vt 0.9375 0.0625
vt 0.0625 0.9375
vt 0.9375 0.9375
vt 0.9375 0.0625
vt 0.0625 0.9375
vt 0.9375 0.9375
vt 0.9375 0.0625
vt 0.0625 0.9375
vt 0.9375 0.9375
vt 0.9375 0.0625
vt 0.0625 0.9375
vt 0.9375 0.9375
vt 0.9375 0.0625
vt 0.0625 0.9375
vt 0.9375 0.9375
vt 0.9375 0.0625
vt 0.0625 0.9375
vt 0.9375 0.9375
vt 0.9375 0.0625
vt 0.0625 0.9375
vt 0.9375 0.9375
vt 0.9375 0.0625
vt 0.0625 0.9375
vt 0.9375 0.9375
vt 0.9375 0.0625
vt 0.0625 0.9375
vt 0.9375 0.9375
vt 0.9375 0.0625
vt 0.0625 0.9375
vt 0.9375 0.9375
vt 0.9375 0.0625
vt 0.0625 0.9375
vt 0.9375 0.9375
vt 0.9375 0.0625
vt 0.0625 0.9375
vt 0.9375 0.9375
vt 0.9375 0.0625
vt 0.0625 0.9375
vt 0.9375 0.9375
vt 0.9375 0.0625
vt 0.0625 0.9375
vt 0.9375 0.9375
vt 0.9375 0.0625
vt 0.0625 0.9375
vt 0.9375 0.9375
vt 0.9375 0.0625
vt 0.0625 0.9375
vt 0.9375 0.9375
vt 0.9375 0.0625
vt 0.0625 0.0625
vt 0.0625 0.9375
vt 0.9375 0.9375
vt 0.9375 0.0625
vt 0.0625 0.0625
vt 0.0625 0.9375
vt 0.9375 0.9375
vt 0.9375 0.0625
vt 0.0625 0.0625
vt 0.0625 0.9375
vt 0.9375 0.9375
vt 0.9375 0.0625
vt 0.0625 0.0625
vt 0.0625 0.9375
vt 0.9375 0.9375
vt 0.9375 0.0625
vt 0.0625 0.0625
vt 0.0625 0.9375
vt 0.9375 0.9375
vt 0.9375 0.0625
vt 0.0625 0.0625
vt 0.0625 0.9375
vt 0.9375 0.9375
vt 0.9375 0.0625
vt 0.0625 0.0625
vt 0.0625 0.9375
vt 0.9375 0.9375
vt 0.9375 0.0625
vt 0.0625 0.0625
vt 0.0625 0.9375
vt 0.9375 0.9375
vt 0.9375 0.0625
vt 0.0625 0.0625
vt 0.0625 0.9375
vt 0.9375 0.9375
vt 0.9375 0.0625
vt 0.0625 0.0625
vt 0.0625 0.9375
vt 0.9375 0.9375
vt 0.9375 0.0625
vt 0.0625 0.0625
vt 0.0625 0.9375
vt 0.9375 0.9375
vt 0.9375 0.0625
vt 0.0625 0.0625
vt 0.0625 0.9375
vt 0.9375 0.9375
vt 0.9375 0.0625
vt 0.0625 0.0625
vt 0.0625 0.9375
vt 0.9375 0.9375
vt 0.9375 0.0625
vt 0.0625 0.0625
vt 0.0625 0.9375
vt 0.9375 0.9375
vt 0.9375 0.0625
vt 0.0625 0.0625
vt 0.0625 0.9375
vt 0.9375 0.9375
vt 0.9375 0.0625
vt 0.0625 0.0625
vt 0.0625 0.9375
vt 0.9375 0.9375
vt 0.9375 0.0625
vt 0.0625 0.0625
vt 0.0625 0.9375
vt 0.9375 0.9375
vt 0.9375 0.0625
vt 0.0625 0.0625
vt 0.0625 0.9375
vt 0.9375 0.9375
vt 0.9375 0.0625
vt 0.0625 0.0625
vt 0.0625 0.9375
vt 0.9375 0.9375
vt 0.9375 0.0625
vt 0.0625 0.0625
vt 0.0625 0.9375
vt 0.9375 0.9375
vt 0.9375 0.0625
vt 0.0625 0.0625
vt 0.0625 0.9375
vt 0.9375 0.9375
vt 0.9375 0.0625
vt 0.0625 0.0625
vt 0.0625 0.9375
vt 0.9375 0.9375
vt 0.9375 0.0625
vt 0.0625 0.0625
vt 0.0625 0.9375
vt 0.9375 0.9375
vt 0.9375 0.0625
vt 0.0625 0.0625
vt 0.0625 0.9375
vt 0.9375 0.9375
vt 0.9375 0.0625
vt 0.0625 0.9375
vt 0.9375 0.9375
vt 0.9375 0.0625
vt 0.0625 0.9375
vt 0.9375 0.9375
vt 0.9375 0.0625
vt 0.0625 0.9375
vt 0.9375 0.9375
vt 0.9375 0.0625
vt 0.0625 0.9375
vt 0.9375 0.9375
vt 0.9375 0.0625
vt 0.0625 0.9375
vt 0.9375 0.9375
vt 0.9375 0.0625
vt 0.0625 0.9375
vt 0.9375 0.9375
vt 0.9375 0.0625
vt 0.0625 0.9375
vt 0.9375 0.9375
vt 0.9375 0.0625
vt 0.0625 0.9375
vt 0.9375 0.9375
vt 0.9375 0.0625
vt 0.0625 0.9375
vt 0.9375 0.9375
vt 0.9375 0.0625
vt 0.0625 0.9375
vt 0.9375 0.9375
vt 0.9375 0.0625
vt 0.0625 0.9375
vt 0.9375 0.9375
vt 0.9375 0.0625
vt 0.0625 0.9375
vt 0.9375 0.9375
vt 0.9375 0.0625
vt 0.0625 0.9375
vt 0.9375 0.9375
vt 0.9375 0.0625
vt 0.0625 0.9375
vt 0.9375 0.9375
vt 0.9375 0.0625
vt 0.0625 0.9375
vt 0.9375 0.9375
vt 0.9375 0.0625
vt 0.0625 0.9375
vt 0.9375 0.9375
vt 0.9375 0.0625
vt 0.0625 0.0625
vt 0.0625 0.9375
vt 0.9375 0.9375
vt 0.9375 0.0625
vt 0.0625 0.0625
vt 0.0625 0.9375
vt 0.9375 0.9375
vt 0.9375 0.0625
vt 0.0625 0.0625
vt 0.0625 0.9375
vt 0.9375 0.9375
vt 0.9375 0.0625
vt 0.0625 0.0625
vt 0.0625 0.9375
vt 0.9375 0.9375
vt 0.9375 0.0625
vt 0.0625 0.0625
vt 0.0625 0.9375
vt 0.9375 0.9375
vt 0.9375 0.0625
vt 0.0625 0.0625
vt 0.0625 0.9375
vt 0.9375 0.9375
vt 0.9375 0.0625
vt 0.0625 0.0625
vt 0.0625 0.9375
vt 0.9375 0.9375
vt 0.9375 0.0625
vt 0.0625 0.0625
vt 0.0625 0.9375
vt 0.9375 0.9375
vt 0.9375 0.0625
vt 0.0625 0.0625
vt 0.0625 0.9375
vt 0.9375 0.9375
vt 0.9375 0.0625
vt 0.0625 0.0625
vt 0.0625 0.9375
vt 0.9375 0.9375
vt 0.9375 0.0625
vt 0.0625 0.0625
vt 0.0625 0.9375
vt 0.9375 0.9375
vt 0.9375 0.0625
vt 0.0625 0.0625
vt 0.0625 0.9375
vt 0.9375 0.9375
vt 0.9375 0.0625
vt 0.0625 0.0625
vt 0.0625 0.9375
vt 0.9375 0.9375
vt 0.9375 0.0625
vt 0.0625 0.0625
vt 0.0625 0.9375
vt 0.9375 0.9375
vt 0.9375 0.0625
vt 0.0625 0.0625
vt 0.0625 0.9375
vt 0.9375 0.9375
vt 0.9375 0.0625
vt 0.0625 0.0625
vt 0.0625 0.9375
vt 0.9375 0.9375
vt 0.9375 0.0625
vt 0.0625 0.0625
vt 0.0625 0.9375
vt 0.9375 0.9375
vt 0.9375 0.0625
vt 0.0625 0.0625
vt 0.0625 0.9375
vt 0.9375 0.9375
vt 0.9375 0.0625
vt 0.0625 0.0625
vt 0.0625 0.9375
vt 0.9375 0.9375
vt 0.9375 0.0625
vt 0.0625 0.0625
vt 0.0625 0.9375
vt 0.9375 0.9375
vt 0.9375 0.0625
vt 0.0625 0.0625
vt 0.0625 0.9375
vt 0.9375 0.9375
vt 0.9375 0.0625
vt 0.0625 0.0625
vt 0.0625 0.9375
vt 0.9375 0.9375
vt 0.9375 0.0625
vt 0.0625 0.0625
vt 0.0625 0.9375
vt 0.9375 0.9375
vt 0.9375 0.0625
vt 0.0625 0.0625
vt 0.0625 0.9375
vt 0.9375 0.9375
vt 0.9375 0.0625
vt 0.0625 0.9375
vt 0.9375 0.9375
vt 0.9375 0.0625
vt 0.0625 0.9375
vt 0.9375 0.9375
vt 0.9375 0.0625
vt 0.0625 0.9375
vt 0.9375 0.9375
vt 0.9375 0.0625
vt 0.0625 0.9375
vt 0.9375 0.9375
vt 0.9375 0.0625
vt 0.0625 0.9375
vt 0.9375 0.9375
vt 0.9375 0.0625
vt 0.0625 0.9375
vt 0.9375 0.9375
vt 0.9375 0.0625
vt 0.0625 0.9375
vt 0.9375 0.9375
vt 0.9375 0.0625
vt 0.0625 0.9375
vt 0.9375 0.9375
vt 0.9375 0.0625
vt 0.0625 0.9375
vt 0.9375 0.9375
vt 0.9375 0.0625
vt 0.0625 0.9375
vt 0.9375 0.9375
vt 0.9375 0.0625
vt 0.0625 0.9375
vt 0.9375 0.9375
vt 0.9375 0.0625
vt 0.0625 0.9375
vt 0.9375 0.9375
vt 0.9375 0.0625
vt 0.0625 0.9375
vt 0.9375 0.9375
vt 0.9375 0.0625
vt 0.0625 0.9375
vt 0.9375 0.9375
vt 0.9375 0.0625
vt 0.0625 0.9375
vt 0.9375 0.9375
vt 0.9375 0.0625
vt 0.0625 0.9375
vt 0.9375 0.9375
vt 0.9375 0.0625
vt 0.0625 0.0625
vt 0.0625 0.9375
vt 0.9375 0.9375
vt 0.9375 0.0625
vt 0.0625 0.0625
vt 0.0625 0.9375
vt 0.9375 0.9375
vt 0.9375 0.0625
vt 0.0625 0.0625
vt 0.0625 0.9375
vt 0.9375 0.9375
vt 0.9375 0.0625
vt 0.0625 0.0625
vt 0.0625 0.9375
vt 0.9375 0.9375
vt 0.9375 0.0625
vt 0.0625 0.0625
vt 0.0625 0.9375
vt 0.9375 0.9375
vt 0.9375 0.0625
vt 0.0625 0.0625
vt 0.0625 0.9375
vt 0.9375 0.9375
vt 0.9375 0.0625
vt 0.0625 0.0625
vt 0.0625 0.9375
vt 0.9375 0.9375
vt 0.9375 0.0625
vt 0.0625 0.0625
vt 0.0625 0.9375
vt 0.9375 0.9375
vt 0.9375 0.0625
vt 0.0625 0.0625
vt 0.0625 0.9375
vt 0.9375 0.9375
vt 0.9375 0.0625
vt 0.0625 0.0625
vt 0.0625 0.9375
vt 0.9375 0.9375
vt 0.9375 0.0625
vt 0.0625 0.0625
vt 0.0625 0.9375
vt 0.9375 0.9375
vt 0.9375 0.0625
vt 0.0625 0.0625
vt 0.0625 0.9375
vt 0.9375 0.9375
vt 0.9375 0.0625
vt 0.0625 0.0625
vt 0.0625 0.9375
vt 0.9375 0.9375
vt 0.9375 0.0625
vt 0.0625 0.0625
vt 0.0625 0.9375
vt 0.9375 0.9375
vt 0.9375 0.0625
vt 0.0625 0.0625
vt 0.0625 0.9375
vt 0.9375 0.9375
vt 0.9375 0.0625
vt 0.0625 0.0625
vt 0.0625 0.9375
vt 0.9375 0.9375
vt 0.9375 0.0625
vt 0.0625 0.0625
vt 0.0625 0.9375
vt 0.9375 0.9375
vt 0.9375 0.0625
vt 0.0625 0.0625
vt 0.0625 0.9375
vt 0.9375 0.9375
vt 0.9375 0.0625
vt 0.0625 0.0625
vt 0.0625 0.9375
vt 0.9375 0.9375
vt 0.9375 0.0625
vt 0.0625 0.0625
vt 0.0625 0.9375
vt 0.9375 0.9375
vt 0.9375 0.0625
vt 0.0625 0.0625
vt 0.0625 0.9375
vt 0.9375 0.9375
vt 0.9375 0.0625
vt 0.0625 0.0625
vt 0.0625 0.9375
vt 0.9375 0.9375
vt 0.9375 0.0625
vt 0.0625 0.0625
vt 0.0625 0.9375
vt 0.9375 0.9375
vt 0.9375 0.0625
vt 0.0625 0.0625
vt 0.0625 0.9375
vt 0.9375 0.9375
vt 0.9375 0.0625
vt 0.0625 0.9375
vt 0.9375 0.9375
vt 0.9375 0.0625
vt 0.0625 0.9375
vt 0.9375 0.9375
vt 0.9375 0.0625
vt 0.0625 0.9375
vt 0.9375 0.9375
vt 0.9375 0.0625
vt 0.0625 0.9375
vt 0.9375 0.9375
vt 0.9375 0.0625
vt 0.0625 0.9375
vt 0.9375 0.9375
vt 0.9375 0.0625
vt 0.0625 0.9375
vt 0.9375 0.9375
vt 0.9375 0.0625
vt 0.0625 0.9375
vt 0.9375 0.9375
vt 0.9375 0.0625
vt 0.0625 0.9375
vt 0.9375 0.9375
vt 0.9375 0.0625
vt 0.0625 0.9375
vt 0.9375 0.9375
vt 0.9375 0.0625
vt 0.0625 0.9375
vt 0.9375 0.9375
vt 0.9375 0.0625
vt 0.0625 0.9375
vt 0.9375 0.9375
vt 0.9375 0.0625
vt 0.0625 0.9375
vt 0.9375 0.9375
vt 0.9375 0.0625
vt 0.0625 0.9375
vt 0.9375 0.9375
vt 0.9375 0.0625
vt 0.0625 0.9375
vt 0.9375 0.9375
vt 0.9375 0.0625
vt 0.0625 0.9375
vt 0.9375 0.9375
vt 0.9375 0.0625
vt 0.0625 0.9375
vt 0.9375 0.9375
vt 0.9375 0.0625
vt 0.0625 0.0625
vt 0.0625 0.9375
vt 0.9375 0.9375
vt 0.9375 0.0625
vt 0.0625 0.0625
vt 0.0625 0.9375
vt 0.9375 0.9375
vt 0.9375 0.0625
vt 0.0625 0.0625
vt 0.0625 0.9375
vt 0.9375 0.9375
vt 0.9375 0.0625
vt 0.0625 0.0625
vt 0.0625 0.9375
vt 0.9375 0.9375
vt 0.9375 0.0625
vt 0.0625 0.0625
vt 0.0625 0.9375
vt 0.9375 0.9375
vt 0.9375 0.0625
vt 0.0625 0.0625
vt 0.0625 0.9375
vt 0.9375 0.9375
vt 0.9375 0.0625
vt 0.0625 0.0625
vt 0.0625 0.9375
vt 0.9375 0.9375
vt 0.9375 0.0625
vt 0.0625 0.0625
vt 0.0625 0.9375
vt 0.9375 0.9375
vt 0.9375 0.0625
vt 0.0625 0.0625
vt 0.0625 0.9375
vt 0.9375 0.9375
vt 0.9375 0.0625
vt 0.0625 0.0625
vt 0.0625 0.9375
vt 0.9375 0.9375
vt 0.9375 0.0625
vt 0.0625 0.0625
vt 0.0625 0.9375
vt 0.9375 0.9375
vt 0.9375 0.0625
vt 0.0625 0.0625
vt 0.0625 0.9375
vt 0.9375 0.9375
vt 0.9375 0.0625
vt 0.0625 0.0625
vt 0.0625 0.9375
vt 0.9375 0.9375
vt 0.9375 0.0625
vt 0.0625 0.0625
vt 0.0625 0.9375
vt 0.9375 0.9375
vt 0.9375 0.0625
vt 0.0625 0.0625
vt 0.0625 0.9375
vt 0.9375 0.9375
vt 0.9375 0.0625
vt 0.0625 0.0625
vt 0.0625 0.9375
vt 0.9375 0.9375
vt 0.9375 0.0625
vt 0.0625 0.0625
vt 0.0625 0.9375
vt 0.9375 0.9375
vt 0.9375 0.0625
vt 0.0625 0.0625
vt 0.0625 0.9375
vt 0.9375 0.9375
vt 0.9375 0.0625
vt 0.0625 0.0625
vt 0.0625 0.9375
vt 0.9375 0.9375
vt 0.9375 0.0625
vt 0.0625 0.0625
vt 0.0625 0.9375
vt 0.9375 0.9375
vt 0.9375 0.0625
vt 0.0625 0.0625
vt 0.0625 0.9375
vt 0.9375 0.9375
vt 0.9375 0.0625
vt 0.0625 0.0625
vt 0.0625 0.9375
vt 0.9375 0.9375
vt 0.9375 0.0625
vt 0.0625 0.0625
vt 0.0625 0.9375
vt 0.9375 0.9375
vt 0.9375 0.0625
vt 0.0625 0.0625
vt 0.0625 0.9375
vt 0.9375 0.9375
vt 0.9375 0.0625
vt 0.0625 0.9375
vt 0.9375 0.9375
vt 0.9375 0.0625
vt 0.0625 0.9375
vt 0.9375 0.9375
vt 0.9375 0.0625
vt 0.0625 0.9375
vt 0.9375 0.9375
vt 0.9375 0.0625
vt 0.0625 0.9375
vt 0.9375 0.9375
vt 0.9375 0.0625
vt 0.0625 0.9375
vt 0.9375 0.9375
vt 0.9375 0.0625
vt 0.0625 0.9375
vt 0.9375 0.9375
vt 0.9375 0.0625
vt 0.0625 0.9375
vt 0.9375 0.9375
vt 0.9375 0.0625
vt 0.0625 0.9375
vt 0.9375 0.9375
vt 0.9375 0.0625
vt 0.0625 0.9375
vt 0.9375 0.9375
vt 0.9375 0.0625
vt 0.0625 0.9375
vt 0.9375 0.9375
vt 0.9375 0.0625
vt 0.0625 0.9375
vt 0.9375 0.9375
vt 0.9375 0.0625
vt 0.0625 0.9375
vt 0.9375 0.9375
vt 0.9375 0.0625
vt 0.0625 0.9375
vt 0.9375 0.9375
vt 0.9375 0.0625
vt 0.0625 0.9375
vt 0.9375 0.9375
vt 0.9375 0.0625
vt 0.0625 0.9375
vt 0.9375 0.9375
vt 0.9375 0.0625
vt 0.0625 0.9375
vt 0.9375 0.9375
vt 0.9375 0.0625
vt 0.0625 0.0625
vt 0.0625 0.9375
vt 0.9375 0.9375
vt 0.9375 0.0625
vt 0.0625 0.0625
vt 0.0625 0.9375
vt 0.9375 0.9375
vt 0.9375 0.0625
vt 0.0625 0.0625
vt 0.0625 0.9375
vt 0.9375 0.9375
vt 0.9375 0.0625
vt 0.0625 0.0625
vt 0.0625 0.9375
vt 0.9375 0.9375
vt 0.9375 0.0625
vt 0.0625 0.0625
vt 0.0625 0.9375
vt 0.9375 0.9375
vt 0.9375 0.0625
vt 0.0625 0.0625
vt 0.0625 0.9375
vt 0.9375 0.9375
vt 0.9375 0.0625
vt 0.0625 0.0625
vt 0.0625 0.9375
vt 0.9375 0.9375
vt 0.9375 0.0625
vt 0.0625 0.0625
vt 0.0625 0.9375
vt 0.9375 0.9375
vt 0.9375 0.0625
vt 0.0625 0.0625
vt 0.0625 0.9375
vt 0.9375 0.9375
vt 0.9375 0.0625
vt 0.0625 0.0625
vt 0.0625 0.9375
vt 0.9375 0.9375
vt 0.9375 0.0625
vt 0.0625 0.0625
vt 0.0625 0.9375
vt 0.9375 0.9375
vt 0.9375 0.0625
vt 0.0625 0.0625
vt 0.0625 0.9375
vt 0.9375 0.9375
vt 0.9375 0.0625
vt 0.0625 0.0625
vt 0.0625 0.9375
vt 0.9375 0.9375
vt 0.9375 0.0625
vt 0.0625 0.0625
vt 0.0625 0.9375
vt 0.9375 0.9375
vt 0.9375 0.0625
vt 0.0625 0.0625
vt 0.0625 0.9375
vt 0.9375 0.9375
vt 0.9375 0.0625
vt 0.0625 0.0625
vt 0.0625 0.9375
vt 0.9375 0.9375
vt 0.9375 0.0625
vt 0.0625 0.0625
vt 0.0625 0.9375
vt 0.9375 0.9375
vt 0.9375 0.0625
vt 0.0625 0.0625
vt 0.0625 0.9375
vt 0.9375 0.9375
vt 0.9375 0.0625
vt 0.0625 0.0625
vt 0.0625 0.9375
vt 0.9375 0.9375
vt 0.9375 0.0625
vt 0.0625 0.0625
vt 0.0625 0.9375
vt 0.9375 0.9375
vt 0.9375 0.0625
vt 0.0625 0.0625
vt 0.0625 0.9375
vt 0.9375 0.9375
vt 0.9375 0.0625
vt 0.0625 0.0625
vt 0.0625 0.9375
vt 0.9375 0.9375
vt 0.9375 0.0625
vt 0.0625 0.0625
vt 0.0625 0.9375
vt 0.9375 0.9375
vt 0.9375 0.0625
vt 0.0625 0.0625
vt 0.0625 0.9375
vt 0.9375 0.9375
vt 0.9375 0.0625
vt 0.0625 0.9375
vt 0.9375 0.9375
vt 0.9375 0.0625
vt 0.0625 0.9375
vt 0.9375 0.9375
vt 0.9375 0.0625
vt 0.0625 0.9375
vt 0.9375 0.9375
vt 0.9375 0.0625
vt 0.0625 0.9375
vt 0.9375 0.9375
vt 0.9375 0.0625
vt 0.0625 0.9375
vt 0.9375 0.9375
vt 0.9375 0.0625
vt 0.0625 0.9375
vt 0.9375 0.9375
vt 0.9375 0.0625
vt 0.0625 0.9375
vt 0.9375 0.9375
vt 0.9375 0.0625
vt 0.0625 0.9375
vt 0.9375 0.9375
vt 0.9375 0.0625
vt 0.0625 0.9375
vt 0.9375 0.9375
vt 0.9375 0.0625
vt 0.0625 0.9375
vt 0.9375 0.9375
vt 0.9375 0.0625
vt 0.0625 0.9375
vt 0.9375 0.9375
vt 0.9375 0.0625
vt 0.0625 0.9375
vt 0.9375 0.9375
vt 0.9375 0.0625
vt 0.0625 0.9375
vt 0.9375 0.9375
vt 0.9375 0.0625
vt 0.0625 0.9375
vt 0.9375 0.9375
vt 0.9375 0.0625
vt 0.0625 0.9375
vt 0.9375 0.9375
vt 0.9375 0.0625
vt 0.0625 0.9375
vt 0.9375 0.9375
vt 0.9375 0.0625
vt 0.0625 0.0625
vt 0.0625 0.9375
vt 0.9375 0.9375
vt 0.9375 0.0625
vt 0.0625 0.0625
vt 0.0625 0.9375
vt 0.9375 0.9375
vt 0.9375 0.0625
vt 0.0625 0.0625
vt 0.0625 0.9375
vt 0.9375 0.9375
vt 0.9375 0.0625
vt 0.0625 0.0625
vt 0.0625 0.9375
vt 0.9375 0.9375
vt 0.9375 0.0625
vt 0.0625 0.0625
vt 0.0625 0.9375
vt 0.9375 0.9375
vt 0.9375 0.0625
vt 0.0625 0.0625
vt 0.0625 0.9375
vt 0.9375 0.9375
vt 0.9375 0.0625
vt 0.0625 0.0625
vt 0.0625 0.9375
vt 0.9375 0.9375
vt 0.9375 0.0625
vt 0.0625 0.0625
vt 0.0625 0.9375
vt 0.9375 0.9375
vt 0.9375 0.0625
vt 0.0625 0.0625
vt 0.0625 0.9375
vt 0.9375 0.9375
vt 0.9375 0.0625
vt 0.0625 0.0625
vt 0.0625 0.9375
vt 0.9375 0.9375
vt 0.9375 0.0625
vt 0.0625 0.0625
vt 0.0625 0.9375
vt 0.9375 0.9375
vt 0.9375 0.0625
vt 0.0625 0.0625
vt 0.0625 0.9375
vt 0.9375 0.9375
vt 0.9375 0.0625
vt 0.0625 0.0625
vt 0.0625 0.9375
vt 0.9375 0.9375
vt 0.9375 0.0625
vt 0.0625 0.0625
vt 0.0625 0.9375
vt 0.9375 0.9375
vt 0.9375 0.0625
vt 0.0625 0.0625
vt 0.0625 0.9375
vt 0.9375 0.9375
vt 0.9375 0.0625
vt 0.0625 0.0625
vt 0.0625 0.9375
vt 0.9375 0.9375
vt 0.9375 0.0625
vt 0.0625 0.0625
vt 0.0625 0.9375
vt 0.9375 0.9375
vt 0.9375 0.0625
vt 0.0625 0.0625
vt 0.0625 0.9375
vt 0.9375 0.9375
vt 0.9375 0.0625
vt 0.0625 0.0625
vt 0.0625 0.9375
vt 0.9375 0.9375
vt 0.9375 0.0625
vt 0.0625 0.0625
vt 0.0625 0.9375
vt 0.9375 0.9375
vt 0.9375 0.0625
vt 0.0625 0.0625
vt 0.0625 0.9375
vt 0.9375 0.9375
vt 0.9375 0.0625
vt 0.0625 0.0625
vt 0.0625 0.9375
vt 0.9375 0.9375
vt 0.9375 0.0625
vt 0.0625 0.0625
vt 0.0625 0.9375
vt 0.9375 0.9375
vt 0.9375 0.0625
vt 0.0625 0.0625
vt 0.0625 0.9375
vt 0.9375 0.9375
vt 0.9375 0.0625
vt 0.0625 0.9375
vt 0.9375 0.9375
vt 0.9375 0.0625
vt 0.0625 0.9375
vt 0.9375 0.9375
vt 0.9375 0.0625
vt 0.0625 0.9375
vt 0.9375 0.9375
vt 0.9375 0.0625
vt 0.0625 0.9375
vt 0.9375 0.9375
vt 0.9375 0.0625
vt 0.0625 0.9375
vt 0.9375 0.9375
vt 0.9375 0.0625
vt 0.0625 0.9375
vt 0.9375 0.9375
vt 0.9375 0.0625
vt 0.0625 0.9375
vt 0.9375 0.9375
vt 0.9375 0.0625
vt 0.0625 0.9375
vt 0.9375 0.9375
vt 0.9375 0.0625
vt 0.0625 0.9375
vt 0.9375 0.9375
vt 0.9375 0.0625
vt 0.0625 0.9375
vt 0.9375 0.9375
vt 0.9375 0.0625
vt 0.0625 0.9375
vt 0.9375 0.9375
vt 0.9375 0.0625
vt 0.0625 0.9375
vt 0.9375 0.9375
vt 0.9375 0.0625
vt 0.0625 0.9375
vt 0.9375 0.9375
vt 0.9375 0.0625
vt 0.0625 0.9375
vt 0.9375 0.9375
vt 0.9375 0.0625
vt 0.0625 0.9375
vt 0.9375 0.9375
vt 0.9375 0.0625
vt 0.0625 0.9375
vt 0.9375 0.9375
vt 0.9375 0.0625
vt 0.0625 0.0625
vt 0.0625 0.9375
vt 0.9375 0.9375
vt 0.9375 0.0625
vt 0.0625 0.0625
vt 0.0625 0.9375
vt 0.9375 0.9375
vt 0.9375 0.0625
vt 0.0625 0.0625
vt 0.0625 0.9375
vt 0.9375 0.9375
vt 0.9375 0.0625
vt 0.0625 0.0625
vt 0.0625 0.9375
vt 0.9375 0.9375
vt 0.9375 0.0625
vt 0.0625 0.0625
vt 0.0625 0.9375
vt 0.9375 0.9375
vt 0.9375 0.0625
vt 0.0625 0.0625
vt 0.0625 0.9375
vt 0.9375 0.9375
vt 0.9375 0.0625
vt 0.0625 0.0625
vt 0.0625 0.9375
vt 0.9375 0.9375
vt 0.9375 0.0625
vt 0.0625 0.0625
vt 0.0625 0.9375
vt 0.9375 0.9375
vt 0.9375 0.0625
vt 0.0625 0.0625
vt 0.0625 0.9375
vt 0.9375 0.9375
vt 0.9375 0.0625
vt 0.0625 0.0625
vt 0.0625 0.9375
vt 0.9375 0.9375
vt 0.9375 0.0625
vt 0.0625 0.0625
vt 0.0625 0.9375
vt 0.9375 0.9375
vt 0.9375 0.0625
vt 0.0625 0.0625
vt 0.0625 0.9375
vt 0.9375 0.9375
vt 0.9375 0.0625
vt 0.0625 0.0625
vt 0.0625 0.9375
vt 0.9375 0.9375
vt 0.9375 0.0625
vt 0.0625 0.0625
vt 0.0625 0.9375
vt 0.9375 0.9375
vt 0.9375 0.0625
vt 0.0625 0.0625
vt 0.0625 0.9375
vt 0.9375 0.9375
vt 0.9375 0.0625
vt 0.0625 0.0625
vt 0.0625 0.9375
vt 0.9375 0.9375
vt 0.9375 0.0625
vt 0.0625 0.0625
vt 0.0625 0.9375
vt 0.9375 0.9375
vt 0.9375 0.0625
vt 0.0625 0.0625
vt 0.0625 0.9375
vt 0.9375 0.9375
vt 0.9375 0.0625
vt 0.0625 0.0625
vt 0.0625 0.9375
vt 0.9375 0.9375
vt 0.9375 0.0625
vt 0.0625 0.0625
vt 0.0625 0.9375
vt 0.9375 0.9375
vt 0.9375 0.0625
vt 0.0625 0.0625
vt 0.0625 0.9375
vt 0.9375 0.9375
vt 0.9375 0.0625
vt 0.0625 0.0625
vt 0.0625 0.9375
vt 0.9375 0.9375
vt 0.9375 0.0625
vt 0.0625 0.0625
vt 0.0625 0.9375
vt 0.9375 0.9375
vt 0.9375 0.0625
vt 0.0625 0.0625
vt 0.0625 0.9375
vt 0.9375 0.9375
vt 0.9375 0.0625
vt 0.0625 0.9375
vt 0.9375 0.9375
vt 0.9375 0.0625
vt 0.0625 0.9375
vt 0.9375 0.9375
vt 0.9375 0.0625
vt 0.0625 0.9375
vt 0.9375 0.9375
vt 0.9375 0.0625
vt 0.0625 0.9375
vt 0.9375 0.9375
vt 0.9375 0.0625
vt 0.0625 0.9375
vt 0.9375 0.9375
vt 0.9375 0.0625
vt 0.0625 0.9375
vt 0.9375 0.9375
vt 0.9375 0.0625
vt 0.0625 0.9375
vt 0.9375 0.9375
vt 0.9375 0.0625
vt 0.0625 0.9375
vt 0.9375 0.9375
vt 0.9375 0.0625
vt 0.0625 0.9375
vt 0.9375 0.9375
vt 0.9375 0.0625
vt 0.0625 0.9375
vt 0.9375 0.9375
vt 0.9375 0.0625
vt 0.0625 0.9375
vt 0.9375 0.9375
vt 0.9375 0.0625
vt 0.0625 0.9375
vt 0.9375 0.9375
vt 0.9375 0.0625
vt 0.0625 0.9375
vt 0.9375 0.9375
vt 0.9375 0.0625
vt 0.0625 0.9375
vt 0.9375 0.9375
vt 0.9375 0.0625
vt 0.0625 0.9375
vt 0.9375 0.9375
vt 0.9375 0.0625
vt 0.0625 0.9375
vt 0.9375 0.9375
vt 0.9375 0.0625
vt 0.0625 0.0625
vt 0.0625 0.9375
vt 0.9375 0.9375
vt 0.9375 0.0625
vt 0.0625 0.0625
vt 0.0625 0.9375
vt 0.9375 0.9375
vt 0.9375 0.0625
vt 0.0625 0.0625
vt 0.0625 0.9375
vt 0.9375 0.9375
vt 0.9375 0.0625
vt 0.0625 0.0625
vt 0.0625 0.9375
vt 0.9375 0.9375
vt 0.9375 0.0625
vt 0.0625 0.0625
vt 0.0625 0.9375
vt 0.9375 0.9375
vt 0.9375 0.0625
vt 0.0625 0.0625
vt 0.0625 0.9375
vt 0.9375 0.9375
vt 0.9375 0.0625
vt 0.0625 0.0625
vt 0.0625 0.9375
vt 0.9375 0.9375
vt 0.9375 0.0625
vt 0.0625 0.0625
vt 0.0625 0.9375
vt 0.9375 0.9375
vt 0.9375 0.0625
vt 0.0625 0.9375
vt 0.9375 0.9375
vt 0.9375 0.0625
vt 0.0625 0.9375
vt 0.9375 0.9375
vt 0.9375 0.0625
vt 0.0625 0.9375
vt 0.9375 0.9375
vt 0.9375 0.0625
vt 0.0625 0.9375
vt 0.9375 0.9375
vt 0.9375 0.0625
vt 0.0625 0.9375
vt 0.9375 0.9375
vt 0.9375 0.0625
vt 0.0625 0.9375
vt 0.9375 0.9375
vt 0.9375 0.0625
vt 0.0625 0.9375
vt 0.9375 0.9375
vt 0.9375 0.0625
vt 0.0625 0.9375
vt 0.9375 0.9375
vt 0.9375 0.0625
vt 0.0625 0.9375
vt 0.9375 0.9375
vt 0.9375 0.0625
vt 0.0625 0.9375
vt 0.9375 0.9375
vt 0.9375 0.0625
vt 0.0625 0.9375
vt 0.9375 0.9375
vt 0.9375 0.0625
vt 0.0625 0.9375
vt 0.9375 0.9375
vt 0.9375 0.0625
vt 0.0625 0.9375
vt 0.9375 0.9375
vt 0.9375 0.0625
vt 0.0625 0.9375
vt 0.9375 0.9375
vt 0.9375 0.0625
vt 0.0625 0.9375
vt 0.9375 0.9375
vt 0.9375 0.0625
vt 0.0625 0.9375
vt 0.9375 0.9375
vt 0.9375 0.0625
vt 0.0625 0.0625
vt 0.0625 0.9375
vt 0.9375 0.9375
vt 0.9375 0.0625
vt 0.0625 0.0625
vt 0.0625 0.9375
vt 0.9375 0.9375
vt 0.9375 0.0625
vt 0.0625 0.0625
vt 0.0625 0.9375
vt 0.9375 0.9375
vt 0.9375 0.0625
vt 0.0625 0.0625
vt 0.0625 0.9375
vt 0.9375 0.9375
vt 0.9375 0.0625
vt 0.0625 0.0625
vt 0.0625 0.9375
vt 0.9375 0.9375
vt 0.9375 0.0625
vt 0.0625 0.0625
vt 0.0625 0.9375
vt 0.9375 0.9375
vt 0.9375 0.0625
vt 0.0625 0.0625
vt 0.0625 0.9375
vt 0.9375 0.9375
vt 0.9375 0.0625
vt 0.0625 0.0625
vt 0.0625 0.9375
vt 0.9375 0.9375
vt 0.9375 0.0625
vt 0.0625 0.9375
vt 0.9375 0.9375
vt 0.9375 0.0625
vt 0.0625 0.9375
vt 0.9375 0.9375
vt 0.9375 0.0625
vt 0.0625 0.9375
vt 0.9375 0.9375
vt 0.9375 0.0625
vt 0.0625 0.9375
vt 0.9375 0.9375
vt 0.9375 0.0625
vt 0.0625 0.9375
vt 0.9375 0.9375
vt 0.9375 0.0625
vt 0.0625 0.9375
vt 0.9375 0.9375
vt 0.9375 0.0625
vt 0.0625 0.9375
vt 0.9375 0.9375
vt 0.9375 0.0625
vt 0.0625 0.9375
vt 0.9375 0.9375
vt 0.9375 0.0625
vt 0.0625 0.9375
vt 0.9375 0.9375
vt 0.9375 0.0625
vt 0.0625 0.9375
vt 0.9375 0.9375
vt 0.9375 0.0625
vt 0.0625 0.9375
vt 0.9375 0.9375
vt 0.9375 0.0625
vt 0.0625 0.9375
vt 0.9375 0.9375
vt 0.9375 0.0625
vt 0.0625 0.9375
vt 0.9375 0.9375
vt 0.9375 0.0625
vt 0.0625 0.9375
vt 0.9375 0.9375
vt 0.9375 0.0625
vt 0.0625 0.9375
vt 0.9375 0.9375
vt 0.9375 0.0625
vt 0.0625 0.9375
vt 0.9375 0.9375
vt 0.9375 0.0625
vt 0.0625 0.0625
vt 0.0625 0.9375
vt 0.9375 0.9375
vt 0.9375 0.0625
vt 0.0625 0.0625
vt 0.0625 0.9375
vt 0.9375 0.9375
vt 0.9375 0.0625
vt 0.0625 0.0625
vt 0.0625 0.9375
vt 0.9375 0.9375
vt 0.9375 0.0625
vt 0.0625 0.0625
vt 0.0625 0.9375
vt 0.9375 0.9375
vt 0.9375 0.0625
vt 0.0625 0.0625
vt 0.0625 0.9375
vt 0.9375 0.9375
vt 0.9375 0.0625
vt 0.0625 0.0625
vt 0.0625 0.9375
vt 0.9375 0.9375
vt 0.9375 0.0625
vt 0.0625 0.0625
vt 0.0625 0.9375
vt 0.9375 0.9375
vt 0.9375 0.0625
vt 0.0625 0.0625
vt 0.0625 0.9375
vt 0.9375 0.9375
vt 0.9375 0.0625
vt 0.0625 0.9375
vt 0.9375 0.9375
vt 0.9375 0.0625
vt 0.0625 0.9375
vt 0.9375 0.9375
vt 0.9375 0.0625
vt 0.0625 0.9375
vt 0.9375 0.9375
vt 0.9375 0.0625
vt 0.0625 0.9375
vt 0.9375 0.9375
vt 0.9375 0.0625
vt 0.0625 0.9375
vt 0.9375 0.9375
vt 0.9375 0.0625
vt 0.0625 0.9375
vt 0.9375 0.9375
vt 0.9375 0.0625
vt 0.0625 0.9375
vt 0.9375 0.9375
vt 0.9375 0.0625
vt 0.0625 0.9375
vt 0.9375 0.9375
vt 0.9375 0.0625
vt 0.0625 0.9375
vt 0.9375 0.9375
vt 0.9375 0.0625
vt 0.0625 0.9375
vt 0.9375 0.9375
vt 0.9375 0.0625
vt 0.0625 0.9375
vt 0.9375 0.9375
vt 0.9375 0.0625
vt 0.0625 0.9375
vt 0.9375 0.9375
vt 0.9375 0.0625
vt 0.0625 0.9375
vt 0.9375 0.9375
vt 0.9375 0.0625
vt 0.0625 0.9375
vt 0.9375 0.9375
vt 0.9375 0.0625
vt 0.0625 0.9375
vt 0.9375 0.9375
vt 0.9375 0.0625
vt 0.0625 0.9375
vt 0.9375 0.9375
vt 0.9375 0.0625
vt 0.0625 0.0625
vt 0.0625 0.9375
vt 0.9375 0.9375
vt 0.9375 0.0625
vt 0.0625 0.0625
vt 0.0625 0.9375
vt 0.9375 0.9375
vt 0.9375 0.0625
vt 0.0625 0.0625
vt 0.0625 0.9375
vt 0.9375 0.9375
vt 0.9375 0.0625
vt 0.0625 0.0625
vt 0.0625 0.9375
vt 0.9375 0.9375
vt 0.9375 0.0625
vt 0.0625 0.0625
vt 0.0625 0.9375
vt 0.9375 0.9375
vt 0.9375 0.0625
vt 0.0625 0.0625
vt 0.0625 0.9375
vt 0.9375 0.9375
vt 0.9375 0.0625
vt 0.0625 0.0625
vt 0.0625 0.9375
vt 0.9375 0.9375
vt 0.9375 0.0625
vt 0.0625 0.0625
vt 0.0625 0.9375
vt 0.9375 0.9375
vt 0.9375 0.0625
vt 0.0625 0.9375
vt 0.9375 0.9375
vt 0.9375 0.0625
vt 0.0625 0.9375
vt 0.9375 0.9375
vt 0.9375 0.0625
vt 0.0625 0.9375
vt 0.9375 0.9375
vt 0.9375 0.0625
vt 0.0625 0.9375
vt 0.9375 0.9375
vt 0.9375 0.0625
vt 0.0625 0.9375
vt 0.9375 0.9375
vt 0.9375 0.0625
vt 0.0625 0.9375
vt 0.9375 0.9375
vt 0.9375 0.0625
vt 0.0625 0.9375
vt 0.9375 0.9375
vt 0.9375 0.0625
vt 0.0625 0.9375
vt 0.9375 0.9375
vt 0.9375 0.0625
vt 0.0625 0.9375
vt 0.9375 0.9375
vt 0.9375 0.0625
vt 0.0625 0.9375
vt 0.9375 0.9375
vt 0.9375 0.0625
vt 0.0625 0.9375
vt 0.9375 0.9375
vt 0.9375 0.0625
vt 0.0625 0.9375
vt 0.9375 0.9375
vt 0.9375 0.0625
vt 0.0625 0.9375
vt 0.9375 0.9375
vt 0.9375 0.0625
vt 0.0625 0.9375
vt 0.9375 0.9375
vt 0.9375 0.0625
vt 0.0625 0.9375
vt 0.9375 0.9375
vt 0.9375 0.0625
vt 0.0625 0.9375
vt 0.9375 0.9375
vt 0.9375 0.0625
vt 0.0625 0.0625
vt 0.0625 0.9375
vt 0.9375 0.9375
vt 0.9375 0.0625
vt 0.0625 0.0625
vt 0.0625 0.9375
vt 0.9375 0.9375
vt 0.9375 0.0625
vt 0.0625 0.0625
vt 0.0625 0.9375
vt 0.9375 0.9375
vt 0.9375 0.0625
vt 0.0625 0.0625
vt 0.0625 0.9375
vt 0.9375 0.9375
vt 0.9375 0.0625
vt 0.0625 0.0625
vt 0.0625 0.9375
vt 0.9375 0.9375
vt 0.9375 0.0625
vt 0.0625 0.0625
vt 0.0625 0.9375
vt 0.9375 0.9375
vt 0.9375 0.0625
vt 0.0625 0.0625
vt 0.0625 0.9375
vt 0.9375 0.9375
vt 0.9375 0.0625
vt 0.0625 0.0625
vt 0.0625 0.9375
vt 0.9375 0.9375
vt 0.9375 0.0625
vt 0.0625 0.9375
vt 0.9375 0.9375
vt 0.9375 0.0625
vt 0.0625 0.9375
vt 0.9375 0.9375
vt 0.9375 0.0625
vt 0.0625 0.9375
vt 0.9375 0.9375
vt 0.9375 0.0625
vt 0.0625 0.9375
vt 0.9375 0.9375
vt 0.9375 0.0625
vt 0.0625 0.9375
vt 0.9375 0.9375
vt 0.9375 0.0625
vt 0.0625 0.9375
vt 0.9375 0.9375
vt 0.9375 0.0625
vt 0.0625 0.9375
vt 0.9375 0.9375
vt 0.9375 0.0625
vt 0.0625 0.9375
vt 0.9375 0.9375
vt 0.9375 0.0625
vt 0.0625 0.9375
vt 0.9375 0.9375
vt 0.9375 0.0625
vt 0.0625 0.9375
vt 0.9375 0.9375
vt 0.9375 0.0625
vt 0.0625 0.9375
vt 0.9375 0.9375
vt 0.9375 0.0625
vt 0.0625 0.9375
vt 0.9375 0.9375
vt 0.9375 0.0625
vt 0.0625 0.9375
vt 0.9375 0.9375
vt 0.9375 0.0625
vt 0.0625 0.9375
vt 0.9375 0.9375
vt 0.9375 0.0625
vt 0.0625 0.9375
vt 0.9375 0.9375
vt 0.9375 0.0625
vt 0.0625 0.9375
vt 0.9375 0.9375
vt 0.9375 0.0625
vt 0.0625 0.0625
vt 0.0625 0.9375
vt 0.9375 0.9375
vt 0.9375 0.0625
vt 0.0625 0.0625
vt 0.0625 0.9375
vt 0.9375 0.9375
vt 0.9375 0.0625
vt 0.0625 0.0625
vt 0.0625 0.9375
vt 0.9375 0.9375
vt 0.9375 0.0625
vt 0.0625 0.0625
vt 0.0625 0.9375
vt 0.9375 0.9375
vt 0.9375 0.0625
vt 0.0625 0.0625
vt 0.0625 0.9375
vt 0.9375 0.9375
vt 0.9375 0.0625
vt 0.0625 0.0625
vt 0.0625 0.9375
vt 0.9375 0.9375
vt 0.9375 0.0625
vt 0.0625 0.0625
vt 0.0625 0.9375
vt 0.9375 0.9375
vt 0.9375 0.0625
vt 0.0625 0.0625
vt 0.0625 0.9375
vt 0.9375 0.9375
vt 0.9375 0.0625
vt 0.0625 0.9375
vt 0.9375 0.9375
vt 0.9375 0.0625
vt 0.0625 0.9375
vt 0.9375 0.9375
vt 0.9375 0.0625
vt 0.0625 0.9375
vt 0.9375 0.9375
vt 0.9375 0.0625
vt 0.0625 0.9375
vt 0.9375 0.9375
vt 0.9375 0.0625
vt 0.0625 0.9375
vt 0.9375 0.9375
vt 0.9375 0.0625
vt 0.0625 0.9375
vt 0.9375 0.9375
vt 0.9375 0.0625
vt 0.0625 0.9375
vt 0.9375 0.9375
vt 0.9375 0.0625
vt 0.0625 0.9375
vt 0.9375 0.9375
vt 0.9375 0.0625
vt 0.0625 0.9375
vt 0.9375 0.9375
vt 0.9375 0.0625
vt 0.0625 0.9375
vt 0.9375 0.9375
vt 0.9375 0.0625
vt 0.0625 0.9375
vt 0.9375 0.9375
vt 0.9375 0.0625
vt 0.0625 0.9375
vt 0.9375 0.9375
vt 0.9375 0.0625
vt 0.0625 0.9375
vt 0.9375 0.9375
vt 0.9375 0.0625
vt 0.0625 0.9375
vt 0.9375 0.9375
vt 0.9375 0.0625
vt 0.0625 0.9375
vt 0.9375 0.9375
vt 0.9375 0.0625
vt 0.0625 0.9375
vt 0.9375 0.9375
vt 0.9375 0.0625
vt 0.0625 0.0625
vt 0.0625 0.9375
vt 0.9375 0.9375
vt 0.9375 0.0625
vt 0.0625 0.0625
vt 0.0625 0.9375
vt 0.9375 0.9375
vt 0.9375 0.0625
vt 0.0625 0.0625
vt 0.0625 0.9375
vt 0.9375 0.9375
vt 0.9375 0.0625
vt 0.0625 0.0625
vt 0.0625 0.9375
vt 0.9375 0.9375
vt 0.9375 0.0625
vt 0.0625 0.0625
vt 0.0625 0.9375
vt 0.9375 0.9375
vt 0.9375 0.0625
vt 0.0625 0.0625
vt 0.0625 0.9375
vt 0.9375 0.9375
vt 0.9375 0.0625
vt 0.0625 0.0625
vt 0.0625 0.9375
vt 0.9375 0.9375
vt 0.9375 0.0625
vt 0.0625 0.0625
vt 0.0625 0.9375
vt 0.9375 0.9375
vt 0.9375 0.0625
vt 0.0625 0.0625
vt 0.0625 0.9375
vt 0.9375 0.9375
vt 0.9375 0.0625
vt 0.0625 0.0625
vt 0.0625 0.9375
vt 0.9375 0.9375
vt 0.9375 0.0625
vt 0.0625 0.0625
vt 0.0625 0.9375
vt 0.9375 0.9375
vt 0.9375 0.0625
vt 0.0625 0.0625
vt 0.0625 0.9375
vt 0.9375 0.9375
vt 0.9375 0.0625
vt 0.0625 0.0625
vt 0.0625 0.9375
vt 0.9375 0.9375
vt 0.9375 0.0625
vt 0.0625 0.0625
vt 0.0625 0.9375
vt 0.9375 0.9375
vt 0.9375 0.0625
vt 0.0625 0.0625
vt 0.0625 0.9375
vt 0.9375 0.9375
vt 0.9375 0.0625
vt 0.0625 0.0625
vt 0.0625 0.9375
vt 0.9375 0.9375
vt 0.9375 0.0625
vt 0.0625 0.0625
vt 0.0625 0.9375
vt 0.9375 0.9375
vt 0.9375 0.0625
vt 0.0625 0.0625
vt 0.0625 0.9375
vt 0.9375 0.9375
vt 0.9375 0.0625
vt 0.0625 0.0625
vt 0.0625 0.9375
vt 0.9375 0.9375
vt 0.9375 0.0625
vt 0.0625 0.0625
vt 0.0625 0.9375
vt 0.9375 0.9375
vt 0.9375 0.0625
vt 0.0625 0.0625
vt 0.0625 0.9375
vt 0.9375 0.9375
vt 0.9375 0.0625
vt 0.0625 0.0625
vt 0.0625 0.9375
vt 0.9375 0.9375
vt 0.9375 0.0625
vt 0.0625 0.0625
vt 0.0625 0.9375
vt 0.9375 0.9375
vt 0.9375 0.0625
vt 0.0625 0.0625
vt 0.0625 0.9375
vt 0.9375 0.9375
vt 0.9375 0.0625
vt 0.0625 0.9375
vt 0.9375 0.9375
vt 0.9375 0.0625
vt 0.0625 0.9375
vt 0.9375 0.9375
vt 0.9375 0.0625
vt 0.0625 0.9375
vt 0.9375 0.9375
vt 0.9375 0.0625
vt 0.0625 0.9375
vt 0.9375 0.9375
vt 0.9375 0.0625
vt 0.0625 0.9375
vt 0.9375 0.9375
vt 0.9375 0.0625
vt 0.0625 0.9375
vt 0.9375 0.9375
vt 0.9375 0.0625
vt 0.0625 0.9375
vt 0.9375 0.9375
vt 0.9375 0.0625
vt 0.0625 0.9375
vt 0.9375 0.9375
vt 0.9375 0.0625
vt 0.0625 0.9375
vt 0.9375 0.9375
vt 0.9375 0.0625
vt 0.0625 0.9375
vt 0.9375 0.9375
vt 0.9375 0.0625
vt 0.0625 0.9375
vt 0.9375 0.9375
vt 0.9375 0.0625
vt 0.0625 0.9375
vt 0.9375 0.9375
vt 0.9375 0.0625
vt 0.0625 0.9375
vt 0.9375 0.9375
vt 0.9375 0.0625
vt 0.0625 0.9375
vt 0.9375 0.9375
vt 0.9375 0.0625
vt 0.0625 0.9375
vt 0.9375 0.9375
vt 0.9375 0.0625
vt 0.0625 0.9375
vt 0.9375 0.9375
vt 0.9375 0.0625
vt 0.0625 0.0625
vt 0.0625 0.9375
vt 0.9375 0.9375
vt 0.9375 0.0625
vt 0.0625 0.0625
vt 0.0625 0.9375
vt 0.9375 0.9375
vt 0.9375 0.0625
vt 0.0625 0.0625
vt 0.0625 0.9375
vt 0.9375 0.9375
vt 0.9375 0.0625
vt 0.0625 0.0625
vt 0.0625 0.9375
vt 0.9375 0.9375
vt 0.9375 0.0625
vt 0.0625 0.0625
vt 0.0625 0.9375
vt 0.9375 0.9375
vt 0.9375 0.0625
vt 0.0625 0.0625
vt 0.0625 0.9375
vt 0.9375 0.9375
vt 0.9375 0.0625
vt 0.0625 0.0625
vt 0.0625 0.9375
vt 0.9375 0.9375
vt 0.9375 0.0625
vt 0.0625 0.0625
vt 0.0625 0.9375
vt 0.9375 0.9375
vt 0.9375 0.0625
vt 0.0625 0.0625
vt 0.0625 0.9375
vt 0.9375 0.9375
vt 0.9375 0.0625
vt 0.0625 0.0625
vt 0.0625 0.9375
vt 0.9375 0.9375
vt 0.9375 0.0625
vt 0.0625 0.0625
vt 0.0625 0.9375
vt 0.9375 0.9375
vt 0.9375 0.0625
vt 0.0625 0.0625
vt 0.0625 0.9375
vt 0.9375 0.9375
vt 0.9375 0.0625
vt 0.0625 0.0625
vt 0.0625 0.9375
vt 0.9375 0.9375
vt 0.9375 0.0625
vt 0.0625 0.0625
vt 0.0625 0.9375
vt 0.9375 0.9375
vt 0.9375 0.0625
vt 0.0625 0.0625
vt 0.0625 0.9375
vt 0.9375 0.9375
vt 0.9375 0.0625
vt 0.0625 0.0625
vt 0.0625 0.9375
vt 0.9375 0.9375
vt 0.9375 0.0625
vt 0.0625 0.0625
vt 0.0625 0.9375
vt 0.9375 0.9375
vt 0.9375 0.0625
vt 0.0625 0.0625
vt 0.0625 0.9375
vt 0.9375 0.9375
vt 0.9375 0.0625
vt 0.0625 0.0625
vt 0.0625 0.9375
vt 0.9375 0.9375
vt 0.9375 0.0625
vt 0.0625 0.0625
vt 0.0625 0.9375
vt 0.9375 0.9375
vt 0.9375 0.0625
vt 0.0625 0.0625
vt 0.0625 0.9375
vt 0.9375 0.9375
vt 0.9375 0.0625
vt 0.0625 0.0625
vt 0.0625 0.9375
vt 0.9375 0.9375
vt 0.9375 0.0625
vt 0.0625 0.0625
vt 0.0625 0.9375
vt 0.9375 0.9375
vt 0.9375 0.0625
vt 0.0625 0.0625
vt 0.0625 0.9375
vt 0.9375 0.9375
vt 0.9375 0.0625
vt 0.0625 0.9375
vt 0.9375 0.9375
vt 0.9375 0.0625
vt 0.0625 0.9375
vt 0.9375 0.9375
vt 0.9375 0.0625
vt 0.0625 0.9375
vt 0.9375 0.9375
vt 0.9375 0.0625
vt 0.0625 0.9375
vt 0.9375 0.9375
vt 0.9375 0.0625
vt 0.0625 0.9375
vt 0.9375 0.9375
vt 0.9375 0.0625
vt 0.0625 0.9375
vt 0.9375 0.9375
vt 0.9375 0.0625
vt 0.0625 0.9375
vt 0.9375 0.9375
vt 0.9375 0.0625
vt 0.0625 0.9375
vt 0.9375 0.9375
vt 0.9375 0.0625
vt 0.0625 0.9375
vt 0.9375 0.9375
vt 0.9375 0.0625
vt 0.0625 0.9375
vt 0.9375 0.9375
vt 0.9375 0.0625
vt 0.0625 0.9375
vt 0.9375 0.9375
vt 0.9375 0.0625
vt 0.0625 0.9375
vt 0.9375 0.9375
vt 0.9375 0.0625
vt 0.0625 0.9375
vt 0.9375 0.9375
vt 0.9375 0.0625
vt 0.0625 0.9375
vt 0.9375 0.9375
vt 0.9375 0.0625
vt 0.0625 0.9375
vt 0.9375 0.9375
vt 0.9375 0.0625
vt 0.0625 0.9375
vt 0.9375 0.9375
vt 0.9375 0.0625
vt 0.0625 0.0625
vt 0.0625 0.9375
vt 0.9375 0.9375
vt 0.9375 0.0625
vt 0.0625 0.0625
vt 0.0625 0.9375
vt 0.9375 0.9375
vt 0.9375 0.0625
vt 0.0625 0.0625
vt 0.0625 0.9375
vt 0.9375 0.9375
vt 0.9375 0.0625
vt 0.0625 0.0625
vt 0.0625 0.9375
vt 0.9375 0.9375
vt 0.9375 0.0625
vt 0.0625 0.0625
vt 0.0625 0.9375
vt 0.9375 0.9375
vt 0.9375 0.0625
vt 0.0625 0.0625
vt 0.0625 0.9375
vt 0.9375 0.9375
vt 0.9375 0.0625
vt 0.0625 0.0625
vt 0.0625 0.9375
vt 0.9375 0.9375
vt 0.9375 0.0625
vt 0.0625 0.0625
vt 0.0625 0.9375
vt 0.9375 0.9375
vt 0.9375 0.0625
vt 0.0625 0.0625
vt 0.0625 0.9375
vt 0.9375 0.9375
vt 0.9375 0.0625
vt 0.0625 0.0625
vt 0.0625 0.9375
vt 0.9375 0.9375
vt 0.9375 0.0625
vt 0.0625 0.0625
vt 0.0625 0.9375
vt 0.9375 0.9375
vt 0.9375 0.0625
vt 0.0625 0.0625
vt 0.0625 0.9375
vt 0.9375 0.9375
vt 0.9375 0.0625
vt 0.0625 0.0625
vt 0.0625 0.9375
vt 0.9375 0.9375
vt 0.9375 0.0625
vt 0.0625 0.0625
vt 0.0625 0.9375
vt 0.9375 0.9375
vt 0.9375 0.0625
vt 0.0625 0.0625
vt 0.0625 0.9375
vt 0.9375 0.9375
vt 0.9375 0.0625
vt 0.0625 0.0625
vt 0.0625 0.9375
vt 0.9375 0.9375
vt 0.9375 0.0625
vt 0.0625 0.0625
vt 0.0625 0.9375
vt 0.9375 0.9375
vt 0.9375 0.0625
vt 0.0625 0.0625
vt 0.0625 0.9375
vt 0.9375 0.9375
vt 0.9375 0.0625
vt 0.0625 0.0625
vt 0.0625 0.9375
vt 0.9375 0.9375
vt 0.9375 0.0625
vt 0.0625 0.0625
vt 0.0625 0.9375
vt 0.9375 0.9375
vt 0.9375 0.0625
vt 0.0625 0.0625
vt 0.0625 0.9375
vt 0.9375 0.9375
vt 0.9375 0.0625
vt 0.0625 0.0625
vt 0.0625 0.9375
vt 0.9375 0.9375
vt 0.9375 0.0625
vt 0.0625 0.0625
vt 0.0625 0.9375
vt 0.9375 0.9375
vt 0.9375 0.0625
vt 0.0625 0.0625
vt 0.0625 0.9375
vt 0.9375 0.9375
vt 0.9375 0.0625
vt 0.0625 0.9375
vt 0.9375 0.9375
vt 0.9375 0.0625
vt 0.0625 0.9375
vt 0.9375 0.9375
vt 0.9375 0.0625
vt 0.0625 0.9375
vt 0.9375 0.9375
vt 0.9375 0.0625
vt 0.0625 0.9375
vt 0.9375 0.9375
vt 0.9375 0.0625
vt 0.0625 0.9375
vt 0.9375 0.9375
vt 0.9375 0.0625
vt 0.0625 0.9375
vt 0.9375 0.9375
vt 0.9375 0.0625
vt 0.0625 0.9375
vt 0.9375 0.9375
vt 0.9375 0.0625
vt 0.0625 0.9375
vt 0.9375 0.9375
vt 0.9375 0.0625
vt 0.0625 0.9375
vt 0.9375 0.9375
vt 0.9375 0.0625
vt 0.0625 0.9375
vt 0.9375 0.9375
vt 0.9375 0.0625
vt 0.0625 0.9375
vt 0.9375 0.9375
vt 0.9375 0.0625
vt 0.0625 0.9375
vt 0.9375 0.9375
vt 0.9375 0.0625
vt 0.0625 0.9375
vt 0.9375 0.9375
vt 0.9375 0.0625
vt 0.0625 0.9375
vt 0.9375 0.9375
vt 0.9375 0.0625
vt 0.0625 0.9375
vt 0.9375 0.9375
vt 0.9375 0.0625
vt 0.0625 0.9375
vt 0.9375 0.9375
vt 0.9375 0.0625
vt 0.0625 0.0625
vt 0.0625 0.9375
vt 0.9375 0.9375
vt 0.9375 0.0625
vt 0.0625 0.0625
vt 0.0625 0.9375
vt 0.9375 0.9375
vt 0.9375 0.0625
vt 0.0625 0.0625
vt 0.0625 0.9375
vt 0.9375 0.9375
vt 0.9375 0.0625
vt 0.0625 0.0625
vt 0.0625 0.9375
vt 0.9375 0.9375
vt 0.9375 0.0625
vt 0.0625 0.0625
vt 0.0625 0.9375
vt 0.9375 0.9375
vt 0.9375 0.0625
vt 0.0625 0.0625
vt 0.0625 0.9375
vt 0.9375 0.9375
vt 0.9375 0.0625
vt 0.0625 0.0625
vt 0.0625 0.9375
vt 0.9375 0.9375
vt 0.9375 0.0625
vt 0.0625 0.0625
vt 0.0625 0.9375
vt 0.9375 0.9375
vt 0.9375 0.0625
vt 0.0625 0.9375
vt 0.9375 0.9375
vt 0.9375 0.0625
vt 0.0625 0.9375
vt 0.9375 0.9375
vt 0.9375 0.0625
vt 0.0625 0.9375
vt 0.9375 0.9375
vt 0.9375 0.0625
vt 0.0625 0.9375
vt 0.9375 0.9375
vt 0.9375 0.0625
vt 0.0625 0.9375
vt 0.9375 0.9375
vt 0.9375 0.0625
vt 0.0625 0.9375
vt 0.9375 0.9375
vt 0.9375 0.0625
vt 0.0625 0.9375
vt 0.9375 0.9375
vt 0.9375 0.0625
vt 0.0625 0.9375
vt 0.9375 0.9375
vt 0.9375 0.0625
vt 0.0625 0.9375
vt 0.9375 0.9375
vt 0.9375 0.0625
vt 0.0625 0.9375
vt 0.9375 0.9375
vt 0.9375 0.0625
vt 0.0625 0.9375
vt 0.9375 0.9375
vt 0.9375 0.0625
vt 0.0625 0.9375
vt 0.9375 0.9375
vt 0.9375 0.0625
vt 0.0625 0.9375
vt 0.9375 0.9375
vt 0.9375 0.0625
vt 0.0625 0.9375
vt 0.9375 0.9375
vt 0.9375 0.0625
vt 0.0625 0.9375
vt 0.9375 0.9375
vt 0.9375 0.0625
vt 0.0625 0.9375
vt 0.9375 0.9375
vt 0.9375 0.0625
vt 0.0625 0.0625
vt 0.0625 0.9375
vt 0.9375 0.9375
vt 0.9375 0.0625
vt 0.0625 0.0625
vt 0.0625 0.9375
vt 0.9375 0.9375
vt 0.9375 0.0625
vt 0.0625 0.0625
vt 0.0625 0.9375
vt 0.9375 0.9375
vt 0.9375 0.0625
vt 0.0625 0.0625
vt 0.0625 0.9375
vt 0.9375 0.9375
vt 0.9375 0.0625
vt 0.0625 0.0625
vt 0.0625 0.9375
vt 0.9375 0.9375
vt 0.9375 0.0625
vt 0.0625 0.0625
vt 0.0625 0.9375
vt 0.9375 0.9375
vt 0.9375 0.0625
vt 0.0625 0.0625
vt 0.0625 0.9375
vt 0.9375 0.9375
vt 0.9375 0.0625
vt 0.0625 0.0625
vt 0.0625 0.9375
vt 0.9375 0.9375
vt 0.9375 0.0625
vt 0.0625 0.9375
vt 0.9375 0.9375
vt 0.9375 0.0625
vt 0.0625 0.9375
vt 0.9375 0.9375
vt 0.9375 0.0625
vt 0.0625 0.9375
vt 0.9375 0.9375
vt 0.9375 0.0625
vt 0.0625 0.9375
vt 0.9375 0.9375
vt 0.9375 0.0625
vt 0.0625 0.9375
vt 0.9375 0.9375
vt 0.9375 0.0625
vt 0.0625 0.9375
vt 0.9375 0.9375
vt 0.9375 0.0625
vt 0.0625 0.9375
vt 0.9375 0.9375
vt 0.9375 0.0625
vt 0.0625 0.9375
vt 0.9375 0.9375
vt 0.9375 0.0625
vt 0.0625 0.9375
vt 0.9375 0.9375
vt 0.9375 0.0625
vt 0.0625 0.9375
vt 0.9375 0.9375
vt 0.9375 0.0625
vt 0.0625 0.9375
vt 0.9375 0.9375
vt 0.9375 0.0625
vt 0.0625 0.9375
vt 0.9375 0.9375
vt 0.9375 0.0625
vt 0.0625 0.9375
vt 0.9375 0.9375
vt 0.9375 0.0625
vt 0.0625 0.9375
vt 0.9375 0.9375
vt 0.9375 0.0625
vt 0.0625 0.9375
vt 0.9375 0.9375
vt 0.9375 0.0625
vt 0.0625 0.9375
vt 0.9375 0.9375
vt 0.9375 0.0625
vt 0.0625 0.0625
vt 0.0625 0.9375
vt 0.9375 0.9375
vt 0.9375 0.0625
vt 0.0625 0.0625
vt 0.0625 0.9375
vt 0.9375 0.9375
vt 0.9375 0.0625
vt 0.0625 0.0625
vt 0.0625 0.9375
vt 0.9375 0.9375
vt 0.9375 0.0625
vt 0.0625 0.0625
vt 0.0625 0.9375
vt 0.9375 0.9375
vt 0.9375 0.0625
vt 0.0625 0.0625
vt 0.0625 0.9375
vt 0.9375 0.9375
vt 0.9375 0.0625
vt 0.0625 0.0625
vt 0.0625 0.9375
vt 0.9375 0.9375
vt 0.9375 0.0625
vt 0.0625 0.0625
vt 0.0625 0.9375
vt 0.9375 0.9375
vt 0.9375 0.0625
vt 0.0625 0.0625
vt 0.0625 0.9375
vt 0.9375 0.9375
vt 0.9375 0.0625
vt 0.0625 0.9375
vt 0.9375 0.9375
vt 0.9375 0.0625
vt 0.0625 0.9375
vt 0.9375 0.9375
vt 0.9375 0.0625
vt 0.0625 0.9375
vt 0.9375 0.9375
vt 0.9375 0.0625
vt 0.0625 0.9375
vt 0.9375 0.9375
vt 0.9375 0.0625
vt 0.0625 0.9375
vt 0.9375 0.9375
vt 0.9375 0.0625
vt 0.0625 0.9375
vt 0.9375 0.9375
vt 0.9375 0.0625
vt 0.0625 0.9375
vt 0.9375 0.9375
vt 0.9375 0.0625
vt 0.0625 0.9375
vt 0.9375 0.9375
vt 0.9375 0.0625
vt 0.0625 0.9375
vt 0.9375 0.9375
vt 0.9375 0.0625
vt 0.0625 0.9375
vt 0.9375 0.9375
vt 0.9375 0.0625
vt 0.0625 0.9375
vt 0.9375 0.9375
vt 0.9375 0.0625
vt 0.0625 0.9375
vt 0.9375 0.9375
vt 0.9375 0.0625
vt 0.0625 0.9375
vt 0.9375 0.9375
vt 0.9375 0.0625
vt 0.0625 0.9375
vt 0.9375 0.9375
vt 0.9375 0.0625
vt 0.0625 0.9375
vt 0.9375 0.9375
vt 0.9375 0.0625
vt 0.0625 0.9375
vt 0.9375 0.9375
vt 0.9375 0.0625
vt 0.0625 0.0625
vt 0.0625 0.9375
vt 0.9375 0.9375
vt 0.9375 0.0625
vt 0.0625 0.0625
vt 0.0625 0.9375
vt 0.9375 0.9375
vt 0.9375 0.0625
vt 0.0625 0.0625
vt 0.0625 0.9375
vt 0.9375 0.9375
vt 0.9375 0.0625
vt 0.0625 0.0625
vt 0.0625 0.9375
vt 0.9375 0.9375
vt 0.9375 0.0625
vt 0.0625 0.0625
vt 0.0625 0.9375
vt 0.9375 0.9375
vt 0.9375 0.0625
vt 0.0625 0.0625
vt 0.0625 0.9375
vt 0.9375 0.9375
vt 0.9375 0.0625
vt 0.0625 0.0625
vt 0.0625 0.9375
vt 0.9375 0.9375
vt 0.9375 0.0625
vt 0.0625 0.0625
vt 0.0625 0.9375
vt 0.9375 0.9375
vt 0.9375 0.0625
vt 0.0625 0.9375
vt 0.9375 0.9375
vt 0.9375 0.0625
vt 0.0625 0.9375
vt 0.9375 0.9375
vt 0.9375 0.0625
vt 0.0625 0.9375
vt 0.9375 0.9375
vt 0.9375 0.0625
vt 0.0625 0.9375
vt 0.9375 0.9375
vt 0.9375 0.0625
vt 0.0625 0.9375
vt 0.9375 0.9375
vt 0.9375 0.0625
vt 0.0625 0.9375
vt 0.9375 0.9375
vt 0.9375 0.0625
vt 0.0625 0.9375
vt 0.9375 0.9375
vt 0.9375 0.0625
vt 0.0625 0.9375
vt 0.9375 0.9375
vt 0.9375 0.0625
vt 0.0625 0.9375
vt 0.9375 0.9375
vt 0.9375 0.0625
vt 0.0625 0.9375
vt 0.9375 0.9375
vt 0.9375 0.0625
vt 0.0625 0.9375
vt 0.9375 0.9375
vt 0.9375 0.0625
vt 0.0625 0.9375
vt 0.9375 0.9375
vt 0.9375 0.0625
vt 0.0625 0.9375
vt 0.9375 0.9375
vt 0.9375 0.0625
vt 0.0625 0.9375
vt 0.9375 0.9375
vt 0.9375 0.0625
vt 0.0625 0.9375
vt 0.9375 0.9375
vt 0.9375 0.0625
vt 0.0625 0.9375
vt 0.9375 0.9375
vt 0.9375 0.0625
vt 0.0625 0.0625
vt 0.0625 0.9375
vt 0.9375 0.9375
vt 0.9375 0.0625
vt 0.0625 0.0625
vt 0.0625 0.9375
vt 0.9375 0.9375
vt 0.9375 0.0625
vt 0.0625 0.0625
vt 0.0625 0.9375
vt 0.9375 0.9375
vt 0.9375 0.0625
vt 0.0625 0.0625
vt 0.0625 0.9375
vt 0.9375 0.9375
vt 0.9375 0.0625
vt 0.0625 0.0625
vt 0.0625 0.9375
vt 0.9375 0.9375
vt 0.9375 0.0625
vt 0.0625 0.0625
vt 0.0625 0.9375
vt 0.9375 0.9375
vt 0.9375 0.0625
vt 0.0625 0.0625
vt 0.0625 0.9375
vt 0.9375 0.9375
vt 0.9375 0.0625
vt 0.0625 0.0625
vt 0.0625 0.9375
vt 0.9375 0.9375
vt 0.9375 0.0625
vt 0.0625 0.9375
vt 0.9375 0.9375
vt 0.9375 0.0625
vt 0.0625 0.9375
vt 0.9375 0.9375
vt 0.9375 0.0625
vt 0.0625 0.9375
vt 0.9375 0.9375
vt 0.9375 0.0625
vt 0.0625 0.9375
vt 0.9375 0.9375
vt 0.9375 0.0625
vt 0.0625 0.9375
vt 0.9375 0.9375
vt 0.9375 0.0625
vt 0.0625 0.9375
vt 0.9375 0.9375
vt 0.9375 0.0625
vt 0.0625 0.9375
vt 0.9375 0.9375
vt 0.9375 0.0625
vt 0.0625 0.9375
vt 0.9375 0.9375
vt 0.9375 0.0625
vt 0.0625 0.9375
vt 0.9375 0.9375
vt 0.9375 0.0625
vt 0.0625 0.9375
vt 0.9375 0.9375
vt 0.9375 0.0625
vt 0.0625 0.9375
vt 0.9375 0.9375
vt 0.9375 0.0625
vt 0.0625 0.9375
vt 0.9375 0.9375
vt 0.9375 0.0625
vt 0.0625 0.9375
vt 0.9375 0.9375
vt 0.9375 0.0625
vt 0.0625 0.9375
vt 0.9375 0.9375
vt 0.9375 0.0625
vt 0.0625 0.9375
vt 0.9375 0.9375
vt 0.9375 0.0625
vt 0.0625 0.9375
vt 0.9375 0.9375
vt 0.9375 0.0625
vt 0.0625 0.0625
vt 0.0625 0.9375
vt 0.9375 0.9375
vt 0.9375 0.0625
vt 0.0625 0.0625
vt 0.0625 0.9375
vt 0.9375 0.9375
vt 0.9375 0.0625
vt 0.0625 0.0625
vt 0.0625 0.9375
vt 0.9375 0.9375
vt 0.9375 0.0625
vt 0.0625 0.0625
vt 0.0625 0.9375
vt 0.9375 0.9375
vt 0.9375 0.0625
vt 0.0625 0.0625
vt 0.0625 0.9375
vt 0.9375 0.9375
vt 0.9375 0.0625
vt 0.0625 0.0625
vt 0.0625 0.9375
vt 0.9375 0.9375
vt 0.9375 0.0625
vt 0.0625 0.0625
vt 0.0625 0.9375
vt 0.9375 0.9375
vt 0.9375 0.0625
vt 0.0625 0.0625
vt 0.0625 0.9375
vt 0.9375 0.9375
vt 0.9375 0.0625
vt 0.0625 0.9375
vt 0.9375 0.9375
vt 0.9375 0.0625
vt 0.0625 0.9375
vt 0.9375 0.9375
vt 0.9375 0.0625
vt 0.0625 0.9375
vt 0.9375 0.9375
vt 0.9375 0.0625
vt 0.0625 0.9375
vt 0.9375 0.9375
vt 0.9375 0.0625
vt 0.0625 0.9375
vt 0.9375 0.9375
vt 0.9375 0.0625
vt 0.0625 0.9375
vt 0.9375 0.9375
vt 0.9375 0.0625
vt 0.0625 0.9375
vt 0.9375 0.9375
vt 0.9375 0.0625
vt 0.0625 0.9375
vt 0.9375 0.9375
vt 0.9375 0.0625
vt 0.0625 0.9375
vt 0.9375 0.9375
vt 0.9375 0.0625
vt 0.0625 0.9375
vt 0.9375 0.9375
vt 0.9375 0.0625
vt 0.0625 0.9375
vt 0.9375 0.9375
vt 0.9375 0.0625
vt 0.0625 0.9375
vt 0.9375 0.9375
vt 0.9375 0.0625
vt 0.0625 0.9375
vt 0.9375 0.9375
vt 0.9375 0.0625
vt 0.0625 0.9375
vt 0.9375 0.9375
vt 0.9375 0.0625
vt 0.0625 0.9375
vt 0.9375 0.9375
vt 0.9375 0.0625
vt 0.0625 0.9375
vt 0.9375 0.9375
vt 0.9375 0.0625
vt 0.0625 0.0625
vt 0.0625 0.9375
vt 0.9375 0.9375
vt 0.9375 0.0625
vt 0.0625 0.0625
vt 0.0625 0.9375
vt 0.9375 0.9375
vt 0.9375 0.0625
vt 0.0625 0.0625
vt 0.0625 0.9375
vt 0.9375 0.9375
vt 0.9375 0.0625
vt 0.0625 0.0625
vt 0.0625 0.9375
vt 0.9375 0.9375
vt 0.9375 0.0625
vt 0.0625 0.0625
vt 0.0625 0.9375
vt 0.9375 0.9375
vt 0.9375 0.0625
vt 0.0625 0.0625
vt 0.0625 0.9375
vt 0.9375 0.9375
vt 0.9375 0.0625
vt 0.0625 0.0625
vt 0.0625 0.9375
vt 0.9375 0.9375
vt 0.9375 0.0625
vt 0.0625 0.0625
vt 0.0625 0.9375
vt 0.9375 0.9375
vt 0.9375 0.0625
vt 0.0625 0.0625
vt 0.0625 0.9375
vt 0.9375 0.9375
vt 0.9375 0.0625
vt 0.0625 0.0625
vt 0.0625 0.9375
vt 0.9375 0.9375
vt 0.9375 0.0625
vt 0.0625 0.0625
vt 0.0625 0.9375
vt 0.9375 0.9375
vt 0.9375 0.0625
vt 0.0625 0.0625
vt 0.0625 0.9375
vt 0.9375 0.9375
vt 0.9375 0.0625
vt 0.0625 0.0625
vt 0.0625 0.9375
vt 0.9375 0.9375
vt 0.9375 0.0625
vt 0.0625 0.0625
vt 0.0625 0.9375
vt 0.9375 0.9375
vt 0.9375 0.0625
vt 0.0625 0.0625
vt 0.0625 0.9375
vt 0.9375 0.9375
vt 0.9375 0.0625
vt 0.0625 0.0625
vt 0.0625 0.9375
vt 0.9375 0.9375
vt 0.9375 0.0625
vt 0.0625 0.0625
vt 0.0625 0.9375
vt 0.9375 0.9375
vt 0.9375 0.0625
vt 0.0625 0.0625
vt 0.0625 0.9375
vt 0.9375 0.9375
vt 0.9375 0.0625
vt 0.0625 0.0625
vt 0.0625 0.9375
vt 0.9375 0.9375
vt 0.9375 0.0625
vt 0.0625 0.0625
vt 0.0625 0.9375
vt 0.9375 0.9375
vt 0.9375 0.0625
vt 0.0625 0.0625
vt 0.0625 0.9375
vt 0.9375 0.9375
vt 0.9375 0.0625
vt 0.0625 0.0625
vt 0.0625 0.9375
vt 0.9375 0.9375
vt 0.9375 0.0625
vt 0.0625 0.0625
vt 0.0625 0.9375
vt 0.9375 0.9375
vt 0.9375 0.0625
vt 0.0625 0.0625
vt 0.0625 0.9375
vt 0.9375 0.9375
vt 0.9375 0.0625
vt 0.0625 0.9375
vt 0.9375 0.9375
vt 0.9375 0.0625
vt 0.0625 0.9375
vt 0.9375 0.9375
vt 0.9375 0.0625
vt 0.0625 0.9375
vt 0.9375 0.9375
vt 0.9375 0.0625
vt 0.0625 0.9375
vt 0.9375 0.9375
vt 0.9375 0.0625
vt 0.0625 0.9375
vt 0.9375 0.9375
vt 0.9375 0.0625
vt 0.0625 0.9375
vt 0.9375 0.9375
vt 0.9375 0.0625
vt 0.0625 0.9375
vt 0.9375 0.9375
vt 0.9375 0.0625
vt 0.0625 0.9375
vt 0.9375 0.9375
vt 0.9375 0.0625
vt 0.0625 0.9375
vt 0.9375 0.9375
vt 0.9375 0.0625
vt 0.0625 0.9375
vt 0.9375 0.9375
vt 0.9375 0.0625
vt 0.0625 0.9375
vt 0.9375 0.9375
vt 0.9375 0.0625
vt 0.0625 0.9375
vt 0.9375 0.9375
vt 0.9375 0.0625
vt 0.0625 0.9375
vt 0.9375 0.9375
vt 0.9375 0.0625
vt 0.0625 0.9375
vt 0.9375 0.9375
vt 0.9375 0.0625
vt 0.0625 0.9375
vt 0.9375 0.9375
vt 0.9375 0.0625
vt 0.995070423 0.25
vt 0.995070423 0.251451613
vt 0.00492957746 0.251451613
vt 0.00492957746 0.25
vt 0.00492957746 0.25
vt 0.00492957746 0.251451613
vt -2.22044605e-16 0.251451613
vt 0.00169014085 0.25
vt 0.00169014085 0.25
vt -2.22044605e-16 0.251451613
vt -2.22044605e-16 0.251451613
vt 0.00169014085 0.25
vt 0.00169014085 0.25
vt -2.22044605e-16 0.251451613
vt 0.00492957746 0.251451613
vt 0.00492957746 0.25
vt 0.00492957746 0.25
vt 0.00492957746 0.251451613
vt 0.995070423 0.251451613
vt 0.995070423 0.25
vt 0.995070423 0.25
vt 0.995070423 0.251451613
vt 1 0.251451613
vt 0.998309859 0.25
vt 0.998309859 0.25
vt 1 0.251451613
vt 1 0.251451613
vt 0.998309859 0.25
vt 0.998309859 0.25
vt 1 0.251451613
vt 0.995070423 0.251451613
vt 0.995070423 0.25
vt 0.995070423 0.251451613
vt 0.995070423 0.998548387
vt 0.00492957746 0.998548387
vt 0.00492957746 0.251451613
vt 0.00492957746 0.251451613
vt 0.00492957746 0.998548387
vt -2.22044605e-16 0.998548387
vt -2.22044605e-16 0.251451613
vt -2.22044605e-16 0.251451613
vt -2.22044605e-16 0.998548387
vt -2.22044605e-16 0.998548387
vt -2.22044605e-16 0.251451613
vt -2.22044605e-16 0.251451613
vt -2.22044605e-16 0.998548387
vt 0.00492957746 0.998548387
vt 0.00492957746 0.251451613
vt 0.00492957746 0.251451613
vt 0.00492957746 0.998548387
vt 0.995070423 0.998548387
vt 0.995070423 0.251451613
vt 0.995070423 0.251451613
vt 0.995070423 0.998548387
vt 1 0.998548387
vt 1 0.251451613
vt 1 0.251451613
vt 1 0.998548387
vt 1 0.998548387
vt 1 0.251451613
vt 1 0.251451613
vt 1 0.998548387
vt 0.995070423 0.998548387
vt 0.995070423 0.251451613
vt 0.995070423 0.998548387
vt 0.995070423 1
vt 0.00492957746 1
vt 0.00492957746 0.998548387
vt 0.00492957746 0.998548387
vt 0.00492957746 1
vt 0.00169014085 1
vt -2.22044605e-16 0.998548387
vt -2.22044605e-16 0.998548387
vt 0.00169014085 1
vt 0.00169014085 1
vt -2.22044605e-16 0.998548387
vt -2.22044605e-16 0.998548387
vt 0.00169014085 1
vt 0.00492957746 1
vt 0.00492957746 0.998548387
vt 0.00492957746 0.998548387
vt 0.00492957746 1
vt 0.995070423 1
vt 0.995070423 0.998548387
vt 0.995070423 0.998548387
vt 0.995070423 1
vt 0.998309859 1
vt 1 0.998548387
vt 1 0.998548387
vt 0.998309859 1
vt 0.998309859 1
vt 1 0.998548387
vt 1 0.998548387
vt 0.998309859 1
vt 0.995070423 1
vt 0.995070423 0.998548387
vt 0.5 0.25
vt 0.995070423 0.25
vt 0.00492957746 0.25
vt 0.5 1
vt 0.00492957746 1
vt 0.995070423 1
vt 0.5 0.25
vt 0.00492957746 0.25
vt 0.00169014085 0.25
vt 0.5 1
vt 0.00169014085 1
vt 0.00492957746 1
vt 0.5 0.25
vt 0.00169014085 0.25
vt 0.00169014085 0.25
vt 0.5 1
vt 0.00169014085 1
vt 0.00169014085 1
vt 0.5 0.25
vt 0.00169014085 0.25
vt 0.00492957746 0.25
vt 0.5 1
vt 0.00492957746 1
vt 0.00169014085 1
vt 0.5 0.25
vt 0.00492957746 0.25
vt 0.995070423 0.25
vt 0.5 1
vt 0.995070423 1
vt 0.00492957746 1
vt 0.5 0.25
vt 0.995070423 0.25
vt 0.998309859 0.25
vt 0.5 1
vt 0.998309859 1
vt 0.995070423 1
vt 0.5 0.25
vt 0.998309859 0.25
vt 0.998309859 0.25
vt 0.5 1
vt 0.998309859 1
vt 0.998309859 1
vt 0.5 0.25
vt 0.998309859 0.25
vt 0.995070423 0.25
vt 0.5 1
vt 0.995070423 1
vt 0.998309859 1
vt 0.0625 0.9375
vt 0.9375 0.9375
vt 0.9375 0.0625
vt 0.0625 0.0625
vt 0.0625 0.9375
vt 0.9375 0.9375
vt 0.9375 0.0625
vt 0.0625 0.0625
vt 0.0625 0.9375
vt 0.9375 0.9375
vt 0.9375 0.0625
vt 0.0625 0.0625
vt 0.0625 0.9375
vt 0.9375 0.9375
vt 0.9375 0.0625
vt 0.0625 0.0625
vt 0.0625 0.9375
vt 0.9375 0.9375
vt 0.9375 0.0625
vt 0.0625 0.0625
vt 0.0625 0.9375
vt 0.9375 0.9375
vt 0.9375 0.0625
vt 0.0625 0.0625
vt 0.0625 0.9375
vt 0.9375 0.9375
vt 0.9375 0.0625
vt 0.0625 0.0625
vt 0.0625 0.9375
vt 0.9375 0.9375
vt 0.9375 0.0625
vt 0.0625 0.0625
vt 0.0625 0.9375
vt 0.9375 0.9375
vt 0.9375 0.0625
vt 0.0625 0.0625
vt 0.0625 0.9375
vt 0.9375 0.9375
vt 0.9375 0.0625
vt 0.0625 0.0625
vt 0.0625 0.9375
vt 0.9375 0.9375
vt 0.9375 0.0625
vt 0.0625 0.0625
vt 0.0625 0.9375
vt 0.9375 0.9375
vt 0.9375 0.0625
vt 0.0625 0.0625
vt 0.0625 0.9375
vt 0.9375 0.9375
vt 0.9375 0.0625
vt 0.0625 0.0625
vt 0.0625 0.9375
vt 0.9375 0.9375
vt 0.9375 0.0625
vt 0.0625 0.0625
vt 0.0625 0.9375
vt 0.9375 0.9375
vt 0.9375 0.0625
vt 0.0625 0.0625
vt 0.0625 0.9375
vt 0.9375 0.9375
vt 0.9375 0.0625
vt 0.0625 0.0625
vt 0.0625 0.9375
vt 0.9375 0.9375
vt 0.9375 0.0625
vt 0.0625 0.0625
vt 0.0625 0.9375
vt 0.9375 0.9375
vt 0.9375 0.0625
vt 0.0625 0.0625
vt 0.0625 0.9375
vt 0.9375 0.9375
vt 0.9375 0.0625
vt 0.0625 0.0625
vt 0.0625 0.9375
vt 0.9375 0.9375
vt 0.9375 0.0625
vt 0.0625 0.0625
vt 0.0625 0.9375
vt 0.9375 0.9375
vt 0.9375 0.0625
vt 0.0625 0.0625
vt 0.0625 0.9375
vt 0.9375 0.9375
vt 0.9375 0.0625
vt 0.0625 0.0625
vt 0.0625 0.9375
vt 0.9375 0.9375
vt 0.9375 0.0625
vt 0.0625 0.0625
vt 0.0625 0.9375
vt 0.9375 0.9375
vt 0.9375 0.0625
vt 0.0625 0.0625
vt 0.0625 0.9375
vt 0.9375 0.9375
vt 0.9375 0.0625
vt 0.0625 0.9375
vt 0.9375 0.9375
vt 0.9375 0.0625
vt 0.0625 0.9375
vt 0.9375 0.9375
vt 0.9375 0.0625
vt 0.0625 0.9375
vt 0.9375 0.9375
vt 0.9375 0.0625
vt 0.0625 0.9375
vt 0.9375 0.9375
vt 0.9375 0.0625
vt 0.0625 0.9375
vt 0.9375 0.9375
vt 0.9375 0.0625
vt 0.0625 0.9375
vt 0.9375 0.9375
vt 0.9375 0.0625
vt 0.0625 0.9375
vt 0.9375 0.9375
vt 0.9375 0.0625
vt 0.0625 0.9375
vt 0.9375 0.9375
vt 0.9375 0.0625
vt 0.0625 0.9375
vt 0.9375 0.9375
vt 0.9375 0.0625
vt 0.0625 0.9375
vt 0.9375 0.9375
vt 0.9375 0.0625
vt 0.0625 0.9375
vt 0.9375 0.9375
vt 0.9375 0.0625
vt 0.0625 0.9375
vt 0.9375 0.9375
vt 0.9375 0.0625
vt 0.0625 0.9375
vt 0.9375 0.9375
vt 0.9375 0.0625
vt 0.0625 0.9375
vt 0.9375 0.9375
vt 0.9375 0.0625
vt 0.0625 0.9375
vt 0.9375 0.9375
vt 0.9375 0.0625
vt 0.0625 0.9375
vt 0.9375 0.9375
vt 0.9375 0.0625
vt 0.0625 0.0625
vt 0.0625 0.9375
vt 0.9375 0.9375
vt 0.9375 0.0625
vt 0.0625 0.0625
vt 0.0625 0.9375
vt 0.9375 0.9375
vt 0.9375 0.0625
vt 0.0625 0.0625
vt 0.0625 0.9375
vt 0.9375 0.9375
vt 0.9375 0.0625
vt 0.0625 0.0625
vt 0.0625 0.9375
vt 0.9375 0.9375
vt 0.9375 0.0625
vt 0.0625 0.0625
vt 0.0625 0.9375
vt 0.9375 0.9375
vt 0.9375 0.0625
vt 0.0625 0.0625
vt 0.0625 0.9375
vt 0.9375 0.9375
vt 0.9375 0.0625
vt 0.0625 0.0625
vt 0.0625 0.9375
vt 0.9375 0.9375
vt 0.9375 0.0625
vt 0.0625 0.0625
vt 0.0625 0.9375
vt 0.9375 0.9375
vt 0.9375 0.0625
vt 0.0625 0.9375
vt 0.9375 0.9375
vt 0.9375 0.0625
vt 0.0625 0.9375
vt 0.9375 0.9375
vt 0.9375 0.0625
vt 0.0625 0.9375
vt 0.9375 0.9375
vt 0.9375 0.0625
vt 0.0625 0.9375
vt 0.9375 0.9375
vt 0.9375 0.0625
vt 0.0625 0.9375
vt 0.9375 0.9375
vt 0.9375 0.0625
vt 0.0625 0.9375
vt 0.9375 0.9375
vt 0.9375 0.0625
vt 0.0625 0.9375
vt 0.9375 0.9375
vt 0.9375 0.0625
vt 0.0625 0.9375
vt 0.9375 0.9375
vt 0.9375 0.0625
vt 0.0625 0.9375
vt 0.9375 0.9375
vt 0.9375 0.0625
vt 0.0625 0.9375
vt 0.9375 0.9375
vt 0.9375 0.0625
vt 0.0625 0.9375
vt 0.9375 0.9375
vt 0.9375 0.0625
vt 0.0625 0.9375
vt 0.9375 0.9375
vt 0.9375 0.0625
vt 0.0625 0.9375
vt 0.9375 0.9375
vt 0.9375 0.0625
vt 0.0625 0.9375
vt 0.9375 0.9375
vt 0.9375 0.0625
vt 0.0625 0.9375
vt 0.9375 0.9375
vt 0.9375 0.0625
vt 0.0625 0.9375
vt 0.9375 0.9375
vt 0.9375 0.0625
vt 0.0625 0.0625
vt 0.0625 0.9375
vt 0.9375 0.9375
vt 0.9375 0.0625
vt 0.0625 0.0625
vt 0.0625 0.9375
vt 0.9375 0.9375
vt 0.9375 0.0625
vt 0.0625 0.0625
vt 0.0625 0.9375
vt 0.9375 0.9375
vt 0.9375 0.0625
vt 0.0625 0.0625
vt 0.0625 0.9375
vt 0.9375 0.9375
vt 0.9375 0.0625
vt 0.0625 0.0625
vt 0.0625 0.9375
vt 0.9375 0.9375
vt 0.9375 0.0625
vt 0.0625 0.0625
vt 0.0625 0.9375
vt 0.9375 0.9375
vt 0.9375 0.0625
vt 0.0625 0.0625
vt 0.0625 0.9375
vt 0.9375 0.9375
vt 0.9375 0.0625
vt 0.0625 0.0625
vt 0.0625 0.9375
vt 0.9375 0.9375
vt 0.9375 0.0625
vt 0.0625 0.9375
vt 0.9375 0.9375
vt 0.9375 0.0625
vt 0.0625 0.9375
vt 0.9375 0.9375
vt 0.9375 0.0625
vt 0.0625 0.9375
vt 0.9375 0.9375
vt 0.9375 0.0625
vt 0.0625 0.9375
vt 0.9375 0.9375
vt 0.9375 0.0625
vt 0.0625 0.9375
vt 0.9375 0.9375
vt 0.9375 0.0625
vt 0.0625 0.9375
vt 0.9375 0.9375
vt 0.9375 0.0625
vt 0.0625 0.9375
vt 0.9375 0.9375
vt 0.9375 0.0625
vt 0.0625 0.9375
vt 0.9375 0.9375
vt 0.9375 0.0625
vt 0.0625 0.9375
vt 0.9375 0.9375
vt 0.9375 0.0625
vt 0.0625 0.9375
vt 0.9375 0.9375
vt 0.9375 0.0625
vt 0.0625 0.9375
vt 0.9375 0.9375
vt 0.9375 0.0625
vt 0.0625 0.9375
vt 0.9375 0.9375
vt 0.9375 0.0625
vt 0.0625 0.9375
vt 0.9375 0.9375
vt 0.9375 0.0625
vt 0.0625 0.9375
vt 0.9375 0.9375
vt 0.9375 0.0625
vt 0.0625 0.9375
vt 0.9375 0.9375
vt 0.9375 0.0625
vt 0.0625 0.9375
vt 0.9375 0.9375
vt 0.9375 0.0625
vt 0.0625 0.0625
vt 0.0625 0.9375
vt 0.9375 0.9375
vt 0.9375 0.0625
vt 0.0625 0.0625
vt 0.0625 0.9375
vt 0.9375 0.9375
vt 0.9375 0.0625
vt 0.0625 0.0625
vt 0.0625 0.9375
vt 0.9375 0.9375
vt 0.9375 0.0625
vt 0.0625 0.0625
vt 0.0625 0.9375
vt 0.9375 0.9375
vt 0.9375 0.0625
vt 0.0625 0.0625
vt 0.0625 0.9375
vt 0.9375 0.9375
vt 0.9375 0.0625
vt 0.0625 0.0625
vt 0.0625 0.9375
vt 0.9375 0.9375
vt 0.9375 0.0625
vt 0.0625 0.0625
vt 0.0625 0.9375
vt 0.9375 0.9375
vt 0.9375 0.0625
vt 0.0625 0.0625
vt 0.0625 0.9375
vt 0.9375 0.9375
vt 0.9375 0.0625
vt 0.0625 0.9375
vt 0.9375 0.9375
vt 0.9375 0.0625
vt 0.0625 0.9375
vt 0.9375 0.9375
vt 0.9375 0.0625
vt 0.0625 0.9375
vt 0.9375 0.9375
vt 0.9375 0.0625
vt 0.0625 0.9375
vt 0.9375 0.9375
vt 0.9375 0.0625
vt 0.0625 0.9375
vt 0.9375 0.9375
vt 0.9375 0.0625
vt 0.0625 0.9375
vt 0.9375 0.9375
vt 0.9375 0.0625
vt 0.0625 0.9375
vt 0.9375 0.9375
vt 0.9375 0.0625
vt 0.0625 0.9375
vt 0.9375 0.9375
vt 0.9375 0.0625
vt 0.0625 0.9375
vt 0.9375 0.9375
vt 0.9375 0.0625
vt 0.0625 0.9375
vt 0.9375 0.9375
vt 0.9375 0.0625
vt 0.0625 0.9375
vt 0.9375 0.9375
vt 0.9375 0.0625
vt 0.0625 0.9375
vt 0.9375 0.9375
vt 0.9375 0.0625
vt 0.0625 0.9375
vt 0.9375 0.9375
vt 0.9375 0.0625
vt 0.0625 0.9375
vt 0.9375 0.9375
vt 0.9375 0.0625
vt 0.0625 0.9375
vt 0.9375 0.9375
vt 0.9375 0.0625
vt 0.0625 0.9375
vt 0.9375 0.9375
vt 0.9375 0.0625
vt 0.0625 0.0625
vt 0.0625 0.9375
vt 0.9375 0.9375
vt 0.9375 0.0625
vt 0.0625 0.0625
vt 0.0625 0.9375
vt 0.9375 0.9375
vt 0.9375 0.0625
vt 0.0625 0.0625
vt 0.0625 0.9375
vt 0.9375 0.9375
vt 0.9375 0.0625
vt 0.0625 0.0625
vt 0.0625 0.9375
vt 0.9375 0.9375
vt 0.9375 0.0625
vt 0.0625 0.0625
vt 0.0625 0.9375
vt 0.9375 0.9375
vt 0.9375 0.0625
vt 0.0625 0.0625
vt 0.0625 0.9375
vt 0.9375 0.9375
vt 0.9375 0.0625
vt 0.0625 0.0625
vt 0.0625 0.9375
vt 0.9375 0.9375
vt 0.9375 0.0625
vt 0.0625 0.0625
vt 0.0625 0.9375
vt 0.9375 0.9375
vt 0.9375 0.0625
vt 0.0625 0.9375
vt 0.9375 0.9375
vt 0.9375 0.0625
vt 0.0625 0.9375
vt 0.9375 0.9375
vt 0.9375 0.0625
vt 0.0625 0.9375
vt 0.9375 0.9375
vt 0.9375 0.0625
vt 0.0625 0.9375
vt 0.9375 0.9375
vt 0.9375 0.0625
vt 0.0625 0.9375
vt 0.9375 0.9375
vt 0.9375 0.0625
vt 0.0625 0.9375
vt 0.9375 0.9375
vt 0.9375 0.0625
vt 0.0625 0.9375
vt 0.9375 0.9375
vt 0.9375 0.0625
vt 0.0625 0.9375
vt 0.9375 0.9375
vt 0.9375 0.0625
vt 0.0625 0.9375
vt 0.9375 0.9375
vt 0.9375 0.0625
vt 0.0625 0.9375
vt 0.9375 0.9375
vt 0.9375 0.0625
vt 0.0625 0.9375
vt 0.9375 0.9375
vt 0.9375 0.0625
vt 0.0625 0.9375
vt 0.9375 0.9375
vt 0.9375 0.0625
vt 0.0625 0.9375
vt 0.9375 0.9375
vt 0.9375 0.0625
vt 0.0625 0.9375
vt 0.9375 0.9375
vt 0.9375 0.0625
vt 0.0625 0.9375
vt 0.9375 0.9375
vt 0.9375 0.0625
vt 0.0625 0.9375
vt 0.9375 0.9375
vt 0.9375 0.0625
vt 0.0625 0.0625
vt 0.0625 0.9375
vt 0.9375 0.9375
vt 0.9375 0.0625
vt 0.0625 0.0625
vt 0.0625 0.9375
vt 0.9375 0.9375
vt 0.9375 0.0625
vt 0.0625 0.0625
vt 0.0625 0.9375
vt 0.9375 0.9375
vt 0.9375 0.0625
vt 0.0625 0.0625
vt 0.0625 0.9375
vt 0.9375 0.9375
vt 0.9375 0.0625
vt 0.0625 0.0625
vt 0.0625 0.9375
vt 0.9375 0.9375
vt 0.9375 0.0625
vt 0.0625 0.0625
vt 0.0625 0.9375
vt 0.9375 0.9375
vt 0.9375 0.0625
vt 0.0625 0.0625
vt 0.0625 0.9375
vt 0.9375 0.9375
vt 0.9375 0.0625
vt 0.0625 0.0625
vt 0.0625 0.9375
vt 0.9375 0.9375
vt 0.9375 0.0625
vt 0.0625 0.9375
vt 0.9375 0.9375
vt 0.9375 0.0625
vt 0.0625 0.9375
vt 0.9375 0.9375
vt 0.9375 0.0625
vt 0.0625 0.9375
vt 0.9375 0.9375
vt 0.9375 0.0625
vt 0.0625 0.9375
vt 0.9375 0.9375
vt 0.9375 0.0625
vt 0.0625 0.9375
vt 0.9375 0.9375
vt 0.9375 0.0625
vt 0.0625 0.9375
vt 0.9375 0.9375
vt 0.9375 0.0625
vt 0.0625 0.9375
vt 0.9375 0.9375
vt 0.9375 0.0625
vt 0.0625 0.9375
vt 0.9375 0.9375
vt 0.9375 0.0625
vt 0.0625 0.9375
vt 0.9375 0.9375
vt 0.9375 0.0625
vt 0.0625 0.9375
vt 0.9375 0.9375
vt 0.9375 0.0625
vt 0.0625 0.9375
vt 0.9375 0.9375
vt 0.9375 0.0625
vt 0.0625 0.9375
vt 0.9375 0.9375
vt 0.9375 0.0625
vt 0.0625 0.9375
vt 0.9375 0.9375
vt 0.9375 0.0625
vt 0.0625 0.9375
vt 0.9375 0.9375
vt 0.9375 0.0625
vt 0.0625 0.9375
vt 0.9375 0.9375
vt 0.9375 0.0625
vt 0.0625 0.9375
vt 0.9375 0.9375
vt 0.9375 0.0625
vt 0.0625 0.0625
vt 0.0625 0.9375
vt 0.9375 0.9375
vt 0.9375 0.0625
vt 0.0625 0.0625
vt 0.0625 0.9375
vt 0.9375 0.9375
vt 0.9375 0.0625
vt 0.0625 0.0625
vt 0.0625 0.9375
vt 0.9375 0.9375
vt 0.9375 0.0625
vt 0.0625 0.0625
vt 0.0625 0.9375
vt 0.9375 0.9375
vt 0.9375 0.0625
vt 0.0625 0.0625
vt 0.0625 0.9375
vt 0.9375 0.9375
vt 0.9375 0.0625
vt 0.0625 0.0625
vt 0.0625 0.9375
vt 0.9375 0.9375
vt 0.9375 0.0625
vt 0.0625 0.0625
vt 0.0625 0.9375
vt 0.9375 0.9375
vt 0.9375 0.0625
vt 0.0625 0.0625
vt 0.0625 0.9375
vt 0.9375 0.9375
vt 0.9375 0.0625
vt 0.0625 0.9375
vt 0.9375 0.9375
vt 0.9375 0.0625
vt 0.0625 0.9375
vt 0.9375 0.9375
vt 0.9375 0.0625
vt 0.0625 0.9375
vt 0.9375 0.9375
vt 0.9375 0.0625
vt 0.0625 0.9375
vt 0.9375 0.9375
vt 0.9375 0.0625
vt 0.0625 0.9375
vt 0.9375 0.9375
vt 0.9375 0.0625
vt 0.0625 0.9375
vt 0.9375 0.9375
vt 0.9375 0.0625
vt 0.0625 0.9375
vt 0.9375 0.9375
vt 0.9375 0.0625
vt 0.0625 0.9375
vt 0.9375 0.9375
vt 0.9375 0.0625
vt 0.0625 0.9375
vt 0.9375 0.9375
vt 0.9375 0.0625
vt 0.0625 0.9375
vt 0.9375 0.9375
vt 0.9375 0.0625
vt 0.0625 0.9375
vt 0.9375 0.9375
vt 0.9375 0.0625
vt 0.0625 0.9375
vt 0.9375 0.9375
vt 0.9375 0.0625
vt 0.0625 0.9375
vt 0.9375 0.9375
vt 0.9375 0.0625
vt 0.0625 0.9375
vt 0.9375 0.9375
vt 0.9375 0.0625
vt 0.0625 0.9375
vt 0.9375 0.9375
vt 0.9375 0.0625
vt 0.0625 0.9375
vt 0.9375 0.9375
vt 0.9375 0.0625
vt 0.0625 0.0625
vt 0.0625 0.9375
vt 0.9375 0.9375
vt 0.9375 0.0625
vt 0.0625 0.0625
vt 0.0625 0.9375
vt 0.9375 0.9375
vt 0.9375 0.0625
vt 0.0625 0.0625
vt 0.0625 0.9375
vt 0.9375 0.9375
vt 0.9375 0.0625
vt 0.0625 0.0625
vt 0.0625 0.9375
vt 0.9375 0.9375
vt 0.9375 0.0625
vt 0.0625 0.0625
vt 0.0625 0.9375
vt 0.9375 0.9375
vt 0.9375 0.0625
vt 0.0625 0.0625
vt 0.0625 0.9375
vt 0.9375 0.9375
vt 0.9375 0.0625
vt 0.0625 0.0625
vt 0.0625 0.9375
vt 0.9375 0.9375
vt 0.9375 0.0625
vt 0.0625 0.0625
vt 0.0625 0.9375
vt 0.9375 0.9375
vt 0.9375 0.0625
vt 0.0625 0.0625
vt 0.0625 0.9375
vt 0.9375 0.9375
vt 0.9375 0.0625
vt 0.0625 0.0625
vt 0.0625 0.9375
vt 0.9375 0.9375
vt 0.9375 0.0625
vt 0.0625 0.0625
vt 0.0625 0.9375
vt 0.9375 0.9375
vt 0.9375 0.0625
vt 0.0625 0.0625
vt 0.0625 0.9375
vt 0.9375 0.9375
vt 0.9375 0.0625
vt 0.0625 0.0625
vt 0.0625 0.9375
vt 0.9375 0.9375
vt 0.9375 0.0625
vt 0.0625 0.0625
vt 0.0625 0.9375
vt 0.9375 0.9375
vt 0.9375 0.0625
vt 0.0625 0.0625
vt 0.0625 0.9375
vt 0.9375 0.9375
vt 0.9375 0.0625
vt 0.0625 0.0625
vt 0.0625 0.9375
vt 0.9375 0.9375
vt 0.9375 0.0625
vt 0.0625 0.0625
vt 0.0625 0.9375
vt 0.9375 0.9375
vt 0.9375 0.0625
vt 0.0625 0.0625
vt 0.0625 0.9375
vt 0.9375 0.9375
vt 0.9375 0.0625
vt 0.0625 0.0625
vt 0.0625 0.9375
vt 0.9375 0.9375
vt 0.9375 0.0625
vt 0.0625 0.0625
vt 0.0625 0.9375
vt 0.9375 0.9375
vt 0.9375 0.0625
vt 0.0625 0.0625
vt 0.0625 0.9375
vt 0.9375 0.9375
vt 0.9375 0.0625
vt 0.0625 0.0625
vt 0.0625 0.9375
vt 0.9375 0.9375
vt 0.9375 0.0625
vt 0.0625 0.0625
vt 0.0625 0.9375
vt 0.9375 0.9375
vt 0.9375 0.0625
vt 0.0625 0.0625
vt 0.0625 0.9375
vt 0.9375 0.9375
vt 0.9375 0.0625
vt 0.0625 0.9375
vt 0.9375 0.9375
vt 0.9375 0.0625
vt 0.0625 0.9375
vt 0.9375 0.9375
vt 0.9375 0.0625
vt 0.0625 0.9375
vt 0.9375 0.9375
vt 0.9375 0.0625
vt 0.0625 0.9375
vt 0.9375 0.9375
vt 0.9375 0.0625
vt 0.0625 0.9375
vt 0.9375 0.9375
vt 0.9375 0.0625
vt 0.0625 0.9375
vt 0.9375 0.9375
vt 0.9375 0.0625
vt 0.0625 0.9375
vt 0.9375 0.9375
vt 0.9375 0.0625
vt 0.0625 0.9375
vt 0.9375 0.9375
vt 0.9375 0.0625
vt 0.0625 0.9375
vt 0.9375 0.9375
vt 0.9375 0.0625
vt 0.0625 0.9375
vt 0.9375 0.9375
vt 0.9375 0.0625
vt 0.0625 0.9375
vt 0.9375 0.9375
vt 0.9375 0.0625
vt 0.0625 0.9375
vt 0.9375 0.9375
vt 0.9375 0.0625
vt 0.0625 0.9375
vt 0.9375 0.9375
vt 0.9375 0.0625
vt 0.0625 0.9375
vt 0.9375 0.9375
vt 0.9375 0.0625
vt 0.0625 0.9375
vt 0.9375 0.9375
vt 0.9375 0.0625
vt 0.0625 0.9375
vt 0.9375 0.9375
vt 0.9375 0.0625
vt 0.0625 0.0625
vt 0.0625 0.9375
vt 0.9375 0.9375
vt 0.9375 0.0625
vt 0.0625 0.0625
vt 0.0625 0.9375
vt 0.9375 0.9375
vt 0.9375 0.0625
vt 0.0625 0.0625
vt 0.0625 0.9375
vt 0.9375 0.9375
vt 0.9375 0.0625
vt 0.0625 0.0625
vt 0.0625 0.9375
vt 0.9375 0.9375
vt 0.9375 0.0625
vt 0.0625 0.0625
vt 0.0625 0.9375
vt 0.9375 0.9375
vt 0.9375 0.0625
vt 0.0625 0.0625
vt 0.0625 0.9375
vt 0.9375 0.9375
vt 0.9375 0.0625
vt 0.0625 0.0625
vt 0.0625 0.9375
vt 0.9375 0.9375
vt 0.9375 0.0625
vt 0.0625 0.0625
vt 0.0625 0.9375
vt 0.9375 0.9375
vt 0.9375 0.0625
vt 0.0625 0.0625
vt 0.0625 0.9375
vt 0.9375 0.9375
vt 0.9375 0.0625
vt 0.0625 0.0625
vt 0.0625 0.9375
vt 0.9375 0.9375
vt 0.9375 0.0625
vt 0.0625 0.0625
vt 0.0625 0.9375
vt 0.9375 0.9375
vt 0.9375 0.0625
vt 0.0625 0.0625
vt 0.0625 0.9375
vt 0.9375 0.9375
vt 0.9375 0.0625
vt 0.0625 0.0625
vt 0.0625 0.9375
vt 0.9375 0.9375
vt 0.9375 0.0625
vt 0.0625 0.0625
vt 0.0625 0.9375
vt 0.9375 0.9375
vt 0.9375 0.0625
vt 0.0625 0.0625
vt 0.0625 0.9375
vt 0.9375 0.9375
vt 0.9375 0.0625
vt 0.0625 0.0625
vt 0.0625 0.9375
vt 0.9375 0.9375
vt 0.9375 0.0625
vt 0.0625 0.0625
vt 0.0625 0.9375
vt 0.9375 0.9375
vt 0.9375 0.0625
vt 0.0625 0.0625
vt 0.0625 0.9375
vt 0.9375 0.9375
vt 0.9375 0.0625
vt 0.0625 0.0625
vt 0.0625 0.9375
vt 0.9375 0.9375
vt 0.9375 0.0625
vt 0.0625 0.0625
vt 0.0625 0.9375
vt 0.9375 0.9375
vt 0.9375 0.0625
vt 0.0625 0.0625
vt 0.0625 0.9375
vt 0.9375 0.9375
vt 0.9375 0.0625
vt 0.0625 0.0625
vt 0.0625 0.9375
vt 0.9375 0.9375
vt 0.9375 0.0625
vt 0.0625 0.0625
vt 0.0625 0.9375
vt 0.9375 0.9375
vt 0.9375 0.0625
vt 0.0625 0.0625
vt 0.0625 0.9375
vt 0.9375 0.9375
vt 0.9375 0.0625
vt 0.0625 0.0625
vt 0.0625 0.9375
vt 0.9375 0.9375
vt 0.9375 0.0625
vt 0.0625 0.0625
vt 0.0625 0.9375
vt 0.9375 0.9375
vt 0.9375 0.0625
vt 0.0625 0.0625
vt 0.0625 0.9375
vt 0.9375 0.9375
vt 0.9375 0.0625
vt 0.0625 0.0625
vt 0.0625 0.9375
vt 0.9375 0.9375
vt 0.9375 0.0625
vt 0.0625 0.0625
vt 0.0625 0.9375
vt 0.9375 0.9375
vt 0.9375 0.0625
vt 0.0625 0.0625
vt 0.0625 0.9375
vt 0.9375 0.9375
vt 0.9375 0.0625
vt 0.0625 0.0625
vt 0.0625 0.9375
vt 0.9375 0.9375
vt 0.9375 0.0625
vt 0.0625 0.0625
vt 0.0625 0.9375
vt 0.9375 0.9375
vt 0.9375 0.0625
vt 0.0625 0.0625
vt 0.0625 0.9375
vt 0.9375 0.9375
vt 0.9375 0.0625
vt 0.0625 0.0625
vt 0.0625 0.9375
vt 0.9375 0.9375
vt 0.9375 0.0625
vt 0.0625 0.0625
vt 0.0625 0.9375
vt 0.9375 0.9375
vt 0.9375 0.0625
vt 0.0625 0.0625
vt 0.0625 0.9375
vt 0.9375 0.9375
vt 0.9375 0.0625
vt 0.0625 0.0625
vt 0.0625 0.9375
vt 0.9375 0.9375
vt 0.9375 0.0625
vt 0.0625 0.0625
vt 0.0625 0.9375
vt 0.9375 0.9375
vt 0.9375 0.0625
vt 0.0625 0.0625
vt 0.0625 0.9375
vt 0.9375 0.9375
vt 0.9375 0.0625
vt 0.0625 0.0625
vt 0.0625 0.9375
vt 0.9375 0.9375
vt 0.9375 0.0625
vt 0.0625 0.0625
vt 0.0625 0.9375
vt 0.9375 0.9375
vt 0.9375 0.0625
vt 0.0625 0.0625
vt 0.0625 0.9375
vt 0.9375 0.9375
vt 0.9375 0.0625
vt 0.0625 0.0625
vt 0.0625 0.9375
vt 0.9375 0.9375
vt 0.9375 0.0625
vt 0.0625 0.0625
vt 0.0625 0.9375
vt 0.9375 0.9375
vt 0.9375 0.0625
vt 0.0625 0.0625
vt 0.0625 0.9375
vt 0.9375 0.9375
vt 0.9375 0.0625
vt 0.0625 0.0625
vt 0.0625 0.9375
vt 0.9375 0.9375
vt 0.9375 0.0625
vt 0.0625 0.0625
vt 0.0625 0.9375
vt 0.9375 0.9375
vt 0.9375 0.0625
vt 0.0625 0.0625
vt 0.0625 0.9375
vt 0.9375 0.9375
vt 0.9375 0.0625
vt 0.0625 0.0625
vt 0.0625 0.9375
vt 0.9375 0.9375
vt 0.9375 0.0625
vt 0.0625 0.0625
vt 0.0625 0.9375
vt 0.9375 0.9375
vt 0.9375 0.0625
vt 0.0625 0.0625
vt 0.0625 0.9375
vt 0.9375 0.9375
vt 0.9375 0.0625
vt 0.0625 0.0625
vt 0.0625 0.9375
vt 0.9375 0.9375
vt 0.9375 0.0625
vt 0.0625 0.0625
vt 0.0625 0.9375
vt 0.9375 0.9375
vt 0.9375 0.0625
vt 0.0625 0.0625
vt 0.0625 0.9375
vt 0.9375 0.9375
vt 0.9375 0.0625
vt 0.0625 0.0625
vt 0.0625 0.9375
vt 0.9375 0.9375
vt 0.9375 0.0625
vt 0.0625 0.0625
vt 0.0625 0.9375
vt 0.9375 0.9375
vt 0.9375 0.0625
vt 0.0625 0.0625
vt 0.0625 0.9375
vt 0.9375 0.9375
vt 0.9375 0.0625
vt 0.0625 0.0625
vt 0.0625 0.9375
vt 0.9375 0.9375
vt 0.9375 0.0625
vt 0.0625 0.0625
vt 0.0625 0.9375
vt 0.9375 0.9375
vt 0.9375 0.0625
vt 0.0625 0.0625
vt 0.0625 0.9375
vt 0.9375 0.9375
vt 0.9375 0.0625
vt 0.0625 0.0625
vt 0.0625 0.9375
vt 0.9375 0.9375
vt 0.9375 0.0625
vt 0.0625 0.0625
vt 0.0625 0.9375
vt 0.9375 0.9375
vt 0.9375 0.0625
vt 0.0625 0.0625
vt 0.0625 0.9375
vt 0.9375 0.9375
vt 0.9375 0.0625
vt 0.0625 0.0625
vt 0.0625 0.9375
vt 0.9375 0.9375
vt 0.9375 0.0625
vt 0.0625 0.0625
vt 0.0625 0.9375
vt 0.9375 0.9375
vt 0.9375 0.0625
vt 0.0625 0.0625
vt 0.0625 0.9375
vt 0.9375 0.9375
vt 0.9375 0.0625
vt 0.0625 0.0625
vt 0.0625 0.9375
vt 0.9375 0.9375
vt 0.9375 0.0625
vt 0.0625 0.0625
vt 0.0625 0.9375
vt 0.9375 0.9375
vt 0.9375 0.0625
vt 0.0625 0.0625
vt 0.0625 0.9375
vt 0.9375 0.9375
vt 0.9375 0.0625
vt 0.0625 0.0625
vt 0.0625 0.9375
vt 0.9375 0.9375
vt 0.9375 0.0625
vt 0.0625 0.0625
vt 0.0625 0.9375
vt 0.9375 0.9375
vt 0.9375 0.0625
vt 0.0625 0.0625
vt 0.0625 0.9375
vt 0.9375 0.9375
vt 0.9375 0.0625
vt 0.0625 0.9375
vt 0.9375 0.9375
vt 0.9375 0.0625
vt 0.0625 0.9375
vt 0.9375 0.9375
vt 0.9375 0.0625
vt 0.0625 0.9375
vt 0.9375 0.9375
vt 0.9375 0.0625
vt 0.0625 0.9375
vt 0.9375 0.9375
vt 0.9375 0.0625
vt 0.0625 0.9375
vt 0.9375 0.9375
vt 0.9375 0.0625
vt 0.0625 0.9375
vt 0.9375 0.9375
vt 0.9375 0.0625
vt 0.0625 0.9375
vt 0.9375 0.9375
vt 0.9375 0.0625
vt 0.0625 0.9375
vt 0.9375 0.9375
vt 0.9375 0.0625
vt 0.0625 0.9375
vt 0.9375 0.9375
vt 0.9375 0.0625
vt 0.0625 0.9375
vt 0.9375 0.9375
vt 0.9375 0.0625
vt 0.0625 0.9375
vt 0.9375 0.9375
vt 0.9375 0.0625
vt 0.0625 0.9375
vt 0.9375 0.9375
vt 0.9375 0.0625
vt 0.0625 0.9375
vt 0.9375 0.9375
vt 0.9375 0.0625
vt 0.0625 0.9375
vt 0.9375 0.9375
vt 0.9375 0.0625
vt 0.0625 0.9375
vt 0.9375 0.9375
vt 0.9375 0.0625
vt 0.0625 0.9375
vt 0.9375 0.9375
vt 0.9375 0.0625
vt 0.0625 0.9375
vt 0.9375 0.9375
vt 0.9375 0.0625
vt 0.0625 0.9375
vt 0.9375 0.9375
vt 0.9375 0.0625
vt 0.0625 0.9375
vt 0.9375 0.9375
vt 0.9375 0.0625
vt 0.0625 0.9375
vt 0.9375 0.9375
vt 0.9375 0.0625
vt 0.0625 0.9375
vt 0.9375 0.9375
vt 0.9375 0.0625
vt 0.0625 0.9375
vt 0.9375 0.9375
vt 0.9375 0.0625
vt 0.0625 0.9375
vt 0.9375 0.9375
vt 0.9375 0.0625
vt 0.0625 0.9375
vt 0.9375 0.9375
vt 0.9375 0.0625
vt 0.0625 0.9375
vt 0.9375 0.9375
vt 0.9375 0.0625
vt 0.0625 0.9375
vt 0.9375 0.9375
vt 0.9375 0.0625
vt 0.0625 0.9375
vt 0.9375 0.9375
vt 0.9375 0.0625
vt 0.0625 0.9375
vt 0.9375 0.9375
vt 0.9375 0.0625
vt 0.0625 0.9375
vt 0.9375 0.9375
vt 0.9375 0.0625
vt 0.0625 0.9375
vt 0.9375 0.9375
vt 0.9375 0.0625
vt 0.0625 0.9375
vt 0.9375 0.9375
vt 0.9375 0.0625
vt 0.0625 0.9375
vt 0.9375 0.9375
vt 0.9375 0.0625
vt 0.0625 0.9375
vt 0.9375 0.9375
vt 0.9375 0.0625
vt 0.0625 0.9375
vt 0.9375 0.9375
vt 0.9375 0.0625
vt 0.0625 0.9375
vt 0.9375 0.9375
vt 0.9375 0.0625
vt 0.0625 0.9375
vt 0.9375 0.9375
vt 0.9375 0.0625
vt 0.0625 0.9375
vt 0.9375 0.9375
vt 0.9375 0.0625
vt 0.0625 0.9375
vt 0.9375 0.9375
vt 0.9375 0.0625
vt 0.0625 0.9375
vt 0.9375 0.9375
vt 0.9375 0.0625
vt 0.0625 0.9375
vt 0.9375 0.9375
vt 0.9375 0.0625
vt 0.0625 0.9375
vt 0.9375 0.9375
vt 0.9375 0.0625
vt 0.0625 0.9375
vt 0.9375 0.9375
vt 0.9375 0.0625
vt 0.0625 0.9375
vt 0.9375 0.9375
vt 0.9375 0.0625
vt 0.0625 0.9375
vt 0.9375 0.9375
vt 0.9375 0.0625
vt 0.0625 0.9375
vt 0.9375 0.9375
vt 0.9375 0.0625
vt 0.0625 0.9375
vt 0.9375 0.9375
vt 0.9375 0.0625
vt 0.0625 0.9375
vt 0.9375 0.9375
vt 0.9375 0.0625
vt 0.0625 0.9375
vt 0.9375 0.9375
vt 0.9375 0.0625
vt 0.0625 0.0625
vt 0.0625 0.9375
vt 0.9375 0.9375
vt 0.9375 0.0625
vt 0.0625 0.0625
vt 0.0625 0.9375
vt 0.9375 0.9375
vt 0.9375 0.0625
vt 0.0625 0.0625
vt 0.0625 0.9375
vt 0.9375 0.9375
vt 0.9375 0.0625
vt 0.0625 0.0625
vt 0.0625 0.9375
vt 0.9375 0.9375
vt 0.9375 0.0625
vt 0.0625 0.0625
vt 0.0625 0.9375
vt 0.9375 0.9375
vt 0.9375 0.0625
vt 0.0625 0.0625
vt 0.0625 0.9375
vt 0.9375 0.9375
vt 0.9375 0.0625
vt 0.0625 0.0625
vt 0.0625 0.9375
vt 0.9375 0.9375
vt 0.9375 0.0625
vt 0.0625 0.0625
vt 0.0625 0.9375
vt 0.9375 0.9375
vt 0.9375 0.0625
vt 0.0625 0.0625
vt 0.0625 0.9375
vt 0.9375 0.9375
vt 0.9375 0.0625
vt 0.0625 0.0625
vt 0.0625 0.9375
vt 0.9375 0.9375
vt 0.9375 0.0625
vt 0.0625 0.0625
vt 0.0625 0.9375
vt 0.9375 0.9375
vt 0.9375 0.0625
vt 0.0625 0.0625
vt 0.0625 0.9375
vt 0.9375 0.9375
vt 0.9375 0.0625
vt 0.0625 0.0625
vt 0.0625 0.9375
vt 0.9375 0.9375
vt 0.9375 0.0625
vt 0.0625 0.0625
vt 0.0625 0.9375
vt 0.9375 0.9375
vt 0.9375 0.0625
vt 0.0625 0.0625
vt 0.0625 0.9375
vt 0.9375 0.9375
vt 0.9375 0.0625
vt 0.0625 0.0625
vt 0.0625 0.9375
vt 0.9375 0.9375
vt 0.9375 0.0625
vt 0.0625 0.0625
vt 0.0625 0.9375
vt 0.9375 0.9375
vt 0.9375 0.0625
vt 0.0625 0.0625
vt 0.0625 0.9375
vt 0.9375 0.9375
vt 0.9375 0.0625
vt 0.0625 0.0625
vt 0.0625 0.9375
vt 0.9375 0.9375
vt 0.9375 0.0625
vt 0.0625 0.0625
vt 0.0625 0.9375
vt 0.9375 0.9375
vt 0.9375 0.0625
vt 0.0625 0.0625
vt 0.0625 0.9375
vt 0.9375 0.9375
vt 0.9375 0.0625
vt 0.0625 0.0625
vt 0.0625 0.9375
vt 0.9375 0.9375
vt 0.9375 0.0625
vt 0.0625 0.0625
vt 0.0625 0.9375
vt 0.9375 0.9375
vt 0.9375 0.0625
vt 0.0625 0.0625
vt 0.0625 0.9375
vt 0.9375 0.9375
vt 0.9375 0.0625
vt 0.0625 0.0625
vt 0.0625 0.9375
vt 0.9375 0.9375
vt 0.9375 0.0625
vt 0.0625 0.0625
vt 0.0625 0.9375
vt 0.9375 0.9375
vt 0.9375 0.0625
vt 0.0625 0.0625
vt 0.0625 0.9375
vt 0.9375 0.9375
vt 0.9375 0.0625
vt 0.0625 0.0625
vt 0.0625 0.9375
vt 0.9375 0.9375
vt 0.9375 0.0625
vt 0.0625 0.0625
vt 0.0625 0.9375
vt 0.9375 0.9375
vt 0.9375 0.0625
vt 0.0625 0.0625
vt 0.0625 0.9375
vt 0.9375 0.9375
vt 0.9375 0.0625
vt 0.0625 0.0625
vt 0.0625 0.9375
vt 0.9375 0.9375
vt 0.9375 0.0625
vt 0.0625 0.0625
vt 0.0625 0.9375
vt 0.9375 0.9375
vt 0.9375 0.0625
vt 0.0625 0.0625
vt 0.0625 0.9375
vt 0.9375 0.9375
vt 0.9375 0.0625
vt 0.0625 0.0625
vt 0.0625 0.9375
vt 0.9375 0.9375
vt 0.9375 0.0625
vt 0.0625 0.0625
vt 0.0625 0.9375
vt 0.9375 0.9375
vt 0.9375 0.0625
vt 0.0625 0.0625
vt 0.0625 0.9375
vt 0.9375 0.9375
vt 0.9375 0.0625
vt 0.0625 0.0625
vt 0.0625 0.9375
vt 0.9375 0.9375
vt 0.9375 0.0625
vt 0.0625 0.0625
vt 0.0625 0.9375
vt 0.9375 0.9375
vt 0.9375 0.0625
vt 0.0625 0.0625
vt 0.0625 0.9375
vt 0.9375 0.9375
vt 0.9375 0.0625
vt 0.0625 0.0625
vt 0.0625 0.9375
vt 0.9375 0.9375
vt 0.9375 0.0625
vt 0.0625 0.0625
vt 0.0625 0.9375
vt 0.9375 0.9375
vt 0.9375 0.0625
vt 0.0625 0.0625
vt 0.0625 0.9375
vt 0.9375 0.9375
vt 0.9375 0.0625
vt 0.0625 0.0625
vt 0.0625 0.9375
vt 0.9375 0.9375
vt 0.9375 0.0625
vt 0.0625 0.0625
vt 0.0625 0.9375
vt 0.9375 0.9375
vt 0.9375 0.0625
vt 0.0625 0.0625
vt 0.0625 0.9375
vt 0.9375 0.9375
vt 0.9375 0.0625
vt 0.0625 0.0625
vt 0.0625 0.9375
vt 0.9375 0.9375
vt 0.9375 0.0625
vt 0.0625 0.0625
vt 0.0625 0.9375
vt 0.9375 0.9375
vt 0.9375 0.0625
vt 0.0625 0.0625
vt 0.0625 0.9375
vt 0.9375 0.9375
vt 0.9375 0.0625
vt 0.0625 0.0625
vt 0.0625 0.9375
vt 0.9375 0.9375
vt 0.9375 0.0625
vt 0.0625 0.0625
vt 0.0625 0.9375
vt 0.9375 0.9375
vt 0.9375 0.0625
vt 0.0625 0.0625
vt 0.0625 0.9375
vt 0.9375 0.9375
vt 0.9375 0.0625
vt 0.0625 0.0625
vt 0.0625 0.9375
vt 0.9375 0.9375
vt 0.9375 0.0625
vt 0.0625 0.0625
vt 0.0625 0.9375
vt 0.9375 0.9375
vt 0.9375 0.0625
vt 0.0625 0.0625
vt 0.0625 0.9375
vt 0.9375 0.9375
vt 0.9375 0.0625
vt 0.0625 0.0625
vt 0.0625 0.9375
vt 0.9375 0.9375
vt 0.9375 0.0625
vt 0.0625 0.0625
vt 0.0625 0.9375
vt 0.9375 0.9375
vt 0.9375 0.0625
vt 0.0625 0.0625
vt 0.0625 0.9375
vt 0.9375 0.9375
vt 0.9375 0.0625
vt 0.0625 0.0625
vt 0.0625 0.9375
vt 0.9375 0.9375
vt 0.9375 0.0625
vt 0.0625 0.0625
vt 0.0625 0.9375
vt 0.9375 0.9375
vt 0.9375 0.0625
vt 0.0625 0.0625
vt 0.0625 0.9375
vt 0.9375 0.9375
vt 0.9375 0.0625
vt 0.0625 0.0625
vt 0.0625 0.9375
vt 0.9375 0.9375
vt 0.9375 0.0625
vt 0.0625 0.0625
vt 0.0625 0.9375
vt 0.9375 0.9375
vt 0.9375 0.0625
vt 0.0625 0.0625
vt 0.0625 0.9375
vt 0.9375 0.9375
vt 0.9375 0.0625
vt 0.0625 0.0625
vt 0.0625 0.9375
vt 0.9375 0.9375
vt 0.9375 0.0625
vt 0.0625 0.0625
vt 0.0625 0.9375
vt 0.9375 0.9375
vt 0.9375 0.0625
vt 0.0625 0.0625
vt 0.0625 0.9375
vt 0.9375 0.9375
vt 0.9375 0.0625
vt 0.0625 0.0625
vt 0.0625 0.9375
vt 0.9375 0.9375
vt 0.9375 0.0625
vt 0.0625 0.0625
vt 0.0625 0.9375
vt 0.9375 0.9375
vt 0.9375 0.0625
vt 0.0625 0.0625
vt 0.0625 0.9375
vt 0.9375 0.9375
vt 0.9375 0.0625
vt 0.0625 0.0625
vt 0.0625 0.9375
vt 0.9375 0.9375
vt 0.9375 0.0625
vt 0.0625 0.0625
vt 0.0625 0.9375
vt 0.9375 0.9375
vt 0.9375 0.0625
vt 0.0625 0.0625
vt 0.0625 0.9375
vt 0.9375 0.9375
vt 0.9375 0.0625
vt 0.0625 0.9375
vt 0.9375 0.9375
vt 0.9375 0.0625
vt 0.0625 0.9375
vt 0.9375 0.9375
vt 0.9375 0.0625
vt 0.0625 0.9375
vt 0.9375 0.9375
vt 0.9375 0.0625
vt 0.0625 0.9375
vt 0.9375 0.9375
vt 0.9375 0.0625
vt 0.0625 0.9375
vt 0.9375 0.9375
vt 0.9375 0.0625
vt 0.0625 0.9375
vt 0.9375 0.9375
vt 0.9375 0.0625
vt 0.0625 0.9375
vt 0.9375 0.9375
vt 0.9375 0.0625
vt 0.0625 0.9375
vt 0.9375 0.9375
vt 0.9375 0.0625
vt 0.0625 0.9375
vt 0.9375 0.9375
vt 0.9375 0.0625
vt 0.0625 0.9375
vt 0.9375 0.9375
vt 0.9375 0.0625
vt 0.0625 0.9375
vt 0.9375 0.9375
vt 0.9375 0.0625
vt 0.0625 0.9375
vt 0.9375 0.9375
vt 0.9375 0.0625
vt 0.0625 0.9375
vt 0.9375 0.9375
vt 0.9375 0.0625
vt 0.0625 0.9375
vt 0.9375 0.9375
vt 0.9375 0.0625
vt 0.0625 0.9375
vt 0.9375 0.9375
vt 0.9375 0.0625
vt 0.0625 0.9375
vt 0.9375 0.9375
vt 0.9375 0.0625
vt 0.0625 0.9375
vt 0.9375 0.9375
vt 0.9375 0.0625
vt 0.0625 0.9375
vt 0.9375 0.9375
vt 0.9375 0.0625
vt 0.0625 0.9375
vt 0.9375 0.9375
vt 0.9375 0.0625
vt 0.0625 0.9375
vt 0.9375 0.9375
vt 0.9375 0.0625
vt 0.0625 0.9375
vt 0.9375 0.9375
vt 0.9375 0.0625
vt 0.0625 0.9375
vt 0.9375 0.9375
vt 0.9375 0.0625
vt 0.0625 0.9375
vt 0.9375 0.9375
vt 0.9375 0.0625
vt 0.0625 0.9375
vt 0.9375 0.9375
vt 0.9375 0.0625
vt 0.0625 0.9375
vt 0.9375 0.9375
vt 0.9375 0.0625
vt 0.0625 0.9375
vt 0.9375 0.9375
vt 0.9375 0.0625
vt 0.0625 0.9375
vt 0.9375 0.9375
vt 0.9375 0.0625
vt 0.0625 0.9375
vt 0.9375 0.9375
vt 0.9375 0.0625
vt 0.0625 0.9375
vt 0.9375 0.9375
vt 0.9375 0.0625
vt 0.0625 0.9375
vt 0.9375 0.9375
vt 0.9375 0.0625
vt 0.0625 0.9375
vt 0.9375 0.9375
vt 0.9375 0.0625
vt 0.0625 0.9375
vt 0.9375 0.9375
vt 0.9375 0.0625
vt 0.0625 0.9375
vt 0.9375 0.9375
vt 0.9375 0.0625
vt 0.0625 0.9375
vt 0.9375 0.9375
vt 0.9375 0.0625
vt 0.0625 0.9375
vt 0.9375 0.9375
vt 0.9375 0.0625
vt 0.0625 0.9375
vt 0.9375 0.9375
vt 0.9375 0.0625
vt 0.0625 0.9375
vt 0.9375 0.9375
vt 0.9375 0.0625
vt 0.0625 0.9375
vt 0.9375 0.9375
vt 0.9375 0.0625
vt 0.0625 0.9375
vt 0.9375 0.9375
vt 0.9375 0.0625
vt 0.0625 0.9375
vt 0.9375 0.9375
vt 0.9375 0.0625
vt 0.0625 0.9375
vt 0.9375 0.9375
vt 0.9375 0.0625
vt 0.0625 0.9375
vt 0.9375 0.9375
vt 0.9375 0.0625
vt 0.0625 0.9375
vt 0.9375 0.9375
vt 0.9375 0.0625
vt 0.0625 0.9375
vt 0.9375 0.9375
vt 0.9375 0.0625
vt 0.0625 0.9375
vt 0.9375 0.9375
vt 0.9375 0.0625
vt 0.0625 0.9375
vt 0.9375 0.9375
vt 0.9375 0.0625
vt 0.0625 0.9375
vt 0.9375 0.9375
vt 0.9375 0.0625
vt 0.0625 0.9375
vt 0.9375 0.9375
vt 0.9375 0.0625
vt 0.0625 0.0625
vt 0.0625 0.9375
vt 0.9375 0.9375
vt 0.9375 0.0625
vt 0.0625 0.0625
vt 0.0625 0.9375
vt 0.9375 0.9375
vt 0.9375 0.0625
vt 0.0625 0.0625
vt 0.0625 0.9375
vt 0.9375 0.9375
vt 0.9375 0.0625
vt 0.0625 0.0625
vt 0.0625 0.9375
vt 0.9375 0.9375
vt 0.9375 0.0625
vt 0.0625 0.0625
vt 0.0625 0.9375
vt 0.9375 0.9375
vt 0.9375 0.0625
vt 0.0625 0.0625
vt 0.0625 0.9375
vt 0.9375 0.9375
vt 0.9375 0.0625
vt 0.0625 0.0625
vt 0.0625 0.9375
vt 0.9375 0.9375
vt 0.9375 0.0625
vt 0.0625 0.0625
vt 0.0625 0.9375
vt 0.9375 0.9375
vt 0.9375 0.0625
vt 0.0625 0.0625
vt 0.0625 0.9375
vt 0.9375 0.9375
vt 0.9375 0.0625
vt 0.0625 0.0625
vt 0.0625 0.9375
vt 0.9375 0.9375
vt 0.9375 0.0625
vt 0.0625 0.0625
vt 0.0625 0.9375
vt 0.9375 0.9375
vt 0.9375 0.0625
vt 0.0625 0.0625
vt 0.0625 0.9375
vt 0.9375 0.9375
vt 0.9375 0.0625
vt 0.0625 0.0625
vt 0.0625 0.9375
vt 0.9375 0.9375
vt 0.9375 0.0625
vt 0.0625 0.0625
vt 0.0625 0.9375
vt 0.9375 0.9375
vt 0.9375 0.0625
vt 0.0625 0.0625
vt 0.0625 0.9375
vt 0.9375 0.9375
vt 0.9375 0.0625
vt 0.0625 0.0625
vt 0.0625 0.9375
vt 0.9375 0.9375
vt 0.9375 0.0625
vt 0.0625 0.0625
vt 0.0625 0.9375
vt 0.9375 0.9375
vt 0.9375 0.0625
vt 0.0625 0.0625
vt 0.0625 0.9375
vt 0.9375 0.9375
vt 0.9375 0.0625
vt 0.0625 0.0625
vt 0.0625 0.9375
vt 0.9375 0.9375
vt 0.9375 0.0625
vt 0.0625 0.0625
vt 0.0625 0.9375
vt 0.9375 0.9375
vt 0.9375 0.0625
vt 0.0625 0.0625
vt 0.0625 0.9375
vt 0.9375 0.9375
vt 0.9375 0.0625
vt 0.0625 0.0625
vt 0.0625 0.9375
vt 0.9375 0.9375
vt 0.9375 0.0625
vt 0.0625 0.0625
vt 0.0625 0.9375
vt 0.9375 0.9375
vt 0.9375 0.0625
vt 0.0625 0.0625
vt 0.0625 0.9375
vt 0.9375 0.9375
vt 0.9375 0.0625
vt 0.0625 0.0625
vt 0.0625 0.9375
vt 0.9375 0.9375
vt 0.9375 0.0625
vt 0.0625 0.0625
vt 0.0625 0.9375
vt 0.9375 0.9375
vt 0.9375 0.0625
vt 0.0625 0.0625
vt 0.0625 0.9375
vt 0.9375 0.9375
vt 0.9375 0.0625
vt 0.0625 0.0625
vt 0.0625 0.9375
vt 0.9375 0.9375
vt 0.9375 0.0625
vt 0.0625 0.0625
vt 0.0625 0.9375
vt 0.9375 0.9375
vt 0.9375 0.0625
vt 0.0625 0.0625
vt 0.0625 0.9375
vt 0.9375 0.9375
vt 0.9375 0.0625
vt 0.0625 0.0625
vt 0.0625 0.9375
vt 0.9375 0.9375
vt 0.9375 0.0625
vt 0.0625 0.0625
vt 0.0625 0.9375
vt 0.9375 0.9375
vt 0.9375 0.0625
vt 0.0625 0.0625
vt 0.0625 0.9375
vt 0.9375 0.9375
vt 0.9375 0.0625
vt 0.0625 0.0625
vt 0.0625 0.9375
vt 0.9375 0.9375
vt 0.9375 0.0625
vt 0.0625 0.0625
vt 0.0625 0.9375
vt 0.9375 0.9375
vt 0.9375 0.0625
vt 0.0625 0.0625
vt 0.0625 0.9375
vt 0.9375 0.9375
vt 0.9375 0.0625
vt 0.0625 0.0625
vt 0.0625 0.9375
vt 0.9375 0.9375
vt 0.9375 0.0625
vt 0.0625 0.0625
vt 0.0625 0.9375
vt 0.9375 0.9375
vt 0.9375 0.0625
vt 0.0625 0.0625
vt 0.0625 0.9375
vt 0.9375 0.9375
vt 0.9375 0.0625
vt 0.0625 0.0625
vt 0.0625 0.9375
vt 0.9375 0.9375
vt 0.9375 0.0625
vt 0.0625 0.0625
vt 0.0625 0.9375
vt 0.9375 0.9375
vt 0.9375 0.0625
vt 0.0625 0.0625
vt 0.0625 0.9375
vt 0.9375 0.9375
vt 0.9375 0.0625
vt 0.0625 0.0625
vt 0.0625 0.9375
vt 0.9375 0.9375
vt 0.9375 0.0625
vt 0.0625 0.0625
vt 0.0625 0.9375
vt 0.9375 0.9375
vt 0.9375 0.0625
vt 0.0625 0.0625
vt 0.0625 0.9375
vt 0.9375 0.9375
vt 0.9375 0.0625
vt 0.0625 0.0625
vt 0.0625 0.9375
vt 0.9375 0.9375
vt 0.9375 0.0625
vt 0.0625 0.0625
vt 0.0625 0.9375
vt 0.9375 0.9375
vt 0.9375 0.0625
vt 0.0625 0.0625
vt 0.0625 0.9375
vt 0.9375 0.9375
vt 0.9375 0.0625
vt 0.0625 0.0625
vt 0.0625 0.9375
vt 0.9375 0.9375
vt 0.9375 0.0625
vt 0.0625 0.0625
vt 0.0625 0.9375
vt 0.9375 0.9375
vt 0.9375 0.0625
vt 0.0625 0.0625
vt 0.0625 0.9375
vt 0.9375 0.9375
vt 0.9375 0.0625
vt 0.0625 0.0625
vt 0.0625 0.9375
vt 0.9375 0.9375
vt 0.9375 0.0625
vt 0.0625 0.0625
vt 0.0625 0.9375
vt 0.9375 0.9375
vt 0.9375 0.0625
vt 0.0625 0.0625
vt 0.0625 0.9375
vt 0.9375 0.9375
vt 0.9375 0.0625
vt 0.0625 0.0625
vt 0.0625 0.9375
vt 0.9375 0.9375
vt 0.9375 0.0625
vt 0.0625 0.0625
vt 0.0625 0.9375
vt 0.9375 0.9375
vt 0.9375 0.0625
vt 0.0625 0.0625
vt 0.0625 0.9375
vt 0.9375 0.9375
vt 0.9375 0.0625
vt 0.0625 0.0625
vt 0.0625 0.9375
vt 0.9375 0.9375
vt 0.9375 0.0625
vt 0.0625 0.0625
vt 0.0625 0.9375
vt 0.9375 0.9375
vt 0.9375 0.0625
vt 0.0625 0.0625
vt 0.0625 0.9375
vt 0.9375 0.9375
vt 0.9375 0.0625
vt 0.0625 0.0625
vt 0.0625 0.9375
vt 0.9375 0.9375
vt 0.9375 0.0625
vt 0.0625 0.0625
vt 0.0625 0.9375
vt 0.9375 0.9375
vt 0.9375 0.0625
vt 0.0625 0.0625
vt 0.0625 0.9375
vt 0.9375 0.9375
vt 0.9375 0.0625
vt 0.0625 0.0625
vt 0.0625 0.9375
vt 0.9375 0.9375
vt 0.9375 0.0625
vt 0.0625 0.0625
vt 0.0625 0.9375
vt 0.9375 0.9375
vt 0.9375 0.0625
vt 0.0625 0.0625
vt 0.0625 0.9375
vt 0.9375 0.9375
vt 0.9375 0.0625
vt 0.0625 0.0625
vt 0.0625 0.9375
vt 0.9375 0.9375
vt 0.9375 0.0625
vt 0.0625 0.0625
vt 0.0625 0.9375
vt 0.9375 0.9375
vt 0.9375 0.0625
vt 0.0625 0.0625
vt 0.0625 0.9375
vt 0.9375 0.9375
vt 0.9375 0.0625
vt 0.0625 0.0625
vt 0.0625 0.9375
vt 0.9375 0.9375
vt 0.9375 0.0625
vt 0.0625 0.0625
vt 0.0625 0.9375
vt 0.9375 0.9375
vt 0.9375 0.0625
vt 0.0625 0.0625
vt 0.0625 0.9375
vt 0.9375 0.9375
vt 0.9375 0.0625
vt 0.0625 0.9375
vt 0.9375 0.9375
vt 0.9375 0.0625
vt 0.0625 0.9375
vt 0.9375 0.9375
vt 0.9375 0.0625
vt 0.0625 0.9375
vt 0.9375 0.9375
vt 0.9375 0.0625
vt 0.0625 0.9375
vt 0.9375 0.9375
vt 0.9375 0.0625
vt 0.0625 0.9375
vt 0.9375 0.9375
vt 0.9375 0.0625
vt 0.0625 0.9375
vt 0.9375 0.9375
vt 0.9375 0.0625
vt 0.0625 0.9375
vt 0.9375 0.9375
vt 0.9375 0.0625
vt 0.0625 0.9375
vt 0.9375 0.9375
vt 0.9375 0.0625
vt 0.0625 0.9375
vt 0.9375 0.9375
vt 0.9375 0.0625
vt 0.0625 0.9375
vt 0.9375 0.9375
vt 0.9375 0.0625
vt 0.0625 0.9375
vt 0.9375 0.9375
vt 0.9375 0.0625
vt 0.0625 0.9375
vt 0.9375 0.9375
vt 0.9375 0.0625
vt 0.0625 0.9375
vt 0.9375 0.9375
vt 0.9375 0.0625
vt 0.0625 0.9375
vt 0.9375 0.9375
vt 0.9375 0.0625
vt 0.0625 0.9375
vt 0.9375 0.9375
vt 0.9375 0.0625
vt 0.0625 0.9375
vt 0.9375 0.9375
vt 0.9375 0.0625
vt 0.0625 0.9375
vt 0.9375 0.9375
vt 0.9375 0.0625
vt 0.0625 0.9375
vt 0.9375 0.9375
vt 0.9375 0.0625
vt 0.0625 0.9375
vt 0.9375 0.9375
vt 0.9375 0.0625
vt 0.0625 0.9375
vt 0.9375 0.9375
vt 0.9375 0.0625
vt 0.0625 0.9375
vt 0.9375 0.9375
vt 0.9375 0.0625
vt 0.0625 0.9375
vt 0.9375 0.9375
vt 0.9375 0.0625
vt 0.0625 0.9375
vt 0.9375 0.9375
vt 0.9375 0.0625
vt 0.0625 0.9375
vt 0.9375 0.9375
vt 0.9375 0.0625
vt 0.0625 0.9375
vt 0.9375 0.9375
vt 0.9375 0.0625
vt 0.0625 0.9375
vt 0.9375 0.9375
vt 0.9375 0.0625
vt 0.0625 0.9375
vt 0.9375 0.9375
vt 0.9375 0.0625
vt 0.0625 0.9375
vt 0.9375 0.9375
vt 0.9375 0.0625
vt 0.0625 0.9375
vt 0.9375 0.9375
vt 0.9375 0.0625
vt 0.0625 0.9375
vt 0.9375 0.9375
vt 0.9375 0.0625
vt 0.0625 0.9375
vt 0.9375 0.9375
vt 0.9375 0.0625
vt 0.0625 0.9375
vt 0.9375 0.9375
vt 0.9375 0.0625
vt 0.0625 0.9375
vt 0.9375 0.9375
vt 0.9375 0.0625
vt 0.0625 0.9375
vt 0.9375 0.9375
vt 0.9375 0.0625
vt 0.0625 0.9375
vt 0.9375 0.9375
vt 0.9375 0.0625
vt 0.0625 0.9375
vt 0.9375 0.9375
vt 0.9375 0.0625
vt 0.0625 0.9375
vt 0.9375 0.9375
vt 0.9375 0.0625
vt 0.0625 0.9375
vt 0.9375 0.9375
vt 0.9375 0.0625
vt 0.0625 0.9375
vt 0.9375 0.9375
vt 0.9375 0.0625
vt 0.0625 0.9375
vt 0.9375 0.9375
vt 0.9375 0.0625
vt 0.0625 0.9375
vt 0.9375 0.9375
vt 0.9375 0.0625
vt 0.0625 0.9375
vt 0.9375 0.9375
vt 0.9375 0.0625
vt 0.0625 0.9375
vt 0.9375 0.9375
vt 0.9375 0.0625
vt 0.0625 0.9375
vt 0.9375 0.9375
vt 0.9375 0.0625
vt 0.0625 0.9375
vt 0.9375 0.9375
vt 0.9375 0.0625
vt 0.0625 0.9375
vt 0.9375 0.9375
vt 0.9375 0.0625
vt 0.0625 0.9375
vt 0.9375 0.9375
vt 0.9375 0.0625
vt 0.0625 0.9375
vt 0.9375 0.9375
vt 0.9375 0.0625
vt 0.0625 0.0625
vt 0.0625 0.9375
vt 0.9375 0.9375
vt 0.9375 0.0625
vt 0.0625 0.0625
vt 0.0625 0.9375
vt 0.9375 0.9375
vt 0.9375 0.0625
vt 0.0625 0.0625
vt 0.0625 0.9375
vt 0.9375 0.9375
vt 0.9375 0.0625
vt 0.0625 0.0625
vt 0.0625 0.9375
vt 0.9375 0.9375
vt 0.9375 0.0625
vt 0.0625 0.0625
vt 0.0625 0.9375
vt 0.9375 0.9375
vt 0.9375 0.0625
vt 0.0625 0.0625
vt 0.0625 0.9375
vt 0.9375 0.9375
vt 0.9375 0.0625
vt 0.0625 0.0625
vt 0.0625 0.9375
vt 0.9375 0.9375
vt 0.9375 0.0625
vt 0.0625 0.0625
vt 0.0625 0.9375
vt 0.9375 0.9375
vt 0.9375 0.0625
vt 0.0625 0.0625
vt 0.0625 0.9375
vt 0.9375 0.9375
vt 0.9375 0.0625
vt 0.0625 0.0625
vt 0.0625 0.9375
vt 0.9375 0.9375
vt 0.9375 0.0625
vt 0.0625 0.0625
vt 0.0625 0.9375
vt 0.9375 0.9375
vt 0.9375 0.0625
vt 0.0625 0.0625
vt 0.0625 0.9375
vt 0.9375 0.9375
vt 0.9375 0.0625
vt 0.0625 0.0625
vt 0.0625 0.9375
vt 0.9375 0.9375
vt 0.9375 0.0625
vt 0.0625 0.0625
vt 0.0625 0.9375
vt 0.9375 0.9375
vt 0.9375 0.0625
vt 0.0625 0.0625
vt 0.0625 0.9375
vt 0.9375 0.9375
vt 0.9375 0.0625
vt 0.0625 0.0625
vt 0.0625 0.9375
vt 0.9375 0.9375
vt 0.9375 0.0625
vt 0.0625 0.0625
vt 0.0625 0.9375
vt 0.9375 0.9375
vt 0.9375 0.0625
vt 0.0625 0.0625
vt 0.0625 0.9375
vt 0.9375 0.9375
vt 0.9375 0.0625
vt 0.0625 0.0625
vt 0.0625 0.9375
vt 0.9375 0.9375
vt 0.9375 0.0625
vt 0.0625 0.0625
vt 0.0625 0.9375
vt 0.9375 0.9375
vt 0.9375 0.0625
vt 0.0625 0.0625
vt 0.0625 0.9375
vt 0.9375 0.9375
vt 0.9375 0.0625
vt 0.0625 0.0625
vt 0.0625 0.9375
vt 0.9375 0.9375
vt 0.9375 0.0625
vt 0.0625 0.0625
vt 0.0625 0.9375
vt 0.9375 0.9375
vt 0.9375 0.0625
vt 0.0625 0.0625
vt 0.0625 0.9375
vt 0.9375 0.9375
vt 0.9375 0.0625
vt 0.0625 0.0625
vt 0.0625 0.9375
vt 0.9375 0.9375
vt 0.9375 0.0625
vt 0.0625 0.0625
vt 0.0625 0.9375
vt 0.9375 0.9375
vt 0.9375 0.0625
vt 0.0625 0.0625
vt 0.0625 0.9375
vt 0.9375 0.9375
vt 0.9375 0.0625
vt 0.0625 0.0625
vt 0.0625 0.9375
vt 0.9375 0.9375
vt 0.9375 0.0625
vt 0.0625 0.0625
vt 0.0625 0.9375
vt 0.9375 0.9375
vt 0.9375 0.0625
vt 0.0625 0.0625
vt 0.0625 0.9375
vt 0.9375 0.9375
vt 0.9375 0.0625
vt 0.0625 0.0625
vt 0.0625 0.9375
vt 0.9375 0.9375
vt 0.9375 0.0625
vt 0.0625 0.0625
vt 0.0625 0.9375
vt 0.9375 0.9375
vt 0.9375 0.0625
vt 0.0625 0.0625
vt 0.0625 0.9375
vt 0.9375 0.9375
vt 0.9375 0.0625
vt 0.0625 0.0625
vt 0.0625 0.9375
vt 0.9375 0.9375
vt 0.9375 0.0625
vt 0.0625 0.0625
vt 0.0625 0.9375
vt 0.9375 0.9375
vt 0.9375 0.0625
vt 0.0625 0.0625
vt 0.0625 0.9375
vt 0.9375 0.9375
vt 0.9375 0.0625
vt 0.0625 0.0625
vt 0.0625 0.9375
vt 0.9375 0.9375
vt 0.9375 0.0625
vt 0.0625 0.0625
vt 0.0625 0.9375
vt 0.9375 0.9375
vt 0.9375 0.0625
vt 0.0625 0.0625
vt 0.0625 0.9375
vt 0.9375 0.9375
vt 0.9375 0.0625
vt 0.0625 0.0625
vt 0.0625 0.9375
vt 0.9375 0.9375
vt 0.9375 0.0625
vt 0.0625 0.0625
vt 0.0625 0.9375
vt 0.9375 0.9375
vt 0.9375 0.0625
vt 0.0625 0.0625
vt 0.0625 0.9375
vt 0.9375 0.9375
vt 0.9375 0.0625
vt 0.0625 0.0625
vt 0.0625 0.9375
vt 0.9375 0.9375
vt 0.9375 0.0625
vt 0.0625 0.0625
vt 0.0625 0.9375
vt 0.9375 0.9375
vt 0.9375 0.0625
vt 0.0625 0.0625
vt 0.0625 0.9375
vt 0.9375 0.9375
vt 0.9375 0.0625
vt 0.0625 0.0625
vt 0.0625 0.9375
vt 0.9375 0.9375
vt 0.9375 0.0625
vt 0.0625 0.0625
vt 0.0625 0.9375
vt 0.9375 0.9375
vt 0.9375 0.0625
vt 0.0625 0.0625
vt 0.0625 0.9375
vt 0.9375 0.9375
vt 0.9375 0.0625
vt 0.0625 0.0625
vt 0.0625 0.9375
vt 0.9375 0.9375
vt 0.9375 0.0625
vt 0.0625 0.0625
vt 0.0625 0.9375
vt 0.9375 0.9375
vt 0.9375 0.0625
vt 0.0625 0.0625
vt 0.0625 0.9375
vt 0.9375 0.9375
vt 0.9375 0.0625
vt 0.0625 0.0625
vt 0.0625 0.9375
vt 0.9375 0.9375
vt 0.9375 0.0625
vt 0.0625 0.0625
vt 0.0625 0.9375
vt 0.9375 0.9375
vt 0.9375 0.0625
vt 0.0625 0.0625
vt 0.0625 0.9375
vt 0.9375 0.9375
vt 0.9375 0.0625
vt 0.0625 0.0625
vt 0.0625 0.9375
vt 0.9375 0.9375
vt 0.9375 0.0625
vt 0.0625 0.0625
vt 0.0625 0.9375
vt 0.9375 0.9375
vt 0.9375 0.0625
vt 0.0625 0.0625
vt 0.0625 0.9375
vt 0.9375 0.9375
vt 0.9375 0.0625
vt 0.0625 0.0625
vt 0.0625 0.9375
vt 0.9375 0.9375
vt 0.9375 0.0625
vt 0.0625 0.0625
vt 0.0625 0.9375
vt 0.9375 0.9375
vt 0.9375 0.0625
vt 0.0625 0.0625
vt 0.0625 0.9375
vt 0.9375 0.9375
vt 0.9375 0.0625
vt 0.0625 0.0625
vt 0.0625 0.9375
vt 0.9375 0.9375
vt 0.9375 0.0625
vt 0.0625 0.0625
vt 0.0625 0.9375
vt 0.9375 0.9375
vt 0.9375 0.0625
vt 0.0625 0.0625
vt 0.0625 0.9375
vt 0.9375 0.9375
vt 0.9375 0.0625
vt 0.0625 0.0625
vt 0.0625 0.9375
vt 0.9375 0.9375
vt 0.9375 0.0625
vt 0.0625 0.0625
vt 0.0625 0.9375
vt 0.9375 0.9375
vt 0.9375 0.0625
vt 0.0625 0.0625
vt 0.0625 0.9375
vt 0.9375 0.9375
vt 0.9375 0.0625
vt 0.0625 0.0625
vt 0.0625 0.9375
vt 0.9375 0.9375
vt 0.9375 0.0625
vt 0.0625 0.0625
vt 0.0625 0.9375
vt 0.9375 0.9375
vt 0.9375 0.0625
vt 0.0625 0.0625
vt 0.0625 0.9375
vt 0.9375 0.9375
vt 0.9375 0.0625
vt 0.0625 0.0625
vt 0.0625 0.9375
vt 0.9375 0.9375
vt 0.9375 0.0625
vt 0.0625 0.0625
vt 0.0625 0.9375
vt 0.9375 0.9375
vt 0.9375 0.0625
vt 0.0625 0.0625
vt 0.0625 0.9375
vt 0.9375 0.9375
vt 0.9375 0.0625
vt 0.0625 0.0625
vt 0.0625 0.9375
vt 0.9375 0.9375
vt 0.9375 0.0625
vt 0.0625 0.0625
vt 0.0625 0.9375
vt 0.9375 0.9375
vt 0.9375 0.0625
vt 0.0625 0.0625
vt 0.0625 0.9375
vt 0.9375 0.9375
vt 0.9375 0.0625
vt 0.0625 0.0625
vt 0.0625 0.9375
vt 0.9375 0.9375
vt 0.9375 0.0625
vt 0.0625 0.0625
vt 0.0625 0.9375
vt 0.9375 0.9375
vt 0.9375 0.0625
vt 0.0625 0.0625
vt 0.0625 0.9375
vt 0.9375 0.9375
vt 0.9375 0.0625
vt 0.0625 0.0625
vt 0.0625 0.9375
vt 0.9375 0.9375
vt 0.9375 0.0625
vt 0.0625 0.0625
vt 0.0625 0.9375
vt 0.9375 0.9375
vt 0.9375 0.0625
vt 0.0625 0.0625
vt 0.0625 0.9375
vt 0.9375 0.9375
vt 0.9375 0.0625
vt 0.0625 0.0625
vt 0.0625 0.9375
vt 0.9375 0.9375
vt 0.9375 0.0625
vt 0.0625 0.0625
vt 0.0625 0.9375
vt 0.9375 0.9375
vt 0.9375 0.0625
vt 0.0625 0.0625
vt 0.0625 0.9375
vt 0.9375 0.9375
vt 0.9375 0.0625
vt 0.0625 0.0625
vt 0.0625 0.9375
vt 0.9375 0.9375
vt 0.9375 0.0625
vt 0.0625 0.0625
vt 0.0625 0.9375
vt 0.9375 0.9375
vt 0.9375 0.0625
vt 0.0625 0.0625
vt 0.0625 0.9375
vt 0.9375 0.9375
vt 0.9375 0.0625
vt 0.0625 0.0625
vt 0.0625 0.9375
vt 0.9375 0.9375
vt 0.9375 0.0625
vt 0.0625 0.0625
vt 0.0625 0.9375
vt 0.9375 0.9375
vt 0.9375 0.0625
vt 0.0625 0.0625
vt 0.0625 0.9375
vt 0.9375 0.9375
vt 0.9375 0.0625
vt 0.0625 0.0625
vt 0.0625 0.9375
vt 0.9375 0.9375
vt 0.9375 0.0625
vt 0.0625 0.0625
vt 0.0625 0.9375
vt 0.9375 0.9375
vt 0.9375 0.0625
vt 0.0625 0.0625
vt 0.0625 0.9375
vt 0.9375 0.9375
vt 0.9375 0.0625
vt 0.0625 0.0625
vt 0.0625 0.9375
vt 0.9375 0.9375
vt 0.9375 0.0625
vt 0.0625 0.0625
vt 0.0625 0.9375
vt 0.9375 0.9375
vt 0.9375 0.0625
vt 0.0625 0.0625
vt 0.0625 0.9375
vt 0.9375 0.9375
vt 0.9375 0.0625
vt 0.0625 0.0625
vt 0.0625 0.9375
vt 0.9375 0.9375
vt 0.9375 0.0625
vt 0.0625 0.0625
vt 0.0625 0.9375
vt 0.9375 0.9375
vt 0.9375 0.0625
vt 0.0625 0.0625
vt 0.0625 0.9375
vt 0.9375 0.9375
vt 0.9375 0.0625
vt 0.0625 0.0625
vt 0.0625 0.9375
vt 0.9375 0.9375
vt 0.9375 0.0625
vt 0.0625 0.0625
vt 0.0625 0.9375
vt 0.9375 0.9375
vt 0.9375 0.0625
vt 0.0625 0.0625
vt 0.0625 0.9375
vt 0.9375 0.9375
vt 0.9375 0.0625
vt 0.0625 0.0625
vt 0.0625 0.9375
vt 0.9375 0.9375
vt 0.9375 0.0625
vt 0.0625 0.0625
vt 0.0625 0.9375
vt 0.9375 0.9375
vt 0.9375 0.0625
vt 0.0625 0.0625
vt 0.0625 0.9375
vt 0.9375 0.9375
vt 0.9375 0.0625
vt 0.0625 0.0625
vt 0.0625 0.9375
vt 0.9375 0.9375
vt 0.9375 0.0625
vt 0.0625 0.0625
vt 0.0625 0.9375
vt 0.9375 0.9375
vt 0.9375 0.0625
vt 0.0625 0.0625
vt 0.0625 0.9375
vt 0.9375 0.9375
vt 0.9375 0.0625
vt 0.0625 0.0625
vt 0.0625 0.9375
vt 0.9375 0.9375
vt 0.9375 0.0625
vt 0.0625 0.0625
vt 0.0625 0.9375
vt 0.9375 0.9375
vt 0.9375 0.0625
vt 0.0625 0.0625
vt 0.0625 0.9375
vt 0.9375 0.9375
vt 0.9375 0.0625
vt 0.0625 0.0625
vt 0.0625 0.9375
vt 0.9375 0.9375
vt 0.9375 0.0625
vt 0.0625 0.0625
vt 0.0625 0.9375
vt 0.9375 0.9375
vt 0.9375 0.0625
vt 0.0625 0.0625
vt 0.0625 0.9375
vt 0.9375 0.9375
vt 0.9375 0.0625
vt 0.0625 0.0625
vt 0.0625 0.9375
vt 0.9375 0.9375
vt 0.9375 0.0625
vt 0.0625 0.0625
vt 0.0625 0.9375
vt 0.9375 0.9375
vt 0.9375 0.0625
vt 0.0625 0.0625
vt 0.0625 0.9375
vt 0.9375 0.9375
vt 0.9375 0.0625
vt 0.0625 0.0625
vt 0.0625 0.9375
vt 0.9375 0.9375
vt 0.9375 0.0625
vt 0.0625 0.0625
vt 0.0625 0.9375
vt 0.9375 0.9375
vt 0.9375 0.0625
vt 0.0625 0.0625
vt 0.0625 0.9375
vt 0.9375 0.9375
vt 0.9375 0.0625
vt 0.0625 0.0625
vt 0.0625 0.9375
vt 0.9375 0.9375
vt 0.9375 0.0625
vt 0.0625 0.0625
vt 0.0625 0.9375
vt 0.9375 0.9375
vt 0.9375 0.0625
vt 0.0625 0.0625
vt 0.0625 0.9375
vt 0.9375 0.9375
vt 0.9375 0.0625
vt 0.0625 0.0625
vt 0.0625 0.9375
vt 0.9375 0.9375
vt 0.9375 0.0625
vt 0.0625 0.0625
vt 0.0625 0.9375
vt 0.9375 0.9375
vt 0.9375 0.0625
vt 0.0625 0.0625
vt 0.0625 0.9375
vt 0.9375 0.9375
vt 0.9375 0.0625
vt 0.0625 0.0625
vt 0.0625 0.9375
vt 0.9375 0.9375
vt 0.9375 0.0625
vt 0.0625 0.0625
vt 0.0625 0.9375
vt 0.9375 0.9375
vt 0.9375 0.0625
vt 0.0625 0.0625
vt 0.0625 0.9375
vt 0.9375 0.9375
vt 0.9375 0.0625
vt 0.0625 0.0625
vt 0.0625 0.9375
vt 0.9375 0.9375
vt 0.9375 0.0625
vt 0.0625 0.0625
vt 0.0625 0.9375
vt 0.9375 0.9375
vt 0.9375 0.0625
vt 0.0625 0.0625
vt 0.0625 0.9375
vt 0.9375 0.9375
vt 0.9375 0.0625
vt 0.0625 0.0625
vt 0.0625 0.9375
vt 0.9375 0.9375
vt 0.9375 0.0625
vt 0.0625 0.0625
vt 0.0625 0.9375
vt 0.9375 0.9375
vt 0.9375 0.0625
vt 0.0625 0.0625
vt 0.0625 0.9375
vt 0.9375 0.9375
vt 0.9375 0.0625
vt 0.0625 0.0625
vt 0.0625 0.9375
vt 0.9375 0.9375
vt 0.9375 0.0625
vt 0.0625 0.0625
vt 0.0625 0.9375
vt 0.9375 0.9375
vt 0.9375 0.0625
vt 0.0625 0.0625
vt 0.0625 0.9375
vt 0.9375 0.9375
vt 0.9375 0.0625
vt 0.0625 0.0625
vt 0.0625 0.9375
vt 0.9375 0.9375
vt 0.9375 0.0625
vt 0.0625 0.0625
vt 0.0625 0.9375
vt 0.9375 0.9375
vt 0.9375 0.0625
vt 0.0625 0.0625
vt 0.0625 0.9375
vt 0.9375 0.9375
vt 0.9375 0.0625
vt 0.0625 0.0625
vt 0.0625 0.9375
vt 0.9375 0.9375
vt 0.9375 0.0625
vt 0.0625 0.0625
vt 0.0625 0.9375
vt 0.9375 0.9375
vt 0.9375 0.0625
vt 0.0625 0.0625
vt 0.0625 0.9375
vt 0.9375 0.9375
vt 0.9375 0.0625
vt 0.0625 0.0625
vt 0.0625 0.9375
vt 0.9375 0.9375
vt 0.9375 0.0625
vt 0.0625 0.0625
vt 0.0625 0.9375
vt 0.9375 0.9375
vt 0.9375 0.0625
vt 0.0625 0.0625
vt 0.0625 0.9375
vt 0.9375 0.9375
vt 0.9375 0.0625
vt 0.0625 0.0625
vt 0.0625 0.9375
vt 0.9375 0.9375
vt 0.9375 0.0625
vt 0.0625 0.0625
vt 0.0625 0.9375
vt 0.9375 0.9375
vt 0.9375 0.0625
vt 0.0625 0.0625
vt 0.0625 0.9375
vt 0.9375 0.9375
vt 0.9375 0.0625
vt 0.0625 0.0625
vt 0.0625 0.9375
vt 0.9375 0.9375
vt 0.9375 0.0625
vt 0.0625 0.0625
vt 0.0625 0.9375
vt 0.9375 0.9375
vt 0.9375 0.0625
vt 0.0625 0.0625
vt 0.0625 0.9375
vt 0.9375 0.9375
vt 0.9375 0.0625
vt 0.0625 0.0625
vt 0.0625 0.9375
vt 0.9375 0.9375
vt 0.9375 0.0625
vt 0.0625 0.0625
vt 0.0625 0.9375
vt 0.9375 0.9375
vt 0.9375 0.0625
vt 0.0625 0.0625
vt 0.0625 0.9375
vt 0.9375 0.9375
vt 0.9375 0.0625
vt 0.0625 0.0625
vt 0.0625 0.9375
vt 0.9375 0.9375
vt 0.9375 0.0625
vt 0.0625 0.0625
vt 0.0625 0.9375
vt 0.9375 0.9375
vt 0.9375 0.0625
vt 0.0625 0.0625
vt 0.0625 0.9375
vt 0.9375 0.9375
vt 0.9375 0.0625
vt 0.0625 0.0625
vt 0.0625 0.9375
vt 0.9375 0.9375
vt 0.9375 0.0625
vt 0.0625 0.0625
vt 0.0625 0.9375
vt 0.9375 0.9375
vt 0.9375 0.0625
vt 0.0625 0.0625
vt 0.0625 0.9375
vt 0.9375 0.9375
vt 0.9375 0.0625
vt 0.0625 0.0625
vt 0.0625 0.9375
vt 0.9375 0.9375
vt 0.9375 0.0625
vt 0.0625 0.0625
vt 0.0625 0.9375
vt 0.9375 0.9375
vt 0.9375 0.0625
vt 0.0625 0.0625
vt 0.0625 0.9375
vt 0.9375 0.9375
vt 0.9375 0.0625
vt 0.0625 0.0625
vt 0.0625 0.9375
vt 0.9375 0.9375
vt 0.9375 0.0625
vt 0.0625 0.0625
vt 0.0625 0.9375
vt 0.9375 0.9375
vt 0.9375 0.0625
vt 0.0625 0.0625
vt 0.0625 0.9375
vt 0.9375 0.9375
vt 0.9375 0.0625
vt 0.0625 0.0625
vt 0.0625 0.9375
vt 0.9375 0.9375
vt 0.9375 0.0625
vt 0.0625 0.0625
vt 0.0625 0.9375
vt 0.9375 0.9375
vt 0.9375 0.0625
vt 0.0625 0.0625
vt 0.0625 0.9375
vt 0.9375 0.9375
vt 0.9375 0.0625
vt 0.0625 0.0625
vt 0.0625 0.9375
vt 0.9375 0.9375
vt 0.9375 0.0625
vt 0.0625 0.0625
vt 0.0625 0.9375
vt 0.9375 0.9375
vt 0.9375 0.0625
vt 0.0625 0.0625
vt 0.0625 0.9375
vt 0.9375 0.9375
vt 0.9375 0.0625
vt 0.0625 0.0625
vt 0.0625 0.9375
vt 0.9375 0.9375
vt 0.9375 0.0625
vt 0.0625 0.0625
vt 0.0625 0.9375
vt 0.9375 0.9375
vt 0.9375 0.0625
vt 0.0625 0.0625
vt 0.0625 0.9375
vt 0.9375 0.9375
vt 0.9375 0.0625
vt 0.0625 0.0625
vt 0.0625 0.9375
vt 0.9375 0.9375
vt 0.9375 0.0625
vt 0.0625 0.0625
vt 0.0625 0.9375
vt 0.9375 0.9375
vt 0.9375 0.0625
vt 0.0625 0.0625
vt 0.0625 0.9375
vt 0.9375 0.9375
vt 0.9375 0.0625
vt 0.0625 0.0625
vt 0.0625 0.9375
vt 0.9375 0.9375
vt 0.9375 0.0625
vt 0.0625 0.0625
vt 0.0625 0.9375
vt 0.9375 0.9375
vt 0.9375 0.0625
vt 0.0625 0.0625
vt 0.0625 0.9375
vt 0.9375 0.9375
vt 0.9375 0.0625
vt 0.0625 0.0625
vt 0.0625 0.9375
vt 0.9375 0.9375
vt 0.9375 0.0625
vt 0.0625 0.0625
vt 0.0625 0.9375
vt 0.9375 0.9375
vt 0.9375 0.0625
vt 0.0625 0.0625
vt 0.0625 0.9375
vt 0.9375 0.9375
vt 0.9375 0.0625
vt 0.0625 0.0625
vt 0.0625 0.9375
vt 0.9375 0.9375
vt 0.9375 0.0625
vt 0.0625 0.0625
vt 0.0625 0.9375
vt 0.9375 0.9375
vt 0.9375 0.0625
vt 0.0625 0.0625
vt 0.0625 0.9375
vt 0.9375 0.9375
vt 0.9375 0.0625
vt 0.0625 0.0625
vt 0.0625 0.9375
vt 0.9375 0.9375
vt 0.9375 0.0625
vt 0.0625 0.0625
vt 0.0625 0.9375
vt 0.9375 0.9375
vt 0.9375 0.0625
vt 0.0625 0.0625
vt 0.905547422 0.446608669
vt 0.916468807 0.445170841
vt 0.888087146 0.339249041
vt 0.877910036 0.343464538
vt 0.877910036 0.343464538
vt 0.888087146 0.339249041
vt 0.833257988 0.244282152
vt 0.824518705 0.25098804
vt 0.824518705 0.25098804
vt 0.833257988 0.244282152
vt 0.755717848 0.166742012
vt 0.74901196 0.175481295
vt 0.74901196 0.175481295
vt 0.755717848 0.166742012
vt 0.660750959 0.111912854
vt 0.656535462 0.122089964
vt 0.656535462 0.122089964
vt 0.660750959 0.111912854
vt 0.554829159 0.0835311929
vt 0.553391331 0.0944525777
vt 0.553391331 0.0944525777
vt 0.554829159 0.0835311929
vt 0.445170841 0.0835311929
vt 0.446608669 0.0944525777
vt 0.446608669 0.0944525777
vt 0.445170841 0.0835311929
vt 0.339249041 0.111912854
vt 0.343464538 0.122089964
vt 0.343464538 0.122089964
vt 0.339249041 0.111912854
vt 0.244282152 0.166742012
vt 0.25098804 0.175481295
vt 0.25098804 0.175481295
vt 0.244282152 0.166742012
vt 0.166742012 0.244282152
vt 0.175481295 0.25098804
vt 0.175481295 0.25098804
vt 0.166742012 0.244282152
vt 0.111912854 0.339249041
vt 0.122089964 0.343464538
vt 0.122089964 0.343464538
vt 0.111912854 0.339249041
vt 0.0835311929 0.445170841
vt 0.0944525777 0.446608669
vt 0.0944525777 0.446608669
vt 0.0835311929 0.445170841
vt 0.0835311929 0.554829159
vt 0.0944525777 0.553391331
vt 0.0944525777 0.553391331
vt 0.0835311929 0.554829159
vt 0.111912854 0.660750959
vt 0.122089964 0.656535462
vt 0.122089964 0.656535462
vt 0.111912854 0.660750959
vt 0.166742012 0.755717848
vt 0.175481295 0.74901196
vt 0.175481295 0.74901196
vt 0.166742012 0.755717848
vt 0.244282152 0.833257988
vt 0.25098804 0.824518705
vt 0.25098804 0.824518705
vt 0.244282152 0.833257988
vt 0.339249041 0.888087146
vt 0.343464538 0.877910036
vt 0.343464538 0.877910036
vt 0.339249041 0.888087146
vt 0.445170841 0.916468807
vt 0.446608669 0.905547422
vt 0.446608669 0.905547422
vt 0.445170841 0.916468807
vt 0.554829159 0.916468807
vt 0.553391331 0.905547422
vt 0.553391331 0.905547422
vt 0.554829159 0.916468807
vt 0.660750959 0.888087146
vt 0.656535462 0.877910036
vt 0.656535462 0.877910036
vt 0.660750959 0.888087146
vt 0.755717848 0.833257988
vt 0.74901196 0.824518705
vt 0.74901196 0.824518705
vt 0.755717848 0.833257988
vt 0.833257988 0.755717848
vt 0.824518705 0.74901196
vt 0.824518705 0.74901196
vt 0.833257988 0.755717848
vt 0.888087146 0.660750959
vt 0.877910036 0.656535462
vt 0.877910036 0.656535462
vt 0.888087146 0.660750959
vt 0.916468807 0.554829159
vt 0.905547422 0.553391331
vt 0.905547422 0.553391331
vt 0.916468807 0.554829159
vt 0.916468807 0.445170841
vt 0.905547422 0.446608669
vt 0.916468807 0.445170841
vt 0.916468807 0.445170841
vt 0.888087146 0.339249041
vt 0.888087146 0.339249041
vt 0.888087146 0.339249041
vt 0.888087146 0.339249041
vt 0.833257988 0.244282152
vt 0.833257988 0.244282152
vt 0.833257988 0.244282152
vt 0.833257988 0.244282152
vt 0.755717848 0.166742012
vt 0.755717848 0.166742012
vt 0.755717848 0.166742012
vt 0.755717848 0.166742012
vt 0.660750959 0.111912854
vt 0.660750959 0.111912854
vt 0.660750959 0.111912854
vt 0.660750959 0.111912854
vt 0.554829159 0.0835311929
vt 0.554829159 0.0835311929
vt 0.554829159 0.0835311929
vt 0.554829159 0.0835311929
vt 0.445170841 0.0835311929
vt 0.445170841 0.0835311929
vt 0.445170841 0.0835311929
vt 0.445170841 0.0835311929
vt 0.339249041 0.111912854
vt 0.339249041 0.111912854
vt 0.339249041 0.111912854
vt 0.339249041 0.111912854
vt 0.244282152 0.166742012
vt 0.244282152 0.166742012
vt 0.244282152 0.166742012
vt 0.244282152 0.166742012
vt 0.166742012 0.244282152
vt 0.166742012 0.244282152
vt 0.166742012 0.244282152
vt 0.166742012 0.244282152
vt 0.111912854 0.339249041
vt 0.111912854 0.339249041
vt 0.111912854 0.339249041
vt 0.111912854 0.339249041
vt 0.0835311929 0.445170841
vt 0.0835311929 0.445170841
vt 0.0835311929 0.445170841
vt 0.0835311929 0.445170841
vt 0.0835311929 0.554829159
vt 0.0835311929 0.554829159
vt 0.0835311929 0.554829159
vt 0.0835311929 0.554829159
vt 0.111912854 0.660750959
vt 0.111912854 0.660750959
vt 0.111912854 0.660750959
vt 0.111912854 0.660750959
vt 0.166742012 0.755717848
vt 0.166742012 0.755717848
vt 0.166742012 0.755717848
vt 0.166742012 0.755717848
vt 0.244282152 0.833257988
vt 0.244282152 0.833257988
vt 0.244282152 0.833257988
vt 0.244282152 0.833257988
vt 0.339249041 0.888087146
vt 0.339249041 0.888087146
vt 0.339249041 0.888087146
vt 0.339249041 0.888087146
vt 0.445170841 0.916468807
vt 0.445170841 0.916468807
vt 0.445170841 0.916468807
vt 0.445170841 0.916468807
vt 0.554829159 0.916468807
vt 0.554829159 0.916468807
vt 0.554829159 0.916468807
vt 0.554829159 0.916468807
vt 0.660750959 0.888087146
vt 0.660750959 0.888087146
vt 0.660750959 0.888087146
vt 0.660750959 0.888087146
vt 0.755717848 0.833257988
vt 0.755717848 0.833257988
vt 0.755717848 0.833257988
vt 0.755717848 0.833257988
vt 0.833257988 0.755717848
vt 0.833257988 0.755717848
vt 0.833257988 0.755717848
vt 0.833257988 0.755717848
vt 0.888087146 0.660750959
vt 0.888087146 0.660750959
vt 0.888087146 0.660750959
vt 0.888087146 0.660750959
vt 0.916468807 0.554829159
vt 0.916468807 0.554829159
vt 0.916468807 0.554829159
vt 0.916468807 0.554829159
vt 0.916468807 0.445170841
vt 0.916468807 0.445170841
vt 0.916468807 0.445170841
vt 0.905547422 0.446608669
vt 0.877910036 0.343464538
vt 0.888087146 0.339249041
vt 0.888087146 0.339249041
vt 0.877910036 0.343464538
vt 0.824518705 0.25098804
vt 0.833257988 0.244282152
vt 0.833257988 0.244282152
vt 0.824518705 0.25098804
vt 0.74901196 0.175481295
vt 0.755717848 0.166742012
vt 0.755717848 0.166742012
vt 0.74901196 0.175481295
vt 0.656535462 0.122089964
vt 0.660750959 0.111912854
vt 0.660750959 0.111912854
vt 0.656535462 0.122089964
vt 0.553391331 0.0944525777
vt 0.554829159 0.0835311929
vt 0.554829159 0.0835311929
vt 0.553391331 0.0944525777
vt 0.446608669 0.0944525777
vt 0.445170841 0.0835311929
vt 0.445170841 0.0835311929
vt 0.446608669 0.0944525777
vt 0.343464538 0.122089964
vt 0.339249041 0.111912854
vt 0.339249041 0.111912854
vt 0.343464538 0.122089964
vt 0.25098804 0.175481295
vt 0.244282152 0.166742012
vt 0.244282152 0.166742012
vt 0.25098804 0.175481295
vt 0.175481295 0.25098804
vt 0.166742012 0.244282152
vt 0.166742012 0.244282152
vt 0.175481295 0.25098804
vt 0.122089964 0.343464538
vt 0.111912854 0.339249041
vt 0.111912854 0.339249041
vt 0.122089964 0.343464538
vt 0.0944525777 0.446608669
vt 0.0835311929 0.445170841
vt 0.0835311929 0.445170841
vt 0.0944525777 0.446608669
vt 0.0944525777 0.553391331
vt 0.0835311929 0.554829159
vt 0.0835311929 0.554829159
vt 0.0944525777 0.553391331
vt 0.122089964 0.656535462
vt 0.111912854 0.660750959
vt 0.111912854 0.660750959
vt 0.122089964 0.656535462
vt 0.175481295 0.74901196
vt 0.166742012 0.755717848
vt 0.166742012 0.755717848
vt 0.175481295 0.74901196
vt 0.25098804 0.824518705
vt 0.244282152 0.833257988
vt 0.244282152 0.833257988
vt 0.25098804 0.824518705
vt 0.343464538 0.877910036
vt 0.339249041 0.888087146
vt 0.339249041 0.888087146
vt 0.343464538 0.877910036
vt 0.446608669 0.905547422
vt 0.445170841 0.916468807
vt 0.445170841 0.916468807
vt 0.446608669 0.905547422
vt 0.553391331 0.905547422
vt 0.554829159 0.916468807
vt 0.554829159 0.916468807
vt 0.553391331 0.905547422
vt 0.656535462 0.877910036
vt 0.660750959 0.888087146
vt 0.660750959 0.888087146
vt 0.656535462 0.877910036
vt 0.74901196 0.824518705
vt 0.755717848 0.833257988
vt 0.755717848 0.833257988
vt 0.74901196 0.824518705
vt 0.824518705 0.74901196
vt 0.833257988 0.755717848
vt 0.833257988 0.755717848
vt 0.824518705 0.74901196
vt 0.877910036 0.656535462
vt 0.888087146 0.660750959
vt 0.888087146 0.660750959
vt 0.877910036 0.656535462
vt 0.905547422 0.553391331
vt 0.916468807 0.554829159
vt 0.916468807 0.554829159
vt 0.905547422 0.553391331
vt 0.905547422 0.446608669
vt 0.916468807 0.445170841
vt 0.5 0.5
vt 0.905547422 0.446608669
vt 0.877910036 0.343464538
vt 0.5 0.5
vt 0.877910036 0.343464538
vt 0.905547422 0.446608669
vt 0.5 0.5
vt 0.877910036 0.343464538
vt 0.824518705 0.25098804
vt 0.5 0.5
vt 0.824518705 0.25098804
vt 0.877910036 0.343464538
vt 0.5 0.5
vt 0.824518705 0.25098804
vt 0.74901196 0.175481295
vt 0.5 0.5
vt 0.74901196 0.175481295
vt 0.824518705 0.25098804
vt 0.5 0.5
vt 0.74901196 0.175481295
vt 0.656535462 0.122089964
vt 0.5 0.5
vt 0.656535462 0.122089964
vt 0.74901196 0.175481295
vt 0.5 0.5
vt 0.656535462 0.122089964
vt 0.553391331 0.0944525777
vt 0.5 0.5
vt 0.553391331 0.0944525777
vt 0.656535462 0.122089964
vt 0.5 0.5
vt 0.553391331 0.0944525777
vt 0.446608669 0.0944525777
vt 0.5 0.5
vt 0.446608669 0.0944525777
vt 0.553391331 0.0944525777
vt 0.5 0.5
vt 0.446608669 0.0944525777
vt 0.343464538 0.122089964
vt 0.5 0.5
vt 0.343464538 0.122089964
vt 0.446608669 0.0944525777
vt 0.5 0.5
vt 0.343464538 0.122089964
vt 0.25098804 0.175481295
vt 0.5 0.5
vt 0.25098804 0.175481295
vt 0.343464538 0.122089964
vt 0.5 0.5
vt 0.25098804 0.175481295
vt 0.175481295 0.25098804
vt 0.5 0.5
vt 0.175481295 0.25098804
vt 0.25098804 0.175481295
vt 0.5 0.5
vt 0.175481295 0.25098804
vt 0.122089964 0.343464538
vt 0.5 0.5
vt 0.122089964 0.343464538
vt 0.175481295 0.25098804
vt 0.5 0.5
vt 0.122089964 0.343464538
vt 0.0944525777 0.446608669
vt 0.5 0.5
vt 0.0944525777 0.446608669
vt 0.122089964 0.343464538
vt 0.5 0.5
vt 0.0944525777 0.446608669
vt 0.0944525777 0.553391331
vt 0.5 0.5
vt 0.0944525777 0.553391331
vt 0.0944525777 0.446608669
vt 0.5 0.5
vt 0.0944525777 0.553391331
vt 0.122089964 0.656535462
vt 0.5 0.5
vt 0.122089964 0.656535462
vt 0.0944525777 0.553391331
vt 0.5 0.5
vt 0.122089964 0.656535462
vt 0.175481295 0.74901196
vt 0.5 0.5
vt 0.175481295 0.74901196
vt 0.122089964 0.656535462
vt 0.5 0.5
vt 0.175481295 0.74901196
vt 0.25098804 0.824518705
vt 0.5 0.5
vt 0.25098804 0.824518705
vt 0.175481295 0.74901196
vt 0.5 0.5
vt 0.25098804 0.824518705
vt 0.343464538 0.877910036
vt 0.5 0.5
vt 0.343464538 0.877910036
vt 0.25098804 0.824518705
vt 0.5 0.5
vt 0.343464538 0.877910036
vt 0.446608669 0.905547422
vt 0.5 0.5
vt 0.446608669 0.905547422
vt 0.343464538 0.877910036
vt 0.5 0.5
vt 0.446608669 0.905547422
vt 0.553391331 0.905547422
vt 0.5 0.5
vt 0.553391331 0.905547422
vt 0.446608669 0.905547422
vt 0.5 0.5
vt 0.553391331 0.905547422
vt 0.656535462 0.877910036
vt 0.5 0.5
vt 0.656535462 0.877910036
vt 0.553391331 0.905547422
vt 0.5 0.5
vt 0.656535462 0.877910036
vt 0.74901196 0.824518705
vt 0.5 0.5
vt 0.74901196 0.824518705
vt 0.656535462 0.877910036
vt 0.5 0.5
vt 0.74901196 0.824518705
vt 0.824518705 0.74901196
vt 0.5 0.5
vt 0.824518705 0.74901196
vt 0.74901196 0.824518705
vt 0.5 0.5
vt 0.824518705 0.74901196
vt 0.877910036 0.656535462
vt 0.5 0.5
vt 0.877910036 0.656535462
vt 0.824518705 0.74901196
vt 0.5 0.5
vt 0.877910036 0.656535462
vt 0.905547422 0.553391331
vt 0.5 0.5
vt 0.905547422 0.553391331
vt 0.877910036 0.656535462
vt 0.5 0.5
vt 0.905547422 0.553391331
vt 0.905547422 0.446608669
vt 0.5 0.5
vt 0.905547422 0.446608669
vt 0.905547422 0.553391331
vt 0.0625 0.9375
vt 0.9375 0.9375
vt 0.9375 0.0625
vt 0.0625 0.0625
vt 0.0625 0.9375
vt 0.9375 0.9375
vt 0.9375 0.0625
vt 0.0625 0.0625
vt 0.0625 0.9375
vt 0.9375 0.9375
vt 0.9375 0.0625
vt 0.0625 0.0625
vt 0.0625 0.9375
vt 0.9375 0.9375
vt 0.9375 0.0625
vt 0.0625 0.0625
vt 0.0625 0.9375
vt 0.9375 0.9375
vt 0.9375 0.0625
vt 0.0625 0.0625
vt 0.0625 0.9375
vt 0.9375 0.9375
vt 0.9375 0.0625
vt 0.0625 0.0625
vt 0.0625 0.9375
vt 0.9375 0.9375
vt 0.9375 0.0625
vt 0.0625 0.0625
vt 0.0625 0.9375
vt 0.9375 0.9375
vt 0.9375 0.0625
vt 0.0625 0.0625
vt 0.0625 0.9375
vt 0.9375 0.9375
vt 0.9375 0.0625
vt 0.0625 0.0625
vt 0.0625 0.9375
vt 0.9375 0.9375
vt 0.9375 0.0625
vt 0.0625 0.0625
vt 0.0625 0.9375
vt 0.9375 0.9375
vt 0.9375 0.0625
vt 0.0625 0.0625
vt 0.0625 0.9375
vt 0.9375 0.9375
vt 0.9375 0.0625
vt 0.0625 0.0625
vt 0.0625 0.9375
vt 0.9375 0.9375
vt 0.9375 0.0625
vt 0.0625 0.0625
vt 0.0625 0.9375
vt 0.9375 0.9375
vt 0.9375 0.0625
vt 0.0625 0.0625
vt 0.0625 0.9375
vt 0.9375 0.9375
vt 0.9375 0.0625
vt 0.0625 0.0625
vt 0.0625 0.9375
vt 0.9375 0.9375
vt 0.9375 0.0625
vt 0.0625 0.0625
vt 0.0625 0.9375
vt 0.9375 0.9375
vt 0.9375 0.0625
vt 0.0625 0.0625
vt 0.0625 0.9375
vt 0.9375 0.9375
vt 0.9375 0.0625
vt 0.0625 0.0625
vt 0.0625 0.9375
vt 0.9375 0.9375
vt 0.9375 0.0625
vt 0.0625 0.0625
vt 0.0625 0.9375
vt 0.9375 0.9375
vt 0.9375 0.0625
vt 0.0625 0.0625
vt 0.0625 0.9375
vt 0.9375 0.9375
vt 0.9375 0.0625
vt 0.0625 0.0625
vt 0.0625 0.9375
vt 0.9375 0.9375
vt 0.9375 0.0625
vt 0.0625 0.0625
vt 0.0625 0.9375
vt 0.9375 0.9375
vt 0.9375 0.0625
vt 0.0625 0.0625
vt 0.0625 0.9375
vt 0.9375 0.9375
vt 0.9375 0.0625
vt 0.0625 0.0625
vt 0.0625 0.9375
vt 0.9375 0.9375
vt 0.9375 0.0625
vt 0.0625 0.0625
vt 0.0625 0.9375
vt 0.9375 0.9375
vt 0.9375 0.0625
vt 0.0625 0.0625
vt 0.0625 0.9375
vt 0.9375 0.9375
vt 0.9375 0.0625
vt 0.0625 0.0625
vt 0.0625 0.9375
vt 0.9375 0.9375
vt 0.9375 0.0625
vt 0.0625 0.0625
vt 0.0625 0.9375
vt 0.9375 0.9375
vt 0.9375 0.0625
vt 0.0625 0.0625
vt 0.0625 0.9375
vt 0.9375 0.9375
vt 0.9375 0.0625
vt 0.0625 0.0625
vt 0.0625 0.9375
vt 0.9375 0.9375
vt 0.9375 0.0625
vt 0.0625 0.0625
vt 0.0625 0.9375
vt 0.9375 0.9375
vt 0.9375 0.0625
vt 0.0625 0.0625
vt 0.0625 0.9375
vt 0.9375 0.9375
vt 0.9375 0.0625
vt 0.0625 0.0625
vt 0.0625 0.9375
vt 0.9375 0.9375
vt 0.9375 0.0625
vt 0.0625 0.0625
vt 0.0625 0.9375
vt 0.9375 0.9375
vt 0.9375 0.0625
vt 0.0625 0.0625
vt 0.0625 0.9375
vt 0.9375 0.9375
vt 0.9375 0.0625
vt 0.0625 0.0625
vt 0.0625 0.9375
vt 0.9375 0.9375
vt 0.9375 0.0625
vt 0.0625 0.0625
vt 0.0625 0.9375
vt 0.9375 0.9375
vt 0.9375 0.0625
vt 0.0625 0.0625
vt 0.0625 0.9375
vt 0.9375 0.9375
vt 0.9375 0.0625
vt 0.0625 0.0625
vt 0.0625 0.9375
vt 0.9375 0.9375
vt 0.9375 0.0625
vt 0.0625 0.0625
vt 0.0625 0.9375
vt 0.9375 0.9375
vt 0.9375 0.0625
vt 0.0625 0.0625
vt 0.0625 0.9375
vt 0.9375 0.9375
vt 0.9375 0.0625
vt 0.0625 0.0625
vt 0.0625 0.9375
vt 0.9375 0.9375
vt 0.9375 0.0625
vt 0.0625 0.0625
vt 0.0625 0.9375
vt 0.9375 0.9375
vt 0.9375 0.0625
vt 0.0625 0.0625
vt 0.0625 0.9375
vt 0.9375 0.9375
vt 0.9375 0.0625
vt 0.0625 0.0625
vt 0.0625 0.9375
vt 0.9375 0.9375
vt 0.9375 0.0625
vt 0.0625 0.0625
vt 0.0625 0.9375
vt 0.9375 0.9375
vt 0.9375 0.0625
vt 0.0625 0.0625
vt 0.0625 0.9375
vt 0.9375 0.9375
vt 0.9375 0.0625
vt 0.0625 0.0625
vt 0.0625 0.9375
vt 0.9375 0.9375
vt 0.9375 0.0625
vt 0.0625 0.0625
vt 0.0625 0.9375
vt 0.9375 0.9375
vt 0.9375 0.0625
vt 0.0625 0.0625
vt 0.0625 0.9375
vt 0.9375 0.9375
vt 0.9375 0.0625
vt 0.0625 0.0625
vt 0.0625 0.9375
vt 0.9375 0.9375
vt 0.9375 0.0625
vt 0.0625 0.0625
vt 0.0625 0.9375
vt 0.9375 0.9375
vt 0.9375 0.0625
vt 0.0625 0.0625
vt 0.0625 0.9375
vt 0.9375 0.9375
vt 0.9375 0.0625
vt 0.0625 0.0625
vt 0.0625 0.9375
vt 0.9375 0.9375
vt 0.9375 0.0625
vt 0.0625 0.0625
vt 0.0625 0.9375
vt 0.9375 0.9375
vt 0.9375 0.0625
vt 0.0625 0.0625
vt 0.0625 0.9375
vt 0.9375 0.9375
vt 0.9375 0.0625
vt 0.0625 0.0625
vt 0.0625 0.9375
vt 0.9375 0.9375
vt 0.9375 0.0625
vt 0.0625 0.0625
vt 0.0625 0.9375
vt 0.9375 0.9375
vt 0.9375 0.0625
vt 0.0625 0.0625
vt 0.0625 0.9375
vt 0.9375 0.9375
vt 0.9375 0.0625
vt 0.0625 0.0625
vt 0.0625 0.9375
vt 0.9375 0.9375
vt 0.9375 0.0625
vt 0.0625 0.0625
vt 0.0625 0.9375
vt 0.9375 0.9375
vt 0.9375 0.0625
vt 0.0625 0.0625
vt 0.0625 0.9375
vt 0.9375 0.9375
vt 0.9375 0.0625
vt 0.0625 0.0625
vt 0.0625 0.9375
vt 0.9375 0.9375
vt 0.9375 0.0625
vt 0.0625 0.0625
vt 0.0625 0.9375
vt 0.9375 0.9375
vt 0.9375 0.0625
vt 0.0625 0.0625
vt 0.0625 0.9375
vt 0.9375 0.9375
vt 0.9375 0.0625
vt 0.0625 0.0625
vt 0.0625 0.9375
vt 0.9375 0.9375
vt 0.9375 0.0625
vt 0.0625 0.0625
vt 0.0625 0.9375
vt 0.9375 0.9375
vt 0.9375 0.0625
vt 0.0625 0.0625
vt 0.0625 0.9375
vt 0.9375 0.9375
vt 0.9375 0.0625
vt 0.0625 0.0625
vt 0.0625 0.9375
vt 0.9375 0.9375
vt 0.9375 0.0625
vt 0.0625 0.0625
vt 0.0625 0.9375
vt 0.9375 0.9375
vt 0.9375 0.0625
vt 0.0625 0.0625
vt 0.0625 0.9375
vt 0.9375 0.9375
vt 0.9375 0.0625
vt 0.0625 0.0625
vt 0.0625 0.9375
vt 0.9375 0.9375
vt 0.9375 0.0625
vt 0.0625 0.9375
vt 0.9375 0.9375
vt 0.9375 0.0625
vt 0.0625 0.9375
vt 0.9375 0.9375
vt 0.9375 0.0625
vt 0.0625 0.9375
vt 0.9375 0.9375
vt 0.9375 0.0625
vt 0.0625 0.9375
vt 0.9375 0.9375
vt 0.9375 0.0625
vt 0.0625 0.9375
vt 0.9375 0.9375
vt 0.9375 0.0625
vt 0.0625 0.9375
vt 0.9375 0.9375
vt 0.9375 0.0625
vt 0.0625 0.9375
vt 0.9375 0.9375
vt 0.9375 0.0625
vt 0.0625 0.9375
vt 0.9375 0.9375
vt 0.9375 0.0625
vt 0.0625 0.9375
vt 0.9375 0.9375
vt 0.9375 0.0625
vt 0.0625 0.9375
vt 0.9375 0.9375
vt 0.9375 0.0625
vt 0.0625 0.9375
vt 0.9375 0.9375
vt 0.9375 0.0625
vt 0.0625 0.9375
vt 0.9375 0.9375
vt 0.9375 0.0625
vt 0.0625 0.9375
vt 0.9375 0.9375
vt 0.9375 0.0625
vt 0.0625 0.9375
vt 0.9375 0.9375
vt 0.9375 0.0625
vt 0.0625 0.9375
vt 0.9375 0.9375
vt 0.9375 0.0625
vt 0.0625 0.9375
vt 0.9375 0.9375
vt 0.9375 0.0625
vt 0.0625 0.9375
vt 0.9375 0.9375
vt 0.9375 0.0625
vt 0.0625 0.9375
vt 0.9375 0.9375
vt 0.9375 0.0625
vt 0.0625 0.9375
vt 0.9375 0.9375
vt 0.9375 0.0625
vt 0.0625 0.9375
vt 0.9375 0.9375
vt 0.9375 0.0625
vt 0.0625 0.9375
vt 0.9375 0.9375
vt 0.9375 0.0625
vt 0.0625 0.9375
vt 0.9375 0.9375
vt 0.9375 0.0625
vt 0.0625 0.9375
vt 0.9375 0.9375
vt 0.9375 0.0625
vt 0.0625 0.9375
vt 0.9375 0.9375
vt 0.9375 0.0625
vt 0.0625 0.9375
vt 0.9375 0.9375
vt 0.9375 0.0625
vt 0.0625 0.9375
vt 0.9375 0.9375
vt 0.9375 0.0625
vt 0.0625 0.9375
vt 0.9375 0.9375
vt 0.9375 0.0625
vt 0.0625 0.9375
vt 0.9375 0.9375
vt 0.9375 0.0625
vt 0.0625 0.9375
vt 0.9375 0.9375
vt 0.9375 0.0625
vt 0.0625 0.9375
vt 0.9375 0.9375
vt 0.9375 0.0625
vt 0.0625 0.9375
vt 0.9375 0.9375
vt 0.9375 0.0625
vt 0.0625 0.9375
vt 0.9375 0.9375
vt 0.9375 0.0625
vt 0.0625 0.9375
vt 0.9375 0.9375
vt 0.9375 0.0625
vt 0.0625 0.9375
vt 0.9375 0.9375
vt 0.9375 0.0625
vt 0.0625 0.9375
vt 0.9375 0.9375
vt 0.9375 0.0625
vt 0.0625 0.9375
vt 0.9375 0.9375
vt 0.9375 0.0625
vt 0.0625 0.9375
vt 0.9375 0.9375
vt 0.9375 0.0625
vt 0.0625 0.9375
vt 0.9375 0.9375
vt 0.9375 0.0625
vt 0.0625 0.9375
vt 0.9375 0.9375
vt 0.9375 0.0625
vt 0.0625 0.9375
vt 0.9375 0.9375
vt 0.9375 0.0625
vt 0.0625 0.9375
vt 0.9375 0.9375
vt 0.9375 0.0625
vt 0.0625 0.9375
vt 0.9375 0.9375
vt 0.9375 0.0625
vt 0.0625 0.9375
vt 0.9375 0.9375
vt 0.9375 0.0625
vt 0.0625 0.9375
vt 0.9375 0.9375
vt 0.9375 0.0625
vt 0.0625 0.9375
vt 0.9375 0.9375
vt 0.9375 0.0625
vt 0.0625 0.9375
vt 0.9375 0.9375
vt 0.9375 0.0625
vt 0.0625 0.9375
vt 0.9375 0.9375
vt 0.9375 0.0625
vt 0.0625 0.9375
vt 0.9375 0.9375
vt 0.9375 0.0625
vt 0.0625 0.0625
vt 0.0625 0.9375
vt 0.9375 0.9375
vt 0.9375 0.0625
vt 0.0625 0.0625
vt 0.0625 0.9375
vt 0.9375 0.9375
vt 0.9375 0.0625
vt 0.0625 0.0625
vt 0.0625 0.9375
vt 0.9375 0.9375
vt 0.9375 0.0625
vt 0.0625 0.0625
vt 0.0625 0.9375
vt 0.9375 0.9375
vt 0.9375 0.0625
vt 0.0625 0.0625
vt 0.0625 0.9375
vt 0.9375 0.9375
vt 0.9375 0.0625
vt 0.0625 0.0625
vt 0.0625 0.9375
vt 0.9375 0.9375
vt 0.9375 0.0625
vt 0.0625 0.0625
vt 0.0625 0.9375
vt 0.9375 0.9375
vt 0.9375 0.0625
vt 0.0625 0.0625
vt 0.0625 0.9375
vt 0.9375 0.9375
vt 0.9375 0.0625
vt 0.0625 0.0625
vt 0.0625 0.9375
vt 0.9375 0.9375
vt 0.9375 0.0625
vt 0.0625 0.0625
vt 0.0625 0.9375
vt 0.9375 0.9375
vt 0.9375 0.0625
vt 0.0625 0.0625
vt 0.0625 0.9375
vt 0.9375 0.9375
vt 0.9375 0.0625
vt 0.0625 0.0625
vt 0.0625 0.9375
vt 0.9375 0.9375
vt 0.9375 0.0625
vt 0.0625 0.0625
vt 0.0625 0.9375
vt 0.9375 0.9375
vt 0.9375 0.0625
vt 0.0625 0.0625
vt 0.0625 0.9375
vt 0.9375 0.9375
vt 0.9375 0.0625
vt 0.0625 0.0625
vt 0.0625 0.9375
vt 0.9375 0.9375
vt 0.9375 0.0625
vt 0.0625 0.0625
vt 0.0625 0.9375
vt 0.9375 0.9375
vt 0.9375 0.0625
vt 0.0625 0.0625
vt 0.0625 0.9375
vt 0.9375 0.9375
vt 0.9375 0.0625
vt 0.0625 0.0625
vt 0.0625 0.9375
vt 0.9375 0.9375
vt 0.9375 0.0625
vt 0.0625 0.0625
vt 0.0625 0.9375
vt 0.9375 0.9375
vt 0.9375 0.0625
vt 0.0625 0.0625
vt 0.0625 0.9375
vt 0.9375 0.9375
vt 0.9375 0.0625
vt 0.0625 0.0625
vt 0.0625 0.9375
vt 0.9375 0.9375
vt 0.9375 0.0625
vt 0.0625 0.0625
vt 0.0625 0.9375
vt 0.9375 0.9375
vt 0.9375 0.0625
vt 0.0625 0.0625
vt 0.0625 0.9375
vt 0.9375 0.9375
vt 0.9375 0.0625
vt 0.0625 0.0625
vt 0.0625 0.9375
vt 0.9375 0.9375
vt 0.9375 0.0625
vt 0.0625 0.9375
vt 0.9375 0.9375
vt 0.9375 0.0625
vt 0.0625 0.9375
vt 0.9375 0.9375
vt 0.9375 0.0625
vt 0.0625 0.9375
vt 0.9375 0.9375
vt 0.9375 0.0625
vt 0.0625 0.9375
vt 0.9375 0.9375
vt 0.9375 0.0625
vt 0.0625 0.9375
vt 0.9375 0.9375
vt 0.9375 0.0625
vt 0.0625 0.9375
vt 0.9375 0.9375
vt 0.9375 0.0625
vt 0.0625 0.9375
vt 0.9375 0.9375
vt 0.9375 0.0625
vt 0.0625 0.9375
vt 0.9375 0.9375
vt 0.9375 0.0625
vt 0.0625 0.9375
vt 0.9375 0.9375
vt 0.9375 0.0625
vt 0.0625 0.9375
vt 0.9375 0.9375
vt 0.9375 0.0625
vt 0.0625 0.9375
vt 0.9375 0.9375
vt 0.9375 0.0625
vt 0.0625 0.9375
vt 0.9375 0.9375
vt 0.9375 0.0625
vt 0.0625 0.9375
vt 0.9375 0.9375
vt 0.9375 0.0625
vt 0.0625 0.9375
vt 0.9375 0.9375
vt 0.9375 0.0625
vt 0.0625 0.9375
vt 0.9375 0.9375
vt 0.9375 0.0625
vt 0.0625 0.9375
vt 0.9375 0.9375
vt 0.9375 0.0625
vt 0.0625 0.0625
vt 0.0625 0.9375
vt 0.9375 0.9375
vt 0.9375 0.0625
vt 0.0625 0.0625
vt 0.0625 0.9375
vt 0.9375 0.9375
vt 0.9375 0.0625
vt 0.0625 0.0625
vt 0.0625 0.9375
vt 0.9375 0.9375
vt 0.9375 0.0625
vt 0.0625 0.0625
vt 0.0625 0.9375
vt 0.9375 0.9375
vt 0.9375 0.0625
vt 0.0625 0.0625
vt 0.0625 0.9375
vt 0.9375 0.9375
vt 0.9375 0.0625
vt 0.0625 0.0625
vt 0.0625 0.9375
vt 0.9375 0.9375
vt 0.9375 0.0625
vt 0.0625 0.0625
vt 0.0625 0.9375
vt 0.9375 0.9375
vt 0.9375 0.0625
vt 0.0625 0.0625
vt 0.0625 0.9375
vt 0.9375 0.9375
vt 0.9375 0.0625
vt 0.0625 0.0625
vt 0.0625 0.9375
vt 0.9375 0.9375
vt 0.9375 0.0625
vt 0.0625 0.0625
vt 0.0625 0.9375
vt 0.9375 0.9375
vt 0.9375 0.0625
vt 0.0625 0.0625
vt 0.0625 0.9375
vt 0.9375 0.9375
vt 0.9375 0.0625
vt 0.0625 0.0625
vt 0.0625 0.9375
vt 0.9375 0.9375
vt 0.9375 0.0625
vt 0.0625 0.0625
vt 0.0625 0.9375
vt 0.9375 0.9375
vt 0.9375 0.0625
vt 0.0625 0.0625
vt 0.0625 0.9375
vt 0.9375 0.9375
vt 0.9375 0.0625
vt 0.0625 0.0625
vt 0.0625 0.9375
vt 0.9375 0.9375
vt 0.9375 0.0625
vt 0.0625 0.0625
vt 0.0625 0.9375
vt 0.9375 0.9375
vt 0.9375 0.0625
vt 0.0625 0.0625
vt 0.0625 0.9375
vt 0.9375 0.9375
vt 0.9375 0.0625
vt 0.0625 0.0625
vt 0.0625 0.9375
vt 0.9375 0.9375
vt 0.9375 0.0625
vt 0.0625 0.0625
vt 0.0625 0.9375
vt 0.9375 0.9375
vt 0.9375 0.0625
vt 0.0625 0.0625
vt 0.0625 0.9375
vt 0.9375 0.9375
vt 0.9375 0.0625
vt 0.0625 0.0625
vt 0.0625 0.9375
vt 0.9375 0.9375
vt 0.9375 0.0625
vt 0.0625 0.0625
vt 0.0625 0.9375
vt 0.9375 0.9375
vt 0.9375 0.0625
vt 0.0625 0.0625
vt 0.0625 0.9375
vt 0.9375 0.9375
vt 0.9375 0.0625
vt 0.0625 0.0625
vt 0.0625 0.9375
vt 0.9375 0.9375
vt 0.9375 0.0625
vt 0.0625 0.9375
vt 0.9375 0.9375
vt 0.9375 0.0625
vt 0.0625 0.9375
vt 0.9375 0.9375
vt 0.9375 0.0625
vt 0.0625 0.9375
vt 0.9375 0.9375
vt 0.9375 0.0625
vt 0.0625 0.9375
vt 0.9375 0.9375
vt 0.9375 0.0625
vt 0.0625 0.9375
vt 0.9375 0.9375
vt 0.9375 0.0625
vt 0.0625 0.9375
vt 0.9375 0.9375
vt 0.9375 0.0625
vt 0.0625 0.9375
vt 0.9375 0.9375
vt 0.9375 0.0625
vt 0.0625 0.9375
vt 0.9375 0.9375
vt 0.9375 0.0625
vt 0.0625 0.9375
vt 0.9375 0.9375
vt 0.9375 0.0625
vt 0.0625 0.9375
vt 0.9375 0.9375
vt 0.9375 0.0625
vt 0.0625 0.9375
vt 0.9375 0.9375
vt 0.9375 0.0625
vt 0.0625 0.9375
vt 0.9375 0.9375
vt 0.9375 0.0625
vt 0.0625 0.9375
vt 0.9375 0.9375
vt 0.9375 0.0625
vt 0.0625 0.9375
vt 0.9375 0.9375
vt 0.9375 0.0625
vt 0.0625 0.9375
vt 0.9375 0.9375
vt 0.9375 0.0625
vt 0.0625 0.9375
vt 0.9375 0.9375
vt 0.9375 0.0625
vt 0.0625 0.0625
vt 0.0625 0.9375
vt 0.9375 0.9375
vt 0.9375 0.0625
vt 0.0625 0.0625
vt 0.0625 0.9375
vt 0.9375 0.9375
vt 0.9375 0.0625
vt 0.0625 0.0625
vt 0.0625 0.9375
vt 0.9375 0.9375
vt 0.9375 0.0625
vt 0.0625 0.0625
vt 0.0625 0.9375
vt 0.9375 0.9375
vt 0.9375 0.0625
vt 0.0625 0.0625
vt 0.0625 0.9375
vt 0.9375 0.9375
vt 0.9375 0.0625
vt 0.0625 0.0625
vt 0.0625 0.9375
vt 0.9375 0.9375
vt 0.9375 0.0625
vt 0.0625 0.0625
vt 0.0625 0.9375
vt 0.9375 0.9375
vt 0.9375 0.0625
vt 0.0625 0.0625
vt 0.0625 0.9375
vt 0.9375 0.9375
vt 0.9375 0.0625
vt 0.0625 0.0625
vt 0.0625 0.9375
vt 0.9375 0.9375
vt 0.9375 0.0625
vt 0.0625 0.0625
vt 0.0625 0.9375
vt 0.9375 0.9375
vt 0.9375 0.0625
vt 0.0625 0.0625
vt 0.0625 0.9375
vt 0.9375 0.9375
vt 0.9375 0.0625
vt 0.0625 0.0625
vt 0.0625 0.9375
vt 0.9375 0.9375
vt 0.9375 0.0625
vt 0.0625 0.0625
vt 0.0625 0.9375
vt 0.9375 0.9375
vt 0.9375 0.0625
vt 0.0625 0.0625
vt 0.0625 0.9375
vt 0.9375 0.9375
vt 0.9375 0.0625
vt 0.0625 0.0625
vt 0.0625 0.9375
vt 0.9375 0.9375
vt 0.9375 0.0625
vt 0.0625 0.0625
vt 0.0625 0.9375
vt 0.9375 0.9375
vt 0.9375 0.0625
vt 0.0625 0.0625
vt 0.0625 0.9375
vt 0.9375 0.9375
vt 0.9375 0.0625
vt 0.0625 0.0625
vt 0.0625 0.9375
vt 0.9375 0.9375
vt 0.9375 0.0625
vt 0.0625 0.0625
vt 0.0625 0.9375
vt 0.9375 0.9375
vt 0.9375 0.0625
vt 0.0625 0.0625
vt 0.0625 0.9375
vt 0.9375 0.9375
vt 0.9375 0.0625
vt 0.0625 0.0625
vt 0.0625 0.9375
vt 0.9375 0.9375
vt 0.9375 0.0625
vt 0.0625 0.0625
vt 0.0625 0.9375
vt 0.9375 0.9375
vt 0.9375 0.0625
vt 0.0625 0.0625
vt 0.0625 0.9375
vt 0.9375 0.9375
vt 0.9375 0.0625
vt 0.0625 0.0625
vt 0.0625 0.9375
vt 0.9375 0.9375
vt 0.9375 0.0625
vt 0.0625 0.9375
vt 0.9375 0.9375
vt 0.9375 0.0625
vt 0.0625 0.9375
vt 0.9375 0.9375
vt 0.9375 0.0625
vt 0.0625 0.9375
vt 0.9375 0.9375
vt 0.9375 0.0625
vt 0.0625 0.9375
vt 0.9375 0.9375
vt 0.9375 0.0625
vt 0.0625 0.9375
vt 0.9375 0.9375
vt 0.9375 0.0625
vt 0.0625 0.9375
vt 0.9375 0.9375
vt 0.9375 0.0625
vt 0.0625 0.9375
vt 0.9375 0.9375
vt 0.9375 0.0625
vt 0.0625 0.9375
vt 0.9375 0.9375
vt 0.9375 0.0625
vt 0.0625 0.9375
vt 0.9375 0.9375
vt 0.9375 0.0625
vt 0.0625 0.9375
vt 0.9375 0.9375
vt 0.9375 0.0625
vt 0.0625 0.9375
vt 0.9375 0.9375
vt 0.9375 0.0625
vt 0.0625 0.9375
vt 0.9375 0.9375
vt 0.9375 0.0625
vt 0.0625 0.9375
vt 0.9375 0.9375
vt 0.9375 0.0625
vt 0.0625 0.9375
vt 0.9375 0.9375
vt 0.9375 0.0625
vt 0.0625 0.9375
vt 0.9375 0.9375
vt 0.9375 0.0625
vt 0.0625 0.9375
vt 0.9375 0.9375
vt 0.9375 0.0625
vt 0.0625 0.0625
vt 0.0625 0.9375
vt 0.9375 0.9375
vt 0.9375 0.0625
vt 0.0625 0.0625
vt 0.0625 0.9375
vt 0.9375 0.9375
vt 0.9375 0.0625
vt 0.0625 0.0625
vt 0.0625 0.9375
vt 0.9375 0.9375
vt 0.9375 0.0625
vt 0.0625 0.0625
vt 0.0625 0.9375
vt 0.9375 0.9375
vt 0.9375 0.0625
vt 0.0625 0.0625
vt 0.0625 0.9375
vt 0.9375 0.9375
vt 0.9375 0.0625
vt 0.0625 0.0625
vt 0.0625 0.9375
vt 0.9375 0.9375
vt 0.9375 0.0625
vt 0.0625 0.0625
vt 0.0625 0.9375
vt 0.9375 0.9375
vt 0.9375 0.0625
vt 0.0625 0.0625
vt 0.0625 0.9375
vt 0.9375 0.9375
vt 0.9375 0.0625
vt 0.0625 0.0625
vt 0.0625 0.9375
vt 0.9375 0.9375
vt 0.9375 0.0625
vt 0.0625 0.0625
vt 0.0625 0.9375
vt 0.9375 0.9375
vt 0.9375 0.0625
vt 0.0625 0.0625
vt 0.0625 0.9375
vt 0.9375 0.9375
vt 0.9375 0.0625
vt 0.0625 0.0625
vt 0.0625 0.9375
vt 0.9375 0.9375
vt 0.9375 0.0625
vt 0.0625 0.0625
vt 0.0625 0.9375
vt 0.9375 0.9375
vt 0.9375 0.0625
vt 0.0625 0.0625
vt 0.0625 0.9375
vt 0.9375 0.9375
vt 0.9375 0.0625
vt 0.0625 0.0625
vt 0.0625 0.9375
vt 0.9375 0.9375
vt 0.9375 0.0625
vt 0.0625 0.0625
vt 0.0625 0.9375
vt 0.9375 0.9375
vt 0.9375 0.0625
vt 0.0625 0.0625
vt 0.0625 0.9375
vt 0.9375 0.9375
vt 0.9375 0.0625
vt 0.0625 0.0625
vt 0.0625 0.9375
vt 0.9375 0.9375
vt 0.9375 0.0625
vt 0.0625 0.0625
vt 0.0625 0.9375
vt 0.9375 0.9375
vt 0.9375 0.0625
vt 0.0625 0.0625
vt 0.0625 0.9375
vt 0.9375 0.9375
vt 0.9375 0.0625
vt 0.0625 0.0625
vt 0.0625 0.9375
vt 0.9375 0.9375
vt 0.9375 0.0625
vt 0.0625 0.0625
vt 0.0625 0.9375
vt 0.9375 0.9375
vt 0.9375 0.0625
vt 0.0625 0.0625
vt 0.0625 0.9375
vt 0.9375 0.9375
vt 0.9375 0.0625
vt 0.0625 0.0625
vt 0.0625 0.9375
vt 0.9375 0.9375
vt 0.9375 0.0625
vt 0.0625 0.9375
vt 0.9375 0.9375
vt 0.9375 0.0625
vt 0.0625 0.9375
vt 0.9375 0.9375
vt 0.9375 0.0625
vt 0.0625 0.9375
vt 0.9375 0.9375
vt 0.9375 0.0625
vt 0.0625 0.9375
vt 0.9375 0.9375
vt 0.9375 0.0625
vt 0.0625 0.9375
vt 0.9375 0.9375
vt 0.9375 0.0625
vt 0.0625 0.9375
vt 0.9375 0.9375
vt 0.9375 0.0625
vt 0.0625 0.9375
vt 0.9375 0.9375
vt 0.9375 0.0625
vt 0.0625 0.9375
vt 0.9375 0.9375
vt 0.9375 0.0625
vt 0.0625 0.9375
vt 0.9375 0.9375
vt 0.9375 0.0625
vt 0.0625 0.9375
vt 0.9375 0.9375
vt 0.9375 0.0625
vt 0.0625 0.9375
vt 0.9375 0.9375
vt 0.9375 0.0625
vt 0.0625 0.9375
vt 0.9375 0.9375
vt 0.9375 0.0625
vt 0.0625 0.9375
vt 0.9375 0.9375
vt 0.9375 0.0625
vt 0.0625 0.9375
vt 0.9375 0.9375
vt 0.9375 0.0625
vt 0.0625 0.9375
vt 0.9375 0.9375
vt 0.9375 0.0625
vt 0.0625 0.9375
vt 0.9375 0.9375
vt 0.9375 0.0625
vt 0.0625 0.0625
vt 0.0625 0.9375
vt 0.9375 0.9375
vt 0.9375 0.0625
vt 0.0625 0.0625
vt 0.0625 0.9375
vt 0.9375 0.9375
vt 0.9375 0.0625
vt 0.0625 0.0625
vt 0.0625 0.9375
vt 0.9375 0.9375
vt 0.9375 0.0625
vt 0.0625 0.0625
vt 0.0625 0.9375
vt 0.9375 0.9375
vt 0.9375 0.0625
vt 0.0625 0.0625
vt 0.0625 0.9375
vt 0.9375 0.9375
vt 0.9375 0.0625
vt 0.0625 0.0625
vt 0.0625 0.9375
vt 0.9375 0.9375
vt 0.9375 0.0625
vt 0.0625 0.0625
vt 0.0625 0.9375
vt 0.9375 0.9375
vt 0.9375 0.0625
vt 0.0625 0.0625
vt 0.0625 0.9375
vt 0.9375 0.9375
vt 0.9375 0.0625
vt 0.0625 0.0625
vt 0.0625 0.9375
vt 0.9375 0.9375
vt 0.9375 0.0625
vt 0.0625 0.0625
vt 0.0625 0.9375
vt 0.9375 0.9375
vt 0.9375 0.0625
vt 0.0625 0.0625
vt 0.0625 0.9375
vt 0.9375 0.9375
vt 0.9375 0.0625
vt 0.0625 0.0625
vt 0.0625 0.9375
vt 0.9375 0.9375
vt 0.9375 0.0625
vt 0.0625 0.0625
vt 0.0625 0.9375
vt 0.9375 0.9375
vt 0.9375 0.0625
vt 0.0625 0.0625
vt 0.0625 0.9375
vt 0.9375 0.9375
vt 0.9375 0.0625
vt 0.0625 0.0625
vt 0.0625 0.9375
vt 0.9375 0.9375
vt 0.9375 0.0625
vt 0.0625 0.0625
vt 0.0625 0.9375
vt 0.9375 0.9375
vt 0.9375 0.0625
vt 0.0625 0.0625
vt 0.0625 0.9375
vt 0.9375 0.9375
vt 0.9375 0.0625
vt 0.0625 0.0625
vt 0.0625 0.9375
vt 0.9375 0.9375
vt 0.9375 0.0625
vt 0.0625 0.0625
vt 0.0625 0.9375
vt 0.9375 0.9375
vt 0.9375 0.0625
vt 0.0625 0.0625
vt 0.0625 0.9375
vt 0.9375 0.9375
vt 0.9375 0.0625
vt 0.0625 0.0625
vt 0.0625 0.9375
vt 0.9375 0.9375
vt 0.9375 0.0625
vt 0.0625 0.0625
vt 0.0625 0.9375
vt 0.9375 0.9375
vt 0.9375 0.0625
vt 0.0625 0.0625
vt 0.0625 0.9375
vt 0.9375 0.9375
vt 0.9375 0.0625
vt 0.0625 0.0625
vt 0.0625 0.9375
vt 0.9375 0.9375
vt 0.9375 0.0625
vt 0.0625 0.9375
vt 0.9375 0.9375
vt 0.9375 0.0625
vt 0.0625 0.9375
vt 0.9375 0.9375
vt 0.9375 0.0625
vt 0.0625 0.9375
vt 0.9375 0.9375
vt 0.9375 0.0625
vt 0.0625 0.9375
vt 0.9375 0.9375
vt 0.9375 0.0625
vt 0.0625 0.9375
vt 0.9375 0.9375
vt 0.9375 0.0625
vt 0.0625 0.9375
vt 0.9375 0.9375
vt 0.9375 0.0625
vt 0.0625 0.9375
vt 0.9375 0.9375
vt 0.9375 0.0625
vt 0.0625 0.9375
vt 0.9375 0.9375
vt 0.9375 0.0625
vt 0.0625 0.9375
vt 0.9375 0.9375
vt 0.9375 0.0625
vt 0.0625 0.9375
vt 0.9375 0.9375
vt 0.9375 0.0625
vt 0.0625 0.9375
vt 0.9375 0.9375
vt 0.9375 0.0625
vt 0.0625 0.9375
vt 0.9375 0.9375
vt 0.9375 0.0625
vt 0.0625 0.9375
vt 0.9375 0.9375
vt 0.9375 0.0625
vt 0.0625 0.9375
vt 0.9375 0.9375
vt 0.9375 0.0625
vt 0.0625 0.9375
vt 0.9375 0.9375
vt 0.9375 0.0625
vt 0.0625 0.9375
vt 0.9375 0.9375
vt 0.9375 0.0625
vt 0.0625 0.0625
vt 0.0625 0.9375
vt 0.9375 0.9375
vt 0.9375 0.0625
vt 0.0625 0.0625
vt 0.0625 0.9375
vt 0.9375 0.9375
vt 0.9375 0.0625
vt 0.0625 0.0625
vt 0.0625 0.9375
vt 0.9375 0.9375
vt 0.9375 0.0625
vt 0.0625 0.0625
vt 0.0625 0.9375
vt 0.9375 0.9375
vt 0.9375 0.0625
vt 0.0625 0.0625
vt 0.0625 0.9375
vt 0.9375 0.9375
vt 0.9375 0.0625
vt 0.0625 0.0625
vt 0.0625 0.9375
vt 0.9375 0.9375
vt 0.9375 0.0625
vt 0.0625 0.0625
vt 0.0625 0.9375
vt 0.9375 0.9375
vt 0.9375 0.0625
vt 0.0625 0.0625
vt 0.0625 0.9375
vt 0.9375 0.9375
vt 0.9375 0.0625
vt 0.0625 0.0625
vt 0.0625 0.9375
vt 0.9375 0.9375
vt 0.9375 0.0625
vt 0.0625 0.0625
vt 0.0625 0.9375
vt 0.9375 0.9375
vt 0.9375 0.0625
vt 0.0625 0.0625
vt 0.0625 0.9375
vt 0.9375 0.9375
vt 0.9375 0.0625
vt 0.0625 0.0625
vt 0.0625 0.9375
vt 0.9375 0.9375
vt 0.9375 0.0625
vt 0.0625 0.0625
vt 0.0625 0.9375
vt 0.9375 0.9375
vt 0.9375 0.0625
vt 0.0625 0.0625
vt 0.0625 0.9375
vt 0.9375 0.9375
vt 0.9375 0.0625
vt 0.0625 0.0625
vt 0.0625 0.9375
vt 0.9375 0.9375
vt 0.9375 0.0625
vt 0.0625 0.0625
vt 0.0625 0.9375
vt 0.9375 0.9375
vt 0.9375 0.0625
vt 0.0625 0.0625
vt 0.0625 0.9375
vt 0.9375 0.9375
vt 0.9375 0.0625
vt 0.0625 0.0625
vt 0.0625 0.9375
vt 0.9375 0.9375
vt 0.9375 0.0625
vt 0.0625 0.0625
vt 0.0625 0.9375
vt 0.9375 0.9375
vt 0.9375 0.0625
vt 0.0625 0.0625
vt 0.0625 0.9375
vt 0.9375 0.9375
vt 0.9375 0.0625
vt 0.0625 0.0625
vt 0.0625 0.9375
vt 0.9375 0.9375
vt 0.9375 0.0625
vt 0.0625 0.0625
vt 0.0625 0.9375
vt 0.9375 0.9375
vt 0.9375 0.0625
vt 0.0625 0.0625
vt 0.0625 0.9375
vt 0.9375 0.9375
vt 0.9375 0.0625
vt 0.0625 0.0625
vt 0.0625 0.9375
vt 0.9375 0.9375
vt 0.9375 0.0625
vt 0.0625 0.9375
vt 0.9375 0.9375
vt 0.9375 0.0625
vt 0.0625 0.9375
vt 0.9375 0.9375
vt 0.9375 0.0625
vt 0.0625 0.9375
vt 0.9375 0.9375
vt 0.9375 0.0625
vt 0.0625 0.9375
vt 0.9375 0.9375
vt 0.9375 0.0625
vt 0.0625 0.9375
vt 0.9375 0.9375
vt 0.9375 0.0625
vt 0.0625 0.9375
vt 0.9375 0.9375
vt 0.9375 0.0625
vt 0.0625 0.9375
vt 0.9375 0.9375
vt 0.9375 0.0625
vt 0.0625 0.9375
vt 0.9375 0.9375
vt 0.9375 0.0625
vt 0.0625 0.9375
vt 0.9375 0.9375
vt 0.9375 0.0625
vt 0.0625 0.9375
vt 0.9375 0.9375
vt 0.9375 0.0625
vt 0.0625 0.9375
vt 0.9375 0.9375
vt 0.9375 0.0625
vt 0.0625 0.9375
vt 0.9375 0.9375
vt 0.9375 0.0625
vt 0.0625 0.9375
vt 0.9375 0.9375
vt 0.9375 0.0625
vt 0.0625 0.9375
vt 0.9375 0.9375
vt 0.9375 0.0625
vt 0.0625 0.9375
vt 0.9375 0.9375
vt 0.9375 0.0625
vt 0.0625 0.9375
vt 0.9375 0.9375
vt 0.9375 0.0625
vt 0.0625 0.0625
vt 0.0625 0.9375
vt 0.9375 0.9375
vt 0.9375 0.0625
vt 0.0625 0.0625
vt 0.0625 0.9375
vt 0.9375 0.9375
vt 0.9375 0.0625
vt 0.0625 0.0625
vt 0.0625 0.9375
vt 0.9375 0.9375
vt 0.9375 0.0625
vt 0.0625 0.0625
vt 0.0625 0.9375
vt 0.9375 0.9375
vt 0.9375 0.0625
vt 0.0625 0.0625
vt 0.0625 0.9375
vt 0.9375 0.9375
vt 0.9375 0.0625
vt 0.0625 0.0625
vt 0.0625 0.9375
vt 0.9375 0.9375
vt 0.9375 0.0625
vt 0.0625 0.0625
vt 0.0625 0.9375
vt 0.9375 0.9375
vt 0.9375 0.0625
vt 0.0625 0.0625
vt 0.0625 0.9375
vt 0.9375 0.9375
vt 0.9375 0.0625
vt 0.0625 0.0625
vt 0.0625 0.9375
vt 0.9375 0.9375
vt 0.9375 0.0625
vt 0.0625 0.0625
vt 0.0625 0.9375
vt 0.9375 0.9375
vt 0.9375 0.0625
vt 0.0625 0.0625
vt 0.0625 0.9375
vt 0.9375 0.9375
vt 0.9375 0.0625
vt 0.0625 0.0625
vt 0.0625 0.9375
vt 0.9375 0.9375
vt 0.9375 0.0625
vt 0.0625 0.0625
vt 0.0625 0.9375
vt 0.9375 0.9375
vt 0.9375 0.0625
vt 0.0625 0.0625
vt 0.0625 0.9375
vt 0.9375 0.9375
vt 0.9375 0.0625
vt 0.0625 0.0625
vt 0.0625 0.9375
vt 0.9375 0.9375
vt 0.9375 0.0625
vt 0.0625 0.0625
vt 0.0625 0.9375
vt 0.9375 0.9375
vt 0.9375 0.0625
vt 0.0625 0.0625
vt 0.0625 0.9375
vt 0.9375 0.9375
vt 0.9375 0.0625
vt 0.0625 0.0625
vt 0.0625 0.9375
vt 0.9375 0.9375
vt 0.9375 0.0625
vt 0.0625 0.0625
vt 0.0625 0.9375
vt 0.9375 0.9375
vt 0.9375 0.0625
vt 0.0625 0.0625
vt 0.0625 0.9375
vt 0.9375 0.9375
vt 0.9375 0.0625
vt 0.0625 0.0625
vt 0.0625 0.9375
vt 0.9375 0.9375
vt 0.9375 0.0625
vt 0.0625 0.0625
vt 0.0625 0.9375
vt 0.9375 0.9375
vt 0.9375 0.0625
vt 0.0625 0.0625
vt 0.0625 0.9375
vt 0.9375 0.9375
vt 0.9375 0.0625
vt 0.0625 0.0625
vt 0.0625 0.9375
vt 0.9375 0.9375
vt 0.9375 0.0625
vt 0.0625 0.9375
vt 0.9375 0.9375
vt 0.9375 0.0625
vt 0.0625 0.9375
vt 0.9375 0.9375
vt 0.9375 0.0625
vt 0.0625 0.9375
vt 0.9375 0.9375
vt 0.9375 0.0625
vt 0.0625 0.9375
vt 0.9375 0.9375
vt 0.9375 0.0625
vt 0.0625 0.9375
vt 0.9375 0.9375
vt 0.9375 0.0625
vt 0.0625 0.9375
vt 0.9375 0.9375
vt 0.9375 0.0625
vt 0.0625 0.9375
vt 0.9375 0.9375
vt 0.9375 0.0625
vt 0.0625 0.9375
vt 0.9375 0.9375
vt 0.9375 0.0625
vt 0.0625 0.9375
vt 0.9375 0.9375
vt 0.9375 0.0625
vt 0.0625 0.9375
vt 0.9375 0.9375
vt 0.9375 0.0625
vt 0.0625 0.9375
vt 0.9375 0.9375
vt 0.9375 0.0625
vt 0.0625 0.9375
vt 0.9375 0.9375
vt 0.9375 0.0625
vt 0.0625 0.9375
vt 0.9375 0.9375
vt 0.9375 0.0625
vt 0.0625 0.9375
vt 0.9375 0.9375
vt 0.9375 0.0625
vt 0.0625 0.9375
vt 0.9375 0.9375
vt 0.9375 0.0625
vt 0.0625 0.9375
vt 0.9375 0.9375
vt 0.9375 0.0625
vt 0.0625 0.0625
vt 0.0625 0.9375
vt 0.9375 0.9375
vt 0.9375 0.0625
vt 0.0625 0.0625
vt 0.0625 0.9375
vt 0.9375 0.9375
vt 0.9375 0.0625
vt 0.0625 0.0625
vt 0.0625 0.9375
vt 0.9375 0.9375
vt 0.9375 0.0625
vt 0.0625 0.0625
vt 0.0625 0.9375
vt 0.9375 0.9375
vt 0.9375 0.0625
vt 0.0625 0.0625
vt 0.0625 0.9375
vt 0.9375 0.9375
vt 0.9375 0.0625
vt 0.0625 0.0625
vt 0.0625 0.9375
vt 0.9375 0.9375
vt 0.9375 0.0625
vt 0.0625 0.0625
vt 0.0625 0.9375
vt 0.9375 0.9375
vt 0.9375 0.0625
vt 0.0625 0.0625
vt 0.0625 0.9375
vt 0.9375 0.9375
vt 0.9375 0.0625
vt 0.0625 0.0625
vt 0.0625 0.9375
vt 0.9375 0.9375
vt 0.9375 0.0625
vt 0.0625 0.0625
vt 0.0625 0.9375
vt 0.9375 0.9375
vt 0.9375 0.0625
vt 0.0625 0.0625
vt 0.0625 0.9375
vt 0.9375 0.9375
vt 0.9375 0.0625
vt 0.0625 0.0625
vt 0.0625 0.9375
vt 0.9375 0.9375
vt 0.9375 0.0625
vt 0.0625 0.0625
vt 0.0625 0.9375
vt 0.9375 0.9375
vt 0.9375 0.0625
vt 0.0625 0.0625
vt 0.0625 0.9375
vt 0.9375 0.9375
vt 0.9375 0.0625
vt 0.0625 0.0625
vt 0.0625 0.9375
vt 0.9375 0.9375
vt 0.9375 0.0625
vt 0.0625 0.0625
vt 0.0625 0.9375
vt 0.9375 0.9375
vt 0.9375 0.0625
vt 0.0625 0.0625
vt 0.0625 0.9375
vt 0.9375 0.9375
vt 0.9375 0.0625
vt 0.0625 0.0625
vt 0.0625 0.9375
vt 0.9375 0.9375
vt 0.9375 0.0625
vt 0.0625 0.0625
vt 0.0625 0.9375
vt 0.9375 0.9375
vt 0.9375 0.0625
vt 0.0625 0.0625
vt 0.0625 0.9375
vt 0.9375 0.9375
vt 0.9375 0.0625
vt 0.0625 0.0625
vt 0.0625 0.9375
vt 0.9375 0.9375
vt 0.9375 0.0625
vt 0.0625 0.0625
vt 0.0625 0.9375
vt 0.9375 0.9375
vt 0.9375 0.0625
vt 0.0625 0.0625
vt 0.0625 0.9375
vt 0.9375 0.9375
vt 0.9375 0.0625
vt 0.0625 0.0625
vt 0.0625 0.9375
vt 0.9375 0.9375
vt 0.9375 0.0625
vt 0.0625 0.9375
vt 0.9375 0.9375
vt 0.9375 0.0625
vt 0.0625 0.9375
vt 0.9375 0.9375
vt 0.9375 0.0625
vt 0.0625 0.9375
vt 0.9375 0.9375
vt 0.9375 0.0625
vt 0.0625 0.9375
vt 0.9375 0.9375
vt 0.9375 0.0625
vt 0.0625 0.9375
vt 0.9375 0.9375
vt 0.9375 0.0625
vt 0.0625 0.9375
vt 0.9375 0.9375
vt 0.9375 0.0625
vt 0.0625 0.9375
vt 0.9375 0.9375
vt 0.9375 0.0625
vt 0.0625 0.9375
vt 0.9375 0.9375
vt 0.9375 0.0625
vt 0.0625 0.9375
vt 0.9375 0.9375
vt 0.9375 0.0625
vt 0.0625 0.9375
vt 0.9375 0.9375
vt 0.9375 0.0625
vt 0.0625 0.9375
vt 0.9375 0.9375
vt 0.9375 0.0625
vt 0.0625 0.9375
vt 0.9375 0.9375
vt 0.9375 0.0625
vt 0.0625 0.9375
vt 0.9375 0.9375
vt 0.9375 0.0625
vt 0.0625 0.9375
vt 0.9375 0.9375
vt 0.9375 0.0625
vt 0.0625 0.9375
vt 0.9375 0.9375
vt 0.9375 0.0625
vt 0.0625 0.9375
vt 0.9375 0.9375
vt 0.9375 0.0625
vt 0.0625 0.0625
vt 0.0625 0.9375
vt 0.9375 0.9375
vt 0.9375 0.0625
vt 0.0625 0.0625
vt 0.0625 0.9375
vt 0.9375 0.9375
vt 0.9375 0.0625
vt 0.0625 0.0625
vt 0.0625 0.9375
vt 0.9375 0.9375
vt 0.9375 0.0625
vt 0.0625 0.0625
vt 0.0625 0.9375
vt 0.9375 0.9375
vt 0.9375 0.0625
vt 0.0625 0.0625
vt 0.0625 0.9375
vt 0.9375 0.9375
vt 0.9375 0.0625
vt 0.0625 0.0625
vt 0.0625 0.9375
vt 0.9375 0.9375
vt 0.9375 0.0625
vt 0.0625 0.0625
vt 0.0625 0.9375
vt 0.9375 0.9375
vt 0.9375 0.0625
vt 0.0625 0.0625
vt 0.0625 0.9375
vt 0.9375 0.9375
vt 0.9375 0.0625
vt 0.0625 0.0625
vt 0.0625 0.9375
vt 0.9375 0.9375
vt 0.9375 0.0625
vt 0.0625 0.0625
vt 0.0625 0.9375
vt 0.9375 0.9375
vt 0.9375 0.0625
vt 0.0625 0.0625
vt 0.0625 0.9375
vt 0.9375 0.9375
vt 0.9375 0.0625
vt 0.0625 0.0625
vt 0.0625 0.9375
vt 0.9375 0.9375
vt 0.9375 0.0625
vt 0.0625 0.0625
vt 0.0625 0.9375
vt 0.9375 0.9375
vt 0.9375 0.0625
vt 0.0625 0.0625
vt 0.0625 0.9375
vt 0.9375 0.9375
vt 0.9375 0.0625
vt 0.0625 0.0625
vt 0.0625 0.9375
vt 0.9375 0.9375
vt 0.9375 0.0625
vt 0.0625 0.0625
vt 0.0625 0.9375
vt 0.9375 0.9375
vt 0.9375 0.0625
vt 0.0625 0.0625
vt 0.0625 0.9375
vt 0.9375 0.9375
vt 0.9375 0.0625
vt 0.0625 0.0625
vt 0.0625 0.9375
vt 0.9375 0.9375
vt 0.9375 0.0625
vt 0.0625 0.0625
vt 0.0625 0.9375
vt 0.9375 0.9375
vt 0.9375 0.0625
vt 0.0625 0.0625
vt 0.0625 0.9375
vt 0.9375 0.9375
vt 0.9375 0.0625
vt 0.0625 0.0625
vt 0.0625 0.9375
vt 0.9375 0.9375
vt 0.9375 0.0625
vt 0.0625 0.0625
vt 0.0625 0.9375
vt 0.9375 0.9375
vt 0.9375 0.0625
vt 0.0625 0.0625
vt 0.0625 0.9375
vt 0.9375 0.9375
vt 0.9375 0.0625
vt 0.0625 0.0625
vt 0.0625 0.9375
vt 0.9375 0.9375
vt 0.9375 0.0625
vt 0.0625 0.9375
vt 0.9375 0.9375
vt 0.9375 0.0625
vt 0.0625 0.9375
vt 0.9375 0.9375
vt 0.9375 0.0625
vt 0.0625 0.9375
vt 0.9375 0.9375
vt 0.9375 0.0625
vt 0.0625 0.9375
vt 0.9375 0.9375
vt 0.9375 0.0625
vt 0.0625 0.9375
vt 0.9375 0.9375
vt 0.9375 0.0625
vt 0.0625 0.9375
vt 0.9375 0.9375
vt 0.9375 0.0625
vt 0.0625 0.9375
vt 0.9375 0.9375
vt 0.9375 0.0625
vt 0.0625 0.9375
vt 0.9375 0.9375
vt 0.9375 0.0625
vt 0.0625 0.9375
vt 0.9375 0.9375
vt 0.9375 0.0625
vt 0.0625 0.9375
vt 0.9375 0.9375
vt 0.9375 0.0625
vt 0.0625 0.9375
vt 0.9375 0.9375
vt 0.9375 0.0625
vt 0.0625 0.9375
vt 0.9375 0.9375
vt 0.9375 0.0625
vt 0.0625 0.9375
vt 0.9375 0.9375
vt 0.9375 0.0625
vt 0.0625 0.9375
vt 0.9375 0.9375
vt 0.9375 0.0625
vt 0.0625 0.9375
vt 0.9375 0.9375
vt 0.9375 0.0625
vt 0.0625 0.9375
vt 0.9375 0.9375
vt 0.9375 0.0625
vt 0.0625 0.0625
vt 0.0625 0.9375
vt 0.9375 0.9375
vt 0.9375 0.0625
vt 0.0625 0.0625
vt 0.0625 0.9375
vt 0.9375 0.9375
vt 0.9375 0.0625
vt 0.0625 0.0625
vt 0.0625 0.9375
vt 0.9375 0.9375
vt 0.9375 0.0625
vt 0.0625 0.0625
vt 0.0625 0.9375
vt 0.9375 0.9375
vt 0.9375 0.0625
vt 0.0625 0.0625
vt 0.0625 0.9375
vt 0.9375 0.9375
vt 0.9375 0.0625
vt 0.0625 0.0625
vt 0.0625 0.9375
vt 0.9375 0.9375
vt 0.9375 0.0625
vt 0.0625 0.0625
vt 0.0625 0.9375
vt 0.9375 0.9375
vt 0.9375 0.0625
vt 0.0625 0.0625
vt 0.0625 0.9375
vt 0.9375 0.9375
vt 0.9375 0.0625
vt 0.0625 0.0625
vt 0.0625 0.9375
vt 0.9375 0.9375
vt 0.9375 0.0625
vt 0.0625 0.0625
vt 0.0625 0.9375
vt 0.9375 0.9375
vt 0.9375 0.0625
vt 0.0625 0.0625
vt 0.0625 0.9375
vt 0.9375 0.9375
vt 0.9375 0.0625
vt 0.0625 0.0625
vt 0.0625 0.9375
vt 0.9375 0.9375
vt 0.9375 0.0625
vt 0.0625 0.0625
vt 0.0625 0.9375
vt 0.9375 0.9375
vt 0.9375 0.0625
vt 0.0625 0.0625
vt 0.0625 0.9375
vt 0.9375 0.9375
vt 0.9375 0.0625
vt 0.0625 0.0625
vt 0.0625 0.9375
vt 0.9375 0.9375
vt 0.9375 0.0625
vt 0.0625 0.0625
vt 0.0625 0.9375
vt 0.9375 0.9375
vt 0.9375 0.0625
vt 0.0625 0.0625
vt 0.0625 0.9375
vt 0.9375 0.9375
vt 0.9375 0.0625
vt 0.0625 0.0625
vt 0.0625 0.9375
vt 0.9375 0.9375
vt 0.9375 0.0625
vt 0.0625 0.0625
vt 0.0625 0.9375
vt 0.9375 0.9375
vt 0.9375 0.0625
vt 0.0625 0.0625
vt 0.0625 0.9375
vt 0.9375 0.9375
vt 0.9375 0.0625
vt 0.0625 0.0625
vt 0.0625 0.9375
vt 0.9375 0.9375
vt 0.9375 0.0625
vt 0.0625 0.0625
vt 0.0625 0.9375
vt 0.9375 0.9375
vt 0.9375 0.0625
vt 0.0625 0.0625
vt 0.0625 0.9375
vt 0.9375 0.9375
vt 0.9375 0.0625
vt 0.0625 0.0625
vt 0.0625 0.9375
vt 0.9375 0.9375
vt 0.9375 0.0625
vt 0.0625 0.9375
vt 0.9375 0.9375
vt 0.9375 0.0625
vt 0.0625 0.9375
vt 0.9375 0.9375
vt 0.9375 0.0625
vt 0.0625 0.9375
vt 0.9375 0.9375
vt 0.9375 0.0625
vt 0.0625 0.9375
vt 0.9375 0.9375
vt 0.9375 0.0625
vt 0.0625 0.9375
vt 0.9375 0.9375
vt 0.9375 0.0625
vt 0.0625 0.9375
vt 0.9375 0.9375
vt 0.9375 0.0625
vt 0.0625 0.9375
vt 0.9375 0.9375
vt 0.9375 0.0625
vt 0.0625 0.9375
vt 0.9375 0.9375
vt 0.9375 0.0625
vt 0.0625 0.9375
vt 0.9375 0.9375
vt 0.9375 0.0625
vt 0.0625 0.9375
vt 0.9375 0.9375
vt 0.9375 0.0625
vt 0.0625 0.9375
vt 0.9375 0.9375
vt 0.9375 0.0625
vt 0.0625 0.9375
vt 0.9375 0.9375
vt 0.9375 0.0625
vt 0.0625 0.9375
vt 0.9375 0.9375
vt 0.9375 0.0625
vt 0.0625 0.9375
vt 0.9375 0.9375
vt 0.9375 0.0625
vt 0.0625 0.9375
vt 0.9375 0.9375
vt 0.9375 0.0625
vt 0.0625 0.9375
vt 0.9375 0.9375
vt 0.9375 0.0625
vt 0.0625 0.0625
vt 0.0625 0.9375
vt 0.9375 0.9375
vt 0.9375 0.0625
vt 0.0625 0.0625
vt 0.0625 0.9375
vt 0.9375 0.9375
vt 0.9375 0.0625
vt 0.0625 0.0625
vt 0.0625 0.9375
vt 0.9375 0.9375
vt 0.9375 0.0625
vt 0.0625 0.0625
vt 0.0625 0.9375
vt 0.9375 0.9375
vt 0.9375 0.0625
vt 0.0625 0.0625
vt 0.0625 0.9375
vt 0.9375 0.9375
vt 0.9375 0.0625
vt 0.0625 0.0625
vt 0.0625 0.9375
vt 0.9375 0.9375
vt 0.9375 0.0625
vt 0.0625 0.0625
vt 0.0625 0.9375
vt 0.9375 0.9375
vt 0.9375 0.0625
vt 0.0625 0.0625
vt 0.0625 0.9375
vt 0.9375 0.9375
vt 0.9375 0.0625
vt 0.0625 0.0625
vt 0.0625 0.9375
vt 0.9375 0.9375
vt 0.9375 0.0625
vt 0.0625 0.0625
vt 0.0625 0.9375
vt 0.9375 0.9375
vt 0.9375 0.0625
vt 0.0625 0.0625
vt 0.0625 0.9375
vt 0.9375 0.9375
vt 0.9375 0.0625
vt 0.0625 0.0625
vt 0.0625 0.9375
vt 0.9375 0.9375
vt 0.9375 0.0625
vt 0.0625 0.0625
vt 0.0625 0.9375
vt 0.9375 0.9375
vt 0.9375 0.0625
vt 0.0625 0.0625
vt 0.0625 0.9375
vt 0.9375 0.9375
vt 0.9375 0.0625
vt 0.0625 0.0625
vt 0.0625 0.9375
vt 0.9375 0.9375
vt 0.9375 0.0625
vt 0.0625 0.0625
vt 0.0625 0.9375
vt 0.9375 0.9375
vt 0.9375 0.0625
vt 0.0625 0.0625
vt 0.0625 0.9375
vt 0.9375 0.9375
vt 0.9375 0.0625
vt 0.0625 0.0625
vt 0.0625 0.9375
vt 0.9375 0.9375
vt 0.9375 0.0625
vt 0.0625 0.0625
vt 0.0625 0.9375
vt 0.9375 0.9375
vt 0.9375 0.0625
vt 0.0625 0.0625
vt 0.0625 0.9375
vt 0.9375 0.9375
vt 0.9375 0.0625
vt 0.0625 0.0625
vt 0.0625 0.9375
vt 0.9375 0.9375
vt 0.9375 0.0625
vt 0.0625 0.0625
vt 0.0625 0.9375
vt 0.9375 0.9375
vt 0.9375 0.0625
vt 0.0625 0.0625
vt 0.0625 0.9375
vt 0.9375 0.9375
vt 0.9375 0.0625
vt 0.0625 0.0625
vt 0.0625 0.9375
vt 0.9375 0.9375
vt 0.9375 0.0625
vt 0.0625 0.9375
vt 0.9375 0.9375
vt 0.9375 0.0625
vt 0.0625 0.9375
vt 0.9375 0.9375
vt 0.9375 0.0625
vt 0.0625 0.9375
vt 0.9375 0.9375
vt 0.9375 0.0625
vt 0.0625 0.9375
vt 0.9375 0.9375
vt 0.9375 0.0625
vt 0.0625 0.9375
vt 0.9375 0.9375
vt 0.9375 0.0625
vt 0.0625 0.9375
vt 0.9375 0.9375
vt 0.9375 0.0625
vt 0.0625 0.9375
vt 0.9375 0.9375
vt 0.9375 0.0625
vt 0.0625 0.9375
vt 0.9375 0.9375
vt 0.9375 0.0625
vt 0.0625 0.9375
vt 0.9375 0.9375
vt 0.9375 0.0625
vt 0.0625 0.9375
vt 0.9375 0.9375
vt 0.9375 0.0625
vt 0.0625 0.9375
vt 0.9375 0.9375
vt 0.9375 0.0625
vt 0.0625 0.9375
vt 0.9375 0.9375
vt 0.9375 0.0625
vt 0.0625 0.9375
vt 0.9375 0.9375
vt 0.9375 0.0625
vt 0.0625 0.9375
vt 0.9375 0.9375
vt 0.9375 0.0625
vt 0.0625 0.9375
vt 0.9375 0.9375
vt 0.9375 0.0625
vt 0.0625 0.9375
vt 0.9375 0.9375
vt 0.9375 0.0625
vt 0.0625 0.0625
vt 0.0625 0.9375
vt 0.9375 0.9375
vt 0.9375 0.0625
vt 0.0625 0.0625
vt 0.0625 0.9375
vt 0.9375 0.9375
vt 0.9375 0.0625
vt 0.0625 0.0625
vt 0.0625 0.9375
vt 0.9375 0.9375
vt 0.9375 0.0625
vt 0.0625 0.0625
vt 0.0625 0.9375
vt 0.9375 0.9375
vt 0.9375 0.0625
vt 0.0625 0.0625
vt 0.0625 0.9375
vt 0.9375 0.9375
vt 0.9375 0.0625
vt 0.0625 0.0625
vt 0.0625 0.9375
vt 0.9375 0.9375
vt 0.9375 0.0625
vt 0.0625 0.0625
vt 0.0625 0.9375
vt 0.9375 0.9375
vt 0.9375 0.0625
vt 0.0625 0.0625
vt 0.0625 0.9375
vt 0.9375 0.9375
vt 0.9375 0.0625
vt 0.0625 0.0625
vt 0.0625 0.9375
vt 0.9375 0.9375
vt 0.9375 0.0625
vt 0.0625 0.0625
vt 0.0625 0.9375
vt 0.9375 0.9375
vt 0.9375 0.0625
vt 0.0625 0.0625
vt 0.0625 0.9375
vt 0.9375 0.9375
vt 0.9375 0.0625
vt 0.0625 0.0625
vt 0.0625 0.9375
vt 0.9375 0.9375
vt 0.9375 0.0625
vt 0.0625 0.0625
vt 0.0625 0.9375
vt 0.9375 0.9375
vt 0.9375 0.0625
vt 0.0625 0.0625
vt 0.0625 0.9375
vt 0.9375 0.9375
vt 0.9375 0.0625
vt 0.0625 0.0625
vt 0.0625 0.9375
vt 0.9375 0.9375
vt 0.9375 0.0625
vt 0.0625 0.0625
vt 0.0625 0.9375
vt 0.9375 0.9375
vt 0.9375 0.0625
vt 0.0625 0.0625
vt 0.0625 0.9375
vt 0.9375 0.9375
vt 0.9375 0.0625
vt 0.0625 0.0625
vt 0.0625 0.9375
vt 0.9375 0.9375
vt 0.9375 0.0625
vt 0.0625 0.0625
vt 0.0625 0.9375
vt 0.9375 0.9375
vt 0.9375 0.0625
vt 0.0625 0.0625
vt 0.0625 0.9375
vt 0.9375 0.9375
vt 0.9375 0.0625
vt 0.0625 0.0625
vt 0.0625 0.9375
vt 0.9375 0.9375
vt 0.9375 0.0625
vt 0.0625 0.0625
vt 0.0625 0.9375
vt 0.9375 0.9375
vt 0.9375 0.0625
vt 0.0625 0.0625
vt 0.0625 0.9375
vt 0.9375 0.9375
vt 0.9375 0.0625
vt 0.0625 0.0625
vt 0.0625 0.9375
vt 0.9375 0.9375
vt 0.9375 0.0625
vt 0.0625 0.9375
vt 0.9375 0.9375
vt 0.9375 0.0625
vt 0.0625 0.9375
vt 0.9375 0.9375
vt 0.9375 0.0625
vt 0.0625 0.9375
vt 0.9375 0.9375
vt 0.9375 0.0625
vt 0.0625 0.9375
vt 0.9375 0.9375
vt 0.9375 0.0625
vt 0.0625 0.9375
vt 0.9375 0.9375
vt 0.9375 0.0625
vt 0.0625 0.9375
vt 0.9375 0.9375
vt 0.9375 0.0625
vt 0.0625 0.9375
vt 0.9375 0.9375
vt 0.9375 0.0625
vt 0.0625 0.9375
vt 0.9375 0.9375
vt 0.9375 0.0625
vt 0.0625 0.9375
vt 0.9375 0.9375
vt 0.9375 0.0625
vt 0.0625 0.9375
vt 0.9375 0.9375
vt 0.9375 0.0625
vt 0.0625 0.9375
vt 0.9375 0.9375
vt 0.9375 0.0625
vt 0.0625 0.9375
vt 0.9375 0.9375
vt 0.9375 0.0625
vt 0.0625 0.9375
vt 0.9375 0.9375
vt 0.9375 0.0625
vt 0.0625 0.9375
vt 0.9375 0.9375
vt 0.9375 0.0625
vt 0.0625 0.9375
vt 0.9375 0.9375
vt 0.9375 0.0625
vt 0.0625 0.9375
vt 0.9375 0.9375
vt 0.9375 0.0625
vt 0.0625 0.0625
vt 0.0625 0.9375
vt 0.9375 0.9375
vt 0.9375 0.0625
vt 0.0625 0.0625
vt 0.0625 0.9375
vt 0.9375 0.9375
vt 0.9375 0.0625
vt 0.0625 0.0625
vt 0.0625 0.9375
vt 0.9375 0.9375
vt 0.9375 0.0625
vt 0.0625 0.0625
vt 0.0625 0.9375
vt 0.9375 0.9375
vt 0.9375 0.0625
vt 0.0625 0.0625
vt 0.0625 0.9375
vt 0.9375 0.9375
vt 0.9375 0.0625
vt 0.0625 0.0625
vt 0.0625 0.9375
vt 0.9375 0.9375
vt 0.9375 0.0625
vt 0.0625 0.0625
vt 0.0625 0.9375
vt 0.9375 0.9375
vt 0.9375 0.0625
vt 0.0625 0.0625
vt 0.0625 0.9375
vt 0.9375 0.9375
vt 0.9375 0.0625
vt 0.0625 0.0625
vt 0.0625 0.9375
vt 0.9375 0.9375
vt 0.9375 0.0625
vt 0.0625 0.0625
vt 0.0625 0.9375
vt 0.9375 0.9375
vt 0.9375 0.0625
vt 0.0625 0.0625
vt 0.0625 0.9375
vt 0.9375 0.9375
vt 0.9375 0.0625
vt 0.0625 0.0625
vt 0.0625 0.9375
vt 0.9375 0.9375
vt 0.9375 0.0625
vt 0.0625 0.0625
vt 0.0625 0.9375
vt 0.9375 0.9375
vt 0.9375 0.0625
vt 0.0625 0.0625
vt 0.0625 0.9375
vt 0.9375 0.9375
vt 0.9375 0.0625
vt 0.0625 0.0625
vt 0.0625 0.9375
vt 0.9375 0.9375
vt 0.9375 0.0625
vt 0.0625 0.0625
vt 0.0625 0.9375
vt 0.9375 0.9375
vt 0.9375 0.0625
vt 0.0625 0.0625
vt 0.0625 0.9375
vt 0.9375 0.9375
vt 0.9375 0.0625
vt 0.0625 0.0625
vt 0.0625 0.9375
vt 0.9375 0.9375
vt 0.9375 0.0625
vt 0.0625 0.0625
vt 0.0625 0.9375
vt 0.9375 0.9375
vt 0.9375 0.0625
vt 0.0625 0.0625
vt 0.0625 0.9375
vt 0.9375 0.9375
vt 0.9375 0.0625
vt 0.0625 0.0625
vt 0.0625 0.9375
vt 0.9375 0.9375
vt 0.9375 0.0625
vt 0.0625 0.0625
vt 0.0625 0.9375
vt 0.9375 0.9375
vt 0.9375 0.0625
vt 0.0625 0.0625
vt 0.0625 0.9375
vt 0.9375 0.9375
vt 0.9375 0.0625
vt 0.0625 0.0625
vt 0.0625 0.9375
vt 0.9375 0.9375
vt 0.9375 0.0625
vt 0.0625 0.9375
vt 0.9375 0.9375
vt 0.9375 0.0625
vt 0.0625 0.9375
vt 0.9375 0.9375
vt 0.9375 0.0625
vt 0.0625 0.9375
vt 0.9375 0.9375
vt 0.9375 0.0625
vt 0.0625 0.9375
vt 0.9375 0.9375
vt 0.9375 0.0625
vt 0.0625 0.9375
vt 0.9375 0.9375
vt 0.9375 0.0625
vt 0.0625 0.9375
vt 0.9375 0.9375
vt 0.9375 0.0625
vt 0.0625 0.9375
vt 0.9375 0.9375
vt 0.9375 0.0625
vt 0.0625 0.9375
vt 0.9375 0.9375
vt 0.9375 0.0625
vt 0.0625 0.9375
vt 0.9375 0.9375
vt 0.9375 0.0625
vt 0.0625 0.9375
vt 0.9375 0.9375
vt 0.9375 0.0625
vt 0.0625 0.9375
vt 0.9375 0.9375
vt 0.9375 0.0625
vt 0.0625 0.9375
vt 0.9375 0.9375
vt 0.9375 0.0625
vt 0.0625 0.9375
vt 0.9375 0.9375
vt 0.9375 0.0625
vt 0.0625 0.9375
vt 0.9375 0.9375
vt 0.9375 0.0625
vt 0.0625 0.9375
vt 0.9375 0.9375
vt 0.9375 0.0625
vt 0.0625 0.9375
vt 0.9375 0.9375
vt 0.9375 0.0625
vt 0.0625 0.0625
vt 0.0625 0.9375
vt 0.9375 0.9375
vt 0.9375 0.0625
vt 0.0625 0.0625
vt 0.0625 0.9375
vt 0.9375 0.9375
vt 0.9375 0.0625
vt 0.0625 0.0625
vt 0.0625 0.9375
vt 0.9375 0.9375
vt 0.9375 0.0625
vt 0.0625 0.0625
vt 0.0625 0.9375
vt 0.9375 0.9375
vt 0.9375 0.0625
vt 0.0625 0.0625
vt 0.0625 0.9375
vt 0.9375 0.9375
vt 0.9375 0.0625
vt 0.0625 0.0625
vt 0.0625 0.9375
vt 0.9375 0.9375
vt 0.9375 0.0625
vt 0.0625 0.0625
vt 0.0625 0.9375
vt 0.9375 0.9375
vt 0.9375 0.0625
vt 0.0625 0.0625
vt 0.0625 0.9375
vt 0.9375 0.9375
vt 0.9375 0.0625
vt 0.0625 0.0625
vt 0.0625 0.9375
vt 0.9375 0.9375
vt 0.9375 0.0625
vt 0.0625 0.0625
vt 0.0625 0.9375
vt 0.9375 0.9375
vt 0.9375 0.0625
vt 0.0625 0.0625
vt 0.0625 0.9375
vt 0.9375 0.9375
vt 0.9375 0.0625
vt 0.0625 0.0625
vt 0.0625 0.9375
vt 0.9375 0.9375
vt 0.9375 0.0625
vt 0.0625 0.0625
vt 0.0625 0.9375
vt 0.9375 0.9375
vt 0.9375 0.0625
vt 0.0625 0.0625
vt 0.0625 0.9375
vt 0.9375 0.9375
vt 0.9375 0.0625
vt 0.0625 0.0625
vt 0.0625 0.9375
vt 0.9375 0.9375
vt 0.9375 0.0625
vt 0.0625 0.0625
vt 0.0625 0.9375
vt 0.9375 0.9375
vt 0.9375 0.0625
vt 0.0625 0.0625
vt 0.0625 0.9375
vt 0.9375 0.9375
vt 0.9375 0.0625
vt 0.0625 0.0625
vt 0.0625 0.9375
vt 0.9375 0.9375
vt 0.9375 0.0625
vt 0.0625 0.0625
vt 0.0625 0.9375
vt 0.9375 0.9375
vt 0.9375 0.0625
vt 0.0625 0.0625
vt 0.0625 0.9375
vt 0.9375 0.9375
vt 0.9375 0.0625
vt 0.0625 0.0625
vt 0.0625 0.9375
vt 0.9375 0.9375
vt 0.9375 0.0625
vt 0.0625 0.0625
vt 0.0625 0.9375
vt 0.9375 0.9375
vt 0.9375 0.0625
vt 0.0625 0.0625
vt 0.0625 0.9375
vt 0.9375 0.9375
vt 0.9375 0.0625
vt 0.0625 0.0625
vt 0.0625 0.9375
vt 0.9375 0.9375
vt 0.9375 0.0625
vt 0.0625 0.9375
vt 0.9375 0.9375
vt 0.9375 0.0625
vt 0.0625 0.9375
vt 0.9375 0.9375
vt 0.9375 0.0625
vt 0.0625 0.9375
vt 0.9375 0.9375
vt 0.9375 0.0625
vt 0.0625 0.9375
vt 0.9375 0.9375
vt 0.9375 0.0625
vt 0.0625 0.9375
vt 0.9375 0.9375
vt 0.9375 0.0625
vt 0.0625 0.9375
vt 0.9375 0.9375
vt 0.9375 0.0625
vt 0.0625 0.9375
vt 0.9375 0.9375
vt 0.9375 0.0625
vt 0.0625 0.9375
vt 0.9375 0.9375
vt 0.9375 0.0625
vt 0.0625 0.9375
vt 0.9375 0.9375
vt 0.9375 0.0625
vt 0.0625 0.9375
vt 0.9375 0.9375
vt 0.9375 0.0625
vt 0.0625 0.9375
vt 0.9375 0.9375
vt 0.9375 0.0625
vt 0.0625 0.9375
vt 0.9375 0.9375
vt 0.9375 0.0625
vt 0.0625 0.9375
vt 0.9375 0.9375
vt 0.9375 0.0625
vt 0.0625 0.9375
vt 0.9375 0.9375
vt 0.9375 0.0625
vt 0.0625 0.9375
vt 0.9375 0.9375
vt 0.9375 0.0625
vt 0.0625 0.9375
vt 0.9375 0.9375
vt 0.9375 0.0625
vt 0.0625 0.0625
vt 0.0625 0.9375
vt 0.9375 0.9375
vt 0.9375 0.0625
vt 0.0625 0.0625
vt 0.0625 0.9375
vt 0.9375 0.9375
vt 0.9375 0.0625
vt 0.0625 0.0625
vt 0.0625 0.9375
vt 0.9375 0.9375
vt 0.9375 0.0625
vt 0.0625 0.0625
vt 0.0625 0.9375
vt 0.9375 0.9375
vt 0.9375 0.0625
vt 0.0625 0.0625
vt 0.0625 0.9375
vt 0.9375 0.9375
vt 0.9375 0.0625
vt 0.0625 0.0625
vt 0.0625 0.9375
vt 0.9375 0.9375
vt 0.9375 0.0625
vt 0.0625 0.0625
vt 0.0625 0.9375
vt 0.9375 0.9375
vt 0.9375 0.0625
vt 0.0625 0.0625
vt 0.0625 0.9375
vt 0.9375 0.9375
vt 0.9375 0.0625
vt 0.0625 0.0625
vt 0.0625 0.9375
vt 0.9375 0.9375
vt 0.9375 0.0625
vt 0.0625 0.0625
vt 0.0625 0.9375
vt 0.9375 0.9375
vt 0.9375 0.0625
vt 0.0625 0.0625
vt 0.0625 0.9375
vt 0.9375 0.9375
vt 0.9375 0.0625
vt 0.0625 0.0625
vt 0.0625 0.9375
vt 0.9375 0.9375
vt 0.9375 0.0625
vt 0.0625 0.0625
vt 0.0625 0.9375
vt 0.9375 0.9375
vt 0.9375 0.0625
vt 0.0625 0.0625
vt 0.0625 0.9375
vt 0.9375 0.9375
vt 0.9375 0.0625
vt 0.0625 0.0625
vt 0.0625 0.9375
vt 0.9375 0.9375
vt 0.9375 0.0625
vt 0.0625 0.0625
vt 0.0625 0.9375
vt 0.9375 0.9375
vt 0.9375 0.0625
vt 0.0625 0.0625
vt 0.0625 0.9375
vt 0.9375 0.9375
vt 0.9375 0.0625
vt 0.0625 0.0625
vt 0.0625 0.9375
vt 0.9375 0.9375
vt 0.9375 0.0625
vt 0.0625 0.0625
vt 0.0625 0.9375
vt 0.9375 0.9375
vt 0.9375 0.0625
vt 0.0625 0.0625
vt 0.0625 0.9375
vt 0.9375 0.9375
vt 0.9375 0.0625
vt 0.0625 0.0625
vt 0.0625 0.9375
vt 0.9375 0.9375
vt 0.9375 0.0625
vt 0.0625 0.0625
vt 0.0625 0.9375
vt 0.9375 0.9375
vt 0.9375 0.0625
vt 0.0625 0.0625
vt 0.0625 0.9375
vt 0.9375 0.9375
vt 0.9375 0.0625
vt 0.0625 0.0625
vt 0.0625 0.9375
vt 0.9375 0.9375
vt 0.9375 0.0625
vt 0.0625 0.9375
vt 0.9375 0.9375
vt 0.9375 0.0625
vt 0.0625 0.9375
vt 0.9375 0.9375
vt 0.9375 0.0625
vt 0.0625 0.9375
vt 0.9375 0.9375
vt 0.9375 0.0625
vt 0.0625 0.9375
vt 0.9375 0.9375
vt 0.9375 0.0625
vt 0.0625 0.9375
vt 0.9375 0.9375
vt 0.9375 0.0625
vt 0.0625 0.9375
vt 0.9375 0.9375
vt 0.9375 0.0625
vt 0.0625 0.9375
vt 0.9375 0.9375
vt 0.9375 0.0625
vt 0.0625 0.9375
vt 0.9375 0.9375
vt 0.9375 0.0625
vt 0.0625 0.9375
vt 0.9375 0.9375
vt 0.9375 0.0625
vt 0.0625 0.9375
vt 0.9375 0.9375
vt 0.9375 0.0625
vt 0.0625 0.9375
vt 0.9375 0.9375
vt 0.9375 0.0625
vt 0.0625 0.9375
vt 0.9375 0.9375
vt 0.9375 0.0625
vt 0.0625 0.9375
vt 0.9375 0.9375
vt 0.9375 0.0625
vt 0.0625 0.9375
vt 0.9375 0.9375
vt 0.9375 0.0625
vt 0.0625 0.9375
vt 0.9375 0.9375
vt 0.9375 0.0625
vn 0 -0.707106781 -0.707106781
vn 0.577350269 -0.577350269 -0.577350269
vn 0.707106781 -0.707106781 0
vn 0.577350269 -0.577350269 0.577350269
vn 0 -0.707106781 0.707106781
vn -0.577350269 -0.577350269 0.577350269
vn -0.707106781 -0.707106781 0
vn -0.577350269 -0.577350269 -0.577350269
vn 0 0 -1
vn 0.707106781 0 -0.707106781
vn 1 0 0
vn 0.707106781 0 0.707106781
vn 0 0 1
vn -0.707106781 0 0.707106781
vn -1 0 0
vn -0.707106781 0 -0.707106781
vn 0 0.707106781 -0.707106781
vn 0.577350269 0.577350269 -0.577350269
vn 0.707106781 0.707106781 0
vn 0.577350269 0.577350269 0.577350269
vn 0 0.707106781 0.707106781
vn -0.577350269 0.577350269 0.577350269
vn -0.707106781 0.707106781 0
vn -0.577350269 0.577350269 -0.577350269
vn 0 -1 0
vn 0 1 1.50948066e-17
vn 0 -1 0
vn -8.19050553e-18 1 8.19050553e-18
vn 0 -1 0
vn -1.53557818e-17 1 0
vn 0 -1 0
vn -8.19050553e-18 1 -8.19050553e-18
vn 0 -1 0
vn 0 1 -1.50948066e-17
vn 0 -1 0
vn 8.19050553e-18 1 -8.19050553e-18
vn 0 -1 0
vn 1.53557818e-17 1 0
vn 0 -1 0
vn 8.19050553e-18 1 8.19050553e-18
vn 0 -0.707106781 -0.707106781
vn 0.577350269 -0.577350269 -0.577350269
vn 0.707106781 -0.707106781 0
vn 0.577350269 -0.577350269 0.577350269
vn 0 -0.707106781 0.707106781
vn -0.577350269 -0.577350269 0.577350269
vn -0.707106781 -0.707106781 0
vn -0.577350269 -0.577350269 -0.577350269
vn 0 0 -1
vn 0.707106781 0 -0.707106781
vn 1 0 0
vn 0.707106781 0 0.707106781
vn 0 0 1
vn -0.707106781 0 0.707106781
vn -1 0 0
vn -0.707106781 0 -0.707106781
vn 0 0.707106781 -0.707106781
vn 0.577350269 0.577350269 -0.577350269
vn 0.707106781 0.707106781 0
vn 0.577350269 0.577350269 0.577350269
vn 0 0.707106781 0.707106781
vn -0.577350269 0.577350269 0.577350269
vn -0.707106781 0.707106781 0
vn -0.577350269 0.577350269 -0.577350269
vn 0 -1 7.52693576e-18
vn 0 1 -1.20430972e-16
vn -4.10433651e-18 -1 4.10433651e-18
vn 6.56693841e-17 1 -6.56693841e-17
vn -7.60426729e-18 -1 0
vn 1.21668277e-16 1 0
vn -4.10433651e-18 -1 -4.10433651e-18
vn 6.56693841e-17 1 6.56693841e-17
vn 0 -1 -7.52693576e-18
vn 0 1 1.20430972e-16
vn 4.10433651e-18 -1 -4.10433651e-18
vn -6.56693841e-17 1 6.56693841e-17
vn 7.60426729e-18 -1 0
vn -1.21668277e-16 1 0
vn 4.10433651e-18 -1 4.10433651e-18
vn -6.56693841e-17 1 -6.56693841e-17
vn 0 -0.707106781 -0.707106781
vn 0.577350269 -0.577350269 -0.577350269
vn 0.707106781 -0.707106781 0
vn 0.577350269 -0.577350269 0.577350269
vn 0 -0.707106781 0.707106781
vn -0.577350269 -0.577350269 0.577350269
vn -0.707106781 -0.707106781 0
vn -0.577350269 -0.577350269 -0.577350269
vn 0 0 -1
vn 0.707106781 0 -0.707106781
vn 1 0 0
vn 0.707106781 0 0.707106781
vn 0 0 1
vn -0.707106781 0 0.707106781
vn -1 0 0
vn -0.707106781 0 -0.707106781
vn 0 0.707106781 -0.707106781
vn 0.577350269 0.577350269 -0.577350269
vn 0.707106781 0.707106781 0
vn 0.577350269 0.577350269 0.577350269
vn 0 0.707106781 0.707106781
vn -0.577350269 0.577350269 0.577350269
vn -0.707106781 0.707106781 0
vn -0.577350269 0.577350269 -0.577350269
vn 0 -1 0
vn 0 1 0
vn 0 -1 0
vn 0 1 0
vn 0 -1 0
vn 0 1 0
vn 0 -1 0
vn 0 1 0
vn 0 -1 0
vn 0 1 0
vn 0 -1 0
vn 0 1 0
vn 0 -1 0
vn 0 1 0
vn 0 -1 0
vn 0 1 0
vn 0.685940558 -0.704062592 0.183797218
vn 0.614997479 -0.704062592 0.35506896
vn 0.502143339 -0.704062592 0.502143339
vn 0.35506896 -0.704062592 0.614997479
vn 0.183797218 -0.704062592 0.685940558
vn 0 -0.704062592 0.710137921
vn -0.183797218 -0.704062592 0.685940558
vn -0.35506896 -0.704062592 0.614997479
vn -0.502143339 -0.704062592 0.502143339
vn -0.614997479 -0.704062592 0.35506896
vn -0.685940558 -0.704062592 0.183797218
vn -0.710137921 -0.704062592 0
vn -0.685940558 -0.704062592 -0.183797218
vn -0.614997479 -0.704062592 -0.35506896
vn -0.502143339 -0.704062592 -0.502143339
vn -0.35506896 -0.704062592 -0.614997479
vn -0.183797218 -0.704062592 -0.685940558
vn 0 -0.704062592 -0.710137921
vn 0.183797218 -0.704062592 -0.685940558
vn 0.35506896 -0.704062592 -0.614997479
vn 0.502143339 -0.704062592 -0.502143339
vn 0.614997479 -0.704062592 -0.35506896
vn 0.685940558 -0.704062592 -0.183797218
vn 0.710137921 -0.704062592 0
vn 0.965925826 0 0.258819045
vn 0.866025404 0 0.5
vn 0.707106781 0 0.707106781
vn 0.5 0 0.866025404
vn 0.258819045 0 0.965925826
vn 0 0 1
vn -0.258819045 0 0.965925826
vn -0.5 0 0.866025404
vn -0.707106781 0 0.707106781
vn -0.866025404 0 0.5
vn -0.965925826 0 0.258819045
vn -1 0 0
vn -0.965925826 0 -0.258819045
vn -0.866025404 0 -0.5
vn -0.707106781 0 -0.707106781
vn -0.5 0 -0.866025404
vn -0.258819045 0 -0.965925826
vn 0 0 -1
vn 0.258819045 0 -0.965925826
vn 0.5 0 -0.866025404
vn 0.707106781 0 -0.707106781
vn 0.866025404 0 -0.5
vn 0.965925826 0 -0.258819045
vn 1 0 0
vn 0.685940558 0.704062592 0.183797218
vn 0.614997479 0.704062592 0.35506896
vn 0.502143339 0.704062592 0.502143339
vn 0.35506896 0.704062592 0.614997479
vn 0.183797218 0.704062592 0.685940558
vn 0 0.704062592 0.710137921
vn -0.183797218 0.704062592 0.685940558
vn -0.35506896 0.704062592 0.614997479
vn -0.502143339 0.704062592 0.502143339
vn -0.614997479 0.704062592 0.35506896
vn -0.685940558 0.704062592 0.183797218
vn -0.710137921 0.704062592 0
vn -0.685940558 0.704062592 -0.183797218
vn -0.614997479 0.704062592 -0.35506896
vn -0.502143339 0.704062592 -0.502143339
vn -0.35506896 0.704062592 -0.614997479
vn -0.183797218 0.704062592 -0.685940558
vn 0 0.704062592 -0.710137921
vn 0.183797218 0.704062592 -0.685940558
vn 0.35506896 0.704062592 -0.614997479
vn 0.502143339 0.704062592 -0.502143339
vn 0.614997479 0.704062592 -0.35506896
vn 0.685940558 0.704062592 -0.183797218
vn 0.710137921 0.704062592 0
vn -7.57942234e-16 -1 -2.0309001e-16
vn 2.52647411e-16 1 6.76966699e-17
vn -6.79552417e-16 -1 -3.92339771e-16
vn 2.26517472e-16 1 1.30779924e-16
vn -5.54852225e-16 -1 -5.54852225e-16
vn 1.84950742e-16 1 1.84950742e-16
vn -3.92339771e-16 -1 -6.79552417e-16
vn 1.30779924e-16 1 2.26517472e-16
vn -2.0309001e-16 -1 -7.57942234e-16
vn 6.76966699e-17 1 2.52647411e-16
vn 0 -1 -7.84679541e-16
vn 0 1 2.61559847e-16
vn 2.0309001e-16 -1 -7.57942234e-16
vn -6.76966699e-17 1 2.52647411e-16
vn 3.92339771e-16 -1 -6.79552417e-16
vn -1.30779924e-16 1 2.26517472e-16
vn 5.54852225e-16 -1 -5.54852225e-16
vn -1.84950742e-16 1 1.84950742e-16
vn 6.79552417e-16 -1 -3.92339771e-16
vn -2.26517472e-16 1 1.30779924e-16
vn 7.57942234e-16 -1 -2.0309001e-16
vn -2.52647411e-16 1 6.76966699e-17
vn 7.84679541e-16 -1 0
vn -2.61559847e-16 1 0
vn 7.57942234e-16 -1 2.0309001e-16
vn -2.52647411e-16 1 -6.76966699e-17
vn 6.79552417e-16 -1 3.92339771e-16
vn -2.26517472e-16 1 -1.30779924e-16
vn 5.54852225e-16 -1 5.54852225e-16
vn -1.84950742e-16 1 -1.84950742e-16
vn 3.92339771e-16 -1 6.79552417e-16
vn -1.30779924e-16 1 -2.26517472e-16
vn 2.0309001e-16 -1 7.57942234e-16
vn -6.76966699e-17 1 -2.52647411e-16
vn 0 -1 7.84679541e-16
vn 0 1 -2.61559847e-16
vn -2.0309001e-16 -1 7.57942234e-16
vn 6.76966699e-17 1 -2.52647411e-16
vn -3.92339771e-16 -1 6.79552417e-16
vn 1.30779924e-16 1 -2.26517472e-16
vn -5.54852225e-16 -1 5.54852225e-16
vn 1.84950742e-16 1 -1.84950742e-16
vn -6.79552417e-16 -1 3.92339771e-16
vn 2.26517472e-16 1 -1.30779924e-16
vn -7.57942234e-16 -1 2.0309001e-16
vn 2.52647411e-16 1 -6.76966699e-17
vn -7.84679541e-16 -1 0
vn 2.61559847e-16 1 0
vn 0.965925826 0 0.258819045
vn 0.866025404 0 0.5
vn 0.707106781 0 0.707106781
vn 0.5 0 0.866025404
vn 0.258819045 0 0.965925826
vn 0 0 1
vn -0.258819045 0 0.965925826
vn -0.5 0 0.866025404
vn -0.707106781 0 0.707106781
vn -0.866025404 0 0.5
vn -0.965925826 0 0.258819045
vn -1 0 0
vn -0.965925826 0 -0.258819045
vn -0.866025404 0 -0.5
vn -0.707106781 0 -0.707106781
vn -0.5 0 -0.866025404
vn -0.258819045 0 -0.965925826
vn -4.9741222e-16 0 -1
vn 0.258819045 0 -0.965925826
vn 0.5 0 -0.866025404
vn 0.707106781 0 -0.707106781
vn 0.866025404 0 -0.5
vn 0.965925826 0 -0.258819045
vn 1 0 0
vn 0 1 0
vn 0 1 0
vn 0 1 0
vn 0 1 0
vn 0 1 0
vn 0 1 0
vn 0 1 0
vn 0 1 0
vn 0 1 0
vn 0 1 0
vn 0 1 0
vn 0 1 0
vn 0 1 0
vn 0 1 0
vn 0 1 0
vn 0 1 0
vn 0 1 0
vn 0 1 0
vn 0 1 0
vn 0 1 0
vn 0 1 0
vn 0 1 0
vn 0 1 0
vn 0 1 0
vn -0.965925826 0 -0.258819045
vn -0.866025404 0 -0.5
vn -0.707106781 0 -0.707106781
vn -0.5 0 -0.866025404
vn -0.258819045 0 -0.965925826
vn 0 0 -1
vn 0.258819045 0 -0.965925826
vn 0.5 0 -0.866025404
vn 0.707106781 0 -0.707106781
vn 0.866025404 0 -0.5
vn 0.965925826 0 -0.258819045
vn 1 0 0
vn 0.965925826 0 0.258819045
vn 0.866025404 0 0.5
vn 0.707106781 0 0.707106781
vn 0.5 0 0.866025404
vn 0.258819045 0 0.965925826
vn 0 0 1
vn -0.258819045 0 0.965925826
vn -0.5 0 0.866025404
vn -0.707106781 0 0.707106781
vn -0.866025404 0 0.5
vn -0.965925826 0 0.258819045
vn -1 0 0
vn 0 -1 0
vn 0 -1 0
vn 0 -1 0
vn 0 -1 0
vn 0 -1 0
vn 0 -1 0
vn 0 -1 0
vn 0 -1 0
vn 0 -1 0
vn 0 -1 0
vn 0 -1 0
vn 0 -1 0
vn 0 -1 0
vn 0 -1 0
vn 0 -1 0
vn 0 -1 0
vn 0 -1 0
vn 0 -1 0
vn 0 -1 0
vn 0 -1 0
vn 0 -1 0
vn 0 -1 0
vn 0 -1 0
vn 0 -1 0
vn 0.965925826 0 0.258819045
vn 0.866025404 0 0.5
vn 0.707106781 0 0.707106781
vn 0.5 0 0.866025404
vn 0.258819045 0 0.965925826
vn 0 0 1
vn -0.258819045 0 0.965925826
vn -0.5 0 0.866025404
vn -0.707106781 0 0.707106781
vn -0.866025404 0 0.5
vn -0.965925826 0 0.258819045
vn -1 0 0
vn -0.965925826 0 -0.258819045
vn -0.866025404 0 -0.5
vn -0.707106781 0 -0.707106781
vn -0.5 0 -0.866025404
vn -0.258819045 0 -0.965925826
vn -5.24237224e-16 0 -1
vn 0.258819045 0 -0.965925826
vn 0.5 0 -0.866025404
vn 0.707106781 0 -0.707106781
vn 0.866025404 0 -0.5
vn 0.965925826 0 -0.258819045
vn 1 0 0
vn 0 1 0
vn 0 1 0
vn 0 1 0
vn 0 1 0
vn 0 1 0
vn 0 1 0
vn 0 1 0
vn 0 1 0
vn 0 1 0
vn 0 1 0
vn 0 1 0
vn 0 1 0
vn 0 1 0
vn 0 1 0
vn 0 1 0
vn 0 1 0
vn 0 1 0
vn 0 1 0
vn 0 1 0
vn 0 1 0
vn 0 1 0
vn 0 1 0
vn 0 1 0
vn 0 1 0
vn -0.965925826 0 -0.258819045
vn -0.866025404 0 -0.5
vn -0.707106781 0 -0.707106781
vn -0.5 0 -0.866025404
vn -0.258819045 0 -0.965925826
vn 0 0 -1
vn 0.258819045 0 -0.965925826
vn 0.5 0 -0.866025404
vn 0.707106781 0 -0.707106781
vn 0.866025404 0 -0.5
vn 0.965925826 0 -0.258819045
vn 1 0 0
vn 0.965925826 0 0.258819045
vn 0.866025404 0 0.5
vn 0.707106781 0 0.707106781
vn 0.5 0 0.866025404
vn 0.258819045 0 0.965925826
vn 5.52321361e-16 0 1
vn -0.258819045 0 0.965925826
vn -0.5 0 0.866025404
vn -0.707106781 0 0.707106781
vn -0.866025404 0 0.5
vn -0.965925826 0 0.258819045
vn -1 0 0
vn 0 -1 0
vn 0 -1 0
vn 0 -1 0
vn 0 -1 0
vn 0 -1 0
vn 0 -1 0
vn 0 -1 0
vn 0 -1 0
vn 0 -1 0
vn 0 -1 0
vn 0 -1 0
vn 0 -1 0
vn 0 -1 0
vn 0 -1 0
vn 0 -1 0
vn 0 -1 0
vn 0 -1 0
vn 0 -1 0
vn 0 -1 0
vn 0 -1 0
vn 0 -1 0
vn 0 -1 0
vn 0 -1 0
vn 0 -1 0
vn 0.685940558 -0.704062592 0.183797218
vn 0.614997479 -0.704062592 0.35506896
vn 0.502143339 -0.704062592 0.502143339
vn 0.35506896 -0.704062592 0.614997479
vn 0.183797218 -0.704062592 0.685940558
vn 0 -0.704062592 0.710137921
vn -0.183797218 -0.704062592 0.685940558
vn -0.35506896 -0.704062592 0.614997479
vn -0.502143339 -0.704062592 0.502143339
vn -0.614997479 -0.704062592 0.35506896
vn -0.685940558 -0.704062592 0.183797218
vn -0.710137921 -0.704062592 0
vn -0.685940558 -0.704062592 -0.183797218
vn -0.614997479 -0.704062592 -0.35506896
vn -0.502143339 -0.704062592 -0.502143339
vn -0.35506896 -0.704062592 -0.614997479
vn -0.183797218 -0.704062592 -0.685940558
vn -4.08706705e-16 -0.704062592 -0.710137921
vn 0.183797218 -0.704062592 -0.685940558
vn 0.35506896 -0.704062592 -0.614997479
vn 0.502143339 -0.704062592 -0.502143339
vn 0.614997479 -0.704062592 -0.35506896
vn 0.685940558 -0.704062592 -0.183797218
vn 0.710137921 -0.704062592 0
vn 0.965925826 0 0.258819045
vn 0.866025404 0 0.5
vn 0.707106781 0 0.707106781
vn 0.5 0 0.866025404
vn 0.258819045 0 0.965925826
vn 0 0 1
vn -0.258819045 0 0.965925826
vn -0.5 0 0.866025404
vn -0.707106781 0 0.707106781
vn -0.866025404 0 0.5
vn -0.965925826 0 0.258819045
vn -1 0 0
vn -0.965925826 0 -0.258819045
vn -0.866025404 0 -0.5
vn -0.707106781 0 -0.707106781
vn -0.5 0 -0.866025404
vn -0.258819045 0 -0.965925826
vn -5.81589673e-16 0 -1
vn 0.258819045 0 -0.965925826
vn 0.5 0 -0.866025404
vn 0.707106781 0 -0.707106781
vn 0.866025404 0 -0.5
vn 0.965925826 0 -0.258819045
vn 1 0 0
vn 0.685940558 0.704062592 0.183797218
vn 0.614997479 0.704062592 0.35506896
vn 0.502143339 0.704062592 0.502143339
vn 0.35506896 0.704062592 0.614997479
vn 0.183797218 0.704062592 0.685940558
vn 0 0.704062592 0.710137921
vn -0.183797218 0.704062592 0.685940558
vn -0.35506896 0.704062592 0.614997479
vn -0.502143339 0.704062592 0.502143339
vn -0.614997479 0.704062592 0.35506896
vn -0.685940558 0.704062592 0.183797218
vn -0.710137921 0.704062592 0
vn -0.685940558 0.704062592 -0.183797218
vn -0.614997479 0.704062592 -0.35506896
vn -0.502143339 0.704062592 -0.502143339
vn -0.35506896 0.704062592 -0.614997479
vn -0.183797218 0.704062592 -0.685940558
vn -4.30500622e-16 0.704062592 -0.710137921
vn 0.183797218 0.704062592 -0.685940558
vn 0.35506896 0.704062592 -0.614997479
vn 0.502143339 0.704062592 -0.502143339
vn 0.614997479 0.704062592 -0.35506896
vn 0.685940558 0.704062592 -0.183797218
vn 0.710137921 0.704062592 0
vn -3.03620135e-16 -1 -8.13547699e-17
vn 0 1 0
vn -2.72218366e-16 -1 -1.57165347e-16
vn 0 1 0
vn -2.22265365e-16 -1 -2.22265365e-16
vn 0 1 0
vn -1.57165347e-16 -1 -2.72218366e-16
vn 0 1 0
vn -8.13547699e-17 -1 -3.03620135e-16
vn 0 1 0
vn 0 -1 -3.14330693e-16
vn 0 1 0
vn 8.13547699e-17 -1 -3.03620135e-16
vn 0 1 0
vn 1.57165347e-16 -1 -2.72218366e-16
vn 0 1 0
vn 2.22265365e-16 -1 -2.22265365e-16
vn 0 1 0
vn 2.72218366e-16 -1 -1.57165347e-16
vn 0 1 0
vn 3.03620135e-16 -1 -8.13547699e-17
vn 0 1 0
vn 3.14330693e-16 -1 0
vn 0 1 0
vn 3.03620135e-16 -1 8.13547699e-17
vn 0 1 0
vn 2.72218366e-16 -1 1.57165347e-16
vn 0 1 0
vn 2.22265365e-16 -1 2.22265365e-16
vn 0 1 0
vn 1.57165347e-16 -1 2.72218366e-16
vn 0 1 0
vn 8.13547699e-17 -1 3.03620135e-16
vn 0 1 0
vn 1.87622314e-31 -1 3.14330693e-16
vn 0 1 0
vn -8.13547699e-17 -1 3.03620135e-16
vn 0 1 0
vn -1.57165347e-16 -1 2.72218366e-16
vn 0 1 0
vn -2.22265365e-16 -1 2.22265365e-16
vn 0 1 0
vn -2.72218366e-16 -1 1.57165347e-16
vn 0 1 0
vn -3.03620135e-16 -1 8.13547699e-17
vn 0 1 0
vn -3.14330693e-16 -1 0
vn 0 1 0
vn 0 -0.707106781 -0.707106781
vn 0.577350269 -0.577350269 -0.577350269
vn 0.707106781 -0.707106781 0
vn 0.577350269 -0.577350269 0.577350269
vn 0 -0.707106781 0.707106781
vn -0.577350269 -0.577350269 0.577350269
vn -0.707106781 -0.707106781 0
vn -0.577350269 -0.577350269 -0.577350269
vn 0 0 -1
vn 0.707106781 0 -0.707106781
vn 1 0 0
vn 0.707106781 0 0.707106781
vn 0 0 1
vn -0.707106781 0 0.707106781
vn -1 0 0
vn -0.707106781 0 -0.707106781
vn 0 0.707106781 -0.707106781
vn 0.577350269 0.577350269 -0.577350269
vn 0.707106781 0.707106781 0
vn 0.577350269 0.577350269 0.577350269
vn 0 0.707106781 0.707106781
vn -0.577350269 0.577350269 0.577350269
vn -0.707106781 0.707106781 0
vn -0.577350269 0.577350269 -0.577350269
vn 0 -1 0
vn 0 1 -1.77635684e-14
vn 0 -1 0
vn 1.82190445e-16 1 -1.82190445e-16
vn 0 -1 0
vn 1.83507938e-16 1 0
vn 0 -1 0
vn 1.82190445e-16 1 1.82190445e-16
vn 0 -1 0
vn 0 1 1.77635684e-14
vn 0 -1 0
vn -1.82190445e-16 1 1.82190445e-16
vn 0 -1 0
vn -1.83507938e-16 1 0
vn 0 -1 0
vn -1.82190445e-16 1 -1.82190445e-16
vn 0 -0.707106781 -0.707106781
vn 0.577350269 -0.577350269 -0.577350269
vn 0.707106781 -0.707106781 0
vn 0.577350269 -0.577350269 0.577350269
vn 0 -0.707106781 0.707106781
vn -0.577350269 -0.577350269 0.577350269
vn -0.707106781 -0.707106781 0
vn -0.577350269 -0.577350269 -0.577350269
vn 0 0 -1
vn 0.707106781 0 -0.707106781
vn 1 0 0
vn 0.707106781 0 0.707106781
vn 0 0 1
vn -0.707106781 0 0.707106781
vn -1 0 0
vn -0.707106781 0 -0.707106781
vn 0 0.707106781 -0.707106781
vn 0.577350269 0.577350269 -0.577350269
vn 0.707106781 0.707106781 0
vn 0.577350269 0.577350269 0.577350269
vn 0 0.707106781 0.707106781
vn -0.577350269 0.577350269 0.577350269
vn -0.707106781 0.707106781 0
vn -0.577350269 0.577350269 -0.577350269
vn 0 -1 0
vn 0 1 2.96059473e-15
vn 0 -1 0
vn -3.88529492e-17 1 3.88529492e-17
vn 0 -1 0
vn -3.91268026e-17 1 0
vn 0 -1 0
vn -3.88529492e-17 1 -3.88529492e-17
vn 0 -1 0
vn 0 1 -2.96059473e-15
vn 0 -1 0
vn 3.88529492e-17 1 -3.88529492e-17
vn 0 -1 0
vn 3.91268026e-17 1 0
vn 0 -1 0
vn 3.88529492e-17 1 3.88529492e-17
vn 0 -0.707106781 -0.707106781
vn 0.577350269 -0.577350269 -0.577350269
vn 0.707106781 -0.707106781 0
vn 0.577350269 -0.577350269 0.577350269
vn 0 -0.707106781 0.707106781
vn -0.577350269 -0.577350269 0.577350269
vn -0.707106781 -0.707106781 0
vn -0.577350269 -0.577350269 -0.577350269
vn 0 0 -1
vn 0.707106781 0 -0.707106781
vn 1 0 0
vn 0.707106781 0 0.707106781
vn 0 0 1
vn -0.707106781 0 0.707106781
vn -1 0 0
vn -0.707106781 0 -0.707106781
vn 0 0.707106781 -0.707106781
vn 0.577350269 0.577350269 -0.577350269
vn 0.707106781 0.707106781 0
vn 0.577350269 0.577350269 0.577350269
vn 0 0.707106781 0.707106781
vn -0.577350269 0.577350269 0.577350269
vn -0.707106781 0.707106781 0
vn -0.577350269 0.577350269 -0.577350269
vn 0 -1 -1.36642834e-14
vn 0 1 0
vn 7.72329061e-15 -1 -7.72329061e-15
vn 0 1 0
vn 1.36642834e-14 -1 0
vn 0 1 0
vn 7.72329061e-15 -1 7.72329061e-15
vn 0 1 0
vn 0 -1 1.36642834e-14
vn 0 1 0
vn -7.72329061e-15 -1 7.72329061e-15
vn 0 1 0
vn -1.36642834e-14 -1 0
vn 0 1 0
vn -7.72329061e-15 -1 -7.72329061e-15
vn 0 1 0
vn 0 -0.707106781 -0.707106781
vn 0.577350269 -0.577350269 -0.577350269
vn 0.707106781 -0.707106781 0
vn 0.577350269 -0.577350269 0.577350269
vn 0 -0.707106781 0.707106781
vn -0.577350269 -0.577350269 0.577350269
vn -0.707106781 -0.707106781 0
vn -0.577350269 -0.577350269 -0.577350269
vn 0 0 -1
vn 0.707106781 0 -0.707106781
vn 1 0 0
vn 0.707106781 0 0.707106781
vn 0 0 1
vn -0.707106781 0 0.707106781
vn -1 0 0
vn -0.707106781 0 -0.707106781
vn 0 0.707106781 -0.707106781
vn 0.577350269 0.577350269 -0.577350269
vn 0.707106781 0.707106781 0
vn 0.577350269 0.577350269 0.577350269
vn 0 0.707106781 0.707106781
vn -0.577350269 0.577350269 0.577350269
vn -0.707106781 0.707106781 0
vn -0.577350269 0.577350269 -0.577350269
vn 0 -1 -1.36642834e-14
vn 0 1 0
vn 7.72329061e-15 -1 -7.72329061e-15
vn 0 1 0
vn 1.36642834e-14 -1 0
vn 0 1 0
vn 7.72329061e-15 -1 7.72329061e-15
vn 0 1 0
vn 0 -1 1.36642834e-14
vn 0 1 0
vn -7.72329061e-15 -1 7.72329061e-15
vn 0 1 0
vn -1.36642834e-14 -1 0
vn 0 1 0
vn -7.72329061e-15 -1 -7.72329061e-15
vn 0 1 0
vn 0 -0.707106781 -0.707106781
vn 0.577350269 -0.577350269 -0.577350269
vn 0.707106781 -0.707106781 0
vn 0.577350269 -0.577350269 0.577350269
vn 0 -0.707106781 0.707106781
vn -0.577350269 -0.577350269 0.577350269
vn -0.707106781 -0.707106781 0
vn -0.577350269 -0.577350269 -0.577350269
vn 0 0 -1
vn 0.707106781 0 -0.707106781
vn 1 0 0
vn 0.707106781 0 0.707106781
vn 0 0 1
vn -0.707106781 0 0.707106781
vn -1 0 0
vn -0.707106781 0 -0.707106781
vn 0 0.707106781 -0.707106781
vn 0.577350269 0.577350269 -0.577350269
vn 0.707106781 0.707106781 0
vn 0.577350269 0.577350269 0.577350269
vn 0 0.707106781 0.707106781
vn -0.577350269 0.577350269 0.577350269
vn -0.707106781 0.707106781 0
vn -0.577350269 0.577350269 -0.577350269
vn 0 -1 -1.36642834e-14
vn 0 1 0
vn 7.72329061e-15 -1 -7.72329061e-15
vn 0 1 0
vn 1.36642834e-14 -1 0
vn 0 1 0
vn 7.72329061e-15 -1 7.72329061e-15
vn 0 1 0
vn 0 -1 1.36642834e-14
vn 0 1 0
vn -7.72329061e-15 -1 7.72329061e-15
vn 0 1 0
vn -1.36642834e-14 -1 0
vn 0 1 0
vn -7.72329061e-15 -1 -7.72329061e-15
vn 0 1 0
vn 0 -0.707106781 -0.707106781
vn 0.577350269 -0.577350269 -0.577350269
vn 0.707106781 -0.707106781 0
vn 0.577350269 -0.577350269 0.577350269
vn 0 -0.707106781 0.707106781
vn -0.577350269 -0.577350269 0.577350269
vn -0.707106781 -0.707106781 0
vn -0.577350269 -0.577350269 -0.577350269
vn 0 0 -1
vn 0.707106781 0 -0.707106781
vn 1 0 0
vn 0.707106781 0 0.707106781
vn 0 0 1
vn -0.707106781 0 0.707106781
vn -1 0 0
vn -0.707106781 0 -0.707106781
vn 0 0.707106781 -0.707106781
vn 0.577350269 0.577350269 -0.577350269
vn 0.707106781 0.707106781 0
vn 0.577350269 0.577350269 0.577350269
vn 0 0.707106781 0.707106781
vn -0.577350269 0.577350269 0.577350269
vn -0.707106781 0.707106781 0
vn -0.577350269 0.577350269 -0.577350269
vn 0 -1 -1.36642834e-14
vn 0 1 0
vn 7.72329061e-15 -1 -7.72329061e-15
vn 0 1 0
vn 1.36642834e-14 -1 0
vn 0 1 0
vn 7.72329061e-15 -1 7.72329061e-15
vn 0 1 0
vn 0 -1 1.36642834e-14
vn 0 1 0
vn -7.72329061e-15 -1 7.72329061e-15
vn 0 1 0
vn -1.36642834e-14 -1 0
vn 0 1 0
vn -7.72329061e-15 -1 -7.72329061e-15
vn 0 1 0
vn 0 -0.707106781 -0.707106781
vn 0.577350269 -0.577350269 -0.577350269
vn 0.707106781 -0.707106781 0
vn 0.577350269 -0.577350269 0.577350269
vn 0 -0.707106781 0.707106781
vn -0.577350269 -0.577350269 0.577350269
vn -0.707106781 -0.707106781 0
vn -0.577350269 -0.577350269 -0.577350269
vn 0 0 -1
vn 0.707106781 0 -0.707106781
vn 1 0 0
vn 0.707106781 0 0.707106781
vn 0 0 1
vn -0.707106781 0 0.707106781
vn -1 0 0
vn -0.707106781 0 -0.707106781
vn 0 0.707106781 -0.707106781
vn 0.577350269 0.577350269 -0.577350269
vn 0.707106781 0.707106781 0
vn 0.577350269 0.577350269 0.577350269
vn 0 0.707106781 0.707106781
vn -0.577350269 0.577350269 0.577350269
vn -0.707106781 0.707106781 0
vn -0.577350269 0.577350269 -0.577350269
vn 0 -1 -1.36642834e-14
vn 0 1 0
vn 7.72329061e-15 -1 -7.72329061e-15
vn 0 1 0
vn 1.36642834e-14 -1 0
vn 0 1 0
vn 7.72329061e-15 -1 7.72329061e-15
vn 0 1 0
vn 0 -1 1.36642834e-14
vn 0 1 0
vn -7.72329061e-15 -1 7.72329061e-15
vn 0 1 0
vn -1.36642834e-14 -1 0
vn 0 1 0
vn -7.72329061e-15 -1 -7.72329061e-15
vn 0 1 0
vn 0 -0.707106781 -0.707106781
vn 0.577350269 -0.577350269 -0.577350269
vn 0.707106781 -0.707106781 0
vn 0.577350269 -0.577350269 0.577350269
vn 0 -0.707106781 0.707106781
vn -0.577350269 -0.577350269 0.577350269
vn -0.707106781 -0.707106781 0
vn -0.577350269 -0.577350269 -0.577350269
vn 0 0 -1
vn 0.707106781 0 -0.707106781
vn 1 0 0
vn 0.707106781 0 0.707106781
vn 0 0 1
vn -0.707106781 0 0.707106781
vn -1 0 0
vn -0.707106781 0 -0.707106781
vn 0 0.707106781 -0.707106781
vn 0.577350269 0.577350269 -0.577350269
vn 0.707106781 0.707106781 0
vn 0.577350269 0.577350269 0.577350269
vn 0 0.707106781 0.707106781
vn -0.577350269 0.577350269 0.577350269
vn -0.707106781 0.707106781 0
vn -0.577350269 0.577350269 -0.577350269
vn 0 -1 -1.36642834e-14
vn 0 1 0
vn 7.72329061e-15 -1 -7.72329061e-15
vn 0 1 0
vn 1.36642834e-14 -1 0
vn 0 1 0
vn 7.72329061e-15 -1 7.72329061e-15
vn 0 1 0
vn 0 -1 1.36642834e-14
vn 0 1 0
vn -7.72329061e-15 -1 7.72329061e-15
vn 0 1 0
vn -1.36642834e-14 -1 0
vn 0 1 0
vn -7.72329061e-15 -1 -7.72329061e-15
vn 0 1 0
vn 0 -0.707106781 -0.707106781
vn 0.577350269 -0.577350269 -0.577350269
vn 0.707106781 -0.707106781 0
vn 0.577350269 -0.577350269 0.577350269
vn 0 -0.707106781 0.707106781
vn -0.577350269 -0.577350269 0.577350269
vn -0.707106781 -0.707106781 0
vn -0.577350269 -0.577350269 -0.577350269
vn 0 0 -1
vn 0.707106781 0 -0.707106781
vn 1 0 0
vn 0.707106781 0 0.707106781
vn 0 0 1
vn -0.707106781 0 0.707106781
vn -1 0 0
vn -0.707106781 0 -0.707106781
vn 0 0.707106781 -0.707106781
vn 0.577350269 0.577350269 -0.577350269
vn 0.707106781 0.707106781 0
vn 0.577350269 0.577350269 0.577350269
vn 0 0.707106781 0.707106781
vn -0.577350269 0.577350269 0.577350269
vn -0.707106781 0.707106781 0
vn -0.577350269 0.577350269 -0.577350269
vn 0 -1 -1.36642834e-14
vn 0 1 0
vn 7.72329061e-15 -1 -7.72329061e-15
vn 0 1 0
vn 1.36642834e-14 -1 0
vn 0 1 0
vn 7.72329061e-15 -1 7.72329061e-15
vn 0 1 0
vn 0 -1 1.36642834e-14
vn 0 1 0
vn -7.72329061e-15 -1 7.72329061e-15
vn 0 1 0
vn -1.36642834e-14 -1 0
vn 0 1 0
vn -7.72329061e-15 -1 -7.72329061e-15
vn 0 1 0
vn 0 -0.707106781 -0.707106781
vn 0.577350269 -0.577350269 -0.577350269
vn 0.707106781 -0.707106781 0
vn 0.577350269 -0.577350269 0.577350269
vn 0 -0.707106781 0.707106781
vn -0.577350269 -0.577350269 0.577350269
vn -0.707106781 -0.707106781 0
vn -0.577350269 -0.577350269 -0.577350269
vn 0 0 -1
vn 0.707106781 0 -0.707106781
vn 1 0 0
vn 0.707106781 0 0.707106781
vn 0 0 1
vn -0.707106781 0 0.707106781
vn -1 0 0
vn -0.707106781 0 -0.707106781
vn 0 0.707106781 -0.707106781
vn 0.577350269 0.577350269 -0.577350269
vn 0.707106781 0.707106781 0
vn 0.577350269 0.577350269 0.577350269
vn 0 0.707106781 0.707106781
vn -0.577350269 0.577350269 0.577350269
vn -0.707106781 0.707106781 0
vn -0.577350269 0.577350269 -0.577350269
vn 0 -1 -1.36642834e-14
vn 0 1 0
vn 7.72329061e-15 -1 -7.72329061e-15
vn 0 1 0
vn 1.36642834e-14 -1 0
vn 0 1 0
vn 7.72329061e-15 -1 7.72329061e-15
vn 0 1 0
vn 0 -1 1.36642834e-14
vn 0 1 0
vn -7.72329061e-15 -1 7.72329061e-15
vn 0 1 0
vn -1.36642834e-14 -1 0
vn 0 1 0
vn -7.72329061e-15 -1 -7.72329061e-15
vn 0 1 0
vn 0 -0.707106781 -0.707106781
vn 0.577350269 -0.577350269 -0.577350269
vn 0.707106781 -0.707106781 0
vn 0.577350269 -0.577350269 0.577350269
vn 0 -0.707106781 0.707106781
vn -0.577350269 -0.577350269 0.577350269
vn -0.707106781 -0.707106781 0
vn -0.577350269 -0.577350269 -0.577350269
vn 0 0 -1
vn 0.707106781 0 -0.707106781
vn 1 0 0
vn 0.707106781 0 0.707106781
vn 0 0 1
vn -0.707106781 0 0.707106781
vn -1 0 0
vn -0.707106781 0 -0.707106781
vn 0 0.707106781 -0.707106781
vn 0.577350269 0.577350269 -0.577350269
vn 0.707106781 0.707106781 0
vn 0.577350269 0.577350269 0.577350269
vn 0 0.707106781 0.707106781
vn -0.577350269 0.577350269 0.577350269
vn -0.707106781 0.707106781 0
vn -0.577350269 0.577350269 -0.577350269
vn 0 -1 -1.36642834e-14
vn 0 1 0
vn 7.72329061e-15 -1 -7.72329061e-15
vn 0 1 0
vn 1.36642834e-14 -1 0
vn 0 1 0
vn 7.72329061e-15 -1 7.72329061e-15
vn 0 1 0
vn 0 -1 1.36642834e-14
vn 0 1 0
vn -7.72329061e-15 -1 7.72329061e-15
vn 0 1 0
vn -1.36642834e-14 -1 0
vn 0 1 0
vn -7.72329061e-15 -1 -7.72329061e-15
vn 0 1 0
vn 0 -0.707106781 -0.707106781
vn 0.577350269 -0.577350269 -0.577350269
vn 0.707106781 -0.707106781 0
vn 0.577350269 -0.577350269 0.577350269
vn 0 -0.707106781 0.707106781
vn -0.577350269 -0.577350269 0.577350269
vn -0.707106781 -0.707106781 0
vn -0.577350269 -0.577350269 -0.577350269
vn 0 0 -1
vn 0.707106781 0 -0.707106781
vn 1 0 0
vn 0.707106781 0 0.707106781
vn 0 0 1
vn -0.707106781 0 0.707106781
vn -1 0 0
vn -0.707106781 0 -0.707106781
vn 0 0.707106781 -0.707106781
vn 0.577350269 0.577350269 -0.577350269
vn 0.707106781 0.707106781 0
vn 0.577350269 0.577350269 0.577350269
vn 0 0.707106781 0.707106781
vn -0.577350269 0.577350269 0.577350269
vn -0.707106781 0.707106781 0
vn -0.577350269 0.577350269 -0.577350269
vn 0 -1 -1.36642834e-14
vn 0 1 0
vn 7.72329061e-15 -1 -7.72329061e-15
vn 0 1 0
vn 1.36642834e-14 -1 0
vn 0 1 0
vn 7.72329061e-15 -1 7.72329061e-15
vn 0 1 0
vn 0 -1 1.36642834e-14
vn 0 1 0
vn -7.72329061e-15 -1 7.72329061e-15
vn 0 1 0
vn -1.36642834e-14 -1 0
vn 0 1 0
vn -7.72329061e-15 -1 -7.72329061e-15
vn 0 1 0
vn 0 -0.707106781 -0.707106781
vn 0.577350269 -0.577350269 -0.577350269
vn 0.707106781 -0.707106781 0
vn 0.577350269 -0.577350269 0.577350269
vn 0 -0.707106781 0.707106781
vn -0.577350269 -0.577350269 0.577350269
vn -0.707106781 -0.707106781 0
vn -0.577350269 -0.577350269 -0.577350269
vn 0 0 -1
vn 0.707106781 0 -0.707106781
vn 1 0 0
vn 0.707106781 0 0.707106781
vn 0 0 1
vn -0.707106781 0 0.707106781
vn -1 0 0
vn -0.707106781 0 -0.707106781
vn 0 0.707106781 -0.707106781
vn 0.577350269 0.577350269 -0.577350269
vn 0.707106781 0.707106781 0
vn 0.577350269 0.577350269 0.577350269
vn 0 0.707106781 0.707106781
vn -0.577350269 0.577350269 0.577350269
vn -0.707106781 0.707106781 0
vn -0.577350269 0.577350269 -0.577350269
vn 0 -1 -1.36642834e-14
vn 0 1 0
vn 7.72329061e-15 -1 -7.72329061e-15
vn 0 1 0
vn 1.36642834e-14 -1 0
vn 0 1 0
vn 7.72329061e-15 -1 7.72329061e-15
vn 0 1 0
vn 0 -1 1.36642834e-14
vn 0 1 0
vn -7.72329061e-15 -1 7.72329061e-15
vn 0 1 0
vn -1.36642834e-14 -1 0
vn 0 1 0
vn -7.72329061e-15 -1 -7.72329061e-15
vn 0 1 0
vn 0 -0.707106781 -0.707106781
vn 0.577350269 -0.577350269 -0.577350269
vn 0.707106781 -0.707106781 0
vn 0.577350269 -0.577350269 0.577350269
vn 0 -0.707106781 0.707106781
vn -0.577350269 -0.577350269 0.577350269
vn -0.707106781 -0.707106781 0
vn -0.577350269 -0.577350269 -0.577350269
vn 0 0 -1
vn 0.707106781 0 -0.707106781
vn 1 0 0
vn 0.707106781 0 0.707106781
vn 0 0 1
vn -0.707106781 0 0.707106781
vn -1 0 0
vn -0.707106781 0 -0.707106781
vn 0 0.707106781 -0.707106781
vn 0.577350269 0.577350269 -0.577350269
vn 0.707106781 0.707106781 0
vn 0.577350269 0.577350269 0.577350269
vn 0 0.707106781 0.707106781
vn -0.577350269 0.577350269 0.577350269
vn -0.707106781 0.707106781 0
vn -0.577350269 0.577350269 -0.577350269
vn 0 -1 -1.36642834e-14
vn 0 1 0
vn 7.72329061e-15 -1 -7.72329061e-15
vn 0 1 0
vn 1.36642834e-14 -1 0
vn 0 1 0
vn 7.72329061e-15 -1 7.72329061e-15
vn 0 1 0
vn 0 -1 1.36642834e-14
vn 0 1 0
vn -7.72329061e-15 -1 7.72329061e-15
vn 0 1 0
vn -1.36642834e-14 -1 0
vn 0 1 0
vn -7.72329061e-15 -1 -7.72329061e-15
vn 0 1 0
vn 0 0 -1
vn 0.707106781 0 -0.707106781
vn 1 0 0
vn 0.707106781 0 0.707106781
vn 0 0 1
vn -0.707106781 0 0.707106781
vn -1 0 0
vn -0.707106781 0 -0.707106781
vn 0 -1 7.40148683e-16
vn 0 1 0
vn -1.16406084e-16 -1 1.16406084e-16
vn 0 1 0
vn -1.31581988e-16 -1 0
vn 0 1 0
vn -1.16406084e-16 -1 -1.16406084e-16
vn 0 1 0
vn 0 -1 -7.40148683e-16
vn 0 1 0
vn 1.16406084e-16 -1 -1.16406084e-16
vn 0 1 0
vn 1.31581988e-16 -1 0
vn 0 1 0
vn 1.16406084e-16 -1 1.16406084e-16
vn 0 1 0
vn 0 0 -1
vn 0.707106781 0 -0.707106781
vn 1 0 0
vn 0.707106781 0 0.707106781
vn 0 0 1
vn -0.707106781 0 0.707106781
vn -1 0 0
vn -0.707106781 0 -0.707106781
vn 0 -1 6.83214169e-15
vn 0 1 0
vn -1.7834908e-16 -1 1.7834908e-16
vn 0 1 0
vn -1.79429984e-16 -1 0
vn 0 1 0
vn -1.7834908e-16 -1 -1.7834908e-16
vn 0 1 0
vn 0 -1 -6.83214169e-15
vn 0 1 0
vn 1.7834908e-16 -1 -1.7834908e-16
vn 0 1 0
vn 1.79429984e-16 -1 0
vn 0 1 0
vn 1.7834908e-16 -1 1.7834908e-16
vn 0 1 0
vn 0 0 -1
vn 0.707106781 0 -0.707106781
vn 1 0 0
vn 0.707106781 0 0.707106781
vn 0 0 1
vn -0.707106781 0 0.707106781
vn -1 0 0
vn -0.707106781 0 -0.707106781
vn 0 -1 4.93432455e-15
vn 0 1 0
vn -2.61228947e-15 -1 2.61228947e-15
vn 0 1 0
vn -3.55271368e-15 -1 0
vn 0 1 0
vn -2.61228947e-15 -1 -2.61228947e-15
vn 0 1 0
vn 0 -1 -4.93432455e-15
vn 0 1 0
vn 2.61228947e-15 -1 -2.61228947e-15
vn 0 1 0
vn 3.55271368e-15 -1 0
vn 0 1 0
vn 2.61228947e-15 -1 2.61228947e-15
vn 0 1 0
vn 0 0 -1
vn 0.707106781 0 -0.707106781
vn 1 0 0
vn 0.707106781 0 0.707106781
vn 0 0 1
vn -0.707106781 0 0.707106781
vn -1 0 0
vn -0.707106781 0 -0.707106781
vn 0 -1 1.48029737e-14
vn 0 1 0
vn -7.40148683e-15 -1 7.40148683e-15
vn 0 1 0
vn -9.34924652e-15 -1 0
vn 0 1 0
vn -7.40148683e-15 -1 -7.40148683e-15
vn 0 1 0
vn 0 -1 -1.48029737e-14
vn 0 1 0
vn 7.40148683e-15 -1 -7.40148683e-15
vn 0 1 0
vn 9.34924652e-15 -1 0
vn 0 1 0
vn 7.40148683e-15 -1 7.40148683e-15
vn 0 1 0
vn 0 0 -1
vn 0.707106781 0 -0.707106781
vn 1 0 0
vn 0.707106781 0 0.707106781
vn 0 0 1
vn -0.707106781 0 0.707106781
vn -1 0 0
vn -0.707106781 0 -0.707106781
vn 0 -1 4.93432455e-15
vn 0 1 0
vn -2.61228947e-15 -1 2.61228947e-15
vn 0 1 0
vn -3.55271368e-15 -1 0
vn 0 1 0
vn -2.61228947e-15 -1 -2.61228947e-15
vn 0 1 0
vn 0 -1 -4.93432455e-15
vn 0 1 0
vn 2.61228947e-15 -1 -2.61228947e-15
vn 0 1 0
vn 3.55271368e-15 -1 0
vn 0 1 0
vn 2.61228947e-15 -1 2.61228947e-15
vn 0 1 0
vn 0 0 -1
vn 0.707106781 0 -0.707106781
vn 1 0 0
vn 0.707106781 0 0.707106781
vn 0 0 1
vn -0.707106781 0 0.707106781
vn -1 0 0
vn -0.707106781 0 -0.707106781
vn 0 -1 1.48029737e-14
vn 0 1 0
vn -7.40148683e-15 -1 7.40148683e-15
vn 0 1 0
vn -9.34924652e-15 -1 0
vn 0 1 0
vn -7.40148683e-15 -1 -7.40148683e-15
vn 0 1 0
vn 0 -1 -1.48029737e-14
vn 0 1 0
vn 7.40148683e-15 -1 -7.40148683e-15
vn 0 1 0
vn 9.34924652e-15 -1 0
vn 0 1 0
vn 7.40148683e-15 -1 7.40148683e-15
vn 0 1 0
vn 0 -0.786318339 -0.617821552
vn 0.40824829 -0.816496581 -0.40824829
vn 0.617821552 -0.786318339 0
vn 0.40824829 -0.816496581 0.40824829
vn 0 -0.786318339 0.617821552
vn -0.40824829 -0.816496581 0.40824829
vn -0.617821552 -0.786318339 0
vn -0.40824829 -0.816496581 -0.40824829
vn 0 0 -1
vn 0.707106781 0 -0.707106781
vn 1 0 0
vn 0.707106781 0 0.707106781
vn 0 0 1
vn -0.707106781 0 0.707106781
vn -1 0 0
vn -0.707106781 0 -0.707106781
vn 0 0.672672794 -0.739940073
vn 0.525600331 0.668945876 -0.525600331
vn 0.739940073 0.672672794 0
vn 0.525600331 0.668945876 0.525600331
vn 0 0.672672794 0.739940073
vn -0.525600331 0.668945876 0.525600331
vn -0.739940073 0.672672794 0
vn -0.525600331 0.668945876 -0.525600331
vn 0 -1 0
vn 0 1 0
vn 0 -1 0
vn 0 1 0
vn 0 -1 0
vn 0 1 0
vn 0 -1 0
vn 0 1 0
vn 0 -1 0
vn 0 1 0
vn 0 -1 0
vn 0 1 0
vn 0 -1 0
vn 0 1 0
vn 0 -1 0
vn 0 1 0
vn 0 -0.786318339 -0.617821552
vn 0.40824829 -0.816496581 -0.40824829
vn 0.617821552 -0.786318339 0
vn 0.40824829 -0.816496581 0.40824829
vn 0 -0.786318339 0.617821552
vn -0.40824829 -0.816496581 0.40824829
vn -0.617821552 -0.786318339 0
vn -0.40824829 -0.816496581 -0.40824829
vn 0 0 -1
vn 0.707106781 0 -0.707106781
vn 1 0 0
vn 0.707106781 0 0.707106781
vn 0 0 1
vn -0.707106781 0 0.707106781
vn -1 0 0
vn -0.707106781 0 -0.707106781
vn 0 0.672672794 -0.739940073
vn 0.525600331 0.668945876 -0.525600331
vn 0.739940073 0.672672794 0
vn 0.525600331 0.668945876 0.525600331
vn 0 0.672672794 0.739940073
vn -0.525600331 0.668945876 0.525600331
vn -0.739940073 0.672672794 0
vn -0.525600331 0.668945876 -0.525600331
vn 0 -1 0
vn 0 1 0
vn 0 -1 0
vn 0 1 0
vn 0 -1 0
vn 0 1 0
vn 0 -1 0
vn 0 1 0
vn 0 -1 0
vn 0 1 0
vn 0 -1 0
vn 0 1 0
vn 0 -1 0
vn 0 1 0
vn 0 -1 0
vn 0 1 0
vn 0 -0.786318339 -0.617821552
vn 0.40824829 -0.816496581 -0.40824829
vn 0.617821552 -0.786318339 0
vn 0.40824829 -0.816496581 0.40824829
vn 0 -0.786318339 0.617821552
vn -0.40824829 -0.816496581 0.40824829
vn -0.617821552 -0.786318339 0
vn -0.40824829 -0.816496581 -0.40824829
vn 0 0 -1
vn 0.707106781 0 -0.707106781
vn 1 0 0
vn 0.707106781 0 0.707106781
vn 0 0 1
vn -0.707106781 0 0.707106781
vn -1 0 0
vn -0.707106781 0 -0.707106781
vn 0 0.672672794 -0.739940073
vn 0.525600331 0.668945876 -0.525600331
vn 0.739940073 0.672672794 0
vn 0.525600331 0.668945876 0.525600331
vn 0 0.672672794 0.739940073
vn -0.525600331 0.668945876 0.525600331
vn -0.739940073 0.672672794 0
vn -0.525600331 0.668945876 -0.525600331
vn 0 -1 0
vn 0 1 0
vn 0 -1 0
vn 0 1 0
vn 0 -1 0
vn 0 1 0
vn 0 -1 0
vn 0 1 0
vn 0 -1 0
vn 0 1 0
vn 0 -1 0
vn 0 1 0
vn 0 -1 0
vn 0 1 0
vn 0 -1 0
vn 0 1 0
vn 0 0 -1
vn 0.707106781 0 -0.707106781
vn 1 0 0
vn 0.707106781 0 0.707106781
vn 0 0 1
vn -0.707106781 0 0.707106781
vn -1 0 0
vn -0.707106781 0 -0.707106781
vn 0 -1 0
vn 0 1 0
vn 0 -1 0
vn 0 1 0
vn 0 -1 0
vn 0 1 0
vn 0 -1 0
vn 0 1 0
vn 0 -1 0
vn 0 1 0
vn 0 -1 0
vn 0 1 0
vn 0 -1 0
vn 0 1 0
vn 0 -1 0
vn 0 1 0
vn 0 0 -1
vn 0.707106781 0 -0.707106781
vn 1 0 0
vn 0.707106781 0 0.707106781
vn 0 0 1
vn -0.707106781 0 0.707106781
vn -1 0 0
vn -0.707106781 0 -0.707106781
vn 0 -1 0
vn 0 1 0
vn 0 -1 0
vn 0 1 0
vn 0 -1 0
vn 0 1 0
vn 0 -1 0
vn 0 1 0
vn 0 -1 0
vn 0 1 0
vn 0 -1 0
vn 0 1 0
vn 0 -1 0
vn 0 1 0
vn 0 -1 0
vn 0 1 0
vn 0 0 -1
vn 0.707106781 0 -0.707106781
vn 1 0 0
vn 0.707106781 0 0.707106781
vn 0 0 1
vn -0.707106781 0 0.707106781
vn -1 0 0
vn -0.707106781 0 -0.707106781
vn 0 -1 0
vn 0 1 0
vn 0 -1 0
vn 0 1 0
vn 0 -1 0
vn 0 1 0
vn 0 -1 0
vn 0 1 0
vn 0 -1 0
vn 0 1 0
vn 0 -1 0
vn 0 1 0
vn 0 -1 0
vn 0 1 0
vn 0 -1 0
vn 0 1 0
vn 0 0 -1
vn 0.707106781 0 -0.707106781
vn 1 0 0
vn 0.707106781 0 0.707106781
vn 0 0 1
vn -0.707106781 0 0.707106781
vn -1 0 0
vn -0.707106781 0 -0.707106781
vn 0 -1 0
vn 0 1 0
vn 0 -1 0
vn 0 1 0
vn 0 -1 0
vn 0 1 0
vn 0 -1 0
vn 0 1 0
vn 0 -1 0
vn 0 1 0
vn 0 -1 0
vn 0 1 0
vn 0 -1 0
vn 0 1 0
vn 0 -1 0
vn 0 1 0
vn 0 0 -1
vn 0.707106781 0 -0.707106781
vn 1 0 0
vn 0.707106781 0 0.707106781
vn 0 0 1
vn -0.707106781 0 0.707106781
vn -1 0 0
vn -0.707106781 0 -0.707106781
vn 0 -1 0
vn 0 1 0
vn 0 -1 0
vn 0 1 0
vn 0 -1 0
vn 0 1 0
vn 0 -1 0
vn 0 1 0
vn 0 -1 0
vn 0 1 0
vn 0 -1 0
vn 0 1 0
vn 0 -1 0
vn 0 1 0
vn 0 -1 0
vn 0 1 0
vn 0 0 -1
vn 0.707106781 0 -0.707106781
vn 1 0 0
vn 0.707106781 0 0.707106781
vn 0 0 1
vn -0.707106781 0 0.707106781
vn -1 0 0
vn -0.707106781 0 -0.707106781
vn 0 -1 0
vn 0 1 0
vn 0 -1 0
vn 0 1 0
vn 0 -1 0
vn 0 1 0
vn 0 -1 0
vn 0 1 0
vn 0 -1 0
vn 0 1 0
vn 0 -1 0
vn 0 1 0
vn 0 -1 0
vn 0 1 0
vn 0 -1 0
vn 0 1 0
vn 0 -0.707106781 -0.707106781
vn 0.577350269 -0.577350269 -0.577350269
vn 0.707106781 -0.707106781 0
vn 0.577350269 -0.577350269 0.577350269
vn 0 -0.707106781 0.707106781
vn -0.577350269 -0.577350269 0.577350269
vn -0.707106781 -0.707106781 0
vn -0.577350269 -0.577350269 -0.577350269
vn 0 0 -1
vn 0.707106781 0 -0.707106781
vn 1 0 0
vn 0.707106781 0 0.707106781
vn 0 0 1
vn -0.707106781 0 0.707106781
vn -1 0 0
vn -0.707106781 0 -0.707106781
vn 0 0.707106781 -0.707106781
vn 0.577350269 0.577350269 -0.577350269
vn 0.707106781 0.707106781 0
vn 0.577350269 0.577350269 0.577350269
vn 0 0.707106781 0.707106781
vn -0.577350269 0.577350269 0.577350269
vn -0.707106781 0.707106781 0
vn -0.577350269 0.577350269 -0.577350269
vn 0 -1 0
vn 0 1 -1.73303106e-14
vn 0 -1 0
vn 9.14469415e-16 1 -9.14469415e-16
vn 0 -1 0
vn 9.43615851e-16 1 0
vn 0 -1 0
vn 9.14469415e-16 1 9.14469415e-16
vn 0 -1 0
vn 0 1 1.73303106e-14
vn 0 -1 0
vn -9.14469415e-16 1 9.14469415e-16
vn 0 -1 0
vn -9.43615851e-16 1 0
vn 0 -1 0
vn -9.14469415e-16 1 -9.14469415e-16
vn 0 -0.707106781 -0.707106781
vn 0.577350269 -0.577350269 -0.577350269
vn 0.707106781 -0.707106781 0
vn 0.577350269 -0.577350269 0.577350269
vn 0 -0.707106781 0.707106781
vn -0.577350269 -0.577350269 0.577350269
vn -0.707106781 -0.707106781 0
vn -0.577350269 -0.577350269 -0.577350269
vn 0 0 -1
vn 0.707106781 0 -0.707106781
vn 1 0 0
vn 0.707106781 0 0.707106781
vn 0 0 1
vn -0.707106781 0 0.707106781
vn -1 0 0
vn -0.707106781 0 -0.707106781
vn 0 0.707106781 -0.707106781
vn 0.577350269 0.577350269 -0.577350269
vn 0.707106781 0.707106781 0
vn 0.577350269 0.577350269 0.577350269
vn 0 0.707106781 0.707106781
vn -0.577350269 0.577350269 0.577350269
vn -0.707106781 0.707106781 0
vn -0.577350269 0.577350269 -0.577350269
vn 0 -1 9.34924652e-14
vn 0 1 0
vn -9.99919414e-16 -1 9.99919414e-16
vn 0 1 0
vn -1.00415876e-15 -1 0
vn 0 1 0
vn -9.99919414e-16 -1 -9.99919414e-16
vn 0 1 0
vn 0 -1 -9.34924652e-14
vn 0 1 0
vn 9.99919414e-16 -1 -9.99919414e-16
vn 0 1 0
vn 1.00415876e-15 -1 0
vn 0 1 0
vn 9.99919414e-16 -1 9.99919414e-16
vn 0 1 0
vn 0 -0.707106781 -0.707106781
vn 0.577350269 -0.577350269 -0.577350269
vn 0.707106781 -0.707106781 0
vn 0.577350269 -0.577350269 0.577350269
vn 0 -0.707106781 0.707106781
vn -0.577350269 -0.577350269 0.577350269
vn -0.707106781 -0.707106781 0
vn -0.577350269 -0.577350269 -0.577350269
vn 0 0 -1
vn 0.707106781 0 -0.707106781
vn 1 0 0
vn 0.707106781 0 0.707106781
vn 0 0 1
vn -0.707106781 0 0.707106781
vn -1 0 0
vn -0.707106781 0 -0.707106781
vn 0 0.707106781 -0.707106781
vn 0.577350269 0.577350269 -0.577350269
vn 0.707106781 0.707106781 0
vn 0.577350269 0.577350269 0.577350269
vn 0 0.707106781 0.707106781
vn -0.577350269 0.577350269 0.577350269
vn -0.707106781 0.707106781 0
vn -0.577350269 0.577350269 -0.577350269
vn 0 -1 0
vn 0 1 0
vn 0 -1 0
vn 0 1 0
vn 0 -1 0
vn 0 1 0
vn 0 -1 0
vn 0 1 0
vn 0 -1 0
vn 0 1 0
vn 0 -1 0
vn 0 1 0
vn 0 -1 0
vn 0 1 0
vn 0 -1 0
vn 0 1 0
vn 0 0 -1
vn 0.707106781 0 -0.707106781
vn 1 0 0
vn 0.707106781 0 0.707106781
vn 0 0 1
vn -0.707106781 0 0.707106781
vn -1 0 0
vn -0.707106781 0 -0.707106781
vn 0 -1 0
vn 0 1 5.92118946e-15
vn 0 -1 0
vn -9.31248671e-16 1 9.31248671e-16
vn 0 -1 0
vn -1.0526559e-15 1 0
vn 0 -1 0
vn -9.31248671e-16 1 -9.31248671e-16
vn 0 -1 0
vn 0 1 -5.92118946e-15
vn 0 -1 0
vn 9.31248671e-16 1 -9.31248671e-16
vn 0 -1 0
vn 1.0526559e-15 1 0
vn 0 -1 0
vn 9.31248671e-16 1 9.31248671e-16
vn 0 0 -1
vn 0.707106781 0 -0.707106781
vn 1 0 0
vn 0.707106781 0 0.707106781
vn 0 0 1
vn -0.707106781 0 0.707106781
vn -1 0 0
vn -0.707106781 0 -0.707106781
vn 0 -1 0
vn 0 1 -5.46571335e-14
vn 0 -1 0
vn 1.42679264e-15 1 -1.42679264e-15
vn 0 -1 0
vn 1.43543987e-15 1 0
vn 0 -1 0
vn 1.42679264e-15 1 1.42679264e-15
vn 0 -1 0
vn 0 1 5.46571335e-14
vn 0 -1 0
vn -1.42679264e-15 1 1.42679264e-15
vn 0 -1 0
vn -1.43543987e-15 1 0
vn 0 -1 0
vn -1.42679264e-15 1 -1.42679264e-15
vn 0 0 -1
vn 0.707106781 0 -0.707106781
vn 1 0 0
vn 0.707106781 0 0.707106781
vn 0 0 1
vn -0.707106781 0 0.707106781
vn -1 0 0
vn -0.707106781 0 -0.707106781
vn 0 -1 0
vn 0 1 -3.94745964e-14
vn 0 -1 0
vn 2.08983158e-14 1 -2.08983158e-14
vn 0 -1 0
vn 2.84217094e-14 1 0
vn 0 -1 0
vn 2.08983158e-14 1 2.08983158e-14
vn 0 -1 0
vn 0 1 3.94745964e-14
vn 0 -1 0
vn -2.08983158e-14 1 2.08983158e-14
vn 0 -1 0
vn -2.84217094e-14 1 0
vn 0 -1 0
vn -2.08983158e-14 1 -2.08983158e-14
vn 0 0 -1
vn 0.707106781 0 -0.707106781
vn 1 0 0
vn 0.707106781 0 0.707106781
vn 0 0 1
vn -0.707106781 0 0.707106781
vn -1 0 0
vn -0.707106781 0 -0.707106781
vn 0 -1 0
vn 0 1 -1.18423789e-13
vn 0 -1 0
vn 5.92118946e-14 1 -5.92118946e-14
vn 0 -1 0
vn 7.47939722e-14 1 0
vn 0 -1 0
vn 5.92118946e-14 1 5.92118946e-14
vn 0 -1 0
vn 0 1 1.18423789e-13
vn 0 -1 0
vn -5.92118946e-14 1 5.92118946e-14
vn 0 -1 0
vn -7.47939722e-14 1 0
vn 0 -1 0
vn -5.92118946e-14 1 -5.92118946e-14
vn 0 0 -1
vn 0.707106781 0 -0.707106781
vn 1 0 0
vn 0.707106781 0 0.707106781
vn 0 0 1
vn -0.707106781 0 0.707106781
vn -1 0 0
vn -0.707106781 0 -0.707106781
vn 0 -1 0
vn 0 1 -3.94745964e-14
vn 0 -1 0
vn 2.08983158e-14 1 -2.08983158e-14
vn 0 -1 0
vn 2.84217094e-14 1 0
vn 0 -1 0
vn 2.08983158e-14 1 2.08983158e-14
vn 0 -1 0
vn 0 1 3.94745964e-14
vn 0 -1 0
vn -2.08983158e-14 1 2.08983158e-14
vn 0 -1 0
vn -2.84217094e-14 1 0
vn 0 -1 0
vn -2.08983158e-14 1 -2.08983158e-14
vn 0 0 -1
vn 0.707106781 0 -0.707106781
vn 1 0 0
vn 0.707106781 0 0.707106781
vn 0 0 1
vn -0.707106781 0 0.707106781
vn -1 0 0
vn -0.707106781 0 -0.707106781
vn 0 -1 0
vn 0 1 -1.18423789e-13
vn 0 -1 0
vn 5.92118946e-14 1 -5.92118946e-14
vn 0 -1 0
vn 7.47939722e-14 1 0
vn 0 -1 0
vn 5.92118946e-14 1 5.92118946e-14
vn 0 -1 0
vn 0 1 1.18423789e-13
vn 0 -1 0
vn -5.92118946e-14 1 5.92118946e-14
vn 0 -1 0
vn -7.47939722e-14 1 0
vn 0 -1 0
vn -5.92118946e-14 1 -5.92118946e-14
vn 0 -0.707106781 -0.707106781
vn 0.577350269 -0.577350269 -0.577350269
vn 0.707106781 -0.707106781 0
vn 0.577350269 -0.577350269 0.577350269
vn 0 -0.707106781 0.707106781
vn -0.577350269 -0.577350269 0.577350269
vn -0.707106781 -0.707106781 0
vn -0.577350269 -0.577350269 -0.577350269
vn 0 0 -1
vn 0.707106781 0 -0.707106781
vn 1 0 0
vn 0.707106781 0 0.707106781
vn 0 0 1
vn -0.707106781 0 0.707106781
vn -1 0 0
vn -0.707106781 0 -0.707106781
vn 0 0.707106781 -0.707106781
vn 0.577350269 0.577350269 -0.577350269
vn 0.707106781 0.707106781 0
vn 0.577350269 0.577350269 0.577350269
vn 0 0.707106781 0.707106781
vn -0.577350269 0.577350269 0.577350269
vn -0.707106781 0.707106781 0
vn -0.577350269 0.577350269 -0.577350269
vn 0 -1 2.49313241e-15
vn 0 1 -2.49313241e-15
vn -7.98362624e-16 -1 7.98362624e-16
vn 7.98362624e-16 1 -7.98362624e-16
vn -1.08479807e-15 -1 0
vn 1.08479807e-15 1 0
vn -7.98362624e-16 -1 -7.98362624e-16
vn 7.98362624e-16 1 7.98362624e-16
vn 0 -1 -2.49313241e-15
vn 0 1 2.49313241e-15
vn 7.98362624e-16 -1 -7.98362624e-16
vn -7.98362624e-16 1 7.98362624e-16
vn 1.08479807e-15 -1 0
vn -1.08479807e-15 1 0
vn 7.98362624e-16 -1 7.98362624e-16
vn -7.98362624e-16 1 -7.98362624e-16
vn 0.695127504 -0.694338097 0.186258853
vn 0.62323427 -0.694338097 0.359824474
vn 0.508868651 -0.694338097 0.508868651
vn 0.359824474 -0.694338097 0.62323427
vn 0.186258853 -0.694338097 0.695127504
vn 0 -0.694338097 0.719648947
vn -0.186258853 -0.694338097 0.695127504
vn -0.359824474 -0.694338097 0.62323427
vn -0.508868651 -0.694338097 0.508868651
vn -0.62323427 -0.694338097 0.359824474
vn -0.695127504 -0.694338097 0.186258853
vn -0.719648947 -0.694338097 0
vn -0.695127504 -0.694338097 -0.186258853
vn -0.62323427 -0.694338097 -0.359824474
vn -0.508868651 -0.694338097 -0.508868651
vn -0.359824474 -0.694338097 -0.62323427
vn -0.186258853 -0.694338097 -0.695127504
vn -3.34200898e-16 -0.694338097 -0.719648947
vn 0.186258853 -0.694338097 -0.695127504
vn 0.359824474 -0.694338097 -0.62323427
vn 0.508868651 -0.694338097 -0.508868651
vn 0.62323427 -0.694338097 -0.359824474
vn 0.695127504 -0.694338097 -0.186258853
vn 0.719648947 -0.694338097 0
vn 0.965925826 0 0.258819045
vn 0.866025404 0 0.5
vn 0.707106781 0 0.707106781
vn 0.5 0 0.866025404
vn 0.258819045 0 0.965925826
vn 0 0 1
vn -0.258819045 0 0.965925826
vn -0.5 0 0.866025404
vn -0.707106781 0 0.707106781
vn -0.866025404 0 0.5
vn -0.965925826 0 0.258819045
vn -1 0 0
vn -0.965925826 0 -0.258819045
vn -0.866025404 0 -0.5
vn -0.707106781 0 -0.707106781
vn -0.5 0 -0.866025404
vn -0.258819045 0 -0.965925826
vn -4.69282702e-16 0 -1
vn 0.258819045 0 -0.965925826
vn 0.5 0 -0.866025404
vn 0.707106781 0 -0.707106781
vn 0.866025404 0 -0.5
vn 0.965925826 0 -0.258819045
vn 1 0 0
vn 0.695127504 0.694338097 0.186258853
vn 0.62323427 0.694338097 0.359824474
vn 0.508868651 0.694338097 0.508868651
vn 0.359824474 0.694338097 0.62323427
vn 0.186258853 0.694338097 0.695127504
vn 0 0.694338097 0.719648947
vn -0.186258853 0.694338097 0.695127504
vn -0.359824474 0.694338097 0.62323427
vn -0.508868651 0.694338097 0.508868651
vn -0.62323427 0.694338097 0.359824474
vn -0.695127504 0.694338097 0.186258853
vn -0.719648947 0.694338097 0
vn -0.695127504 0.694338097 -0.186258853
vn -0.62323427 0.694338097 -0.359824474
vn -0.508868651 0.694338097 -0.508868651
vn -0.359824474 0.694338097 -0.62323427
vn -0.186258853 0.694338097 -0.695127504
vn -3.50043515e-16 0.694338097 -0.719648947
vn 0.186258853 0.694338097 -0.695127504
vn 0.359824474 0.694338097 -0.62323427
vn 0.508868651 0.694338097 -0.508868651
vn 0.62323427 0.694338097 -0.359824474
vn 0.695127504 0.694338097 -0.186258853
vn 0.719648947 0.694338097 0
vn 0 -1 0
vn 0 1 0
vn 0 -1 0
vn 0 1 0
vn 0 -1 0
vn 0 1 0
vn 0 -1 0
vn 0 1 0
vn 0 -1 0
vn 0 1 0
vn 0 -1 0
vn 0 1 0
vn 0 -1 0
vn 0 1 0
vn 0 -1 0
vn 0 1 0
vn 0 -1 0
vn 0 1 0
vn 0 -1 0
vn 0 1 0
vn 0 -1 0
vn 0 1 0
vn 0 -1 0
vn 0 1 0
vn 0 -1 0
vn 0 1 0
vn 0 -1 0
vn 0 1 0
vn 0 -1 0
vn 0 1 0
vn 0 -1 0
vn 0 1 0
vn 0 -1 0
vn 0 1 0
vn 0 -1 0
vn 0 1 0
vn 0 -1 0
vn 0 1 0
vn 0 -1 0
vn 0 1 0
vn 0 -1 0
vn 0 1 0
vn 0 -1 0
vn 0 1 0
vn 0 -1 0
vn 0 1 0
vn 0 -1 0
vn 0 1 0
vn 0.685940558 -0.704062592 0.183797218
vn 0.614997479 -0.704062592 0.35506896
vn 0.502143339 -0.704062592 0.502143339
vn 0.35506896 -0.704062592 0.614997479
vn 0.183797218 -0.704062592 0.685940558
vn 0 -0.704062592 0.710137921
vn -0.183797218 -0.704062592 0.685940558
vn -0.35506896 -0.704062592 0.614997479
vn -0.502143339 -0.704062592 0.502143339
vn -0.614997479 -0.704062592 0.35506896
vn -0.685940558 -0.704062592 0.183797218
vn -0.710137921 -0.704062592 0
vn -0.685940558 -0.704062592 -0.183797218
vn -0.614997479 -0.704062592 -0.35506896
vn -0.502143339 -0.704062592 -0.502143339
vn -0.35506896 -0.704062592 -0.614997479
vn -0.183797218 -0.704062592 -0.685940558
vn -3.69000533e-16 -0.704062592 -0.710137921
vn 0.183797218 -0.704062592 -0.685940558
vn 0.35506896 -0.704062592 -0.614997479
vn 0.502143339 -0.704062592 -0.502143339
vn 0.614997479 -0.704062592 -0.35506896
vn 0.685940558 -0.704062592 -0.183797218
vn 0.710137921 -0.704062592 0
vn 0.965925826 0 0.258819045
vn 0.866025404 0 0.5
vn 0.707106781 0 0.707106781
vn 0.5 0 0.866025404
vn 0.258819045 0 0.965925826
vn 0 0 1
vn -0.258819045 0 0.965925826
vn -0.5 0 0.866025404
vn -0.707106781 0 0.707106781
vn -0.866025404 0 0.5
vn -0.965925826 0 0.258819045
vn -1 0 0
vn -0.965925826 0 -0.258819045
vn -0.866025404 0 -0.5
vn -0.707106781 0 -0.707106781
vn -0.5 0 -0.866025404
vn -0.258819045 0 -0.965925826
vn -5.11623998e-16 0 -1
vn 0.258819045 0 -0.965925826
vn 0.5 0 -0.866025404
vn 0.707106781 0 -0.707106781
vn 0.866025404 0 -0.5
vn 0.965925826 0 -0.258819045
vn 1 0 0
vn 0.685940558 0.704062592 0.183797218
vn 0.614997479 0.704062592 0.35506896
vn 0.502143339 0.704062592 0.502143339
vn 0.35506896 0.704062592 0.614997479
vn 0.183797218 0.704062592 0.685940558
vn 0 0.704062592 0.710137921
vn -0.183797218 0.704062592 0.685940558
vn -0.35506896 0.704062592 0.614997479
vn -0.502143339 0.704062592 0.502143339
vn -0.614997479 0.704062592 0.35506896
vn -0.685940558 0.704062592 0.183797218
vn -0.710137921 0.704062592 0
vn -0.685940558 0.704062592 -0.183797218
vn -0.614997479 0.704062592 -0.35506896
vn -0.502143339 0.704062592 -0.502143339
vn -0.35506896 0.704062592 -0.614997479
vn -0.183797218 0.704062592 -0.685940558
vn -3.67836035e-16 0.704062592 -0.710137921
vn 0.183797218 0.704062592 -0.685940558
vn 0.35506896 0.704062592 -0.614997479
vn 0.502143339 0.704062592 -0.502143339
vn 0.614997479 0.704062592 -0.35506896
vn 0.685940558 0.704062592 -0.183797218
vn 0.710137921 0.704062592 0
vn -2.13001202e-15 -1 -5.70735001e-16
vn 2.13001202e-15 1 5.70735001e-16
vn -1.90971653e-15 -1 -1.10257536e-15
vn 1.90971653e-15 1 1.10257536e-15
vn -1.55927702e-15 -1 -1.55927702e-15
vn 1.55927702e-15 1 1.55927702e-15
vn -1.10257536e-15 -1 -1.90971653e-15
vn 1.10257536e-15 1 1.90971653e-15
vn -5.70735001e-16 -1 -2.13001202e-15
vn 5.70735001e-16 1 2.13001202e-15
vn 0 -1 -2.20515071e-15
vn 0 1 2.20515071e-15
vn 5.70735001e-16 -1 -2.13001202e-15
vn -5.70735001e-16 1 2.13001202e-15
vn 1.10257536e-15 -1 -1.90971653e-15
vn -1.10257536e-15 1 1.90971653e-15
vn 1.55927702e-15 -1 -1.55927702e-15
vn -1.55927702e-15 1 1.55927702e-15
vn 1.90971653e-15 -1 -1.10257536e-15
vn -1.90971653e-15 1 1.10257536e-15
vn 2.13001202e-15 -1 -5.70735001e-16
vn -2.13001202e-15 1 5.70735001e-16
vn 2.20515071e-15 -1 0
vn -2.20515071e-15 1 0
vn 2.13001202e-15 -1 5.70735001e-16
vn -2.13001202e-15 1 -5.70735001e-16
vn 1.90971653e-15 -1 1.10257536e-15
vn -1.90971653e-15 1 -1.10257536e-15
vn 1.55927702e-15 -1 1.55927702e-15
vn -1.55927702e-15 1 -1.55927702e-15
vn 1.10257536e-15 -1 1.90971653e-15
vn -1.10257536e-15 1 -1.90971653e-15
vn 5.70735001e-16 -1 2.13001202e-15
vn -5.70735001e-16 1 -2.13001202e-15
vn 1.15424359e-30 -1 2.20515071e-15
vn -1.15424359e-30 1 -2.20515071e-15
vn -5.70735001e-16 -1 2.13001202e-15
vn 5.70735001e-16 1 -2.13001202e-15
vn -1.10257536e-15 -1 1.90971653e-15
vn 1.10257536e-15 1 -1.90971653e-15
vn -1.55927702e-15 -1 1.55927702e-15
vn 1.55927702e-15 1 -1.55927702e-15
vn -1.90971653e-15 -1 1.10257536e-15
vn 1.90971653e-15 1 -1.10257536e-15
vn -2.13001202e-15 -1 5.70735001e-16
vn 2.13001202e-15 1 -5.70735001e-16
vn -2.20515071e-15 -1 0
vn 2.20515071e-15 1 0
vn 0.685940558 -0.704062592 0.183797218
vn 0.614997479 -0.704062592 0.35506896
vn 0.502143339 -0.704062592 0.502143339
vn 0.35506896 -0.704062592 0.614997479
vn 0.183797218 -0.704062592 0.685940558
vn 0 -0.704062592 0.710137921
vn -0.183797218 -0.704062592 0.685940558
vn -0.35506896 -0.704062592 0.614997479
vn -0.502143339 -0.704062592 0.502143339
vn -0.614997479 -0.704062592 0.35506896
vn -0.685940558 -0.704062592 0.183797218
vn -0.710137921 -0.704062592 0
vn -0.685940558 -0.704062592 -0.183797218
vn -0.614997479 -0.704062592 -0.35506896
vn -0.502143339 -0.704062592 -0.502143339
vn -0.35506896 -0.704062592 -0.614997479
vn -0.183797218 -0.704062592 -0.685940558
vn -3.51554949e-16 -0.704062592 -0.710137921
vn 0.183797218 -0.704062592 -0.685940558
vn 0.35506896 -0.704062592 -0.614997479
vn 0.502143339 -0.704062592 -0.502143339
vn 0.614997479 -0.704062592 -0.35506896
vn 0.685940558 -0.704062592 -0.183797218
vn 0.710137921 -0.704062592 0
vn 0.965925826 0 0.258819045
vn 0.866025404 0 0.5
vn 0.707106781 0 0.707106781
vn 0.5 0 0.866025404
vn 0.258819045 0 0.965925826
vn 0 0 1
vn -0.258819045 0 0.965925826
vn -0.5 0 0.866025404
vn -0.707106781 0 0.707106781
vn -0.866025404 0 0.5
vn -0.965925826 0 0.258819045
vn -1 0 0
vn -0.965925826 0 -0.258819045
vn -0.866025404 0 -0.5
vn -0.707106781 0 -0.707106781
vn -0.5 0 -0.866025404
vn -0.258819045 0 -0.965925826
vn -4.87435471e-16 0 -1
vn 0.258819045 0 -0.965925826
vn 0.5 0 -0.866025404
vn 0.707106781 0 -0.707106781
vn 0.866025404 0 -0.5
vn 0.965925826 0 -0.258819045
vn 1 0 0
vn 0.685940558 0.704062592 0.183797218
vn 0.614997479 0.704062592 0.35506896
vn 0.502143339 0.704062592 0.502143339
vn 0.35506896 0.704062592 0.614997479
vn 0.183797218 0.704062592 0.685940558
vn 0 0.704062592 0.710137921
vn -0.183797218 0.704062592 0.685940558
vn -0.35506896 0.704062592 0.614997479
vn -0.502143339 0.704062592 0.502143339
vn -0.614997479 0.704062592 0.35506896
vn -0.685940558 0.704062592 0.183797218
vn -0.710137921 0.704062592 0
vn -0.685940558 0.704062592 -0.183797218
vn -0.614997479 0.704062592 -0.35506896
vn -0.502143339 0.704062592 -0.502143339
vn -0.35506896 0.704062592 -0.614997479
vn -0.183797218 0.704062592 -0.685940558
vn 0 0.704062592 -0.710137921
vn 0.183797218 0.704062592 -0.685940558
vn 0.35506896 0.704062592 -0.614997479
vn 0.502143339 0.704062592 -0.502143339
vn 0.614997479 0.704062592 -0.35506896
vn 0.685940558 0.704062592 -0.183797218
vn 0.710137921 0.704062592 0
vn -3.04064674e-15 -1 -8.14738838e-16
vn -2.02709783e-15 1 -5.43159225e-16
vn -2.72616928e-15 -1 -1.57395457e-15
vn -1.81744619e-15 1 -1.04930305e-15
vn -2.2259079e-15 -1 -2.2259079e-15
vn -1.4839386e-15 1 -1.4839386e-15
vn -1.57395457e-15 -1 -2.72616928e-15
vn -1.04930305e-15 1 -1.81744619e-15
vn -8.14738838e-16 -1 -3.04064674e-15
vn -5.43159225e-16 1 -2.02709783e-15
vn 0 -1 -3.14790914e-15
vn 0 1 -2.09860609e-15
vn 8.14738838e-16 -1 -3.04064674e-15
vn 5.43159225e-16 1 -2.02709783e-15
vn 1.57395457e-15 -1 -2.72616928e-15
vn 1.04930305e-15 1 -1.81744619e-15
vn 2.2259079e-15 -1 -2.2259079e-15
vn 1.4839386e-15 1 -1.4839386e-15
vn 2.72616928e-15 -1 -1.57395457e-15
vn 1.81744619e-15 1 -1.04930305e-15
vn 3.04064674e-15 -1 -8.14738838e-16
vn 2.02709783e-15 1 -5.43159225e-16
vn 3.14790914e-15 -1 0
vn 2.09860609e-15 1 0
vn 3.04064674e-15 -1 8.14738838e-16
vn 2.02709783e-15 1 5.43159225e-16
vn 2.72616928e-15 -1 1.57395457e-15
vn 1.81744619e-15 1 1.04930305e-15
vn 2.2259079e-15 -1 2.2259079e-15
vn 1.4839386e-15 1 1.4839386e-15
vn 1.57395457e-15 -1 2.72616928e-15
vn 1.04930305e-15 1 1.81744619e-15
vn 8.14738838e-16 -1 3.04064674e-15
vn 5.43159225e-16 1 2.02709783e-15
vn 0 -1 3.14790914e-15
vn 0 1 2.09860609e-15
vn -8.14738838e-16 -1 3.04064674e-15
vn -5.43159225e-16 1 2.02709783e-15
vn -1.57395457e-15 -1 2.72616928e-15
vn -1.04930305e-15 1 1.81744619e-15
vn -2.2259079e-15 -1 2.2259079e-15
vn -1.4839386e-15 1 1.4839386e-15
vn -2.72616928e-15 -1 1.57395457e-15
vn -1.81744619e-15 1 1.04930305e-15
vn -3.04064674e-15 -1 8.14738838e-16
vn -2.02709783e-15 1 5.43159225e-16
vn -3.14790914e-15 -1 0
vn -2.09860609e-15 1 0
vn 0.965925826 0 0.258819045
vn 0.866025404 0 0.5
vn 0.707106781 0 0.707106781
vn 0.5 0 0.866025404
vn 0.258819045 0 0.965925826
vn 0 0 1
vn -0.258819045 0 0.965925826
vn -0.5 0 0.866025404
vn -0.707106781 0 0.707106781
vn -0.866025404 0 0.5
vn -0.965925826 0 0.258819045
vn -1 0 0
vn -0.965925826 0 -0.258819045
vn -0.866025404 0 -0.5
vn -0.707106781 0 -0.707106781
vn -0.5 0 -0.866025404
vn -0.258819045 0 -0.965925826
vn 0 0 -1
vn 0.258819045 0 -0.965925826
vn 0.5 0 -0.866025404
vn 0.707106781 0 -0.707106781
vn 0.866025404 0 -0.5
vn 0.965925826 0 -0.258819045
vn 1 0 0
vn 0 1 0
vn 0 1 0
vn 0 1 0
vn 0 1 0
vn 0 1 0
vn 0 1 0
vn 0 1 0
vn 0 1 0
vn 0 1 0
vn 0 1 0
vn 0 1 0
vn 0 1 0
vn 0 1 0
vn 0 1 0
vn 0 1 0
vn 0 1 0
vn 0 1 0
vn 0 1 0
vn 0 1 0
vn 0 1 0
vn 0 1 0
vn 0 1 0
vn 0 1 0
vn 0 1 0
vn -0.965925826 0 -0.258819045
vn -0.866025404 0 -0.5
vn -0.707106781 0 -0.707106781
vn -0.5 0 -0.866025404
vn -0.258819045 0 -0.965925826
vn 0 0 -1
vn 0.258819045 0 -0.965925826
vn 0.5 0 -0.866025404
vn 0.707106781 0 -0.707106781
vn 0.866025404 0 -0.5
vn 0.965925826 0 -0.258819045
vn 1 0 0
vn 0.965925826 0 0.258819045
vn 0.866025404 0 0.5
vn 0.707106781 0 0.707106781
vn 0.5 0 0.866025404
vn 0.258819045 0 0.965925826
vn 5.98996406e-16 0 1
vn -0.258819045 0 0.965925826
vn -0.5 0 0.866025404
vn -0.707106781 0 0.707106781
vn -0.866025404 0 0.5
vn -0.965925826 0 0.258819045
vn -1 0 0
vn 0 -1 0
vn 0 -1 0
vn 0 -1 0
vn 0 -1 0
vn 0 -1 0
vn 0 -1 0
vn 0 -1 0
vn 0 -1 0
vn 0 -1 0
vn 0 -1 0
vn 0 -1 0
vn 0 -1 0
vn 0 -1 0
vn 0 -1 0
vn 0 -1 0
vn 0 -1 0
vn 0 -1 0
vn 0 -1 0
vn 0 -1 0
vn 0 -1 0
vn 0 -1 0
vn 0 -1 0
vn 0 -1 0
vn 0 -1 0
vn 0.965925826 0 0.258819045
vn 0.866025404 0 0.5
vn 0.707106781 0 0.707106781
vn 0.5 0 0.866025404
vn 0.258819045 0 0.965925826
vn 0 0 1
vn -0.258819045 0 0.965925826
vn -0.5 0 0.866025404
vn -0.707106781 0 0.707106781
vn -0.866025404 0 0.5
vn -0.965925826 0 0.258819045
vn -1 0 0
vn -0.965925826 0 -0.258819045
vn -0.866025404 0 -0.5
vn -0.707106781 0 -0.707106781
vn -0.5 0 -0.866025404
vn -0.258819045 0 -0.965925826
vn -5.24237224e-16 0 -1
vn 0.258819045 0 -0.965925826
vn 0.5 0 -0.866025404
vn 0.707106781 0 -0.707106781
vn 0.866025404 0 -0.5
vn 0.965925826 0 -0.258819045
vn 1 0 0
vn 0 1 0
vn 0 1 0
vn 0 1 0
vn 0 1 0
vn 0 1 0
vn 0 1 0
vn 0 1 0
vn 0 1 0
vn 0 1 0
vn 0 1 0
vn 0 1 0
vn 0 1 0
vn 0 1 0
vn 0 1 0
vn 0 1 0
vn 0 1 0
vn 0 1 0
vn 0 1 0
vn 0 1 0
vn 0 1 0
vn 0 1 0
vn 0 1 0
vn 0 1 0
vn 0 1 0
vn -0.965925826 0 -0.258819045
vn -0.866025404 0 -0.5
vn -0.707106781 0 -0.707106781
vn -0.5 0 -0.866025404
vn -0.258819045 0 -0.965925826
vn 0 0 -1
vn 0.258819045 0 -0.965925826
vn 0.5 0 -0.866025404
vn 0.707106781 0 -0.707106781
vn 0.866025404 0 -0.5
vn 0.965925826 0 -0.258819045
vn 1 0 0
vn 0.965925826 0 0.258819045
vn 0.866025404 0 0.5
vn 0.707106781 0 0.707106781
vn 0.5 0 0.866025404
vn 0.258819045 0 0.965925826
vn 5.52321361e-16 0 1
vn -0.258819045 0 0.965925826
vn -0.5 0 0.866025404
vn -0.707106781 0 0.707106781
vn -0.866025404 0 0.5
vn -0.965925826 0 0.258819045
vn -1 0 0
vn 0 -1 0
vn 0 -1 0
vn 0 -1 0
vn 0 -1 0
vn 0 -1 0
vn 0 -1 0
vn 0 -1 0
vn 0 -1 0
vn 0 -1 0
vn 0 -1 0
vn 0 -1 0
vn 0 -1 0
vn 0 -1 0
vn 0 -1 0
vn 0 -1 0
vn 0 -1 0
vn 0 -1 0
vn 0 -1 0
vn 0 -1 0
vn 0 -1 0
vn 0 -1 0
vn 0 -1 0
vn 0 -1 0
vn 0 -1 0
vn 0.685940558 -0.704062592 0.183797218
vn 0.614997479 -0.704062592 0.35506896
vn 0.502143339 -0.704062592 0.502143339
vn 0.35506896 -0.704062592 0.614997479
vn 0.183797218 -0.704062592 0.685940558
vn 0 -0.704062592 0.710137921
vn -0.183797218 -0.704062592 0.685940558
vn -0.35506896 -0.704062592 0.614997479
vn -0.502143339 -0.704062592 0.502143339
vn -0.614997479 -0.704062592 0.35506896
vn -0.685940558 -0.704062592 0.183797218
vn -0.710137921 -0.704062592 0
vn -0.685940558 -0.704062592 -0.183797218
vn -0.614997479 -0.704062592 -0.35506896
vn -0.502143339 -0.704062592 -0.502143339
vn -0.35506896 -0.704062592 -0.614997479
vn -0.183797218 -0.704062592 -0.685940558
vn -4.28995375e-16 -0.704062592 -0.710137921
vn 0.183797218 -0.704062592 -0.685940558
vn 0.35506896 -0.704062592 -0.614997479
vn 0.502143339 -0.704062592 -0.502143339
vn 0.614997479 -0.704062592 -0.35506896
vn 0.685940558 -0.704062592 -0.183797218
vn 0.710137921 -0.704062592 0
vn 0.965925826 0 0.258819045
vn 0.866025404 0 0.5
vn 0.707106781 0 0.707106781
vn 0.5 0 0.866025404
vn 0.258819045 0 0.965925826
vn 0 0 1
vn -0.258819045 0 0.965925826
vn -0.5 0 0.866025404
vn -0.707106781 0 0.707106781
vn -0.866025404 0 0.5
vn -0.965925826 0 0.258819045
vn -1 0 0
vn -0.965925826 0 -0.258819045
vn -0.866025404 0 -0.5
vn -0.707106781 0 -0.707106781
vn -0.5 0 -0.866025404
vn -0.258819045 0 -0.965925826
vn -5.9480762e-16 0 -1
vn 0.258819045 0 -0.965925826
vn 0.5 0 -0.866025404
vn 0.707106781 0 -0.707106781
vn 0.866025404 0 -0.5
vn 0.965925826 0 -0.258819045
vn 1 0 0
vn 0.685940558 0.704062592 0.183797218
vn 0.614997479 0.704062592 0.35506896
vn 0.502143339 0.704062592 0.502143339
vn 0.35506896 0.704062592 0.614997479
vn 0.183797218 0.704062592 0.685940558
vn 0 0.704062592 0.710137921
vn -0.183797218 0.704062592 0.685940558
vn -0.35506896 0.704062592 0.614997479
vn -0.502143339 0.704062592 0.502143339
vn -0.614997479 0.704062592 0.35506896
vn -0.685940558 0.704062592 0.183797218
vn -0.710137921 0.704062592 0
vn -0.685940558 0.704062592 -0.183797218
vn -0.614997479 0.704062592 -0.35506896
vn -0.502143339 0.704062592 -0.502143339
vn -0.35506896 0.704062592 -0.614997479
vn -0.183797218 0.704062592 -0.685940558
vn -4.29252105e-16 0.704062592 -0.710137921
vn 0.183797218 0.704062592 -0.685940558
vn 0.35506896 0.704062592 -0.614997479
vn 0.502143339 0.704062592 -0.502143339
vn 0.614997479 0.704062592 -0.35506896
vn 0.685940558 0.704062592 -0.183797218
vn 0.710137921 0.704062592 0
vn 4.97130275e-15 -1 1.33205656e-15
vn 4.97130275e-15 1 1.33205656e-15
vn 4.45714811e-15 -1 2.57333566e-15
vn 4.45714811e-15 1 2.57333566e-15
vn 3.63924619e-15 -1 3.63924619e-15
vn 3.63924619e-15 1 3.63924619e-15
vn 2.57333566e-15 -1 4.45714811e-15
vn 2.57333566e-15 1 4.45714811e-15
vn 1.33205656e-15 -1 4.97130275e-15
vn 1.33205656e-15 1 4.97130275e-15
vn 0 -1 5.14667132e-15
vn 0 1 5.14667132e-15
vn -1.33205656e-15 -1 4.97130275e-15
vn -1.33205656e-15 1 4.97130275e-15
vn -2.57333566e-15 -1 4.45714811e-15
vn -2.57333566e-15 1 4.45714811e-15
vn -3.63924619e-15 -1 3.63924619e-15
vn -3.63924619e-15 1 3.63924619e-15
vn -4.45714811e-15 -1 2.57333566e-15
vn -4.45714811e-15 1 2.57333566e-15
vn -4.97130275e-15 -1 1.33205656e-15
vn -4.97130275e-15 1 1.33205656e-15
vn -5.14667132e-15 -1 0
vn -5.14667132e-15 1 0
vn -4.97130275e-15 -1 -1.33205656e-15
vn -4.97130275e-15 1 -1.33205656e-15
vn -4.45714811e-15 -1 -2.57333566e-15
vn -4.45714811e-15 1 -2.57333566e-15
vn -3.63924619e-15 -1 -3.63924619e-15
vn -3.63924619e-15 1 -3.63924619e-15
vn -2.57333566e-15 -1 -4.45714811e-15
vn -2.57333566e-15 1 -4.45714811e-15
vn -1.33205656e-15 -1 -4.97130275e-15
vn -1.33205656e-15 1 -4.97130275e-15
vn -3.14371951e-30 -1 -5.14667132e-15
vn -3.14371951e-30 1 -5.14667132e-15
vn 1.33205656e-15 -1 -4.97130275e-15
vn 1.33205656e-15 1 -4.97130275e-15
vn 2.57333566e-15 -1 -4.45714811e-15
vn 2.57333566e-15 1 -4.45714811e-15
vn 3.63924619e-15 -1 -3.63924619e-15
vn 3.63924619e-15 1 -3.63924619e-15
vn 4.45714811e-15 -1 -2.57333566e-15
vn 4.45714811e-15 1 -2.57333566e-15
vn 4.97130275e-15 -1 -1.33205656e-15
vn 4.97130275e-15 1 -1.33205656e-15
vn 5.14667132e-15 -1 0
vn 5.14667132e-15 1 0
vn 0.685940558 -0.704062592 0.183797218
vn 0.614997479 -0.704062592 0.35506896
vn 0.502143339 -0.704062592 0.502143339
vn 0.35506896 -0.704062592 0.614997479
vn 0.183797218 -0.704062592 0.685940558
vn 0 -0.704062592 0.710137921
vn -0.183797218 -0.704062592 0.685940558
vn -0.35506896 -0.704062592 0.614997479
vn -0.502143339 -0.704062592 0.502143339
vn -0.614997479 -0.704062592 0.35506896
vn -0.685940558 -0.704062592 0.183797218
vn -0.710137921 -0.704062592 0
vn -0.685940558 -0.704062592 -0.183797218
vn -0.614997479 -0.704062592 -0.35506896
vn -0.502143339 -0.704062592 -0.502143339
vn -0.35506896 -0.704062592 -0.614997479
vn -0.183797218 -0.704062592 -0.685940558
vn 0 -0.704062592 -0.710137921
vn 0.183797218 -0.704062592 -0.685940558
vn 0.35506896 -0.704062592 -0.614997479
vn 0.502143339 -0.704062592 -0.502143339
vn 0.614997479 -0.704062592 -0.35506896
vn 0.685940558 -0.704062592 -0.183797218
vn 0.710137921 -0.704062592 0
vn -0.965925826 0 -0.258819045
vn -0.866025404 0 -0.5
vn -0.707106781 0 -0.707106781
vn -0.5 0 -0.866025404
vn -0.258819045 0 -0.965925826
vn 0 0 -1
vn 0.258819045 0 -0.965925826
vn 0.5 0 -0.866025404
vn 0.707106781 0 -0.707106781
vn 0.866025404 0 -0.5
vn 0.965925826 0 -0.258819045
vn 1 0 0
vn 0.965925826 0 0.258819045
vn 0.866025404 0 0.5
vn 0.707106781 0 0.707106781
vn 0.5 0 0.866025404
vn 0.258819045 0 0.965925826
vn 0 0 1
vn -0.258819045 0 0.965925826
vn -0.5 0 0.866025404
vn -0.707106781 0 0.707106781
vn -0.866025404 0 0.5
vn -0.965925826 0 0.258819045
vn -1 0 0
vn 0.685940558 0.704062592 0.183797218
vn 0.614997479 0.704062592 0.35506896
vn 0.502143339 0.704062592 0.502143339
vn 0.35506896 0.704062592 0.614997479
vn 0.183797218 0.704062592 0.685940558
vn 0 0.704062592 0.710137921
vn -0.183797218 0.704062592 0.685940558
vn -0.35506896 0.704062592 0.614997479
vn -0.502143339 0.704062592 0.502143339
vn -0.614997479 0.704062592 0.35506896
vn -0.685940558 0.704062592 0.183797218
vn -0.710137921 0.704062592 0
vn -0.685940558 0.704062592 -0.183797218
vn -0.614997479 0.704062592 -0.35506896
vn -0.502143339 0.704062592 -0.502143339
vn -0.35506896 0.704062592 -0.614997479
vn -0.183797218 0.704062592 -0.685940558
vn -1.16630938e-15 0.704062592 -0.710137921
vn 0.183797218 0.704062592 -0.685940558
vn 0.35506896 0.704062592 -0.614997479
vn 0.502143339 0.704062592 -0.502143339
vn 0.614997479 0.704062592 -0.35506896
vn 0.685940558 0.704062592 -0.183797218
vn 0.710137921 0.704062592 0
vn 0 -1 0
vn 0 1 0
vn 0 -1 0
vn 0 1 0
vn 0 -1 0
vn 0 1 0
vn 0 -1 0
vn 0 1 0
vn 0 -1 0
vn 0 1 0
vn 0 -1 0
vn 0 1 0
vn 0 -1 0
vn 0 1 0
vn 0 -1 0
vn 0 1 0
vn 0 -1 0
vn 0 1 0
vn 0 -1 0
vn 0 1 0
vn 0 -1 0
vn 0 1 0
vn 0 -1 0
vn 0 1 0
vn 0 -1 0
vn 0 1 0
vn 0 -1 0
vn 0 1 0
vn 0 -1 0
vn 0 1 0
vn 0 -1 0
vn 0 1 0
vn 0 -1 0
vn 0 1 0
vn 0 -1 0
vn 0 1 0
vn 0 -1 0
vn 0 1 0
vn 0 -1 0
vn 0 1 0
vn 0 -1 0
vn 0 1 0
vn 0 -1 0
vn 0 1 0
vn 0 -1 0
vn 0 1 0
vn 0 -1 0
vn 0 1 0
vn 0 -0.707106781 -0.707106781
vn 0.577350269 -0.577350269 -0.577350269
vn 0.707106781 -0.707106781 0
vn 0.577350269 -0.577350269 0.577350269
vn 0 -0.707106781 0.707106781
vn -0.577350269 -0.577350269 0.577350269
vn -0.707106781 -0.707106781 0
vn -0.577350269 -0.577350269 -0.577350269
vn 0 0 -1
vn 0.707106781 0 -0.707106781
vn 1 0 0
vn 0.707106781 0 0.707106781
vn 0 0 1
vn -0.707106781 0 0.707106781
vn -1 0 0
vn -0.707106781 0 -0.707106781
vn 0 0.707106781 -0.707106781
vn 0.577350269 0.577350269 -0.577350269
vn 0.707106781 0.707106781 0
vn 0.577350269 0.577350269 0.577350269
vn 0 0.707106781 0.707106781
vn -0.577350269 0.577350269 0.577350269
vn -0.707106781 0.707106781 0
vn -0.577350269 0.577350269 -0.577350269
vn 0 -1 0
vn 0 1 0
vn 0 -1 0
vn 0 1 0
vn 0 -1 0
vn 0 1 0
vn 0 -1 0
vn 0 1 0
vn 0 -1 0
vn 0 1 0
vn 0 -1 0
vn 0 1 0
vn 0 -1 0
vn 0 1 0
vn 0 -1 0
vn 0 1 0
vn 0 -0.707106781 -0.707106781
vn 0.577350269 -0.577350269 -0.577350269
vn 0.707106781 -0.707106781 0
vn 0.577350269 -0.577350269 0.577350269
vn 0 -0.707106781 0.707106781
vn -0.577350269 -0.577350269 0.577350269
vn -0.707106781 -0.707106781 0
vn -0.577350269 -0.577350269 -0.577350269
vn 0 0 -1
vn 0.707106781 0 -0.707106781
vn 1 0 0
vn 0.707106781 0 0.707106781
vn 0 0 1
vn -0.707106781 0 0.707106781
vn -1 0 0
vn -0.707106781 0 -0.707106781
vn 0 0.707106781 -0.707106781
vn 0.577350269 0.577350269 -0.577350269
vn 0.707106781 0.707106781 0
vn 0.577350269 0.577350269 0.577350269
vn 0 0.707106781 0.707106781
vn -0.577350269 0.577350269 0.577350269
vn -0.707106781 0.707106781 0
vn -0.577350269 0.577350269 -0.577350269
vn 0 -1 0
vn 0 1 0
vn 0 -1 0
vn 0 1 0
vn 0 -1 0
vn 0 1 0
vn 0 -1 0
vn 0 1 0
vn 0 -1 0
vn 0 1 0
vn 0 -1 0
vn 0 1 0
vn 0 -1 0
vn 0 1 0
vn 0 -1 0
vn 0 1 0
vn 0 -0.707106781 -0.707106781
vn 0.577350269 -0.577350269 -0.577350269
vn 0.707106781 -0.707106781 0
vn 0.577350269 -0.577350269 0.577350269
vn 0 -0.707106781 0.707106781
vn -0.577350269 -0.577350269 0.577350269
vn -0.707106781 -0.707106781 0
vn -0.577350269 -0.577350269 -0.577350269
vn 0 0 -1
vn 0.707106781 0 -0.707106781
vn 1 0 0
vn 0.707106781 0 0.707106781
vn 0 0 1
vn -0.707106781 0 0.707106781
vn -1 0 0
vn -0.707106781 0 -0.707106781
vn 0 0.707106781 -0.707106781
vn 0.577350269 0.577350269 -0.577350269
vn 0.707106781 0.707106781 0
vn 0.577350269 0.577350269 0.577350269
vn 0 0.707106781 0.707106781
vn -0.577350269 0.577350269 0.577350269
vn -0.707106781 0.707106781 0
vn -0.577350269 0.577350269 -0.577350269
vn 0 -1 0
vn 0 1 0
vn 0 -1 0
vn 0 1 0
vn 0 -1 0
vn 0 1 0
vn 0 -1 0
vn 0 1 0
vn 0 -1 0
vn 0 1 0
vn 0 -1 0
vn 0 1 0
vn 0 -1 0
vn 0 1 0
vn 0 -1 0
vn 0 1 0
vn 0 -0.707106781 -0.707106781
vn 0.577350269 -0.577350269 -0.577350269
vn 0.707106781 -0.707106781 0
vn 0.577350269 -0.577350269 0.577350269
vn 0 -0.707106781 0.707106781
vn -0.577350269 -0.577350269 0.577350269
vn -0.707106781 -0.707106781 0
vn -0.577350269 -0.577350269 -0.577350269
vn 0 0 -1
vn 0.707106781 0 -0.707106781
vn 1 0 0
vn 0.707106781 0 0.707106781
vn 0 0 1
vn -0.707106781 0 0.707106781
vn -1 0 0
vn -0.707106781 0 -0.707106781
vn 0 0.707106781 -0.707106781
vn 0.577350269 0.577350269 -0.577350269
vn 0.707106781 0.707106781 0
vn 0.577350269 0.577350269 0.577350269
vn 0 0.707106781 0.707106781
vn -0.577350269 0.577350269 0.577350269
vn -0.707106781 0.707106781 0
vn -0.577350269 0.577350269 -0.577350269
vn 0 -1 0
vn 0 1 0
vn 0 -1 0
vn 0 1 0
vn 0 -1 0
vn 0 1 0
vn 0 -1 0
vn 0 1 0
vn 0 -1 0
vn 0 1 0
vn 0 -1 0
vn 0 1 0
vn 0 -1 0
vn 0 1 0
vn 0 -1 0
vn 0 1 0
vn 0 -0.707106781 -0.707106781
vn 0.577350269 -0.577350269 -0.577350269
vn 0.707106781 -0.707106781 0
vn 0.577350269 -0.577350269 0.577350269
vn 0 -0.707106781 0.707106781
vn -0.577350269 -0.577350269 0.577350269
vn -0.707106781 -0.707106781 0
vn -0.577350269 -0.577350269 -0.577350269
vn 0 0 -1
vn 0.707106781 0 -0.707106781
vn 1 0 0
vn 0.707106781 0 0.707106781
vn 0 0 1
vn -0.707106781 0 0.707106781
vn -1 0 0
vn -0.707106781 0 -0.707106781
vn 0 0.707106781 -0.707106781
vn 0.577350269 0.577350269 -0.577350269
vn 0.707106781 0.707106781 0
vn 0.577350269 0.577350269 0.577350269
vn 0 0.707106781 0.707106781
vn -0.577350269 0.577350269 0.577350269
vn -0.707106781 0.707106781 0
vn -0.577350269 0.577350269 -0.577350269
vn 0 -1 0
vn 0 1 0
vn 0 -1 0
vn 0 1 0
vn 0 -1 0
vn 0 1 0
vn 0 -1 0
vn 0 1 0
vn 0 -1 0
vn 0 1 0
vn 0 -1 0
vn 0 1 0
vn 0 -1 0
vn 0 1 0
vn 0 -1 0
vn 0 1 0
vn 0 -0.707106781 -0.707106781
vn 0.577350269 -0.577350269 -0.577350269
vn 0.707106781 -0.707106781 0
vn 0.577350269 -0.577350269 0.577350269
vn 0 -0.707106781 0.707106781
vn -0.577350269 -0.577350269 0.577350269
vn -0.707106781 -0.707106781 0
vn -0.577350269 -0.577350269 -0.577350269
vn 0 0 -1
vn 0.707106781 0 -0.707106781
vn 1 0 0
vn 0.707106781 0 0.707106781
vn 0 0 1
vn -0.707106781 0 0.707106781
vn -1 0 0
vn -0.707106781 0 -0.707106781
vn 0 0.707106781 -0.707106781
vn 0.577350269 0.577350269 -0.577350269
vn 0.707106781 0.707106781 0
vn 0.577350269 0.577350269 0.577350269
vn 0 0.707106781 0.707106781
vn -0.577350269 0.577350269 0.577350269
vn -0.707106781 0.707106781 0
vn -0.577350269 0.577350269 -0.577350269
vn 0 -1 0
vn 0 1 0
vn 0 -1 0
vn 0 1 0
vn 0 -1 0
vn 0 1 0
vn 0 -1 0
vn 0 1 0
vn 0 -1 0
vn 0 1 0
vn 0 -1 0
vn 0 1 0
vn 0 -1 0
vn 0 1 0
vn 0 -1 0
vn 0 1 0
vn 0 -0.707106781 -0.707106781
vn 0.577350269 -0.577350269 -0.577350269
vn 0.707106781 -0.707106781 0
vn 0.577350269 -0.577350269 0.577350269
vn 0 -0.707106781 0.707106781
vn -0.577350269 -0.577350269 0.577350269
vn -0.707106781 -0.707106781 0
vn -0.577350269 -0.577350269 -0.577350269
vn 0 0 -1
vn 0.707106781 0 -0.707106781
vn 1 0 0
vn 0.707106781 0 0.707106781
vn 0 0 1
vn -0.707106781 0 0.707106781
vn -1 0 0
vn -0.707106781 0 -0.707106781
vn 0 0.707106781 -0.707106781
vn 0.577350269 0.577350269 -0.577350269
vn 0.707106781 0.707106781 0
vn 0.577350269 0.577350269 0.577350269
vn 0 0.707106781 0.707106781
vn -0.577350269 0.577350269 0.577350269
vn -0.707106781 0.707106781 0
vn -0.577350269 0.577350269 -0.577350269
vn 0 -1 0
vn 0 1 0
vn 0 -1 0
vn 0 1 0
vn 0 -1 0
vn 0 1 0
vn 0 -1 0
vn 0 1 0
vn 0 -1 0
vn 0 1 0
vn 0 -1 0
vn 0 1 0
vn 0 -1 0
vn 0 1 0
vn 0 -1 0
vn 0 1 0
vn 0 -0.707106781 -0.707106781
vn 0.577350269 -0.577350269 -0.577350269
vn 0.707106781 -0.707106781 0
vn 0.577350269 -0.577350269 0.577350269
vn 0 -0.707106781 0.707106781
vn -0.577350269 -0.577350269 0.577350269
vn -0.707106781 -0.707106781 0
vn -0.577350269 -0.577350269 -0.577350269
vn 0 0 -1
vn 0.707106781 0 -0.707106781
vn 1 0 0
vn 0.707106781 0 0.707106781
vn 0 0 1
vn -0.707106781 0 0.707106781
vn -1 0 0
vn -0.707106781 0 -0.707106781
vn 0 0.707106781 -0.707106781
vn 0.577350269 0.577350269 -0.577350269
vn 0.707106781 0.707106781 0
vn 0.577350269 0.577350269 0.577350269
vn 0 0.707106781 0.707106781
vn -0.577350269 0.577350269 0.577350269
vn -0.707106781 0.707106781 0
vn -0.577350269 0.577350269 -0.577350269
vn 0 -1 0
vn 0 1 0
vn 0 -1 0
vn 0 1 0
vn 0 -1 0
vn 0 1 0
vn 0 -1 0
vn 0 1 0
vn 0 -1 0
vn 0 1 0
vn 0 -1 0
vn 0 1 0
vn 0 -1 0
vn 0 1 0
vn 0 -1 0
vn 0 1 0
vn 0 -0.707106781 -0.707106781
vn 0.577350269 -0.577350269 -0.577350269
vn 0.707106781 -0.707106781 0
vn 0.577350269 -0.577350269 0.577350269
vn 0 -0.707106781 0.707106781
vn -0.577350269 -0.577350269 0.577350269
vn -0.707106781 -0.707106781 0
vn -0.577350269 -0.577350269 -0.577350269
vn 0 0 -1
vn 0.707106781 0 -0.707106781
vn 1 0 0
vn 0.707106781 0 0.707106781
vn 0 0 1
vn -0.707106781 0 0.707106781
vn -1 0 0
vn -0.707106781 0 -0.707106781
vn 0 0.707106781 -0.707106781
vn 0.577350269 0.577350269 -0.577350269
vn 0.707106781 0.707106781 0
vn 0.577350269 0.577350269 0.577350269
vn 0 0.707106781 0.707106781
vn -0.577350269 0.577350269 0.577350269
vn -0.707106781 0.707106781 0
vn -0.577350269 0.577350269 -0.577350269
vn 0 -1 0
vn 0 1 0
vn 0 -1 0
vn 0 1 0
vn 0 -1 0
vn 0 1 0
vn 0 -1 0
vn 0 1 0
vn 0 -1 0
vn 0 1 0
vn 0 -1 0
vn 0 1 0
vn 0 -1 0
vn 0 1 0
vn 0 -1 0
vn 0 1 0
vn 0 -0.707106781 -0.707106781
vn 0.577350269 -0.577350269 -0.577350269
vn 0.707106781 -0.707106781 0
vn 0.577350269 -0.577350269 0.577350269
vn 0 -0.707106781 0.707106781
vn -0.577350269 -0.577350269 0.577350269
vn -0.707106781 -0.707106781 0
vn -0.577350269 -0.577350269 -0.577350269
vn 0 0 -1
vn 0.707106781 0 -0.707106781
vn 1 0 0
vn 0.707106781 0 0.707106781
vn 0 0 1
vn -0.707106781 0 0.707106781
vn -1 0 0
vn -0.707106781 0 -0.707106781
vn 0 0.707106781 -0.707106781
vn 0.577350269 0.577350269 -0.577350269
vn 0.707106781 0.707106781 0
vn 0.577350269 0.577350269 0.577350269
vn 0 0.707106781 0.707106781
vn -0.577350269 0.577350269 0.577350269
vn -0.707106781 0.707106781 0
vn -0.577350269 0.577350269 -0.577350269
vn 0 -1 0
vn 0 1 0
vn 0 -1 0
vn 0 1 0
vn 0 -1 0
vn 0 1 0
vn 0 -1 0
vn 0 1 0
vn 0 -1 0
vn 0 1 0
vn 0 -1 0
vn 0 1 0
vn 0 -1 0
vn 0 1 0
vn 0 -1 0
vn 0 1 0
vn 0 -0.707106781 -0.707106781
vn 0.577350269 -0.577350269 -0.577350269
vn 0.707106781 -0.707106781 0
vn 0.577350269 -0.577350269 0.577350269
vn 0 -0.707106781 0.707106781
vn -0.577350269 -0.577350269 0.577350269
vn -0.707106781 -0.707106781 0
vn -0.577350269 -0.577350269 -0.577350269
vn 0 0 -1
vn 0.707106781 0 -0.707106781
vn 1 0 0
vn 0.707106781 0 0.707106781
vn 0 0 1
vn -0.707106781 0 0.707106781
vn -1 0 0
vn -0.707106781 0 -0.707106781
vn 0 0.707106781 -0.707106781
vn 0.577350269 0.577350269 -0.577350269
vn 0.707106781 0.707106781 0
vn 0.577350269 0.577350269 0.577350269
vn 0 0.707106781 0.707106781
vn -0.577350269 0.577350269 0.577350269
vn -0.707106781 0.707106781 0
vn -0.577350269 0.577350269 -0.577350269
vn 0 -1 0
vn 0 1 0
vn 0 -1 0
vn 0 1 0
vn 0 -1 0
vn 0 1 0
vn 0 -1 0
vn 0 1 0
vn 0 -1 0
vn 0 1 0
vn 0 -1 0
vn 0 1 0
vn 0 -1 0
vn 0 1 0
vn 0 -1 0
vn 0 1 0
vn 0 -0.707106781 -0.707106781
vn 0.577350269 -0.577350269 -0.577350269
vn 0.707106781 -0.707106781 0
vn 0.577350269 -0.577350269 0.577350269
vn 0 -0.707106781 0.707106781
vn -0.577350269 -0.577350269 0.577350269
vn -0.707106781 -0.707106781 0
vn -0.577350269 -0.577350269 -0.577350269
vn 0 0 -1
vn 0.707106781 0 -0.707106781
vn 1 0 0
vn 0.707106781 0 0.707106781
vn 0 0 1
vn -0.707106781 0 0.707106781
vn -1 0 0
vn -0.707106781 0 -0.707106781
vn 0 0.707106781 -0.707106781
vn 0.577350269 0.577350269 -0.577350269
vn 0.707106781 0.707106781 0
vn 0.577350269 0.577350269 0.577350269
vn 0 0.707106781 0.707106781
vn -0.577350269 0.577350269 0.577350269
vn -0.707106781 0.707106781 0
vn -0.577350269 0.577350269 -0.577350269
vn 0 -1 0
vn 0 1 0
vn 0 -1 0
vn 0 1 0
vn 0 -1 0
vn 0 1 0
vn 0 -1 0
vn 0 1 0
vn 0 -1 0
vn 0 1 0
vn 0 -1 0
vn 0 1 0
vn 0 -1 0
vn 0 1 0
vn 0 -1 0
vn 0 1 0
vn 0 -0.786318339 -0.617821552
vn 0.40824829 -0.816496581 -0.40824829
vn 0.617821552 -0.786318339 0
vn 0.40824829 -0.816496581 0.40824829
vn 0 -0.786318339 0.617821552
vn -0.40824829 -0.816496581 0.40824829
vn -0.617821552 -0.786318339 0
vn -0.40824829 -0.816496581 -0.40824829
vn 0 0 -1
vn 0.707106781 0 -0.707106781
vn 1 0 0
vn 0.707106781 0 0.707106781
vn 0 0 1
vn -0.707106781 0 0.707106781
vn -1 0 0
vn -0.707106781 0 -0.707106781
vn 0 0.672672794 -0.739940073
vn 0.525600331 0.668945876 -0.525600331
vn 0.739940073 0.672672794 0
vn 0.525600331 0.668945876 0.525600331
vn 0 0.672672794 0.739940073
vn -0.525600331 0.668945876 0.525600331
vn -0.739940073 0.672672794 0
vn -0.525600331 0.668945876 -0.525600331
vn 0 -1 3.66259142e-15
vn 0 1 3.5175383e-15
vn -2.31070808e-15 -1 2.31070808e-15
vn -2.19642268e-15 1 2.19642268e-15
vn -4.95151732e-15 -1 0
vn -4.69005106e-15 1 0
vn -2.31070808e-15 -1 -2.31070808e-15
vn -2.19642268e-15 1 -2.19642268e-15
vn 0 -1 -3.66259142e-15
vn 0 1 -3.5175383e-15
vn 2.31070808e-15 -1 -2.31070808e-15
vn 2.19642268e-15 1 -2.19642268e-15
vn 4.95151732e-15 -1 0
vn 4.69005106e-15 1 0
vn 2.31070808e-15 -1 2.31070808e-15
vn 2.19642268e-15 1 2.19642268e-15
vn 0 -0.786318339 -0.617821552
vn 0.40824829 -0.816496581 -0.40824829
vn 0.617821552 -0.786318339 0
vn 0.40824829 -0.816496581 0.40824829
vn 0 -0.786318339 0.617821552
vn -0.40824829 -0.816496581 0.40824829
vn -0.617821552 -0.786318339 0
vn -0.40824829 -0.816496581 -0.40824829
vn 0 0 -1
vn 0.707106781 0 -0.707106781
vn 1 0 0
vn 0.707106781 0 0.707106781
vn 0 0 1
vn -0.707106781 0 0.707106781
vn -1 0 0
vn -0.707106781 0 -0.707106781
vn 0 0.672672794 -0.739940073
vn 0.525600331 0.668945876 -0.525600331
vn 0.739940073 0.672672794 0
vn 0.525600331 0.668945876 0.525600331
vn 0 0.672672794 0.739940073
vn -0.525600331 0.668945876 0.525600331
vn -0.739940073 0.672672794 0
vn -0.525600331 0.668945876 -0.525600331
vn 0 -1 5.55111512e-15
vn 0 1 0
vn -1.55140335e-15 -1 1.55140335e-15
vn 0 1 0
vn -1.97372982e-15 -1 0
vn 0 1 0
vn -1.55140335e-15 -1 -1.55140335e-15
vn 0 1 0
vn 0 -1 -5.55111512e-15
vn 0 1 0
vn 1.55140335e-15 -1 -1.55140335e-15
vn 0 1 0
vn 1.97372982e-15 -1 0
vn 0 1 0
vn 1.55140335e-15 -1 1.55140335e-15
vn 0 1 0
vn 0 -0.786318339 -0.617821552
vn 0.40824829 -0.816496581 -0.40824829
vn 0.617821552 -0.786318339 0
vn 0.40824829 -0.816496581 0.40824829
vn 0 -0.786318339 0.617821552
vn -0.40824829 -0.816496581 0.40824829
vn -0.617821552 -0.786318339 0
vn -0.40824829 -0.816496581 -0.40824829
vn 0 0 -1
vn 0.707106781 0 -0.707106781
vn 1 0 0
vn 0.707106781 0 0.707106781
vn 0 0 1
vn -0.707106781 0 0.707106781
vn -1 0 0
vn -0.707106781 0 -0.707106781
vn 0 0.672672794 -0.739940073
vn 0.525600331 0.668945876 -0.525600331
vn 0.739940073 0.672672794 0
vn 0.525600331 0.668945876 0.525600331
vn 0 0.672672794 0.739940073
vn -0.525600331 0.668945876 0.525600331
vn -0.739940073 0.672672794 0
vn -0.525600331 0.668945876 -0.525600331
vn 0 -1 3.66259142e-15
vn 0 1 3.5175383e-15
vn -2.31070808e-15 -1 2.31070808e-15
vn -2.19642268e-15 1 2.19642268e-15
vn -4.95151732e-15 -1 0
vn -4.69005106e-15 1 0
vn -2.31070808e-15 -1 -2.31070808e-15
vn -2.19642268e-15 1 -2.19642268e-15
vn 0 -1 -3.66259142e-15
vn 0 1 -3.5175383e-15
vn 2.31070808e-15 -1 -2.31070808e-15
vn 2.19642268e-15 1 -2.19642268e-15
vn 4.95151732e-15 -1 0
vn 4.69005106e-15 1 0
vn 2.31070808e-15 -1 2.31070808e-15
vn 2.19642268e-15 1 2.19642268e-15
o lower_floor_gasket
usemtl transporter_rubber
f 1/1/1 9/2/1 10/3/1 2/4/1
f 2/5/2 10/6/2 11/7/2 3/8/2
f 3/9/3 11/10/3 12/11/3 4/12/3
f 4/13/4 12/14/4 13/15/4 5/16/4
f 5/17/5 13/18/5 14/19/5 6/20/5
f 6/21/6 14/22/6 15/23/6 7/24/6
f 7/25/7 15/26/7 16/27/7 8/28/7
f 8/29/8 16/30/8 9/31/8 1/32/8
f 9/33/9 17/34/9 18/35/9 10/36/9
f 10/37/10 18/38/10 19/39/10 11/40/10
f 11/41/11 19/42/11 20/43/11 12/44/11
f 12/45/12 20/46/12 21/47/12 13/48/12
f 13/49/13 21/50/13 22/51/13 14/52/13
f 14/53/14 22/54/14 23/55/14 15/56/14
f 15/57/15 23/58/15 24/59/15 16/60/15
f 16/61/16 24/62/16 17/63/16 9/64/16
f 17/65/17 25/66/17 26/67/17 18/68/17
f 18/69/18 26/70/18 27/71/18 19/72/18
f 19/73/19 27/74/19 28/75/19 20/76/19
f 20/77/20 28/78/20 29/79/20 21/80/20
f 21/81/21 29/82/21 30/83/21 22/84/21
f 22/85/22 30/86/22 31/87/22 23/88/22
f 23/89/23 31/90/23 32/91/23 24/92/23
f 24/93/24 32/94/24 25/95/24 17/96/24
f 33/97/25 1/98/25 2/99/25
f 34/100/26 26/101/26 25/102/26
f 33/103/27 2/104/27 3/105/27
f 34/106/28 27/107/28 26/108/28
f 33/109/29 3/110/29 4/111/29
f 34/112/30 28/113/30 27/114/30
f 33/115/31 4/116/31 5/117/31
f 34/118/32 29/119/32 28/120/32
f 33/121/33 5/122/33 6/123/33
f 34/124/34 30/125/34 29/126/34
f 33/127/35 6/128/35 7/129/35
f 34/130/36 31/131/36 30/132/36
f 33/133/37 7/134/37 8/135/37
f 34/136/38 32/137/38 31/138/38
f 33/139/39 8/140/39 1/141/39
f 34/142/40 25/143/40 32/144/40
o lower_chamfered_plinth
usemtl transporter_warm
f 35/145/41 43/146/41 44/147/41 36/148/41
f 36/149/42 44/150/42 45/151/42 37/152/42
f 37/153/43 45/154/43 46/155/43 38/156/43
f 38/157/44 46/158/44 47/159/44 39/160/44
f 39/161/45 47/162/45 48/163/45 40/164/45
f 40/165/46 48/166/46 49/167/46 41/168/46
f 41/169/47 49/170/47 50/171/47 42/172/47
f 42/173/48 50/174/48 43/175/48 35/176/48
f 43/177/49 51/178/49 52/179/49 44/180/49
f 44/181/50 52/182/50 53/183/50 45/184/50
f 45/185/51 53/186/51 54/187/51 46/188/51
f 46/189/52 54/190/52 55/191/52 47/192/52
f 47/193/53 55/194/53 56/195/53 48/196/53
f 48/197/54 56/198/54 57/199/54 49/200/54
f 49/201/55 57/202/55 58/203/55 50/204/55
f 50/205/56 58/206/56 51/207/56 43/208/56
f 51/209/57 59/210/57 60/211/57 52/212/57
f 52/213/58 60/214/58 61/215/58 53/216/58
f 53/217/59 61/218/59 62/219/59 54/220/59
f 54/221/60 62/222/60 63/223/60 55/224/60
f 55/225/61 63/226/61 64/227/61 56/228/61
f 56/229/62 64/230/62 65/231/62 57/232/62
f 57/233/63 65/234/63 66/235/63 58/236/63
f 58/237/64 66/238/64 59/239/64 51/240/64
f 67/241/65 35/242/65 36/243/65
f 68/244/66 60/245/66 59/246/66
f 67/247/67 36/248/67 37/249/67
f 68/250/68 61/251/68 60/252/68
f 67/253/69 37/254/69 38/255/69
f 68/256/70 62/257/70 61/258/70
f 67/259/71 38/260/71 39/261/71
f 68/262/72 63/263/72 62/264/72
f 67/265/73 39/266/73 40/267/73
f 68/268/74 64/269/74 63/270/74
f 67/271/75 40/272/75 41/273/75
f 68/274/76 65/275/76 64/276/76
f 67/277/77 41/278/77 42/279/77
f 68/280/78 66/281/78 65/282/78
f 67/283/79 42/284/79 35/285/79
f 68/286/80 59/287/80 66/288/80
o lower_deck_surround
usemtl transporter_titanium
f 69/289/81 77/290/81 78/291/81 70/292/81
f 70/293/82 78/294/82 79/295/82 71/296/82
f 71/297/83 79/298/83 80/299/83 72/300/83
f 72/301/84 80/302/84 81/303/84 73/304/84
f 73/305/85 81/306/85 82/307/85 74/308/85
f 74/309/86 82/310/86 83/311/86 75/312/86
f 75/313/87 83/314/87 84/315/87 76/316/87
f 76/317/88 84/318/88 77/319/88 69/320/88
f 77/321/89 85/322/89 86/323/89 78/324/89
f 78/325/90 86/326/90 87/327/90 79/328/90
f 79/329/91 87/330/91 88/331/91 80/332/91
f 80/333/92 88/334/92 89/335/92 81/336/92
f 81/337/93 89/338/93 90/339/93 82/340/93
f 82/341/94 90/342/94 91/343/94 83/344/94
f 83/345/95 91/346/95 92/347/95 84/348/95
f 84/349/96 92/350/96 85/351/96 77/352/96
f 85/353/97 93/354/97 94/355/97 86/356/97
f 86/357/98 94/358/98 95/359/98 87/360/98
f 87/361/99 95/362/99 96/363/99 88/364/99
f 88/365/100 96/366/100 97/367/100 89/368/100
f 89/369/101 97/370/101 98/371/101 90/372/101
f 90/373/102 98/374/102 99/375/102 91/376/102
f 91/377/103 99/378/103 100/379/103 92/380/103
f 92/381/104 100/382/104 93/383/104 85/384/104
f 101/385/105 69/386/105 70/387/105
f 102/388/106 94/389/106 93/390/106
f 101/391/107 70/392/107 71/393/107
f 102/394/108 95/395/108 94/396/108
f 101/397/109 71/398/109 72/399/109
f 102/400/110 96/401/110 95/402/110
f 101/403/111 72/404/111 73/405/111
f 102/406/112 97/407/112 96/408/112
f 101/409/113 73/410/113 74/411/113
f 102/412/114 98/413/114 97/414/114
f 101/415/115 74/416/115 75/417/115
f 102/418/116 99/419/116 98/420/116
f 101/421/117 75/422/117 76/423/117
f 102/424/118 100/425/118 99/426/118
f 101/427/119 76/428/119 69/429/119
f 102/430/120 93/431/120 100/432/120
o lower_recessed_emitter_socket
usemtl transporter_rubber
f 103/433/121 127/434/121 128/435/121 104/436/121
f 104/437/122 128/438/122 129/439/122 105/440/122
f 105/441/123 129/442/123 130/443/123 106/444/123
f 106/445/124 130/446/124 131/447/124 107/448/124
f 107/449/125 131/450/125 132/451/125 108/452/125
f 108/453/126 132/454/126 133/455/126 109/456/126
f 109/457/127 133/458/127 134/459/127 110/460/127
f 110/461/128 134/462/128 135/463/128 111/464/128
f 111/465/129 135/466/129 136/467/129 112/468/129
f 112/469/130 136/470/130 137/471/130 113/472/130
f 113/473/131 137/474/131 138/475/131 114/476/131
f 114/477/132 138/478/132 139/479/132 115/480/132
f 115/481/133 139/482/133 140/483/133 116/484/133
f 116/485/134 140/486/134 141/487/134 117/488/134
f 117/489/135 141/490/135 142/491/135 118/492/135
f 118/493/136 142/494/136 143/495/136 119/496/136
f 119/497/137 143/498/137 144/499/137 120/500/137
f 120/501/138 144/502/138 145/503/138 121/504/138
f 121/505/139 145/506/139 146/507/139 122/508/139
f 122/509/140 146/510/140 147/511/140 123/512/140
f 123/513/141 147/514/141 148/515/141 124/516/141
f 124/517/142 148/518/142 149/519/142 125/520/142
f 125/521/143 149/522/143 150/523/143 126/524/143
f 126/525/144 150/526/144 127/527/144 103/528/144
f 127/529/145 151/530/145 152/531/145 128/532/145
f 128/533/146 152/534/146 153/535/146 129/536/146
f 129/537/147 153/538/147 154/539/147 130/540/147
f 130/541/148 154/542/148 155/543/148 131/544/148
f 131/545/149 155/546/149 156/547/149 132/548/149
f 132/549/150 156/550/150 157/551/150 133/552/150
f 133/553/151 157/554/151 158/555/151 134/556/151
f 134/557/152 158/558/152 159/559/152 135/560/152
f 135/561/153 159/562/153 160/563/153 136/564/153
f 136/565/154 160/566/154 161/567/154 137/568/154
f 137/569/155 161/570/155 162/571/155 138/572/155
f 138/573/156 162/574/156 163/575/156 139/576/156
f 139/577/157 163/578/157 164/579/157 140/580/157
f 140/581/158 164/582/158 165/583/158 141/584/158
f 141/585/159 165/586/159 166/587/159 142/588/159
f 142/589/160 166/590/160 167/591/160 143/592/160
f 143/593/161 167/594/161 168/595/161 144/596/161
f 144/597/162 168/598/162 169/599/162 145/600/162
f 145/601/163 169/602/163 170/603/163 146/604/163
f 146/605/164 170/606/164 171/607/164 147/608/164
f 147/609/165 171/610/165 172/611/165 148/612/165
f 148/613/166 172/614/166 173/615/166 149/616/166
f 149/617/167 173/618/167 174/619/167 150/620/167
f 150/621/168 174/622/168 151/623/168 127/624/168
f 151/625/169 175/626/169 176/627/169 152/628/169
f 152/629/170 176/630/170 177/631/170 153/632/170
f 153/633/171 177/634/171 178/635/171 154/636/171
f 154/637/172 178/638/172 179/639/172 155/640/172
f 155/641/173 179/642/173 180/643/173 156/644/173
f 156/645/174 180/646/174 181/647/174 157/648/174
f 157/649/175 181/650/175 182/651/175 158/652/175
f 158/653/176 182/654/176 183/655/176 159/656/176
f 159/657/177 183/658/177 184/659/177 160/660/177
f 160/661/178 184/662/178 185/663/178 161/664/178
f 161/665/179 185/666/179 186/667/179 162/668/179
f 162/669/180 186/670/180 187/671/180 163/672/180
f 163/673/181 187/674/181 188/675/181 164/676/181
f 164/677/182 188/678/182 189/679/182 165/680/182
f 165/681/183 189/682/183 190/683/183 166/684/183
f 166/685/184 190/686/184 191/687/184 167/688/184
f 167/689/185 191/690/185 192/691/185 168/692/185
f 168/693/186 192/694/186 193/695/186 169/696/186
f 169/697/187 193/698/187 194/699/187 170/700/187
f 170/701/188 194/702/188 195/703/188 171/704/188
f 171/705/189 195/706/189 196/707/189 172/708/189
f 172/709/190 196/710/190 197/711/190 173/712/190
f 173/713/191 197/714/191 198/715/191 174/716/191
f 174/717/192 198/718/192 175/719/192 151/720/192
f 199/721/193 103/722/193 104/723/193
f 200/724/194 176/725/194 175/726/194
f 199/727/195 104/728/195 105/729/195
f 200/730/196 177/731/196 176/732/196
f 199/733/197 105/734/197 106/735/197
f 200/736/198 178/737/198 177/738/198
f 199/739/199 106/740/199 107/741/199
f 200/742/200 179/743/200 178/744/200
f 199/745/201 107/746/201 108/747/201
f 200/748/202 180/749/202 179/750/202
f 199/751/203 108/752/203 109/753/203
f 200/754/204 181/755/204 180/756/204
f 199/757/205 109/758/205 110/759/205
f 200/760/206 182/761/206 181/762/206
f 199/763/207 110/764/207 111/765/207
f 200/766/208 183/767/208 182/768/208
f 199/769/209 111/770/209 112/771/209
f 200/772/210 184/773/210 183/774/210
f 199/775/211 112/776/211 113/777/211
f 200/778/212 185/779/212 184/780/212
f 199/781/213 113/782/213 114/783/213
f 200/784/214 186/785/214 185/786/214
f 199/787/215 114/788/215 115/789/215
f 200/790/216 187/791/216 186/792/216
f 199/793/217 115/794/217 116/795/217
f 200/796/218 188/797/218 187/798/218
f 199/799/219 116/800/219 117/801/219
f 200/802/220 189/803/220 188/804/220
f 199/805/221 117/806/221 118/807/221
f 200/808/222 190/809/222 189/810/222
f 199/811/223 118/812/223 119/813/223
f 200/814/224 191/815/224 190/816/224
f 199/817/225 119/818/225 120/819/225
f 200/820/226 192/821/226 191/822/226
f 199/823/227 120/824/227 121/825/227
f 200/826/228 193/827/228 192/828/228
f 199/829/229 121/830/229 122/831/229
f 200/832/230 194/833/230 193/834/230
f 199/835/231 122/836/231 123/837/231
f 200/838/232 195/839/232 194/840/232
f 199/841/233 123/842/233 124/843/233
f 200/844/234 196/845/234 195/846/234
f 199/847/235 124/848/235 125/849/235
f 200/850/236 197/851/236 196/852/236
f 199/853/237 125/854/237 126/855/237
f 200/856/238 198/857/238 197/858/238
f 199/859/239 126/860/239 103/861/239
f 200/862/240 175/863/240 198/864/240
o lower_continuous_emitter_rim
usemtl transporter_titanium
f 201/865/241 225/866/241 226/867/241 202/868/241
f 202/869/242 226/870/242 227/871/242 203/872/242
f 203/873/243 227/874/243 228/875/243 204/876/243
f 204/877/244 228/878/244 229/879/244 205/880/244
f 205/881/245 229/882/245 230/883/245 206/884/245
f 206/885/246 230/886/246 231/887/246 207/888/246
f 207/889/247 231/890/247 232/891/247 208/892/247
f 208/893/248 232/894/248 233/895/248 209/896/248
f 209/897/249 233/898/249 234/899/249 210/900/249
f 210/901/250 234/902/250 235/903/250 211/904/250
f 211/905/251 235/906/251 236/907/251 212/908/251
f 212/909/252 236/910/252 237/911/252 213/912/252
f 213/913/253 237/914/253 238/915/253 214/916/253
f 214/917/254 238/918/254 239/919/254 215/920/254
f 215/921/255 239/922/255 240/923/255 216/924/255
f 216/925/256 240/926/256 241/927/256 217/928/256
f 217/929/257 241/930/257 242/931/257 218/932/257
f 218/933/258 242/934/258 243/935/258 219/936/258
f 219/937/259 243/938/259 244/939/259 220/940/259
f 220/941/260 244/942/260 245/943/260 221/944/260
f 221/945/261 245/946/261 246/947/261 222/948/261
f 222/949/262 246/950/262 247/951/262 223/952/262
f 223/953/263 247/954/263 248/955/263 224/956/263
f 224/957/264 248/958/264 225/959/264 201/960/264
f 225/961/265 249/962/265 250/963/265 226/964/265
f 226/965/266 250/966/266 251/967/266 227/968/266
f 227/969/267 251/970/267 252/971/267 228/972/267
f 228/973/268 252/974/268 253/975/268 229/976/268
f 229/977/269 253/978/269 254/979/269 230/980/269
f 230/981/270 254/982/270 255/983/270 231/984/270
f 231/985/271 255/986/271 256/987/271 232/988/271
f 232/989/272 256/990/272 257/991/272 233/992/272
f 233/993/273 257/994/273 258/995/273 234/996/273
f 234/997/274 258/998/274 259/999/274 235/1000/274
f 235/1001/275 259/1002/275 260/1003/275 236/1004/275
f 236/1005/276 260/1006/276 261/1007/276 237/1008/276
f 237/1009/277 261/1010/277 262/1011/277 238/1012/277
f 238/1013/278 262/1014/278 263/1015/278 239/1016/278
f 239/1017/279 263/1018/279 264/1019/279 240/1020/279
f 240/1021/280 264/1022/280 265/1023/280 241/1024/280
f 241/1025/281 265/1026/281 266/1027/281 242/1028/281
f 242/1029/282 266/1030/282 267/1031/282 243/1032/282
f 243/1033/283 267/1034/283 268/1035/283 244/1036/283
f 244/1037/284 268/1038/284 269/1039/284 245/1040/284
f 245/1041/285 269/1042/285 270/1043/285 246/1044/285
f 246/1045/286 270/1046/286 271/1047/286 247/1048/286
f 247/1049/287 271/1050/287 272/1051/287 248/1052/287
f 248/1053/288 272/1054/288 249/1055/288 225/1056/288
f 249/1057/289 273/1058/289 274/1059/289 250/1060/289
f 250/1061/290 274/1062/290 275/1063/290 251/1064/290
f 251/1065/291 275/1066/291 276/1067/291 252/1068/291
f 252/1069/292 276/1070/292 277/1071/292 253/1072/292
f 253/1073/293 277/1074/293 278/1075/293 254/1076/293
f 254/1077/294 278/1078/294 279/1079/294 255/1080/294
f 255/1081/295 279/1082/295 280/1083/295 256/1084/295
f 256/1085/296 280/1086/296 281/1087/296 257/1088/296
f 257/1089/297 281/1090/297 282/1091/297 258/1092/297
f 258/1093/298 282/1094/298 283/1095/298 259/1096/298
f 259/1097/299 283/1098/299 284/1099/299 260/1100/299
f 260/1101/300 284/1102/300 285/1103/300 261/1104/300
f 261/1105/301 285/1106/301 286/1107/301 262/1108/301
f 262/1109/302 286/1110/302 287/1111/302 263/1112/302
f 263/1113/303 287/1114/303 288/1115/303 264/1116/303
f 264/1117/304 288/1118/304 289/1119/304 265/1120/304
f 265/1121/305 289/1122/305 290/1123/305 266/1124/305
f 266/1125/306 290/1126/306 291/1127/306 267/1128/306
f 267/1129/307 291/1130/307 292/1131/307 268/1132/307
f 268/1133/308 292/1134/308 293/1135/308 269/1136/308
f 269/1137/309 293/1138/309 294/1139/309 270/1140/309
f 270/1141/310 294/1142/310 295/1143/310 271/1144/310
f 271/1145/311 295/1146/311 296/1147/311 272/1148/311
f 272/1149/312 296/1150/312 273/1151/312 249/1152/312
f 273/1153/313 201/1154/313 202/1155/313 274/1156/313
f 274/1157/314 202/1158/314 203/1159/314 275/1160/314
f 275/1161/315 203/1162/315 204/1163/315 276/1164/315
f 276/1165/316 204/1166/316 205/1167/316 277/1168/316
f 277/1169/317 205/1170/317 206/1171/317 278/1172/317
f 278/1173/318 206/1174/318 207/1175/318 279/1176/318
f 279/1177/319 207/1178/319 208/1179/319 280/1180/319
f 280/1181/320 208/1182/320 209/1183/320 281/1184/320
f 281/1185/321 209/1186/321 210/1187/321 282/1188/321
f 282/1189/322 210/1190/322 211/1191/322 283/1192/322
f 283/1193/323 211/1194/323 212/1195/323 284/1196/323
f 284/1197/324 212/1198/324 213/1199/324 285/1200/324
f 285/1201/325 213/1202/325 214/1203/325 286/1204/325
f 286/1205/326 214/1206/326 215/1207/326 287/1208/326
f 287/1209/327 215/1210/327 216/1211/327 288/1212/327
f 288/1213/328 216/1214/328 217/1215/328 289/1216/328
f 289/1217/329 217/1218/329 218/1219/329 290/1220/329
f 290/1221/330 218/1222/330 219/1223/330 291/1224/330
f 291/1225/331 219/1226/331 220/1227/331 292/1228/331
f 292/1229/332 220/1230/332 221/1231/332 293/1232/332
f 293/1233/333 221/1234/333 222/1235/333 294/1236/333
f 294/1237/334 222/1238/334 223/1239/334 295/1240/334
f 295/1241/335 223/1242/335 224/1243/335 296/1244/335
f 296/1245/336 224/1246/336 201/1247/336 273/1248/336
o lower_cold_white_ring
usemtl transporter_light
f 297/1249/337 321/1250/337 322/1251/337 298/1252/337
f 298/1253/338 322/1254/338 323/1255/338 299/1256/338
f 299/1257/339 323/1258/339 324/1259/339 300/1260/339
f 300/1261/340 324/1262/340 325/1263/340 301/1264/340
f 301/1265/341 325/1266/341 326/1267/341 302/1268/341
f 302/1269/342 326/1270/342 327/1271/342 303/1272/342
f 303/1273/343 327/1274/343 328/1275/343 304/1276/343
f 304/1277/344 328/1278/344 329/1279/344 305/1280/344
f 305/1281/345 329/1282/345 330/1283/345 306/1284/345
f 306/1285/346 330/1286/346 331/1287/346 307/1288/346
f 307/1289/347 331/1290/347 332/1291/347 308/1292/347
f 308/1293/348 332/1294/348 333/1295/348 309/1296/348
f 309/1297/349 333/1298/349 334/1299/349 310/1300/349
f 310/1301/350 334/1302/350 335/1303/350 311/1304/350
f 311/1305/351 335/1306/351 336/1307/351 312/1308/351
f 312/1309/352 336/1310/352 337/1311/352 313/1312/352
f 313/1313/353 337/1314/353 338/1315/353 314/1316/353
f 314/1317/354 338/1318/354 339/1319/354 315/1320/354
f 315/1321/355 339/1322/355 340/1323/355 316/1324/355
f 316/1325/356 340/1326/356 341/1327/356 317/1328/356
f 317/1329/357 341/1330/357 342/1331/357 318/1332/357
f 318/1333/358 342/1334/358 343/1335/358 319/1336/358
f 319/1337/359 343/1338/359 344/1339/359 320/1340/359
f 320/1341/360 344/1342/360 321/1343/360 297/1344/360
f 321/1345/361 345/1346/361 346/1347/361 322/1348/361
f 322/1349/362 346/1350/362 347/1351/362 323/1352/362
f 323/1353/363 347/1354/363 348/1355/363 324/1356/363
f 324/1357/364 348/1358/364 349/1359/364 325/1360/364
f 325/1361/365 349/1362/365 350/1363/365 326/1364/365
f 326/1365/366 350/1366/366 351/1367/366 327/1368/366
f 327/1369/367 351/1370/367 352/1371/367 328/1372/367
f 328/1373/368 352/1374/368 353/1375/368 329/1376/368
f 329/1377/369 353/1378/369 354/1379/369 330/1380/369
f 330/1381/370 354/1382/370 355/1383/370 331/1384/370
f 331/1385/371 355/1386/371 356/1387/371 332/1388/371
f 332/1389/372 356/1390/372 357/1391/372 333/1392/372
f 333/1393/373 357/1394/373 358/1395/373 334/1396/373
f 334/1397/374 358/1398/374 359/1399/374 335/1400/374
f 335/1401/375 359/1402/375 360/1403/375 336/1404/375
f 336/1405/376 360/1406/376 361/1407/376 337/1408/376
f 337/1409/377 361/1410/377 362/1411/377 338/1412/377
f 338/1413/378 362/1414/378 363/1415/378 339/1416/378
f 339/1417/379 363/1418/379 364/1419/379 340/1420/379
f 340/1421/380 364/1422/380 365/1423/380 341/1424/380
f 341/1425/381 365/1426/381 366/1427/381 342/1428/381
f 342/1429/382 366/1430/382 367/1431/382 343/1432/382
f 343/1433/383 367/1434/383 368/1435/383 344/1436/383
f 344/1437/384 368/1438/384 345/1439/384 321/1440/384
f 345/1441/385 369/1442/385 370/1443/385 346/1444/385
f 346/1445/386 370/1446/386 371/1447/386 347/1448/386
f 347/1449/387 371/1450/387 372/1451/387 348/1452/387
f 348/1453/388 372/1454/388 373/1455/388 349/1456/388
f 349/1457/389 373/1458/389 374/1459/389 350/1460/389
f 350/1461/390 374/1462/390 375/1463/390 351/1464/390
f 351/1465/391 375/1466/391 376/1467/391 352/1468/391
f 352/1469/392 376/1470/392 377/1471/392 353/1472/392
f 353/1473/393 377/1474/393 378/1475/393 354/1476/393
f 354/1477/394 378/1478/394 379/1479/394 355/1480/394
f 355/1481/395 379/1482/395 380/1483/395 356/1484/395
f 356/1485/396 380/1486/396 381/1487/396 357/1488/396
f 357/1489/397 381/1490/397 382/1491/397 358/1492/397
f 358/1493/398 382/1494/398 383/1495/398 359/1496/398
f 359/1497/399 383/1498/399 384/1499/399 360/1500/399
f 360/1501/400 384/1502/400 385/1503/400 361/1504/400
f 361/1505/401 385/1506/401 386/1507/401 362/1508/401
f 362/1509/402 386/1510/402 387/1511/402 363/1512/402
f 363/1513/403 387/1514/403 388/1515/403 364/1516/403
f 364/1517/404 388/1518/404 389/1519/404 365/1520/404
f 365/1521/405 389/1522/405 390/1523/405 366/1524/405
f 366/1525/406 390/1526/406 391/1527/406 367/1528/406
f 367/1529/407 391/1530/407 392/1531/407 368/1532/407
f 368/1533/408 392/1534/408 369/1535/408 345/1536/408
f 369/1537/409 297/1538/409 298/1539/409 370/1540/409
f 370/1541/410 298/1542/410 299/1543/410 371/1544/410
f 371/1545/411 299/1546/411 300/1547/411 372/1548/411
f 372/1549/412 300/1550/412 301/1551/412 373/1552/412
f 373/1553/413 301/1554/413 302/1555/413 374/1556/413
f 374/1557/414 302/1558/414 303/1559/414 375/1560/414
f 375/1561/415 303/1562/415 304/1563/415 376/1564/415
f 376/1565/416 304/1566/416 305/1567/416 377/1568/416
f 377/1569/417 305/1570/417 306/1571/417 378/1572/417
f 378/1573/418 306/1574/418 307/1575/418 379/1576/418
f 379/1577/419 307/1578/419 308/1579/419 380/1580/419
f 380/1581/420 308/1582/420 309/1583/420 381/1584/420
f 381/1585/421 309/1586/421 310/1587/421 382/1588/421
f 382/1589/422 310/1590/422 311/1591/422 383/1592/422
f 383/1593/423 311/1594/423 312/1595/423 384/1596/423
f 384/1597/424 312/1598/424 313/1599/424 385/1600/424
f 385/1601/425 313/1602/425 314/1603/425 386/1604/425
f 386/1605/426 314/1606/426 315/1607/426 387/1608/426
f 387/1609/427 315/1610/427 316/1611/427 388/1612/427
f 388/1613/428 316/1614/428 317/1615/428 389/1616/428
f 389/1617/429 317/1618/429 318/1619/429 390/1620/429
f 390/1621/430 318/1622/430 319/1623/430 391/1624/430
f 391/1625/431 319/1626/431 320/1627/431 392/1628/431
f 392/1629/432 320/1630/432 297/1631/432 369/1632/432
o lower_standing_disc
usemtl transporter_deck
f 393/1633/433 417/1634/433 418/1635/433 394/1636/433
f 394/1637/434 418/1638/434 419/1639/434 395/1640/434
f 395/1641/435 419/1642/435 420/1643/435 396/1644/435
f 396/1645/436 420/1646/436 421/1647/436 397/1648/436
f 397/1649/437 421/1650/437 422/1651/437 398/1652/437
f 398/1653/438 422/1654/438 423/1655/438 399/1656/438
f 399/1657/439 423/1658/439 424/1659/439 400/1660/439
f 400/1661/440 424/1662/440 425/1663/440 401/1664/440
f 401/1665/441 425/1666/441 426/1667/441 402/1668/441
f 402/1669/442 426/1670/442 427/1671/442 403/1672/442
f 403/1673/443 427/1674/443 428/1675/443 404/1676/443
f 404/1677/444 428/1678/444 429/1679/444 405/1680/444
f 405/1681/445 429/1682/445 430/1683/445 406/1684/445
f 406/1685/446 430/1686/446 431/1687/446 407/1688/446
f 407/1689/447 431/1690/447 432/1691/447 408/1692/447
f 408/1693/448 432/1694/448 433/1695/448 409/1696/448
f 409/1697/449 433/1698/449 434/1699/449 410/1700/449
f 410/1701/450 434/1702/450 435/1703/450 411/1704/450
f 411/1705/451 435/1706/451 436/1707/451 412/1708/451
f 412/1709/452 436/1710/452 437/1711/452 413/1712/452
f 413/1713/453 437/1714/453 438/1715/453 414/1716/453
f 414/1717/454 438/1718/454 439/1719/454 415/1720/454
f 415/1721/455 439/1722/455 440/1723/455 416/1724/455
f 416/1725/456 440/1726/456 417/1727/456 393/1728/456
f 417/1729/457 441/1730/457 442/1731/457 418/1732/457
f 418/1733/458 442/1734/458 443/1735/458 419/1736/458
f 419/1737/459 443/1738/459 444/1739/459 420/1740/459
f 420/1741/460 444/1742/460 445/1743/460 421/1744/460
f 421/1745/461 445/1746/461 446/1747/461 422/1748/461
f 422/1749/462 446/1750/462 447/1751/462 423/1752/462
f 423/1753/463 447/1754/463 448/1755/463 424/1756/463
f 424/1757/464 448/1758/464 449/1759/464 425/1760/464
f 425/1761/465 449/1762/465 450/1763/465 426/1764/465
f 426/1765/466 450/1766/466 451/1767/466 427/1768/466
f 427/1769/467 451/1770/467 452/1771/467 428/1772/467
f 428/1773/468 452/1774/468 453/1775/468 429/1776/468
f 429/1777/469 453/1778/469 454/1779/469 430/1780/469
f 430/1781/470 454/1782/470 455/1783/470 431/1784/470
f 431/1785/471 455/1786/471 456/1787/471 432/1788/471
f 432/1789/472 456/1790/472 457/1791/472 433/1792/472
f 433/1793/473 457/1794/473 458/1795/473 434/1796/473
f 434/1797/474 458/1798/474 459/1799/474 435/1800/474
f 435/1801/475 459/1802/475 460/1803/475 436/1804/475
f 436/1805/476 460/1806/476 461/1807/476 437/1808/476
f 437/1809/477 461/1810/477 462/1811/477 438/1812/477
f 438/1813/478 462/1814/478 463/1815/478 439/1816/478
f 439/1817/479 463/1818/479 464/1819/479 440/1820/479
f 440/1821/480 464/1822/480 441/1823/480 417/1824/480
f 441/1825/481 465/1826/481 466/1827/481 442/1828/481
f 442/1829/482 466/1830/482 467/1831/482 443/1832/482
f 443/1833/483 467/1834/483 468/1835/483 444/1836/483
f 444/1837/484 468/1838/484 469/1839/484 445/1840/484
f 445/1841/485 469/1842/485 470/1843/485 446/1844/485
f 446/1845/486 470/1846/486 471/1847/486 447/1848/486
f 447/1849/487 471/1850/487 472/1851/487 448/1852/487
f 448/1853/488 472/1854/488 473/1855/488 449/1856/488
f 449/1857/489 473/1858/489 474/1859/489 450/1860/489
f 450/1861/490 474/1862/490 475/1863/490 451/1864/490
f 451/1865/491 475/1866/491 476/1867/491 452/1868/491
f 452/1869/492 476/1870/492 477/1871/492 453/1872/492
f 453/1873/493 477/1874/493 478/1875/493 454/1876/493
f 454/1877/494 478/1878/494 479/1879/494 455/1880/494
f 455/1881/495 479/1882/495 480/1883/495 456/1884/495
f 456/1885/496 480/1886/496 481/1887/496 457/1888/496
f 457/1889/497 481/1890/497 482/1891/497 458/1892/497
f 458/1893/498 482/1894/498 483/1895/498 459/1896/498
f 459/1897/499 483/1898/499 484/1899/499 460/1900/499
f 460/1901/500 484/1902/500 485/1903/500 461/1904/500
f 461/1905/501 485/1906/501 486/1907/501 462/1908/501
f 462/1909/502 486/1910/502 487/1911/502 463/1912/502
f 463/1913/503 487/1914/503 488/1915/503 464/1916/503
f 464/1917/504 488/1918/504 465/1919/504 441/1920/504
f 489/1921/505 393/1922/505 394/1923/505
f 490/1924/506 466/1925/506 465/1926/506
f 489/1927/507 394/1928/507 395/1929/507
f 490/1930/508 467/1931/508 466/1932/508
f 489/1933/509 395/1934/509 396/1935/509
f 490/1936/510 468/1937/510 467/1938/510
f 489/1939/511 396/1940/511 397/1941/511
f 490/1942/512 469/1943/512 468/1944/512
f 489/1945/513 397/1946/513 398/1947/513
f 490/1948/514 470/1949/514 469/1950/514
f 489/1951/515 398/1952/515 399/1953/515
f 490/1954/516 471/1955/516 470/1956/516
f 489/1957/517 399/1958/517 400/1959/517
f 490/1960/518 472/1961/518 471/1962/518
f 489/1963/519 400/1964/519 401/1965/519
f 490/1966/520 473/1967/520 472/1968/520
f 489/1969/521 401/1970/521 402/1971/521
f 490/1972/522 474/1973/522 473/1974/522
f 489/1975/523 402/1976/523 403/1977/523
f 490/1978/524 475/1979/524 474/1980/524
f 489/1981/525 403/1982/525 404/1983/525
f 490/1984/526 476/1985/526 475/1986/526
f 489/1987/527 404/1988/527 405/1989/527
f 490/1990/528 477/1991/528 476/1992/528
f 489/1993/529 405/1994/529 406/1995/529
f 490/1996/530 478/1997/530 477/1998/530
f 489/1999/531 406/2000/531 407/2001/531
f 490/2002/532 479/2003/532 478/2004/532
f 489/2005/533 407/2006/533 408/2007/533
f 490/2008/534 480/2009/534 479/2010/534
f 489/2011/535 408/2012/535 409/2013/535
f 490/2014/536 481/2015/536 480/2016/536
f 489/2017/537 409/2018/537 410/2019/537
f 490/2020/538 482/2021/538 481/2022/538
f 489/2023/539 410/2024/539 411/2025/539
f 490/2026/540 483/2027/540 482/2028/540
f 489/2029/541 411/2030/541 412/2031/541
f 490/2032/542 484/2033/542 483/2034/542
f 489/2035/543 412/2036/543 413/2037/543
f 490/2038/544 485/2039/544 484/2040/544
f 489/2041/545 413/2042/545 414/2043/545
f 490/2044/546 486/2045/546 485/2046/546
f 489/2047/547 414/2048/547 415/2049/547
f 490/2050/548 487/2051/548 486/2052/548
f 489/2053/549 415/2054/549 416/2055/549
f 490/2056/550 488/2057/550 487/2058/550
f 489/2059/551 416/2060/551 393/2061/551
f 490/2062/552 465/2063/552 488/2064/552
o lower_front_identification
usemtl transporter_instruments
f 491/2065/553 499/2066/553 500/2067/553 492/2068/553
f 492/2069/554 500/2070/554 501/2071/554 493/2072/554
f 493/2073/555 501/2074/555 502/2075/555 494/2076/555
f 494/2077/556 502/2078/556 503/2079/556 495/2080/556
f 495/2081/557 503/2082/557 504/2083/557 496/2084/557
f 496/2085/558 504/2086/558 505/2087/558 497/2088/558
f 497/2089/559 505/2090/559 506/2091/559 498/2092/559
f 498/2093/560 506/2094/560 499/2095/560 491/2096/560
f 499/2097/561 507/2098/561 508/2099/561 500/2100/561
f 500/2101/562 508/2102/562 509/2103/562 501/2104/562
f 501/2105/563 509/2106/563 510/2107/563 502/2108/563
f 502/2109/564 510/2110/564 511/2111/564 503/2112/564
f 503/2113/565 511/2114/565 512/2115/565 504/2116/565
f 504/2117/566 512/2118/566 513/2119/566 505/2120/566
f 505/2121/567 513/2122/567 514/2123/567 506/2124/567
f 506/2125/568 514/2126/568 507/2127/568 499/2128/568
f 507/2129/569 515/2130/569 516/2131/569 508/2132/569
f 508/2133/570 516/2134/570 517/2135/570 509/2136/570
f 509/2137/571 517/2138/571 518/2139/571 510/2140/571
f 510/2141/572 518/2142/572 519/2143/572 511/2144/572
f 511/2145/573 519/2146/573 520/2147/573 512/2148/573
f 512/2149/574 520/2150/574 521/2151/574 513/2152/574
f 513/2153/575 521/2154/575 522/2155/575 514/2156/575
f 514/2157/576 522/2158/576 515/2159/576 507/2160/576
f 523/2161/577 491/2162/577 492/2163/577
f 524/2164/578 516/2165/578 515/2166/578
f 523/2167/579 492/2168/579 493/2169/579
f 524/2170/580 517/2171/580 516/2172/580
f 523/2173/581 493/2174/581 494/2175/581
f 524/2176/582 518/2177/582 517/2178/582
f 523/2179/583 494/2180/583 495/2181/583
f 524/2182/584 519/2183/584 518/2184/584
f 523/2185/585 495/2186/585 496/2187/585
f 524/2188/586 520/2189/586 519/2190/586
f 523/2191/587 496/2192/587 497/2193/587
f 524/2194/588 521/2195/588 520/2196/588
f 523/2197/589 497/2198/589 498/2199/589
f 524/2200/590 522/2201/590 521/2202/590
f 523/2203/591 498/2204/591 491/2205/591
f 524/2206/592 515/2207/592 522/2208/592
o lower_front_step_inset
usemtl transporter_graphite
f 525/2209/593 533/2210/593 534/2211/593 526/2212/593
f 526/2213/594 534/2214/594 535/2215/594 527/2216/594
f 527/2217/595 535/2218/595 536/2219/595 528/2220/595
f 528/2221/596 536/2222/596 537/2223/596 529/2224/596
f 529/2225/597 537/2226/597 538/2227/597 530/2228/597
f 530/2229/598 538/2230/598 539/2231/598 531/2232/598
f 531/2233/599 539/2234/599 540/2235/599 532/2236/599
f 532/2237/600 540/2238/600 533/2239/600 525/2240/600
f 533/2241/601 541/2242/601 542/2243/601 534/2244/601
f 534/2245/602 542/2246/602 543/2247/602 535/2248/602
f 535/2249/603 543/2250/603 544/2251/603 536/2252/603
f 536/2253/604 544/2254/604 545/2255/604 537/2256/604
f 537/2257/605 545/2258/605 546/2259/605 538/2260/605
f 538/2261/606 546/2262/606 547/2263/606 539/2264/606
f 539/2265/607 547/2266/607 548/2267/607 540/2268/607
f 540/2269/608 548/2270/608 541/2271/608 533/2272/608
f 541/2273/609 549/2274/609 550/2275/609 542/2276/609
f 542/2277/610 550/2278/610 551/2279/610 543/2280/610
f 543/2281/611 551/2282/611 552/2283/611 544/2284/611
f 544/2285/612 552/2286/612 553/2287/612 545/2288/612
f 545/2289/613 553/2290/613 554/2291/613 546/2292/613
f 546/2293/614 554/2294/614 555/2295/614 547/2296/614
f 547/2297/615 555/2298/615 556/2299/615 548/2300/615
f 548/2301/616 556/2302/616 549/2303/616 541/2304/616
f 557/2305/617 525/2306/617 526/2307/617
f 558/2308/618 550/2309/618 549/2310/618
f 557/2311/619 526/2312/619 527/2313/619
f 558/2314/620 551/2315/620 550/2316/620
f 557/2317/621 527/2318/621 528/2319/621
f 558/2320/622 552/2321/622 551/2322/622
f 557/2323/623 528/2324/623 529/2325/623
f 558/2326/624 553/2327/624 552/2328/624
f 557/2329/625 529/2330/625 530/2331/625
f 558/2332/626 554/2333/626 553/2334/626
f 557/2335/627 530/2336/627 531/2337/627
f 558/2338/628 555/2339/628 554/2340/628
f 557/2341/629 531/2342/629 532/2343/629
f 558/2344/630 556/2345/630 555/2346/630
f 557/2347/631 532/2348/631 525/2349/631
f 558/2350/632 549/2351/632 556/2352/632
o lower_ring_division_0
f 559/2353/633 567/2354/633 568/2355/633 560/2356/633
f 560/2357/634 568/2358/634 569/2359/634 561/2360/634
f 561/2361/635 569/2362/635 570/2363/635 562/2364/635
f 562/2365/636 570/2366/636 571/2367/636 563/2368/636
f 563/2369/637 571/2370/637 572/2371/637 564/2372/637
f 564/2373/638 572/2374/638 573/2375/638 565/2376/638
f 565/2377/639 573/2378/639 574/2379/639 566/2380/639
f 566/2381/640 574/2382/640 567/2383/640 559/2384/640
f 567/2385/641 575/2386/641 576/2387/641 568/2388/641
f 568/2389/642 576/2390/642 577/2391/642 569/2392/642
f 569/2393/643 577/2394/643 578/2395/643 570/2396/643
f 570/2397/644 578/2398/644 579/2399/644 571/2400/644
f 571/2401/645 579/2402/645 580/2403/645 572/2404/645
f 572/2405/646 580/2406/646 581/2407/646 573/2408/646
f 573/2409/647 581/2410/647 582/2411/647 574/2412/647
f 574/2413/648 582/2414/648 575/2415/648 567/2416/648
f 575/2417/649 583/2418/649 584/2419/649 576/2420/649
f 576/2421/650 584/2422/650 585/2423/650 577/2424/650
f 577/2425/651 585/2426/651 586/2427/651 578/2428/651
f 578/2429/652 586/2430/652 587/2431/652 579/2432/652
f 579/2433/653 587/2434/653 588/2435/653 580/2436/653
f 580/2437/654 588/2438/654 589/2439/654 581/2440/654
f 581/2441/655 589/2442/655 590/2443/655 582/2444/655
f 582/2445/656 590/2446/656 583/2447/656 575/2448/656
f 591/2449/657 559/2450/657 560/2451/657
f 592/2452/658 584/2453/658 583/2454/658
f 591/2455/659 560/2456/659 561/2457/659
f 592/2458/660 585/2459/660 584/2460/660
f 591/2461/661 561/2462/661 562/2463/661
f 592/2464/662 586/2465/662 585/2466/662
f 591/2467/663 562/2468/663 563/2469/663
f 592/2470/664 587/2471/664 586/2472/664
f 591/2473/665 563/2474/665 564/2475/665
f 592/2476/666 588/2477/666 587/2478/666
f 591/2479/667 564/2480/667 565/2481/667
f 592/2482/668 589/2483/668 588/2484/668
f 591/2485/669 565/2486/669 566/2487/669
f 592/2488/670 590/2489/670 589/2490/670
f 591/2491/671 566/2492/671 559/2493/671
f 592/2494/672 583/2495/672 590/2496/672
o lower_ring_division_1
f 593/2497/673 601/2498/673 602/2499/673 594/2500/673
f 594/2501/674 602/2502/674 603/2503/674 595/2504/674
f 595/2505/675 603/2506/675 604/2507/675 596/2508/675
f 596/2509/676 604/2510/676 605/2511/676 597/2512/676
f 597/2513/677 605/2514/677 606/2515/677 598/2516/677
f 598/2517/678 606/2518/678 607/2519/678 599/2520/678
f 599/2521/679 607/2522/679 608/2523/679 600/2524/679
f 600/2525/680 608/2526/680 601/2527/680 593/2528/680
f 601/2529/681 609/2530/681 610/2531/681 602/2532/681
f 602/2533/682 610/2534/682 611/2535/682 603/2536/682
f 603/2537/683 611/2538/683 612/2539/683 604/2540/683
f 604/2541/684 612/2542/684 613/2543/684 605/2544/684
f 605/2545/685 613/2546/685 614/2547/685 606/2548/685
f 606/2549/686 614/2550/686 615/2551/686 607/2552/686
f 607/2553/687 615/2554/687 616/2555/687 608/2556/687
f 608/2557/688 616/2558/688 609/2559/688 601/2560/688
f 609/2561/689 617/2562/689 618/2563/689 610/2564/689
f 610/2565/690 618/2566/690 619/2567/690 611/2568/690
f 611/2569/691 619/2570/691 620/2571/691 612/2572/691
f 612/2573/692 620/2574/692 621/2575/692 613/2576/692
f 613/2577/693 621/2578/693 622/2579/693 614/2580/693
f 614/2581/694 622/2582/694 623/2583/694 615/2584/694
f 615/2585/695 623/2586/695 624/2587/695 616/2588/695
f 616/2589/696 624/2590/696 617/2591/696 609/2592/696
f 625/2593/697 593/2594/697 594/2595/697
f 626/2596/698 618/2597/698 617/2598/698
f 625/2599/699 594/2600/699 595/2601/699
f 626/2602/700 619/2603/700 618/2604/700
f 625/2605/701 595/2606/701 596/2607/701
f 626/2608/702 620/2609/702 619/2610/702
f 625/2611/703 596/2612/703 597/2613/703
f 626/2614/704 621/2615/704 620/2616/704
f 625/2617/705 597/2618/705 598/2619/705
f 626/2620/706 622/2621/706 621/2622/706
f 625/2623/707 598/2624/707 599/2625/707
f 626/2626/708 623/2627/708 622/2628/708
f 625/2629/709 599/2630/709 600/2631/709
f 626/2632/710 624/2633/710 623/2634/710
f 625/2635/711 600/2636/711 593/2637/711
f 626/2638/712 617/2639/712 624/2640/712
o lower_ring_division_2
f 627/2641/713 635/2642/713 636/2643/713 628/2644/713
f 628/2645/714 636/2646/714 637/2647/714 629/2648/714
f 629/2649/715 637/2650/715 638/2651/715 630/2652/715
f 630/2653/716 638/2654/716 639/2655/716 631/2656/716
f 631/2657/717 639/2658/717 640/2659/717 632/2660/717
f 632/2661/718 640/2662/718 641/2663/718 633/2664/718
f 633/2665/719 641/2666/719 642/2667/719 634/2668/719
f 634/2669/720 642/2670/720 635/2671/720 627/2672/720
f 635/2673/721 643/2674/721 644/2675/721 636/2676/721
f 636/2677/722 644/2678/722 645/2679/722 637/2680/722
f 637/2681/723 645/2682/723 646/2683/723 638/2684/723
f 638/2685/724 646/2686/724 647/2687/724 639/2688/724
f 639/2689/725 647/2690/725 648/2691/725 640/2692/725
f 640/2693/726 648/2694/726 649/2695/726 641/2696/726
f 641/2697/727 649/2698/727 650/2699/727 642/2700/727
f 642/2701/728 650/2702/728 643/2703/728 635/2704/728
f 643/2705/729 651/2706/729 652/2707/729 644/2708/729
f 644/2709/730 652/2710/730 653/2711/730 645/2712/730
f 645/2713/731 653/2714/731 654/2715/731 646/2716/731
f 646/2717/732 654/2718/732 655/2719/732 647/2720/732
f 647/2721/733 655/2722/733 656/2723/733 648/2724/733
f 648/2725/734 656/2726/734 657/2727/734 649/2728/734
f 649/2729/735 657/2730/735 658/2731/735 650/2732/735
f 650/2733/736 658/2734/736 651/2735/736 643/2736/736
f 659/2737/737 627/2738/737 628/2739/737
f 660/2740/738 652/2741/738 651/2742/738
f 659/2743/739 628/2744/739 629/2745/739
f 660/2746/740 653/2747/740 652/2748/740
f 659/2749/741 629/2750/741 630/2751/741
f 660/2752/742 654/2753/742 653/2754/742
f 659/2755/743 630/2756/743 631/2757/743
f 660/2758/744 655/2759/744 654/2760/744
f 659/2761/745 631/2762/745 632/2763/745
f 660/2764/746 656/2765/746 655/2766/746
f 659/2767/747 632/2768/747 633/2769/747
f 660/2770/748 657/2771/748 656/2772/748
f 659/2773/749 633/2774/749 634/2775/749
f 660/2776/750 658/2777/750 657/2778/750
f 659/2779/751 634/2780/751 627/2781/751
f 660/2782/752 651/2783/752 658/2784/752
o lower_ring_division_3
f 661/2785/753 669/2786/753 670/2787/753 662/2788/753
f 662/2789/754 670/2790/754 671/2791/754 663/2792/754
f 663/2793/755 671/2794/755 672/2795/755 664/2796/755
f 664/2797/756 672/2798/756 673/2799/756 665/2800/756
f 665/2801/757 673/2802/757 674/2803/757 666/2804/757
f 666/2805/758 674/2806/758 675/2807/758 667/2808/758
f 667/2809/759 675/2810/759 676/2811/759 668/2812/759
f 668/2813/760 676/2814/760 669/2815/760 661/2816/760
f 669/2817/761 677/2818/761 678/2819/761 670/2820/761
f 670/2821/762 678/2822/762 679/2823/762 671/2824/762
f 671/2825/763 679/2826/763 680/2827/763 672/2828/763
f 672/2829/764 680/2830/764 681/2831/764 673/2832/764
f 673/2833/765 681/2834/765 682/2835/765 674/2836/765
f 674/2837/766 682/2838/766 683/2839/766 675/2840/766
f 675/2841/767 683/2842/767 684/2843/767 676/2844/767
f 676/2845/768 684/2846/768 677/2847/768 669/2848/768
f 677/2849/769 685/2850/769 686/2851/769 678/2852/769
f 678/2853/770 686/2854/770 687/2855/770 679/2856/770
f 679/2857/771 687/2858/771 688/2859/771 680/2860/771
f 680/2861/772 688/2862/772 689/2863/772 681/2864/772
f 681/2865/773 689/2866/773 690/2867/773 682/2868/773
f 682/2869/774 690/2870/774 691/2871/774 683/2872/774
f 683/2873/775 691/2874/775 692/2875/775 684/2876/775
f 684/2877/776 692/2878/776 685/2879/776 677/2880/776
f 693/2881/777 661/2882/777 662/2883/777
f 694/2884/778 686/2885/778 685/2886/778
f 693/2887/779 662/2888/779 663/2889/779
f 694/2890/780 687/2891/780 686/2892/780
f 693/2893/781 663/2894/781 664/2895/781
f 694/2896/782 688/2897/782 687/2898/782
f 693/2899/783 664/2900/783 665/2901/783
f 694/2902/784 689/2903/784 688/2904/784
f 693/2905/785 665/2906/785 666/2907/785
f 694/2908/786 690/2909/786 689/2910/786
f 693/2911/787 666/2912/787 667/2913/787
f 694/2914/788 691/2915/788 690/2916/788
f 693/2917/789 667/2918/789 668/2919/789
f 694/2920/790 692/2921/790 691/2922/790
f 693/2923/791 668/2924/791 661/2925/791
f 694/2926/792 685/2927/792 692/2928/792
o lower_ring_division_4
f 695/2929/793 703/2930/793 704/2931/793 696/2932/793
f 696/2933/794 704/2934/794 705/2935/794 697/2936/794
f 697/2937/795 705/2938/795 706/2939/795 698/2940/795
f 698/2941/796 706/2942/796 707/2943/796 699/2944/796
f 699/2945/797 707/2946/797 708/2947/797 700/2948/797
f 700/2949/798 708/2950/798 709/2951/798 701/2952/798
f 701/2953/799 709/2954/799 710/2955/799 702/2956/799
f 702/2957/800 710/2958/800 703/2959/800 695/2960/800
f 703/2961/801 711/2962/801 712/2963/801 704/2964/801
f 704/2965/802 712/2966/802 713/2967/802 705/2968/802
f 705/2969/803 713/2970/803 714/2971/803 706/2972/803
f 706/2973/804 714/2974/804 715/2975/804 707/2976/804
f 707/2977/805 715/2978/805 716/2979/805 708/2980/805
f 708/2981/806 716/2982/806 717/2983/806 709/2984/806
f 709/2985/807 717/2986/807 718/2987/807 710/2988/807
f 710/2989/808 718/2990/808 711/2991/808 703/2992/808
f 711/2993/809 719/2994/809 720/2995/809 712/2996/809
f 712/2997/810 720/2998/810 721/2999/810 713/3000/810
f 713/3001/811 721/3002/811 722/3003/811 714/3004/811
f 714/3005/812 722/3006/812 723/3007/812 715/3008/812
f 715/3009/813 723/3010/813 724/3011/813 716/3012/813
f 716/3013/814 724/3014/814 725/3015/814 717/3016/814
f 717/3017/815 725/3018/815 726/3019/815 718/3020/815
f 718/3021/816 726/3022/816 719/3023/816 711/3024/816
f 727/3025/817 695/3026/817 696/3027/817
f 728/3028/818 720/3029/818 719/3030/818
f 727/3031/819 696/3032/819 697/3033/819
f 728/3034/820 721/3035/820 720/3036/820
f 727/3037/821 697/3038/821 698/3039/821
f 728/3040/822 722/3041/822 721/3042/822
f 727/3043/823 698/3044/823 699/3045/823
f 728/3046/824 723/3047/824 722/3048/824
f 727/3049/825 699/3050/825 700/3051/825
f 728/3052/826 724/3053/826 723/3054/826
f 727/3055/827 700/3056/827 701/3057/827
f 728/3058/828 725/3059/828 724/3060/828
f 727/3061/829 701/3062/829 702/3063/829
f 728/3064/830 726/3065/830 725/3066/830
f 727/3067/831 702/3068/831 695/3069/831
f 728/3070/832 719/3071/832 726/3072/832
o lower_ring_division_5
f 729/3073/833 737/3074/833 738/3075/833 730/3076/833
f 730/3077/834 738/3078/834 739/3079/834 731/3080/834
f 731/3081/835 739/3082/835 740/3083/835 732/3084/835
f 732/3085/836 740/3086/836 741/3087/836 733/3088/836
f 733/3089/837 741/3090/837 742/3091/837 734/3092/837
f 734/3093/838 742/3094/838 743/3095/838 735/3096/838
f 735/3097/839 743/3098/839 744/3099/839 736/3100/839
f 736/3101/840 744/3102/840 737/3103/840 729/3104/840
f 737/3105/841 745/3106/841 746/3107/841 738/3108/841
f 738/3109/842 746/3110/842 747/3111/842 739/3112/842
f 739/3113/843 747/3114/843 748/3115/843 740/3116/843
f 740/3117/844 748/3118/844 749/3119/844 741/3120/844
f 741/3121/845 749/3122/845 750/3123/845 742/3124/845
f 742/3125/846 750/3126/846 751/3127/846 743/3128/846
f 743/3129/847 751/3130/847 752/3131/847 744/3132/847
f 744/3133/848 752/3134/848 745/3135/848 737/3136/848
f 745/3137/849 753/3138/849 754/3139/849 746/3140/849
f 746/3141/850 754/3142/850 755/3143/850 747/3144/850
f 747/3145/851 755/3146/851 756/3147/851 748/3148/851
f 748/3149/852 756/3150/852 757/3151/852 749/3152/852
f 749/3153/853 757/3154/853 758/3155/853 750/3156/853
f 750/3157/854 758/3158/854 759/3159/854 751/3160/854
f 751/3161/855 759/3162/855 760/3163/855 752/3164/855
f 752/3165/856 760/3166/856 753/3167/856 745/3168/856
f 761/3169/857 729/3170/857 730/3171/857
f 762/3172/858 754/3173/858 753/3174/858
f 761/3175/859 730/3176/859 731/3177/859
f 762/3178/860 755/3179/860 754/3180/860
f 761/3181/861 731/3182/861 732/3183/861
f 762/3184/862 756/3185/862 755/3186/862
f 761/3187/863 732/3188/863 733/3189/863
f 762/3190/864 757/3191/864 756/3192/864
f 761/3193/865 733/3194/865 734/3195/865
f 762/3196/866 758/3197/866 757/3198/866
f 761/3199/867 734/3200/867 735/3201/867
f 762/3202/868 759/3203/868 758/3204/868
f 761/3205/869 735/3206/869 736/3207/869
f 762/3208/870 760/3209/870 759/3210/870
f 761/3211/871 736/3212/871 729/3213/871
f 762/3214/872 753/3215/872 760/3216/872
o lower_ring_division_6
f 763/3217/873 771/3218/873 772/3219/873 764/3220/873
f 764/3221/874 772/3222/874 773/3223/874 765/3224/874
f 765/3225/875 773/3226/875 774/3227/875 766/3228/875
f 766/3229/876 774/3230/876 775/3231/876 767/3232/876
f 767/3233/877 775/3234/877 776/3235/877 768/3236/877
f 768/3237/878 776/3238/878 777/3239/878 769/3240/878
f 769/3241/879 777/3242/879 778/3243/879 770/3244/879
f 770/3245/880 778/3246/880 771/3247/880 763/3248/880
f 771/3249/881 779/3250/881 780/3251/881 772/3252/881
f 772/3253/882 780/3254/882 781/3255/882 773/3256/882
f 773/3257/883 781/3258/883 782/3259/883 774/3260/883
f 774/3261/884 782/3262/884 783/3263/884 775/3264/884
f 775/3265/885 783/3266/885 784/3267/885 776/3268/885
f 776/3269/886 784/3270/886 785/3271/886 777/3272/886
f 777/3273/887 785/3274/887 786/3275/887 778/3276/887
f 778/3277/888 786/3278/888 779/3279/888 771/3280/888
f 779/3281/889 787/3282/889 788/3283/889 780/3284/889
f 780/3285/890 788/3286/890 789/3287/890 781/3288/890
f 781/3289/891 789/3290/891 790/3291/891 782/3292/891
f 782/3293/892 790/3294/892 791/3295/892 783/3296/892
f 783/3297/893 791/3298/893 792/3299/893 784/3300/893
f 784/3301/894 792/3302/894 793/3303/894 785/3304/894
f 785/3305/895 793/3306/895 794/3307/895 786/3308/895
f 786/3309/896 794/3310/896 787/3311/896 779/3312/896
f 795/3313/897 763/3314/897 764/3315/897
f 796/3316/898 788/3317/898 787/3318/898
f 795/3319/899 764/3320/899 765/3321/899
f 796/3322/900 789/3323/900 788/3324/900
f 795/3325/901 765/3326/901 766/3327/901
f 796/3328/902 790/3329/902 789/3330/902
f 795/3331/903 766/3332/903 767/3333/903
f 796/3334/904 791/3335/904 790/3336/904
f 795/3337/905 767/3338/905 768/3339/905
f 796/3340/906 792/3341/906 791/3342/906
f 795/3343/907 768/3344/907 769/3345/907
f 796/3346/908 793/3347/908 792/3348/908
f 795/3349/909 769/3350/909 770/3351/909
f 796/3352/910 794/3353/910 793/3354/910
f 795/3355/911 770/3356/911 763/3357/911
f 796/3358/912 787/3359/912 794/3360/912
o lower_ring_division_7
f 797/3361/913 805/3362/913 806/3363/913 798/3364/913
f 798/3365/914 806/3366/914 807/3367/914 799/3368/914
f 799/3369/915 807/3370/915 808/3371/915 800/3372/915
f 800/3373/916 808/3374/916 809/3375/916 801/3376/916
f 801/3377/917 809/3378/917 810/3379/917 802/3380/917
f 802/3381/918 810/3382/918 811/3383/918 803/3384/918
f 803/3385/919 811/3386/919 812/3387/919 804/3388/919
f 804/3389/920 812/3390/920 805/3391/920 797/3392/920
f 805/3393/921 813/3394/921 814/3395/921 806/3396/921
f 806/3397/922 814/3398/922 815/3399/922 807/3400/922
f 807/3401/923 815/3402/923 816/3403/923 808/3404/923
f 808/3405/924 816/3406/924 817/3407/924 809/3408/924
f 809/3409/925 817/3410/925 818/3411/925 810/3412/925
f 810/3413/926 818/3414/926 819/3415/926 811/3416/926
f 811/3417/927 819/3418/927 820/3419/927 812/3420/927
f 812/3421/928 820/3422/928 813/3423/928 805/3424/928
f 813/3425/929 821/3426/929 822/3427/929 814/3428/929
f 814/3429/930 822/3430/930 823/3431/930 815/3432/930
f 815/3433/931 823/3434/931 824/3435/931 816/3436/931
f 816/3437/932 824/3438/932 825/3439/932 817/3440/932
f 817/3441/933 825/3442/933 826/3443/933 818/3444/933
f 818/3445/934 826/3446/934 827/3447/934 819/3448/934
f 819/3449/935 827/3450/935 828/3451/935 820/3452/935
f 820/3453/936 828/3454/936 821/3455/936 813/3456/936
f 829/3457/937 797/3458/937 798/3459/937
f 830/3460/938 822/3461/938 821/3462/938
f 829/3463/939 798/3464/939 799/3465/939
f 830/3466/940 823/3467/940 822/3468/940
f 829/3469/941 799/3470/941 800/3471/941
f 830/3472/942 824/3473/942 823/3474/942
f 829/3475/943 800/3476/943 801/3477/943
f 830/3478/944 825/3479/944 824/3480/944
f 829/3481/945 801/3482/945 802/3483/945
f 830/3484/946 826/3485/946 825/3486/946
f 829/3487/947 802/3488/947 803/3489/947
f 830/3490/948 827/3491/948 826/3492/948
f 829/3493/949 803/3494/949 804/3495/949
f 830/3496/950 828/3497/950 827/3498/950
f 829/3499/951 804/3500/951 797/3501/951
f 830/3502/952 821/3503/952 828/3504/952
o lower_ring_division_8
f 831/3505/953 839/3506/953 840/3507/953 832/3508/953
f 832/3509/954 840/3510/954 841/3511/954 833/3512/954
f 833/3513/955 841/3514/955 842/3515/955 834/3516/955
f 834/3517/956 842/3518/956 843/3519/956 835/3520/956
f 835/3521/957 843/3522/957 844/3523/957 836/3524/957
f 836/3525/958 844/3526/958 845/3527/958 837/3528/958
f 837/3529/959 845/3530/959 846/3531/959 838/3532/959
f 838/3533/960 846/3534/960 839/3535/960 831/3536/960
f 839/3537/961 847/3538/961 848/3539/961 840/3540/961
f 840/3541/962 848/3542/962 849/3543/962 841/3544/962
f 841/3545/963 849/3546/963 850/3547/963 842/3548/963
f 842/3549/964 850/3550/964 851/3551/964 843/3552/964
f 843/3553/965 851/3554/965 852/3555/965 844/3556/965
f 844/3557/966 852/3558/966 853/3559/966 845/3560/966
f 845/3561/967 853/3562/967 854/3563/967 846/3564/967
f 846/3565/968 854/3566/968 847/3567/968 839/3568/968
f 847/3569/969 855/3570/969 856/3571/969 848/3572/969
f 848/3573/970 856/3574/970 857/3575/970 849/3576/970
f 849/3577/971 857/3578/971 858/3579/971 850/3580/971
f 850/3581/972 858/3582/972 859/3583/972 851/3584/972
f 851/3585/973 859/3586/973 860/3587/973 852/3588/973
f 852/3589/974 860/3590/974 861/3591/974 853/3592/974
f 853/3593/975 861/3594/975 862/3595/975 854/3596/975
f 854/3597/976 862/3598/976 855/3599/976 847/3600/976
f 863/3601/977 831/3602/977 832/3603/977
f 864/3604/978 856/3605/978 855/3606/978
f 863/3607/979 832/3608/979 833/3609/979
f 864/3610/980 857/3611/980 856/3612/980
f 863/3613/981 833/3614/981 834/3615/981
f 864/3616/982 858/3617/982 857/3618/982
f 863/3619/983 834/3620/983 835/3621/983
f 864/3622/984 859/3623/984 858/3624/984
f 863/3625/985 835/3626/985 836/3627/985
f 864/3628/986 860/3629/986 859/3630/986
f 863/3631/987 836/3632/987 837/3633/987
f 864/3634/988 861/3635/988 860/3636/988
f 863/3637/989 837/3638/989 838/3639/989
f 864/3640/990 862/3641/990 861/3642/990
f 863/3643/991 838/3644/991 831/3645/991
f 864/3646/992 855/3647/992 862/3648/992
o lower_ring_division_9
f 865/3649/993 873/3650/993 874/3651/993 866/3652/993
f 866/3653/994 874/3654/994 875/3655/994 867/3656/994
f 867/3657/995 875/3658/995 876/3659/995 868/3660/995
f 868/3661/996 876/3662/996 877/3663/996 869/3664/996
f 869/3665/997 877/3666/997 878/3667/997 870/3668/997
f 870/3669/998 878/3670/998 879/3671/998 871/3672/998
f 871/3673/999 879/3674/999 880/3675/999 872/3676/999
f 872/3677/1000 880/3678/1000 873/3679/1000 865/3680/1000
f 873/3681/1001 881/3682/1001 882/3683/1001 874/3684/1001
f 874/3685/1002 882/3686/1002 883/3687/1002 875/3688/1002
f 875/3689/1003 883/3690/1003 884/3691/1003 876/3692/1003
f 876/3693/1004 884/3694/1004 885/3695/1004 877/3696/1004
f 877/3697/1005 885/3698/1005 886/3699/1005 878/3700/1005
f 878/3701/1006 886/3702/1006 887/3703/1006 879/3704/1006
f 879/3705/1007 887/3706/1007 888/3707/1007 880/3708/1007
f 880/3709/1008 888/3710/1008 881/3711/1008 873/3712/1008
f 881/3713/1009 889/3714/1009 890/3715/1009 882/3716/1009
f 882/3717/1010 890/3718/1010 891/3719/1010 883/3720/1010
f 883/3721/1011 891/3722/1011 892/3723/1011 884/3724/1011
f 884/3725/1012 892/3726/1012 893/3727/1012 885/3728/1012
f 885/3729/1013 893/3730/1013 894/3731/1013 886/3732/1013
f 886/3733/1014 894/3734/1014 895/3735/1014 887/3736/1014
f 887/3737/1015 895/3738/1015 896/3739/1015 888/3740/1015
f 888/3741/1016 896/3742/1016 889/3743/1016 881/3744/1016
f 897/3745/1017 865/3746/1017 866/3747/1017
f 898/3748/1018 890/3749/1018 889/3750/1018
f 897/3751/1019 866/3752/1019 867/3753/1019
f 898/3754/1020 891/3755/1020 890/3756/1020
f 897/3757/1021 867/3758/1021 868/3759/1021
f 898/3760/1022 892/3761/1022 891/3762/1022
f 897/3763/1023 868/3764/1023 869/3765/1023
f 898/3766/1024 893/3767/1024 892/3768/1024
f 897/3769/1025 869/3770/1025 870/3771/1025
f 898/3772/1026 894/3773/1026 893/3774/1026
f 897/3775/1027 870/3776/1027 871/3777/1027
f 898/3778/1028 895/3779/1028 894/3780/1028
f 897/3781/1029 871/3782/1029 872/3783/1029
f 898/3784/1030 896/3785/1030 895/3786/1030
f 897/3787/1031 872/3788/1031 865/3789/1031
f 898/3790/1032 889/3791/1032 896/3792/1032
o lower_ring_division_10
f 899/3793/1033 907/3794/1033 908/3795/1033 900/3796/1033
f 900/3797/1034 908/3798/1034 909/3799/1034 901/3800/1034
f 901/3801/1035 909/3802/1035 910/3803/1035 902/3804/1035
f 902/3805/1036 910/3806/1036 911/3807/1036 903/3808/1036
f 903/3809/1037 911/3810/1037 912/3811/1037 904/3812/1037
f 904/3813/1038 912/3814/1038 913/3815/1038 905/3816/1038
f 905/3817/1039 913/3818/1039 914/3819/1039 906/3820/1039
f 906/3821/1040 914/3822/1040 907/3823/1040 899/3824/1040
f 907/3825/1041 915/3826/1041 916/3827/1041 908/3828/1041
f 908/3829/1042 916/3830/1042 917/3831/1042 909/3832/1042
f 909/3833/1043 917/3834/1043 918/3835/1043 910/3836/1043
f 910/3837/1044 918/3838/1044 919/3839/1044 911/3840/1044
f 911/3841/1045 919/3842/1045 920/3843/1045 912/3844/1045
f 912/3845/1046 920/3846/1046 921/3847/1046 913/3848/1046
f 913/3849/1047 921/3850/1047 922/3851/1047 914/3852/1047
f 914/3853/1048 922/3854/1048 915/3855/1048 907/3856/1048
f 915/3857/1049 923/3858/1049 924/3859/1049 916/3860/1049
f 916/3861/1050 924/3862/1050 925/3863/1050 917/3864/1050
f 917/3865/1051 925/3866/1051 926/3867/1051 918/3868/1051
f 918/3869/1052 926/3870/1052 927/3871/1052 919/3872/1052
f 919/3873/1053 927/3874/1053 928/3875/1053 920/3876/1053
f 920/3877/1054 928/3878/1054 929/3879/1054 921/3880/1054
f 921/3881/1055 929/3882/1055 930/3883/1055 922/3884/1055
f 922/3885/1056 930/3886/1056 923/3887/1056 915/3888/1056
f 931/3889/1057 899/3890/1057 900/3891/1057
f 932/3892/1058 924/3893/1058 923/3894/1058
f 931/3895/1059 900/3896/1059 901/3897/1059
f 932/3898/1060 925/3899/1060 924/3900/1060
f 931/3901/1061 901/3902/1061 902/3903/1061
f 932/3904/1062 926/3905/1062 925/3906/1062
f 931/3907/1063 902/3908/1063 903/3909/1063
f 932/3910/1064 927/3911/1064 926/3912/1064
f 931/3913/1065 903/3914/1065 904/3915/1065
f 932/3916/1066 928/3917/1066 927/3918/1066
f 931/3919/1067 904/3920/1067 905/3921/1067
f 932/3922/1068 929/3923/1068 928/3924/1068
f 931/3925/1069 905/3926/1069 906/3927/1069
f 932/3928/1070 930/3929/1070 929/3930/1070
f 931/3931/1071 906/3932/1071 899/3933/1071
f 932/3934/1072 923/3935/1072 930/3936/1072
o lower_ring_division_11
f 933/3937/1073 941/3938/1073 942/3939/1073 934/3940/1073
f 934/3941/1074 942/3942/1074 943/3943/1074 935/3944/1074
f 935/3945/1075 943/3946/1075 944/3947/1075 936/3948/1075
f 936/3949/1076 944/3950/1076 945/3951/1076 937/3952/1076
f 937/3953/1077 945/3954/1077 946/3955/1077 938/3956/1077
f 938/3957/1078 946/3958/1078 947/3959/1078 939/3960/1078
f 939/3961/1079 947/3962/1079 948/3963/1079 940/3964/1079
f 940/3965/1080 948/3966/1080 941/3967/1080 933/3968/1080
f 941/3969/1081 949/3970/1081 950/3971/1081 942/3972/1081
f 942/3973/1082 950/3974/1082 951/3975/1082 943/3976/1082
f 943/3977/1083 951/3978/1083 952/3979/1083 944/3980/1083
f 944/3981/1084 952/3982/1084 953/3983/1084 945/3984/1084
f 945/3985/1085 953/3986/1085 954/3987/1085 946/3988/1085
f 946/3989/1086 954/3990/1086 955/3991/1086 947/3992/1086
f 947/3993/1087 955/3994/1087 956/3995/1087 948/3996/1087
f 948/3997/1088 956/3998/1088 949/3999/1088 941/4000/1088
f 949/4001/1089 957/4002/1089 958/4003/1089 950/4004/1089
f 950/4005/1090 958/4006/1090 959/4007/1090 951/4008/1090
f 951/4009/1091 959/4010/1091 960/4011/1091 952/4012/1091
f 952/4013/1092 960/4014/1092 961/4015/1092 953/4016/1092
f 953/4017/1093 961/4018/1093 962/4019/1093 954/4020/1093
f 954/4021/1094 962/4022/1094 963/4023/1094 955/4024/1094
f 955/4025/1095 963/4026/1095 964/4027/1095 956/4028/1095
f 956/4029/1096 964/4030/1096 957/4031/1096 949/4032/1096
f 965/4033/1097 933/4034/1097 934/4035/1097
f 966/4036/1098 958/4037/1098 957/4038/1098
f 965/4039/1099 934/4040/1099 935/4041/1099
f 966/4042/1100 959/4043/1100 958/4044/1100
f 965/4045/1101 935/4046/1101 936/4047/1101
f 966/4048/1102 960/4049/1102 959/4050/1102
f 965/4051/1103 936/4052/1103 937/4053/1103
f 966/4054/1104 961/4055/1104 960/4056/1104
f 965/4057/1105 937/4058/1105 938/4059/1105
f 966/4060/1106 962/4061/1106 961/4062/1106
f 965/4063/1107 938/4064/1107 939/4065/1107
f 966/4066/1108 963/4067/1108 962/4068/1108
f 965/4069/1109 939/4070/1109 940/4071/1109
f 966/4072/1110 964/4073/1110 963/4074/1110
f 965/4075/1111 940/4076/1111 933/4077/1111
f 966/4078/1112 957/4079/1112 964/4080/1112
o lower_rear_spine
usemtl transporter_titanium
f 975/4081/1113 983/4082/1113 984/4083/1113 976/4084/1113
f 976/4085/1114 984/4086/1114 985/4087/1114 977/4088/1114
f 977/4089/1115 985/4090/1115 986/4091/1115 978/4092/1115
f 978/4093/1116 986/4094/1116 987/4095/1116 979/4096/1116
f 979/4097/1117 987/4098/1117 988/4099/1117 980/4100/1117
f 980/4101/1118 988/4102/1118 989/4103/1118 981/4104/1118
f 981/4105/1119 989/4106/1119 990/4107/1119 982/4108/1119
f 982/4109/1120 990/4110/1120 983/4111/1120 975/4112/1120
f 999/4113/1121 967/4114/1121 968/4115/1121
f 1000/4116/1122 992/4117/1122 991/4118/1122
f 999/4119/1123 968/4120/1123 969/4121/1123
f 1000/4122/1124 993/4123/1124 992/4124/1124
f 999/4125/1125 969/4126/1125 970/4127/1125
f 1000/4128/1126 994/4129/1126 993/4130/1126
f 999/4131/1127 970/4132/1127 971/4133/1127
f 1000/4134/1128 995/4135/1128 994/4136/1128
f 999/4137/1129 971/4138/1129 972/4139/1129
f 1000/4140/1130 996/4141/1130 995/4142/1130
f 999/4143/1131 972/4144/1131 973/4145/1131
f 1000/4146/1132 997/4147/1132 996/4148/1132
f 999/4149/1133 973/4150/1133 974/4151/1133
f 1000/4152/1134 998/4153/1134 997/4154/1134
f 999/4155/1135 974/4156/1135 967/4157/1135
f 1000/4158/1136 991/4159/1136 998/4160/1136
o lower_recessed_backpanel
usemtl transporter_graphite
f 1009/4161/1137 1017/4162/1137 1018/4163/1137 1010/4164/1137
f 1010/4165/1138 1018/4166/1138 1019/4167/1138 1011/4168/1138
f 1011/4169/1139 1019/4170/1139 1020/4171/1139 1012/4172/1139
f 1012/4173/1140 1020/4174/1140 1021/4175/1140 1013/4176/1140
f 1013/4177/1141 1021/4178/1141 1022/4179/1141 1014/4180/1141
f 1014/4181/1142 1022/4182/1142 1023/4183/1142 1015/4184/1142
f 1015/4185/1143 1023/4186/1143 1024/4187/1143 1016/4188/1143
f 1016/4189/1144 1024/4190/1144 1017/4191/1144 1009/4192/1144
f 1033/4193/1145 1001/4194/1145 1002/4195/1145
f 1034/4196/1146 1026/4197/1146 1025/4198/1146
f 1033/4199/1147 1002/4200/1147 1003/4201/1147
f 1034/4202/1148 1027/4203/1148 1026/4204/1148
f 1033/4205/1149 1003/4206/1149 1004/4207/1149
f 1034/4208/1150 1028/4209/1150 1027/4210/1150
f 1033/4211/1151 1004/4212/1151 1005/4213/1151
f 1034/4214/1152 1029/4215/1152 1028/4216/1152
f 1033/4217/1153 1005/4218/1153 1006/4219/1153
f 1034/4220/1154 1030/4221/1154 1029/4222/1154
f 1033/4223/1155 1006/4224/1155 1007/4225/1155
f 1034/4226/1156 1031/4227/1156 1030/4228/1156
f 1033/4229/1157 1007/4230/1157 1008/4231/1157
f 1034/4232/1158 1032/4233/1158 1031/4234/1158
f 1033/4235/1159 1008/4236/1159 1001/4237/1159
f 1034/4238/1160 1025/4239/1160 1032/4240/1160
o lower_left_light_socket
usemtl transporter_rubber
f 1043/4241/1161 1051/4242/1161 1052/4243/1161 1044/4244/1161
f 1044/4245/1162 1052/4246/1162 1053/4247/1162 1045/4248/1162
f 1045/4249/1163 1053/4250/1163 1054/4251/1163 1046/4252/1163
f 1046/4253/1164 1054/4254/1164 1055/4255/1164 1047/4256/1164
f 1047/4257/1165 1055/4258/1165 1056/4259/1165 1048/4260/1165
f 1048/4261/1166 1056/4262/1166 1057/4263/1166 1049/4264/1166
f 1049/4265/1167 1057/4266/1167 1058/4267/1167 1050/4268/1167
f 1050/4269/1168 1058/4270/1168 1051/4271/1168 1043/4272/1168
f 1067/4273/1169 1035/4274/1169 1036/4275/1169
f 1068/4276/1170 1060/4277/1170 1059/4278/1170
f 1067/4279/1171 1036/4280/1171 1037/4281/1171
f 1068/4282/1172 1061/4283/1172 1060/4284/1172
f 1067/4285/1173 1037/4286/1173 1038/4287/1173
f 1068/4288/1174 1062/4289/1174 1061/4290/1174
f 1067/4291/1175 1038/4292/1175 1039/4293/1175
f 1068/4294/1176 1063/4295/1176 1062/4296/1176
f 1067/4297/1177 1039/4298/1177 1040/4299/1177
f 1068/4300/1178 1064/4301/1178 1063/4302/1178
f 1067/4303/1179 1040/4304/1179 1041/4305/1179
f 1068/4306/1180 1065/4307/1180 1064/4308/1180
f 1067/4309/1181 1041/4310/1181 1042/4311/1181
f 1068/4312/1182 1066/4313/1182 1065/4314/1182
f 1067/4315/1183 1042/4316/1183 1035/4317/1183
f 1068/4318/1184 1059/4319/1184 1066/4320/1184
o lower_left_guide_light
usemtl transporter_cyan
f 1077/4321/1185 1085/4322/1185 1086/4323/1185 1078/4324/1185
f 1078/4325/1186 1086/4326/1186 1087/4327/1186 1079/4328/1186
f 1079/4329/1187 1087/4330/1187 1088/4331/1187 1080/4332/1187
f 1080/4333/1188 1088/4334/1188 1089/4335/1188 1081/4336/1188
f 1081/4337/1189 1089/4338/1189 1090/4339/1189 1082/4340/1189
f 1082/4341/1190 1090/4342/1190 1091/4343/1190 1083/4344/1190
f 1083/4345/1191 1091/4346/1191 1092/4347/1191 1084/4348/1191
f 1084/4349/1192 1092/4350/1192 1085/4351/1192 1077/4352/1192
f 1101/4353/1193 1069/4354/1193 1070/4355/1193
f 1102/4356/1194 1094/4357/1194 1093/4358/1194
f 1101/4359/1195 1070/4360/1195 1071/4361/1195
f 1102/4362/1196 1095/4363/1196 1094/4364/1196
f 1101/4365/1197 1071/4366/1197 1072/4367/1197
f 1102/4368/1198 1096/4369/1198 1095/4370/1198
f 1101/4371/1199 1072/4372/1199 1073/4373/1199
f 1102/4374/1200 1097/4375/1200 1096/4376/1200
f 1101/4377/1201 1073/4378/1201 1074/4379/1201
f 1102/4380/1202 1098/4381/1202 1097/4382/1202
f 1101/4383/1203 1074/4384/1203 1075/4385/1203
f 1102/4386/1204 1099/4387/1204 1098/4388/1204
f 1101/4389/1205 1075/4390/1205 1076/4391/1205
f 1102/4392/1206 1100/4393/1206 1099/4394/1206
f 1101/4395/1207 1076/4396/1207 1069/4397/1207
f 1102/4398/1208 1093/4399/1208 1100/4400/1208
o lower_right_light_socket
usemtl transporter_rubber
f 1111/4401/1209 1119/4402/1209 1120/4403/1209 1112/4404/1209
f 1112/4405/1210 1120/4406/1210 1121/4407/1210 1113/4408/1210
f 1113/4409/1211 1121/4410/1211 1122/4411/1211 1114/4412/1211
f 1114/4413/1212 1122/4414/1212 1123/4415/1212 1115/4416/1212
f 1115/4417/1213 1123/4418/1213 1124/4419/1213 1116/4420/1213
f 1116/4421/1214 1124/4422/1214 1125/4423/1214 1117/4424/1214
f 1117/4425/1215 1125/4426/1215 1126/4427/1215 1118/4428/1215
f 1118/4429/1216 1126/4430/1216 1119/4431/1216 1111/4432/1216
f 1135/4433/1217 1103/4434/1217 1104/4435/1217
f 1136/4436/1218 1128/4437/1218 1127/4438/1218
f 1135/4439/1219 1104/4440/1219 1105/4441/1219
f 1136/4442/1220 1129/4443/1220 1128/4444/1220
f 1135/4445/1221 1105/4446/1221 1106/4447/1221
f 1136/4448/1222 1130/4449/1222 1129/4450/1222
f 1135/4451/1223 1106/4452/1223 1107/4453/1223
f 1136/4454/1224 1131/4455/1224 1130/4456/1224
f 1135/4457/1225 1107/4458/1225 1108/4459/1225
f 1136/4460/1226 1132/4461/1226 1131/4462/1226
f 1135/4463/1227 1108/4464/1227 1109/4465/1227
f 1136/4466/1228 1133/4467/1228 1132/4468/1228
f 1135/4469/1229 1109/4470/1229 1110/4471/1229
f 1136/4472/1230 1134/4473/1230 1133/4474/1230
f 1135/4475/1231 1110/4476/1231 1103/4477/1231
f 1136/4478/1232 1127/4479/1232 1134/4480/1232
o lower_right_guide_light
usemtl transporter_cyan
f 1145/4481/1233 1153/4482/1233 1154/4483/1233 1146/4484/1233
f 1146/4485/1234 1154/4486/1234 1155/4487/1234 1147/4488/1234
f 1147/4489/1235 1155/4490/1235 1156/4491/1235 1148/4492/1235
f 1148/4493/1236 1156/4494/1236 1157/4495/1236 1149/4496/1236
f 1149/4497/1237 1157/4498/1237 1158/4499/1237 1150/4500/1237
f 1150/4501/1238 1158/4502/1238 1159/4503/1238 1151/4504/1238
f 1151/4505/1239 1159/4506/1239 1160/4507/1239 1152/4508/1239
f 1152/4509/1240 1160/4510/1240 1153/4511/1240 1145/4512/1240
f 1169/4513/1241 1137/4514/1241 1138/4515/1241
f 1170/4516/1242 1162/4517/1242 1161/4518/1242
f 1169/4519/1243 1138/4520/1243 1139/4521/1243
f 1170/4522/1244 1163/4523/1244 1162/4524/1244
f 1169/4525/1245 1139/4526/1245 1140/4527/1245
f 1170/4528/1246 1164/4529/1246 1163/4530/1246
f 1169/4531/1247 1140/4532/1247 1141/4533/1247
f 1170/4534/1248 1165/4535/1248 1164/4536/1248
f 1169/4537/1249 1141/4538/1249 1142/4539/1249
f 1170/4540/1250 1166/4541/1250 1165/4542/1250
f 1169/4543/1251 1142/4544/1251 1143/4545/1251
f 1170/4546/1252 1167/4547/1252 1166/4548/1252
f 1169/4549/1253 1143/4550/1253 1144/4551/1253
f 1170/4552/1254 1168/4553/1254 1167/4554/1254
f 1169/4555/1255 1144/4556/1255 1137/4557/1255
f 1170/4558/1256 1161/4559/1256 1168/4560/1256
o lower_left_spine_shoulder
usemtl transporter_titanium
f 1171/4561/1257 1179/4562/1257 1180/4563/1257 1172/4564/1257
f 1172/4565/1258 1180/4566/1258 1181/4567/1258 1173/4568/1258
f 1173/4569/1259 1181/4570/1259 1182/4571/1259 1174/4572/1259
f 1174/4573/1260 1182/4574/1260 1183/4575/1260 1175/4576/1260
f 1175/4577/1261 1183/4578/1261 1184/4579/1261 1176/4580/1261
f 1176/4581/1262 1184/4582/1262 1185/4583/1262 1177/4584/1262
f 1177/4585/1263 1185/4586/1263 1186/4587/1263 1178/4588/1263
f 1178/4589/1264 1186/4590/1264 1179/4591/1264 1171/4592/1264
f 1179/4593/1265 1187/4594/1265 1188/4595/1265 1180/4596/1265
f 1180/4597/1266 1188/4598/1266 1189/4599/1266 1181/4600/1266
f 1181/4601/1267 1189/4602/1267 1190/4603/1267 1182/4604/1267
f 1182/4605/1268 1190/4606/1268 1191/4607/1268 1183/4608/1268
f 1183/4609/1269 1191/4610/1269 1192/4611/1269 1184/4612/1269
f 1184/4613/1270 1192/4614/1270 1193/4615/1270 1185/4616/1270
f 1185/4617/1271 1193/4618/1271 1194/4619/1271 1186/4620/1271
f 1186/4621/1272 1194/4622/1272 1187/4623/1272 1179/4624/1272
f 1187/4625/1273 1195/4626/1273 1196/4627/1273 1188/4628/1273
f 1188/4629/1274 1196/4630/1274 1197/4631/1274 1189/4632/1274
f 1189/4633/1275 1197/4634/1275 1198/4635/1275 1190/4636/1275
f 1190/4637/1276 1198/4638/1276 1199/4639/1276 1191/4640/1276
f 1191/4641/1277 1199/4642/1277 1200/4643/1277 1192/4644/1277
f 1192/4645/1278 1200/4646/1278 1201/4647/1278 1193/4648/1278
f 1193/4649/1279 1201/4650/1279 1202/4651/1279 1194/4652/1279
f 1194/4653/1280 1202/4654/1280 1195/4655/1280 1187/4656/1280
f 1203/4657/1281 1171/4658/1281 1172/4659/1281
f 1204/4660/1282 1196/4661/1282 1195/4662/1282
f 1203/4663/1283 1172/4664/1283 1173/4665/1283
f 1204/4666/1284 1197/4667/1284 1196/4668/1284
f 1203/4669/1285 1173/4670/1285 1174/4671/1285
f 1204/4672/1286 1198/4673/1286 1197/4674/1286
f 1203/4675/1287 1174/4676/1287 1175/4677/1287
f 1204/4678/1288 1199/4679/1288 1198/4680/1288
f 1203/4681/1289 1175/4682/1289 1176/4683/1289
f 1204/4684/1290 1200/4685/1290 1199/4686/1290
f 1203/4687/1291 1176/4688/1291 1177/4689/1291
f 1204/4690/1292 1201/4691/1292 1200/4692/1292
f 1203/4693/1293 1177/4694/1293 1178/4695/1293
f 1204/4696/1294 1202/4697/1294 1201/4698/1294
f 1203/4699/1295 1178/4700/1295 1171/4701/1295
f 1204/4702/1296 1195/4703/1296 1202/4704/1296
o lower_rear_bridge
usemtl transporter_warm
f 1205/4705/1297 1213/4706/1297 1214/4707/1297 1206/4708/1297
f 1206/4709/1298 1214/4710/1298 1215/4711/1298 1207/4712/1298
f 1207/4713/1299 1215/4714/1299 1216/4715/1299 1208/4716/1299
f 1208/4717/1300 1216/4718/1300 1217/4719/1300 1209/4720/1300
f 1209/4721/1301 1217/4722/1301 1218/4723/1301 1210/4724/1301
f 1210/4725/1302 1218/4726/1302 1219/4727/1302 1211/4728/1302
f 1211/4729/1303 1219/4730/1303 1220/4731/1303 1212/4732/1303
f 1212/4733/1304 1220/4734/1304 1213/4735/1304 1205/4736/1304
f 1213/4737/1305 1221/4738/1305 1222/4739/1305 1214/4740/1305
f 1214/4741/1306 1222/4742/1306 1223/4743/1306 1215/4744/1306
f 1215/4745/1307 1223/4746/1307 1224/4747/1307 1216/4748/1307
f 1216/4749/1308 1224/4750/1308 1225/4751/1308 1217/4752/1308
f 1217/4753/1309 1225/4754/1309 1226/4755/1309 1218/4756/1309
f 1218/4757/1310 1226/4758/1310 1227/4759/1310 1219/4760/1310
f 1219/4761/1311 1227/4762/1311 1228/4763/1311 1220/4764/1311
f 1220/4765/1312 1228/4766/1312 1221/4767/1312 1213/4768/1312
f 1221/4769/1313 1229/4770/1313 1230/4771/1313 1222/4772/1313
f 1222/4773/1314 1230/4774/1314 1231/4775/1314 1223/4776/1314
f 1223/4777/1315 1231/4778/1315 1232/4779/1315 1224/4780/1315
f 1224/4781/1316 1232/4782/1316 1233/4783/1316 1225/4784/1316
f 1225/4785/1317 1233/4786/1317 1234/4787/1317 1226/4788/1317
f 1226/4789/1318 1234/4790/1318 1235/4791/1318 1227/4792/1318
f 1227/4793/1319 1235/4794/1319 1236/4795/1319 1228/4796/1319
f 1228/4797/1320 1236/4798/1320 1229/4799/1320 1221/4800/1320
f 1237/4801/1321 1205/4802/1321 1206/4803/1321
f 1238/4804/1322 1230/4805/1322 1229/4806/1322
f 1237/4807/1323 1206/4808/1323 1207/4809/1323
f 1238/4810/1324 1231/4811/1324 1230/4812/1324
f 1237/4813/1325 1207/4814/1325 1208/4815/1325
f 1238/4816/1326 1232/4817/1326 1231/4818/1326
f 1237/4819/1327 1208/4820/1327 1209/4821/1327
f 1238/4822/1328 1233/4823/1328 1232/4824/1328
f 1237/4825/1329 1209/4826/1329 1210/4827/1329
f 1238/4828/1330 1234/4829/1330 1233/4830/1330
f 1237/4831/1331 1210/4832/1331 1211/4833/1331
f 1238/4834/1332 1235/4835/1332 1234/4836/1332
f 1237/4837/1333 1211/4838/1333 1212/4839/1333
f 1238/4840/1334 1236/4841/1334 1235/4842/1334
f 1237/4843/1335 1212/4844/1335 1205/4845/1335
f 1238/4846/1336 1229/4847/1336 1236/4848/1336
o lower_right_spine_shoulder
usemtl transporter_titanium
f 1239/4849/1337 1247/4850/1337 1248/4851/1337 1240/4852/1337
f 1240/4853/1338 1248/4854/1338 1249/4855/1338 1241/4856/1338
f 1241/4857/1339 1249/4858/1339 1250/4859/1339 1242/4860/1339
f 1242/4861/1340 1250/4862/1340 1251/4863/1340 1243/4864/1340
f 1243/4865/1341 1251/4866/1341 1252/4867/1341 1244/4868/1341
f 1244/4869/1342 1252/4870/1342 1253/4871/1342 1245/4872/1342
f 1245/4873/1343 1253/4874/1343 1254/4875/1343 1246/4876/1343
f 1246/4877/1344 1254/4878/1344 1247/4879/1344 1239/4880/1344
f 1247/4881/1345 1255/4882/1345 1256/4883/1345 1248/4884/1345
f 1248/4885/1346 1256/4886/1346 1257/4887/1346 1249/4888/1346
f 1249/4889/1347 1257/4890/1347 1258/4891/1347 1250/4892/1347
f 1250/4893/1348 1258/4894/1348 1259/4895/1348 1251/4896/1348
f 1251/4897/1349 1259/4898/1349 1260/4899/1349 1252/4900/1349
f 1252/4901/1350 1260/4902/1350 1261/4903/1350 1253/4904/1350
f 1253/4905/1351 1261/4906/1351 1262/4907/1351 1254/4908/1351
f 1254/4909/1352 1262/4910/1352 1255/4911/1352 1247/4912/1352
f 1255/4913/1353 1263/4914/1353 1264/4915/1353 1256/4916/1353
f 1256/4917/1354 1264/4918/1354 1265/4919/1354 1257/4920/1354
f 1257/4921/1355 1265/4922/1355 1266/4923/1355 1258/4924/1355
f 1258/4925/1356 1266/4926/1356 1267/4927/1356 1259/4928/1356
f 1259/4929/1357 1267/4930/1357 1268/4931/1357 1260/4932/1357
f 1260/4933/1358 1268/4934/1358 1269/4935/1358 1261/4936/1358
f 1261/4937/1359 1269/4938/1359 1270/4939/1359 1262/4940/1359
f 1262/4941/1360 1270/4942/1360 1263/4943/1360 1255/4944/1360
f 1271/4945/1361 1239/4946/1361 1240/4947/1361
f 1272/4948/1362 1264/4949/1362 1263/4950/1362
f 1271/4951/1363 1240/4952/1363 1241/4953/1363
f 1272/4954/1364 1265/4955/1364 1264/4956/1364
f 1271/4957/1365 1241/4958/1365 1242/4959/1365
f 1272/4960/1366 1266/4961/1366 1265/4962/1366
f 1271/4963/1367 1242/4964/1367 1243/4965/1367
f 1272/4966/1368 1267/4967/1368 1266/4968/1368
f 1271/4969/1369 1243/4970/1369 1244/4971/1369
f 1272/4972/1370 1268/4973/1370 1267/4974/1370
f 1271/4975/1371 1244/4976/1371 1245/4977/1371
f 1272/4978/1372 1269/4979/1372 1268/4980/1372
f 1271/4981/1373 1245/4982/1373 1246/4983/1373
f 1272/4984/1374 1270/4985/1374 1269/4986/1374
f 1271/4987/1375 1246/4988/1375 1239/4989/1375
f 1272/4990/1376 1263/4991/1376 1270/4992/1376
o middle_rear_spine
f 1281/4993/1377 1289/4994/1377 1290/4995/1377 1282/4996/1377
f 1282/4997/1378 1290/4998/1378 1291/4999/1378 1283/5000/1378
f 1283/5001/1379 1291/5002/1379 1292/5003/1379 1284/5004/1379
f 1284/5005/1380 1292/5006/1380 1293/5007/1380 1285/5008/1380
f 1285/5009/1381 1293/5010/1381 1294/5011/1381 1286/5012/1381
f 1286/5013/1382 1294/5014/1382 1295/5015/1382 1287/5016/1382
f 1287/5017/1383 1295/5018/1383 1296/5019/1383 1288/5020/1383
f 1288/5021/1384 1296/5022/1384 1289/5023/1384 1281/5024/1384
f 1305/5025/1385 1273/5026/1385 1274/5027/1385
f 1306/5028/1386 1298/5029/1386 1297/5030/1386
f 1305/5031/1387 1274/5032/1387 1275/5033/1387
f 1306/5034/1388 1299/5035/1388 1298/5036/1388
f 1305/5037/1389 1275/5038/1389 1276/5039/1389
f 1306/5040/1390 1300/5041/1390 1299/5042/1390
f 1305/5043/1391 1276/5044/1391 1277/5045/1391
f 1306/5046/1392 1301/5047/1392 1300/5048/1392
f 1305/5049/1393 1277/5050/1393 1278/5051/1393
f 1306/5052/1394 1302/5053/1394 1301/5054/1394
f 1305/5055/1395 1278/5056/1395 1279/5057/1395
f 1306/5058/1396 1303/5059/1396 1302/5060/1396
f 1305/5061/1397 1279/5062/1397 1280/5063/1397
f 1306/5064/1398 1304/5065/1398 1303/5066/1398
f 1305/5067/1399 1280/5068/1399 1273/5069/1399
f 1306/5070/1400 1297/5071/1400 1304/5072/1400
o middle_recessed_backpanel
usemtl transporter_graphite
f 1315/5073/1401 1323/5074/1401 1324/5075/1401 1316/5076/1401
f 1316/5077/1402 1324/5078/1402 1325/5079/1402 1317/5080/1402
f 1317/5081/1403 1325/5082/1403 1326/5083/1403 1318/5084/1403
f 1318/5085/1404 1326/5086/1404 1327/5087/1404 1319/5088/1404
f 1319/5089/1405 1327/5090/1405 1328/5091/1405 1320/5092/1405
f 1320/5093/1406 1328/5094/1406 1329/5095/1406 1321/5096/1406
f 1321/5097/1407 1329/5098/1407 1330/5099/1407 1322/5100/1407
f 1322/5101/1408 1330/5102/1408 1323/5103/1408 1315/5104/1408
f 1339/5105/1409 1307/5106/1409 1308/5107/1409
f 1340/5108/1410 1332/5109/1410 1331/5110/1410
f 1339/5111/1411 1308/5112/1411 1309/5113/1411
f 1340/5114/1412 1333/5115/1412 1332/5116/1412
f 1339/5117/1413 1309/5118/1413 1310/5119/1413
f 1340/5120/1414 1334/5121/1414 1333/5122/1414
f 1339/5123/1415 1310/5124/1415 1311/5125/1415
f 1340/5126/1416 1335/5127/1416 1334/5128/1416
f 1339/5129/1417 1311/5130/1417 1312/5131/1417
f 1340/5132/1418 1336/5133/1418 1335/5134/1418
f 1339/5135/1419 1312/5136/1419 1313/5137/1419
f 1340/5138/1420 1337/5139/1420 1336/5140/1420
f 1339/5141/1421 1313/5142/1421 1314/5143/1421
f 1340/5144/1422 1338/5145/1422 1337/5146/1422
f 1339/5147/1423 1314/5148/1423 1307/5149/1423
f 1340/5150/1424 1331/5151/1424 1338/5152/1424
o middle_left_light_socket
usemtl transporter_rubber
f 1349/5153/1425 1357/5154/1425 1358/5155/1425 1350/5156/1425
f 1350/5157/1426 1358/5158/1426 1359/5159/1426 1351/5160/1426
f 1351/5161/1427 1359/5162/1427 1360/5163/1427 1352/5164/1427
f 1352/5165/1428 1360/5166/1428 1361/5167/1428 1353/5168/1428
f 1353/5169/1429 1361/5170/1429 1362/5171/1429 1354/5172/1429
f 1354/5173/1430 1362/5174/1430 1363/5175/1430 1355/5176/1430
f 1355/5177/1431 1363/5178/1431 1364/5179/1431 1356/5180/1431
f 1356/5181/1432 1364/5182/1432 1357/5183/1432 1349/5184/1432
f 1373/5185/1433 1341/5186/1433 1342/5187/1433
f 1374/5188/1434 1366/5189/1434 1365/5190/1434
f 1373/5191/1435 1342/5192/1435 1343/5193/1435
f 1374/5194/1436 1367/5195/1436 1366/5196/1436
f 1373/5197/1437 1343/5198/1437 1344/5199/1437
f 1374/5200/1438 1368/5201/1438 1367/5202/1438
f 1373/5203/1439 1344/5204/1439 1345/5205/1439
f 1374/5206/1440 1369/5207/1440 1368/5208/1440
f 1373/5209/1441 1345/5210/1441 1346/5211/1441
f 1374/5212/1442 1370/5213/1442 1369/5214/1442
f 1373/5215/1443 1346/5216/1443 1347/5217/1443
f 1374/5218/1444 1371/5219/1444 1370/5220/1444
f 1373/5221/1445 1347/5222/1445 1348/5223/1445
f 1374/5224/1446 1372/5225/1446 1371/5226/1446
f 1373/5227/1447 1348/5228/1447 1341/5229/1447
f 1374/5230/1448 1365/5231/1448 1372/5232/1448
o middle_left_guide_light
usemtl transporter_cyan
f 1383/5233/1449 1391/5234/1449 1392/5235/1449 1384/5236/1449
f 1384/5237/1450 1392/5238/1450 1393/5239/1450 1385/5240/1450
f 1385/5241/1451 1393/5242/1451 1394/5243/1451 1386/5244/1451
f 1386/5245/1452 1394/5246/1452 1395/5247/1452 1387/5248/1452
f 1387/5249/1453 1395/5250/1453 1396/5251/1453 1388/5252/1453
f 1388/5253/1454 1396/5254/1454 1397/5255/1454 1389/5256/1454
f 1389/5257/1455 1397/5258/1455 1398/5259/1455 1390/5260/1455
f 1390/5261/1456 1398/5262/1456 1391/5263/1456 1383/5264/1456
f 1407/5265/1457 1375/5266/1457 1376/5267/1457
f 1408/5268/1458 1400/5269/1458 1399/5270/1458
f 1407/5271/1459 1376/5272/1459 1377/5273/1459
f 1408/5274/1460 1401/5275/1460 1400/5276/1460
f 1407/5277/1461 1377/5278/1461 1378/5279/1461
f 1408/5280/1462 1402/5281/1462 1401/5282/1462
f 1407/5283/1463 1378/5284/1463 1379/5285/1463
f 1408/5286/1464 1403/5287/1464 1402/5288/1464
f 1407/5289/1465 1379/5290/1465 1380/5291/1465
f 1408/5292/1466 1404/5293/1466 1403/5294/1466
f 1407/5295/1467 1380/5296/1467 1381/5297/1467
f 1408/5298/1468 1405/5299/1468 1404/5300/1468
f 1407/5301/1469 1381/5302/1469 1382/5303/1469
f 1408/5304/1470 1406/5305/1470 1405/5306/1470
f 1407/5307/1471 1382/5308/1471 1375/5309/1471
f 1408/5310/1472 1399/5311/1472 1406/5312/1472
o middle_right_light_socket
usemtl transporter_rubber
f 1417/5313/1473 1425/5314/1473 1426/5315/1473 1418/5316/1473
f 1418/5317/1474 1426/5318/1474 1427/5319/1474 1419/5320/1474
f 1419/5321/1475 1427/5322/1475 1428/5323/1475 1420/5324/1475
f 1420/5325/1476 1428/5326/1476 1429/5327/1476 1421/5328/1476
f 1421/5329/1477 1429/5330/1477 1430/5331/1477 1422/5332/1477
f 1422/5333/1478 1430/5334/1478 1431/5335/1478 1423/5336/1478
f 1423/5337/1479 1431/5338/1479 1432/5339/1479 1424/5340/1479
f 1424/5341/1480 1432/5342/1480 1425/5343/1480 1417/5344/1480
f 1441/5345/1481 1409/5346/1481 1410/5347/1481
f 1442/5348/1482 1434/5349/1482 1433/5350/1482
f 1441/5351/1483 1410/5352/1483 1411/5353/1483
f 1442/5354/1484 1435/5355/1484 1434/5356/1484
f 1441/5357/1485 1411/5358/1485 1412/5359/1485
f 1442/5360/1486 1436/5361/1486 1435/5362/1486
f 1441/5363/1487 1412/5364/1487 1413/5365/1487
f 1442/5366/1488 1437/5367/1488 1436/5368/1488
f 1441/5369/1489 1413/5370/1489 1414/5371/1489
f 1442/5372/1490 1438/5373/1490 1437/5374/1490
f 1441/5375/1491 1414/5376/1491 1415/5377/1491
f 1442/5378/1492 1439/5379/1492 1438/5380/1492
f 1441/5381/1493 1415/5382/1493 1416/5383/1493
f 1442/5384/1494 1440/5385/1494 1439/5386/1494
f 1441/5387/1495 1416/5388/1495 1409/5389/1495
f 1442/5390/1496 1433/5391/1496 1440/5392/1496
o middle_right_guide_light
usemtl transporter_cyan
f 1451/5393/1497 1459/5394/1497 1460/5395/1497 1452/5396/1497
f 1452/5397/1498 1460/5398/1498 1461/5399/1498 1453/5400/1498
f 1453/5401/1499 1461/5402/1499 1462/5403/1499 1454/5404/1499
f 1454/5405/1500 1462/5406/1500 1463/5407/1500 1455/5408/1500
f 1455/5409/1501 1463/5410/1501 1464/5411/1501 1456/5412/1501
f 1456/5413/1502 1464/5414/1502 1465/5415/1502 1457/5416/1502
f 1457/5417/1503 1465/5418/1503 1466/5419/1503 1458/5420/1503
f 1458/5421/1504 1466/5422/1504 1459/5423/1504 1451/5424/1504
f 1475/5425/1505 1443/5426/1505 1444/5427/1505
f 1476/5428/1506 1468/5429/1506 1467/5430/1506
f 1475/5431/1507 1444/5432/1507 1445/5433/1507
f 1476/5434/1508 1469/5435/1508 1468/5436/1508
f 1475/5437/1509 1445/5438/1509 1446/5439/1509
f 1476/5440/1510 1470/5441/1510 1469/5442/1510
f 1475/5443/1511 1446/5444/1511 1447/5445/1511
f 1476/5446/1512 1471/5447/1512 1470/5448/1512
f 1475/5449/1513 1447/5450/1513 1448/5451/1513
f 1476/5452/1514 1472/5453/1514 1471/5454/1514
f 1475/5455/1515 1448/5456/1515 1449/5457/1515
f 1476/5458/1516 1473/5459/1516 1472/5460/1516
f 1475/5461/1517 1449/5462/1517 1450/5463/1517
f 1476/5464/1518 1474/5465/1518 1473/5466/1518
f 1475/5467/1519 1450/5468/1519 1443/5469/1519
f 1476/5470/1520 1467/5471/1520 1474/5472/1520
o middle_instrument_bezel
usemtl transporter_rubber
f 1477/5473/1521 1485/5474/1521 1486/5475/1521 1478/5476/1521
f 1478/5477/1522 1486/5478/1522 1487/5479/1522 1479/5480/1522
f 1479/5481/1523 1487/5482/1523 1488/5483/1523 1480/5484/1523
f 1480/5485/1524 1488/5486/1524 1489/5487/1524 1481/5488/1524
f 1481/5489/1525 1489/5490/1525 1490/5491/1525 1482/5492/1525
f 1482/5493/1526 1490/5494/1526 1491/5495/1526 1483/5496/1526
f 1483/5497/1527 1491/5498/1527 1492/5499/1527 1484/5500/1527
f 1484/5501/1528 1492/5502/1528 1485/5503/1528 1477/5504/1528
f 1485/5505/1529 1493/5506/1529 1494/5507/1529 1486/5508/1529
f 1486/5509/1530 1494/5510/1530 1495/5511/1530 1487/5512/1530
f 1487/5513/1531 1495/5514/1531 1496/5515/1531 1488/5516/1531
f 1488/5517/1532 1496/5518/1532 1497/5519/1532 1489/5520/1532
f 1489/5521/1533 1497/5522/1533 1498/5523/1533 1490/5524/1533
f 1490/5525/1534 1498/5526/1534 1499/5527/1534 1491/5528/1534
f 1491/5529/1535 1499/5530/1535 1500/5531/1535 1492/5532/1535
f 1492/5533/1536 1500/5534/1536 1493/5535/1536 1485/5536/1536
f 1493/5537/1537 1501/5538/1537 1502/5539/1537 1494/5540/1537
f 1494/5541/1538 1502/5542/1538 1503/5543/1538 1495/5544/1538
f 1495/5545/1539 1503/5546/1539 1504/5547/1539 1496/5548/1539
f 1496/5549/1540 1504/5550/1540 1505/5551/1540 1497/5552/1540
f 1497/5553/1541 1505/5554/1541 1506/5555/1541 1498/5556/1541
f 1498/5557/1542 1506/5558/1542 1507/5559/1542 1499/5560/1542
f 1499/5561/1543 1507/5562/1543 1508/5563/1543 1500/5564/1543
f 1500/5565/1544 1508/5566/1544 1501/5567/1544 1493/5568/1544
f 1509/5569/1545 1477/5570/1545 1478/5571/1545
f 1510/5572/1546 1502/5573/1546 1501/5574/1546
f 1509/5575/1547 1478/5576/1547 1479/5577/1547
f 1510/5578/1548 1503/5579/1548 1502/5580/1548
f 1509/5581/1549 1479/5582/1549 1480/5583/1549
f 1510/5584/1550 1504/5585/1550 1503/5586/1550
f 1509/5587/1551 1480/5588/1551 1481/5589/1551
f 1510/5590/1552 1505/5591/1552 1504/5592/1552
f 1509/5593/1553 1481/5594/1553 1482/5595/1553
f 1510/5596/1554 1506/5597/1554 1505/5598/1554
f 1509/5599/1555 1482/5600/1555 1483/5601/1555
f 1510/5602/1556 1507/5603/1556 1506/5604/1556
f 1509/5605/1557 1483/5606/1557 1484/5607/1557
f 1510/5608/1558 1508/5609/1558 1507/5610/1558
f 1509/5611/1559 1484/5612/1559 1477/5613/1559
f 1510/5614/1560 1501/5615/1560 1508/5616/1560
o middle_inset_instrument
usemtl transporter_instruments
f 1512/5617/1561 1520/5618/1561 1521/5619/1561 1513/5620/1561
f 1513/5621/1562 1521/5622/1562 1522/5623/1562 1514/5624/1562
f 1514/5625/1563 1522/5626/1563 1523/5627/1563 1515/5628/1563
f 1515/5629/1564 1523/5630/1564 1524/5631/1564 1516/5632/1564
f 1516/5633/1565 1524/5634/1565 1525/5635/1565 1517/5636/1565
f 1517/5637/1566 1525/5638/1566 1526/5639/1566 1518/5640/1566
f 1518/5641/1567 1526/5642/1567 1527/5643/1567 1519/5644/1567
f 1519/5645/1568 1527/5646/1568 1520/5647/1568 1512/5648/1568
f 1520/5649/1569 1528/5650/1569 1511/5651/1569 1521/5652/1569
f 1521/5653/1570 1511/5654/1570 1529/5655/1570 1522/5656/1570
f 1522/5657/1571 1529/5658/1571 1530/5659/1571 1523/5660/1571
f 1523/5661/1572 1530/5662/1572 1531/5663/1572 1524/5664/1572
f 1524/5665/1573 1531/5666/1573 1532/5667/1573 1525/5668/1573
f 1525/5669/1574 1532/5670/1574 1533/5671/1574 1526/5672/1574
f 1526/5673/1575 1533/5674/1575 1534/5675/1575 1527/5676/1575
f 1527/5677/1576 1534/5678/1576 1528/5679/1576 1520/5680/1576
f 1528/5681/1577 1535/5682/1577 1536/5683/1577 1511/5684/1577
f 1511/5685/1578 1536/5686/1578 1537/5687/1578 1529/5688/1578
f 1529/5689/1579 1537/5690/1579 1538/5691/1579 1530/5692/1579
f 1530/5693/1580 1538/5694/1580 1539/5695/1580 1531/5696/1580
f 1531/5697/1581 1539/5698/1581 1540/5699/1581 1532/5700/1581
f 1532/5701/1582 1540/5702/1582 1541/5703/1582 1533/5704/1582
f 1533/5705/1583 1541/5706/1583 1542/5707/1583 1534/5708/1583
f 1534/5709/1584 1542/5710/1584 1535/5711/1584 1528/5712/1584
f 1543/5713/1585 1512/5714/1585 1513/5715/1585
f 1544/5716/1586 1536/5717/1586 1535/5718/1586
f 1543/5719/1587 1513/5720/1587 1514/5721/1587
f 1544/5722/1588 1537/5723/1588 1536/5724/1588
f 1543/5725/1589 1514/5726/1589 1515/5727/1589
f 1544/5728/1590 1538/5729/1590 1537/5730/1590
f 1543/5731/1591 1515/5732/1591 1516/5733/1591
f 1544/5734/1592 1539/5735/1592 1538/5736/1592
f 1543/5737/1593 1516/5738/1593 1517/5739/1593
f 1544/5740/1594 1540/5741/1594 1539/5742/1594
f 1543/5743/1595 1517/5744/1595 1518/5745/1595
f 1544/5746/1596 1541/5747/1596 1540/5748/1596
f 1543/5749/1597 1518/5750/1597 1519/5751/1597
f 1544/5752/1598 1542/5753/1598 1541/5754/1598
f 1543/5755/1599 1519/5756/1599 1512/5757/1599
f 1544/5758/1600 1535/5759/1600 1542/5760/1600
o middle_lower_access_panel
usemtl transporter_warm
f 1545/5761/1601 1553/5762/1601 1554/5763/1601 1546/5764/1601
f 1546/5765/1602 1554/5766/1602 1555/5767/1602 1547/5768/1602
f 1547/5769/1603 1555/5770/1603 1556/5771/1603 1548/5772/1603
f 1548/5773/1604 1556/5774/1604 1557/5775/1604 1549/5776/1604
f 1549/5777/1605 1557/5778/1605 1558/5779/1605 1550/5780/1605
f 1550/5781/1606 1558/5782/1606 1559/5783/1606 1551/5784/1606
f 1551/5785/1607 1559/5786/1607 1560/5787/1607 1552/5788/1607
f 1552/5789/1608 1560/5790/1608 1553/5791/1608 1545/5792/1608
f 1553/5793/1609 1561/5794/1609 1562/5795/1609 1554/5796/1609
f 1554/5797/1610 1562/5798/1610 1563/5799/1610 1555/5800/1610
f 1555/5801/1611 1563/5802/1611 1564/5803/1611 1556/5804/1611
f 1556/5805/1612 1564/5806/1612 1565/5807/1612 1557/5808/1612
f 1557/5809/1613 1565/5810/1613 1566/5811/1613 1558/5812/1613
f 1558/5813/1614 1566/5814/1614 1567/5815/1614 1559/5816/1614
f 1559/5817/1615 1567/5818/1615 1568/5819/1615 1560/5820/1615
f 1560/5821/1616 1568/5822/1616 1561/5823/1616 1553/5824/1616
f 1561/5825/1617 1569/5826/1617 1570/5827/1617 1562/5828/1617
f 1562/5829/1618 1570/5830/1618 1571/5831/1618 1563/5832/1618
f 1563/5833/1619 1571/5834/1619 1572/5835/1619 1564/5836/1619
f 1564/5837/1620 1572/5838/1620 1573/5839/1620 1565/5840/1620
f 1565/5841/1621 1573/5842/1621 1574/5843/1621 1566/5844/1621
f 1566/5845/1622 1574/5846/1622 1575/5847/1622 1567/5848/1622
f 1567/5849/1623 1575/5850/1623 1576/5851/1623 1568/5852/1623
f 1568/5853/1624 1576/5854/1624 1569/5855/1624 1561/5856/1624
f 1577/5857/1625 1545/5858/1625 1546/5859/1625
f 1578/5860/1626 1570/5861/1626 1569/5862/1626
f 1577/5863/1627 1546/5864/1627 1547/5865/1627
f 1578/5866/1628 1571/5867/1628 1570/5868/1628
f 1577/5869/1629 1547/5870/1629 1548/5871/1629
f 1578/5872/1630 1572/5873/1630 1571/5874/1630
f 1577/5875/1631 1548/5876/1631 1549/5877/1631
f 1578/5878/1632 1573/5879/1632 1572/5880/1632
f 1577/5881/1633 1549/5882/1633 1550/5883/1633
f 1578/5884/1634 1574/5885/1634 1573/5886/1634
f 1577/5887/1635 1550/5888/1635 1551/5889/1635
f 1578/5890/1636 1575/5891/1636 1574/5892/1636
f 1577/5893/1637 1551/5894/1637 1552/5895/1637
f 1578/5896/1638 1576/5897/1638 1575/5898/1638
f 1577/5899/1639 1552/5900/1639 1545/5901/1639
f 1578/5902/1640 1569/5903/1640 1576/5904/1640
o upper_rear_spine
usemtl transporter_titanium
f 1587/5905/1641 1595/5906/1641 1596/5907/1641 1588/5908/1641
f 1588/5909/1642 1596/5910/1642 1597/5911/1642 1589/5912/1642
f 1589/5913/1643 1597/5914/1643 1598/5915/1643 1590/5916/1643
f 1590/5917/1644 1598/5918/1644 1599/5919/1644 1591/5920/1644
f 1591/5921/1645 1599/5922/1645 1600/5923/1645 1592/5924/1645
f 1592/5925/1646 1600/5926/1646 1601/5927/1646 1593/5928/1646
f 1593/5929/1647 1601/5930/1647 1602/5931/1647 1594/5932/1647
f 1594/5933/1648 1602/5934/1648 1595/5935/1648 1587/5936/1648
f 1611/5937/1649 1579/5938/1649 1580/5939/1649
f 1612/5940/1650 1604/5941/1650 1603/5942/1650
f 1611/5943/1651 1580/5944/1651 1581/5945/1651
f 1612/5946/1652 1605/5947/1652 1604/5948/1652
f 1611/5949/1653 1581/5950/1653 1582/5951/1653
f 1612/5952/1654 1606/5953/1654 1605/5954/1654
f 1611/5955/1655 1582/5956/1655 1583/5957/1655
f 1612/5958/1656 1607/5959/1656 1606/5960/1656
f 1611/5961/1657 1583/5962/1657 1584/5963/1657
f 1612/5964/1658 1608/5965/1658 1607/5966/1658
f 1611/5967/1659 1584/5968/1659 1585/5969/1659
f 1612/5970/1660 1609/5971/1660 1608/5972/1660
f 1611/5973/1661 1585/5974/1661 1586/5975/1661
f 1612/5976/1662 1610/5977/1662 1609/5978/1662
f 1611/5979/1663 1586/5980/1663 1579/5981/1663
f 1612/5982/1664 1603/5983/1664 1610/5984/1664
o upper_recessed_backpanel
usemtl transporter_graphite
f 1621/5985/1665 1629/5986/1665 1630/5987/1665 1622/5988/1665
f 1622/5989/1666 1630/5990/1666 1631/5991/1666 1623/5992/1666
f 1623/5993/1667 1631/5994/1667 1632/5995/1667 1624/5996/1667
f 1624/5997/1668 1632/5998/1668 1633/5999/1668 1625/6000/1668
f 1625/6001/1669 1633/6002/1669 1634/6003/1669 1626/6004/1669
f 1626/6005/1670 1634/6006/1670 1635/6007/1670 1627/6008/1670
f 1627/6009/1671 1635/6010/1671 1636/6011/1671 1628/6012/1671
f 1628/6013/1672 1636/6014/1672 1629/6015/1672 1621/6016/1672
f 1645/6017/1673 1613/6018/1673 1614/6019/1673
f 1646/6020/1674 1638/6021/1674 1637/6022/1674
f 1645/6023/1675 1614/6024/1675 1615/6025/1675
f 1646/6026/1676 1639/6027/1676 1638/6028/1676
f 1645/6029/1677 1615/6030/1677 1616/6031/1677
f 1646/6032/1678 1640/6033/1678 1639/6034/1678
f 1645/6035/1679 1616/6036/1679 1617/6037/1679
f 1646/6038/1680 1641/6039/1680 1640/6040/1680
f 1645/6041/1681 1617/6042/1681 1618/6043/1681
f 1646/6044/1682 1642/6045/1682 1641/6046/1682
f 1645/6047/1683 1618/6048/1683 1619/6049/1683
f 1646/6050/1684 1643/6051/1684 1642/6052/1684
f 1645/6053/1685 1619/6054/1685 1620/6055/1685
f 1646/6056/1686 1644/6057/1686 1643/6058/1686
f 1645/6059/1687 1620/6060/1687 1613/6061/1687
f 1646/6062/1688 1637/6063/1688 1644/6064/1688
o upper_left_light_socket
usemtl transporter_rubber
f 1655/6065/1689 1663/6066/1689 1664/6067/1689 1656/6068/1689
f 1656/6069/1690 1664/6070/1690 1665/6071/1690 1657/6072/1690
f 1657/6073/1691 1665/6074/1691 1666/6075/1691 1658/6076/1691
f 1658/6077/1692 1666/6078/1692 1667/6079/1692 1659/6080/1692
f 1659/6081/1693 1667/6082/1693 1668/6083/1693 1660/6084/1693
f 1660/6085/1694 1668/6086/1694 1669/6087/1694 1661/6088/1694
f 1661/6089/1695 1669/6090/1695 1670/6091/1695 1662/6092/1695
f 1662/6093/1696 1670/6094/1696 1663/6095/1696 1655/6096/1696
f 1679/6097/1697 1647/6098/1697 1648/6099/1697
f 1680/6100/1698 1672/6101/1698 1671/6102/1698
f 1679/6103/1699 1648/6104/1699 1649/6105/1699
f 1680/6106/1700 1673/6107/1700 1672/6108/1700
f 1679/6109/1701 1649/6110/1701 1650/6111/1701
f 1680/6112/1702 1674/6113/1702 1673/6114/1702
f 1679/6115/1703 1650/6116/1703 1651/6117/1703
f 1680/6118/1704 1675/6119/1704 1674/6120/1704
f 1679/6121/1705 1651/6122/1705 1652/6123/1705
f 1680/6124/1706 1676/6125/1706 1675/6126/1706
f 1679/6127/1707 1652/6128/1707 1653/6129/1707
f 1680/6130/1708 1677/6131/1708 1676/6132/1708
f 1679/6133/1709 1653/6134/1709 1654/6135/1709
f 1680/6136/1710 1678/6137/1710 1677/6138/1710
f 1679/6139/1711 1654/6140/1711 1647/6141/1711
f 1680/6142/1712 1671/6143/1712 1678/6144/1712
o upper_left_guide_light
usemtl transporter_cyan
f 1689/6145/1713 1697/6146/1713 1698/6147/1713 1690/6148/1713
f 1690/6149/1714 1698/6150/1714 1699/6151/1714 1691/6152/1714
f 1691/6153/1715 1699/6154/1715 1700/6155/1715 1692/6156/1715
f 1692/6157/1716 1700/6158/1716 1701/6159/1716 1693/6160/1716
f 1693/6161/1717 1701/6162/1717 1702/6163/1717 1694/6164/1717
f 1694/6165/1718 1702/6166/1718 1703/6167/1718 1695/6168/1718
f 1695/6169/1719 1703/6170/1719 1704/6171/1719 1696/6172/1719
f 1696/6173/1720 1704/6174/1720 1697/6175/1720 1689/6176/1720
f 1713/6177/1721 1681/6178/1721 1682/6179/1721
f 1714/6180/1722 1706/6181/1722 1705/6182/1722
f 1713/6183/1723 1682/6184/1723 1683/6185/1723
f 1714/6186/1724 1707/6187/1724 1706/6188/1724
f 1713/6189/1725 1683/6190/1725 1684/6191/1725
f 1714/6192/1726 1708/6193/1726 1707/6194/1726
f 1713/6195/1727 1684/6196/1727 1685/6197/1727
f 1714/6198/1728 1709/6199/1728 1708/6200/1728
f 1713/6201/1729 1685/6202/1729 1686/6203/1729
f 1714/6204/1730 1710/6205/1730 1709/6206/1730
f 1713/6207/1731 1686/6208/1731 1687/6209/1731
f 1714/6210/1732 1711/6211/1732 1710/6212/1732
f 1713/6213/1733 1687/6214/1733 1688/6215/1733
f 1714/6216/1734 1712/6217/1734 1711/6218/1734
f 1713/6219/1735 1688/6220/1735 1681/6221/1735
f 1714/6222/1736 1705/6223/1736 1712/6224/1736
o upper_right_light_socket
usemtl transporter_rubber
f 1723/6225/1737 1731/6226/1737 1732/6227/1737 1724/6228/1737
f 1724/6229/1738 1732/6230/1738 1733/6231/1738 1725/6232/1738
f 1725/6233/1739 1733/6234/1739 1734/6235/1739 1726/6236/1739
f 1726/6237/1740 1734/6238/1740 1735/6239/1740 1727/6240/1740
f 1727/6241/1741 1735/6242/1741 1736/6243/1741 1728/6244/1741
f 1728/6245/1742 1736/6246/1742 1737/6247/1742 1729/6248/1742
f 1729/6249/1743 1737/6250/1743 1738/6251/1743 1730/6252/1743
f 1730/6253/1744 1738/6254/1744 1731/6255/1744 1723/6256/1744
f 1747/6257/1745 1715/6258/1745 1716/6259/1745
f 1748/6260/1746 1740/6261/1746 1739/6262/1746
f 1747/6263/1747 1716/6264/1747 1717/6265/1747
f 1748/6266/1748 1741/6267/1748 1740/6268/1748
f 1747/6269/1749 1717/6270/1749 1718/6271/1749
f 1748/6272/1750 1742/6273/1750 1741/6274/1750
f 1747/6275/1751 1718/6276/1751 1719/6277/1751
f 1748/6278/1752 1743/6279/1752 1742/6280/1752
f 1747/6281/1753 1719/6282/1753 1720/6283/1753
f 1748/6284/1754 1744/6285/1754 1743/6286/1754
f 1747/6287/1755 1720/6288/1755 1721/6289/1755
f 1748/6290/1756 1745/6291/1756 1744/6292/1756
f 1747/6293/1757 1721/6294/1757 1722/6295/1757
f 1748/6296/1758 1746/6297/1758 1745/6298/1758
f 1747/6299/1759 1722/6300/1759 1715/6301/1759
f 1748/6302/1760 1739/6303/1760 1746/6304/1760
o upper_right_guide_light
usemtl transporter_cyan
f 1757/6305/1761 1765/6306/1761 1766/6307/1761 1758/6308/1761
f 1758/6309/1762 1766/6310/1762 1767/6311/1762 1759/6312/1762
f 1759/6313/1763 1767/6314/1763 1768/6315/1763 1760/6316/1763
f 1760/6317/1764 1768/6318/1764 1769/6319/1764 1761/6320/1764
f 1761/6321/1765 1769/6322/1765 1770/6323/1765 1762/6324/1765
f 1762/6325/1766 1770/6326/1766 1771/6327/1766 1763/6328/1766
f 1763/6329/1767 1771/6330/1767 1772/6331/1767 1764/6332/1767
f 1764/6333/1768 1772/6334/1768 1765/6335/1768 1757/6336/1768
f 1781/6337/1769 1749/6338/1769 1750/6339/1769
f 1782/6340/1770 1774/6341/1770 1773/6342/1770
f 1781/6343/1771 1750/6344/1771 1751/6345/1771
f 1782/6346/1772 1775/6347/1772 1774/6348/1772
f 1781/6349/1773 1751/6350/1773 1752/6351/1773
f 1782/6352/1774 1776/6353/1774 1775/6354/1774
f 1781/6355/1775 1752/6356/1775 1753/6357/1775
f 1782/6358/1776 1777/6359/1776 1776/6360/1776
f 1781/6361/1777 1753/6362/1777 1754/6363/1777
f 1782/6364/1778 1778/6365/1778 1777/6366/1778
f 1781/6367/1779 1754/6368/1779 1755/6369/1779
f 1782/6370/1780 1779/6371/1780 1778/6372/1780
f 1781/6373/1781 1755/6374/1781 1756/6375/1781
f 1782/6376/1782 1780/6377/1782 1779/6378/1782
f 1781/6379/1783 1756/6380/1783 1749/6381/1783
f 1782/6382/1784 1773/6383/1784 1780/6384/1784
o upper_canopy_mount
usemtl transporter_titanium
f 1783/6385/1785 1791/6386/1785 1792/6387/1785 1784/6388/1785
f 1784/6389/1786 1792/6390/1786 1793/6391/1786 1785/6392/1786
f 1785/6393/1787 1793/6394/1787 1794/6395/1787 1786/6396/1787
f 1786/6397/1788 1794/6398/1788 1795/6399/1788 1787/6400/1788
f 1787/6401/1789 1795/6402/1789 1796/6403/1789 1788/6404/1789
f 1788/6405/1790 1796/6406/1790 1797/6407/1790 1789/6408/1790
f 1789/6409/1791 1797/6410/1791 1798/6411/1791 1790/6412/1791
f 1790/6413/1792 1798/6414/1792 1791/6415/1792 1783/6416/1792
f 1791/6417/1793 1799/6418/1793 1800/6419/1793 1792/6420/1793
f 1792/6421/1794 1800/6422/1794 1801/6423/1794 1793/6424/1794
f 1793/6425/1795 1801/6426/1795 1802/6427/1795 1794/6428/1795
f 1794/6429/1796 1802/6430/1796 1803/6431/1796 1795/6432/1796
f 1795/6433/1797 1803/6434/1797 1804/6435/1797 1796/6436/1797
f 1796/6437/1798 1804/6438/1798 1805/6439/1798 1797/6440/1798
f 1797/6441/1799 1805/6442/1799 1806/6443/1799 1798/6444/1799
f 1798/6445/1800 1806/6446/1800 1799/6447/1800 1791/6448/1800
f 1799/6449/1801 1807/6450/1801 1808/6451/1801 1800/6452/1801
f 1800/6453/1802 1808/6454/1802 1809/6455/1802 1801/6456/1802
f 1801/6457/1803 1809/6458/1803 1810/6459/1803 1802/6460/1803
f 1802/6461/1804 1810/6462/1804 1811/6463/1804 1803/6464/1804
f 1803/6465/1805 1811/6466/1805 1812/6467/1805 1804/6468/1805
f 1804/6469/1806 1812/6470/1806 1813/6471/1806 1805/6472/1806
f 1805/6473/1807 1813/6474/1807 1814/6475/1807 1806/6476/1807
f 1806/6477/1808 1814/6478/1808 1807/6479/1808 1799/6480/1808
f 1815/6481/1809 1783/6482/1809 1784/6483/1809
f 1816/6484/1810 1808/6485/1810 1807/6486/1810
f 1815/6487/1811 1784/6488/1811 1785/6489/1811
f 1816/6490/1812 1809/6491/1812 1808/6492/1812
f 1815/6493/1813 1785/6494/1813 1786/6495/1813
f 1816/6496/1814 1810/6497/1814 1809/6498/1814
f 1815/6499/1815 1786/6500/1815 1787/6501/1815
f 1816/6502/1816 1811/6503/1816 1810/6504/1816
f 1815/6505/1817 1787/6506/1817 1788/6507/1817
f 1816/6508/1818 1812/6509/1818 1811/6510/1818
f 1815/6511/1819 1788/6512/1819 1789/6513/1819
f 1816/6514/1820 1813/6515/1820 1812/6516/1820
f 1815/6517/1821 1789/6518/1821 1790/6519/1821
f 1816/6520/1822 1814/6521/1822 1813/6522/1822
f 1815/6523/1823 1790/6524/1823 1783/6525/1823
f 1816/6526/1824 1807/6527/1824 1814/6528/1824
o upper_emitter_canopy
f 1817/6529/1825 1841/6530/1825 1842/6531/1825 1818/6532/1825
f 1818/6533/1826 1842/6534/1826 1843/6535/1826 1819/6536/1826
f 1819/6537/1827 1843/6538/1827 1844/6539/1827 1820/6540/1827
f 1820/6541/1828 1844/6542/1828 1845/6543/1828 1821/6544/1828
f 1821/6545/1829 1845/6546/1829 1846/6547/1829 1822/6548/1829
f 1822/6549/1830 1846/6550/1830 1847/6551/1830 1823/6552/1830
f 1823/6553/1831 1847/6554/1831 1848/6555/1831 1824/6556/1831
f 1824/6557/1832 1848/6558/1832 1849/6559/1832 1825/6560/1832
f 1825/6561/1833 1849/6562/1833 1850/6563/1833 1826/6564/1833
f 1826/6565/1834 1850/6566/1834 1851/6567/1834 1827/6568/1834
f 1827/6569/1835 1851/6570/1835 1852/6571/1835 1828/6572/1835
f 1828/6573/1836 1852/6574/1836 1853/6575/1836 1829/6576/1836
f 1829/6577/1837 1853/6578/1837 1854/6579/1837 1830/6580/1837
f 1830/6581/1838 1854/6582/1838 1855/6583/1838 1831/6584/1838
f 1831/6585/1839 1855/6586/1839 1856/6587/1839 1832/6588/1839
f 1832/6589/1840 1856/6590/1840 1857/6591/1840 1833/6592/1840
f 1833/6593/1841 1857/6594/1841 1858/6595/1841 1834/6596/1841
f 1834/6597/1842 1858/6598/1842 1859/6599/1842 1835/6600/1842
f 1835/6601/1843 1859/6602/1843 1860/6603/1843 1836/6604/1843
f 1836/6605/1844 1860/6606/1844 1861/6607/1844 1837/6608/1844
f 1837/6609/1845 1861/6610/1845 1862/6611/1845 1838/6612/1845
f 1838/6613/1846 1862/6614/1846 1863/6615/1846 1839/6616/1846
f 1839/6617/1847 1863/6618/1847 1864/6619/1847 1840/6620/1847
f 1840/6621/1848 1864/6622/1848 1841/6623/1848 1817/6624/1848
f 1841/6625/1849 1865/6626/1849 1866/6627/1849 1842/6628/1849
f 1842/6629/1850 1866/6630/1850 1867/6631/1850 1843/6632/1850
f 1843/6633/1851 1867/6634/1851 1868/6635/1851 1844/6636/1851
f 1844/6637/1852 1868/6638/1852 1869/6639/1852 1845/6640/1852
f 1845/6641/1853 1869/6642/1853 1870/6643/1853 1846/6644/1853
f 1846/6645/1854 1870/6646/1854 1871/6647/1854 1847/6648/1854
f 1847/6649/1855 1871/6650/1855 1872/6651/1855 1848/6652/1855
f 1848/6653/1856 1872/6654/1856 1873/6655/1856 1849/6656/1856
f 1849/6657/1857 1873/6658/1857 1874/6659/1857 1850/6660/1857
f 1850/6661/1858 1874/6662/1858 1875/6663/1858 1851/6664/1858
f 1851/6665/1859 1875/6666/1859 1876/6667/1859 1852/6668/1859
f 1852/6669/1860 1876/6670/1860 1877/6671/1860 1853/6672/1860
f 1853/6673/1861 1877/6674/1861 1878/6675/1861 1854/6676/1861
f 1854/6677/1862 1878/6678/1862 1879/6679/1862 1855/6680/1862
f 1855/6681/1863 1879/6682/1863 1880/6683/1863 1856/6684/1863
f 1856/6685/1864 1880/6686/1864 1881/6687/1864 1857/6688/1864
f 1857/6689/1865 1881/6690/1865 1882/6691/1865 1858/6692/1865
f 1858/6693/1866 1882/6694/1866 1883/6695/1866 1859/6696/1866
f 1859/6697/1867 1883/6698/1867 1884/6699/1867 1860/6700/1867
f 1860/6701/1868 1884/6702/1868 1885/6703/1868 1861/6704/1868
f 1861/6705/1869 1885/6706/1869 1886/6707/1869 1862/6708/1869
f 1862/6709/1870 1886/6710/1870 1887/6711/1870 1863/6712/1870
f 1863/6713/1871 1887/6714/1871 1888/6715/1871 1864/6716/1871
f 1864/6717/1872 1888/6718/1872 1865/6719/1872 1841/6720/1872
f 1865/6721/1873 1889/6722/1873 1890/6723/1873 1866/6724/1873
f 1866/6725/1874 1890/6726/1874 1891/6727/1874 1867/6728/1874
f 1867/6729/1875 1891/6730/1875 1892/6731/1875 1868/6732/1875
f 1868/6733/1876 1892/6734/1876 1893/6735/1876 1869/6736/1876
f 1869/6737/1877 1893/6738/1877 1894/6739/1877 1870/6740/1877
f 1870/6741/1878 1894/6742/1878 1895/6743/1878 1871/6744/1878
f 1871/6745/1879 1895/6746/1879 1896/6747/1879 1872/6748/1879
f 1872/6749/1880 1896/6750/1880 1897/6751/1880 1873/6752/1880
f 1873/6753/1881 1897/6754/1881 1898/6755/1881 1874/6756/1881
f 1874/6757/1882 1898/6758/1882 1899/6759/1882 1875/6760/1882
f 1875/6761/1883 1899/6762/1883 1900/6763/1883 1876/6764/1883
f 1876/6765/1884 1900/6766/1884 1901/6767/1884 1877/6768/1884
f 1877/6769/1885 1901/6770/1885 1902/6771/1885 1878/6772/1885
f 1878/6773/1886 1902/6774/1886 1903/6775/1886 1879/6776/1886
f 1879/6777/1887 1903/6778/1887 1904/6779/1887 1880/6780/1887
f 1880/6781/1888 1904/6782/1888 1905/6783/1888 1881/6784/1888
f 1881/6785/1889 1905/6786/1889 1906/6787/1889 1882/6788/1889
f 1882/6789/1890 1906/6790/1890 1907/6791/1890 1883/6792/1890
f 1883/6793/1891 1907/6794/1891 1908/6795/1891 1884/6796/1891
f 1884/6797/1892 1908/6798/1892 1909/6799/1892 1885/6800/1892
f 1885/6801/1893 1909/6802/1893 1910/6803/1893 1886/6804/1893
f 1886/6805/1894 1910/6806/1894 1911/6807/1894 1887/6808/1894
f 1887/6809/1895 1911/6810/1895 1912/6811/1895 1888/6812/1895
f 1888/6813/1896 1912/6814/1896 1889/6815/1896 1865/6816/1896
f 1913/6817/1897 1817/6818/1897 1818/6819/1897
f 1914/6820/1898 1890/6821/1898 1889/6822/1898
f 1913/6823/1899 1818/6824/1899 1819/6825/1899
f 1914/6826/1900 1891/6827/1900 1890/6828/1900
f 1913/6829/1901 1819/6830/1901 1820/6831/1901
f 1914/6832/1902 1892/6833/1902 1891/6834/1902
f 1913/6835/1903 1820/6836/1903 1821/6837/1903
f 1914/6838/1904 1893/6839/1904 1892/6840/1904
f 1913/6841/1905 1821/6842/1905 1822/6843/1905
f 1914/6844/1906 1894/6845/1906 1893/6846/1906
f 1913/6847/1907 1822/6848/1907 1823/6849/1907
f 1914/6850/1908 1895/6851/1908 1894/6852/1908
f 1913/6853/1909 1823/6854/1909 1824/6855/1909
f 1914/6856/1910 1896/6857/1910 1895/6858/1910
f 1913/6859/1911 1824/6860/1911 1825/6861/1911
f 1914/6862/1912 1897/6863/1912 1896/6864/1912
f 1913/6865/1913 1825/6866/1913 1826/6867/1913
f 1914/6868/1914 1898/6869/1914 1897/6870/1914
f 1913/6871/1915 1826/6872/1915 1827/6873/1915
f 1914/6874/1916 1899/6875/1916 1898/6876/1916
f 1913/6877/1917 1827/6878/1917 1828/6879/1917
f 1914/6880/1918 1900/6881/1918 1899/6882/1918
f 1913/6883/1919 1828/6884/1919 1829/6885/1919
f 1914/6886/1920 1901/6887/1920 1900/6888/1920
f 1913/6889/1921 1829/6890/1921 1830/6891/1921
f 1914/6892/1922 1902/6893/1922 1901/6894/1922
f 1913/6895/1923 1830/6896/1923 1831/6897/1923
f 1914/6898/1924 1903/6899/1924 1902/6900/1924
f 1913/6901/1925 1831/6902/1925 1832/6903/1925
f 1914/6904/1926 1904/6905/1926 1903/6906/1926
f 1913/6907/1927 1832/6908/1927 1833/6909/1927
f 1914/6910/1928 1905/6911/1928 1904/6912/1928
f 1913/6913/1929 1833/6914/1929 1834/6915/1929
f 1914/6916/1930 1906/6917/1930 1905/6918/1930
f 1913/6919/1931 1834/6920/1931 1835/6921/1931
f 1914/6922/1932 1907/6923/1932 1906/6924/1932
f 1913/6925/1933 1835/6926/1933 1836/6927/1933
f 1914/6928/1934 1908/6929/1934 1907/6930/1934
f 1913/6931/1935 1836/6932/1935 1837/6933/1935
f 1914/6934/1936 1909/6935/1936 1908/6936/1936
f 1913/6937/1937 1837/6938/1937 1838/6939/1937
f 1914/6940/1938 1910/6941/1938 1909/6942/1938
f 1913/6943/1939 1838/6944/1939 1839/6945/1939
f 1914/6946/1940 1911/6947/1940 1910/6948/1940
f 1913/6949/1941 1839/6950/1941 1840/6951/1941
f 1914/6952/1942 1912/6953/1942 1911/6954/1942
f 1913/6955/1943 1840/6956/1943 1817/6957/1943
f 1914/6958/1944 1889/6959/1944 1912/6960/1944
o upper_canopy_crown
usemtl transporter_warm
f 1915/6961/1945 1939/6962/1945 1940/6963/1945 1916/6964/1945
f 1916/6965/1946 1940/6966/1946 1941/6967/1946 1917/6968/1946
f 1917/6969/1947 1941/6970/1947 1942/6971/1947 1918/6972/1947
f 1918/6973/1948 1942/6974/1948 1943/6975/1948 1919/6976/1948
f 1919/6977/1949 1943/6978/1949 1944/6979/1949 1920/6980/1949
f 1920/6981/1950 1944/6982/1950 1945/6983/1950 1921/6984/1950
f 1921/6985/1951 1945/6986/1951 1946/6987/1951 1922/6988/1951
f 1922/6989/1952 1946/6990/1952 1947/6991/1952 1923/6992/1952
f 1923/6993/1953 1947/6994/1953 1948/6995/1953 1924/6996/1953
f 1924/6997/1954 1948/6998/1954 1949/6999/1954 1925/7000/1954
f 1925/7001/1955 1949/7002/1955 1950/7003/1955 1926/7004/1955
f 1926/7005/1956 1950/7006/1956 1951/7007/1956 1927/7008/1956
f 1927/7009/1957 1951/7010/1957 1952/7011/1957 1928/7012/1957
f 1928/7013/1958 1952/7014/1958 1953/7015/1958 1929/7016/1958
f 1929/7017/1959 1953/7018/1959 1954/7019/1959 1930/7020/1959
f 1930/7021/1960 1954/7022/1960 1955/7023/1960 1931/7024/1960
f 1931/7025/1961 1955/7026/1961 1956/7027/1961 1932/7028/1961
f 1932/7029/1962 1956/7030/1962 1957/7031/1962 1933/7032/1962
f 1933/7033/1963 1957/7034/1963 1958/7035/1963 1934/7036/1963
f 1934/7037/1964 1958/7038/1964 1959/7039/1964 1935/7040/1964
f 1935/7041/1965 1959/7042/1965 1960/7043/1965 1936/7044/1965
f 1936/7045/1966 1960/7046/1966 1961/7047/1966 1937/7048/1966
f 1937/7049/1967 1961/7050/1967 1962/7051/1967 1938/7052/1967
f 1938/7053/1968 1962/7054/1968 1939/7055/1968 1915/7056/1968
f 1939/7057/1969 1963/7058/1969 1964/7059/1969 1940/7060/1969
f 1940/7061/1970 1964/7062/1970 1965/7063/1970 1941/7064/1970
f 1941/7065/1971 1965/7066/1971 1966/7067/1971 1942/7068/1971
f 1942/7069/1972 1966/7070/1972 1967/7071/1972 1943/7072/1972
f 1943/7073/1973 1967/7074/1973 1968/7075/1973 1944/7076/1973
f 1944/7077/1974 1968/7078/1974 1969/7079/1974 1945/7080/1974
f 1945/7081/1975 1969/7082/1975 1970/7083/1975 1946/7084/1975
f 1946/7085/1976 1970/7086/1976 1971/7087/1976 1947/7088/1976
f 1947/7089/1977 1971/7090/1977 1972/7091/1977 1948/7092/1977
f 1948/7093/1978 1972/7094/1978 1973/7095/1978 1949/7096/1978
f 1949/7097/1979 1973/7098/1979 1974/7099/1979 1950/7100/1979
f 1950/7101/1980 1974/7102/1980 1975/7103/1980 1951/7104/1980
f 1951/7105/1981 1975/7106/1981 1976/7107/1981 1952/7108/1981
f 1952/7109/1982 1976/7110/1982 1977/7111/1982 1953/7112/1982
f 1953/7113/1983 1977/7114/1983 1978/7115/1983 1954/7116/1983
f 1954/7117/1984 1978/7118/1984 1979/7119/1984 1955/7120/1984
f 1955/7121/1985 1979/7122/1985 1980/7123/1985 1956/7124/1985
f 1956/7125/1986 1980/7126/1986 1981/7127/1986 1957/7128/1986
f 1957/7129/1987 1981/7130/1987 1982/7131/1987 1958/7132/1987
f 1958/7133/1988 1982/7134/1988 1983/7135/1988 1959/7136/1988
f 1959/7137/1989 1983/7138/1989 1984/7139/1989 1960/7140/1989
f 1960/7141/1990 1984/7142/1990 1985/7143/1990 1961/7144/1990
f 1961/7145/1991 1985/7146/1991 1986/7147/1991 1962/7148/1991
f 1962/7149/1992 1986/7150/1992 1963/7151/1992 1939/7152/1992
f 1963/7153/1993 1987/7154/1993 1988/7155/1993 1964/7156/1993
f 1964/7157/1994 1988/7158/1994 1989/7159/1994 1965/7160/1994
f 1965/7161/1995 1989/7162/1995 1990/7163/1995 1966/7164/1995
f 1966/7165/1996 1990/7166/1996 1991/7167/1996 1967/7168/1996
f 1967/7169/1997 1991/7170/1997 1992/7171/1997 1968/7172/1997
f 1968/7173/1998 1992/7174/1998 1993/7175/1998 1969/7176/1998
f 1969/7177/1999 1993/7178/1999 1994/7179/1999 1970/7180/1999
f 1970/7181/2000 1994/7182/2000 1995/7183/2000 1971/7184/2000
f 1971/7185/2001 1995/7186/2001 1996/7187/2001 1972/7188/2001
f 1972/7189/2002 1996/7190/2002 1997/7191/2002 1973/7192/2002
f 1973/7193/2003 1997/7194/2003 1998/7195/2003 1974/7196/2003
f 1974/7197/2004 1998/7198/2004 1999/7199/2004 1975/7200/2004
f 1975/7201/2005 1999/7202/2005 2000/7203/2005 1976/7204/2005
f 1976/7205/2006 2000/7206/2006 2001/7207/2006 1977/7208/2006
f 1977/7209/2007 2001/7210/2007 2002/7211/2007 1978/7212/2007
f 1978/7213/2008 2002/7214/2008 2003/7215/2008 1979/7216/2008
f 1979/7217/2009 2003/7218/2009 2004/7219/2009 1980/7220/2009
f 1980/7221/2010 2004/7222/2010 2005/7223/2010 1981/7224/2010
f 1981/7225/2011 2005/7226/2011 2006/7227/2011 1982/7228/2011
f 1982/7229/2012 2006/7230/2012 2007/7231/2012 1983/7232/2012
f 1983/7233/2013 2007/7234/2013 2008/7235/2013 1984/7236/2013
f 1984/7237/2014 2008/7238/2014 2009/7239/2014 1985/7240/2014
f 1985/7241/2015 2009/7242/2015 2010/7243/2015 1986/7244/2015
f 1986/7245/2016 2010/7246/2016 1987/7247/2016 1963/7248/2016
f 2011/7249/2017 1915/7250/2017 1916/7251/2017
f 2012/7252/2018 1988/7253/2018 1987/7254/2018
f 2011/7255/2019 1916/7256/2019 1917/7257/2019
f 2012/7258/2020 1989/7259/2020 1988/7260/2020
f 2011/7261/2021 1917/7262/2021 1918/7263/2021
f 2012/7264/2022 1990/7265/2022 1989/7266/2022
f 2011/7267/2023 1918/7268/2023 1919/7269/2023
f 2012/7270/2024 1991/7271/2024 1990/7272/2024
f 2011/7273/2025 1919/7274/2025 1920/7275/2025
f 2012/7276/2026 1992/7277/2026 1991/7278/2026
f 2011/7279/2027 1920/7280/2027 1921/7281/2027
f 2012/7282/2028 1993/7283/2028 1992/7284/2028
f 2011/7285/2029 1921/7286/2029 1922/7287/2029
f 2012/7288/2030 1994/7289/2030 1993/7290/2030
f 2011/7291/2031 1922/7292/2031 1923/7293/2031
f 2012/7294/2032 1995/7295/2032 1994/7296/2032
f 2011/7297/2033 1923/7298/2033 1924/7299/2033
f 2012/7300/2034 1996/7301/2034 1995/7302/2034
f 2011/7303/2035 1924/7304/2035 1925/7305/2035
f 2012/7306/2036 1997/7307/2036 1996/7308/2036
f 2011/7309/2037 1925/7310/2037 1926/7311/2037
f 2012/7312/2038 1998/7313/2038 1997/7314/2038
f 2011/7315/2039 1926/7316/2039 1927/7317/2039
f 2012/7318/2040 1999/7319/2040 1998/7320/2040
f 2011/7321/2041 1927/7322/2041 1928/7323/2041
f 2012/7324/2042 2000/7325/2042 1999/7326/2042
f 2011/7327/2043 1928/7328/2043 1929/7329/2043
f 2012/7330/2044 2001/7331/2044 2000/7332/2044
f 2011/7333/2045 1929/7334/2045 1930/7335/2045
f 2012/7336/2046 2002/7337/2046 2001/7338/2046
f 2011/7339/2047 1930/7340/2047 1931/7341/2047
f 2012/7342/2048 2003/7343/2048 2002/7344/2048
f 2011/7345/2049 1931/7346/2049 1932/7347/2049
f 2012/7348/2050 2004/7349/2050 2003/7350/2050
f 2011/7351/2051 1932/7352/2051 1933/7353/2051
f 2012/7354/2052 2005/7355/2052 2004/7356/2052
f 2011/7357/2053 1933/7358/2053 1934/7359/2053
f 2012/7360/2054 2006/7361/2054 2005/7362/2054
f 2011/7363/2055 1934/7364/2055 1935/7365/2055
f 2012/7366/2056 2007/7367/2056 2006/7368/2056
f 2011/7369/2057 1935/7370/2057 1936/7371/2057
f 2012/7372/2058 2008/7373/2058 2007/7374/2058
f 2011/7375/2059 1936/7376/2059 1937/7377/2059
f 2012/7378/2060 2009/7379/2060 2008/7380/2060
f 2011/7381/2061 1937/7382/2061 1938/7383/2061
f 2012/7384/2062 2010/7385/2062 2009/7386/2062
f 2011/7387/2063 1938/7388/2063 1915/7389/2063
f 2012/7390/2064 1987/7391/2064 2010/7392/2064
o upper_emitter_socket
usemtl transporter_rubber
f 2013/7393/2065 2037/7394/2065 2038/7395/2065 2014/7396/2065
f 2014/7397/2066 2038/7398/2066 2039/7399/2066 2015/7400/2066
f 2015/7401/2067 2039/7402/2067 2040/7403/2067 2016/7404/2067
f 2016/7405/2068 2040/7406/2068 2041/7407/2068 2017/7408/2068
f 2017/7409/2069 2041/7410/2069 2042/7411/2069 2018/7412/2069
f 2018/7413/2070 2042/7414/2070 2043/7415/2070 2019/7416/2070
f 2019/7417/2071 2043/7418/2071 2044/7419/2071 2020/7420/2071
f 2020/7421/2072 2044/7422/2072 2045/7423/2072 2021/7424/2072
f 2021/7425/2073 2045/7426/2073 2046/7427/2073 2022/7428/2073
f 2022/7429/2074 2046/7430/2074 2047/7431/2074 2023/7432/2074
f 2023/7433/2075 2047/7434/2075 2048/7435/2075 2024/7436/2075
f 2024/7437/2076 2048/7438/2076 2049/7439/2076 2025/7440/2076
f 2025/7441/2077 2049/7442/2077 2050/7443/2077 2026/7444/2077
f 2026/7445/2078 2050/7446/2078 2051/7447/2078 2027/7448/2078
f 2027/7449/2079 2051/7450/2079 2052/7451/2079 2028/7452/2079
f 2028/7453/2080 2052/7454/2080 2053/7455/2080 2029/7456/2080
f 2029/7457/2081 2053/7458/2081 2054/7459/2081 2030/7460/2081
f 2030/7461/2082 2054/7462/2082 2055/7463/2082 2031/7464/2082
f 2031/7465/2083 2055/7466/2083 2056/7467/2083 2032/7468/2083
f 2032/7469/2084 2056/7470/2084 2057/7471/2084 2033/7472/2084
f 2033/7473/2085 2057/7474/2085 2058/7475/2085 2034/7476/2085
f 2034/7477/2086 2058/7478/2086 2059/7479/2086 2035/7480/2086
f 2035/7481/2087 2059/7482/2087 2060/7483/2087 2036/7484/2087
f 2036/7485/2088 2060/7486/2088 2037/7487/2088 2013/7488/2088
f 2037/7489/2089 2061/7490/2089 2062/7491/2089 2038/7492/2089
f 2038/7493/2090 2062/7494/2090 2063/7495/2090 2039/7496/2090
f 2039/7497/2091 2063/7498/2091 2064/7499/2091 2040/7500/2091
f 2040/7501/2092 2064/7502/2092 2065/7503/2092 2041/7504/2092
f 2041/7505/2093 2065/7506/2093 2066/7507/2093 2042/7508/2093
f 2042/7509/2094 2066/7510/2094 2067/7511/2094 2043/7512/2094
f 2043/7513/2095 2067/7514/2095 2068/7515/2095 2044/7516/2095
f 2044/7517/2096 2068/7518/2096 2069/7519/2096 2045/7520/2096
f 2045/7521/2097 2069/7522/2097 2070/7523/2097 2046/7524/2097
f 2046/7525/2098 2070/7526/2098 2071/7527/2098 2047/7528/2098
f 2047/7529/2099 2071/7530/2099 2072/7531/2099 2048/7532/2099
f 2048/7533/2100 2072/7534/2100 2073/7535/2100 2049/7536/2100
f 2049/7537/2101 2073/7538/2101 2074/7539/2101 2050/7540/2101
f 2050/7541/2102 2074/7542/2102 2075/7543/2102 2051/7544/2102
f 2051/7545/2103 2075/7546/2103 2076/7547/2103 2052/7548/2103
f 2052/7549/2104 2076/7550/2104 2077/7551/2104 2053/7552/2104
f 2053/7553/2105 2077/7554/2105 2078/7555/2105 2054/7556/2105
f 2054/7557/2106 2078/7558/2106 2079/7559/2106 2055/7560/2106
f 2055/7561/2107 2079/7562/2107 2080/7563/2107 2056/7564/2107
f 2056/7565/2108 2080/7566/2108 2081/7567/2108 2057/7568/2108
f 2057/7569/2109 2081/7570/2109 2082/7571/2109 2058/7572/2109
f 2058/7573/2110 2082/7574/2110 2083/7575/2110 2059/7576/2110
f 2059/7577/2111 2083/7578/2111 2084/7579/2111 2060/7580/2111
f 2060/7581/2112 2084/7582/2112 2061/7583/2112 2037/7584/2112
f 2061/7585/2113 2085/7586/2113 2086/7587/2113 2062/7588/2113
f 2062/7589/2114 2086/7590/2114 2087/7591/2114 2063/7592/2114
f 2063/7593/2115 2087/7594/2115 2088/7595/2115 2064/7596/2115
f 2064/7597/2116 2088/7598/2116 2089/7599/2116 2065/7600/2116
f 2065/7601/2117 2089/7602/2117 2090/7603/2117 2066/7604/2117
f 2066/7605/2118 2090/7606/2118 2091/7607/2118 2067/7608/2118
f 2067/7609/2119 2091/7610/2119 2092/7611/2119 2068/7612/2119
f 2068/7613/2120 2092/7614/2120 2093/7615/2120 2069/7616/2120
f 2069/7617/2121 2093/7618/2121 2094/7619/2121 2070/7620/2121
f 2070/7621/2122 2094/7622/2122 2095/7623/2122 2071/7624/2122
f 2071/7625/2123 2095/7626/2123 2096/7627/2123 2072/7628/2123
f 2072/7629/2124 2096/7630/2124 2097/7631/2124 2073/7632/2124
f 2073/7633/2125 2097/7634/2125 2098/7635/2125 2074/7636/2125
f 2074/7637/2126 2098/7638/2126 2099/7639/2126 2075/7640/2126
f 2075/7641/2127 2099/7642/2127 2100/7643/2127 2076/7644/2127
f 2076/7645/2128 2100/7646/2128 2101/7647/2128 2077/7648/2128
f 2077/7649/2129 2101/7650/2129 2102/7651/2129 2078/7652/2129
f 2078/7653/2130 2102/7654/2130 2103/7655/2130 2079/7656/2130
f 2079/7657/2131 2103/7658/2131 2104/7659/2131 2080/7660/2131
f 2080/7661/2132 2104/7662/2132 2105/7663/2132 2081/7664/2132
f 2081/7665/2133 2105/7666/2133 2106/7667/2133 2082/7668/2133
f 2082/7669/2134 2106/7670/2134 2107/7671/2134 2083/7672/2134
f 2083/7673/2135 2107/7674/2135 2108/7675/2135 2084/7676/2135
f 2084/7677/2136 2108/7678/2136 2085/7679/2136 2061/7680/2136
f 2109/7681/2137 2013/7682/2137 2014/7683/2137
f 2110/7684/2138 2086/7685/2138 2085/7686/2138
f 2109/7687/2139 2014/7688/2139 2015/7689/2139
f 2110/7690/2140 2087/7691/2140 2086/7692/2140
f 2109/7693/2141 2015/7694/2141 2016/7695/2141
f 2110/7696/2142 2088/7697/2142 2087/7698/2142
f 2109/7699/2143 2016/7700/2143 2017/7701/2143
f 2110/7702/2144 2089/7703/2144 2088/7704/2144
f 2109/7705/2145 2017/7706/2145 2018/7707/2145
f 2110/7708/2146 2090/7709/2146 2089/7710/2146
f 2109/7711/2147 2018/7712/2147 2019/7713/2147
f 2110/7714/2148 2091/7715/2148 2090/7716/2148
f 2109/7717/2149 2019/7718/2149 2020/7719/2149
f 2110/7720/2150 2092/7721/2150 2091/7722/2150
f 2109/7723/2151 2020/7724/2151 2021/7725/2151
f 2110/7726/2152 2093/7727/2152 2092/7728/2152
f 2109/7729/2153 2021/7730/2153 2022/7731/2153
f 2110/7732/2154 2094/7733/2154 2093/7734/2154
f 2109/7735/2155 2022/7736/2155 2023/7737/2155
f 2110/7738/2156 2095/7739/2156 2094/7740/2156
f 2109/7741/2157 2023/7742/2157 2024/7743/2157
f 2110/7744/2158 2096/7745/2158 2095/7746/2158
f 2109/7747/2159 2024/7748/2159 2025/7749/2159
f 2110/7750/2160 2097/7751/2160 2096/7752/2160
f 2109/7753/2161 2025/7754/2161 2026/7755/2161
f 2110/7756/2162 2098/7757/2162 2097/7758/2162
f 2109/7759/2163 2026/7760/2163 2027/7761/2163
f 2110/7762/2164 2099/7763/2164 2098/7764/2164
f 2109/7765/2165 2027/7766/2165 2028/7767/2165
f 2110/7768/2166 2100/7769/2166 2099/7770/2166
f 2109/7771/2167 2028/7772/2167 2029/7773/2167
f 2110/7774/2168 2101/7775/2168 2100/7776/2168
f 2109/7777/2169 2029/7778/2169 2030/7779/2169
f 2110/7780/2170 2102/7781/2170 2101/7782/2170
f 2109/7783/2171 2030/7784/2171 2031/7785/2171
f 2110/7786/2172 2103/7787/2172 2102/7788/2172
f 2109/7789/2173 2031/7790/2173 2032/7791/2173
f 2110/7792/2174 2104/7793/2174 2103/7794/2174
f 2109/7795/2175 2032/7796/2175 2033/7797/2175
f 2110/7798/2176 2105/7799/2176 2104/7800/2176
f 2109/7801/2177 2033/7802/2177 2034/7803/2177
f 2110/7804/2178 2106/7805/2178 2105/7806/2178
f 2109/7807/2179 2034/7808/2179 2035/7809/2179
f 2110/7810/2180 2107/7811/2180 2106/7812/2180
f 2109/7813/2181 2035/7814/2181 2036/7815/2181
f 2110/7816/2182 2108/7817/2182 2107/7818/2182
f 2109/7819/2183 2036/7820/2183 2013/7821/2183
f 2110/7822/2184 2085/7823/2184 2108/7824/2184
o upper_continuous_emitter_ring
usemtl transporter_titanium
f 2111/7825/2185 2135/7826/2185 2136/7827/2185 2112/7828/2185
f 2112/7829/2186 2136/7830/2186 2137/7831/2186 2113/7832/2186
f 2113/7833/2187 2137/7834/2187 2138/7835/2187 2114/7836/2187
f 2114/7837/2188 2138/7838/2188 2139/7839/2188 2115/7840/2188
f 2115/7841/2189 2139/7842/2189 2140/7843/2189 2116/7844/2189
f 2116/7845/2190 2140/7846/2190 2141/7847/2190 2117/7848/2190
f 2117/7849/2191 2141/7850/2191 2142/7851/2191 2118/7852/2191
f 2118/7853/2192 2142/7854/2192 2143/7855/2192 2119/7856/2192
f 2119/7857/2193 2143/7858/2193 2144/7859/2193 2120/7860/2193
f 2120/7861/2194 2144/7862/2194 2145/7863/2194 2121/7864/2194
f 2121/7865/2195 2145/7866/2195 2146/7867/2195 2122/7868/2195
f 2122/7869/2196 2146/7870/2196 2147/7871/2196 2123/7872/2196
f 2123/7873/2197 2147/7874/2197 2148/7875/2197 2124/7876/2197
f 2124/7877/2198 2148/7878/2198 2149/7879/2198 2125/7880/2198
f 2125/7881/2199 2149/7882/2199 2150/7883/2199 2126/7884/2199
f 2126/7885/2200 2150/7886/2200 2151/7887/2200 2127/7888/2200
f 2127/7889/2201 2151/7890/2201 2152/7891/2201 2128/7892/2201
f 2128/7893/2202 2152/7894/2202 2153/7895/2202 2129/7896/2202
f 2129/7897/2203 2153/7898/2203 2154/7899/2203 2130/7900/2203
f 2130/7901/2204 2154/7902/2204 2155/7903/2204 2131/7904/2204
f 2131/7905/2205 2155/7906/2205 2156/7907/2205 2132/7908/2205
f 2132/7909/2206 2156/7910/2206 2157/7911/2206 2133/7912/2206
f 2133/7913/2207 2157/7914/2207 2158/7915/2207 2134/7916/2207
f 2134/7917/2208 2158/7918/2208 2135/7919/2208 2111/7920/2208
f 2135/7921/2209 2159/7922/2209 2160/7923/2209 2136/7924/2209
f 2136/7925/2210 2160/7926/2210 2161/7927/2210 2137/7928/2210
f 2137/7929/2211 2161/7930/2211 2162/7931/2211 2138/7932/2211
f 2138/7933/2212 2162/7934/2212 2163/7935/2212 2139/7936/2212
f 2139/7937/2213 2163/7938/2213 2164/7939/2213 2140/7940/2213
f 2140/7941/2214 2164/7942/2214 2165/7943/2214 2141/7944/2214
f 2141/7945/2215 2165/7946/2215 2166/7947/2215 2142/7948/2215
f 2142/7949/2216 2166/7950/2216 2167/7951/2216 2143/7952/2216
f 2143/7953/2217 2167/7954/2217 2168/7955/2217 2144/7956/2217
f 2144/7957/2218 2168/7958/2218 2169/7959/2218 2145/7960/2218
f 2145/7961/2219 2169/7962/2219 2170/7963/2219 2146/7964/2219
f 2146/7965/2220 2170/7966/2220 2171/7967/2220 2147/7968/2220
f 2147/7969/2221 2171/7970/2221 2172/7971/2221 2148/7972/2221
f 2148/7973/2222 2172/7974/2222 2173/7975/2222 2149/7976/2222
f 2149/7977/2223 2173/7978/2223 2174/7979/2223 2150/7980/2223
f 2150/7981/2224 2174/7982/2224 2175/7983/2224 2151/7984/2224
f 2151/7985/2225 2175/7986/2225 2176/7987/2225 2152/7988/2225
f 2152/7989/2226 2176/7990/2226 2177/7991/2226 2153/7992/2226
f 2153/7993/2227 2177/7994/2227 2178/7995/2227 2154/7996/2227
f 2154/7997/2228 2178/7998/2228 2179/7999/2228 2155/8000/2228
f 2155/8001/2229 2179/8002/2229 2180/8003/2229 2156/8004/2229
f 2156/8005/2230 2180/8006/2230 2181/8007/2230 2157/8008/2230
f 2157/8009/2231 2181/8010/2231 2182/8011/2231 2158/8012/2231
f 2158/8013/2232 2182/8014/2232 2159/8015/2232 2135/8016/2232
f 2159/8017/2233 2183/8018/2233 2184/8019/2233 2160/8020/2233
f 2160/8021/2234 2184/8022/2234 2185/8023/2234 2161/8024/2234
f 2161/8025/2235 2185/8026/2235 2186/8027/2235 2162/8028/2235
f 2162/8029/2236 2186/8030/2236 2187/8031/2236 2163/8032/2236
f 2163/8033/2237 2187/8034/2237 2188/8035/2237 2164/8036/2237
f 2164/8037/2238 2188/8038/2238 2189/8039/2238 2165/8040/2238
f 2165/8041/2239 2189/8042/2239 2190/8043/2239 2166/8044/2239
f 2166/8045/2240 2190/8046/2240 2191/8047/2240 2167/8048/2240
f 2167/8049/2241 2191/8050/2241 2192/8051/2241 2168/8052/2241
f 2168/8053/2242 2192/8054/2242 2193/8055/2242 2169/8056/2242
f 2169/8057/2243 2193/8058/2243 2194/8059/2243 2170/8060/2243
f 2170/8061/2244 2194/8062/2244 2195/8063/2244 2171/8064/2244
f 2171/8065/2245 2195/8066/2245 2196/8067/2245 2172/8068/2245
f 2172/8069/2246 2196/8070/2246 2197/8071/2246 2173/8072/2246
f 2173/8073/2247 2197/8074/2247 2198/8075/2247 2174/8076/2247
f 2174/8077/2248 2198/8078/2248 2199/8079/2248 2175/8080/2248
f 2175/8081/2249 2199/8082/2249 2200/8083/2249 2176/8084/2249
f 2176/8085/2250 2200/8086/2250 2201/8087/2250 2177/8088/2250
f 2177/8089/2251 2201/8090/2251 2202/8091/2251 2178/8092/2251
f 2178/8093/2252 2202/8094/2252 2203/8095/2252 2179/8096/2252
f 2179/8097/2253 2203/8098/2253 2204/8099/2253 2180/8100/2253
f 2180/8101/2254 2204/8102/2254 2205/8103/2254 2181/8104/2254
f 2181/8105/2255 2205/8106/2255 2206/8107/2255 2182/8108/2255
f 2182/8109/2256 2206/8110/2256 2183/8111/2256 2159/8112/2256
f 2183/8113/2257 2111/8114/2257 2112/8115/2257 2184/8116/2257
f 2184/8117/2258 2112/8118/2258 2113/8119/2258 2185/8120/2258
f 2185/8121/2259 2113/8122/2259 2114/8123/2259 2186/8124/2259
f 2186/8125/2260 2114/8126/2260 2115/8127/2260 2187/8128/2260
f 2187/8129/2261 2115/8130/2261 2116/8131/2261 2188/8132/2261
f 2188/8133/2262 2116/8134/2262 2117/8135/2262 2189/8136/2262
f 2189/8137/2263 2117/8138/2263 2118/8139/2263 2190/8140/2263
f 2190/8141/2264 2118/8142/2264 2119/8143/2264 2191/8144/2264
f 2191/8145/2265 2119/8146/2265 2120/8147/2265 2192/8148/2265
f 2192/8149/2266 2120/8150/2266 2121/8151/2266 2193/8152/2266
f 2193/8153/2267 2121/8154/2267 2122/8155/2267 2194/8156/2267
f 2194/8157/2268 2122/8158/2268 2123/8159/2268 2195/8160/2268
f 2195/8161/2269 2123/8162/2269 2124/8163/2269 2196/8164/2269
f 2196/8165/2270 2124/8166/2270 2125/8167/2270 2197/8168/2270
f 2197/8169/2271 2125/8170/2271 2126/8171/2271 2198/8172/2271
f 2198/8173/2272 2126/8174/2272 2127/8175/2272 2199/8176/2272
f 2199/8177/2273 2127/8178/2273 2128/8179/2273 2200/8180/2273
f 2200/8181/2274 2128/8182/2274 2129/8183/2274 2201/8184/2274
f 2201/8185/2275 2129/8186/2275 2130/8187/2275 2202/8188/2275
f 2202/8189/2276 2130/8190/2276 2131/8191/2276 2203/8192/2276
f 2203/8193/2277 2131/8194/2277 2132/8195/2277 2204/8196/2277
f 2204/8197/2278 2132/8198/2278 2133/8199/2278 2205/8200/2278
f 2205/8201/2279 2133/8202/2279 2134/8203/2279 2206/8204/2279
f 2206/8205/2280 2134/8206/2280 2111/8207/2280 2183/8208/2280
o upper_cold_white_ring
usemtl transporter_light
f 2207/8209/2281 2231/8210/2281 2232/8211/2281 2208/8212/2281
f 2208/8213/2282 2232/8214/2282 2233/8215/2282 2209/8216/2282
f 2209/8217/2283 2233/8218/2283 2234/8219/2283 2210/8220/2283
f 2210/8221/2284 2234/8222/2284 2235/8223/2284 2211/8224/2284
f 2211/8225/2285 2235/8226/2285 2236/8227/2285 2212/8228/2285
f 2212/8229/2286 2236/8230/2286 2237/8231/2286 2213/8232/2286
f 2213/8233/2287 2237/8234/2287 2238/8235/2287 2214/8236/2287
f 2214/8237/2288 2238/8238/2288 2239/8239/2288 2215/8240/2288
f 2215/8241/2289 2239/8242/2289 2240/8243/2289 2216/8244/2289
f 2216/8245/2290 2240/8246/2290 2241/8247/2290 2217/8248/2290
f 2217/8249/2291 2241/8250/2291 2242/8251/2291 2218/8252/2291
f 2218/8253/2292 2242/8254/2292 2243/8255/2292 2219/8256/2292
f 2219/8257/2293 2243/8258/2293 2244/8259/2293 2220/8260/2293
f 2220/8261/2294 2244/8262/2294 2245/8263/2294 2221/8264/2294
f 2221/8265/2295 2245/8266/2295 2246/8267/2295 2222/8268/2295
f 2222/8269/2296 2246/8270/2296 2247/8271/2296 2223/8272/2296
f 2223/8273/2297 2247/8274/2297 2248/8275/2297 2224/8276/2297
f 2224/8277/2298 2248/8278/2298 2249/8279/2298 2225/8280/2298
f 2225/8281/2299 2249/8282/2299 2250/8283/2299 2226/8284/2299
f 2226/8285/2300 2250/8286/2300 2251/8287/2300 2227/8288/2300
f 2227/8289/2301 2251/8290/2301 2252/8291/2301 2228/8292/2301
f 2228/8293/2302 2252/8294/2302 2253/8295/2302 2229/8296/2302
f 2229/8297/2303 2253/8298/2303 2254/8299/2303 2230/8300/2303
f 2230/8301/2304 2254/8302/2304 2231/8303/2304 2207/8304/2304
f 2231/8305/2305 2255/8306/2305 2256/8307/2305 2232/8308/2305
f 2232/8309/2306 2256/8310/2306 2257/8311/2306 2233/8312/2306
f 2233/8313/2307 2257/8314/2307 2258/8315/2307 2234/8316/2307
f 2234/8317/2308 2258/8318/2308 2259/8319/2308 2235/8320/2308
f 2235/8321/2309 2259/8322/2309 2260/8323/2309 2236/8324/2309
f 2236/8325/2310 2260/8326/2310 2261/8327/2310 2237/8328/2310
f 2237/8329/2311 2261/8330/2311 2262/8331/2311 2238/8332/2311
f 2238/8333/2312 2262/8334/2312 2263/8335/2312 2239/8336/2312
f 2239/8337/2313 2263/8338/2313 2264/8339/2313 2240/8340/2313
f 2240/8341/2314 2264/8342/2314 2265/8343/2314 2241/8344/2314
f 2241/8345/2315 2265/8346/2315 2266/8347/2315 2242/8348/2315
f 2242/8349/2316 2266/8350/2316 2267/8351/2316 2243/8352/2316
f 2243/8353/2317 2267/8354/2317 2268/8355/2317 2244/8356/2317
f 2244/8357/2318 2268/8358/2318 2269/8359/2318 2245/8360/2318
f 2245/8361/2319 2269/8362/2319 2270/8363/2319 2246/8364/2319
f 2246/8365/2320 2270/8366/2320 2271/8367/2320 2247/8368/2320
f 2247/8369/2321 2271/8370/2321 2272/8371/2321 2248/8372/2321
f 2248/8373/2322 2272/8374/2322 2273/8375/2322 2249/8376/2322
f 2249/8377/2323 2273/8378/2323 2274/8379/2323 2250/8380/2323
f 2250/8381/2324 2274/8382/2324 2275/8383/2324 2251/8384/2324
f 2251/8385/2325 2275/8386/2325 2276/8387/2325 2252/8388/2325
f 2252/8389/2326 2276/8390/2326 2277/8391/2326 2253/8392/2326
f 2253/8393/2327 2277/8394/2327 2278/8395/2327 2254/8396/2327
f 2254/8397/2328 2278/8398/2328 2255/8399/2328 2231/8400/2328
f 2255/8401/2329 2279/8402/2329 2280/8403/2329 2256/8404/2329
f 2256/8405/2330 2280/8406/2330 2281/8407/2330 2257/8408/2330
f 2257/8409/2331 2281/8410/2331 2282/8411/2331 2258/8412/2331
f 2258/8413/2332 2282/8414/2332 2283/8415/2332 2259/8416/2332
f 2259/8417/2333 2283/8418/2333 2284/8419/2333 2260/8420/2333
f 2260/8421/2334 2284/8422/2334 2285/8423/2334 2261/8424/2334
f 2261/8425/2335 2285/8426/2335 2286/8427/2335 2262/8428/2335
f 2262/8429/2336 2286/8430/2336 2287/8431/2336 2263/8432/2336
f 2263/8433/2337 2287/8434/2337 2288/8435/2337 2264/8436/2337
f 2264/8437/2338 2288/8438/2338 2289/8439/2338 2265/8440/2338
f 2265/8441/2339 2289/8442/2339 2290/8443/2339 2266/8444/2339
f 2266/8445/2340 2290/8446/2340 2291/8447/2340 2267/8448/2340
f 2267/8449/2341 2291/8450/2341 2292/8451/2341 2268/8452/2341
f 2268/8453/2342 2292/8454/2342 2293/8455/2342 2269/8456/2342
f 2269/8457/2343 2293/8458/2343 2294/8459/2343 2270/8460/2343
f 2270/8461/2344 2294/8462/2344 2295/8463/2344 2271/8464/2344
f 2271/8465/2345 2295/8466/2345 2296/8467/2345 2272/8468/2345
f 2272/8469/2346 2296/8470/2346 2297/8471/2346 2273/8472/2346
f 2273/8473/2347 2297/8474/2347 2298/8475/2347 2274/8476/2347
f 2274/8477/2348 2298/8478/2348 2299/8479/2348 2275/8480/2348
f 2275/8481/2349 2299/8482/2349 2300/8483/2349 2276/8484/2349
f 2276/8485/2350 2300/8486/2350 2301/8487/2350 2277/8488/2350
f 2277/8489/2351 2301/8490/2351 2302/8491/2351 2278/8492/2351
f 2278/8493/2352 2302/8494/2352 2279/8495/2352 2255/8496/2352
f 2279/8497/2353 2207/8498/2353 2208/8499/2353 2280/8500/2353
f 2280/8501/2354 2208/8502/2354 2209/8503/2354 2281/8504/2354
f 2281/8505/2355 2209/8506/2355 2210/8507/2355 2282/8508/2355
f 2282/8509/2356 2210/8510/2356 2211/8511/2356 2283/8512/2356
f 2283/8513/2357 2211/8514/2357 2212/8515/2357 2284/8516/2357
f 2284/8517/2358 2212/8518/2358 2213/8519/2358 2285/8520/2358
f 2285/8521/2359 2213/8522/2359 2214/8523/2359 2286/8524/2359
f 2286/8525/2360 2214/8526/2360 2215/8527/2360 2287/8528/2360
f 2287/8529/2361 2215/8530/2361 2216/8531/2361 2288/8532/2361
f 2288/8533/2362 2216/8534/2362 2217/8535/2362 2289/8536/2362
f 2289/8537/2363 2217/8538/2363 2218/8539/2363 2290/8540/2363
f 2290/8541/2364 2218/8542/2364 2219/8543/2364 2291/8544/2364
f 2291/8545/2365 2219/8546/2365 2220/8547/2365 2292/8548/2365
f 2292/8549/2366 2220/8550/2366 2221/8551/2366 2293/8552/2366
f 2293/8553/2367 2221/8554/2367 2222/8555/2367 2294/8556/2367
f 2294/8557/2368 2222/8558/2368 2223/8559/2368 2295/8560/2368
f 2295/8561/2369 2223/8562/2369 2224/8563/2369 2296/8564/2369
f 2296/8565/2370 2224/8566/2370 2225/8567/2370 2297/8568/2370
f 2297/8569/2371 2225/8570/2371 2226/8571/2371 2298/8572/2371
f 2298/8573/2372 2226/8574/2372 2227/8575/2372 2299/8576/2372
f 2299/8577/2373 2227/8578/2373 2228/8579/2373 2300/8580/2373
f 2300/8581/2374 2228/8582/2374 2229/8583/2374 2301/8584/2374
f 2301/8585/2375 2229/8586/2375 2230/8587/2375 2302/8588/2375
f 2302/8589/2376 2230/8590/2376 2207/8591/2376 2279/8592/2376
o upper_focus_disc
usemtl transporter_deck
f 2303/8593/2377 2327/8594/2377 2328/8595/2377 2304/8596/2377
f 2304/8597/2378 2328/8598/2378 2329/8599/2378 2305/8600/2378
f 2305/8601/2379 2329/8602/2379 2330/8603/2379 2306/8604/2379
f 2306/8605/2380 2330/8606/2380 2331/8607/2380 2307/8608/2380
f 2307/8609/2381 2331/8610/2381 2332/8611/2381 2308/8612/2381
f 2308/8613/2382 2332/8614/2382 2333/8615/2382 2309/8616/2382
f 2309/8617/2383 2333/8618/2383 2334/8619/2383 2310/8620/2383
f 2310/8621/2384 2334/8622/2384 2335/8623/2384 2311/8624/2384
f 2311/8625/2385 2335/8626/2385 2336/8627/2385 2312/8628/2385
f 2312/8629/2386 2336/8630/2386 2337/8631/2386 2313/8632/2386
f 2313/8633/2387 2337/8634/2387 2338/8635/2387 2314/8636/2387
f 2314/8637/2388 2338/8638/2388 2339/8639/2388 2315/8640/2388
f 2315/8641/2389 2339/8642/2389 2340/8643/2389 2316/8644/2389
f 2316/8645/2390 2340/8646/2390 2341/8647/2390 2317/8648/2390
f 2317/8649/2391 2341/8650/2391 2342/8651/2391 2318/8652/2391
f 2318/8653/2392 2342/8654/2392 2343/8655/2392 2319/8656/2392
f 2319/8657/2393 2343/8658/2393 2344/8659/2393 2320/8660/2393
f 2320/8661/2394 2344/8662/2394 2345/8663/2394 2321/8664/2394
f 2321/8665/2395 2345/8666/2395 2346/8667/2395 2322/8668/2395
f 2322/8669/2396 2346/8670/2396 2347/8671/2396 2323/8672/2396
f 2323/8673/2397 2347/8674/2397 2348/8675/2397 2324/8676/2397
f 2324/8677/2398 2348/8678/2398 2349/8679/2398 2325/8680/2398
f 2325/8681/2399 2349/8682/2399 2350/8683/2399 2326/8684/2399
f 2326/8685/2400 2350/8686/2400 2327/8687/2400 2303/8688/2400
f 2327/8689/2401 2351/8690/2401 2352/8691/2401 2328/8692/2401
f 2328/8693/2402 2352/8694/2402 2353/8695/2402 2329/8696/2402
f 2329/8697/2403 2353/8698/2403 2354/8699/2403 2330/8700/2403
f 2330/8701/2404 2354/8702/2404 2355/8703/2404 2331/8704/2404
f 2331/8705/2405 2355/8706/2405 2356/8707/2405 2332/8708/2405
f 2332/8709/2406 2356/8710/2406 2357/8711/2406 2333/8712/2406
f 2333/8713/2407 2357/8714/2407 2358/8715/2407 2334/8716/2407
f 2334/8717/2408 2358/8718/2408 2359/8719/2408 2335/8720/2408
f 2335/8721/2409 2359/8722/2409 2360/8723/2409 2336/8724/2409
f 2336/8725/2410 2360/8726/2410 2361/8727/2410 2337/8728/2410
f 2337/8729/2411 2361/8730/2411 2362/8731/2411 2338/8732/2411
f 2338/8733/2412 2362/8734/2412 2363/8735/2412 2339/8736/2412
f 2339/8737/2413 2363/8738/2413 2364/8739/2413 2340/8740/2413
f 2340/8741/2414 2364/8742/2414 2365/8743/2414 2341/8744/2414
f 2341/8745/2415 2365/8746/2415 2366/8747/2415 2342/8748/2415
f 2342/8749/2416 2366/8750/2416 2367/8751/2416 2343/8752/2416
f 2343/8753/2417 2367/8754/2417 2368/8755/2417 2344/8756/2417
f 2344/8757/2418 2368/8758/2418 2369/8759/2418 2345/8760/2418
f 2345/8761/2419 2369/8762/2419 2370/8763/2419 2346/8764/2419
f 2346/8765/2420 2370/8766/2420 2371/8767/2420 2347/8768/2420
f 2347/8769/2421 2371/8770/2421 2372/8771/2421 2348/8772/2421
f 2348/8773/2422 2372/8774/2422 2373/8775/2422 2349/8776/2422
f 2349/8777/2423 2373/8778/2423 2374/8779/2423 2350/8780/2423
f 2350/8781/2424 2374/8782/2424 2351/8783/2424 2327/8784/2424
f 2351/8785/2425 2375/8786/2425 2376/8787/2425 2352/8788/2425
f 2352/8789/2426 2376/8790/2426 2377/8791/2426 2353/8792/2426
f 2353/8793/2427 2377/8794/2427 2378/8795/2427 2354/8796/2427
f 2354/8797/2428 2378/8798/2428 2379/8799/2428 2355/8800/2428
f 2355/8801/2429 2379/8802/2429 2380/8803/2429 2356/8804/2429
f 2356/8805/2430 2380/8806/2430 2381/8807/2430 2357/8808/2430
f 2357/8809/2431 2381/8810/2431 2382/8811/2431 2358/8812/2431
f 2358/8813/2432 2382/8814/2432 2383/8815/2432 2359/8816/2432
f 2359/8817/2433 2383/8818/2433 2384/8819/2433 2360/8820/2433
f 2360/8821/2434 2384/8822/2434 2385/8823/2434 2361/8824/2434
f 2361/8825/2435 2385/8826/2435 2386/8827/2435 2362/8828/2435
f 2362/8829/2436 2386/8830/2436 2387/8831/2436 2363/8832/2436
f 2363/8833/2437 2387/8834/2437 2388/8835/2437 2364/8836/2437
f 2364/8837/2438 2388/8838/2438 2389/8839/2438 2365/8840/2438
f 2365/8841/2439 2389/8842/2439 2390/8843/2439 2366/8844/2439
f 2366/8845/2440 2390/8846/2440 2391/8847/2440 2367/8848/2440
f 2367/8849/2441 2391/8850/2441 2392/8851/2441 2368/8852/2441
f 2368/8853/2442 2392/8854/2442 2393/8855/2442 2369/8856/2442
f 2369/8857/2443 2393/8858/2443 2394/8859/2443 2370/8860/2443
f 2370/8861/2444 2394/8862/2444 2395/8863/2444 2371/8864/2444
f 2371/8865/2445 2395/8866/2445 2396/8867/2445 2372/8868/2445
f 2372/8869/2446 2396/8870/2446 2397/8871/2446 2373/8872/2446
f 2373/8873/2447 2397/8874/2447 2398/8875/2447 2374/8876/2447
f 2374/8877/2448 2398/8878/2448 2375/8879/2448 2351/8880/2448
f 2399/8881/2449 2303/8882/2449 2304/8883/2449
f 2400/8884/2450 2376/8885/2450 2375/8886/2450
f 2399/8887/2451 2304/8888/2451 2305/8889/2451
f 2400/8890/2452 2377/8891/2452 2376/8892/2452
f 2399/8893/2453 2305/8894/2453 2306/8895/2453
f 2400/8896/2454 2378/8897/2454 2377/8898/2454
f 2399/8899/2455 2306/8900/2455 2307/8901/2455
f 2400/8902/2456 2379/8903/2456 2378/8904/2456
f 2399/8905/2457 2307/8906/2457 2308/8907/2457
f 2400/8908/2458 2380/8909/2458 2379/8910/2458
f 2399/8911/2459 2308/8912/2459 2309/8913/2459
f 2400/8914/2460 2381/8915/2460 2380/8916/2460
f 2399/8917/2461 2309/8918/2461 2310/8919/2461
f 2400/8920/2462 2382/8921/2462 2381/8922/2462
f 2399/8923/2463 2310/8924/2463 2311/8925/2463
f 2400/8926/2464 2383/8927/2464 2382/8928/2464
f 2399/8929/2465 2311/8930/2465 2312/8931/2465
f 2400/8932/2466 2384/8933/2466 2383/8934/2466
f 2399/8935/2467 2312/8936/2467 2313/8937/2467
f 2400/8938/2468 2385/8939/2468 2384/8940/2468
f 2399/8941/2469 2313/8942/2469 2314/8943/2469
f 2400/8944/2470 2386/8945/2470 2385/8946/2470
f 2399/8947/2471 2314/8948/2471 2315/8949/2471
f 2400/8950/2472 2387/8951/2472 2386/8952/2472
f 2399/8953/2473 2315/8954/2473 2316/8955/2473
f 2400/8956/2474 2388/8957/2474 2387/8958/2474
f 2399/8959/2475 2316/8960/2475 2317/8961/2475
f 2400/8962/2476 2389/8963/2476 2388/8964/2476
f 2399/8965/2477 2317/8966/2477 2318/8967/2477
f 2400/8968/2478 2390/8969/2478 2389/8970/2478
f 2399/8971/2479 2318/8972/2479 2319/8973/2479
f 2400/8974/2480 2391/8975/2480 2390/8976/2480
f 2399/8977/2481 2319/8978/2481 2320/8979/2481
f 2400/8980/2482 2392/8981/2482 2391/8982/2482
f 2399/8983/2483 2320/8984/2483 2321/8985/2483
f 2400/8986/2484 2393/8987/2484 2392/8988/2484
f 2399/8989/2485 2321/8990/2485 2322/8991/2485
f 2400/8992/2486 2394/8993/2486 2393/8994/2486
f 2399/8995/2487 2322/8996/2487 2323/8997/2487
f 2400/8998/2488 2395/8999/2488 2394/9000/2488
f 2399/9001/2489 2323/9002/2489 2324/9003/2489
f 2400/9004/2490 2396/9005/2490 2395/9006/2490
f 2399/9007/2491 2324/9008/2491 2325/9009/2491
f 2400/9010/2492 2397/9011/2492 2396/9012/2492
f 2399/9013/2493 2325/9014/2493 2326/9015/2493
f 2400/9016/2494 2398/9017/2494 2397/9018/2494
f 2399/9019/2495 2326/9020/2495 2303/9021/2495
f 2400/9022/2496 2375/9023/2496 2398/9024/2496
o upper_focus_lens
usemtl transporter_cyan
f 2401/9025/2497 2425/9026/2497 2426/9027/2497 2402/9028/2497
f 2402/9029/2498 2426/9030/2498 2427/9031/2498 2403/9032/2498
f 2403/9033/2499 2427/9034/2499 2428/9035/2499 2404/9036/2499
f 2404/9037/2500 2428/9038/2500 2429/9039/2500 2405/9040/2500
f 2405/9041/2501 2429/9042/2501 2430/9043/2501 2406/9044/2501
f 2406/9045/2502 2430/9046/2502 2431/9047/2502 2407/9048/2502
f 2407/9049/2503 2431/9050/2503 2432/9051/2503 2408/9052/2503
f 2408/9053/2504 2432/9054/2504 2433/9055/2504 2409/9056/2504
f 2409/9057/2505 2433/9058/2505 2434/9059/2505 2410/9060/2505
f 2410/9061/2506 2434/9062/2506 2435/9063/2506 2411/9064/2506
f 2411/9065/2507 2435/9066/2507 2436/9067/2507 2412/9068/2507
f 2412/9069/2508 2436/9070/2508 2437/9071/2508 2413/9072/2508
f 2413/9073/2509 2437/9074/2509 2438/9075/2509 2414/9076/2509
f 2414/9077/2510 2438/9078/2510 2439/9079/2510 2415/9080/2510
f 2415/9081/2511 2439/9082/2511 2440/9083/2511 2416/9084/2511
f 2416/9085/2512 2440/9086/2512 2441/9087/2512 2417/9088/2512
f 2417/9089/2513 2441/9090/2513 2442/9091/2513 2418/9092/2513
f 2418/9093/2514 2442/9094/2514 2443/9095/2514 2419/9096/2514
f 2419/9097/2515 2443/9098/2515 2444/9099/2515 2420/9100/2515
f 2420/9101/2516 2444/9102/2516 2445/9103/2516 2421/9104/2516
f 2421/9105/2517 2445/9106/2517 2446/9107/2517 2422/9108/2517
f 2422/9109/2518 2446/9110/2518 2447/9111/2518 2423/9112/2518
f 2423/9113/2519 2447/9114/2519 2448/9115/2519 2424/9116/2519
f 2424/9117/2520 2448/9118/2520 2425/9119/2520 2401/9120/2520
f 2425/9121/2521 2449/9122/2521 2450/9123/2521 2426/9124/2521
f 2426/9125/2522 2450/9126/2522 2451/9127/2522 2427/9128/2522
f 2427/9129/2523 2451/9130/2523 2452/9131/2523 2428/9132/2523
f 2428/9133/2524 2452/9134/2524 2453/9135/2524 2429/9136/2524
f 2429/9137/2525 2453/9138/2525 2454/9139/2525 2430/9140/2525
f 2430/9141/2526 2454/9142/2526 2455/9143/2526 2431/9144/2526
f 2431/9145/2527 2455/9146/2527 2456/9147/2527 2432/9148/2527
f 2432/9149/2528 2456/9150/2528 2457/9151/2528 2433/9152/2528
f 2433/9153/2529 2457/9154/2529 2458/9155/2529 2434/9156/2529
f 2434/9157/2530 2458/9158/2530 2459/9159/2530 2435/9160/2530
f 2435/9161/2531 2459/9162/2531 2460/9163/2531 2436/9164/2531
f 2436/9165/2532 2460/9166/2532 2461/9167/2532 2437/9168/2532
f 2437/9169/2533 2461/9170/2533 2462/9171/2533 2438/9172/2533
f 2438/9173/2534 2462/9174/2534 2463/9175/2534 2439/9176/2534
f 2439/9177/2535 2463/9178/2535 2464/9179/2535 2440/9180/2535
f 2440/9181/2536 2464/9182/2536 2465/9183/2536 2441/9184/2536
f 2441/9185/2537 2465/9186/2537 2466/9187/2537 2442/9188/2537
f 2442/9189/2538 2466/9190/2538 2467/9191/2538 2443/9192/2538
f 2443/9193/2539 2467/9194/2539 2468/9195/2539 2444/9196/2539
f 2444/9197/2540 2468/9198/2540 2469/9199/2540 2445/9200/2540
f 2445/9201/2541 2469/9202/2541 2470/9203/2541 2446/9204/2541
f 2446/9205/2542 2470/9206/2542 2471/9207/2542 2447/9208/2542
f 2447/9209/2543 2471/9210/2543 2472/9211/2543 2448/9212/2543
f 2448/9213/2544 2472/9214/2544 2449/9215/2544 2425/9216/2544
f 2449/9217/2545 2473/9218/2545 2474/9219/2545 2450/9220/2545
f 2450/9221/2546 2474/9222/2546 2475/9223/2546 2451/9224/2546
f 2451/9225/2547 2475/9226/2547 2476/9227/2547 2452/9228/2547
f 2452/9229/2548 2476/9230/2548 2477/9231/2548 2453/9232/2548
f 2453/9233/2549 2477/9234/2549 2478/9235/2549 2454/9236/2549
f 2454/9237/2550 2478/9238/2550 2479/9239/2550 2455/9240/2550
f 2455/9241/2551 2479/9242/2551 2480/9243/2551 2456/9244/2551
f 2456/9245/2552 2480/9246/2552 2481/9247/2552 2457/9248/2552
f 2457/9249/2553 2481/9250/2553 2482/9251/2553 2458/9252/2553
f 2458/9253/2554 2482/9254/2554 2483/9255/2554 2459/9256/2554
f 2459/9257/2555 2483/9258/2555 2484/9259/2555 2460/9260/2555
f 2460/9261/2556 2484/9262/2556 2485/9263/2556 2461/9264/2556
f 2461/9265/2557 2485/9266/2557 2486/9267/2557 2462/9268/2557
f 2462/9269/2558 2486/9270/2558 2487/9271/2558 2463/9272/2558
f 2463/9273/2559 2487/9274/2559 2488/9275/2559 2464/9276/2559
f 2464/9277/2560 2488/9278/2560 2489/9279/2560 2465/9280/2560
f 2465/9281/2561 2489/9282/2561 2490/9283/2561 2466/9284/2561
f 2466/9285/2562 2490/9286/2562 2491/9287/2562 2467/9288/2562
f 2467/9289/2563 2491/9290/2563 2492/9291/2563 2468/9292/2563
f 2468/9293/2564 2492/9294/2564 2493/9295/2564 2469/9296/2564
f 2469/9297/2565 2493/9298/2565 2494/9299/2565 2470/9300/2565
f 2470/9301/2566 2494/9302/2566 2495/9303/2566 2471/9304/2566
f 2471/9305/2567 2495/9306/2567 2496/9307/2567 2472/9308/2567
f 2472/9309/2568 2496/9310/2568 2473/9311/2568 2449/9312/2568
f 2497/9313/2569 2401/9314/2569 2402/9315/2569
f 2498/9316/2570 2474/9317/2570 2473/9318/2570
f 2497/9319/2571 2402/9320/2571 2403/9321/2571
f 2498/9322/2572 2475/9323/2572 2474/9324/2572
f 2497/9325/2573 2403/9326/2573 2404/9327/2573
f 2498/9328/2574 2476/9329/2574 2475/9330/2574
f 2497/9331/2575 2404/9332/2575 2405/9333/2575
f 2498/9334/2576 2477/9335/2576 2476/9336/2576
f 2497/9337/2577 2405/9338/2577 2406/9339/2577
f 2498/9340/2578 2478/9341/2578 2477/9342/2578
f 2497/9343/2579 2406/9344/2579 2407/9345/2579
f 2498/9346/2580 2479/9347/2580 2478/9348/2580
f 2497/9349/2581 2407/9350/2581 2408/9351/2581
f 2498/9352/2582 2480/9353/2582 2479/9354/2582
f 2497/9355/2583 2408/9356/2583 2409/9357/2583
f 2498/9358/2584 2481/9359/2584 2480/9360/2584
f 2497/9361/2585 2409/9362/2585 2410/9363/2585
f 2498/9364/2586 2482/9365/2586 2481/9366/2586
f 2497/9367/2587 2410/9368/2587 2411/9369/2587
f 2498/9370/2588 2483/9371/2588 2482/9372/2588
f 2497/9373/2589 2411/9374/2589 2412/9375/2589
f 2498/9376/2590 2484/9377/2590 2483/9378/2590
f 2497/9379/2591 2412/9380/2591 2413/9381/2591
f 2498/9382/2592 2485/9383/2592 2484/9384/2592
f 2497/9385/2593 2413/9386/2593 2414/9387/2593
f 2498/9388/2594 2486/9389/2594 2485/9390/2594
f 2497/9391/2595 2414/9392/2595 2415/9393/2595
f 2498/9394/2596 2487/9395/2596 2486/9396/2596
f 2497/9397/2597 2415/9398/2597 2416/9399/2597
f 2498/9400/2598 2488/9401/2598 2487/9402/2598
f 2497/9403/2599 2416/9404/2599 2417/9405/2599
f 2498/9406/2600 2489/9407/2600 2488/9408/2600
f 2497/9409/2601 2417/9410/2601 2418/9411/2601
f 2498/9412/2602 2490/9413/2602 2489/9414/2602
f 2497/9415/2603 2418/9416/2603 2419/9417/2603
f 2498/9418/2604 2491/9419/2604 2490/9420/2604
f 2497/9421/2605 2419/9422/2605 2420/9423/2605
f 2498/9424/2606 2492/9425/2606 2491/9426/2606
f 2497/9427/2607 2420/9428/2607 2421/9429/2607
f 2498/9430/2608 2493/9431/2608 2492/9432/2608
f 2497/9433/2609 2421/9434/2609 2422/9435/2609
f 2498/9436/2610 2494/9437/2610 2493/9438/2610
f 2497/9439/2611 2422/9440/2611 2423/9441/2611
f 2498/9442/2612 2495/9443/2612 2494/9444/2612
f 2497/9445/2613 2423/9446/2613 2424/9447/2613
f 2498/9448/2614 2496/9449/2614 2495/9450/2614
f 2497/9451/2615 2424/9452/2615 2401/9453/2615
f 2498/9454/2616 2473/9455/2616 2496/9456/2616
o upper_ring_division_0
usemtl transporter_graphite
f 2499/9457/2617 2507/9458/2617 2508/9459/2617 2500/9460/2617
f 2500/9461/2618 2508/9462/2618 2509/9463/2618 2501/9464/2618
f 2501/9465/2619 2509/9466/2619 2510/9467/2619 2502/9468/2619
f 2502/9469/2620 2510/9470/2620 2511/9471/2620 2503/9472/2620
f 2503/9473/2621 2511/9474/2621 2512/9475/2621 2504/9476/2621
f 2504/9477/2622 2512/9478/2622 2513/9479/2622 2505/9480/2622
f 2505/9481/2623 2513/9482/2623 2514/9483/2623 2506/9484/2623
f 2506/9485/2624 2514/9486/2624 2507/9487/2624 2499/9488/2624
f 2507/9489/2625 2515/9490/2625 2516/9491/2625 2508/9492/2625
f 2508/9493/2626 2516/9494/2626 2517/9495/2626 2509/9496/2626
f 2509/9497/2627 2517/9498/2627 2518/9499/2627 2510/9500/2627
f 2510/9501/2628 2518/9502/2628 2519/9503/2628 2511/9504/2628
f 2511/9505/2629 2519/9506/2629 2520/9507/2629 2512/9508/2629
f 2512/9509/2630 2520/9510/2630 2521/9511/2630 2513/9512/2630
f 2513/9513/2631 2521/9514/2631 2522/9515/2631 2514/9516/2631
f 2514/9517/2632 2522/9518/2632 2515/9519/2632 2507/9520/2632
f 2515/9521/2633 2523/9522/2633 2524/9523/2633 2516/9524/2633
f 2516/9525/2634 2524/9526/2634 2525/9527/2634 2517/9528/2634
f 2517/9529/2635 2525/9530/2635 2526/9531/2635 2518/9532/2635
f 2518/9533/2636 2526/9534/2636 2527/9535/2636 2519/9536/2636
f 2519/9537/2637 2527/9538/2637 2528/9539/2637 2520/9540/2637
f 2520/9541/2638 2528/9542/2638 2529/9543/2638 2521/9544/2638
f 2521/9545/2639 2529/9546/2639 2530/9547/2639 2522/9548/2639
f 2522/9549/2640 2530/9550/2640 2523/9551/2640 2515/9552/2640
f 2531/9553/2641 2499/9554/2641 2500/9555/2641
f 2532/9556/2642 2524/9557/2642 2523/9558/2642
f 2531/9559/2643 2500/9560/2643 2501/9561/2643
f 2532/9562/2644 2525/9563/2644 2524/9564/2644
f 2531/9565/2645 2501/9566/2645 2502/9567/2645
f 2532/9568/2646 2526/9569/2646 2525/9570/2646
f 2531/9571/2647 2502/9572/2647 2503/9573/2647
f 2532/9574/2648 2527/9575/2648 2526/9576/2648
f 2531/9577/2649 2503/9578/2649 2504/9579/2649
f 2532/9580/2650 2528/9581/2650 2527/9582/2650
f 2531/9583/2651 2504/9584/2651 2505/9585/2651
f 2532/9586/2652 2529/9587/2652 2528/9588/2652
f 2531/9589/2653 2505/9590/2653 2506/9591/2653
f 2532/9592/2654 2530/9593/2654 2529/9594/2654
f 2531/9595/2655 2506/9596/2655 2499/9597/2655
f 2532/9598/2656 2523/9599/2656 2530/9600/2656
o upper_ring_division_1
f 2533/9601/2657 2541/9602/2657 2542/9603/2657 2534/9604/2657
f 2534/9605/2658 2542/9606/2658 2543/9607/2658 2535/9608/2658
f 2535/9609/2659 2543/9610/2659 2544/9611/2659 2536/9612/2659
f 2536/9613/2660 2544/9614/2660 2545/9615/2660 2537/9616/2660
f 2537/9617/2661 2545/9618/2661 2546/9619/2661 2538/9620/2661
f 2538/9621/2662 2546/9622/2662 2547/9623/2662 2539/9624/2662
f 2539/9625/2663 2547/9626/2663 2548/9627/2663 2540/9628/2663
f 2540/9629/2664 2548/9630/2664 2541/9631/2664 2533/9632/2664
f 2541/9633/2665 2549/9634/2665 2550/9635/2665 2542/9636/2665
f 2542/9637/2666 2550/9638/2666 2551/9639/2666 2543/9640/2666
f 2543/9641/2667 2551/9642/2667 2552/9643/2667 2544/9644/2667
f 2544/9645/2668 2552/9646/2668 2553/9647/2668 2545/9648/2668
f 2545/9649/2669 2553/9650/2669 2554/9651/2669 2546/9652/2669
f 2546/9653/2670 2554/9654/2670 2555/9655/2670 2547/9656/2670
f 2547/9657/2671 2555/9658/2671 2556/9659/2671 2548/9660/2671
f 2548/9661/2672 2556/9662/2672 2549/9663/2672 2541/9664/2672
f 2549/9665/2673 2557/9666/2673 2558/9667/2673 2550/9668/2673
f 2550/9669/2674 2558/9670/2674 2559/9671/2674 2551/9672/2674
f 2551/9673/2675 2559/9674/2675 2560/9675/2675 2552/9676/2675
f 2552/9677/2676 2560/9678/2676 2561/9679/2676 2553/9680/2676
f 2553/9681/2677 2561/9682/2677 2562/9683/2677 2554/9684/2677
f 2554/9685/2678 2562/9686/2678 2563/9687/2678 2555/9688/2678
f 2555/9689/2679 2563/9690/2679 2564/9691/2679 2556/9692/2679
f 2556/9693/2680 2564/9694/2680 2557/9695/2680 2549/9696/2680
f 2565/9697/2681 2533/9698/2681 2534/9699/2681
f 2566/9700/2682 2558/9701/2682 2557/9702/2682
f 2565/9703/2683 2534/9704/2683 2535/9705/2683
f 2566/9706/2684 2559/9707/2684 2558/9708/2684
f 2565/9709/2685 2535/9710/2685 2536/9711/2685
f 2566/9712/2686 2560/9713/2686 2559/9714/2686
f 2565/9715/2687 2536/9716/2687 2537/9717/2687
f 2566/9718/2688 2561/9719/2688 2560/9720/2688
f 2565/9721/2689 2537/9722/2689 2538/9723/2689
f 2566/9724/2690 2562/9725/2690 2561/9726/2690
f 2565/9727/2691 2538/9728/2691 2539/9729/2691
f 2566/9730/2692 2563/9731/2692 2562/9732/2692
f 2565/9733/2693 2539/9734/2693 2540/9735/2693
f 2566/9736/2694 2564/9737/2694 2563/9738/2694
f 2565/9739/2695 2540/9740/2695 2533/9741/2695
f 2566/9742/2696 2557/9743/2696 2564/9744/2696
o upper_ring_division_2
f 2567/9745/2697 2575/9746/2697 2576/9747/2697 2568/9748/2697
f 2568/9749/2698 2576/9750/2698 2577/9751/2698 2569/9752/2698
f 2569/9753/2699 2577/9754/2699 2578/9755/2699 2570/9756/2699
f 2570/9757/2700 2578/9758/2700 2579/9759/2700 2571/9760/2700
f 2571/9761/2701 2579/9762/2701 2580/9763/2701 2572/9764/2701
f 2572/9765/2702 2580/9766/2702 2581/9767/2702 2573/9768/2702
f 2573/9769/2703 2581/9770/2703 2582/9771/2703 2574/9772/2703
f 2574/9773/2704 2582/9774/2704 2575/9775/2704 2567/9776/2704
f 2575/9777/2705 2583/9778/2705 2584/9779/2705 2576/9780/2705
f 2576/9781/2706 2584/9782/2706 2585/9783/2706 2577/9784/2706
f 2577/9785/2707 2585/9786/2707 2586/9787/2707 2578/9788/2707
f 2578/9789/2708 2586/9790/2708 2587/9791/2708 2579/9792/2708
f 2579/9793/2709 2587/9794/2709 2588/9795/2709 2580/9796/2709
f 2580/9797/2710 2588/9798/2710 2589/9799/2710 2581/9800/2710
f 2581/9801/2711 2589/9802/2711 2590/9803/2711 2582/9804/2711
f 2582/9805/2712 2590/9806/2712 2583/9807/2712 2575/9808/2712
f 2583/9809/2713 2591/9810/2713 2592/9811/2713 2584/9812/2713
f 2584/9813/2714 2592/9814/2714 2593/9815/2714 2585/9816/2714
f 2585/9817/2715 2593/9818/2715 2594/9819/2715 2586/9820/2715
f 2586/9821/2716 2594/9822/2716 2595/9823/2716 2587/9824/2716
f 2587/9825/2717 2595/9826/2717 2596/9827/2717 2588/9828/2717
f 2588/9829/2718 2596/9830/2718 2597/9831/2718 2589/9832/2718
f 2589/9833/2719 2597/9834/2719 2598/9835/2719 2590/9836/2719
f 2590/9837/2720 2598/9838/2720 2591/9839/2720 2583/9840/2720
f 2599/9841/2721 2567/9842/2721 2568/9843/2721
f 2600/9844/2722 2592/9845/2722 2591/9846/2722
f 2599/9847/2723 2568/9848/2723 2569/9849/2723
f 2600/9850/2724 2593/9851/2724 2592/9852/2724
f 2599/9853/2725 2569/9854/2725 2570/9855/2725
f 2600/9856/2726 2594/9857/2726 2593/9858/2726
f 2599/9859/2727 2570/9860/2727 2571/9861/2727
f 2600/9862/2728 2595/9863/2728 2594/9864/2728
f 2599/9865/2729 2571/9866/2729 2572/9867/2729
f 2600/9868/2730 2596/9869/2730 2595/9870/2730
f 2599/9871/2731 2572/9872/2731 2573/9873/2731
f 2600/9874/2732 2597/9875/2732 2596/9876/2732
f 2599/9877/2733 2573/9878/2733 2574/9879/2733
f 2600/9880/2734 2598/9881/2734 2597/9882/2734
f 2599/9883/2735 2574/9884/2735 2567/9885/2735
f 2600/9886/2736 2591/9887/2736 2598/9888/2736
o upper_ring_division_3
f 2601/9889/2737 2609/9890/2737 2610/9891/2737 2602/9892/2737
f 2602/9893/2738 2610/9894/2738 2611/9895/2738 2603/9896/2738
f 2603/9897/2739 2611/9898/2739 2612/9899/2739 2604/9900/2739
f 2604/9901/2740 2612/9902/2740 2613/9903/2740 2605/9904/2740
f 2605/9905/2741 2613/9906/2741 2614/9907/2741 2606/9908/2741
f 2606/9909/2742 2614/9910/2742 2615/9911/2742 2607/9912/2742
f 2607/9913/2743 2615/9914/2743 2616/9915/2743 2608/9916/2743
f 2608/9917/2744 2616/9918/2744 2609/9919/2744 2601/9920/2744
f 2609/9921/2745 2617/9922/2745 2618/9923/2745 2610/9924/2745
f 2610/9925/2746 2618/9926/2746 2619/9927/2746 2611/9928/2746
f 2611/9929/2747 2619/9930/2747 2620/9931/2747 2612/9932/2747
f 2612/9933/2748 2620/9934/2748 2621/9935/2748 2613/9936/2748
f 2613/9937/2749 2621/9938/2749 2622/9939/2749 2614/9940/2749
f 2614/9941/2750 2622/9942/2750 2623/9943/2750 2615/9944/2750
f 2615/9945/2751 2623/9946/2751 2624/9947/2751 2616/9948/2751
f 2616/9949/2752 2624/9950/2752 2617/9951/2752 2609/9952/2752
f 2617/9953/2753 2625/9954/2753 2626/9955/2753 2618/9956/2753
f 2618/9957/2754 2626/9958/2754 2627/9959/2754 2619/9960/2754
f 2619/9961/2755 2627/9962/2755 2628/9963/2755 2620/9964/2755
f 2620/9965/2756 2628/9966/2756 2629/9967/2756 2621/9968/2756
f 2621/9969/2757 2629/9970/2757 2630/9971/2757 2622/9972/2757
f 2622/9973/2758 2630/9974/2758 2631/9975/2758 2623/9976/2758
f 2623/9977/2759 2631/9978/2759 2632/9979/2759 2624/9980/2759
f 2624/9981/2760 2632/9982/2760 2625/9983/2760 2617/9984/2760
f 2633/9985/2761 2601/9986/2761 2602/9987/2761
f 2634/9988/2762 2626/9989/2762 2625/9990/2762
f 2633/9991/2763 2602/9992/2763 2603/9993/2763
f 2634/9994/2764 2627/9995/2764 2626/9996/2764
f 2633/9997/2765 2603/9998/2765 2604/9999/2765
f 2634/10000/2766 2628/10001/2766 2627/10002/2766
f 2633/10003/2767 2604/10004/2767 2605/10005/2767
f 2634/10006/2768 2629/10007/2768 2628/10008/2768
f 2633/10009/2769 2605/10010/2769 2606/10011/2769
f 2634/10012/2770 2630/10013/2770 2629/10014/2770
f 2633/10015/2771 2606/10016/2771 2607/10017/2771
f 2634/10018/2772 2631/10019/2772 2630/10020/2772
f 2633/10021/2773 2607/10022/2773 2608/10023/2773
f 2634/10024/2774 2632/10025/2774 2631/10026/2774
f 2633/10027/2775 2608/10028/2775 2601/10029/2775
f 2634/10030/2776 2625/10031/2776 2632/10032/2776
o upper_ring_division_4
f 2636/10033/2777 2643/10034/2777 2644/10035/2777 2637/10036/2777
f 2637/10037/2778 2644/10038/2778 2645/10039/2778 2635/10040/2778
f 2635/10041/2779 2645/10042/2779 2646/10043/2779 2638/10044/2779
f 2638/10045/2780 2646/10046/2780 2647/10047/2780 2639/10048/2780
f 2639/10049/2781 2647/10050/2781 2648/10051/2781 2640/10052/2781
f 2640/10053/2782 2648/10054/2782 2649/10055/2782 2641/10056/2782
f 2641/10057/2783 2649/10058/2783 2650/10059/2783 2642/10060/2783
f 2642/10061/2784 2650/10062/2784 2643/10063/2784 2636/10064/2784
f 2643/10065/2785 2651/10066/2785 2652/10067/2785 2644/10068/2785
f 2644/10069/2786 2652/10070/2786 2653/10071/2786 2645/10072/2786
f 2645/10073/2787 2653/10074/2787 2654/10075/2787 2646/10076/2787
f 2646/10077/2788 2654/10078/2788 2655/10079/2788 2647/10080/2788
f 2647/10081/2789 2655/10082/2789 2656/10083/2789 2648/10084/2789
f 2648/10085/2790 2656/10086/2790 2657/10087/2790 2649/10088/2790
f 2649/10089/2791 2657/10090/2791 2658/10091/2791 2650/10092/2791
f 2650/10093/2792 2658/10094/2792 2651/10095/2792 2643/10096/2792
f 2651/10097/2793 2659/10098/2793 2660/10099/2793 2652/10100/2793
f 2652/10101/2794 2660/10102/2794 2661/10103/2794 2653/10104/2794
f 2653/10105/2795 2661/10106/2795 2662/10107/2795 2654/10108/2795
f 2654/10109/2796 2662/10110/2796 2663/10111/2796 2655/10112/2796
f 2655/10113/2797 2663/10114/2797 2664/10115/2797 2656/10116/2797
f 2656/10117/2798 2664/10118/2798 2665/10119/2798 2657/10120/2798
f 2657/10121/2799 2665/10122/2799 2666/10123/2799 2658/10124/2799
f 2658/10125/2800 2666/10126/2800 2659/10127/2800 2651/10128/2800
f 2667/10129/2801 2636/10130/2801 2637/10131/2801
f 2668/10132/2802 2660/10133/2802 2659/10134/2802
f 2667/10135/2803 2637/10136/2803 2635/10137/2803
f 2668/10138/2804 2661/10139/2804 2660/10140/2804
f 2667/10141/2805 2635/10142/2805 2638/10143/2805
f 2668/10144/2806 2662/10145/2806 2661/10146/2806
f 2667/10147/2807 2638/10148/2807 2639/10149/2807
f 2668/10150/2808 2663/10151/2808 2662/10152/2808
f 2667/10153/2809 2639/10154/2809 2640/10155/2809
f 2668/10156/2810 2664/10157/2810 2663/10158/2810
f 2667/10159/2811 2640/10160/2811 2641/10161/2811
f 2668/10162/2812 2665/10163/2812 2664/10164/2812
f 2667/10165/2813 2641/10166/2813 2642/10167/2813
f 2668/10168/2814 2666/10169/2814 2665/10170/2814
f 2667/10171/2815 2642/10172/2815 2636/10173/2815
f 2668/10174/2816 2659/10175/2816 2666/10176/2816
o upper_ring_division_5
f 2669/10177/2817 2677/10178/2817 2678/10179/2817 2670/10180/2817
f 2670/10181/2818 2678/10182/2818 2679/10183/2818 2671/10184/2818
f 2671/10185/2819 2679/10186/2819 2680/10187/2819 2672/10188/2819
f 2672/10189/2820 2680/10190/2820 2681/10191/2820 2673/10192/2820
f 2673/10193/2821 2681/10194/2821 2682/10195/2821 2674/10196/2821
f 2674/10197/2822 2682/10198/2822 2683/10199/2822 2675/10200/2822
f 2675/10201/2823 2683/10202/2823 2684/10203/2823 2676/10204/2823
f 2676/10205/2824 2684/10206/2824 2677/10207/2824 2669/10208/2824
f 2677/10209/2825 2685/10210/2825 2686/10211/2825 2678/10212/2825
f 2678/10213/2826 2686/10214/2826 2687/10215/2826 2679/10216/2826
f 2679/10217/2827 2687/10218/2827 2688/10219/2827 2680/10220/2827
f 2680/10221/2828 2688/10222/2828 2689/10223/2828 2681/10224/2828
f 2681/10225/2829 2689/10226/2829 2690/10227/2829 2682/10228/2829
f 2682/10229/2830 2690/10230/2830 2691/10231/2830 2683/10232/2830
f 2683/10233/2831 2691/10234/2831 2692/10235/2831 2684/10236/2831
f 2684/10237/2832 2692/10238/2832 2685/10239/2832 2677/10240/2832
f 2685/10241/2833 2693/10242/2833 2694/10243/2833 2686/10244/2833
f 2686/10245/2834 2694/10246/2834 2695/10247/2834 2687/10248/2834
f 2687/10249/2835 2695/10250/2835 2696/10251/2835 2688/10252/2835
f 2688/10253/2836 2696/10254/2836 2697/10255/2836 2689/10256/2836
f 2689/10257/2837 2697/10258/2837 2698/10259/2837 2690/10260/2837
f 2690/10261/2838 2698/10262/2838 2699/10263/2838 2691/10264/2838
f 2691/10265/2839 2699/10266/2839 2700/10267/2839 2692/10268/2839
f 2692/10269/2840 2700/10270/2840 2693/10271/2840 2685/10272/2840
f 2701/10273/2841 2669/10274/2841 2670/10275/2841
f 2702/10276/2842 2694/10277/2842 2693/10278/2842
f 2701/10279/2843 2670/10280/2843 2671/10281/2843
f 2702/10282/2844 2695/10283/2844 2694/10284/2844
f 2701/10285/2845 2671/10286/2845 2672/10287/2845
f 2702/10288/2846 2696/10289/2846 2695/10290/2846
f 2701/10291/2847 2672/10292/2847 2673/10293/2847
f 2702/10294/2848 2697/10295/2848 2696/10296/2848
f 2701/10297/2849 2673/10298/2849 2674/10299/2849
f 2702/10300/2850 2698/10301/2850 2697/10302/2850
f 2701/10303/2851 2674/10304/2851 2675/10305/2851
f 2702/10306/2852 2699/10307/2852 2698/10308/2852
f 2701/10309/2853 2675/10310/2853 2676/10311/2853
f 2702/10312/2854 2700/10313/2854 2699/10314/2854
f 2701/10315/2855 2676/10316/2855 2669/10317/2855
f 2702/10318/2856 2693/10319/2856 2700/10320/2856
o upper_ring_division_6
f 2703/10321/2857 2711/10322/2857 2712/10323/2857 2704/10324/2857
f 2704/10325/2858 2712/10326/2858 2713/10327/2858 2705/10328/2858
f 2705/10329/2859 2713/10330/2859 2714/10331/2859 2706/10332/2859
f 2706/10333/2860 2714/10334/2860 2715/10335/2860 2707/10336/2860
f 2707/10337/2861 2715/10338/2861 2716/10339/2861 2708/10340/2861
f 2708/10341/2862 2716/10342/2862 2717/10343/2862 2709/10344/2862
f 2709/10345/2863 2717/10346/2863 2718/10347/2863 2710/10348/2863
f 2710/10349/2864 2718/10350/2864 2711/10351/2864 2703/10352/2864
f 2711/10353/2865 2719/10354/2865 2720/10355/2865 2712/10356/2865
f 2712/10357/2866 2720/10358/2866 2721/10359/2866 2713/10360/2866
f 2713/10361/2867 2721/10362/2867 2722/10363/2867 2714/10364/2867
f 2714/10365/2868 2722/10366/2868 2723/10367/2868 2715/10368/2868
f 2715/10369/2869 2723/10370/2869 2724/10371/2869 2716/10372/2869
f 2716/10373/2870 2724/10374/2870 2725/10375/2870 2717/10376/2870
f 2717/10377/2871 2725/10378/2871 2726/10379/2871 2718/10380/2871
f 2718/10381/2872 2726/10382/2872 2719/10383/2872 2711/10384/2872
f 2719/10385/2873 2727/10386/2873 2728/10387/2873 2720/10388/2873
f 2720/10389/2874 2728/10390/2874 2729/10391/2874 2721/10392/2874
f 2721/10393/2875 2729/10394/2875 2730/10395/2875 2722/10396/2875
f 2722/10397/2876 2730/10398/2876 2731/10399/2876 2723/10400/2876
f 2723/10401/2877 2731/10402/2877 2732/10403/2877 2724/10404/2877
f 2724/10405/2878 2732/10406/2878 2733/10407/2878 2725/10408/2878
f 2725/10409/2879 2733/10410/2879 2734/10411/2879 2726/10412/2879
f 2726/10413/2880 2734/10414/2880 2727/10415/2880 2719/10416/2880
f 2735/10417/2881 2703/10418/2881 2704/10419/2881
f 2736/10420/2882 2728/10421/2882 2727/10422/2882
f 2735/10423/2883 2704/10424/2883 2705/10425/2883
f 2736/10426/2884 2729/10427/2884 2728/10428/2884
f 2735/10429/2885 2705/10430/2885 2706/10431/2885
f 2736/10432/2886 2730/10433/2886 2729/10434/2886
f 2735/10435/2887 2706/10436/2887 2707/10437/2887
f 2736/10438/2888 2731/10439/2888 2730/10440/2888
f 2735/10441/2889 2707/10442/2889 2708/10443/2889
f 2736/10444/2890 2732/10445/2890 2731/10446/2890
f 2735/10447/2891 2708/10448/2891 2709/10449/2891
f 2736/10450/2892 2733/10451/2892 2732/10452/2892
f 2735/10453/2893 2709/10454/2893 2710/10455/2893
f 2736/10456/2894 2734/10457/2894 2733/10458/2894
f 2735/10459/2895 2710/10460/2895 2703/10461/2895
f 2736/10462/2896 2727/10463/2896 2734/10464/2896
o upper_ring_division_7
f 2737/10465/2897 2745/10466/2897 2746/10467/2897 2738/10468/2897
f 2738/10469/2898 2746/10470/2898 2747/10471/2898 2739/10472/2898
f 2739/10473/2899 2747/10474/2899 2748/10475/2899 2740/10476/2899
f 2740/10477/2900 2748/10478/2900 2749/10479/2900 2741/10480/2900
f 2741/10481/2901 2749/10482/2901 2750/10483/2901 2742/10484/2901
f 2742/10485/2902 2750/10486/2902 2751/10487/2902 2743/10488/2902
f 2743/10489/2903 2751/10490/2903 2752/10491/2903 2744/10492/2903
f 2744/10493/2904 2752/10494/2904 2745/10495/2904 2737/10496/2904
f 2745/10497/2905 2753/10498/2905 2754/10499/2905 2746/10500/2905
f 2746/10501/2906 2754/10502/2906 2755/10503/2906 2747/10504/2906
f 2747/10505/2907 2755/10506/2907 2756/10507/2907 2748/10508/2907
f 2748/10509/2908 2756/10510/2908 2757/10511/2908 2749/10512/2908
f 2749/10513/2909 2757/10514/2909 2758/10515/2909 2750/10516/2909
f 2750/10517/2910 2758/10518/2910 2759/10519/2910 2751/10520/2910
f 2751/10521/2911 2759/10522/2911 2760/10523/2911 2752/10524/2911
f 2752/10525/2912 2760/10526/2912 2753/10527/2912 2745/10528/2912
f 2753/10529/2913 2761/10530/2913 2762/10531/2913 2754/10532/2913
f 2754/10533/2914 2762/10534/2914 2763/10535/2914 2755/10536/2914
f 2755/10537/2915 2763/10538/2915 2764/10539/2915 2756/10540/2915
f 2756/10541/2916 2764/10542/2916 2765/10543/2916 2757/10544/2916
f 2757/10545/2917 2765/10546/2917 2766/10547/2917 2758/10548/2917
f 2758/10549/2918 2766/10550/2918 2767/10551/2918 2759/10552/2918
f 2759/10553/2919 2767/10554/2919 2768/10555/2919 2760/10556/2919
f 2760/10557/2920 2768/10558/2920 2761/10559/2920 2753/10560/2920
f 2769/10561/2921 2737/10562/2921 2738/10563/2921
f 2770/10564/2922 2762/10565/2922 2761/10566/2922
f 2769/10567/2923 2738/10568/2923 2739/10569/2923
f 2770/10570/2924 2763/10571/2924 2762/10572/2924
f 2769/10573/2925 2739/10574/2925 2740/10575/2925
f 2770/10576/2926 2764/10577/2926 2763/10578/2926
f 2769/10579/2927 2740/10580/2927 2741/10581/2927
f 2770/10582/2928 2765/10583/2928 2764/10584/2928
f 2769/10585/2929 2741/10586/2929 2742/10587/2929
f 2770/10588/2930 2766/10589/2930 2765/10590/2930
f 2769/10591/2931 2742/10592/2931 2743/10593/2931
f 2770/10594/2932 2767/10595/2932 2766/10596/2932
f 2769/10597/2933 2743/10598/2933 2744/10599/2933
f 2770/10600/2934 2768/10601/2934 2767/10602/2934
f 2769/10603/2935 2744/10604/2935 2737/10605/2935
f 2770/10606/2936 2761/10607/2936 2768/10608/2936
o upper_ring_division_8
f 2771/10609/2937 2779/10610/2937 2780/10611/2937 2772/10612/2937
f 2772/10613/2938 2780/10614/2938 2781/10615/2938 2773/10616/2938
f 2773/10617/2939 2781/10618/2939 2782/10619/2939 2774/10620/2939
f 2774/10621/2940 2782/10622/2940 2783/10623/2940 2775/10624/2940
f 2775/10625/2941 2783/10626/2941 2784/10627/2941 2776/10628/2941
f 2776/10629/2942 2784/10630/2942 2785/10631/2942 2777/10632/2942
f 2777/10633/2943 2785/10634/2943 2786/10635/2943 2778/10636/2943
f 2778/10637/2944 2786/10638/2944 2779/10639/2944 2771/10640/2944
f 2779/10641/2945 2787/10642/2945 2788/10643/2945 2780/10644/2945
f 2780/10645/2946 2788/10646/2946 2789/10647/2946 2781/10648/2946
f 2781/10649/2947 2789/10650/2947 2790/10651/2947 2782/10652/2947
f 2782/10653/2948 2790/10654/2948 2791/10655/2948 2783/10656/2948
f 2783/10657/2949 2791/10658/2949 2792/10659/2949 2784/10660/2949
f 2784/10661/2950 2792/10662/2950 2793/10663/2950 2785/10664/2950
f 2785/10665/2951 2793/10666/2951 2794/10667/2951 2786/10668/2951
f 2786/10669/2952 2794/10670/2952 2787/10671/2952 2779/10672/2952
f 2787/10673/2953 2795/10674/2953 2796/10675/2953 2788/10676/2953
f 2788/10677/2954 2796/10678/2954 2797/10679/2954 2789/10680/2954
f 2789/10681/2955 2797/10682/2955 2798/10683/2955 2790/10684/2955
f 2790/10685/2956 2798/10686/2956 2799/10687/2956 2791/10688/2956
f 2791/10689/2957 2799/10690/2957 2800/10691/2957 2792/10692/2957
f 2792/10693/2958 2800/10694/2958 2801/10695/2958 2793/10696/2958
f 2793/10697/2959 2801/10698/2959 2802/10699/2959 2794/10700/2959
f 2794/10701/2960 2802/10702/2960 2795/10703/2960 2787/10704/2960
f 2803/10705/2961 2771/10706/2961 2772/10707/2961
f 2804/10708/2962 2796/10709/2962 2795/10710/2962
f 2803/10711/2963 2772/10712/2963 2773/10713/2963
f 2804/10714/2964 2797/10715/2964 2796/10716/2964
f 2803/10717/2965 2773/10718/2965 2774/10719/2965
f 2804/10720/2966 2798/10721/2966 2797/10722/2966
f 2803/10723/2967 2774/10724/2967 2775/10725/2967
f 2804/10726/2968 2799/10727/2968 2798/10728/2968
f 2803/10729/2969 2775/10730/2969 2776/10731/2969
f 2804/10732/2970 2800/10733/2970 2799/10734/2970
f 2803/10735/2971 2776/10736/2971 2777/10737/2971
f 2804/10738/2972 2801/10739/2972 2800/10740/2972
f 2803/10741/2973 2777/10742/2973 2778/10743/2973
f 2804/10744/2974 2802/10745/2974 2801/10746/2974
f 2803/10747/2975 2778/10748/2975 2771/10749/2975
f 2804/10750/2976 2795/10751/2976 2802/10752/2976
o upper_ring_division_9
f 2805/10753/2977 2813/10754/2977 2814/10755/2977 2806/10756/2977
f 2806/10757/2978 2814/10758/2978 2815/10759/2978 2807/10760/2978
f 2807/10761/2979 2815/10762/2979 2816/10763/2979 2808/10764/2979
f 2808/10765/2980 2816/10766/2980 2817/10767/2980 2809/10768/2980
f 2809/10769/2981 2817/10770/2981 2818/10771/2981 2810/10772/2981
f 2810/10773/2982 2818/10774/2982 2819/10775/2982 2811/10776/2982
f 2811/10777/2983 2819/10778/2983 2820/10779/2983 2812/10780/2983
f 2812/10781/2984 2820/10782/2984 2813/10783/2984 2805/10784/2984
f 2813/10785/2985 2821/10786/2985 2822/10787/2985 2814/10788/2985
f 2814/10789/2986 2822/10790/2986 2823/10791/2986 2815/10792/2986
f 2815/10793/2987 2823/10794/2987 2824/10795/2987 2816/10796/2987
f 2816/10797/2988 2824/10798/2988 2825/10799/2988 2817/10800/2988
f 2817/10801/2989 2825/10802/2989 2826/10803/2989 2818/10804/2989
f 2818/10805/2990 2826/10806/2990 2827/10807/2990 2819/10808/2990
f 2819/10809/2991 2827/10810/2991 2828/10811/2991 2820/10812/2991
f 2820/10813/2992 2828/10814/2992 2821/10815/2992 2813/10816/2992
f 2821/10817/2993 2829/10818/2993 2830/10819/2993 2822/10820/2993
f 2822/10821/2994 2830/10822/2994 2831/10823/2994 2823/10824/2994
f 2823/10825/2995 2831/10826/2995 2832/10827/2995 2824/10828/2995
f 2824/10829/2996 2832/10830/2996 2833/10831/2996 2825/10832/2996
f 2825/10833/2997 2833/10834/2997 2834/10835/2997 2826/10836/2997
f 2826/10837/2998 2834/10838/2998 2835/10839/2998 2827/10840/2998
f 2827/10841/2999 2835/10842/2999 2836/10843/2999 2828/10844/2999
f 2828/10845/3000 2836/10846/3000 2829/10847/3000 2821/10848/3000
f 2837/10849/3001 2805/10850/3001 2806/10851/3001
f 2838/10852/3002 2830/10853/3002 2829/10854/3002
f 2837/10855/3003 2806/10856/3003 2807/10857/3003
f 2838/10858/3004 2831/10859/3004 2830/10860/3004
f 2837/10861/3005 2807/10862/3005 2808/10863/3005
f 2838/10864/3006 2832/10865/3006 2831/10866/3006
f 2837/10867/3007 2808/10868/3007 2809/10869/3007
f 2838/10870/3008 2833/10871/3008 2832/10872/3008
f 2837/10873/3009 2809/10874/3009 2810/10875/3009
f 2838/10876/3010 2834/10877/3010 2833/10878/3010
f 2837/10879/3011 2810/10880/3011 2811/10881/3011
f 2838/10882/3012 2835/10883/3012 2834/10884/3012
f 2837/10885/3013 2811/10886/3013 2812/10887/3013
f 2838/10888/3014 2836/10889/3014 2835/10890/3014
f 2837/10891/3015 2812/10892/3015 2805/10893/3015
f 2838/10894/3016 2829/10895/3016 2836/10896/3016
o upper_ring_division_10
f 2839/10897/3017 2847/10898/3017 2848/10899/3017 2840/10900/3017
f 2840/10901/3018 2848/10902/3018 2849/10903/3018 2841/10904/3018
f 2841/10905/3019 2849/10906/3019 2850/10907/3019 2842/10908/3019
f 2842/10909/3020 2850/10910/3020 2851/10911/3020 2843/10912/3020
f 2843/10913/3021 2851/10914/3021 2852/10915/3021 2844/10916/3021
f 2844/10917/3022 2852/10918/3022 2853/10919/3022 2845/10920/3022
f 2845/10921/3023 2853/10922/3023 2854/10923/3023 2846/10924/3023
f 2846/10925/3024 2854/10926/3024 2847/10927/3024 2839/10928/3024
f 2847/10929/3025 2855/10930/3025 2856/10931/3025 2848/10932/3025
f 2848/10933/3026 2856/10934/3026 2857/10935/3026 2849/10936/3026
f 2849/10937/3027 2857/10938/3027 2858/10939/3027 2850/10940/3027
f 2850/10941/3028 2858/10942/3028 2859/10943/3028 2851/10944/3028
f 2851/10945/3029 2859/10946/3029 2860/10947/3029 2852/10948/3029
f 2852/10949/3030 2860/10950/3030 2861/10951/3030 2853/10952/3030
f 2853/10953/3031 2861/10954/3031 2862/10955/3031 2854/10956/3031
f 2854/10957/3032 2862/10958/3032 2855/10959/3032 2847/10960/3032
f 2855/10961/3033 2863/10962/3033 2864/10963/3033 2856/10964/3033
f 2856/10965/3034 2864/10966/3034 2865/10967/3034 2857/10968/3034
f 2857/10969/3035 2865/10970/3035 2866/10971/3035 2858/10972/3035
f 2858/10973/3036 2866/10974/3036 2867/10975/3036 2859/10976/3036
f 2859/10977/3037 2867/10978/3037 2868/10979/3037 2860/10980/3037
f 2860/10981/3038 2868/10982/3038 2869/10983/3038 2861/10984/3038
f 2861/10985/3039 2869/10986/3039 2870/10987/3039 2862/10988/3039
f 2862/10989/3040 2870/10990/3040 2863/10991/3040 2855/10992/3040
f 2871/10993/3041 2839/10994/3041 2840/10995/3041
f 2872/10996/3042 2864/10997/3042 2863/10998/3042
f 2871/10999/3043 2840/11000/3043 2841/11001/3043
f 2872/11002/3044 2865/11003/3044 2864/11004/3044
f 2871/11005/3045 2841/11006/3045 2842/11007/3045
f 2872/11008/3046 2866/11009/3046 2865/11010/3046
f 2871/11011/3047 2842/11012/3047 2843/11013/3047
f 2872/11014/3048 2867/11015/3048 2866/11016/3048
f 2871/11017/3049 2843/11018/3049 2844/11019/3049
f 2872/11020/3050 2868/11021/3050 2867/11022/3050
f 2871/11023/3051 2844/11024/3051 2845/11025/3051
f 2872/11026/3052 2869/11027/3052 2868/11028/3052
f 2871/11029/3053 2845/11030/3053 2846/11031/3053
f 2872/11032/3054 2870/11033/3054 2869/11034/3054
f 2871/11035/3055 2846/11036/3055 2839/11037/3055
f 2872/11038/3056 2863/11039/3056 2870/11040/3056
o upper_ring_division_11
f 2873/11041/3057 2881/11042/3057 2882/11043/3057 2874/11044/3057
f 2874/11045/3058 2882/11046/3058 2883/11047/3058 2875/11048/3058
f 2875/11049/3059 2883/11050/3059 2884/11051/3059 2876/11052/3059
f 2876/11053/3060 2884/11054/3060 2885/11055/3060 2877/11056/3060
f 2877/11057/3061 2885/11058/3061 2886/11059/3061 2878/11060/3061
f 2878/11061/3062 2886/11062/3062 2887/11063/3062 2879/11064/3062
f 2879/11065/3063 2887/11066/3063 2888/11067/3063 2880/11068/3063
f 2880/11069/3064 2888/11070/3064 2881/11071/3064 2873/11072/3064
f 2881/11073/3065 2889/11074/3065 2890/11075/3065 2882/11076/3065
f 2882/11077/3066 2890/11078/3066 2891/11079/3066 2883/11080/3066
f 2883/11081/3067 2891/11082/3067 2892/11083/3067 2884/11084/3067
f 2884/11085/3068 2892/11086/3068 2893/11087/3068 2885/11088/3068
f 2885/11089/3069 2893/11090/3069 2894/11091/3069 2886/11092/3069
f 2886/11093/3070 2894/11094/3070 2895/11095/3070 2887/11096/3070
f 2887/11097/3071 2895/11098/3071 2896/11099/3071 2888/11100/3071
f 2888/11101/3072 2896/11102/3072 2889/11103/3072 2881/11104/3072
f 2889/11105/3073 2897/11106/3073 2898/11107/3073 2890/11108/3073
f 2890/11109/3074 2898/11110/3074 2899/11111/3074 2891/11112/3074
f 2891/11113/3075 2899/11114/3075 2900/11115/3075 2892/11116/3075
f 2892/11117/3076 2900/11118/3076 2901/11119/3076 2893/11120/3076
f 2893/11121/3077 2901/11122/3077 2902/11123/3077 2894/11124/3077
f 2894/11125/3078 2902/11126/3078 2903/11127/3078 2895/11128/3078
f 2895/11129/3079 2903/11130/3079 2904/11131/3079 2896/11132/3079
f 2896/11133/3080 2904/11134/3080 2897/11135/3080 2889/11136/3080
f 2905/11137/3081 2873/11138/3081 2874/11139/3081
f 2906/11140/3082 2898/11141/3082 2897/11142/3082
f 2905/11143/3083 2874/11144/3083 2875/11145/3083
f 2906/11146/3084 2899/11147/3084 2898/11148/3084
f 2905/11149/3085 2875/11150/3085 2876/11151/3085
f 2906/11152/3086 2900/11153/3086 2899/11154/3086
f 2905/11155/3087 2876/11156/3087 2877/11157/3087
f 2906/11158/3088 2901/11159/3088 2900/11160/3088
f 2905/11161/3089 2877/11162/3089 2878/11163/3089
f 2906/11164/3090 2902/11165/3090 2901/11166/3090
f 2905/11167/3091 2878/11168/3091 2879/11169/3091
f 2906/11170/3092 2903/11171/3092 2902/11172/3092
f 2905/11173/3093 2879/11174/3093 2880/11175/3093
f 2906/11176/3094 2904/11177/3094 2903/11178/3094
f 2905/11179/3095 2880/11180/3095 2873/11181/3095
f 2906/11182/3096 2897/11183/3096 2904/11184/3096
o upper_left_canopy_shoulder
usemtl transporter_titanium
f 2907/11185/3097 2915/11186/3097 2916/11187/3097 2908/11188/3097
f 2908/11189/3098 2916/11190/3098 2917/11191/3098 2909/11192/3098
f 2909/11193/3099 2917/11194/3099 2918/11195/3099 2910/11196/3099
f 2910/11197/3100 2918/11198/3100 2919/11199/3100 2911/11200/3100
f 2911/11201/3101 2919/11202/3101 2920/11203/3101 2912/11204/3101
f 2912/11205/3102 2920/11206/3102 2921/11207/3102 2913/11208/3102
f 2913/11209/3103 2921/11210/3103 2922/11211/3103 2914/11212/3103
f 2914/11213/3104 2922/11214/3104 2915/11215/3104 2907/11216/3104
f 2915/11217/3105 2923/11218/3105 2924/11219/3105 2916/11220/3105
f 2916/11221/3106 2924/11222/3106 2925/11223/3106 2917/11224/3106
f 2917/11225/3107 2925/11226/3107 2926/11227/3107 2918/11228/3107
f 2918/11229/3108 2926/11230/3108 2927/11231/3108 2919/11232/3108
f 2919/11233/3109 2927/11234/3109 2928/11235/3109 2920/11236/3109
f 2920/11237/3110 2928/11238/3110 2929/11239/3110 2921/11240/3110
f 2921/11241/3111 2929/11242/3111 2930/11243/3111 2922/11244/3111
f 2922/11245/3112 2930/11246/3112 2923/11247/3112 2915/11248/3112
f 2923/11249/3113 2931/11250/3113 2932/11251/3113 2924/11252/3113
f 2924/11253/3114 2932/11254/3114 2933/11255/3114 2925/11256/3114
f 2925/11257/3115 2933/11258/3115 2934/11259/3115 2926/11260/3115
f 2926/11261/3116 2934/11262/3116 2935/11263/3116 2927/11264/3116
f 2927/11265/3117 2935/11266/3117 2936/11267/3117 2928/11268/3117
f 2928/11269/3118 2936/11270/3118 2937/11271/3118 2929/11272/3118
f 2929/11273/3119 2937/11274/3119 2938/11275/3119 2930/11276/3119
f 2930/11277/3120 2938/11278/3120 2931/11279/3120 2923/11280/3120
f 2939/11281/3121 2907/11282/3121 2908/11283/3121
f 2940/11284/3122 2932/11285/3122 2931/11286/3122
f 2939/11287/3123 2908/11288/3123 2909/11289/3123
f 2940/11290/3124 2933/11291/3124 2932/11292/3124
f 2939/11293/3125 2909/11294/3125 2910/11295/3125
f 2940/11296/3126 2934/11297/3126 2933/11298/3126
f 2939/11299/3127 2910/11300/3127 2911/11301/3127
f 2940/11302/3128 2935/11303/3128 2934/11304/3128
f 2939/11305/3129 2911/11306/3129 2912/11307/3129
f 2940/11308/3130 2936/11309/3130 2935/11310/3130
f 2939/11311/3131 2912/11312/3131 2913/11313/3131
f 2940/11314/3132 2937/11315/3132 2936/11316/3132
f 2939/11317/3133 2913/11318/3133 2914/11319/3133
f 2940/11320/3134 2938/11321/3134 2937/11322/3134
f 2939/11323/3135 2914/11324/3135 2907/11325/3135
f 2940/11326/3136 2931/11327/3136 2938/11328/3136
o upper_rear_bridge
usemtl transporter_warm
f 2941/11329/3137 2949/11330/3137 2950/11331/3137 2942/11332/3137
f 2942/11333/3138 2950/11334/3138 2951/11335/3138 2943/11336/3138
f 2943/11337/3139 2951/11338/3139 2952/11339/3139 2944/11340/3139
f 2944/11341/3140 2952/11342/3140 2953/11343/3140 2945/11344/3140
f 2945/11345/3141 2953/11346/3141 2954/11347/3141 2946/11348/3141
f 2946/11349/3142 2954/11350/3142 2955/11351/3142 2947/11352/3142
f 2947/11353/3143 2955/11354/3143 2956/11355/3143 2948/11356/3143
f 2948/11357/3144 2956/11358/3144 2949/11359/3144 2941/11360/3144
f 2949/11361/3145 2957/11362/3145 2958/11363/3145 2950/11364/3145
f 2950/11365/3146 2958/11366/3146 2959/11367/3146 2951/11368/3146
f 2951/11369/3147 2959/11370/3147 2960/11371/3147 2952/11372/3147
f 2952/11373/3148 2960/11374/3148 2961/11375/3148 2953/11376/3148
f 2953/11377/3149 2961/11378/3149 2962/11379/3149 2954/11380/3149
f 2954/11381/3150 2962/11382/3150 2963/11383/3150 2955/11384/3150
f 2955/11385/3151 2963/11386/3151 2964/11387/3151 2956/11388/3151
f 2956/11389/3152 2964/11390/3152 2957/11391/3152 2949/11392/3152
f 2957/11393/3153 2965/11394/3153 2966/11395/3153 2958/11396/3153
f 2958/11397/3154 2966/11398/3154 2967/11399/3154 2959/11400/3154
f 2959/11401/3155 2967/11402/3155 2968/11403/3155 2960/11404/3155
f 2960/11405/3156 2968/11406/3156 2969/11407/3156 2961/11408/3156
f 2961/11409/3157 2969/11410/3157 2970/11411/3157 2962/11412/3157
f 2962/11413/3158 2970/11414/3158 2971/11415/3158 2963/11416/3158
f 2963/11417/3159 2971/11418/3159 2972/11419/3159 2964/11420/3159
f 2964/11421/3160 2972/11422/3160 2965/11423/3160 2957/11424/3160
f 2973/11425/3161 2941/11426/3161 2942/11427/3161
f 2974/11428/3162 2966/11429/3162 2965/11430/3162
f 2973/11431/3163 2942/11432/3163 2943/11433/3163
f 2974/11434/3164 2967/11435/3164 2966/11436/3164
f 2973/11437/3165 2943/11438/3165 2944/11439/3165
f 2974/11440/3166 2968/11441/3166 2967/11442/3166
f 2973/11443/3167 2944/11444/3167 2945/11445/3167
f 2974/11446/3168 2969/11447/3168 2968/11448/3168
f 2973/11449/3169 2945/11450/3169 2946/11451/3169
f 2974/11452/3170 2970/11453/3170 2969/11454/3170
f 2973/11455/3171 2946/11456/3171 2947/11457/3171
f 2974/11458/3172 2971/11459/3172 2970/11460/3172
f 2973/11461/3173 2947/11462/3173 2948/11463/3173
f 2974/11464/3174 2972/11465/3174 2971/11466/3174
f 2973/11467/3175 2948/11468/3175 2941/11469/3175
f 2974/11470/3176 2965/11471/3176 2972/11472/3176
o upper_right_canopy_shoulder
usemtl transporter_titanium
f 2975/11473/3177 2983/11474/3177 2984/11475/3177 2976/11476/3177
f 2976/11477/3178 2984/11478/3178 2985/11479/3178 2977/11480/3178
f 2977/11481/3179 2985/11482/3179 2986/11483/3179 2978/11484/3179
f 2978/11485/3180 2986/11486/3180 2987/11487/3180 2979/11488/3180
f 2979/11489/3181 2987/11490/3181 2988/11491/3181 2980/11492/3181
f 2980/11493/3182 2988/11494/3182 2989/11495/3182 2981/11496/3182
f 2981/11497/3183 2989/11498/3183 2990/11499/3183 2982/11500/3183
f 2982/11501/3184 2990/11502/3184 2983/11503/3184 2975/11504/3184
f 2983/11505/3185 2991/11506/3185 2992/11507/3185 2984/11508/3185
f 2984/11509/3186 2992/11510/3186 2993/11511/3186 2985/11512/3186
f 2985/11513/3187 2993/11514/3187 2994/11515/3187 2986/11516/3187
f 2986/11517/3188 2994/11518/3188 2995/11519/3188 2987/11520/3188
f 2987/11521/3189 2995/11522/3189 2996/11523/3189 2988/11524/3189
f 2988/11525/3190 2996/11526/3190 2997/11527/3190 2989/11528/3190
f 2989/11529/3191 2997/11530/3191 2998/11531/3191 2990/11532/3191
f 2990/11533/3192 2998/11534/3192 2991/11535/3192 2983/11536/3192
f 2991/11537/3193 2999/11538/3193 3000/11539/3193 2992/11540/3193
f 2992/11541/3194 3000/11542/3194 3001/11543/3194 2993/11544/3194
f 2993/11545/3195 3001/11546/3195 3002/11547/3195 2994/11548/3195
f 2994/11549/3196 3002/11550/3196 3003/11551/3196 2995/11552/3196
f 2995/11553/3197 3003/11554/3197 3004/11555/3197 2996/11556/3197
f 2996/11557/3198 3004/11558/3198 3005/11559/3198 2997/11560/3198
f 2997/11561/3199 3005/11562/3199 3006/11563/3199 2998/11564/3199
f 2998/11565/3200 3006/11566/3200 2999/11567/3200 2991/11568/3200
f 3007/11569/3201 2975/11570/3201 2976/11571/3201
f 3008/11572/3202 3000/11573/3202 2999/11574/3202
f 3007/11575/3203 2976/11576/3203 2977/11577/3203
f 3008/11578/3204 3001/11579/3204 3000/11580/3204
f 3007/11581/3205 2977/11582/3205 2978/11583/3205
f 3008/11584/3206 3002/11585/3206 3001/11586/3206
f 3007/11587/3207 2978/11588/3207 2979/11589/3207
f 3008/11590/3208 3003/11591/3208 3002/11592/3208
f 3007/11593/3209 2979/11594/3209 2980/11595/3209
f 3008/11596/3210 3004/11597/3210 3003/11598/3210
f 3007/11599/3211 2980/11600/3211 2981/11601/3211
f 3008/11602/3212 3005/11603/3212 3004/11604/3212
f 3007/11605/3213 2981/11606/3213 2982/11607/3213
f 3008/11608/3214 3006/11609/3214 3005/11610/3214
f 3007/11611/3215 2982/11612/3215 2975/11613/3215
f 3008/11614/3216 2999/11615/3216 3006/11616/3216
