# Actual Blockbench MCP geometry; packaged by tools/export_transporter.py
mtllib transporter.mtl
v 0.098125 0 0.840625
v 0.901875 0 0.840625
v 0.921875 0 0.860625
v 0.921875 0 0.970625
v 0.901875 0 0.990625
v 0.098125 0 0.990625
v 0.078125 0 0.970625
v 0.078125 0 0.860625
v 0.098125 0 0.840625
v 0.901875 0 0.840625
v 0.921875 0 0.860625
v 0.921875 0 0.970625
v 0.901875 0 0.990625
v 0.098125 0 0.990625
v 0.078125 0 0.970625
v 0.078125 0 0.860625
v 0.098125 0.825 0.840625
v 0.901875 0.825 0.840625
v 0.921875 0.825 0.860625
v 0.921875 0.825 0.970625
v 0.901875 0.825 0.990625
v 0.098125 0.825 0.990625
v 0.078125 0.825 0.970625
v 0.078125 0.825 0.860625
v 0.098125 0.825 0.840625
v 0.901875 0.825 0.840625
v 0.921875 0.825 0.860625
v 0.921875 0.825 0.970625
v 0.901875 0.825 0.990625
v 0.098125 0.825 0.990625
v 0.078125 0.825 0.970625
v 0.078125 0.825 0.860625
v 0.5 0 0.915625
v 0.5 0.825 0.915625
v 0.196875 0 0.82625
v 0.803125 0 0.82625
v 0.809375 0 0.8325
v 0.809375 0 0.83625
v 0.803125 0 0.8425
v 0.196875 0 0.8425
v 0.190625 0 0.83625
v 0.190625 0 0.8325
v 0.196875 0 0.82625
v 0.803125 0 0.82625
v 0.809375 0 0.8325
v 0.809375 0 0.83625
v 0.803125 0 0.8425
v 0.196875 0 0.8425
v 0.190625 0 0.83625
v 0.190625 0 0.8325
v 0.196875 0.8225 0.82625
v 0.803125 0.8225 0.82625
v 0.809375 0.8225 0.8325
v 0.809375 0.8225 0.83625
v 0.803125 0.8225 0.8425
v 0.196875 0.8225 0.8425
v 0.190625 0.8225 0.83625
v 0.190625 0.8225 0.8325
v 0.196875 0.8225 0.82625
v 0.803125 0.8225 0.82625
v 0.809375 0.8225 0.8325
v 0.809375 0.8225 0.83625
v 0.803125 0.8225 0.8425
v 0.196875 0.8225 0.8425
v 0.190625 0.8225 0.83625
v 0.190625 0.8225 0.8325
v 0.5 0 0.834375
v 0.5 0.8225 0.834375
v 0.13375 0 0.820625
v 0.15375 0 0.820625
v 0.159375 0 0.82625
v 0.159375 0 0.8375
v 0.15375 0 0.843125
v 0.13375 0 0.843125
v 0.128125 0 0.8375
v 0.128125 0 0.82625
v 0.13375 0 0.820625
v 0.15375 0 0.820625
v 0.159375 0 0.82625
v 0.159375 0 0.8375
v 0.15375 0 0.843125
v 0.13375 0 0.843125
v 0.128125 0 0.8375
v 0.128125 0 0.82625
v 0.13375 0.8225 0.820625
v 0.15375 0.8225 0.820625
v 0.159375 0.8225 0.82625
v 0.159375 0.8225 0.8375
v 0.15375 0.8225 0.843125
v 0.13375 0.8225 0.843125
v 0.128125 0.8225 0.8375
v 0.128125 0.8225 0.82625
v 0.13375 0.8225 0.820625
v 0.15375 0.8225 0.820625
v 0.159375 0.8225 0.82625
v 0.159375 0.8225 0.8375
v 0.15375 0.8225 0.843125
v 0.13375 0.8225 0.843125
v 0.128125 0.8225 0.8375
v 0.128125 0.8225 0.82625
v 0.14375 0 0.831875
v 0.14375 0.8225 0.831875
v 0.14 0 0.81875
v 0.1475 0 0.81875
v 0.1496875 0 0.8209375
v 0.1496875 0 0.8240625
v 0.1475 0 0.82625
v 0.14 0 0.82625
v 0.1378125 0 0.8240625
v 0.1378125 0 0.8209375
v 0.14 0 0.81875
v 0.1475 0 0.81875
v 0.1496875 0 0.8209375
v 0.1496875 0 0.8240625
v 0.1475 0 0.82625
v 0.14 0 0.82625
v 0.1378125 0 0.8240625
v 0.1378125 0 0.8209375
v 0.14 0.8225 0.81875
v 0.1475 0.8225 0.81875
v 0.1496875 0.8225 0.8209375
v 0.1496875 0.8225 0.8240625
v 0.1475 0.8225 0.82625
v 0.14 0.8225 0.82625
v 0.1378125 0.8225 0.8240625
v 0.1378125 0.8225 0.8209375
v 0.14 0.8225 0.81875
v 0.1475 0.8225 0.81875
v 0.1496875 0.8225 0.8209375
v 0.1496875 0.8225 0.8240625
v 0.1475 0.8225 0.82625
v 0.14 0.8225 0.82625
v 0.1378125 0.8225 0.8240625
v 0.1378125 0.8225 0.8209375
v 0.14375 0 0.8225
v 0.14375 0.8225 0.8225
v 0.824375 0 0.820625
v 0.844375 0 0.820625
v 0.85 0 0.82625
v 0.85 0 0.8375
v 0.844375 0 0.843125
v 0.824375 0 0.843125
v 0.81875 0 0.8375
v 0.81875 0 0.82625
v 0.824375 0 0.820625
v 0.844375 0 0.820625
v 0.85 0 0.82625
v 0.85 0 0.8375
v 0.844375 0 0.843125
v 0.824375 0 0.843125
v 0.81875 0 0.8375
v 0.81875 0 0.82625
v 0.824375 0.8225 0.820625
v 0.844375 0.8225 0.820625
v 0.85 0.8225 0.82625
v 0.85 0.8225 0.8375
v 0.844375 0.8225 0.843125
v 0.824375 0.8225 0.843125
v 0.81875 0.8225 0.8375
v 0.81875 0.8225 0.82625
v 0.824375 0.8225 0.820625
v 0.844375 0.8225 0.820625
v 0.85 0.8225 0.82625
v 0.85 0.8225 0.8375
v 0.844375 0.8225 0.843125
v 0.824375 0.8225 0.843125
v 0.81875 0.8225 0.8375
v 0.81875 0.8225 0.82625
v 0.834375 0 0.831875
v 0.834375 0.8225 0.831875
v 0.830625 0 0.81875
v 0.838125 0 0.81875
v 0.8403125 0 0.8209375
v 0.8403125 0 0.8240625
v 0.838125 0 0.82625
v 0.830625 0 0.82625
v 0.8284375 0 0.8240625
v 0.8284375 0 0.8209375
v 0.830625 0 0.81875
v 0.838125 0 0.81875
v 0.8403125 0 0.8209375
v 0.8403125 0 0.8240625
v 0.838125 0 0.82625
v 0.830625 0 0.82625
v 0.8284375 0 0.8240625
v 0.8284375 0 0.8209375
v 0.830625 0.8225 0.81875
v 0.838125 0.8225 0.81875
v 0.8403125 0.8225 0.8209375
v 0.8403125 0.8225 0.8240625
v 0.838125 0.8225 0.82625
v 0.830625 0.8225 0.82625
v 0.8284375 0.8225 0.8240625
v 0.8284375 0.8225 0.8209375
v 0.830625 0.8225 0.81875
v 0.838125 0.8225 0.81875
v 0.8403125 0.8225 0.8209375
v 0.8403125 0.8225 0.8240625
v 0.838125 0.8225 0.82625
v 0.830625 0.8225 0.82625
v 0.8284375 0.8225 0.8240625
v 0.8284375 0.8225 0.8209375
v 0.834375 0 0.8225
v 0.834375 0.8225 0.8225
v 0.121875 0.725 0.61875
v 0.878125 0.725 0.61875
v 0.909375 0.725 0.65
v 0.909375 0.725 0.94375
v 0.878125 0.725 0.975
v 0.121875 0.725 0.975
v 0.090625 0.725 0.94375
v 0.090625 0.725 0.65
v 0.121875 0.7375 0.60625
v 0.878125 0.7375 0.60625
v 0.921875 0.7375 0.65
v 0.921875 0.7375 0.94375
v 0.878125 0.7375 0.9875
v 0.121875 0.7375 0.9875
v 0.078125 0.7375 0.94375
v 0.078125 0.7375 0.65
v 0.121875 0.9 0.60625
v 0.878125 0.9 0.60625
v 0.921875 0.9 0.65
v 0.921875 0.9 0.94375
v 0.878125 0.9 0.9875
v 0.121875 0.9 0.9875
v 0.078125 0.9 0.94375
v 0.078125 0.9 0.65
v 0.121875 0.9125 0.61875
v 0.878125 0.9125 0.61875
v 0.909375 0.9125 0.65
v 0.909375 0.9125 0.94375
v 0.878125 0.9125 0.975
v 0.121875 0.9125 0.975
v 0.090625 0.9125 0.94375
v 0.090625 0.9125 0.65
v 0.5 0.725 0.796875
v 0.5 0.9125 0.796875
v 0.940203182 0.71875 0.514203848
v 0.910204063 0.71875 0.626162086
v 0.852250214 0.71875 0.726541096
v 0.770291096 0.71875 0.808500214
v 0.669912086 0.71875 0.866454063
v 0.557953848 0.71875 0.896453182
v 0.442046152 0.71875 0.896453182
v 0.330087914 0.71875 0.866454063
v 0.229708904 0.71875 0.808500214
v 0.147749786 0.71875 0.726541096
v 0.0897959374 0.71875 0.626162086
v 0.0597968181 0.71875 0.514203848
v 0.0597968181 0.71875 0.398296152
v 0.0897959374 0.71875 0.286337914
v 0.147749786 0.71875 0.185958904
v 0.229708904 0.71875 0.103999786
v 0.330087914 0.71875 0.0460459374
v 0.442046152 0.71875 0.0160468181
v 0.557953848 0.71875 0.0160468181
v 0.669912086 0.71875 0.0460459374
v 0.770291096 0.71875 0.103999786
v 0.852250214 0.71875 0.185958904
v 0.910204063 0.71875 0.286337914
v 0.940203182 0.71875 0.398296152
v 0.949248453 0.728125 0.515394681
v 0.918632913 0.728125 0.62965343
v 0.859488232 0.728125 0.732095023
v 0.775845023 0.728125 0.815738232
v 0.67340343 0.728125 0.874882913
v 0.559144681 0.728125 0.905498453
v 0.440855319 0.728125 0.905498453
v 0.32659657 0.728125 0.874882913
v 0.224154977 0.728125 0.815738232
v 0.140511768 0.728125 0.732095023
v 0.0813670868 0.728125 0.62965343
v 0.0507515472 0.728125 0.515394681
v 0.0507515472 0.728125 0.397105319
v 0.0813670868 0.728125 0.28284657
v 0.140511768 0.728125 0.180404977
v 0.224154977 0.728125 0.0967617677
v 0.32659657 0.728125 0.0376170868
v 0.440855319 0.728125 0.00700154719
v 0.559144681 0.728125 0.00700154719
v 0.67340343 0.728125 0.0376170868
v 0.775845023 0.728125 0.0967617677
v 0.859488232 0.728125 0.180404977
v 0.918632913 0.728125 0.28284657
v 0.949248453 0.728125 0.397105319
v 0.949248453 0.95 0.515394681
v 0.918632913 0.95 0.62965343
v 0.859488232 0.95 0.732095023
v 0.775845023 0.95 0.815738232
v 0.67340343 0.95 0.874882913
v 0.559144681 0.95 0.905498453
v 0.440855319 0.95 0.905498453
v 0.32659657 0.95 0.874882913
v 0.224154977 0.95 0.815738232
v 0.140511768 0.95 0.732095023
v 0.0813670868 0.95 0.62965343
v 0.0507515472 0.95 0.515394681
v 0.0507515472 0.95 0.397105319
v 0.0813670868 0.95 0.28284657
v 0.140511768 0.95 0.180404977
v 0.224154977 0.95 0.0967617677
v 0.32659657 0.95 0.0376170868
v 0.440855319 0.95 0.00700154719
v 0.559144681 0.95 0.00700154719
v 0.67340343 0.95 0.0376170868
v 0.775845023 0.95 0.0967617677
v 0.859488232 0.95 0.180404977
v 0.918632913 0.95 0.28284657
v 0.949248453 0.95 0.397105319
v 0.940203182 0.959375 0.514203848
v 0.910204063 0.959375 0.626162086
v 0.852250214 0.959375 0.726541096
v 0.770291096 0.959375 0.808500214
v 0.669912086 0.959375 0.866454063
v 0.557953848 0.959375 0.896453182
v 0.442046152 0.959375 0.896453182
v 0.330087914 0.959375 0.866454063
v 0.229708904 0.959375 0.808500214
v 0.147749786 0.959375 0.726541096
v 0.0897959374 0.959375 0.626162086
v 0.0597968181 0.959375 0.514203848
v 0.0597968181 0.959375 0.398296152
v 0.0897959374 0.959375 0.286337914
v 0.147749786 0.959375 0.185958904
v 0.229708904 0.959375 0.103999786
v 0.330087914 0.959375 0.0460459374
v 0.442046152 0.959375 0.0160468181
v 0.557953848 0.959375 0.0160468181
v 0.669912086 0.959375 0.0460459374
v 0.770291096 0.959375 0.103999786
v 0.852250214 0.959375 0.185958904
v 0.910204063 0.959375 0.286337914
v 0.940203182 0.959375 0.398296152
v 0.5 0.71875 0.45625
v 0.5 0.959375 0.45625
v 0.902774475 0.95 0.509276266
v 0.87532606 0.95 0.611715144
v 0.822299794 0.95 0.703559331
v 0.747309331 0.95 0.778549794
v 0.655465144 0.95 0.83157606
v 0.553026266 0.95 0.859024475
v 0.446973734 0.95 0.859024475
v 0.344534856 0.95 0.83157606
v 0.252690669 0.95 0.778549794
v 0.177700206 0.95 0.703559331
v 0.12467394 0.95 0.611715144
v 0.0972255251 0.95 0.509276266
v 0.0972255251 0.95 0.403223734
v 0.12467394 0.95 0.300784856
v 0.177700206 0.95 0.208940669
v 0.252690669 0.95 0.133950206
v 0.344534856 0.95 0.0809239399
v 0.446973734 0.95 0.0534755251
v 0.553026266 0.95 0.0534755251
v 0.655465144 0.95 0.0809239399
v 0.747309331 0.95 0.133950206
v 0.822299794 0.95 0.208940669
v 0.87532606 0.95 0.300784856
v 0.902774475 0.95 0.403223734
v 0.912069271 0.959375 0.510499949
v 0.883987431 0.959375 0.615302802
v 0.829737482 0.959375 0.709266469
v 0.753016469 0.959375 0.785987482
v 0.659052802 0.959375 0.840237431
v 0.554249949 0.959375 0.868319271
v 0.445750051 0.959375 0.868319271
v 0.340947198 0.959375 0.840237431
v 0.246983531 0.959375 0.785987482
v 0.170262518 0.959375 0.709266469
v 0.116012569 0.959375 0.615302802
v 0.0879307295 0.959375 0.510499949
v 0.0879307295 0.959375 0.402000051
v 0.116012569 0.959375 0.297197198
v 0.170262518 0.959375 0.203233531
v 0.246983531 0.959375 0.126512518
v 0.340947198 0.959375 0.0722625693
v 0.445750051 0.959375 0.0441807295
v 0.554249949 0.959375 0.0441807295
v 0.659052802 0.959375 0.0722625693
v 0.753016469 0.959375 0.126512518
v 0.829737482 0.959375 0.203233531
v 0.883987431 0.959375 0.297197198
v 0.912069271 0.959375 0.402000051
v 0.912069271 0.9875 0.510499949
v 0.883987431 0.9875 0.615302802
v 0.829737482 0.9875 0.709266469
v 0.753016469 0.9875 0.785987482
v 0.659052802 0.9875 0.840237431
v 0.554249949 0.9875 0.868319271
v 0.445750051 0.9875 0.868319271
v 0.340947198 0.9875 0.840237431
v 0.246983531 0.9875 0.785987482
v 0.170262518 0.9875 0.709266469
v 0.116012569 0.9875 0.615302802
v 0.0879307295 0.9875 0.510499949
v 0.0879307295 0.9875 0.402000051
v 0.116012569 0.9875 0.297197198
v 0.170262518 0.9875 0.203233531
v 0.246983531 0.9875 0.126512518
v 0.340947198 0.9875 0.0722625693
v 0.445750051 0.9875 0.0441807295
v 0.554249949 0.9875 0.0441807295
v 0.659052802 0.9875 0.0722625693
v 0.753016469 0.9875 0.126512518
v 0.829737482 0.9875 0.203233531
v 0.883987431 0.9875 0.297197198
v 0.912069271 0.9875 0.402000051
v 0.902774475 0.996875 0.509276266
v 0.87532606 0.996875 0.611715144
v 0.822299794 0.996875 0.703559331
v 0.747309331 0.996875 0.778549794
v 0.655465144 0.996875 0.83157606
v 0.553026266 0.996875 0.859024475
v 0.446973734 0.996875 0.859024475
v 0.344534856 0.996875 0.83157606
v 0.252690669 0.996875 0.778549794
v 0.177700206 0.996875 0.703559331
v 0.12467394 0.996875 0.611715144
v 0.0972255251 0.996875 0.509276266
v 0.0972255251 0.996875 0.403223734
v 0.12467394 0.996875 0.300784856
v 0.177700206 0.996875 0.208940669
v 0.252690669 0.996875 0.133950206
v 0.344534856 0.996875 0.0809239399
v 0.446973734 0.996875 0.0534755251
v 0.553026266 0.996875 0.0534755251
v 0.655465144 0.996875 0.0809239399
v 0.747309331 0.996875 0.133950206
v 0.822299794 0.996875 0.208940669
v 0.87532606 0.996875 0.300784856
v 0.902774475 0.996875 0.403223734
v 0.5 0.95 0.45625
v 0.5 0.996875 0.45625
v 0.923223025 0.67 0.511968368
v 0.894381075 0.67 0.61960799
v 0.838662707 0.67 0.716115035
v 0.759865035 0.67 0.794912707
v 0.66335799 0.67 0.850631075
v 0.555718368 0.67 0.879473025
v 0.444281632 0.67 0.879473025
v 0.33664201 0.67 0.850631075
v 0.240134965 0.67 0.794912707
v 0.161337293 0.67 0.716115035
v 0.105618925 0.67 0.61960799
v 0.0767769748 0.67 0.511968368
v 0.0767769748 0.67 0.400531632
v 0.105618925 0.67 0.29289201
v 0.161337293 0.67 0.196384965
v 0.240134965 0.67 0.117587293
v 0.33664201 0.67 0.0618689246
v 0.444281632 0.67 0.0330269748
v 0.555718368 0.67 0.0330269748
v 0.66335799 0.67 0.0618689246
v 0.759865035 0.67 0.117587293
v 0.838662707 0.67 0.196384965
v 0.894381075 0.67 0.29289201
v 0.923223025 0.67 0.400531632
v 0.932517821 0.679375 0.513192051
v 0.903042446 0.679375 0.623195647
v 0.846100395 0.679375 0.721822173
v 0.765572173 0.679375 0.802350395
v 0.666945647 0.679375 0.859292446
v 0.556942051 0.679375 0.888767821
v 0.443057949 0.679375 0.888767821
v 0.333054353 0.679375 0.859292446
v 0.234427827 0.679375 0.802350395
v 0.153899605 0.679375 0.721822173
v 0.0969575539 0.679375 0.623195647
v 0.0674821792 0.679375 0.513192051
v 0.0674821792 0.679375 0.399307949
v 0.0969575539 0.679375 0.289304353
v 0.153899605 0.679375 0.190677827
v 0.234427827 0.679375 0.110149605
v 0.333054353 0.679375 0.0532075539
v 0.443057949 0.679375 0.0237321792
v 0.556942051 0.679375 0.0237321792
v 0.666945647 0.679375 0.0532075539
v 0.765572173 0.679375 0.110149605
v 0.846100395 0.679375 0.190677827
v 0.903042446 0.679375 0.289304353
v 0.932517821 0.679375 0.399307949
v 0.932517821 0.71875 0.513192051
v 0.903042446 0.71875 0.623195647
v 0.846100395 0.71875 0.721822173
v 0.765572173 0.71875 0.802350395
v 0.666945647 0.71875 0.859292446
v 0.556942051 0.71875 0.888767821
v 0.443057949 0.71875 0.888767821
v 0.333054353 0.71875 0.859292446
v 0.234427827 0.71875 0.802350395
v 0.153899605 0.71875 0.721822173
v 0.0969575539 0.71875 0.623195647
v 0.0674821792 0.71875 0.513192051
v 0.0674821792 0.71875 0.399307949
v 0.0969575539 0.71875 0.289304353
v 0.153899605 0.71875 0.190677827
v 0.234427827 0.71875 0.110149605
v 0.333054353 0.71875 0.0532075539
v 0.443057949 0.71875 0.0237321792
v 0.556942051 0.71875 0.0237321792
v 0.666945647 0.71875 0.0532075539
v 0.765572173 0.71875 0.110149605
v 0.846100395 0.71875 0.190677827
v 0.903042446 0.71875 0.289304353
v 0.932517821 0.71875 0.399307949
v 0.923223025 0.728125 0.511968368
v 0.894381075 0.728125 0.61960799
v 0.838662707 0.728125 0.716115035
v 0.759865035 0.728125 0.794912707
v 0.66335799 0.728125 0.850631075
v 0.555718368 0.728125 0.879473025
v 0.444281632 0.728125 0.879473025
v 0.33664201 0.728125 0.850631075
v 0.240134965 0.728125 0.794912707
v 0.161337293 0.728125 0.716115035
v 0.105618925 0.728125 0.61960799
v 0.0767769748 0.728125 0.511968368
v 0.0767769748 0.728125 0.400531632
v 0.105618925 0.728125 0.29289201
v 0.161337293 0.728125 0.196384965
v 0.240134965 0.728125 0.117587293
v 0.33664201 0.728125 0.0618689246
v 0.444281632 0.728125 0.0330269748
v 0.555718368 0.728125 0.0330269748
v 0.66335799 0.728125 0.0618689246
v 0.759865035 0.728125 0.117587293
v 0.838662707 0.728125 0.196384965
v 0.894381075 0.728125 0.29289201
v 0.923223025 0.728125 0.400531632
v 0.5 0.67 0.45625
v 0.5 0.728125 0.45625
v 0.923223025 0.65625 0.511968368
v 0.894381075 0.65625 0.61960799
v 0.838662707 0.65625 0.716115035
v 0.759865035 0.65625 0.794912707
v 0.66335799 0.65625 0.850631075
v 0.555718368 0.65625 0.879473025
v 0.444281632 0.65625 0.879473025
v 0.33664201 0.65625 0.850631075
v 0.240134965 0.65625 0.794912707
v 0.161337293 0.65625 0.716115035
v 0.105618925 0.65625 0.61960799
v 0.0767769748 0.65625 0.511968368
v 0.0767769748 0.65625 0.400531632
v 0.105618925 0.65625 0.29289201
v 0.161337293 0.65625 0.196384965
v 0.240134965 0.65625 0.117587293
v 0.33664201 0.65625 0.0618689246
v 0.444281632 0.65625 0.0330269748
v 0.555718368 0.65625 0.0330269748
v 0.66335799 0.65625 0.0618689246
v 0.759865035 0.65625 0.117587293
v 0.838662707 0.65625 0.196384965
v 0.894381075 0.65625 0.29289201
v 0.923223025 0.65625 0.400531632
v 0.923223025 0.676875 0.511968368
v 0.894381075 0.676875 0.61960799
v 0.838662707 0.676875 0.716115035
v 0.759865035 0.676875 0.794912707
v 0.66335799 0.676875 0.850631075
v 0.555718368 0.676875 0.879473025
v 0.444281632 0.676875 0.879473025
v 0.33664201 0.676875 0.850631075
v 0.240134965 0.676875 0.794912707
v 0.161337293 0.676875 0.716115035
v 0.105618925 0.676875 0.61960799
v 0.0767769748 0.676875 0.511968368
v 0.0767769748 0.676875 0.400531632
v 0.105618925 0.676875 0.29289201
v 0.161337293 0.676875 0.196384965
v 0.240134965 0.676875 0.117587293
v 0.33664201 0.676875 0.0618689246
v 0.444281632 0.676875 0.0330269748
v 0.555718368 0.676875 0.0330269748
v 0.66335799 0.676875 0.0618689246
v 0.759865035 0.676875 0.117587293
v 0.838662707 0.676875 0.196384965
v 0.894381075 0.676875 0.29289201
v 0.923223025 0.676875 0.400531632
v 0.851962926 0.676875 0.502586798
v 0.827977234 0.676875 0.592102618
v 0.781640436 0.676875 0.672360307
v 0.716110307 0.676875 0.737890436
v 0.635852618 0.676875 0.784227234
v 0.546336798 0.676875 0.808212926
v 0.453663202 0.676875 0.808212926
v 0.364147382 0.676875 0.784227234
v 0.283889693 0.676875 0.737890436
v 0.218359564 0.676875 0.672360307
v 0.172022766 0.676875 0.592102618
v 0.148037074 0.676875 0.502586798
v 0.148037074 0.676875 0.409913202
v 0.172022766 0.676875 0.320397382
v 0.218359564 0.676875 0.240139693
v 0.283889693 0.676875 0.174609564
v 0.364147382 0.676875 0.128272766
v 0.453663202 0.676875 0.104287074
v 0.546336798 0.676875 0.104287074
v 0.635852618 0.676875 0.128272766
v 0.716110307 0.676875 0.174609564
v 0.781640436 0.676875 0.240139693
v 0.827977234 0.676875 0.320397382
v 0.851962926 0.676875 0.409913202
v 0.851962926 0.65625 0.502586798
v 0.827977234 0.65625 0.592102618
v 0.781640436 0.65625 0.672360307
v 0.716110307 0.65625 0.737890436
v 0.635852618 0.65625 0.784227234
v 0.546336798 0.65625 0.808212926
v 0.453663202 0.65625 0.808212926
v 0.364147382 0.65625 0.784227234
v 0.283889693 0.65625 0.737890436
v 0.218359564 0.65625 0.672360307
v 0.172022766 0.65625 0.592102618
v 0.148037074 0.65625 0.502586798
v 0.148037074 0.65625 0.409913202
v 0.172022766 0.65625 0.320397382
v 0.218359564 0.65625 0.240139693
v 0.283889693 0.65625 0.174609564
v 0.364147382 0.65625 0.128272766
v 0.453663202 0.65625 0.104287074
v 0.546336798 0.65625 0.104287074
v 0.635852618 0.65625 0.128272766
v 0.716110307 0.65625 0.174609564
v 0.781640436 0.65625 0.240139693
v 0.827977234 0.65625 0.320397382
v 0.851962926 0.65625 0.409913202
v 0.902154822 0.65375 0.509194687
v 0.874748635 0.65375 0.611475967
v 0.821803949 0.65375 0.703178855
v 0.746928855 0.65375 0.778053949
v 0.655225967 0.65375 0.830998635
v 0.552944687 0.65375 0.858404822
v 0.447055313 0.65375 0.858404822
v 0.344774033 0.65375 0.830998635
v 0.253071145 0.65375 0.778053949
v 0.178196051 0.65375 0.703178855
v 0.125251365 0.65375 0.611475967
v 0.0978451781 0.65375 0.509194687
v 0.0978451781 0.65375 0.403305313
v 0.125251365 0.65375 0.301024033
v 0.178196051 0.65375 0.209321145
v 0.253071145 0.65375 0.134446051
v 0.344774033 0.65375 0.0815013646
v 0.447055313 0.65375 0.0540951781
v 0.552944687 0.65375 0.0540951781
v 0.655225967 0.65375 0.0815013646
v 0.746928855 0.65375 0.134446051
v 0.821803949 0.65375 0.209321145
v 0.874748635 0.65375 0.301024033
v 0.902154822 0.65375 0.403305313
v 0.902154822 0.656875 0.509194687
v 0.874748635 0.656875 0.611475967
v 0.821803949 0.656875 0.703178855
v 0.746928855 0.656875 0.778053949
v 0.655225967 0.656875 0.830998635
v 0.552944687 0.656875 0.858404822
v 0.447055313 0.656875 0.858404822
v 0.344774033 0.656875 0.830998635
v 0.253071145 0.656875 0.778053949
v 0.178196051 0.656875 0.703178855
v 0.125251365 0.656875 0.611475967
v 0.0978451781 0.656875 0.509194687
v 0.0978451781 0.656875 0.403305313
v 0.125251365 0.656875 0.301024033
v 0.178196051 0.656875 0.209321145
v 0.253071145 0.656875 0.134446051
v 0.344774033 0.656875 0.0815013646
v 0.447055313 0.656875 0.0540951781
v 0.552944687 0.656875 0.0540951781
v 0.655225967 0.656875 0.0815013646
v 0.746928855 0.656875 0.134446051
v 0.821803949 0.656875 0.209321145
v 0.874748635 0.656875 0.301024033
v 0.902154822 0.656875 0.403305313
v 0.881706272 0.656875 0.506502584
v 0.85569362 0.656875 0.603583121
v 0.805441036 0.656875 0.69062315
v 0.73437315 0.656875 0.761691036
v 0.647333121 0.656875 0.81194362
v 0.550252584 0.656875 0.837956272
v 0.449747416 0.656875 0.837956272
v 0.352666879 0.656875 0.81194362
v 0.26562685 0.656875 0.761691036
v 0.194558964 0.656875 0.69062315
v 0.14430638 0.656875 0.603583121
v 0.118293728 0.656875 0.506502584
v 0.118293728 0.656875 0.405997416
v 0.14430638 0.656875 0.308916879
v 0.194558964 0.656875 0.22187685
v 0.26562685 0.656875 0.150808964
v 0.352666879 0.656875 0.10055638
v 0.449747416 0.656875 0.0745437284
v 0.550252584 0.656875 0.0745437284
v 0.647333121 0.656875 0.10055638
v 0.73437315 0.656875 0.150808964
v 0.805441036 0.656875 0.22187685
v 0.85569362 0.656875 0.308916879
v 0.881706272 0.656875 0.405997416
v 0.881706272 0.65375 0.506502584
v 0.85569362 0.65375 0.603583121
v 0.805441036 0.65375 0.69062315
v 0.73437315 0.65375 0.761691036
v 0.647333121 0.65375 0.81194362
v 0.550252584 0.65375 0.837956272
v 0.449747416 0.65375 0.837956272
v 0.352666879 0.65375 0.81194362
v 0.26562685 0.65375 0.761691036
v 0.194558964 0.65375 0.69062315
v 0.14430638 0.65375 0.603583121
v 0.118293728 0.65375 0.506502584
v 0.118293728 0.65375 0.405997416
v 0.14430638 0.65375 0.308916879
v 0.194558964 0.65375 0.22187685
v 0.26562685 0.65375 0.150808964
v 0.352666879 0.65375 0.10055638
v 0.449747416 0.65375 0.0745437284
v 0.550252584 0.65375 0.0745437284
v 0.647333121 0.65375 0.10055638
v 0.73437315 0.65375 0.150808964
v 0.805441036 0.65375 0.22187685
v 0.85569362 0.65375 0.308916879
v 0.881706272 0.65375 0.405997416
v 0.845146742 0.66 0.501689431
v 0.821625562 0.66 0.58947167
v 0.776186132 0.66 0.668175072
v 0.711925072 0.66 0.732436132
v 0.63322167 0.66 0.777875562
v 0.545439431 0.66 0.801396742
v 0.454560569 0.66 0.801396742
v 0.36677833 0.66 0.777875562
v 0.288074928 0.66 0.732436132
v 0.223813868 0.66 0.668175072
v 0.178374438 0.66 0.58947167
v 0.154853258 0.66 0.501689431
v 0.154853258 0.66 0.410810569
v 0.178374438 0.66 0.32302833
v 0.223813868 0.66 0.244324928
v 0.288074928 0.66 0.180063868
v 0.36677833 0.66 0.134624438
v 0.454560569 0.66 0.111103258
v 0.545439431 0.66 0.111103258
v 0.63322167 0.66 0.134624438
v 0.711925072 0.66 0.180063868
v 0.776186132 0.66 0.244324928
v 0.821625562 0.66 0.32302833
v 0.845146742 0.66 0.410810569
v 0.854441538 0.669375 0.502913114
v 0.830286933 0.669375 0.593059327
v 0.783623819 0.669375 0.673882211
v 0.717632211 0.669375 0.739873819
v 0.636809327 0.669375 0.786536933
v 0.546663114 0.669375 0.810691538
v 0.453336886 0.669375 0.810691538
v 0.363190673 0.669375 0.786536933
v 0.282367789 0.669375 0.739873819
v 0.216376181 0.669375 0.673882211
v 0.169713067 0.669375 0.593059327
v 0.145558462 0.669375 0.502913114
v 0.145558462 0.669375 0.409586886
v 0.169713067 0.669375 0.319440673
v 0.216376181 0.669375 0.238617789
v 0.282367789 0.669375 0.172626181
v 0.363190673 0.669375 0.125963067
v 0.453336886 0.669375 0.101808462
v 0.546663114 0.669375 0.101808462
v 0.636809327 0.669375 0.125963067
v 0.717632211 0.669375 0.172626181
v 0.783623819 0.669375 0.238617789
v 0.830286933 0.669375 0.319440673
v 0.854441538 0.669375 0.409586886
v 0.854441538 0.674375 0.502913114
v 0.830286933 0.674375 0.593059327
v 0.783623819 0.674375 0.673882211
v 0.717632211 0.674375 0.739873819
v 0.636809327 0.674375 0.786536933
v 0.546663114 0.674375 0.810691538
v 0.453336886 0.674375 0.810691538
v 0.363190673 0.674375 0.786536933
v 0.282367789 0.674375 0.739873819
v 0.216376181 0.674375 0.673882211
v 0.169713067 0.674375 0.593059327
v 0.145558462 0.674375 0.502913114
v 0.145558462 0.674375 0.409586886
v 0.169713067 0.674375 0.319440673
v 0.216376181 0.674375 0.238617789
v 0.282367789 0.674375 0.172626181
v 0.363190673 0.674375 0.125963067
v 0.453336886 0.674375 0.101808462
v 0.546663114 0.674375 0.101808462
v 0.636809327 0.674375 0.125963067
v 0.717632211 0.674375 0.172626181
v 0.783623819 0.674375 0.238617789
v 0.830286933 0.674375 0.319440673
v 0.854441538 0.674375 0.409586886
v 0.845146742 0.68375 0.501689431
v 0.821625562 0.68375 0.58947167
v 0.776186132 0.68375 0.668175072
v 0.711925072 0.68375 0.732436132
v 0.63322167 0.68375 0.777875562
v 0.545439431 0.68375 0.801396742
v 0.454560569 0.68375 0.801396742
v 0.36677833 0.68375 0.777875562
v 0.288074928 0.68375 0.732436132
v 0.223813868 0.68375 0.668175072
v 0.178374438 0.68375 0.58947167
v 0.154853258 0.68375 0.501689431
v 0.154853258 0.68375 0.410810569
v 0.178374438 0.68375 0.32302833
v 0.223813868 0.68375 0.244324928
v 0.288074928 0.68375 0.180063868
v 0.36677833 0.68375 0.134624438
v 0.454560569 0.68375 0.111103258
v 0.545439431 0.68375 0.111103258
v 0.63322167 0.68375 0.134624438
v 0.711925072 0.68375 0.180063868
v 0.776186132 0.68375 0.244324928
v 0.821625562 0.68375 0.32302833
v 0.845146742 0.68375 0.410810569
v 0.5 0.66 0.45625
v 0.5 0.68375 0.45625
v 0.627028873 0.64875 0.472973668
v 0.618372065 0.64875 0.505281315
v 0.601648397 0.64875 0.534247558
v 0.577997558 0.64875 0.557898397
v 0.549031315 0.64875 0.574622065
v 0.516723668 0.64875 0.583278873
v 0.483276332 0.64875 0.583278873
v 0.450968685 0.64875 0.574622065
v 0.422002442 0.64875 0.557898397
v 0.398351603 0.64875 0.534247558
v 0.381627935 0.64875 0.505281315
v 0.372971127 0.64875 0.472973668
v 0.372971127 0.64875 0.439526332
v 0.381627935 0.64875 0.407218685
v 0.398351603 0.64875 0.378252442
v 0.422002442 0.64875 0.354601603
v 0.450968685 0.64875 0.337877935
v 0.483276332 0.64875 0.329221127
v 0.516723668 0.64875 0.329221127
v 0.549031315 0.64875 0.337877935
v 0.577997558 0.64875 0.354601603
v 0.601648397 0.64875 0.378252442
v 0.618372065 0.64875 0.407218685
v 0.627028873 0.64875 0.439526332
v 0.636323668 0.658125 0.474197351
v 0.627033436 0.658125 0.508868972
v 0.609086084 0.658125 0.539954696
v 0.583704696 0.658125 0.565336084
v 0.552618972 0.658125 0.583283436
v 0.517947351 0.658125 0.592573668
v 0.482052649 0.658125 0.592573668
v 0.447381028 0.658125 0.583283436
v 0.416295304 0.658125 0.565336084
v 0.390913916 0.658125 0.539954696
v 0.372966564 0.658125 0.508868972
v 0.363676332 0.658125 0.474197351
v 0.363676332 0.658125 0.438302649
v 0.372966564 0.658125 0.403631028
v 0.390913916 0.658125 0.372545304
v 0.416295304 0.658125 0.347163916
v 0.447381028 0.658125 0.329216564
v 0.482052649 0.658125 0.319926332
v 0.517947351 0.658125 0.319926332
v 0.552618972 0.658125 0.329216564
v 0.583704696 0.658125 0.347163916
v 0.609086084 0.658125 0.372545304
v 0.627033436 0.658125 0.403631028
v 0.636323668 0.658125 0.438302649
v 0.636323668 0.654375 0.474197351
v 0.627033436 0.654375 0.508868972
v 0.609086084 0.654375 0.539954696
v 0.583704696 0.654375 0.565336084
v 0.552618972 0.654375 0.583283436
v 0.517947351 0.654375 0.592573668
v 0.482052649 0.654375 0.592573668
v 0.447381028 0.654375 0.583283436
v 0.416295304 0.654375 0.565336084
v 0.390913916 0.654375 0.539954696
v 0.372966564 0.654375 0.508868972
v 0.363676332 0.654375 0.474197351
v 0.363676332 0.654375 0.438302649
v 0.372966564 0.654375 0.403631028
v 0.390913916 0.654375 0.372545304
v 0.416295304 0.654375 0.347163916
v 0.447381028 0.654375 0.329216564
v 0.482052649 0.654375 0.319926332
v 0.517947351 0.654375 0.319926332
v 0.552618972 0.654375 0.329216564
v 0.583704696 0.654375 0.347163916
v 0.609086084 0.654375 0.372545304
v 0.627033436 0.654375 0.403631028
v 0.636323668 0.654375 0.438302649
v 0.627028873 0.66375 0.472973668
v 0.618372065 0.66375 0.505281315
v 0.601648397 0.66375 0.534247558
v 0.577997558 0.66375 0.557898397
v 0.549031315 0.66375 0.574622065
v 0.516723668 0.66375 0.583278873
v 0.483276332 0.66375 0.583278873
v 0.450968685 0.66375 0.574622065
v 0.422002442 0.66375 0.557898397
v 0.398351603 0.66375 0.534247558
v 0.381627935 0.66375 0.505281315
v 0.372971127 0.66375 0.472973668
v 0.372971127 0.66375 0.439526332
v 0.381627935 0.66375 0.407218685
v 0.398351603 0.66375 0.378252442
v 0.422002442 0.66375 0.354601603
v 0.450968685 0.66375 0.337877935
v 0.483276332 0.66375 0.329221127
v 0.516723668 0.66375 0.329221127
v 0.549031315 0.66375 0.337877935
v 0.577997558 0.66375 0.354601603
v 0.601648397 0.66375 0.378252442
v 0.618372065 0.66375 0.407218685
v 0.627028873 0.66375 0.439526332
v 0.5 0.64875 0.45625
v 0.5 0.66375 0.45625
v 0.9125 0.65375 0.448125
v 0.925 0.65375 0.448125
v 0.926875 0.65375 0.45
v 0.926875 0.65375 0.4625
v 0.925 0.65375 0.464375
v 0.9125 0.65375 0.464375
v 0.910625 0.65375 0.4625
v 0.910625 0.65375 0.45
v 0.9125 0.654375 0.4475
v 0.925 0.654375 0.4475
v 0.9275 0.654375 0.45
v 0.9275 0.654375 0.4625
v 0.925 0.654375 0.465
v 0.9125 0.654375 0.465
v 0.91 0.654375 0.4625
v 0.91 0.654375 0.45
v 0.9125 0.656875 0.4475
v 0.925 0.656875 0.4475
v 0.9275 0.656875 0.45
v 0.9275 0.656875 0.4625
v 0.925 0.656875 0.465
v 0.9125 0.656875 0.465
v 0.91 0.656875 0.4625
v 0.91 0.656875 0.45
v 0.9125 0.6575 0.448125
v 0.925 0.6575 0.448125
v 0.926875 0.6575 0.45
v 0.926875 0.6575 0.4625
v 0.925 0.6575 0.464375
v 0.9125 0.6575 0.464375
v 0.910625 0.6575 0.4625
v 0.910625 0.6575 0.45
v 0.91875 0.65375 0.45625
v 0.91875 0.6575 0.45625
v 0.856398138 0.65375 0.6575
v 0.868898138 0.65375 0.6575
v 0.870773138 0.65375 0.659375
v 0.870773138 0.65375 0.671875
v 0.868898138 0.65375 0.67375
v 0.856398138 0.65375 0.67375
v 0.854523138 0.65375 0.671875
v 0.854523138 0.65375 0.659375
v 0.856398138 0.654375 0.656875
v 0.868898138 0.654375 0.656875
v 0.871398138 0.654375 0.659375
v 0.871398138 0.654375 0.671875
v 0.868898138 0.654375 0.674375
v 0.856398138 0.654375 0.674375
v 0.853898138 0.654375 0.671875
v 0.853898138 0.654375 0.659375
v 0.856398138 0.656875 0.656875
v 0.868898138 0.656875 0.656875
v 0.871398138 0.656875 0.659375
v 0.871398138 0.656875 0.671875
v 0.868898138 0.656875 0.674375
v 0.856398138 0.656875 0.674375
v 0.853898138 0.656875 0.671875
v 0.853898138 0.656875 0.659375
v 0.856398138 0.6575 0.6575
v 0.868898138 0.6575 0.6575
v 0.870773138 0.6575 0.659375
v 0.870773138 0.6575 0.671875
v 0.868898138 0.6575 0.67375
v 0.856398138 0.6575 0.67375
v 0.854523138 0.6575 0.671875
v 0.854523138 0.6575 0.659375
v 0.862648138 0.65375 0.665625
v 0.862648138 0.6575 0.665625
v 0.703125 0.65375 0.810773138
v 0.715625 0.65375 0.810773138
v 0.7175 0.65375 0.812648138
v 0.7175 0.65375 0.825148138
v 0.715625 0.65375 0.827023138
v 0.703125 0.65375 0.827023138
v 0.70125 0.65375 0.825148138
v 0.70125 0.65375 0.812648138
v 0.703125 0.654375 0.810148138
v 0.715625 0.654375 0.810148138
v 0.718125 0.654375 0.812648138
v 0.718125 0.654375 0.825148138
v 0.715625 0.654375 0.827648138
v 0.703125 0.654375 0.827648138
v 0.700625 0.654375 0.825148138
v 0.700625 0.654375 0.812648138
v 0.703125 0.656875 0.810148138
v 0.715625 0.656875 0.810148138
v 0.718125 0.656875 0.812648138
v 0.718125 0.656875 0.825148138
v 0.715625 0.656875 0.827648138
v 0.703125 0.656875 0.827648138
v 0.700625 0.656875 0.825148138
v 0.700625 0.656875 0.812648138
v 0.703125 0.6575 0.810773138
v 0.715625 0.6575 0.810773138
v 0.7175 0.6575 0.812648138
v 0.7175 0.6575 0.825148138
v 0.715625 0.6575 0.827023138
v 0.703125 0.6575 0.827023138
v 0.70125 0.6575 0.825148138
v 0.70125 0.6575 0.812648138
v 0.709375 0.65375 0.818898138
v 0.709375 0.6575 0.818898138
v 0.49375 0.65375 0.866875
v 0.50625 0.65375 0.866875
v 0.508125 0.65375 0.86875
v 0.508125 0.65375 0.88125
v 0.50625 0.65375 0.883125
v 0.49375 0.65375 0.883125
v 0.491875 0.65375 0.88125
v 0.491875 0.65375 0.86875
v 0.49375 0.654375 0.86625
v 0.50625 0.654375 0.86625
v 0.50875 0.654375 0.86875
v 0.50875 0.654375 0.88125
v 0.50625 0.654375 0.88375
v 0.49375 0.654375 0.88375
v 0.49125 0.654375 0.88125
v 0.49125 0.654375 0.86875
v 0.49375 0.656875 0.86625
v 0.50625 0.656875 0.86625
v 0.50875 0.656875 0.86875
v 0.50875 0.656875 0.88125
v 0.50625 0.656875 0.88375
v 0.49375 0.656875 0.88375
v 0.49125 0.656875 0.88125
v 0.49125 0.656875 0.86875
v 0.49375 0.6575 0.866875
v 0.50625 0.6575 0.866875
v 0.508125 0.6575 0.86875
v 0.508125 0.6575 0.88125
v 0.50625 0.6575 0.883125
v 0.49375 0.6575 0.883125
v 0.491875 0.6575 0.88125
v 0.491875 0.6575 0.86875
v 0.5 0.65375 0.875
v 0.5 0.6575 0.875
v 0.29875 0.65375 0.812648138
v 0.284375 0.65375 0.810773138
v 0.296875 0.65375 0.810773138
v 0.29875 0.65375 0.825148138
v 0.296875 0.65375 0.827023138
v 0.284375 0.65375 0.827023138
v 0.2825 0.65375 0.825148138
v 0.2825 0.65375 0.812648138
v 0.284375 0.654375 0.810148138
v 0.296875 0.654375 0.810148138
v 0.299375 0.654375 0.812648138
v 0.299375 0.654375 0.825148138
v 0.296875 0.654375 0.827648138
v 0.284375 0.654375 0.827648138
v 0.281875 0.654375 0.825148138
v 0.281875 0.654375 0.812648138
v 0.284375 0.656875 0.810148138
v 0.296875 0.656875 0.810148138
v 0.299375 0.656875 0.812648138
v 0.299375 0.656875 0.825148138
v 0.296875 0.656875 0.827648138
v 0.284375 0.656875 0.827648138
v 0.281875 0.656875 0.825148138
v 0.281875 0.656875 0.812648138
v 0.284375 0.6575 0.810773138
v 0.296875 0.6575 0.810773138
v 0.29875 0.6575 0.812648138
v 0.29875 0.6575 0.825148138
v 0.296875 0.6575 0.827023138
v 0.284375 0.6575 0.827023138
v 0.2825 0.6575 0.825148138
v 0.2825 0.6575 0.812648138
v 0.290625 0.65375 0.818898138
v 0.290625 0.6575 0.818898138
v 0.131101862 0.65375 0.6575
v 0.143601862 0.65375 0.6575
v 0.145476862 0.65375 0.659375
v 0.145476862 0.65375 0.671875
v 0.143601862 0.65375 0.67375
v 0.131101862 0.65375 0.67375
v 0.129226862 0.65375 0.671875
v 0.129226862 0.65375 0.659375
v 0.131101862 0.654375 0.656875
v 0.143601862 0.654375 0.656875
v 0.146101862 0.654375 0.659375
v 0.146101862 0.654375 0.671875
v 0.143601862 0.654375 0.674375
v 0.131101862 0.654375 0.674375
v 0.128601862 0.654375 0.671875
v 0.128601862 0.654375 0.659375
v 0.131101862 0.656875 0.656875
v 0.143601862 0.656875 0.656875
v 0.146101862 0.656875 0.659375
v 0.146101862 0.656875 0.671875
v 0.143601862 0.656875 0.674375
v 0.131101862 0.656875 0.674375
v 0.128601862 0.656875 0.671875
v 0.128601862 0.656875 0.659375
v 0.131101862 0.6575 0.6575
v 0.143601862 0.6575 0.6575
v 0.145476862 0.6575 0.659375
v 0.145476862 0.6575 0.671875
v 0.143601862 0.6575 0.67375
v 0.131101862 0.6575 0.67375
v 0.129226862 0.6575 0.671875
v 0.129226862 0.6575 0.659375
v 0.137351862 0.65375 0.665625
v 0.137351862 0.6575 0.665625
v 0.075 0.65375 0.448125
v 0.0875 0.65375 0.448125
v 0.089375 0.65375 0.45
v 0.089375 0.65375 0.4625
v 0.0875 0.65375 0.464375
v 0.075 0.65375 0.464375
v 0.073125 0.65375 0.4625
v 0.073125 0.65375 0.45
v 0.075 0.654375 0.4475
v 0.0875 0.654375 0.4475
v 0.09 0.654375 0.45
v 0.09 0.654375 0.4625
v 0.0875 0.654375 0.465
v 0.075 0.654375 0.465
v 0.0725 0.654375 0.4625
v 0.0725 0.654375 0.45
v 0.075 0.656875 0.4475
v 0.0875 0.656875 0.4475
v 0.09 0.656875 0.45
v 0.09 0.656875 0.4625
v 0.0875 0.656875 0.465
v 0.075 0.656875 0.465
v 0.0725 0.656875 0.4625
v 0.0725 0.656875 0.45
v 0.075 0.6575 0.448125
v 0.0875 0.6575 0.448125
v 0.089375 0.6575 0.45
v 0.089375 0.6575 0.4625
v 0.0875 0.6575 0.464375
v 0.075 0.6575 0.464375
v 0.073125 0.6575 0.4625
v 0.073125 0.6575 0.45
v 0.08125 0.65375 0.45625
v 0.08125 0.6575 0.45625
v 0.131101862 0.65375 0.23875
v 0.143601862 0.65375 0.23875
v 0.145476862 0.65375 0.240625
v 0.145476862 0.65375 0.253125
v 0.143601862 0.65375 0.255
v 0.131101862 0.65375 0.255
v 0.129226862 0.65375 0.253125
v 0.129226862 0.65375 0.240625
v 0.131101862 0.654375 0.238125
v 0.143601862 0.654375 0.238125
v 0.146101862 0.654375 0.240625
v 0.146101862 0.654375 0.253125
v 0.143601862 0.654375 0.255625
v 0.131101862 0.654375 0.255625
v 0.128601862 0.654375 0.253125
v 0.128601862 0.654375 0.240625
v 0.131101862 0.656875 0.238125
v 0.143601862 0.656875 0.238125
v 0.146101862 0.656875 0.240625
v 0.146101862 0.656875 0.253125
v 0.143601862 0.656875 0.255625
v 0.131101862 0.656875 0.255625
v 0.128601862 0.656875 0.253125
v 0.128601862 0.656875 0.240625
v 0.131101862 0.6575 0.23875
v 0.143601862 0.6575 0.23875
v 0.145476862 0.6575 0.240625
v 0.145476862 0.6575 0.253125
v 0.143601862 0.6575 0.255
v 0.131101862 0.6575 0.255
v 0.129226862 0.6575 0.253125
v 0.129226862 0.6575 0.240625
v 0.137351862 0.65375 0.246875
v 0.137351862 0.6575 0.246875
v 0.284375 0.65375 0.0854768622
v 0.296875 0.65375 0.0854768622
v 0.29875 0.65375 0.0873518622
v 0.29875 0.65375 0.0998518622
v 0.296875 0.65375 0.101726862
v 0.284375 0.65375 0.101726862
v 0.2825 0.65375 0.0998518622
v 0.2825 0.65375 0.0873518622
v 0.284375 0.654375 0.0848518622
v 0.296875 0.654375 0.0848518622
v 0.299375 0.654375 0.0873518622
v 0.299375 0.654375 0.0998518622
v 0.296875 0.654375 0.102351862
v 0.284375 0.654375 0.102351862
v 0.281875 0.654375 0.0998518622
v 0.281875 0.654375 0.0873518622
v 0.284375 0.656875 0.0848518622
v 0.296875 0.656875 0.0848518622
v 0.299375 0.656875 0.0873518622
v 0.299375 0.656875 0.0998518622
v 0.296875 0.656875 0.102351862
v 0.284375 0.656875 0.102351862
v 0.281875 0.656875 0.0998518622
v 0.281875 0.656875 0.0873518622
v 0.284375 0.6575 0.0854768622
v 0.296875 0.6575 0.0854768622
v 0.29875 0.6575 0.0873518622
v 0.29875 0.6575 0.0998518622
v 0.296875 0.6575 0.101726862
v 0.284375 0.6575 0.101726862
v 0.2825 0.6575 0.0998518622
v 0.2825 0.6575 0.0873518622
v 0.290625 0.65375 0.0936018622
v 0.290625 0.6575 0.0936018622
v 0.49375 0.65375 0.029375
v 0.50625 0.65375 0.029375
v 0.508125 0.65375 0.03125
v 0.508125 0.65375 0.04375
v 0.50625 0.65375 0.045625
v 0.49375 0.65375 0.045625
v 0.491875 0.65375 0.04375
v 0.491875 0.65375 0.03125
v 0.49375 0.654375 0.02875
v 0.50625 0.654375 0.02875
v 0.50875 0.654375 0.03125
v 0.50875 0.654375 0.04375
v 0.50625 0.654375 0.04625
v 0.49375 0.654375 0.04625
v 0.49125 0.654375 0.04375
v 0.49125 0.654375 0.03125
v 0.49375 0.656875 0.02875
v 0.50625 0.656875 0.02875
v 0.50875 0.656875 0.03125
v 0.50875 0.656875 0.04375
v 0.50625 0.656875 0.04625
v 0.49375 0.656875 0.04625
v 0.49125 0.656875 0.04375
v 0.49125 0.656875 0.03125
v 0.49375 0.6575 0.029375
v 0.50625 0.6575 0.029375
v 0.508125 0.6575 0.03125
v 0.508125 0.6575 0.04375
v 0.50625 0.6575 0.045625
v 0.49375 0.6575 0.045625
v 0.491875 0.6575 0.04375
v 0.491875 0.6575 0.03125
v 0.5 0.65375 0.0375
v 0.5 0.6575 0.0375
v 0.703125 0.65375 0.0854768622
v 0.715625 0.65375 0.0854768622
v 0.7175 0.65375 0.0873518622
v 0.7175 0.65375 0.0998518622
v 0.715625 0.65375 0.101726862
v 0.703125 0.65375 0.101726862
v 0.70125 0.65375 0.0998518622
v 0.70125 0.65375 0.0873518622
v 0.703125 0.654375 0.0848518622
v 0.715625 0.654375 0.0848518622
v 0.718125 0.654375 0.0873518622
v 0.718125 0.654375 0.0998518622
v 0.715625 0.654375 0.102351862
v 0.703125 0.654375 0.102351862
v 0.700625 0.654375 0.0998518622
v 0.700625 0.654375 0.0873518622
v 0.703125 0.656875 0.0848518622
v 0.715625 0.656875 0.0848518622
v 0.718125 0.656875 0.0873518622
v 0.718125 0.656875 0.0998518622
v 0.715625 0.656875 0.102351862
v 0.703125 0.656875 0.102351862
v 0.700625 0.656875 0.0998518622
v 0.700625 0.656875 0.0873518622
v 0.703125 0.6575 0.0854768622
v 0.715625 0.6575 0.0854768622
v 0.7175 0.6575 0.0873518622
v 0.7175 0.6575 0.0998518622
v 0.715625 0.6575 0.101726862
v 0.703125 0.6575 0.101726862
v 0.70125 0.6575 0.0998518622
v 0.70125 0.6575 0.0873518622
v 0.709375 0.65375 0.0936018622
v 0.709375 0.6575 0.0936018622
v 0.856398138 0.65375 0.23875
v 0.868898138 0.65375 0.23875
v 0.870773138 0.65375 0.240625
v 0.870773138 0.65375 0.253125
v 0.868898138 0.65375 0.255
v 0.856398138 0.65375 0.255
v 0.854523138 0.65375 0.253125
v 0.854523138 0.65375 0.240625
v 0.856398138 0.654375 0.238125
v 0.868898138 0.654375 0.238125
v 0.871398138 0.654375 0.240625
v 0.871398138 0.654375 0.253125
v 0.868898138 0.654375 0.255625
v 0.856398138 0.654375 0.255625
v 0.853898138 0.654375 0.253125
v 0.853898138 0.654375 0.240625
v 0.856398138 0.656875 0.238125
v 0.868898138 0.656875 0.238125
v 0.871398138 0.656875 0.240625
v 0.871398138 0.656875 0.253125
v 0.868898138 0.656875 0.255625
v 0.856398138 0.656875 0.255625
v 0.853898138 0.656875 0.253125
v 0.853898138 0.656875 0.240625
v 0.856398138 0.6575 0.23875
v 0.868898138 0.6575 0.23875
v 0.870773138 0.6575 0.240625
v 0.870773138 0.6575 0.253125
v 0.868898138 0.6575 0.255
v 0.856398138 0.6575 0.255
v 0.854523138 0.6575 0.253125
v 0.854523138 0.6575 0.240625
v 0.862648138 0.65375 0.246875
v 0.862648138 0.6575 0.246875
v 0.101875 0.62 0.72875
v 0.24375 0.62 0.72875
v 0.2625 0.62 0.7475
v 0.2625 0.62 0.9525
v 0.24375 0.62 0.97125
v 0.101875 0.62 0.97125
v 0.083125 0.62 0.9525
v 0.083125 0.62 0.7475
v 0.091875 0.63375 0.71125
v 0.25375 0.63375 0.71125
v 0.28 0.63375 0.7375
v 0.28 0.63375 0.9625
v 0.25375 0.63375 0.98875
v 0.091875 0.63375 0.98875
v 0.065625 0.63375 0.9625
v 0.065625 0.63375 0.7375
v 0.091875 0.701875 0.71125
v 0.25375 0.701875 0.71125
v 0.28 0.701875 0.7375
v 0.28 0.701875 0.9625
v 0.25375 0.701875 0.98875
v 0.091875 0.701875 0.98875
v 0.065625 0.701875 0.9625
v 0.065625 0.701875 0.7375
v 0.096875 0.715625 0.72375
v 0.24875 0.715625 0.72375
v 0.2675 0.715625 0.7425
v 0.2675 0.715625 0.9575
v 0.24875 0.715625 0.97625
v 0.096875 0.715625 0.97625
v 0.078125 0.715625 0.9575
v 0.078125 0.715625 0.7425
v 0.1728125 0.62 0.85
v 0.1728125 0.715625 0.85
v 0.29375 0.62 0.8125
v 0.70625 0.62 0.8125
v 0.725 0.62 0.83125
v 0.725 0.62 0.95375
v 0.70625 0.62 0.9725
v 0.29375 0.62 0.9725
v 0.275 0.62 0.95375
v 0.275 0.62 0.83125
v 0.28375 0.63375 0.795
v 0.71625 0.63375 0.795
v 0.7425 0.63375 0.82125
v 0.7425 0.63375 0.96375
v 0.71625 0.63375 0.99
v 0.28375 0.63375 0.99
v 0.2575 0.63375 0.96375
v 0.2575 0.63375 0.82125
v 0.28375 0.69375 0.795
v 0.71625 0.69375 0.795
v 0.7425 0.69375 0.82125
v 0.7425 0.69375 0.96375
v 0.71625 0.69375 0.99
v 0.28375 0.69375 0.99
v 0.2575 0.69375 0.96375
v 0.2575 0.69375 0.82125
v 0.28875 0.7075 0.8075
v 0.71125 0.7075 0.8075
v 0.73 0.7075 0.82625
v 0.73 0.7075 0.95875
v 0.71125 0.7075 0.9775
v 0.28875 0.7075 0.9775
v 0.27 0.7075 0.95875
v 0.27 0.7075 0.82625
v 0.5 0.62 0.8925
v 0.5 0.7075 0.8925
v 0.75625 0.62 0.72875
v 0.898125 0.62 0.72875
v 0.916875 0.62 0.7475
v 0.916875 0.62 0.9525
v 0.898125 0.62 0.97125
v 0.75625 0.62 0.97125
v 0.7375 0.62 0.9525
v 0.7375 0.62 0.7475
v 0.74625 0.63375 0.71125
v 0.908125 0.63375 0.71125
v 0.934375 0.63375 0.7375
v 0.934375 0.63375 0.9625
v 0.908125 0.63375 0.98875
v 0.74625 0.63375 0.98875
v 0.72 0.63375 0.9625
v 0.72 0.63375 0.7375
v 0.74625 0.701875 0.71125
v 0.908125 0.701875 0.71125
v 0.934375 0.701875 0.7375
v 0.934375 0.701875 0.9625
v 0.908125 0.701875 0.98875
v 0.74625 0.701875 0.98875
v 0.72 0.701875 0.9625
v 0.72 0.701875 0.7375
v 0.75125 0.715625 0.72375
v 0.903125 0.715625 0.72375
v 0.921875 0.715625 0.7425
v 0.921875 0.715625 0.9575
v 0.903125 0.715625 0.97625
v 0.75125 0.715625 0.97625
v 0.7325 0.715625 0.9575
v 0.7325 0.715625 0.7425
v 0.8271875 0.62 0.85
v 0.8271875 0.715625 0.85
vt 0.0625 0.9375
vt 0.9375 0.9375
vt 0.9375 0.0625
vt 0.0625 0.0625
vt 0.0625 0.9375
vt 0.9375 0.9375
vt 0.9375 0.0625
vt 0.0625 0.0625
vt 0.0625 0.9375
vt 0.9375 0.9375
vt 0.9375 0.0625
vt 0.0625 0.0625
vt 0.0625 0.9375
vt 0.9375 0.9375
vt 0.9375 0.0625
vt 0.0625 0.0625
vt 0.0625 0.9375
vt 0.9375 0.9375
vt 0.9375 0.0625
vt 0.0625 0.0625
vt 0.0625 0.9375
vt 0.9375 0.9375
vt 0.9375 0.0625
vt 0.0625 0.0625
vt 0.0625 0.9375
vt 0.9375 0.9375
vt 0.9375 0.0625
vt 0.0625 0.0625
vt 0.0625 0.9375
vt 0.9375 0.9375
vt 0.9375 0.0625
vt 0.0625 0.0625
vt 0.0625 0.9375
vt 0.9375 0.9375
vt 0.9375 0.0625
vt 0.0625 0.9375
vt 0.9375 0.9375
vt 0.9375 0.0625
vt 0.0625 0.9375
vt 0.9375 0.9375
vt 0.9375 0.0625
vt 0.0625 0.9375
vt 0.9375 0.9375
vt 0.9375 0.0625
vt 0.0625 0.9375
vt 0.9375 0.9375
vt 0.9375 0.0625
vt 0.0625 0.9375
vt 0.9375 0.9375
vt 0.9375 0.0625
vt 0.0625 0.9375
vt 0.9375 0.9375
vt 0.9375 0.0625
vt 0.0625 0.9375
vt 0.9375 0.9375
vt 0.9375 0.0625
vt 0.0625 0.9375
vt 0.9375 0.9375
vt 0.9375 0.0625
vt 0.0625 0.9375
vt 0.9375 0.9375
vt 0.9375 0.0625
vt 0.0625 0.9375
vt 0.9375 0.9375
vt 0.9375 0.0625
vt 0.0625 0.9375
vt 0.9375 0.9375
vt 0.9375 0.0625
vt 0.0625 0.9375
vt 0.9375 0.9375
vt 0.9375 0.0625
vt 0.0625 0.9375
vt 0.9375 0.9375
vt 0.9375 0.0625
vt 0.0625 0.9375
vt 0.9375 0.9375
vt 0.9375 0.0625
vt 0.0625 0.9375
vt 0.9375 0.9375
vt 0.9375 0.0625
vt 0.0625 0.9375
vt 0.9375 0.9375
vt 0.9375 0.0625
vt 0.0625 0.0625
vt 0.0625 0.9375
vt 0.9375 0.9375
vt 0.9375 0.0625
vt 0.0625 0.0625
vt 0.0625 0.9375
vt 0.9375 0.9375
vt 0.9375 0.0625
vt 0.0625 0.0625
vt 0.0625 0.9375
vt 0.9375 0.9375
vt 0.9375 0.0625
vt 0.0625 0.0625
vt 0.0625 0.9375
vt 0.9375 0.9375
vt 0.9375 0.0625
vt 0.0625 0.0625
vt 0.0625 0.9375
vt 0.9375 0.9375
vt 0.9375 0.0625
vt 0.0625 0.0625
vt 0.0625 0.9375
vt 0.9375 0.9375
vt 0.9375 0.0625
vt 0.0625 0.0625
vt 0.0625 0.9375
vt 0.9375 0.9375
vt 0.9375 0.0625
vt 0.0625 0.0625
vt 0.0625 0.9375
vt 0.9375 0.9375
vt 0.9375 0.0625
vt 0.0625 0.9375
vt 0.9375 0.9375
vt 0.9375 0.0625
vt 0.0625 0.9375
vt 0.9375 0.9375
vt 0.9375 0.0625
vt 0.0625 0.9375
vt 0.9375 0.9375
vt 0.9375 0.0625
vt 0.0625 0.9375
vt 0.9375 0.9375
vt 0.9375 0.0625
vt 0.0625 0.9375
vt 0.9375 0.9375
vt 0.9375 0.0625
vt 0.0625 0.9375
vt 0.9375 0.9375
vt 0.9375 0.0625
vt 0.0625 0.9375
vt 0.9375 0.9375
vt 0.9375 0.0625
vt 0.0625 0.9375
vt 0.9375 0.9375
vt 0.9375 0.0625
vt 0.0625 0.9375
vt 0.9375 0.9375
vt 0.9375 0.0625
vt 0.0625 0.9375
vt 0.9375 0.9375
vt 0.9375 0.0625
vt 0.0625 0.9375
vt 0.9375 0.9375
vt 0.9375 0.0625
vt 0.0625 0.9375
vt 0.9375 0.9375
vt 0.9375 0.0625
vt 0.0625 0.9375
vt 0.9375 0.9375
vt 0.9375 0.0625
vt 0.0625 0.9375
vt 0.9375 0.9375
vt 0.9375 0.0625
vt 0.0625 0.9375
vt 0.9375 0.9375
vt 0.9375 0.0625
vt 0.0625 0.9375
vt 0.9375 0.9375
vt 0.9375 0.0625
vt 0.0625 0.0625
vt 0.0625 0.9375
vt 0.9375 0.9375
vt 0.9375 0.0625
vt 0.0625 0.0625
vt 0.0625 0.9375
vt 0.9375 0.9375
vt 0.9375 0.0625
vt 0.0625 0.0625
vt 0.0625 0.9375
vt 0.9375 0.9375
vt 0.9375 0.0625
vt 0.0625 0.0625
vt 0.0625 0.9375
vt 0.9375 0.9375
vt 0.9375 0.0625
vt 0.0625 0.0625
vt 0.0625 0.9375
vt 0.9375 0.9375
vt 0.9375 0.0625
vt 0.0625 0.0625
vt 0.0625 0.9375
vt 0.9375 0.9375
vt 0.9375 0.0625
vt 0.0625 0.0625
vt 0.0625 0.9375
vt 0.9375 0.9375
vt 0.9375 0.0625
vt 0.0625 0.0625
vt 0.0625 0.9375
vt 0.9375 0.9375
vt 0.9375 0.0625
vt 0.0625 0.9375
vt 0.9375 0.9375
vt 0.9375 0.0625
vt 0.0625 0.9375
vt 0.9375 0.9375
vt 0.9375 0.0625
vt 0.0625 0.9375
vt 0.9375 0.9375
vt 0.9375 0.0625
vt 0.0625 0.9375
vt 0.9375 0.9375
vt 0.9375 0.0625
vt 0.0625 0.9375
vt 0.9375 0.9375
vt 0.9375 0.0625
vt 0.0625 0.9375
vt 0.9375 0.9375
vt 0.9375 0.0625
vt 0.0625 0.9375
vt 0.9375 0.9375
vt 0.9375 0.0625
vt 0.0625 0.9375
vt 0.9375 0.9375
vt 0.9375 0.0625
vt 0.0625 0.9375
vt 0.9375 0.9375
vt 0.9375 0.0625
vt 0.0625 0.9375
vt 0.9375 0.9375
vt 0.9375 0.0625
vt 0.0625 0.9375
vt 0.9375 0.9375
vt 0.9375 0.0625
vt 0.0625 0.9375
vt 0.9375 0.9375
vt 0.9375 0.0625
vt 0.0625 0.9375
vt 0.9375 0.9375
vt 0.9375 0.0625
vt 0.0625 0.9375
vt 0.9375 0.9375
vt 0.9375 0.0625
vt 0.0625 0.9375
vt 0.9375 0.9375
vt 0.9375 0.0625
vt 0.0625 0.9375
vt 0.9375 0.9375
vt 0.9375 0.0625
vt 0.0625 0.0625
vt 0.0625 0.9375
vt 0.9375 0.9375
vt 0.9375 0.0625
vt 0.0625 0.0625
vt 0.0625 0.9375
vt 0.9375 0.9375
vt 0.9375 0.0625
vt 0.0625 0.0625
vt 0.0625 0.9375
vt 0.9375 0.9375
vt 0.9375 0.0625
vt 0.0625 0.0625
vt 0.0625 0.9375
vt 0.9375 0.9375
vt 0.9375 0.0625
vt 0.0625 0.0625
vt 0.0625 0.9375
vt 0.9375 0.9375
vt 0.9375 0.0625
vt 0.0625 0.0625
vt 0.0625 0.9375
vt 0.9375 0.9375
vt 0.9375 0.0625
vt 0.0625 0.0625
vt 0.0625 0.9375
vt 0.9375 0.9375
vt 0.9375 0.0625
vt 0.0625 0.0625
vt 0.0625 0.9375
vt 0.9375 0.9375
vt 0.9375 0.0625
vt 0.0625 0.9375
vt 0.9375 0.9375
vt 0.9375 0.0625
vt 0.0625 0.9375
vt 0.9375 0.9375
vt 0.9375 0.0625
vt 0.0625 0.9375
vt 0.9375 0.9375
vt 0.9375 0.0625
vt 0.0625 0.9375
vt 0.9375 0.9375
vt 0.9375 0.0625
vt 0.0625 0.9375
vt 0.9375 0.9375
vt 0.9375 0.0625
vt 0.0625 0.9375
vt 0.9375 0.9375
vt 0.9375 0.0625
vt 0.0625 0.9375
vt 0.9375 0.9375
vt 0.9375 0.0625
vt 0.0625 0.9375
vt 0.9375 0.9375
vt 0.9375 0.0625
vt 0.0625 0.9375
vt 0.9375 0.9375
vt 0.9375 0.0625
vt 0.0625 0.9375
vt 0.9375 0.9375
vt 0.9375 0.0625
vt 0.0625 0.9375
vt 0.9375 0.9375
vt 0.9375 0.0625
vt 0.0625 0.9375
vt 0.9375 0.9375
vt 0.9375 0.0625
vt 0.0625 0.9375
vt 0.9375 0.9375
vt 0.9375 0.0625
vt 0.0625 0.9375
vt 0.9375 0.9375
vt 0.9375 0.0625
vt 0.0625 0.9375
vt 0.9375 0.9375
vt 0.9375 0.0625
vt 0.0625 0.9375
vt 0.9375 0.9375
vt 0.9375 0.0625
vt 0.0625 0.0625
vt 0.0625 0.9375
vt 0.9375 0.9375
vt 0.9375 0.0625
vt 0.0625 0.0625
vt 0.0625 0.9375
vt 0.9375 0.9375
vt 0.9375 0.0625
vt 0.0625 0.0625
vt 0.0625 0.9375
vt 0.9375 0.9375
vt 0.9375 0.0625
vt 0.0625 0.0625
vt 0.0625 0.9375
vt 0.9375 0.9375
vt 0.9375 0.0625
vt 0.0625 0.0625
vt 0.0625 0.9375
vt 0.9375 0.9375
vt 0.9375 0.0625
vt 0.0625 0.0625
vt 0.0625 0.9375
vt 0.9375 0.9375
vt 0.9375 0.0625
vt 0.0625 0.0625
vt 0.0625 0.9375
vt 0.9375 0.9375
vt 0.9375 0.0625
vt 0.0625 0.0625
vt 0.0625 0.9375
vt 0.9375 0.9375
vt 0.9375 0.0625
vt 0.0625 0.9375
vt 0.9375 0.9375
vt 0.9375 0.0625
vt 0.0625 0.9375
vt 0.9375 0.9375
vt 0.9375 0.0625
vt 0.0625 0.9375
vt 0.9375 0.9375
vt 0.9375 0.0625
vt 0.0625 0.9375
vt 0.9375 0.9375
vt 0.9375 0.0625
vt 0.0625 0.9375
vt 0.9375 0.9375
vt 0.9375 0.0625
vt 0.0625 0.9375
vt 0.9375 0.9375
vt 0.9375 0.0625
vt 0.0625 0.9375
vt 0.9375 0.9375
vt 0.9375 0.0625
vt 0.0625 0.9375
vt 0.9375 0.9375
vt 0.9375 0.0625
vt 0.0625 0.9375
vt 0.9375 0.9375
vt 0.9375 0.0625
vt 0.0625 0.9375
vt 0.9375 0.9375
vt 0.9375 0.0625
vt 0.0625 0.9375
vt 0.9375 0.9375
vt 0.9375 0.0625
vt 0.0625 0.9375
vt 0.9375 0.9375
vt 0.9375 0.0625
vt 0.0625 0.9375
vt 0.9375 0.9375
vt 0.9375 0.0625
vt 0.0625 0.9375
vt 0.9375 0.9375
vt 0.9375 0.0625
vt 0.0625 0.9375
vt 0.9375 0.9375
vt 0.9375 0.0625
vt 0.0625 0.9375
vt 0.9375 0.9375
vt 0.9375 0.0625
vt 0.0625 0.0625
vt 0.0625 0.9375
vt 0.9375 0.9375
vt 0.9375 0.0625
vt 0.0625 0.0625
vt 0.0625 0.9375
vt 0.9375 0.9375
vt 0.9375 0.0625
vt 0.0625 0.0625
vt 0.0625 0.9375
vt 0.9375 0.9375
vt 0.9375 0.0625
vt 0.0625 0.0625
vt 0.0625 0.9375
vt 0.9375 0.9375
vt 0.9375 0.0625
vt 0.0625 0.0625
vt 0.0625 0.9375
vt 0.9375 0.9375
vt 0.9375 0.0625
vt 0.0625 0.0625
vt 0.0625 0.9375
vt 0.9375 0.9375
vt 0.9375 0.0625
vt 0.0625 0.0625
vt 0.0625 0.9375
vt 0.9375 0.9375
vt 0.9375 0.0625
vt 0.0625 0.0625
vt 0.0625 0.9375
vt 0.9375 0.9375
vt 0.9375 0.0625
vt 0.0625 0.9375
vt 0.9375 0.9375
vt 0.9375 0.0625
vt 0.0625 0.9375
vt 0.9375 0.9375
vt 0.9375 0.0625
vt 0.0625 0.9375
vt 0.9375 0.9375
vt 0.9375 0.0625
vt 0.0625 0.9375
vt 0.9375 0.9375
vt 0.9375 0.0625
vt 0.0625 0.9375
vt 0.9375 0.9375
vt 0.9375 0.0625
vt 0.0625 0.9375
vt 0.9375 0.9375
vt 0.9375 0.0625
vt 0.0625 0.9375
vt 0.9375 0.9375
vt 0.9375 0.0625
vt 0.0625 0.9375
vt 0.9375 0.9375
vt 0.9375 0.0625
vt 0.0625 0.9375
vt 0.9375 0.9375
vt 0.9375 0.0625
vt 0.0625 0.9375
vt 0.9375 0.9375
vt 0.9375 0.0625
vt 0.0625 0.9375
vt 0.9375 0.9375
vt 0.9375 0.0625
vt 0.0625 0.9375
vt 0.9375 0.9375
vt 0.9375 0.0625
vt 0.0625 0.9375
vt 0.9375 0.9375
vt 0.9375 0.0625
vt 0.0625 0.9375
vt 0.9375 0.9375
vt 0.9375 0.0625
vt 0.0625 0.9375
vt 0.9375 0.9375
vt 0.9375 0.0625
vt 0.0625 0.9375
vt 0.9375 0.9375
vt 0.9375 0.0625
vt 0.0625 0.0625
vt 0.0625 0.9375
vt 0.9375 0.9375
vt 0.9375 0.0625
vt 0.0625 0.0625
vt 0.0625 0.9375
vt 0.9375 0.9375
vt 0.9375 0.0625
vt 0.0625 0.0625
vt 0.0625 0.9375
vt 0.9375 0.9375
vt 0.9375 0.0625
vt 0.0625 0.0625
vt 0.0625 0.9375
vt 0.9375 0.9375
vt 0.9375 0.0625
vt 0.0625 0.0625
vt 0.0625 0.9375
vt 0.9375 0.9375
vt 0.9375 0.0625
vt 0.0625 0.0625
vt 0.0625 0.9375
vt 0.9375 0.9375
vt 0.9375 0.0625
vt 0.0625 0.0625
vt 0.0625 0.9375
vt 0.9375 0.9375
vt 0.9375 0.0625
vt 0.0625 0.0625
vt 0.0625 0.9375
vt 0.9375 0.9375
vt 0.9375 0.0625
vt 0.0625 0.0625
vt 0.0625 0.9375
vt 0.9375 0.9375
vt 0.9375 0.0625
vt 0.0625 0.0625
vt 0.0625 0.9375
vt 0.9375 0.9375
vt 0.9375 0.0625
vt 0.0625 0.0625
vt 0.0625 0.9375
vt 0.9375 0.9375
vt 0.9375 0.0625
vt 0.0625 0.0625
vt 0.0625 0.9375
vt 0.9375 0.9375
vt 0.9375 0.0625
vt 0.0625 0.0625
vt 0.0625 0.9375
vt 0.9375 0.9375
vt 0.9375 0.0625
vt 0.0625 0.0625
vt 0.0625 0.9375
vt 0.9375 0.9375
vt 0.9375 0.0625
vt 0.0625 0.0625
vt 0.0625 0.9375
vt 0.9375 0.9375
vt 0.9375 0.0625
vt 0.0625 0.0625
vt 0.0625 0.9375
vt 0.9375 0.9375
vt 0.9375 0.0625
vt 0.0625 0.0625
vt 0.0625 0.9375
vt 0.9375 0.9375
vt 0.9375 0.0625
vt 0.0625 0.0625
vt 0.0625 0.9375
vt 0.9375 0.9375
vt 0.9375 0.0625
vt 0.0625 0.0625
vt 0.0625 0.9375
vt 0.9375 0.9375
vt 0.9375 0.0625
vt 0.0625 0.0625
vt 0.0625 0.9375
vt 0.9375 0.9375
vt 0.9375 0.0625
vt 0.0625 0.0625
vt 0.0625 0.9375
vt 0.9375 0.9375
vt 0.9375 0.0625
vt 0.0625 0.0625
vt 0.0625 0.9375
vt 0.9375 0.9375
vt 0.9375 0.0625
vt 0.0625 0.0625
vt 0.0625 0.9375
vt 0.9375 0.9375
vt 0.9375 0.0625
vt 0.0625 0.0625
vt 0.0625 0.9375
vt 0.9375 0.9375
vt 0.9375 0.0625
vt 0.0625 0.9375
vt 0.9375 0.9375
vt 0.9375 0.0625
vt 0.0625 0.9375
vt 0.9375 0.9375
vt 0.9375 0.0625
vt 0.0625 0.9375
vt 0.9375 0.9375
vt 0.9375 0.0625
vt 0.0625 0.9375
vt 0.9375 0.9375
vt 0.9375 0.0625
vt 0.0625 0.9375
vt 0.9375 0.9375
vt 0.9375 0.0625
vt 0.0625 0.9375
vt 0.9375 0.9375
vt 0.9375 0.0625
vt 0.0625 0.9375
vt 0.9375 0.9375
vt 0.9375 0.0625
vt 0.0625 0.9375
vt 0.9375 0.9375
vt 0.9375 0.0625
vt 0.0625 0.9375
vt 0.9375 0.9375
vt 0.9375 0.0625
vt 0.0625 0.9375
vt 0.9375 0.9375
vt 0.9375 0.0625
vt 0.0625 0.9375
vt 0.9375 0.9375
vt 0.9375 0.0625
vt 0.0625 0.9375
vt 0.9375 0.9375
vt 0.9375 0.0625
vt 0.0625 0.9375
vt 0.9375 0.9375
vt 0.9375 0.0625
vt 0.0625 0.9375
vt 0.9375 0.9375
vt 0.9375 0.0625
vt 0.0625 0.9375
vt 0.9375 0.9375
vt 0.9375 0.0625
vt 0.0625 0.9375
vt 0.9375 0.9375
vt 0.9375 0.0625
vt 0.0625 0.0625
vt 0.0625 0.9375
vt 0.9375 0.9375
vt 0.9375 0.0625
vt 0.0625 0.0625
vt 0.0625 0.9375
vt 0.9375 0.9375
vt 0.9375 0.0625
vt 0.0625 0.0625
vt 0.0625 0.9375
vt 0.9375 0.9375
vt 0.9375 0.0625
vt 0.0625 0.0625
vt 0.0625 0.9375
vt 0.9375 0.9375
vt 0.9375 0.0625
vt 0.0625 0.0625
vt 0.0625 0.9375
vt 0.9375 0.9375
vt 0.9375 0.0625
vt 0.0625 0.0625
vt 0.0625 0.9375
vt 0.9375 0.9375
vt 0.9375 0.0625
vt 0.0625 0.0625
vt 0.0625 0.9375
vt 0.9375 0.9375
vt 0.9375 0.0625
vt 0.0625 0.0625
vt 0.0625 0.9375
vt 0.9375 0.9375
vt 0.9375 0.0625
vt 0.0625 0.0625
vt 0.0625 0.9375
vt 0.9375 0.9375
vt 0.9375 0.0625
vt 0.0625 0.0625
vt 0.0625 0.9375
vt 0.9375 0.9375
vt 0.9375 0.0625
vt 0.0625 0.0625
vt 0.0625 0.9375
vt 0.9375 0.9375
vt 0.9375 0.0625
vt 0.0625 0.0625
vt 0.0625 0.9375
vt 0.9375 0.9375
vt 0.9375 0.0625
vt 0.0625 0.0625
vt 0.0625 0.9375
vt 0.9375 0.9375
vt 0.9375 0.0625
vt 0.0625 0.0625
vt 0.0625 0.9375
vt 0.9375 0.9375
vt 0.9375 0.0625
vt 0.0625 0.0625
vt 0.0625 0.9375
vt 0.9375 0.9375
vt 0.9375 0.0625
vt 0.0625 0.0625
vt 0.0625 0.9375
vt 0.9375 0.9375
vt 0.9375 0.0625
vt 0.0625 0.0625
vt 0.0625 0.9375
vt 0.9375 0.9375
vt 0.9375 0.0625
vt 0.0625 0.0625
vt 0.0625 0.9375
vt 0.9375 0.9375
vt 0.9375 0.0625
vt 0.0625 0.0625
vt 0.0625 0.9375
vt 0.9375 0.9375
vt 0.9375 0.0625
vt 0.0625 0.0625
vt 0.0625 0.9375
vt 0.9375 0.9375
vt 0.9375 0.0625
vt 0.0625 0.0625
vt 0.0625 0.9375
vt 0.9375 0.9375
vt 0.9375 0.0625
vt 0.0625 0.0625
vt 0.0625 0.9375
vt 0.9375 0.9375
vt 0.9375 0.0625
vt 0.0625 0.0625
vt 0.0625 0.9375
vt 0.9375 0.9375
vt 0.9375 0.0625
vt 0.0625 0.0625
vt 0.0625 0.9375
vt 0.9375 0.9375
vt 0.9375 0.0625
vt 0.0625 0.0625
vt 0.0625 0.9375
vt 0.9375 0.9375
vt 0.9375 0.0625
vt 0.0625 0.0625
vt 0.0625 0.9375
vt 0.9375 0.9375
vt 0.9375 0.0625
vt 0.0625 0.0625
vt 0.0625 0.9375
vt 0.9375 0.9375
vt 0.9375 0.0625
vt 0.0625 0.0625
vt 0.0625 0.9375
vt 0.9375 0.9375
vt 0.9375 0.0625
vt 0.0625 0.0625
vt 0.0625 0.9375
vt 0.9375 0.9375
vt 0.9375 0.0625
vt 0.0625 0.0625
vt 0.0625 0.9375
vt 0.9375 0.9375
vt 0.9375 0.0625
vt 0.0625 0.0625
vt 0.0625 0.9375
vt 0.9375 0.9375
vt 0.9375 0.0625
vt 0.0625 0.0625
vt 0.0625 0.9375
vt 0.9375 0.9375
vt 0.9375 0.0625
vt 0.0625 0.0625
vt 0.0625 0.9375
vt 0.9375 0.9375
vt 0.9375 0.0625
vt 0.0625 0.0625
vt 0.0625 0.9375
vt 0.9375 0.9375
vt 0.9375 0.0625
vt 0.0625 0.0625
vt 0.0625 0.9375
vt 0.9375 0.9375
vt 0.9375 0.0625
vt 0.0625 0.0625
vt 0.0625 0.9375
vt 0.9375 0.9375
vt 0.9375 0.0625
vt 0.0625 0.0625
vt 0.0625 0.9375
vt 0.9375 0.9375
vt 0.9375 0.0625
vt 0.0625 0.0625
vt 0.0625 0.9375
vt 0.9375 0.9375
vt 0.9375 0.0625
vt 0.0625 0.0625
vt 0.0625 0.9375
vt 0.9375 0.9375
vt 0.9375 0.0625
vt 0.0625 0.0625
vt 0.0625 0.9375
vt 0.9375 0.9375
vt 0.9375 0.0625
vt 0.0625 0.0625
vt 0.0625 0.9375
vt 0.9375 0.9375
vt 0.9375 0.0625
vt 0.0625 0.0625
vt 0.0625 0.9375
vt 0.9375 0.9375
vt 0.9375 0.0625
vt 0.0625 0.0625
vt 0.0625 0.9375
vt 0.9375 0.9375
vt 0.9375 0.0625
vt 0.0625 0.0625
vt 0.0625 0.9375
vt 0.9375 0.9375
vt 0.9375 0.0625
vt 0.0625 0.0625
vt 0.0625 0.9375
vt 0.9375 0.9375
vt 0.9375 0.0625
vt 0.0625 0.0625
vt 0.0625 0.9375
vt 0.9375 0.9375
vt 0.9375 0.0625
vt 0.0625 0.0625
vt 0.0625 0.9375
vt 0.9375 0.9375
vt 0.9375 0.0625
vt 0.0625 0.0625
vt 0.0625 0.9375
vt 0.9375 0.9375
vt 0.9375 0.0625
vt 0.0625 0.0625
vt 0.0625 0.9375
vt 0.9375 0.9375
vt 0.9375 0.0625
vt 0.0625 0.0625
vt 0.0625 0.9375
vt 0.9375 0.9375
vt 0.9375 0.0625
vt 0.0625 0.0625
vt 0.0625 0.9375
vt 0.9375 0.9375
vt 0.9375 0.0625
vt 0.0625 0.0625
vt 0.0625 0.9375
vt 0.9375 0.9375
vt 0.9375 0.0625
vt 0.0625 0.0625
vt 0.0625 0.9375
vt 0.9375 0.9375
vt 0.9375 0.0625
vt 0.0625 0.0625
vt 0.0625 0.9375
vt 0.9375 0.9375
vt 0.9375 0.0625
vt 0.0625 0.0625
vt 0.0625 0.9375
vt 0.9375 0.9375
vt 0.9375 0.0625
vt 0.0625 0.0625
vt 0.0625 0.9375
vt 0.9375 0.9375
vt 0.9375 0.0625
vt 0.0625 0.0625
vt 0.0625 0.9375
vt 0.9375 0.9375
vt 0.9375 0.0625
vt 0.0625 0.0625
vt 0.0625 0.9375
vt 0.9375 0.9375
vt 0.9375 0.0625
vt 0.0625 0.0625
vt 0.0625 0.9375
vt 0.9375 0.9375
vt 0.9375 0.0625
vt 0.0625 0.0625
vt 0.0625 0.9375
vt 0.9375 0.9375
vt 0.9375 0.0625
vt 0.0625 0.0625
vt 0.0625 0.9375
vt 0.9375 0.9375
vt 0.9375 0.0625
vt 0.0625 0.0625
vt 0.0625 0.9375
vt 0.9375 0.9375
vt 0.9375 0.0625
vt 0.0625 0.0625
vt 0.0625 0.9375
vt 0.9375 0.9375
vt 0.9375 0.0625
vt 0.0625 0.0625
vt 0.0625 0.9375
vt 0.9375 0.9375
vt 0.9375 0.0625
vt 0.0625 0.0625
vt 0.0625 0.9375
vt 0.9375 0.9375
vt 0.9375 0.0625
vt 0.0625 0.0625
vt 0.0625 0.9375
vt 0.9375 0.9375
vt 0.9375 0.0625
vt 0.0625 0.0625
vt 0.0625 0.9375
vt 0.9375 0.9375
vt 0.9375 0.0625
vt 0.0625 0.0625
vt 0.0625 0.9375
vt 0.9375 0.9375
vt 0.9375 0.0625
vt 0.0625 0.0625
vt 0.0625 0.9375
vt 0.9375 0.9375
vt 0.9375 0.0625
vt 0.0625 0.0625
vt 0.0625 0.9375
vt 0.9375 0.9375
vt 0.9375 0.0625
vt 0.0625 0.0625
vt 0.0625 0.9375
vt 0.9375 0.9375
vt 0.9375 0.0625
vt 0.0625 0.0625
vt 0.0625 0.9375
vt 0.9375 0.9375
vt 0.9375 0.0625
vt 0.0625 0.9375
vt 0.9375 0.9375
vt 0.9375 0.0625
vt 0.0625 0.9375
vt 0.9375 0.9375
vt 0.9375 0.0625
vt 0.0625 0.9375
vt 0.9375 0.9375
vt 0.9375 0.0625
vt 0.0625 0.9375
vt 0.9375 0.9375
vt 0.9375 0.0625
vt 0.0625 0.9375
vt 0.9375 0.9375
vt 0.9375 0.0625
vt 0.0625 0.9375
vt 0.9375 0.9375
vt 0.9375 0.0625
vt 0.0625 0.9375
vt 0.9375 0.9375
vt 0.9375 0.0625
vt 0.0625 0.9375
vt 0.9375 0.9375
vt 0.9375 0.0625
vt 0.0625 0.9375
vt 0.9375 0.9375
vt 0.9375 0.0625
vt 0.0625 0.9375
vt 0.9375 0.9375
vt 0.9375 0.0625
vt 0.0625 0.9375
vt 0.9375 0.9375
vt 0.9375 0.0625
vt 0.0625 0.9375
vt 0.9375 0.9375
vt 0.9375 0.0625
vt 0.0625 0.9375
vt 0.9375 0.9375
vt 0.9375 0.0625
vt 0.0625 0.9375
vt 0.9375 0.9375
vt 0.9375 0.0625
vt 0.0625 0.9375
vt 0.9375 0.9375
vt 0.9375 0.0625
vt 0.0625 0.9375
vt 0.9375 0.9375
vt 0.9375 0.0625
vt 0.0625 0.9375
vt 0.9375 0.9375
vt 0.9375 0.0625
vt 0.0625 0.9375
vt 0.9375 0.9375
vt 0.9375 0.0625
vt 0.0625 0.9375
vt 0.9375 0.9375
vt 0.9375 0.0625
vt 0.0625 0.9375
vt 0.9375 0.9375
vt 0.9375 0.0625
vt 0.0625 0.9375
vt 0.9375 0.9375
vt 0.9375 0.0625
vt 0.0625 0.9375
vt 0.9375 0.9375
vt 0.9375 0.0625
vt 0.0625 0.9375
vt 0.9375 0.9375
vt 0.9375 0.0625
vt 0.0625 0.9375
vt 0.9375 0.9375
vt 0.9375 0.0625
vt 0.0625 0.9375
vt 0.9375 0.9375
vt 0.9375 0.0625
vt 0.0625 0.9375
vt 0.9375 0.9375
vt 0.9375 0.0625
vt 0.0625 0.9375
vt 0.9375 0.9375
vt 0.9375 0.0625
vt 0.0625 0.9375
vt 0.9375 0.9375
vt 0.9375 0.0625
vt 0.0625 0.9375
vt 0.9375 0.9375
vt 0.9375 0.0625
vt 0.0625 0.9375
vt 0.9375 0.9375
vt 0.9375 0.0625
vt 0.0625 0.9375
vt 0.9375 0.9375
vt 0.9375 0.0625
vt 0.0625 0.9375
vt 0.9375 0.9375
vt 0.9375 0.0625
vt 0.0625 0.9375
vt 0.9375 0.9375
vt 0.9375 0.0625
vt 0.0625 0.9375
vt 0.9375 0.9375
vt 0.9375 0.0625
vt 0.0625 0.9375
vt 0.9375 0.9375
vt 0.9375 0.0625
vt 0.0625 0.9375
vt 0.9375 0.9375
vt 0.9375 0.0625
vt 0.0625 0.9375
vt 0.9375 0.9375
vt 0.9375 0.0625
vt 0.0625 0.9375
vt 0.9375 0.9375
vt 0.9375 0.0625
vt 0.0625 0.9375
vt 0.9375 0.9375
vt 0.9375 0.0625
vt 0.0625 0.9375
vt 0.9375 0.9375
vt 0.9375 0.0625
vt 0.0625 0.9375
vt 0.9375 0.9375
vt 0.9375 0.0625
vt 0.0625 0.9375
vt 0.9375 0.9375
vt 0.9375 0.0625
vt 0.0625 0.9375
vt 0.9375 0.9375
vt 0.9375 0.0625
vt 0.0625 0.9375
vt 0.9375 0.9375
vt 0.9375 0.0625
vt 0.0625 0.9375
vt 0.9375 0.9375
vt 0.9375 0.0625
vt 0.0625 0.9375
vt 0.9375 0.9375
vt 0.9375 0.0625
vt 0.0625 0.9375
vt 0.9375 0.9375
vt 0.9375 0.0625
vt 0.0625 0.9375
vt 0.9375 0.9375
vt 0.9375 0.0625
vt 0.0625 0.0625
vt 0.0625 0.9375
vt 0.9375 0.9375
vt 0.9375 0.0625
vt 0.0625 0.0625
vt 0.0625 0.9375
vt 0.9375 0.9375
vt 0.9375 0.0625
vt 0.0625 0.0625
vt 0.0625 0.9375
vt 0.9375 0.9375
vt 0.9375 0.0625
vt 0.0625 0.0625
vt 0.0625 0.9375
vt 0.9375 0.9375
vt 0.9375 0.0625
vt 0.0625 0.0625
vt 0.0625 0.9375
vt 0.9375 0.9375
vt 0.9375 0.0625
vt 0.0625 0.0625
vt 0.0625 0.9375
vt 0.9375 0.9375
vt 0.9375 0.0625
vt 0.0625 0.0625
vt 0.0625 0.9375
vt 0.9375 0.9375
vt 0.9375 0.0625
vt 0.0625 0.0625
vt 0.0625 0.9375
vt 0.9375 0.9375
vt 0.9375 0.0625
vt 0.0625 0.0625
vt 0.0625 0.9375
vt 0.9375 0.9375
vt 0.9375 0.0625
vt 0.0625 0.0625
vt 0.0625 0.9375
vt 0.9375 0.9375
vt 0.9375 0.0625
vt 0.0625 0.0625
vt 0.0625 0.9375
vt 0.9375 0.9375
vt 0.9375 0.0625
vt 0.0625 0.0625
vt 0.0625 0.9375
vt 0.9375 0.9375
vt 0.9375 0.0625
vt 0.0625 0.0625
vt 0.0625 0.9375
vt 0.9375 0.9375
vt 0.9375 0.0625
vt 0.0625 0.0625
vt 0.0625 0.9375
vt 0.9375 0.9375
vt 0.9375 0.0625
vt 0.0625 0.0625
vt 0.0625 0.9375
vt 0.9375 0.9375
vt 0.9375 0.0625
vt 0.0625 0.0625
vt 0.0625 0.9375
vt 0.9375 0.9375
vt 0.9375 0.0625
vt 0.0625 0.0625
vt 0.0625 0.9375
vt 0.9375 0.9375
vt 0.9375 0.0625
vt 0.0625 0.0625
vt 0.0625 0.9375
vt 0.9375 0.9375
vt 0.9375 0.0625
vt 0.0625 0.0625
vt 0.0625 0.9375
vt 0.9375 0.9375
vt 0.9375 0.0625
vt 0.0625 0.0625
vt 0.0625 0.9375
vt 0.9375 0.9375
vt 0.9375 0.0625
vt 0.0625 0.0625
vt 0.0625 0.9375
vt 0.9375 0.9375
vt 0.9375 0.0625
vt 0.0625 0.0625
vt 0.0625 0.9375
vt 0.9375 0.9375
vt 0.9375 0.0625
vt 0.0625 0.0625
vt 0.0625 0.9375
vt 0.9375 0.9375
vt 0.9375 0.0625
vt 0.0625 0.0625
vt 0.0625 0.9375
vt 0.9375 0.9375
vt 0.9375 0.0625
vt 0.0625 0.0625
vt 0.0625 0.9375
vt 0.9375 0.9375
vt 0.9375 0.0625
vt 0.0625 0.0625
vt 0.0625 0.9375
vt 0.9375 0.9375
vt 0.9375 0.0625
vt 0.0625 0.0625
vt 0.0625 0.9375
vt 0.9375 0.9375
vt 0.9375 0.0625
vt 0.0625 0.0625
vt 0.0625 0.9375
vt 0.9375 0.9375
vt 0.9375 0.0625
vt 0.0625 0.0625
vt 0.0625 0.9375
vt 0.9375 0.9375
vt 0.9375 0.0625
vt 0.0625 0.0625
vt 0.0625 0.9375
vt 0.9375 0.9375
vt 0.9375 0.0625
vt 0.0625 0.0625
vt 0.0625 0.9375
vt 0.9375 0.9375
vt 0.9375 0.0625
vt 0.0625 0.0625
vt 0.0625 0.9375
vt 0.9375 0.9375
vt 0.9375 0.0625
vt 0.0625 0.0625
vt 0.0625 0.9375
vt 0.9375 0.9375
vt 0.9375 0.0625
vt 0.0625 0.0625
vt 0.0625 0.9375
vt 0.9375 0.9375
vt 0.9375 0.0625
vt 0.0625 0.0625
vt 0.0625 0.9375
vt 0.9375 0.9375
vt 0.9375 0.0625
vt 0.0625 0.0625
vt 0.0625 0.9375
vt 0.9375 0.9375
vt 0.9375 0.0625
vt 0.0625 0.0625
vt 0.0625 0.9375
vt 0.9375 0.9375
vt 0.9375 0.0625
vt 0.0625 0.0625
vt 0.0625 0.9375
vt 0.9375 0.9375
vt 0.9375 0.0625
vt 0.0625 0.0625
vt 0.0625 0.9375
vt 0.9375 0.9375
vt 0.9375 0.0625
vt 0.0625 0.0625
vt 0.0625 0.9375
vt 0.9375 0.9375
vt 0.9375 0.0625
vt 0.0625 0.0625
vt 0.0625 0.9375
vt 0.9375 0.9375
vt 0.9375 0.0625
vt 0.0625 0.0625
vt 0.0625 0.9375
vt 0.9375 0.9375
vt 0.9375 0.0625
vt 0.0625 0.0625
vt 0.0625 0.9375
vt 0.9375 0.9375
vt 0.9375 0.0625
vt 0.0625 0.0625
vt 0.0625 0.9375
vt 0.9375 0.9375
vt 0.9375 0.0625
vt 0.0625 0.0625
vt 0.0625 0.9375
vt 0.9375 0.9375
vt 0.9375 0.0625
vt 0.0625 0.0625
vt 0.0625 0.9375
vt 0.9375 0.9375
vt 0.9375 0.0625
vt 0.0625 0.0625
vt 0.0625 0.9375
vt 0.9375 0.9375
vt 0.9375 0.0625
vt 0.0625 0.0625
vt 0.0625 0.9375
vt 0.9375 0.9375
vt 0.9375 0.0625
vt 0.0625 0.0625
vt 0.0625 0.9375
vt 0.9375 0.9375
vt 0.9375 0.0625
vt 0.0625 0.0625
vt 0.0625 0.9375
vt 0.9375 0.9375
vt 0.9375 0.0625
vt 0.0625 0.0625
vt 0.0625 0.9375
vt 0.9375 0.9375
vt 0.9375 0.0625
vt 0.0625 0.0625
vt 0.0625 0.9375
vt 0.9375 0.9375
vt 0.9375 0.0625
vt 0.0625 0.0625
vt 0.0625 0.9375
vt 0.9375 0.9375
vt 0.9375 0.0625
vt 0.0625 0.0625
vt 0.0625 0.9375
vt 0.9375 0.9375
vt 0.9375 0.0625
vt 0.0625 0.0625
vt 0.0625 0.9375
vt 0.9375 0.9375
vt 0.9375 0.0625
vt 0.0625 0.0625
vt 0.0625 0.9375
vt 0.9375 0.9375
vt 0.9375 0.0625
vt 0.0625 0.0625
vt 0.0625 0.9375
vt 0.9375 0.9375
vt 0.9375 0.0625
vt 0.0625 0.0625
vt 0.0625 0.9375
vt 0.9375 0.9375
vt 0.9375 0.0625
vt 0.0625 0.0625
vt 0.0625 0.9375
vt 0.9375 0.9375
vt 0.9375 0.0625
vt 0.0625 0.0625
vt 0.0625 0.9375
vt 0.9375 0.9375
vt 0.9375 0.0625
vt 0.0625 0.0625
vt 0.0625 0.9375
vt 0.9375 0.9375
vt 0.9375 0.0625
vt 0.0625 0.0625
vt 0.0625 0.9375
vt 0.9375 0.9375
vt 0.9375 0.0625
vt 0.0625 0.0625
vt 0.0625 0.9375
vt 0.9375 0.9375
vt 0.9375 0.0625
vt 0.0625 0.0625
vt 0.0625 0.9375
vt 0.9375 0.9375
vt 0.9375 0.0625
vt 0.0625 0.0625
vt 0.0625 0.9375
vt 0.9375 0.9375
vt 0.9375 0.0625
vt 0.0625 0.0625
vt 0.0625 0.9375
vt 0.9375 0.9375
vt 0.9375 0.0625
vt 0.0625 0.0625
vt 0.0625 0.9375
vt 0.9375 0.9375
vt 0.9375 0.0625
vt 0.0625 0.0625
vt 0.0625 0.9375
vt 0.9375 0.9375
vt 0.9375 0.0625
vt 0.0625 0.0625
vt 0.0625 0.9375
vt 0.9375 0.9375
vt 0.9375 0.0625
vt 0.0625 0.0625
vt 0.0625 0.9375
vt 0.9375 0.9375
vt 0.9375 0.0625
vt 0.0625 0.0625
vt 0.0625 0.9375
vt 0.9375 0.9375
vt 0.9375 0.0625
vt 0.0625 0.0625
vt 0.0625 0.9375
vt 0.9375 0.9375
vt 0.9375 0.0625
vt 0.0625 0.9375
vt 0.9375 0.9375
vt 0.9375 0.0625
vt 0.0625 0.9375
vt 0.9375 0.9375
vt 0.9375 0.0625
vt 0.0625 0.9375
vt 0.9375 0.9375
vt 0.9375 0.0625
vt 0.0625 0.9375
vt 0.9375 0.9375
vt 0.9375 0.0625
vt 0.0625 0.9375
vt 0.9375 0.9375
vt 0.9375 0.0625
vt 0.0625 0.9375
vt 0.9375 0.9375
vt 0.9375 0.0625
vt 0.0625 0.9375
vt 0.9375 0.9375
vt 0.9375 0.0625
vt 0.0625 0.9375
vt 0.9375 0.9375
vt 0.9375 0.0625
vt 0.0625 0.9375
vt 0.9375 0.9375
vt 0.9375 0.0625
vt 0.0625 0.9375
vt 0.9375 0.9375
vt 0.9375 0.0625
vt 0.0625 0.9375
vt 0.9375 0.9375
vt 0.9375 0.0625
vt 0.0625 0.9375
vt 0.9375 0.9375
vt 0.9375 0.0625
vt 0.0625 0.9375
vt 0.9375 0.9375
vt 0.9375 0.0625
vt 0.0625 0.9375
vt 0.9375 0.9375
vt 0.9375 0.0625
vt 0.0625 0.9375
vt 0.9375 0.9375
vt 0.9375 0.0625
vt 0.0625 0.9375
vt 0.9375 0.9375
vt 0.9375 0.0625
vt 0.0625 0.9375
vt 0.9375 0.9375
vt 0.9375 0.0625
vt 0.0625 0.9375
vt 0.9375 0.9375
vt 0.9375 0.0625
vt 0.0625 0.9375
vt 0.9375 0.9375
vt 0.9375 0.0625
vt 0.0625 0.9375
vt 0.9375 0.9375
vt 0.9375 0.0625
vt 0.0625 0.9375
vt 0.9375 0.9375
vt 0.9375 0.0625
vt 0.0625 0.9375
vt 0.9375 0.9375
vt 0.9375 0.0625
vt 0.0625 0.9375
vt 0.9375 0.9375
vt 0.9375 0.0625
vt 0.0625 0.9375
vt 0.9375 0.9375
vt 0.9375 0.0625
vt 0.0625 0.9375
vt 0.9375 0.9375
vt 0.9375 0.0625
vt 0.0625 0.9375
vt 0.9375 0.9375
vt 0.9375 0.0625
vt 0.0625 0.9375
vt 0.9375 0.9375
vt 0.9375 0.0625
vt 0.0625 0.9375
vt 0.9375 0.9375
vt 0.9375 0.0625
vt 0.0625 0.9375
vt 0.9375 0.9375
vt 0.9375 0.0625
vt 0.0625 0.9375
vt 0.9375 0.9375
vt 0.9375 0.0625
vt 0.0625 0.9375
vt 0.9375 0.9375
vt 0.9375 0.0625
vt 0.0625 0.9375
vt 0.9375 0.9375
vt 0.9375 0.0625
vt 0.0625 0.9375
vt 0.9375 0.9375
vt 0.9375 0.0625
vt 0.0625 0.9375
vt 0.9375 0.9375
vt 0.9375 0.0625
vt 0.0625 0.9375
vt 0.9375 0.9375
vt 0.9375 0.0625
vt 0.0625 0.9375
vt 0.9375 0.9375
vt 0.9375 0.0625
vt 0.0625 0.9375
vt 0.9375 0.9375
vt 0.9375 0.0625
vt 0.0625 0.9375
vt 0.9375 0.9375
vt 0.9375 0.0625
vt 0.0625 0.9375
vt 0.9375 0.9375
vt 0.9375 0.0625
vt 0.0625 0.9375
vt 0.9375 0.9375
vt 0.9375 0.0625
vt 0.0625 0.9375
vt 0.9375 0.9375
vt 0.9375 0.0625
vt 0.0625 0.9375
vt 0.9375 0.9375
vt 0.9375 0.0625
vt 0.0625 0.9375
vt 0.9375 0.9375
vt 0.9375 0.0625
vt 0.0625 0.9375
vt 0.9375 0.9375
vt 0.9375 0.0625
vt 0.0625 0.9375
vt 0.9375 0.9375
vt 0.9375 0.0625
vt 0.0625 0.9375
vt 0.9375 0.9375
vt 0.9375 0.0625
vt 0.0625 0.9375
vt 0.9375 0.9375
vt 0.9375 0.0625
vt 0.0625 0.9375
vt 0.9375 0.9375
vt 0.9375 0.0625
vt 0.0625 0.0625
vt 0.0625 0.9375
vt 0.9375 0.9375
vt 0.9375 0.0625
vt 0.0625 0.0625
vt 0.0625 0.9375
vt 0.9375 0.9375
vt 0.9375 0.0625
vt 0.0625 0.0625
vt 0.0625 0.9375
vt 0.9375 0.9375
vt 0.9375 0.0625
vt 0.0625 0.0625
vt 0.0625 0.9375
vt 0.9375 0.9375
vt 0.9375 0.0625
vt 0.0625 0.0625
vt 0.0625 0.9375
vt 0.9375 0.9375
vt 0.9375 0.0625
vt 0.0625 0.0625
vt 0.0625 0.9375
vt 0.9375 0.9375
vt 0.9375 0.0625
vt 0.0625 0.0625
vt 0.0625 0.9375
vt 0.9375 0.9375
vt 0.9375 0.0625
vt 0.0625 0.0625
vt 0.0625 0.9375
vt 0.9375 0.9375
vt 0.9375 0.0625
vt 0.0625 0.0625
vt 0.0625 0.9375
vt 0.9375 0.9375
vt 0.9375 0.0625
vt 0.0625 0.0625
vt 0.0625 0.9375
vt 0.9375 0.9375
vt 0.9375 0.0625
vt 0.0625 0.0625
vt 0.0625 0.9375
vt 0.9375 0.9375
vt 0.9375 0.0625
vt 0.0625 0.0625
vt 0.0625 0.9375
vt 0.9375 0.9375
vt 0.9375 0.0625
vt 0.0625 0.0625
vt 0.0625 0.9375
vt 0.9375 0.9375
vt 0.9375 0.0625
vt 0.0625 0.0625
vt 0.0625 0.9375
vt 0.9375 0.9375
vt 0.9375 0.0625
vt 0.0625 0.0625
vt 0.0625 0.9375
vt 0.9375 0.9375
vt 0.9375 0.0625
vt 0.0625 0.0625
vt 0.0625 0.9375
vt 0.9375 0.9375
vt 0.9375 0.0625
vt 0.0625 0.0625
vt 0.0625 0.9375
vt 0.9375 0.9375
vt 0.9375 0.0625
vt 0.0625 0.0625
vt 0.0625 0.9375
vt 0.9375 0.9375
vt 0.9375 0.0625
vt 0.0625 0.0625
vt 0.0625 0.9375
vt 0.9375 0.9375
vt 0.9375 0.0625
vt 0.0625 0.0625
vt 0.0625 0.9375
vt 0.9375 0.9375
vt 0.9375 0.0625
vt 0.0625 0.0625
vt 0.0625 0.9375
vt 0.9375 0.9375
vt 0.9375 0.0625
vt 0.0625 0.0625
vt 0.0625 0.9375
vt 0.9375 0.9375
vt 0.9375 0.0625
vt 0.0625 0.0625
vt 0.0625 0.9375
vt 0.9375 0.9375
vt 0.9375 0.0625
vt 0.0625 0.0625
vt 0.0625 0.9375
vt 0.9375 0.9375
vt 0.9375 0.0625
vt 0.0625 0.0625
vt 0.0625 0.9375
vt 0.9375 0.9375
vt 0.9375 0.0625
vt 0.0625 0.0625
vt 0.0625 0.9375
vt 0.9375 0.9375
vt 0.9375 0.0625
vt 0.0625 0.0625
vt 0.0625 0.9375
vt 0.9375 0.9375
vt 0.9375 0.0625
vt 0.0625 0.0625
vt 0.0625 0.9375
vt 0.9375 0.9375
vt 0.9375 0.0625
vt 0.0625 0.0625
vt 0.0625 0.9375
vt 0.9375 0.9375
vt 0.9375 0.0625
vt 0.0625 0.0625
vt 0.0625 0.9375
vt 0.9375 0.9375
vt 0.9375 0.0625
vt 0.0625 0.0625
vt 0.0625 0.9375
vt 0.9375 0.9375
vt 0.9375 0.0625
vt 0.0625 0.0625
vt 0.0625 0.9375
vt 0.9375 0.9375
vt 0.9375 0.0625
vt 0.0625 0.0625
vt 0.0625 0.9375
vt 0.9375 0.9375
vt 0.9375 0.0625
vt 0.0625 0.0625
vt 0.0625 0.9375
vt 0.9375 0.9375
vt 0.9375 0.0625
vt 0.0625 0.0625
vt 0.0625 0.9375
vt 0.9375 0.9375
vt 0.9375 0.0625
vt 0.0625 0.0625
vt 0.0625 0.9375
vt 0.9375 0.9375
vt 0.9375 0.0625
vt 0.0625 0.0625
vt 0.0625 0.9375
vt 0.9375 0.9375
vt 0.9375 0.0625
vt 0.0625 0.0625
vt 0.0625 0.9375
vt 0.9375 0.9375
vt 0.9375 0.0625
vt 0.0625 0.0625
vt 0.0625 0.9375
vt 0.9375 0.9375
vt 0.9375 0.0625
vt 0.0625 0.0625
vt 0.0625 0.9375
vt 0.9375 0.9375
vt 0.9375 0.0625
vt 0.0625 0.0625
vt 0.0625 0.9375
vt 0.9375 0.9375
vt 0.9375 0.0625
vt 0.0625 0.0625
vt 0.0625 0.9375
vt 0.9375 0.9375
vt 0.9375 0.0625
vt 0.0625 0.0625
vt 0.0625 0.9375
vt 0.9375 0.9375
vt 0.9375 0.0625
vt 0.0625 0.0625
vt 0.0625 0.9375
vt 0.9375 0.9375
vt 0.9375 0.0625
vt 0.0625 0.0625
vt 0.0625 0.9375
vt 0.9375 0.9375
vt 0.9375 0.0625
vt 0.0625 0.0625
vt 0.0625 0.9375
vt 0.9375 0.9375
vt 0.9375 0.0625
vt 0.0625 0.0625
vt 0.0625 0.9375
vt 0.9375 0.9375
vt 0.9375 0.0625
vt 0.0625 0.0625
vt 0.0625 0.9375
vt 0.9375 0.9375
vt 0.9375 0.0625
vt 0.0625 0.0625
vt 0.0625 0.9375
vt 0.9375 0.9375
vt 0.9375 0.0625
vt 0.0625 0.0625
vt 0.0625 0.9375
vt 0.9375 0.9375
vt 0.9375 0.0625
vt 0.0625 0.0625
vt 0.0625 0.9375
vt 0.9375 0.9375
vt 0.9375 0.0625
vt 0.0625 0.0625
vt 0.0625 0.9375
vt 0.9375 0.9375
vt 0.9375 0.0625
vt 0.0625 0.0625
vt 0.0625 0.9375
vt 0.9375 0.9375
vt 0.9375 0.0625
vt 0.0625 0.0625
vt 0.0625 0.9375
vt 0.9375 0.9375
vt 0.9375 0.0625
vt 0.0625 0.0625
vt 0.0625 0.9375
vt 0.9375 0.9375
vt 0.9375 0.0625
vt 0.0625 0.0625
vt 0.0625 0.9375
vt 0.9375 0.9375
vt 0.9375 0.0625
vt 0.0625 0.0625
vt 0.0625 0.9375
vt 0.9375 0.9375
vt 0.9375 0.0625
vt 0.0625 0.0625
vt 0.0625 0.9375
vt 0.9375 0.9375
vt 0.9375 0.0625
vt 0.0625 0.0625
vt 0.0625 0.9375
vt 0.9375 0.9375
vt 0.9375 0.0625
vt 0.0625 0.0625
vt 0.0625 0.9375
vt 0.9375 0.9375
vt 0.9375 0.0625
vt 0.0625 0.0625
vt 0.0625 0.9375
vt 0.9375 0.9375
vt 0.9375 0.0625
vt 0.0625 0.0625
vt 0.0625 0.9375
vt 0.9375 0.9375
vt 0.9375 0.0625
vt 0.0625 0.0625
vt 0.0625 0.9375
vt 0.9375 0.9375
vt 0.9375 0.0625
vt 0.0625 0.0625
vt 0.0625 0.9375
vt 0.9375 0.9375
vt 0.9375 0.0625
vt 0.0625 0.0625
vt 0.0625 0.9375
vt 0.9375 0.9375
vt 0.9375 0.0625
vt 0.0625 0.0625
vt 0.0625 0.9375
vt 0.9375 0.9375
vt 0.9375 0.0625
vt 0.0625 0.0625
vt 0.0625 0.9375
vt 0.9375 0.9375
vt 0.9375 0.0625
vt 0.0625 0.0625
vt 0.0625 0.9375
vt 0.9375 0.9375
vt 0.9375 0.0625
vt 0.0625 0.0625
vt 0.0625 0.9375
vt 0.9375 0.9375
vt 0.9375 0.0625
vt 0.0625 0.0625
vt 0.0625 0.9375
vt 0.9375 0.9375
vt 0.9375 0.0625
vt 0.0625 0.0625
vt 0.0625 0.9375
vt 0.9375 0.9375
vt 0.9375 0.0625
vt 0.0625 0.0625
vt 0.0625 0.9375
vt 0.9375 0.9375
vt 0.9375 0.0625
vt 0.0625 0.9375
vt 0.9375 0.9375
vt 0.9375 0.0625
vt 0.0625 0.9375
vt 0.9375 0.9375
vt 0.9375 0.0625
vt 0.0625 0.9375
vt 0.9375 0.9375
vt 0.9375 0.0625
vt 0.0625 0.9375
vt 0.9375 0.9375
vt 0.9375 0.0625
vt 0.0625 0.9375
vt 0.9375 0.9375
vt 0.9375 0.0625
vt 0.0625 0.9375
vt 0.9375 0.9375
vt 0.9375 0.0625
vt 0.0625 0.9375
vt 0.9375 0.9375
vt 0.9375 0.0625
vt 0.0625 0.9375
vt 0.9375 0.9375
vt 0.9375 0.0625
vt 0.0625 0.9375
vt 0.9375 0.9375
vt 0.9375 0.0625
vt 0.0625 0.9375
vt 0.9375 0.9375
vt 0.9375 0.0625
vt 0.0625 0.9375
vt 0.9375 0.9375
vt 0.9375 0.0625
vt 0.0625 0.9375
vt 0.9375 0.9375
vt 0.9375 0.0625
vt 0.0625 0.9375
vt 0.9375 0.9375
vt 0.9375 0.0625
vt 0.0625 0.9375
vt 0.9375 0.9375
vt 0.9375 0.0625
vt 0.0625 0.9375
vt 0.9375 0.9375
vt 0.9375 0.0625
vt 0.0625 0.9375
vt 0.9375 0.9375
vt 0.9375 0.0625
vt 0.0625 0.9375
vt 0.9375 0.9375
vt 0.9375 0.0625
vt 0.0625 0.9375
vt 0.9375 0.9375
vt 0.9375 0.0625
vt 0.0625 0.9375
vt 0.9375 0.9375
vt 0.9375 0.0625
vt 0.0625 0.9375
vt 0.9375 0.9375
vt 0.9375 0.0625
vt 0.0625 0.9375
vt 0.9375 0.9375
vt 0.9375 0.0625
vt 0.0625 0.9375
vt 0.9375 0.9375
vt 0.9375 0.0625
vt 0.0625 0.9375
vt 0.9375 0.9375
vt 0.9375 0.0625
vt 0.0625 0.9375
vt 0.9375 0.9375
vt 0.9375 0.0625
vt 0.0625 0.9375
vt 0.9375 0.9375
vt 0.9375 0.0625
vt 0.0625 0.9375
vt 0.9375 0.9375
vt 0.9375 0.0625
vt 0.0625 0.9375
vt 0.9375 0.9375
vt 0.9375 0.0625
vt 0.0625 0.9375
vt 0.9375 0.9375
vt 0.9375 0.0625
vt 0.0625 0.9375
vt 0.9375 0.9375
vt 0.9375 0.0625
vt 0.0625 0.9375
vt 0.9375 0.9375
vt 0.9375 0.0625
vt 0.0625 0.9375
vt 0.9375 0.9375
vt 0.9375 0.0625
vt 0.0625 0.9375
vt 0.9375 0.9375
vt 0.9375 0.0625
vt 0.0625 0.9375
vt 0.9375 0.9375
vt 0.9375 0.0625
vt 0.0625 0.9375
vt 0.9375 0.9375
vt 0.9375 0.0625
vt 0.0625 0.9375
vt 0.9375 0.9375
vt 0.9375 0.0625
vt 0.0625 0.9375
vt 0.9375 0.9375
vt 0.9375 0.0625
vt 0.0625 0.9375
vt 0.9375 0.9375
vt 0.9375 0.0625
vt 0.0625 0.9375
vt 0.9375 0.9375
vt 0.9375 0.0625
vt 0.0625 0.9375
vt 0.9375 0.9375
vt 0.9375 0.0625
vt 0.0625 0.9375
vt 0.9375 0.9375
vt 0.9375 0.0625
vt 0.0625 0.9375
vt 0.9375 0.9375
vt 0.9375 0.0625
vt 0.0625 0.9375
vt 0.9375 0.9375
vt 0.9375 0.0625
vt 0.0625 0.9375
vt 0.9375 0.9375
vt 0.9375 0.0625
vt 0.0625 0.9375
vt 0.9375 0.9375
vt 0.9375 0.0625
vt 0.0625 0.9375
vt 0.9375 0.9375
vt 0.9375 0.0625
vt 0.0625 0.9375
vt 0.9375 0.9375
vt 0.9375 0.0625
vt 0.0625 0.9375
vt 0.9375 0.9375
vt 0.9375 0.0625
vt 0.0625 0.9375
vt 0.9375 0.9375
vt 0.9375 0.0625
vt 0.0625 0.0625
vt 0.0625 0.9375
vt 0.9375 0.9375
vt 0.9375 0.0625
vt 0.0625 0.0625
vt 0.0625 0.9375
vt 0.9375 0.9375
vt 0.9375 0.0625
vt 0.0625 0.0625
vt 0.0625 0.9375
vt 0.9375 0.9375
vt 0.9375 0.0625
vt 0.0625 0.0625
vt 0.0625 0.9375
vt 0.9375 0.9375
vt 0.9375 0.0625
vt 0.0625 0.0625
vt 0.0625 0.9375
vt 0.9375 0.9375
vt 0.9375 0.0625
vt 0.0625 0.0625
vt 0.0625 0.9375
vt 0.9375 0.9375
vt 0.9375 0.0625
vt 0.0625 0.0625
vt 0.0625 0.9375
vt 0.9375 0.9375
vt 0.9375 0.0625
vt 0.0625 0.0625
vt 0.0625 0.9375
vt 0.9375 0.9375
vt 0.9375 0.0625
vt 0.0625 0.0625
vt 0.0625 0.9375
vt 0.9375 0.9375
vt 0.9375 0.0625
vt 0.0625 0.0625
vt 0.0625 0.9375
vt 0.9375 0.9375
vt 0.9375 0.0625
vt 0.0625 0.0625
vt 0.0625 0.9375
vt 0.9375 0.9375
vt 0.9375 0.0625
vt 0.0625 0.0625
vt 0.0625 0.9375
vt 0.9375 0.9375
vt 0.9375 0.0625
vt 0.0625 0.0625
vt 0.0625 0.9375
vt 0.9375 0.9375
vt 0.9375 0.0625
vt 0.0625 0.0625
vt 0.0625 0.9375
vt 0.9375 0.9375
vt 0.9375 0.0625
vt 0.0625 0.0625
vt 0.0625 0.9375
vt 0.9375 0.9375
vt 0.9375 0.0625
vt 0.0625 0.0625
vt 0.0625 0.9375
vt 0.9375 0.9375
vt 0.9375 0.0625
vt 0.0625 0.0625
vt 0.0625 0.9375
vt 0.9375 0.9375
vt 0.9375 0.0625
vt 0.0625 0.0625
vt 0.0625 0.9375
vt 0.9375 0.9375
vt 0.9375 0.0625
vt 0.0625 0.0625
vt 0.0625 0.9375
vt 0.9375 0.9375
vt 0.9375 0.0625
vt 0.0625 0.0625
vt 0.0625 0.9375
vt 0.9375 0.9375
vt 0.9375 0.0625
vt 0.0625 0.0625
vt 0.0625 0.9375
vt 0.9375 0.9375
vt 0.9375 0.0625
vt 0.0625 0.0625
vt 0.0625 0.9375
vt 0.9375 0.9375
vt 0.9375 0.0625
vt 0.0625 0.0625
vt 0.0625 0.9375
vt 0.9375 0.9375
vt 0.9375 0.0625
vt 0.0625 0.0625
vt 0.0625 0.9375
vt 0.9375 0.9375
vt 0.9375 0.0625
vt 0.0625 0.0625
vt 0.0625 0.9375
vt 0.9375 0.9375
vt 0.9375 0.0625
vt 0.0625 0.0625
vt 0.0625 0.9375
vt 0.9375 0.9375
vt 0.9375 0.0625
vt 0.0625 0.0625
vt 0.0625 0.9375
vt 0.9375 0.9375
vt 0.9375 0.0625
vt 0.0625 0.0625
vt 0.0625 0.9375
vt 0.9375 0.9375
vt 0.9375 0.0625
vt 0.0625 0.0625
vt 0.0625 0.9375
vt 0.9375 0.9375
vt 0.9375 0.0625
vt 0.0625 0.0625
vt 0.0625 0.9375
vt 0.9375 0.9375
vt 0.9375 0.0625
vt 0.0625 0.0625
vt 0.0625 0.9375
vt 0.9375 0.9375
vt 0.9375 0.0625
vt 0.0625 0.0625
vt 0.0625 0.9375
vt 0.9375 0.9375
vt 0.9375 0.0625
vt 0.0625 0.0625
vt 0.0625 0.9375
vt 0.9375 0.9375
vt 0.9375 0.0625
vt 0.0625 0.0625
vt 0.0625 0.9375
vt 0.9375 0.9375
vt 0.9375 0.0625
vt 0.0625 0.0625
vt 0.0625 0.9375
vt 0.9375 0.9375
vt 0.9375 0.0625
vt 0.0625 0.0625
vt 0.0625 0.9375
vt 0.9375 0.9375
vt 0.9375 0.0625
vt 0.0625 0.0625
vt 0.0625 0.9375
vt 0.9375 0.9375
vt 0.9375 0.0625
vt 0.0625 0.0625
vt 0.0625 0.9375
vt 0.9375 0.9375
vt 0.9375 0.0625
vt 0.0625 0.0625
vt 0.0625 0.9375
vt 0.9375 0.9375
vt 0.9375 0.0625
vt 0.0625 0.0625
vt 0.0625 0.9375
vt 0.9375 0.9375
vt 0.9375 0.0625
vt 0.0625 0.0625
vt 0.0625 0.9375
vt 0.9375 0.9375
vt 0.9375 0.0625
vt 0.0625 0.0625
vt 0.0625 0.9375
vt 0.9375 0.9375
vt 0.9375 0.0625
vt 0.0625 0.0625
vt 0.0625 0.9375
vt 0.9375 0.9375
vt 0.9375 0.0625
vt 0.0625 0.0625
vt 0.0625 0.9375
vt 0.9375 0.9375
vt 0.9375 0.0625
vt 0.0625 0.0625
vt 0.0625 0.9375
vt 0.9375 0.9375
vt 0.9375 0.0625
vt 0.0625 0.0625
vt 0.0625 0.9375
vt 0.9375 0.9375
vt 0.9375 0.0625
vt 0.0625 0.0625
vt 0.0625 0.9375
vt 0.9375 0.9375
vt 0.9375 0.0625
vt 0.0625 0.0625
vt 0.0625 0.9375
vt 0.9375 0.9375
vt 0.9375 0.0625
vt 0.0625 0.0625
vt 0.0625 0.9375
vt 0.9375 0.9375
vt 0.9375 0.0625
vt 0.0625 0.0625
vt 0.0625 0.9375
vt 0.9375 0.9375
vt 0.9375 0.0625
vt 0.0625 0.0625
vt 0.0625 0.9375
vt 0.9375 0.9375
vt 0.9375 0.0625
vt 0.0625 0.0625
vt 0.0625 0.9375
vt 0.9375 0.9375
vt 0.9375 0.0625
vt 0.0625 0.0625
vt 0.0625 0.9375
vt 0.9375 0.9375
vt 0.9375 0.0625
vt 0.0625 0.0625
vt 0.0625 0.9375
vt 0.9375 0.9375
vt 0.9375 0.0625
vt 0.0625 0.0625
vt 0.0625 0.9375
vt 0.9375 0.9375
vt 0.9375 0.0625
vt 0.0625 0.0625
vt 0.0625 0.9375
vt 0.9375 0.9375
vt 0.9375 0.0625
vt 0.0625 0.0625
vt 0.0625 0.9375
vt 0.9375 0.9375
vt 0.9375 0.0625
vt 0.0625 0.0625
vt 0.0625 0.9375
vt 0.9375 0.9375
vt 0.9375 0.0625
vt 0.0625 0.0625
vt 0.0625 0.9375
vt 0.9375 0.9375
vt 0.9375 0.0625
vt 0.0625 0.0625
vt 0.0625 0.9375
vt 0.9375 0.9375
vt 0.9375 0.0625
vt 0.0625 0.0625
vt 0.0625 0.9375
vt 0.9375 0.9375
vt 0.9375 0.0625
vt 0.0625 0.0625
vt 0.0625 0.9375
vt 0.9375 0.9375
vt 0.9375 0.0625
vt 0.0625 0.0625
vt 0.0625 0.9375
vt 0.9375 0.9375
vt 0.9375 0.0625
vt 0.0625 0.0625
vt 0.0625 0.9375
vt 0.9375 0.9375
vt 0.9375 0.0625
vt 0.0625 0.0625
vt 0.0625 0.9375
vt 0.9375 0.9375
vt 0.9375 0.0625
vt 0.0625 0.0625
vt 0.0625 0.9375
vt 0.9375 0.9375
vt 0.9375 0.0625
vt 0.0625 0.0625
vt 0.0625 0.9375
vt 0.9375 0.9375
vt 0.9375 0.0625
vt 0.0625 0.0625
vt 0.0625 0.9375
vt 0.9375 0.9375
vt 0.9375 0.0625
vt 0.0625 0.0625
vt 0.0625 0.9375
vt 0.9375 0.9375
vt 0.9375 0.0625
vt 0.0625 0.0625
vt 0.0625 0.9375
vt 0.9375 0.9375
vt 0.9375 0.0625
vt 0.0625 0.0625
vt 0.0625 0.9375
vt 0.9375 0.9375
vt 0.9375 0.0625
vt 0.0625 0.0625
vt 0.0625 0.9375
vt 0.9375 0.9375
vt 0.9375 0.0625
vt 0.0625 0.0625
vt 0.0625 0.9375
vt 0.9375 0.9375
vt 0.9375 0.0625
vt 0.0625 0.0625
vt 0.0625 0.9375
vt 0.9375 0.9375
vt 0.9375 0.0625
vt 0.0625 0.0625
vt 0.0625 0.9375
vt 0.9375 0.9375
vt 0.9375 0.0625
vt 0.0625 0.0625
vt 0.0625 0.9375
vt 0.9375 0.9375
vt 0.9375 0.0625
vt 0.0625 0.0625
vt 0.0625 0.9375
vt 0.9375 0.9375
vt 0.9375 0.0625
vt 0.0625 0.0625
vt 0.0625 0.9375
vt 0.9375 0.9375
vt 0.9375 0.0625
vt 0.0625 0.0625
vt 0.0625 0.9375
vt 0.9375 0.9375
vt 0.9375 0.0625
vt 0.0625 0.0625
vt 0.0625 0.9375
vt 0.9375 0.9375
vt 0.9375 0.0625
vt 0.0625 0.0625
vt 0.0625 0.9375
vt 0.9375 0.9375
vt 0.9375 0.0625
vt 0.0625 0.0625
vt 0.0625 0.9375
vt 0.9375 0.9375
vt 0.9375 0.0625
vt 0.0625 0.0625
vt 0.0625 0.9375
vt 0.9375 0.9375
vt 0.9375 0.0625
vt 0.0625 0.0625
vt 0.0625 0.9375
vt 0.9375 0.9375
vt 0.9375 0.0625
vt 0.0625 0.0625
vt 0.0625 0.9375
vt 0.9375 0.9375
vt 0.9375 0.0625
vt 0.0625 0.0625
vt 0.0625 0.9375
vt 0.9375 0.9375
vt 0.9375 0.0625
vt 0.0625 0.0625
vt 0.0625 0.9375
vt 0.9375 0.9375
vt 0.9375 0.0625
vt 0.0625 0.0625
vt 0.0625 0.9375
vt 0.9375 0.9375
vt 0.9375 0.0625
vt 0.0625 0.0625
vt 0.0625 0.9375
vt 0.9375 0.9375
vt 0.9375 0.0625
vt 0.0625 0.0625
vt 0.0625 0.9375
vt 0.9375 0.9375
vt 0.9375 0.0625
vt 0.0625 0.0625
vt 0.0625 0.9375
vt 0.9375 0.9375
vt 0.9375 0.0625
vt 0.0625 0.0625
vt 0.0625 0.9375
vt 0.9375 0.9375
vt 0.9375 0.0625
vt 0.0625 0.0625
vt 0.0625 0.9375
vt 0.9375 0.9375
vt 0.9375 0.0625
vt 0.0625 0.0625
vt 0.0625 0.9375
vt 0.9375 0.9375
vt 0.9375 0.0625
vt 0.0625 0.0625
vt 0.0625 0.9375
vt 0.9375 0.9375
vt 0.9375 0.0625
vt 0.0625 0.0625
vt 0.0625 0.9375
vt 0.9375 0.9375
vt 0.9375 0.0625
vt 0.0625 0.0625
vt 0.0625 0.9375
vt 0.9375 0.9375
vt 0.9375 0.0625
vt 0.0625 0.0625
vt 0.0625 0.9375
vt 0.9375 0.9375
vt 0.9375 0.0625
vt 0.0625 0.0625
vt 0.0625 0.9375
vt 0.9375 0.9375
vt 0.9375 0.0625
vt 0.0625 0.0625
vt 0.0625 0.9375
vt 0.9375 0.9375
vt 0.9375 0.0625
vt 0.0625 0.0625
vt 0.0625 0.9375
vt 0.9375 0.9375
vt 0.9375 0.0625
vt 0.0625 0.0625
vt 0.0625 0.9375
vt 0.9375 0.9375
vt 0.9375 0.0625
vt 0.0625 0.0625
vt 0.0625 0.9375
vt 0.9375 0.9375
vt 0.9375 0.0625
vt 0.0625 0.0625
vt 0.0625 0.9375
vt 0.9375 0.9375
vt 0.9375 0.0625
vt 0.0625 0.0625
vt 0.0625 0.9375
vt 0.9375 0.9375
vt 0.9375 0.0625
vt 0.0625 0.0625
vt 0.0625 0.9375
vt 0.9375 0.9375
vt 0.9375 0.0625
vt 0.0625 0.0625
vt 0.0625 0.9375
vt 0.9375 0.9375
vt 0.9375 0.0625
vt 0.0625 0.0625
vt 0.0625 0.9375
vt 0.9375 0.9375
vt 0.9375 0.0625
vt 0.0625 0.0625
vt 0.0625 0.9375
vt 0.9375 0.9375
vt 0.9375 0.0625
vt 0.0625 0.0625
vt 0.0625 0.9375
vt 0.9375 0.9375
vt 0.9375 0.0625
vt 0.0625 0.0625
vt 0.0625 0.9375
vt 0.9375 0.9375
vt 0.9375 0.0625
vt 0.0625 0.0625
vt 0.0625 0.9375
vt 0.9375 0.9375
vt 0.9375 0.0625
vt 0.0625 0.0625
vt 0.0625 0.9375
vt 0.9375 0.9375
vt 0.9375 0.0625
vt 0.0625 0.0625
vt 0.0625 0.9375
vt 0.9375 0.9375
vt 0.9375 0.0625
vt 0.0625 0.0625
vt 0.0625 0.9375
vt 0.9375 0.9375
vt 0.9375 0.0625
vt 0.0625 0.0625
vt 0.0625 0.9375
vt 0.9375 0.9375
vt 0.9375 0.0625
vt 0.0625 0.0625
vt 0.0625 0.9375
vt 0.9375 0.9375
vt 0.9375 0.0625
vt 0.0625 0.0625
vt 0.0625 0.9375
vt 0.9375 0.9375
vt 0.9375 0.0625
vt 0.0625 0.0625
vt 0.0625 0.9375
vt 0.9375 0.9375
vt 0.9375 0.0625
vt 0.0625 0.0625
vt 0.0625 0.9375
vt 0.9375 0.9375
vt 0.9375 0.0625
vt 0.0625 0.0625
vt 0.0625 0.9375
vt 0.9375 0.9375
vt 0.9375 0.0625
vt 0.0625 0.0625
vt 0.0625 0.9375
vt 0.9375 0.9375
vt 0.9375 0.0625
vt 0.0625 0.0625
vt 0.0625 0.9375
vt 0.9375 0.9375
vt 0.9375 0.0625
vt 0.0625 0.0625
vt 0.0625 0.9375
vt 0.9375 0.9375
vt 0.9375 0.0625
vt 0.0625 0.0625
vt 0.0625 0.9375
vt 0.9375 0.9375
vt 0.9375 0.0625
vt 0.0625 0.0625
vt 0.0625 0.9375
vt 0.9375 0.9375
vt 0.9375 0.0625
vt 0.0625 0.0625
vt 0.0625 0.9375
vt 0.9375 0.9375
vt 0.9375 0.0625
vt 0.0625 0.0625
vt 0.0625 0.9375
vt 0.9375 0.9375
vt 0.9375 0.0625
vt 0.0625 0.0625
vt 0.0625 0.9375
vt 0.9375 0.9375
vt 0.9375 0.0625
vt 0.0625 0.0625
vt 0.0625 0.9375
vt 0.9375 0.9375
vt 0.9375 0.0625
vt 0.0625 0.0625
vt 0.0625 0.9375
vt 0.9375 0.9375
vt 0.9375 0.0625
vt 0.0625 0.0625
vt 0.0625 0.9375
vt 0.9375 0.9375
vt 0.9375 0.0625
vt 0.0625 0.0625
vt 0.0625 0.9375
vt 0.9375 0.9375
vt 0.9375 0.0625
vt 0.0625 0.0625
vt 0.0625 0.9375
vt 0.9375 0.9375
vt 0.9375 0.0625
vt 0.0625 0.0625
vt 0.0625 0.9375
vt 0.9375 0.9375
vt 0.9375 0.0625
vt 0.0625 0.0625
vt 0.0625 0.9375
vt 0.9375 0.9375
vt 0.9375 0.0625
vt 0.0625 0.0625
vt 0.0625 0.9375
vt 0.9375 0.9375
vt 0.9375 0.0625
vt 0.0625 0.0625
vt 0.0625 0.9375
vt 0.9375 0.9375
vt 0.9375 0.0625
vt 0.0625 0.0625
vt 0.0625 0.9375
vt 0.9375 0.9375
vt 0.9375 0.0625
vt 0.0625 0.0625
vt 0.0625 0.9375
vt 0.9375 0.9375
vt 0.9375 0.0625
vt 0.0625 0.0625
vt 0.0625 0.9375
vt 0.9375 0.9375
vt 0.9375 0.0625
vt 0.0625 0.0625
vt 0.0625 0.9375
vt 0.9375 0.9375
vt 0.9375 0.0625
vt 0.0625 0.0625
vt 0.0625 0.9375
vt 0.9375 0.9375
vt 0.9375 0.0625
vt 0.0625 0.0625
vt 0.0625 0.9375
vt 0.9375 0.9375
vt 0.9375 0.0625
vt 0.0625 0.0625
vt 0.0625 0.9375
vt 0.9375 0.9375
vt 0.9375 0.0625
vt 0.0625 0.0625
vt 0.0625 0.9375
vt 0.9375 0.9375
vt 0.9375 0.0625
vt 0.0625 0.0625
vt 0.0625 0.9375
vt 0.9375 0.9375
vt 0.9375 0.0625
vt 0.0625 0.0625
vt 0.0625 0.9375
vt 0.9375 0.9375
vt 0.9375 0.0625
vt 0.0625 0.0625
vt 0.0625 0.9375
vt 0.9375 0.9375
vt 0.9375 0.0625
vt 0.0625 0.0625
vt 0.0625 0.9375
vt 0.9375 0.9375
vt 0.9375 0.0625
vt 0.0625 0.0625
vt 0.0625 0.9375
vt 0.9375 0.9375
vt 0.9375 0.0625
vt 0.0625 0.0625
vt 0.0625 0.9375
vt 0.9375 0.9375
vt 0.9375 0.0625
vt 0.0625 0.0625
vt 0.0625 0.9375
vt 0.9375 0.9375
vt 0.9375 0.0625
vt 0.0625 0.0625
vt 0.0625 0.9375
vt 0.9375 0.9375
vt 0.9375 0.0625
vt 0.0625 0.0625
vt 0.0625 0.9375
vt 0.9375 0.9375
vt 0.9375 0.0625
vt 0.0625 0.0625
vt 0.0625 0.9375
vt 0.9375 0.9375
vt 0.9375 0.0625
vt 0.0625 0.0625
vt 0.0625 0.9375
vt 0.9375 0.9375
vt 0.9375 0.0625
vt 0.0625 0.0625
vt 0.0625 0.9375
vt 0.9375 0.9375
vt 0.9375 0.0625
vt 0.0625 0.0625
vt 0.0625 0.9375
vt 0.9375 0.9375
vt 0.9375 0.0625
vt 0.0625 0.0625
vt 0.0625 0.9375
vt 0.9375 0.9375
vt 0.9375 0.0625
vt 0.0625 0.0625
vt 0.0625 0.9375
vt 0.9375 0.9375
vt 0.9375 0.0625
vt 0.0625 0.0625
vt 0.0625 0.9375
vt 0.9375 0.9375
vt 0.9375 0.0625
vt 0.0625 0.0625
vt 0.0625 0.9375
vt 0.9375 0.9375
vt 0.9375 0.0625
vt 0.0625 0.0625
vt 0.0625 0.9375
vt 0.9375 0.9375
vt 0.9375 0.0625
vt 0.0625 0.0625
vt 0.0625 0.9375
vt 0.9375 0.9375
vt 0.9375 0.0625
vt 0.0625 0.0625
vt 0.0625 0.9375
vt 0.9375 0.9375
vt 0.9375 0.0625
vt 0.0625 0.0625
vt 0.0625 0.9375
vt 0.9375 0.9375
vt 0.9375 0.0625
vt 0.0625 0.0625
vt 0.0625 0.9375
vt 0.9375 0.9375
vt 0.9375 0.0625
vt 0.0625 0.0625
vt 0.0625 0.9375
vt 0.9375 0.9375
vt 0.9375 0.0625
vt 0.0625 0.0625
vt 0.0625 0.9375
vt 0.9375 0.9375
vt 0.9375 0.0625
vt 0.0625 0.0625
vt 0.0625 0.9375
vt 0.9375 0.9375
vt 0.9375 0.0625
vt 0.0625 0.0625
vt 0.0625 0.9375
vt 0.9375 0.9375
vt 0.9375 0.0625
vt 0.0625 0.0625
vt 0.0625 0.9375
vt 0.9375 0.9375
vt 0.9375 0.0625
vt 0.0625 0.0625
vt 0.0625 0.9375
vt 0.9375 0.9375
vt 0.9375 0.0625
vt 0.0625 0.0625
vt 0.0625 0.9375
vt 0.9375 0.9375
vt 0.9375 0.0625
vt 0.0625 0.0625
vt 0.0625 0.9375
vt 0.9375 0.9375
vt 0.9375 0.0625
vt 0.0625 0.0625
vt 0.0625 0.9375
vt 0.9375 0.9375
vt 0.9375 0.0625
vt 0.0625 0.0625
vt 0.0625 0.9375
vt 0.9375 0.9375
vt 0.9375 0.0625
vt 0.0625 0.0625
vt 0.0625 0.9375
vt 0.9375 0.9375
vt 0.9375 0.0625
vt 0.0625 0.0625
vt 0.0625 0.9375
vt 0.9375 0.9375
vt 0.9375 0.0625
vt 0.0625 0.0625
vt 0.0625 0.9375
vt 0.9375 0.9375
vt 0.9375 0.0625
vt 0.0625 0.0625
vt 0.0625 0.9375
vt 0.9375 0.9375
vt 0.9375 0.0625
vt 0.0625 0.0625
vt 0.0625 0.9375
vt 0.9375 0.9375
vt 0.9375 0.0625
vt 0.0625 0.0625
vt 0.0625 0.9375
vt 0.9375 0.9375
vt 0.9375 0.0625
vt 0.0625 0.0625
vt 0.0625 0.9375
vt 0.9375 0.9375
vt 0.9375 0.0625
vt 0.0625 0.0625
vt 0.0625 0.9375
vt 0.9375 0.9375
vt 0.9375 0.0625
vt 0.0625 0.0625
vt 0.0625 0.9375
vt 0.9375 0.9375
vt 0.9375 0.0625
vt 0.0625 0.0625
vt 0.0625 0.9375
vt 0.9375 0.9375
vt 0.9375 0.0625
vt 0.0625 0.0625
vt 0.0625 0.9375
vt 0.9375 0.9375
vt 0.9375 0.0625
vt 0.0625 0.0625
vt 0.0625 0.9375
vt 0.9375 0.9375
vt 0.9375 0.0625
vt 0.0625 0.0625
vt 0.0625 0.9375
vt 0.9375 0.9375
vt 0.9375 0.0625
vt 0.0625 0.0625
vt 0.905547422 0.446608669
vt 0.916468807 0.445170841
vt 0.888087146 0.339249041
vt 0.877910036 0.343464538
vt 0.877910036 0.343464538
vt 0.888087146 0.339249041
vt 0.833257988 0.244282152
vt 0.824518705 0.25098804
vt 0.824518705 0.25098804
vt 0.833257988 0.244282152
vt 0.755717848 0.166742012
vt 0.74901196 0.175481295
vt 0.74901196 0.175481295
vt 0.755717848 0.166742012
vt 0.660750959 0.111912854
vt 0.656535462 0.122089964
vt 0.656535462 0.122089964
vt 0.660750959 0.111912854
vt 0.554829159 0.0835311929
vt 0.553391331 0.0944525777
vt 0.553391331 0.0944525777
vt 0.554829159 0.0835311929
vt 0.445170841 0.0835311929
vt 0.446608669 0.0944525777
vt 0.446608669 0.0944525777
vt 0.445170841 0.0835311929
vt 0.339249041 0.111912854
vt 0.343464538 0.122089964
vt 0.343464538 0.122089964
vt 0.339249041 0.111912854
vt 0.244282152 0.166742012
vt 0.25098804 0.175481295
vt 0.25098804 0.175481295
vt 0.244282152 0.166742012
vt 0.166742012 0.244282152
vt 0.175481295 0.25098804
vt 0.175481295 0.25098804
vt 0.166742012 0.244282152
vt 0.111912854 0.339249041
vt 0.122089964 0.343464538
vt 0.122089964 0.343464538
vt 0.111912854 0.339249041
vt 0.0835311929 0.445170841
vt 0.0944525777 0.446608669
vt 0.0944525777 0.446608669
vt 0.0835311929 0.445170841
vt 0.0835311929 0.554829159
vt 0.0944525777 0.553391331
vt 0.0944525777 0.553391331
vt 0.0835311929 0.554829159
vt 0.111912854 0.660750959
vt 0.122089964 0.656535462
vt 0.122089964 0.656535462
vt 0.111912854 0.660750959
vt 0.166742012 0.755717848
vt 0.175481295 0.74901196
vt 0.175481295 0.74901196
vt 0.166742012 0.755717848
vt 0.244282152 0.833257988
vt 0.25098804 0.824518705
vt 0.25098804 0.824518705
vt 0.244282152 0.833257988
vt 0.339249041 0.888087146
vt 0.343464538 0.877910036
vt 0.343464538 0.877910036
vt 0.339249041 0.888087146
vt 0.445170841 0.916468807
vt 0.446608669 0.905547422
vt 0.446608669 0.905547422
vt 0.445170841 0.916468807
vt 0.554829159 0.916468807
vt 0.553391331 0.905547422
vt 0.553391331 0.905547422
vt 0.554829159 0.916468807
vt 0.660750959 0.888087146
vt 0.656535462 0.877910036
vt 0.656535462 0.877910036
vt 0.660750959 0.888087146
vt 0.755717848 0.833257988
vt 0.74901196 0.824518705
vt 0.74901196 0.824518705
vt 0.755717848 0.833257988
vt 0.833257988 0.755717848
vt 0.824518705 0.74901196
vt 0.824518705 0.74901196
vt 0.833257988 0.755717848
vt 0.888087146 0.660750959
vt 0.877910036 0.656535462
vt 0.877910036 0.656535462
vt 0.888087146 0.660750959
vt 0.916468807 0.554829159
vt 0.905547422 0.553391331
vt 0.905547422 0.553391331
vt 0.916468807 0.554829159
vt 0.916468807 0.445170841
vt 0.905547422 0.446608669
vt 0.916468807 0.445170841
vt 0.916468807 0.445170841
vt 0.888087146 0.339249041
vt 0.888087146 0.339249041
vt 0.888087146 0.339249041
vt 0.888087146 0.339249041
vt 0.833257988 0.244282152
vt 0.833257988 0.244282152
vt 0.833257988 0.244282152
vt 0.833257988 0.244282152
vt 0.755717848 0.166742012
vt 0.755717848 0.166742012
vt 0.755717848 0.166742012
vt 0.755717848 0.166742012
vt 0.660750959 0.111912854
vt 0.660750959 0.111912854
vt 0.660750959 0.111912854
vt 0.660750959 0.111912854
vt 0.554829159 0.0835311929
vt 0.554829159 0.0835311929
vt 0.554829159 0.0835311929
vt 0.554829159 0.0835311929
vt 0.445170841 0.0835311929
vt 0.445170841 0.0835311929
vt 0.445170841 0.0835311929
vt 0.445170841 0.0835311929
vt 0.339249041 0.111912854
vt 0.339249041 0.111912854
vt 0.339249041 0.111912854
vt 0.339249041 0.111912854
vt 0.244282152 0.166742012
vt 0.244282152 0.166742012
vt 0.244282152 0.166742012
vt 0.244282152 0.166742012
vt 0.166742012 0.244282152
vt 0.166742012 0.244282152
vt 0.166742012 0.244282152
vt 0.166742012 0.244282152
vt 0.111912854 0.339249041
vt 0.111912854 0.339249041
vt 0.111912854 0.339249041
vt 0.111912854 0.339249041
vt 0.0835311929 0.445170841
vt 0.0835311929 0.445170841
vt 0.0835311929 0.445170841
vt 0.0835311929 0.445170841
vt 0.0835311929 0.554829159
vt 0.0835311929 0.554829159
vt 0.0835311929 0.554829159
vt 0.0835311929 0.554829159
vt 0.111912854 0.660750959
vt 0.111912854 0.660750959
vt 0.111912854 0.660750959
vt 0.111912854 0.660750959
vt 0.166742012 0.755717848
vt 0.166742012 0.755717848
vt 0.166742012 0.755717848
vt 0.166742012 0.755717848
vt 0.244282152 0.833257988
vt 0.244282152 0.833257988
vt 0.244282152 0.833257988
vt 0.244282152 0.833257988
vt 0.339249041 0.888087146
vt 0.339249041 0.888087146
vt 0.339249041 0.888087146
vt 0.339249041 0.888087146
vt 0.445170841 0.916468807
vt 0.445170841 0.916468807
vt 0.445170841 0.916468807
vt 0.445170841 0.916468807
vt 0.554829159 0.916468807
vt 0.554829159 0.916468807
vt 0.554829159 0.916468807
vt 0.554829159 0.916468807
vt 0.660750959 0.888087146
vt 0.660750959 0.888087146
vt 0.660750959 0.888087146
vt 0.660750959 0.888087146
vt 0.755717848 0.833257988
vt 0.755717848 0.833257988
vt 0.755717848 0.833257988
vt 0.755717848 0.833257988
vt 0.833257988 0.755717848
vt 0.833257988 0.755717848
vt 0.833257988 0.755717848
vt 0.833257988 0.755717848
vt 0.888087146 0.660750959
vt 0.888087146 0.660750959
vt 0.888087146 0.660750959
vt 0.888087146 0.660750959
vt 0.916468807 0.554829159
vt 0.916468807 0.554829159
vt 0.916468807 0.554829159
vt 0.916468807 0.554829159
vt 0.916468807 0.445170841
vt 0.916468807 0.445170841
vt 0.916468807 0.445170841
vt 0.905547422 0.446608669
vt 0.877910036 0.343464538
vt 0.888087146 0.339249041
vt 0.888087146 0.339249041
vt 0.877910036 0.343464538
vt 0.824518705 0.25098804
vt 0.833257988 0.244282152
vt 0.833257988 0.244282152
vt 0.824518705 0.25098804
vt 0.74901196 0.175481295
vt 0.755717848 0.166742012
vt 0.755717848 0.166742012
vt 0.74901196 0.175481295
vt 0.656535462 0.122089964
vt 0.660750959 0.111912854
vt 0.660750959 0.111912854
vt 0.656535462 0.122089964
vt 0.553391331 0.0944525777
vt 0.554829159 0.0835311929
vt 0.554829159 0.0835311929
vt 0.553391331 0.0944525777
vt 0.446608669 0.0944525777
vt 0.445170841 0.0835311929
vt 0.445170841 0.0835311929
vt 0.446608669 0.0944525777
vt 0.343464538 0.122089964
vt 0.339249041 0.111912854
vt 0.339249041 0.111912854
vt 0.343464538 0.122089964
vt 0.25098804 0.175481295
vt 0.244282152 0.166742012
vt 0.244282152 0.166742012
vt 0.25098804 0.175481295
vt 0.175481295 0.25098804
vt 0.166742012 0.244282152
vt 0.166742012 0.244282152
vt 0.175481295 0.25098804
vt 0.122089964 0.343464538
vt 0.111912854 0.339249041
vt 0.111912854 0.339249041
vt 0.122089964 0.343464538
vt 0.0944525777 0.446608669
vt 0.0835311929 0.445170841
vt 0.0835311929 0.445170841
vt 0.0944525777 0.446608669
vt 0.0944525777 0.553391331
vt 0.0835311929 0.554829159
vt 0.0835311929 0.554829159
vt 0.0944525777 0.553391331
vt 0.122089964 0.656535462
vt 0.111912854 0.660750959
vt 0.111912854 0.660750959
vt 0.122089964 0.656535462
vt 0.175481295 0.74901196
vt 0.166742012 0.755717848
vt 0.166742012 0.755717848
vt 0.175481295 0.74901196
vt 0.25098804 0.824518705
vt 0.244282152 0.833257988
vt 0.244282152 0.833257988
vt 0.25098804 0.824518705
vt 0.343464538 0.877910036
vt 0.339249041 0.888087146
vt 0.339249041 0.888087146
vt 0.343464538 0.877910036
vt 0.446608669 0.905547422
vt 0.445170841 0.916468807
vt 0.445170841 0.916468807
vt 0.446608669 0.905547422
vt 0.553391331 0.905547422
vt 0.554829159 0.916468807
vt 0.554829159 0.916468807
vt 0.553391331 0.905547422
vt 0.656535462 0.877910036
vt 0.660750959 0.888087146
vt 0.660750959 0.888087146
vt 0.656535462 0.877910036
vt 0.74901196 0.824518705
vt 0.755717848 0.833257988
vt 0.755717848 0.833257988
vt 0.74901196 0.824518705
vt 0.824518705 0.74901196
vt 0.833257988 0.755717848
vt 0.833257988 0.755717848
vt 0.824518705 0.74901196
vt 0.877910036 0.656535462
vt 0.888087146 0.660750959
vt 0.888087146 0.660750959
vt 0.877910036 0.656535462
vt 0.905547422 0.553391331
vt 0.916468807 0.554829159
vt 0.916468807 0.554829159
vt 0.905547422 0.553391331
vt 0.905547422 0.446608669
vt 0.916468807 0.445170841
vt 0.5 0.5
vt 0.905547422 0.446608669
vt 0.877910036 0.343464538
vt 0.5 0.5
vt 0.877910036 0.343464538
vt 0.905547422 0.446608669
vt 0.5 0.5
vt 0.877910036 0.343464538
vt 0.824518705 0.25098804
vt 0.5 0.5
vt 0.824518705 0.25098804
vt 0.877910036 0.343464538
vt 0.5 0.5
vt 0.824518705 0.25098804
vt 0.74901196 0.175481295
vt 0.5 0.5
vt 0.74901196 0.175481295
vt 0.824518705 0.25098804
vt 0.5 0.5
vt 0.74901196 0.175481295
vt 0.656535462 0.122089964
vt 0.5 0.5
vt 0.656535462 0.122089964
vt 0.74901196 0.175481295
vt 0.5 0.5
vt 0.656535462 0.122089964
vt 0.553391331 0.0944525777
vt 0.5 0.5
vt 0.553391331 0.0944525777
vt 0.656535462 0.122089964
vt 0.5 0.5
vt 0.553391331 0.0944525777
vt 0.446608669 0.0944525777
vt 0.5 0.5
vt 0.446608669 0.0944525777
vt 0.553391331 0.0944525777
vt 0.5 0.5
vt 0.446608669 0.0944525777
vt 0.343464538 0.122089964
vt 0.5 0.5
vt 0.343464538 0.122089964
vt 0.446608669 0.0944525777
vt 0.5 0.5
vt 0.343464538 0.122089964
vt 0.25098804 0.175481295
vt 0.5 0.5
vt 0.25098804 0.175481295
vt 0.343464538 0.122089964
vt 0.5 0.5
vt 0.25098804 0.175481295
vt 0.175481295 0.25098804
vt 0.5 0.5
vt 0.175481295 0.25098804
vt 0.25098804 0.175481295
vt 0.5 0.5
vt 0.175481295 0.25098804
vt 0.122089964 0.343464538
vt 0.5 0.5
vt 0.122089964 0.343464538
vt 0.175481295 0.25098804
vt 0.5 0.5
vt 0.122089964 0.343464538
vt 0.0944525777 0.446608669
vt 0.5 0.5
vt 0.0944525777 0.446608669
vt 0.122089964 0.343464538
vt 0.5 0.5
vt 0.0944525777 0.446608669
vt 0.0944525777 0.553391331
vt 0.5 0.5
vt 0.0944525777 0.553391331
vt 0.0944525777 0.446608669
vt 0.5 0.5
vt 0.0944525777 0.553391331
vt 0.122089964 0.656535462
vt 0.5 0.5
vt 0.122089964 0.656535462
vt 0.0944525777 0.553391331
vt 0.5 0.5
vt 0.122089964 0.656535462
vt 0.175481295 0.74901196
vt 0.5 0.5
vt 0.175481295 0.74901196
vt 0.122089964 0.656535462
vt 0.5 0.5
vt 0.175481295 0.74901196
vt 0.25098804 0.824518705
vt 0.5 0.5
vt 0.25098804 0.824518705
vt 0.175481295 0.74901196
vt 0.5 0.5
vt 0.25098804 0.824518705
vt 0.343464538 0.877910036
vt 0.5 0.5
vt 0.343464538 0.877910036
vt 0.25098804 0.824518705
vt 0.5 0.5
vt 0.343464538 0.877910036
vt 0.446608669 0.905547422
vt 0.5 0.5
vt 0.446608669 0.905547422
vt 0.343464538 0.877910036
vt 0.5 0.5
vt 0.446608669 0.905547422
vt 0.553391331 0.905547422
vt 0.5 0.5
vt 0.553391331 0.905547422
vt 0.446608669 0.905547422
vt 0.5 0.5
vt 0.553391331 0.905547422
vt 0.656535462 0.877910036
vt 0.5 0.5
vt 0.656535462 0.877910036
vt 0.553391331 0.905547422
vt 0.5 0.5
vt 0.656535462 0.877910036
vt 0.74901196 0.824518705
vt 0.5 0.5
vt 0.74901196 0.824518705
vt 0.656535462 0.877910036
vt 0.5 0.5
vt 0.74901196 0.824518705
vt 0.824518705 0.74901196
vt 0.5 0.5
vt 0.824518705 0.74901196
vt 0.74901196 0.824518705
vt 0.5 0.5
vt 0.824518705 0.74901196
vt 0.877910036 0.656535462
vt 0.5 0.5
vt 0.877910036 0.656535462
vt 0.824518705 0.74901196
vt 0.5 0.5
vt 0.877910036 0.656535462
vt 0.905547422 0.553391331
vt 0.5 0.5
vt 0.905547422 0.553391331
vt 0.877910036 0.656535462
vt 0.5 0.5
vt 0.905547422 0.553391331
vt 0.905547422 0.446608669
vt 0.5 0.5
vt 0.905547422 0.446608669
vt 0.905547422 0.553391331
vt 0.0625 0.9375
vt 0.9375 0.9375
vt 0.9375 0.0625
vt 0.0625 0.0625
vt 0.0625 0.9375
vt 0.9375 0.9375
vt 0.9375 0.0625
vt 0.0625 0.0625
vt 0.0625 0.9375
vt 0.9375 0.9375
vt 0.9375 0.0625
vt 0.0625 0.0625
vt 0.0625 0.9375
vt 0.9375 0.9375
vt 0.9375 0.0625
vt 0.0625 0.0625
vt 0.0625 0.9375
vt 0.9375 0.9375
vt 0.9375 0.0625
vt 0.0625 0.0625
vt 0.0625 0.9375
vt 0.9375 0.9375
vt 0.9375 0.0625
vt 0.0625 0.0625
vt 0.0625 0.9375
vt 0.9375 0.9375
vt 0.9375 0.0625
vt 0.0625 0.0625
vt 0.0625 0.9375
vt 0.9375 0.9375
vt 0.9375 0.0625
vt 0.0625 0.0625
vt 0.0625 0.9375
vt 0.9375 0.9375
vt 0.9375 0.0625
vt 0.0625 0.0625
vt 0.0625 0.9375
vt 0.9375 0.9375
vt 0.9375 0.0625
vt 0.0625 0.0625
vt 0.0625 0.9375
vt 0.9375 0.9375
vt 0.9375 0.0625
vt 0.0625 0.0625
vt 0.0625 0.9375
vt 0.9375 0.9375
vt 0.9375 0.0625
vt 0.0625 0.0625
vt 0.0625 0.9375
vt 0.9375 0.9375
vt 0.9375 0.0625
vt 0.0625 0.0625
vt 0.0625 0.9375
vt 0.9375 0.9375
vt 0.9375 0.0625
vt 0.0625 0.0625
vt 0.0625 0.9375
vt 0.9375 0.9375
vt 0.9375 0.0625
vt 0.0625 0.0625
vt 0.0625 0.9375
vt 0.9375 0.9375
vt 0.9375 0.0625
vt 0.0625 0.0625
vt 0.0625 0.9375
vt 0.9375 0.9375
vt 0.9375 0.0625
vt 0.0625 0.0625
vt 0.0625 0.9375
vt 0.9375 0.9375
vt 0.9375 0.0625
vt 0.0625 0.0625
vt 0.0625 0.9375
vt 0.9375 0.9375
vt 0.9375 0.0625
vt 0.0625 0.0625
vt 0.0625 0.9375
vt 0.9375 0.9375
vt 0.9375 0.0625
vt 0.0625 0.0625
vt 0.0625 0.9375
vt 0.9375 0.9375
vt 0.9375 0.0625
vt 0.0625 0.0625
vt 0.0625 0.9375
vt 0.9375 0.9375
vt 0.9375 0.0625
vt 0.0625 0.0625
vt 0.0625 0.9375
vt 0.9375 0.9375
vt 0.9375 0.0625
vt 0.0625 0.0625
vt 0.0625 0.9375
vt 0.9375 0.9375
vt 0.9375 0.0625
vt 0.0625 0.0625
vt 0.0625 0.9375
vt 0.9375 0.9375
vt 0.9375 0.0625
vt 0.0625 0.0625
vt 0.0625 0.9375
vt 0.9375 0.9375
vt 0.9375 0.0625
vt 0.0625 0.0625
vt 0.0625 0.9375
vt 0.9375 0.9375
vt 0.9375 0.0625
vt 0.0625 0.0625
vt 0.0625 0.9375
vt 0.9375 0.9375
vt 0.9375 0.0625
vt 0.0625 0.0625
vt 0.0625 0.9375
vt 0.9375 0.9375
vt 0.9375 0.0625
vt 0.0625 0.0625
vt 0.0625 0.9375
vt 0.9375 0.9375
vt 0.9375 0.0625
vt 0.0625 0.0625
vt 0.0625 0.9375
vt 0.9375 0.9375
vt 0.9375 0.0625
vt 0.0625 0.0625
vt 0.0625 0.9375
vt 0.9375 0.9375
vt 0.9375 0.0625
vt 0.0625 0.0625
vt 0.0625 0.9375
vt 0.9375 0.9375
vt 0.9375 0.0625
vt 0.0625 0.0625
vt 0.0625 0.9375
vt 0.9375 0.9375
vt 0.9375 0.0625
vt 0.0625 0.0625
vt 0.0625 0.9375
vt 0.9375 0.9375
vt 0.9375 0.0625
vt 0.0625 0.0625
vt 0.0625 0.9375
vt 0.9375 0.9375
vt 0.9375 0.0625
vt 0.0625 0.0625
vt 0.0625 0.9375
vt 0.9375 0.9375
vt 0.9375 0.0625
vt 0.0625 0.0625
vt 0.0625 0.9375
vt 0.9375 0.9375
vt 0.9375 0.0625
vt 0.0625 0.0625
vt 0.0625 0.9375
vt 0.9375 0.9375
vt 0.9375 0.0625
vt 0.0625 0.0625
vt 0.0625 0.9375
vt 0.9375 0.9375
vt 0.9375 0.0625
vt 0.0625 0.0625
vt 0.0625 0.9375
vt 0.9375 0.9375
vt 0.9375 0.0625
vt 0.0625 0.0625
vt 0.0625 0.9375
vt 0.9375 0.9375
vt 0.9375 0.0625
vt 0.0625 0.0625
vt 0.0625 0.9375
vt 0.9375 0.9375
vt 0.9375 0.0625
vt 0.0625 0.0625
vt 0.0625 0.9375
vt 0.9375 0.9375
vt 0.9375 0.0625
vt 0.0625 0.0625
vt 0.0625 0.9375
vt 0.9375 0.9375
vt 0.9375 0.0625
vt 0.0625 0.0625
vt 0.0625 0.9375
vt 0.9375 0.9375
vt 0.9375 0.0625
vt 0.0625 0.0625
vt 0.0625 0.9375
vt 0.9375 0.9375
vt 0.9375 0.0625
vt 0.0625 0.0625
vt 0.0625 0.9375
vt 0.9375 0.9375
vt 0.9375 0.0625
vt 0.0625 0.0625
vt 0.0625 0.9375
vt 0.9375 0.9375
vt 0.9375 0.0625
vt 0.0625 0.0625
vt 0.0625 0.9375
vt 0.9375 0.9375
vt 0.9375 0.0625
vt 0.0625 0.0625
vt 0.0625 0.9375
vt 0.9375 0.9375
vt 0.9375 0.0625
vt 0.0625 0.0625
vt 0.0625 0.9375
vt 0.9375 0.9375
vt 0.9375 0.0625
vt 0.0625 0.0625
vt 0.0625 0.9375
vt 0.9375 0.9375
vt 0.9375 0.0625
vt 0.0625 0.0625
vt 0.0625 0.9375
vt 0.9375 0.9375
vt 0.9375 0.0625
vt 0.0625 0.0625
vt 0.0625 0.9375
vt 0.9375 0.9375
vt 0.9375 0.0625
vt 0.0625 0.0625
vt 0.0625 0.9375
vt 0.9375 0.9375
vt 0.9375 0.0625
vt 0.0625 0.0625
vt 0.0625 0.9375
vt 0.9375 0.9375
vt 0.9375 0.0625
vt 0.0625 0.0625
vt 0.0625 0.9375
vt 0.9375 0.9375
vt 0.9375 0.0625
vt 0.0625 0.0625
vt 0.0625 0.9375
vt 0.9375 0.9375
vt 0.9375 0.0625
vt 0.0625 0.0625
vt 0.0625 0.9375
vt 0.9375 0.9375
vt 0.9375 0.0625
vt 0.0625 0.0625
vt 0.0625 0.9375
vt 0.9375 0.9375
vt 0.9375 0.0625
vt 0.0625 0.0625
vt 0.0625 0.9375
vt 0.9375 0.9375
vt 0.9375 0.0625
vt 0.0625 0.0625
vt 0.0625 0.9375
vt 0.9375 0.9375
vt 0.9375 0.0625
vt 0.0625 0.0625
vt 0.0625 0.9375
vt 0.9375 0.9375
vt 0.9375 0.0625
vt 0.0625 0.0625
vt 0.0625 0.9375
vt 0.9375 0.9375
vt 0.9375 0.0625
vt 0.0625 0.0625
vt 0.0625 0.9375
vt 0.9375 0.9375
vt 0.9375 0.0625
vt 0.0625 0.0625
vt 0.0625 0.9375
vt 0.9375 0.9375
vt 0.9375 0.0625
vt 0.0625 0.0625
vt 0.0625 0.9375
vt 0.9375 0.9375
vt 0.9375 0.0625
vt 0.0625 0.0625
vt 0.0625 0.9375
vt 0.9375 0.9375
vt 0.9375 0.0625
vt 0.0625 0.0625
vt 0.0625 0.9375
vt 0.9375 0.9375
vt 0.9375 0.0625
vt 0.0625 0.0625
vt 0.0625 0.9375
vt 0.9375 0.9375
vt 0.9375 0.0625
vt 0.0625 0.0625
vt 0.0625 0.9375
vt 0.9375 0.9375
vt 0.9375 0.0625
vt 0.0625 0.0625
vt 0.0625 0.9375
vt 0.9375 0.9375
vt 0.9375 0.0625
vt 0.0625 0.9375
vt 0.9375 0.9375
vt 0.9375 0.0625
vt 0.0625 0.9375
vt 0.9375 0.9375
vt 0.9375 0.0625
vt 0.0625 0.9375
vt 0.9375 0.9375
vt 0.9375 0.0625
vt 0.0625 0.9375
vt 0.9375 0.9375
vt 0.9375 0.0625
vt 0.0625 0.9375
vt 0.9375 0.9375
vt 0.9375 0.0625
vt 0.0625 0.9375
vt 0.9375 0.9375
vt 0.9375 0.0625
vt 0.0625 0.9375
vt 0.9375 0.9375
vt 0.9375 0.0625
vt 0.0625 0.9375
vt 0.9375 0.9375
vt 0.9375 0.0625
vt 0.0625 0.9375
vt 0.9375 0.9375
vt 0.9375 0.0625
vt 0.0625 0.9375
vt 0.9375 0.9375
vt 0.9375 0.0625
vt 0.0625 0.9375
vt 0.9375 0.9375
vt 0.9375 0.0625
vt 0.0625 0.9375
vt 0.9375 0.9375
vt 0.9375 0.0625
vt 0.0625 0.9375
vt 0.9375 0.9375
vt 0.9375 0.0625
vt 0.0625 0.9375
vt 0.9375 0.9375
vt 0.9375 0.0625
vt 0.0625 0.9375
vt 0.9375 0.9375
vt 0.9375 0.0625
vt 0.0625 0.9375
vt 0.9375 0.9375
vt 0.9375 0.0625
vt 0.0625 0.9375
vt 0.9375 0.9375
vt 0.9375 0.0625
vt 0.0625 0.9375
vt 0.9375 0.9375
vt 0.9375 0.0625
vt 0.0625 0.9375
vt 0.9375 0.9375
vt 0.9375 0.0625
vt 0.0625 0.9375
vt 0.9375 0.9375
vt 0.9375 0.0625
vt 0.0625 0.9375
vt 0.9375 0.9375
vt 0.9375 0.0625
vt 0.0625 0.9375
vt 0.9375 0.9375
vt 0.9375 0.0625
vt 0.0625 0.9375
vt 0.9375 0.9375
vt 0.9375 0.0625
vt 0.0625 0.9375
vt 0.9375 0.9375
vt 0.9375 0.0625
vt 0.0625 0.9375
vt 0.9375 0.9375
vt 0.9375 0.0625
vt 0.0625 0.9375
vt 0.9375 0.9375
vt 0.9375 0.0625
vt 0.0625 0.9375
vt 0.9375 0.9375
vt 0.9375 0.0625
vt 0.0625 0.9375
vt 0.9375 0.9375
vt 0.9375 0.0625
vt 0.0625 0.9375
vt 0.9375 0.9375
vt 0.9375 0.0625
vt 0.0625 0.9375
vt 0.9375 0.9375
vt 0.9375 0.0625
vt 0.0625 0.9375
vt 0.9375 0.9375
vt 0.9375 0.0625
vt 0.0625 0.9375
vt 0.9375 0.9375
vt 0.9375 0.0625
vt 0.0625 0.9375
vt 0.9375 0.9375
vt 0.9375 0.0625
vt 0.0625 0.9375
vt 0.9375 0.9375
vt 0.9375 0.0625
vt 0.0625 0.9375
vt 0.9375 0.9375
vt 0.9375 0.0625
vt 0.0625 0.9375
vt 0.9375 0.9375
vt 0.9375 0.0625
vt 0.0625 0.9375
vt 0.9375 0.9375
vt 0.9375 0.0625
vt 0.0625 0.9375
vt 0.9375 0.9375
vt 0.9375 0.0625
vt 0.0625 0.9375
vt 0.9375 0.9375
vt 0.9375 0.0625
vt 0.0625 0.9375
vt 0.9375 0.9375
vt 0.9375 0.0625
vt 0.0625 0.9375
vt 0.9375 0.9375
vt 0.9375 0.0625
vt 0.0625 0.9375
vt 0.9375 0.9375
vt 0.9375 0.0625
vt 0.0625 0.9375
vt 0.9375 0.9375
vt 0.9375 0.0625
vt 0.0625 0.9375
vt 0.9375 0.9375
vt 0.9375 0.0625
vt 0.0625 0.9375
vt 0.9375 0.9375
vt 0.9375 0.0625
vt 0.0625 0.9375
vt 0.9375 0.9375
vt 0.9375 0.0625
vt 0.0625 0.9375
vt 0.9375 0.9375
vt 0.9375 0.0625
vt 0.0625 0.9375
vt 0.9375 0.9375
vt 0.9375 0.0625
vt 0.0625 0.0625
vt 0.0625 0.9375
vt 0.9375 0.9375
vt 0.9375 0.0625
vt 0.0625 0.0625
vt 0.0625 0.9375
vt 0.9375 0.9375
vt 0.9375 0.0625
vt 0.0625 0.0625
vt 0.0625 0.9375
vt 0.9375 0.9375
vt 0.9375 0.0625
vt 0.0625 0.0625
vt 0.0625 0.9375
vt 0.9375 0.9375
vt 0.9375 0.0625
vt 0.0625 0.0625
vt 0.0625 0.9375
vt 0.9375 0.9375
vt 0.9375 0.0625
vt 0.0625 0.0625
vt 0.0625 0.9375
vt 0.9375 0.9375
vt 0.9375 0.0625
vt 0.0625 0.0625
vt 0.0625 0.9375
vt 0.9375 0.9375
vt 0.9375 0.0625
vt 0.0625 0.0625
vt 0.0625 0.9375
vt 0.9375 0.9375
vt 0.9375 0.0625
vt 0.0625 0.0625
vt 0.0625 0.9375
vt 0.9375 0.9375
vt 0.9375 0.0625
vt 0.0625 0.0625
vt 0.0625 0.9375
vt 0.9375 0.9375
vt 0.9375 0.0625
vt 0.0625 0.0625
vt 0.0625 0.9375
vt 0.9375 0.9375
vt 0.9375 0.0625
vt 0.0625 0.0625
vt 0.0625 0.9375
vt 0.9375 0.9375
vt 0.9375 0.0625
vt 0.0625 0.0625
vt 0.0625 0.9375
vt 0.9375 0.9375
vt 0.9375 0.0625
vt 0.0625 0.0625
vt 0.0625 0.9375
vt 0.9375 0.9375
vt 0.9375 0.0625
vt 0.0625 0.0625
vt 0.0625 0.9375
vt 0.9375 0.9375
vt 0.9375 0.0625
vt 0.0625 0.0625
vt 0.0625 0.9375
vt 0.9375 0.9375
vt 0.9375 0.0625
vt 0.0625 0.0625
vt 0.0625 0.9375
vt 0.9375 0.9375
vt 0.9375 0.0625
vt 0.0625 0.0625
vt 0.0625 0.9375
vt 0.9375 0.9375
vt 0.9375 0.0625
vt 0.0625 0.0625
vt 0.0625 0.9375
vt 0.9375 0.9375
vt 0.9375 0.0625
vt 0.0625 0.0625
vt 0.0625 0.9375
vt 0.9375 0.9375
vt 0.9375 0.0625
vt 0.0625 0.0625
vt 0.0625 0.9375
vt 0.9375 0.9375
vt 0.9375 0.0625
vt 0.0625 0.0625
vt 0.0625 0.9375
vt 0.9375 0.9375
vt 0.9375 0.0625
vt 0.0625 0.0625
vt 0.0625 0.9375
vt 0.9375 0.9375
vt 0.9375 0.0625
vt 0.0625 0.0625
vt 0.0625 0.9375
vt 0.9375 0.9375
vt 0.9375 0.0625
vt 0.0625 0.9375
vt 0.9375 0.9375
vt 0.9375 0.0625
vt 0.0625 0.9375
vt 0.9375 0.9375
vt 0.9375 0.0625
vt 0.0625 0.9375
vt 0.9375 0.9375
vt 0.9375 0.0625
vt 0.0625 0.9375
vt 0.9375 0.9375
vt 0.9375 0.0625
vt 0.0625 0.9375
vt 0.9375 0.9375
vt 0.9375 0.0625
vt 0.0625 0.9375
vt 0.9375 0.9375
vt 0.9375 0.0625
vt 0.0625 0.9375
vt 0.9375 0.9375
vt 0.9375 0.0625
vt 0.0625 0.9375
vt 0.9375 0.9375
vt 0.9375 0.0625
vt 0.0625 0.9375
vt 0.9375 0.9375
vt 0.9375 0.0625
vt 0.0625 0.9375
vt 0.9375 0.9375
vt 0.9375 0.0625
vt 0.0625 0.9375
vt 0.9375 0.9375
vt 0.9375 0.0625
vt 0.0625 0.9375
vt 0.9375 0.9375
vt 0.9375 0.0625
vt 0.0625 0.9375
vt 0.9375 0.9375
vt 0.9375 0.0625
vt 0.0625 0.9375
vt 0.9375 0.9375
vt 0.9375 0.0625
vt 0.0625 0.9375
vt 0.9375 0.9375
vt 0.9375 0.0625
vt 0.0625 0.9375
vt 0.9375 0.9375
vt 0.9375 0.0625
vt 0.0625 0.0625
vt 0.0625 0.9375
vt 0.9375 0.9375
vt 0.9375 0.0625
vt 0.0625 0.0625
vt 0.0625 0.9375
vt 0.9375 0.9375
vt 0.9375 0.0625
vt 0.0625 0.0625
vt 0.0625 0.9375
vt 0.9375 0.9375
vt 0.9375 0.0625
vt 0.0625 0.0625
vt 0.0625 0.9375
vt 0.9375 0.9375
vt 0.9375 0.0625
vt 0.0625 0.0625
vt 0.0625 0.9375
vt 0.9375 0.9375
vt 0.9375 0.0625
vt 0.0625 0.0625
vt 0.0625 0.9375
vt 0.9375 0.9375
vt 0.9375 0.0625
vt 0.0625 0.0625
vt 0.0625 0.9375
vt 0.9375 0.9375
vt 0.9375 0.0625
vt 0.0625 0.0625
vt 0.0625 0.9375
vt 0.9375 0.9375
vt 0.9375 0.0625
vt 0.0625 0.0625
vt 0.0625 0.9375
vt 0.9375 0.9375
vt 0.9375 0.0625
vt 0.0625 0.0625
vt 0.0625 0.9375
vt 0.9375 0.9375
vt 0.9375 0.0625
vt 0.0625 0.0625
vt 0.0625 0.9375
vt 0.9375 0.9375
vt 0.9375 0.0625
vt 0.0625 0.0625
vt 0.0625 0.9375
vt 0.9375 0.9375
vt 0.9375 0.0625
vt 0.0625 0.0625
vt 0.0625 0.9375
vt 0.9375 0.9375
vt 0.9375 0.0625
vt 0.0625 0.0625
vt 0.0625 0.9375
vt 0.9375 0.9375
vt 0.9375 0.0625
vt 0.0625 0.0625
vt 0.0625 0.9375
vt 0.9375 0.9375
vt 0.9375 0.0625
vt 0.0625 0.0625
vt 0.0625 0.9375
vt 0.9375 0.9375
vt 0.9375 0.0625
vt 0.0625 0.0625
vt 0.0625 0.9375
vt 0.9375 0.9375
vt 0.9375 0.0625
vt 0.0625 0.0625
vt 0.0625 0.9375
vt 0.9375 0.9375
vt 0.9375 0.0625
vt 0.0625 0.0625
vt 0.0625 0.9375
vt 0.9375 0.9375
vt 0.9375 0.0625
vt 0.0625 0.0625
vt 0.0625 0.9375
vt 0.9375 0.9375
vt 0.9375 0.0625
vt 0.0625 0.0625
vt 0.0625 0.9375
vt 0.9375 0.9375
vt 0.9375 0.0625
vt 0.0625 0.0625
vt 0.0625 0.9375
vt 0.9375 0.9375
vt 0.9375 0.0625
vt 0.0625 0.0625
vt 0.0625 0.9375
vt 0.9375 0.9375
vt 0.9375 0.0625
vt 0.0625 0.0625
vt 0.0625 0.9375
vt 0.9375 0.9375
vt 0.9375 0.0625
vt 0.0625 0.9375
vt 0.9375 0.9375
vt 0.9375 0.0625
vt 0.0625 0.9375
vt 0.9375 0.9375
vt 0.9375 0.0625
vt 0.0625 0.9375
vt 0.9375 0.9375
vt 0.9375 0.0625
vt 0.0625 0.9375
vt 0.9375 0.9375
vt 0.9375 0.0625
vt 0.0625 0.9375
vt 0.9375 0.9375
vt 0.9375 0.0625
vt 0.0625 0.9375
vt 0.9375 0.9375
vt 0.9375 0.0625
vt 0.0625 0.9375
vt 0.9375 0.9375
vt 0.9375 0.0625
vt 0.0625 0.9375
vt 0.9375 0.9375
vt 0.9375 0.0625
vt 0.0625 0.9375
vt 0.9375 0.9375
vt 0.9375 0.0625
vt 0.0625 0.9375
vt 0.9375 0.9375
vt 0.9375 0.0625
vt 0.0625 0.9375
vt 0.9375 0.9375
vt 0.9375 0.0625
vt 0.0625 0.9375
vt 0.9375 0.9375
vt 0.9375 0.0625
vt 0.0625 0.9375
vt 0.9375 0.9375
vt 0.9375 0.0625
vt 0.0625 0.9375
vt 0.9375 0.9375
vt 0.9375 0.0625
vt 0.0625 0.9375
vt 0.9375 0.9375
vt 0.9375 0.0625
vt 0.0625 0.9375
vt 0.9375 0.9375
vt 0.9375 0.0625
vt 0.0625 0.0625
vt 0.0625 0.9375
vt 0.9375 0.9375
vt 0.9375 0.0625
vt 0.0625 0.0625
vt 0.0625 0.9375
vt 0.9375 0.9375
vt 0.9375 0.0625
vt 0.0625 0.0625
vt 0.0625 0.9375
vt 0.9375 0.9375
vt 0.9375 0.0625
vt 0.0625 0.0625
vt 0.0625 0.9375
vt 0.9375 0.9375
vt 0.9375 0.0625
vt 0.0625 0.0625
vt 0.0625 0.9375
vt 0.9375 0.9375
vt 0.9375 0.0625
vt 0.0625 0.0625
vt 0.0625 0.9375
vt 0.9375 0.9375
vt 0.9375 0.0625
vt 0.0625 0.0625
vt 0.0625 0.9375
vt 0.9375 0.9375
vt 0.9375 0.0625
vt 0.0625 0.0625
vt 0.0625 0.9375
vt 0.9375 0.9375
vt 0.9375 0.0625
vt 0.0625 0.0625
vt 0.0625 0.9375
vt 0.9375 0.9375
vt 0.9375 0.0625
vt 0.0625 0.0625
vt 0.0625 0.9375
vt 0.9375 0.9375
vt 0.9375 0.0625
vt 0.0625 0.0625
vt 0.0625 0.9375
vt 0.9375 0.9375
vt 0.9375 0.0625
vt 0.0625 0.0625
vt 0.0625 0.9375
vt 0.9375 0.9375
vt 0.9375 0.0625
vt 0.0625 0.0625
vt 0.0625 0.9375
vt 0.9375 0.9375
vt 0.9375 0.0625
vt 0.0625 0.0625
vt 0.0625 0.9375
vt 0.9375 0.9375
vt 0.9375 0.0625
vt 0.0625 0.0625
vt 0.0625 0.9375
vt 0.9375 0.9375
vt 0.9375 0.0625
vt 0.0625 0.0625
vt 0.0625 0.9375
vt 0.9375 0.9375
vt 0.9375 0.0625
vt 0.0625 0.0625
vt 0.0625 0.9375
vt 0.9375 0.9375
vt 0.9375 0.0625
vt 0.0625 0.0625
vt 0.0625 0.9375
vt 0.9375 0.9375
vt 0.9375 0.0625
vt 0.0625 0.0625
vt 0.0625 0.9375
vt 0.9375 0.9375
vt 0.9375 0.0625
vt 0.0625 0.0625
vt 0.0625 0.9375
vt 0.9375 0.9375
vt 0.9375 0.0625
vt 0.0625 0.0625
vt 0.0625 0.9375
vt 0.9375 0.9375
vt 0.9375 0.0625
vt 0.0625 0.0625
vt 0.0625 0.9375
vt 0.9375 0.9375
vt 0.9375 0.0625
vt 0.0625 0.0625
vt 0.0625 0.9375
vt 0.9375 0.9375
vt 0.9375 0.0625
vt 0.0625 0.0625
vt 0.0625 0.9375
vt 0.9375 0.9375
vt 0.9375 0.0625
vt 0.0625 0.9375
vt 0.9375 0.9375
vt 0.9375 0.0625
vt 0.0625 0.9375
vt 0.9375 0.9375
vt 0.9375 0.0625
vt 0.0625 0.9375
vt 0.9375 0.9375
vt 0.9375 0.0625
vt 0.0625 0.9375
vt 0.9375 0.9375
vt 0.9375 0.0625
vt 0.0625 0.9375
vt 0.9375 0.9375
vt 0.9375 0.0625
vt 0.0625 0.9375
vt 0.9375 0.9375
vt 0.9375 0.0625
vt 0.0625 0.9375
vt 0.9375 0.9375
vt 0.9375 0.0625
vt 0.0625 0.9375
vt 0.9375 0.9375
vt 0.9375 0.0625
vt 0.0625 0.9375
vt 0.9375 0.9375
vt 0.9375 0.0625
vt 0.0625 0.9375
vt 0.9375 0.9375
vt 0.9375 0.0625
vt 0.0625 0.9375
vt 0.9375 0.9375
vt 0.9375 0.0625
vt 0.0625 0.9375
vt 0.9375 0.9375
vt 0.9375 0.0625
vt 0.0625 0.9375
vt 0.9375 0.9375
vt 0.9375 0.0625
vt 0.0625 0.9375
vt 0.9375 0.9375
vt 0.9375 0.0625
vt 0.0625 0.9375
vt 0.9375 0.9375
vt 0.9375 0.0625
vt 0.0625 0.9375
vt 0.9375 0.9375
vt 0.9375 0.0625
vt 0.0625 0.0625
vt 0.0625 0.9375
vt 0.9375 0.9375
vt 0.9375 0.0625
vt 0.0625 0.0625
vt 0.0625 0.9375
vt 0.9375 0.9375
vt 0.9375 0.0625
vt 0.0625 0.0625
vt 0.0625 0.9375
vt 0.9375 0.9375
vt 0.9375 0.0625
vt 0.0625 0.0625
vt 0.0625 0.9375
vt 0.9375 0.9375
vt 0.9375 0.0625
vt 0.0625 0.0625
vt 0.0625 0.9375
vt 0.9375 0.9375
vt 0.9375 0.0625
vt 0.0625 0.0625
vt 0.0625 0.9375
vt 0.9375 0.9375
vt 0.9375 0.0625
vt 0.0625 0.0625
vt 0.0625 0.9375
vt 0.9375 0.9375
vt 0.9375 0.0625
vt 0.0625 0.0625
vt 0.0625 0.9375
vt 0.9375 0.9375
vt 0.9375 0.0625
vt 0.0625 0.0625
vt 0.0625 0.9375
vt 0.9375 0.9375
vt 0.9375 0.0625
vt 0.0625 0.0625
vt 0.0625 0.9375
vt 0.9375 0.9375
vt 0.9375 0.0625
vt 0.0625 0.0625
vt 0.0625 0.9375
vt 0.9375 0.9375
vt 0.9375 0.0625
vt 0.0625 0.0625
vt 0.0625 0.9375
vt 0.9375 0.9375
vt 0.9375 0.0625
vt 0.0625 0.0625
vt 0.0625 0.9375
vt 0.9375 0.9375
vt 0.9375 0.0625
vt 0.0625 0.0625
vt 0.0625 0.9375
vt 0.9375 0.9375
vt 0.9375 0.0625
vt 0.0625 0.0625
vt 0.0625 0.9375
vt 0.9375 0.9375
vt 0.9375 0.0625
vt 0.0625 0.0625
vt 0.0625 0.9375
vt 0.9375 0.9375
vt 0.9375 0.0625
vt 0.0625 0.0625
vt 0.0625 0.9375
vt 0.9375 0.9375
vt 0.9375 0.0625
vt 0.0625 0.0625
vt 0.0625 0.9375
vt 0.9375 0.9375
vt 0.9375 0.0625
vt 0.0625 0.0625
vt 0.0625 0.9375
vt 0.9375 0.9375
vt 0.9375 0.0625
vt 0.0625 0.0625
vt 0.0625 0.9375
vt 0.9375 0.9375
vt 0.9375 0.0625
vt 0.0625 0.0625
vt 0.0625 0.9375
vt 0.9375 0.9375
vt 0.9375 0.0625
vt 0.0625 0.0625
vt 0.0625 0.9375
vt 0.9375 0.9375
vt 0.9375 0.0625
vt 0.0625 0.0625
vt 0.0625 0.9375
vt 0.9375 0.9375
vt 0.9375 0.0625
vt 0.0625 0.0625
vt 0.0625 0.9375
vt 0.9375 0.9375
vt 0.9375 0.0625
vt 0.0625 0.9375
vt 0.9375 0.9375
vt 0.9375 0.0625
vt 0.0625 0.9375
vt 0.9375 0.9375
vt 0.9375 0.0625
vt 0.0625 0.9375
vt 0.9375 0.9375
vt 0.9375 0.0625
vt 0.0625 0.9375
vt 0.9375 0.9375
vt 0.9375 0.0625
vt 0.0625 0.9375
vt 0.9375 0.9375
vt 0.9375 0.0625
vt 0.0625 0.9375
vt 0.9375 0.9375
vt 0.9375 0.0625
vt 0.0625 0.9375
vt 0.9375 0.9375
vt 0.9375 0.0625
vt 0.0625 0.9375
vt 0.9375 0.9375
vt 0.9375 0.0625
vt 0.0625 0.9375
vt 0.9375 0.9375
vt 0.9375 0.0625
vt 0.0625 0.9375
vt 0.9375 0.9375
vt 0.9375 0.0625
vt 0.0625 0.9375
vt 0.9375 0.9375
vt 0.9375 0.0625
vt 0.0625 0.9375
vt 0.9375 0.9375
vt 0.9375 0.0625
vt 0.0625 0.9375
vt 0.9375 0.9375
vt 0.9375 0.0625
vt 0.0625 0.9375
vt 0.9375 0.9375
vt 0.9375 0.0625
vt 0.0625 0.9375
vt 0.9375 0.9375
vt 0.9375 0.0625
vt 0.0625 0.9375
vt 0.9375 0.9375
vt 0.9375 0.0625
vt 0.0625 0.0625
vt 0.0625 0.9375
vt 0.9375 0.9375
vt 0.9375 0.0625
vt 0.0625 0.0625
vt 0.0625 0.9375
vt 0.9375 0.9375
vt 0.9375 0.0625
vt 0.0625 0.0625
vt 0.0625 0.9375
vt 0.9375 0.9375
vt 0.9375 0.0625
vt 0.0625 0.0625
vt 0.0625 0.9375
vt 0.9375 0.9375
vt 0.9375 0.0625
vt 0.0625 0.0625
vt 0.0625 0.9375
vt 0.9375 0.9375
vt 0.9375 0.0625
vt 0.0625 0.0625
vt 0.0625 0.9375
vt 0.9375 0.9375
vt 0.9375 0.0625
vt 0.0625 0.0625
vt 0.0625 0.9375
vt 0.9375 0.9375
vt 0.9375 0.0625
vt 0.0625 0.0625
vt 0.0625 0.9375
vt 0.9375 0.9375
vt 0.9375 0.0625
vt 0.0625 0.0625
vt 0.0625 0.9375
vt 0.9375 0.9375
vt 0.9375 0.0625
vt 0.0625 0.0625
vt 0.0625 0.9375
vt 0.9375 0.9375
vt 0.9375 0.0625
vt 0.0625 0.0625
vt 0.0625 0.9375
vt 0.9375 0.9375
vt 0.9375 0.0625
vt 0.0625 0.0625
vt 0.0625 0.9375
vt 0.9375 0.9375
vt 0.9375 0.0625
vt 0.0625 0.0625
vt 0.0625 0.9375
vt 0.9375 0.9375
vt 0.9375 0.0625
vt 0.0625 0.0625
vt 0.0625 0.9375
vt 0.9375 0.9375
vt 0.9375 0.0625
vt 0.0625 0.0625
vt 0.0625 0.9375
vt 0.9375 0.9375
vt 0.9375 0.0625
vt 0.0625 0.0625
vt 0.0625 0.9375
vt 0.9375 0.9375
vt 0.9375 0.0625
vt 0.0625 0.0625
vt 0.0625 0.9375
vt 0.9375 0.9375
vt 0.9375 0.0625
vt 0.0625 0.0625
vt 0.0625 0.9375
vt 0.9375 0.9375
vt 0.9375 0.0625
vt 0.0625 0.0625
vt 0.0625 0.9375
vt 0.9375 0.9375
vt 0.9375 0.0625
vt 0.0625 0.0625
vt 0.0625 0.9375
vt 0.9375 0.9375
vt 0.9375 0.0625
vt 0.0625 0.0625
vt 0.0625 0.9375
vt 0.9375 0.9375
vt 0.9375 0.0625
vt 0.0625 0.0625
vt 0.0625 0.9375
vt 0.9375 0.9375
vt 0.9375 0.0625
vt 0.0625 0.0625
vt 0.0625 0.9375
vt 0.9375 0.9375
vt 0.9375 0.0625
vt 0.0625 0.0625
vt 0.0625 0.9375
vt 0.9375 0.9375
vt 0.9375 0.0625
vt 0.0625 0.9375
vt 0.9375 0.9375
vt 0.9375 0.0625
vt 0.0625 0.9375
vt 0.9375 0.9375
vt 0.9375 0.0625
vt 0.0625 0.9375
vt 0.9375 0.9375
vt 0.9375 0.0625
vt 0.0625 0.9375
vt 0.9375 0.9375
vt 0.9375 0.0625
vt 0.0625 0.9375
vt 0.9375 0.9375
vt 0.9375 0.0625
vt 0.0625 0.9375
vt 0.9375 0.9375
vt 0.9375 0.0625
vt 0.0625 0.9375
vt 0.9375 0.9375
vt 0.9375 0.0625
vt 0.0625 0.9375
vt 0.9375 0.9375
vt 0.9375 0.0625
vt 0.0625 0.9375
vt 0.9375 0.9375
vt 0.9375 0.0625
vt 0.0625 0.9375
vt 0.9375 0.9375
vt 0.9375 0.0625
vt 0.0625 0.9375
vt 0.9375 0.9375
vt 0.9375 0.0625
vt 0.0625 0.9375
vt 0.9375 0.9375
vt 0.9375 0.0625
vt 0.0625 0.9375
vt 0.9375 0.9375
vt 0.9375 0.0625
vt 0.0625 0.9375
vt 0.9375 0.9375
vt 0.9375 0.0625
vt 0.0625 0.9375
vt 0.9375 0.9375
vt 0.9375 0.0625
vt 0.0625 0.9375
vt 0.9375 0.9375
vt 0.9375 0.0625
vt 0.0625 0.0625
vt 0.0625 0.9375
vt 0.9375 0.9375
vt 0.9375 0.0625
vt 0.0625 0.0625
vt 0.0625 0.9375
vt 0.9375 0.9375
vt 0.9375 0.0625
vt 0.0625 0.0625
vt 0.0625 0.9375
vt 0.9375 0.9375
vt 0.9375 0.0625
vt 0.0625 0.0625
vt 0.0625 0.9375
vt 0.9375 0.9375
vt 0.9375 0.0625
vt 0.0625 0.0625
vt 0.0625 0.9375
vt 0.9375 0.9375
vt 0.9375 0.0625
vt 0.0625 0.0625
vt 0.0625 0.9375
vt 0.9375 0.9375
vt 0.9375 0.0625
vt 0.0625 0.0625
vt 0.0625 0.9375
vt 0.9375 0.9375
vt 0.9375 0.0625
vt 0.0625 0.0625
vt 0.0625 0.9375
vt 0.9375 0.9375
vt 0.9375 0.0625
vt 0.0625 0.0625
vt 0.0625 0.9375
vt 0.9375 0.9375
vt 0.9375 0.0625
vt 0.0625 0.0625
vt 0.0625 0.9375
vt 0.9375 0.9375
vt 0.9375 0.0625
vt 0.0625 0.0625
vt 0.0625 0.9375
vt 0.9375 0.9375
vt 0.9375 0.0625
vt 0.0625 0.0625
vt 0.0625 0.9375
vt 0.9375 0.9375
vt 0.9375 0.0625
vt 0.0625 0.0625
vt 0.0625 0.9375
vt 0.9375 0.9375
vt 0.9375 0.0625
vt 0.0625 0.0625
vt 0.0625 0.9375
vt 0.9375 0.9375
vt 0.9375 0.0625
vt 0.0625 0.0625
vt 0.0625 0.9375
vt 0.9375 0.9375
vt 0.9375 0.0625
vt 0.0625 0.0625
vt 0.0625 0.9375
vt 0.9375 0.9375
vt 0.9375 0.0625
vt 0.0625 0.0625
vt 0.0625 0.9375
vt 0.9375 0.9375
vt 0.9375 0.0625
vt 0.0625 0.0625
vt 0.0625 0.9375
vt 0.9375 0.9375
vt 0.9375 0.0625
vt 0.0625 0.0625
vt 0.0625 0.9375
vt 0.9375 0.9375
vt 0.9375 0.0625
vt 0.0625 0.0625
vt 0.0625 0.9375
vt 0.9375 0.9375
vt 0.9375 0.0625
vt 0.0625 0.0625
vt 0.0625 0.9375
vt 0.9375 0.9375
vt 0.9375 0.0625
vt 0.0625 0.0625
vt 0.0625 0.9375
vt 0.9375 0.9375
vt 0.9375 0.0625
vt 0.0625 0.0625
vt 0.0625 0.9375
vt 0.9375 0.9375
vt 0.9375 0.0625
vt 0.0625 0.0625
vt 0.0625 0.9375
vt 0.9375 0.9375
vt 0.9375 0.0625
vt 0.0625 0.9375
vt 0.9375 0.9375
vt 0.9375 0.0625
vt 0.0625 0.9375
vt 0.9375 0.9375
vt 0.9375 0.0625
vt 0.0625 0.9375
vt 0.9375 0.9375
vt 0.9375 0.0625
vt 0.0625 0.9375
vt 0.9375 0.9375
vt 0.9375 0.0625
vt 0.0625 0.9375
vt 0.9375 0.9375
vt 0.9375 0.0625
vt 0.0625 0.9375
vt 0.9375 0.9375
vt 0.9375 0.0625
vt 0.0625 0.9375
vt 0.9375 0.9375
vt 0.9375 0.0625
vt 0.0625 0.9375
vt 0.9375 0.9375
vt 0.9375 0.0625
vt 0.0625 0.9375
vt 0.9375 0.9375
vt 0.9375 0.0625
vt 0.0625 0.9375
vt 0.9375 0.9375
vt 0.9375 0.0625
vt 0.0625 0.9375
vt 0.9375 0.9375
vt 0.9375 0.0625
vt 0.0625 0.9375
vt 0.9375 0.9375
vt 0.9375 0.0625
vt 0.0625 0.9375
vt 0.9375 0.9375
vt 0.9375 0.0625
vt 0.0625 0.9375
vt 0.9375 0.9375
vt 0.9375 0.0625
vt 0.0625 0.9375
vt 0.9375 0.9375
vt 0.9375 0.0625
vt 0.0625 0.9375
vt 0.9375 0.9375
vt 0.9375 0.0625
vt 0.0625 0.0625
vt 0.0625 0.9375
vt 0.9375 0.9375
vt 0.9375 0.0625
vt 0.0625 0.0625
vt 0.0625 0.9375
vt 0.9375 0.9375
vt 0.9375 0.0625
vt 0.0625 0.0625
vt 0.0625 0.9375
vt 0.9375 0.9375
vt 0.9375 0.0625
vt 0.0625 0.0625
vt 0.0625 0.9375
vt 0.9375 0.9375
vt 0.9375 0.0625
vt 0.0625 0.0625
vt 0.0625 0.9375
vt 0.9375 0.9375
vt 0.9375 0.0625
vt 0.0625 0.0625
vt 0.0625 0.9375
vt 0.9375 0.9375
vt 0.9375 0.0625
vt 0.0625 0.0625
vt 0.0625 0.9375
vt 0.9375 0.9375
vt 0.9375 0.0625
vt 0.0625 0.0625
vt 0.0625 0.9375
vt 0.9375 0.9375
vt 0.9375 0.0625
vt 0.0625 0.0625
vt 0.0625 0.9375
vt 0.9375 0.9375
vt 0.9375 0.0625
vt 0.0625 0.0625
vt 0.0625 0.9375
vt 0.9375 0.9375
vt 0.9375 0.0625
vt 0.0625 0.0625
vt 0.0625 0.9375
vt 0.9375 0.9375
vt 0.9375 0.0625
vt 0.0625 0.0625
vt 0.0625 0.9375
vt 0.9375 0.9375
vt 0.9375 0.0625
vt 0.0625 0.0625
vt 0.0625 0.9375
vt 0.9375 0.9375
vt 0.9375 0.0625
vt 0.0625 0.0625
vt 0.0625 0.9375
vt 0.9375 0.9375
vt 0.9375 0.0625
vt 0.0625 0.0625
vt 0.0625 0.9375
vt 0.9375 0.9375
vt 0.9375 0.0625
vt 0.0625 0.0625
vt 0.0625 0.9375
vt 0.9375 0.9375
vt 0.9375 0.0625
vt 0.0625 0.0625
vt 0.0625 0.9375
vt 0.9375 0.9375
vt 0.9375 0.0625
vt 0.0625 0.0625
vt 0.0625 0.9375
vt 0.9375 0.9375
vt 0.9375 0.0625
vt 0.0625 0.0625
vt 0.0625 0.9375
vt 0.9375 0.9375
vt 0.9375 0.0625
vt 0.0625 0.0625
vt 0.0625 0.9375
vt 0.9375 0.9375
vt 0.9375 0.0625
vt 0.0625 0.0625
vt 0.0625 0.9375
vt 0.9375 0.9375
vt 0.9375 0.0625
vt 0.0625 0.0625
vt 0.0625 0.9375
vt 0.9375 0.9375
vt 0.9375 0.0625
vt 0.0625 0.0625
vt 0.0625 0.9375
vt 0.9375 0.9375
vt 0.9375 0.0625
vt 0.0625 0.0625
vt 0.0625 0.9375
vt 0.9375 0.9375
vt 0.9375 0.0625
vt 0.0625 0.9375
vt 0.9375 0.9375
vt 0.9375 0.0625
vt 0.0625 0.9375
vt 0.9375 0.9375
vt 0.9375 0.0625
vt 0.0625 0.9375
vt 0.9375 0.9375
vt 0.9375 0.0625
vt 0.0625 0.9375
vt 0.9375 0.9375
vt 0.9375 0.0625
vt 0.0625 0.9375
vt 0.9375 0.9375
vt 0.9375 0.0625
vt 0.0625 0.9375
vt 0.9375 0.9375
vt 0.9375 0.0625
vt 0.0625 0.9375
vt 0.9375 0.9375
vt 0.9375 0.0625
vt 0.0625 0.9375
vt 0.9375 0.9375
vt 0.9375 0.0625
vt 0.0625 0.9375
vt 0.9375 0.9375
vt 0.9375 0.0625
vt 0.0625 0.9375
vt 0.9375 0.9375
vt 0.9375 0.0625
vt 0.0625 0.9375
vt 0.9375 0.9375
vt 0.9375 0.0625
vt 0.0625 0.9375
vt 0.9375 0.9375
vt 0.9375 0.0625
vt 0.0625 0.9375
vt 0.9375 0.9375
vt 0.9375 0.0625
vt 0.0625 0.9375
vt 0.9375 0.9375
vt 0.9375 0.0625
vt 0.0625 0.9375
vt 0.9375 0.9375
vt 0.9375 0.0625
vt 0.0625 0.9375
vt 0.9375 0.9375
vt 0.9375 0.0625
vt 0.0625 0.0625
vt 0.0625 0.9375
vt 0.9375 0.9375
vt 0.9375 0.0625
vt 0.0625 0.0625
vt 0.0625 0.9375
vt 0.9375 0.9375
vt 0.9375 0.0625
vt 0.0625 0.0625
vt 0.0625 0.9375
vt 0.9375 0.9375
vt 0.9375 0.0625
vt 0.0625 0.0625
vt 0.0625 0.9375
vt 0.9375 0.9375
vt 0.9375 0.0625
vt 0.0625 0.0625
vt 0.0625 0.9375
vt 0.9375 0.9375
vt 0.9375 0.0625
vt 0.0625 0.0625
vt 0.0625 0.9375
vt 0.9375 0.9375
vt 0.9375 0.0625
vt 0.0625 0.0625
vt 0.0625 0.9375
vt 0.9375 0.9375
vt 0.9375 0.0625
vt 0.0625 0.0625
vt 0.0625 0.9375
vt 0.9375 0.9375
vt 0.9375 0.0625
vt 0.0625 0.0625
vt 0.0625 0.9375
vt 0.9375 0.9375
vt 0.9375 0.0625
vt 0.0625 0.0625
vt 0.0625 0.9375
vt 0.9375 0.9375
vt 0.9375 0.0625
vt 0.0625 0.0625
vt 0.0625 0.9375
vt 0.9375 0.9375
vt 0.9375 0.0625
vt 0.0625 0.0625
vt 0.0625 0.9375
vt 0.9375 0.9375
vt 0.9375 0.0625
vt 0.0625 0.0625
vt 0.0625 0.9375
vt 0.9375 0.9375
vt 0.9375 0.0625
vt 0.0625 0.0625
vt 0.0625 0.9375
vt 0.9375 0.9375
vt 0.9375 0.0625
vt 0.0625 0.0625
vt 0.0625 0.9375
vt 0.9375 0.9375
vt 0.9375 0.0625
vt 0.0625 0.0625
vt 0.0625 0.9375
vt 0.9375 0.9375
vt 0.9375 0.0625
vt 0.0625 0.0625
vt 0.0625 0.9375
vt 0.9375 0.9375
vt 0.9375 0.0625
vt 0.0625 0.0625
vt 0.0625 0.9375
vt 0.9375 0.9375
vt 0.9375 0.0625
vt 0.0625 0.0625
vt 0.0625 0.9375
vt 0.9375 0.9375
vt 0.9375 0.0625
vt 0.0625 0.0625
vt 0.0625 0.9375
vt 0.9375 0.9375
vt 0.9375 0.0625
vt 0.0625 0.0625
vt 0.0625 0.9375
vt 0.9375 0.9375
vt 0.9375 0.0625
vt 0.0625 0.0625
vt 0.0625 0.9375
vt 0.9375 0.9375
vt 0.9375 0.0625
vt 0.0625 0.0625
vt 0.0625 0.9375
vt 0.9375 0.9375
vt 0.9375 0.0625
vt 0.0625 0.0625
vt 0.0625 0.9375
vt 0.9375 0.9375
vt 0.9375 0.0625
vt 0.0625 0.9375
vt 0.9375 0.9375
vt 0.9375 0.0625
vt 0.0625 0.9375
vt 0.9375 0.9375
vt 0.9375 0.0625
vt 0.0625 0.9375
vt 0.9375 0.9375
vt 0.9375 0.0625
vt 0.0625 0.9375
vt 0.9375 0.9375
vt 0.9375 0.0625
vt 0.0625 0.9375
vt 0.9375 0.9375
vt 0.9375 0.0625
vt 0.0625 0.9375
vt 0.9375 0.9375
vt 0.9375 0.0625
vt 0.0625 0.9375
vt 0.9375 0.9375
vt 0.9375 0.0625
vt 0.0625 0.9375
vt 0.9375 0.9375
vt 0.9375 0.0625
vt 0.0625 0.9375
vt 0.9375 0.9375
vt 0.9375 0.0625
vt 0.0625 0.9375
vt 0.9375 0.9375
vt 0.9375 0.0625
vt 0.0625 0.9375
vt 0.9375 0.9375
vt 0.9375 0.0625
vt 0.0625 0.9375
vt 0.9375 0.9375
vt 0.9375 0.0625
vt 0.0625 0.9375
vt 0.9375 0.9375
vt 0.9375 0.0625
vt 0.0625 0.9375
vt 0.9375 0.9375
vt 0.9375 0.0625
vt 0.0625 0.9375
vt 0.9375 0.9375
vt 0.9375 0.0625
vt 0.0625 0.9375
vt 0.9375 0.9375
vt 0.9375 0.0625
vt 0.0625 0.0625
vt 0.0625 0.9375
vt 0.9375 0.9375
vt 0.9375 0.0625
vt 0.0625 0.0625
vt 0.0625 0.9375
vt 0.9375 0.9375
vt 0.9375 0.0625
vt 0.0625 0.0625
vt 0.0625 0.9375
vt 0.9375 0.9375
vt 0.9375 0.0625
vt 0.0625 0.0625
vt 0.0625 0.9375
vt 0.9375 0.9375
vt 0.9375 0.0625
vt 0.0625 0.0625
vt 0.0625 0.9375
vt 0.9375 0.9375
vt 0.9375 0.0625
vt 0.0625 0.0625
vt 0.0625 0.9375
vt 0.9375 0.9375
vt 0.9375 0.0625
vt 0.0625 0.0625
vt 0.0625 0.9375
vt 0.9375 0.9375
vt 0.9375 0.0625
vt 0.0625 0.0625
vt 0.0625 0.9375
vt 0.9375 0.9375
vt 0.9375 0.0625
vt 0.0625 0.0625
vt 0.0625 0.9375
vt 0.9375 0.9375
vt 0.9375 0.0625
vt 0.0625 0.0625
vt 0.0625 0.9375
vt 0.9375 0.9375
vt 0.9375 0.0625
vt 0.0625 0.0625
vt 0.0625 0.9375
vt 0.9375 0.9375
vt 0.9375 0.0625
vt 0.0625 0.0625
vt 0.0625 0.9375
vt 0.9375 0.9375
vt 0.9375 0.0625
vt 0.0625 0.0625
vt 0.0625 0.9375
vt 0.9375 0.9375
vt 0.9375 0.0625
vt 0.0625 0.0625
vt 0.0625 0.9375
vt 0.9375 0.9375
vt 0.9375 0.0625
vt 0.0625 0.0625
vt 0.0625 0.9375
vt 0.9375 0.9375
vt 0.9375 0.0625
vt 0.0625 0.0625
vt 0.0625 0.9375
vt 0.9375 0.9375
vt 0.9375 0.0625
vt 0.0625 0.0625
vt 0.0625 0.9375
vt 0.9375 0.9375
vt 0.9375 0.0625
vt 0.0625 0.0625
vt 0.0625 0.9375
vt 0.9375 0.9375
vt 0.9375 0.0625
vt 0.0625 0.0625
vt 0.0625 0.9375
vt 0.9375 0.9375
vt 0.9375 0.0625
vt 0.0625 0.0625
vt 0.0625 0.9375
vt 0.9375 0.9375
vt 0.9375 0.0625
vt 0.0625 0.0625
vt 0.0625 0.9375
vt 0.9375 0.9375
vt 0.9375 0.0625
vt 0.0625 0.0625
vt 0.0625 0.9375
vt 0.9375 0.9375
vt 0.9375 0.0625
vt 0.0625 0.0625
vt 0.0625 0.9375
vt 0.9375 0.9375
vt 0.9375 0.0625
vt 0.0625 0.0625
vt 0.0625 0.9375
vt 0.9375 0.9375
vt 0.9375 0.0625
vt 0.0625 0.9375
vt 0.9375 0.9375
vt 0.9375 0.0625
vt 0.0625 0.9375
vt 0.9375 0.9375
vt 0.9375 0.0625
vt 0.0625 0.9375
vt 0.9375 0.9375
vt 0.9375 0.0625
vt 0.0625 0.9375
vt 0.9375 0.9375
vt 0.9375 0.0625
vt 0.0625 0.9375
vt 0.9375 0.9375
vt 0.9375 0.0625
vt 0.0625 0.9375
vt 0.9375 0.9375
vt 0.9375 0.0625
vt 0.0625 0.9375
vt 0.9375 0.9375
vt 0.9375 0.0625
vt 0.0625 0.9375
vt 0.9375 0.9375
vt 0.9375 0.0625
vt 0.0625 0.9375
vt 0.9375 0.9375
vt 0.9375 0.0625
vt 0.0625 0.9375
vt 0.9375 0.9375
vt 0.9375 0.0625
vt 0.0625 0.9375
vt 0.9375 0.9375
vt 0.9375 0.0625
vt 0.0625 0.9375
vt 0.9375 0.9375
vt 0.9375 0.0625
vt 0.0625 0.9375
vt 0.9375 0.9375
vt 0.9375 0.0625
vt 0.0625 0.9375
vt 0.9375 0.9375
vt 0.9375 0.0625
vt 0.0625 0.9375
vt 0.9375 0.9375
vt 0.9375 0.0625
vt 0.0625 0.9375
vt 0.9375 0.9375
vt 0.9375 0.0625
vt 0.0625 0.0625
vt 0.0625 0.9375
vt 0.9375 0.9375
vt 0.9375 0.0625
vt 0.0625 0.0625
vt 0.0625 0.9375
vt 0.9375 0.9375
vt 0.9375 0.0625
vt 0.0625 0.0625
vt 0.0625 0.9375
vt 0.9375 0.9375
vt 0.9375 0.0625
vt 0.0625 0.0625
vt 0.0625 0.9375
vt 0.9375 0.9375
vt 0.9375 0.0625
vt 0.0625 0.0625
vt 0.0625 0.9375
vt 0.9375 0.9375
vt 0.9375 0.0625
vt 0.0625 0.0625
vt 0.0625 0.9375
vt 0.9375 0.9375
vt 0.9375 0.0625
vt 0.0625 0.0625
vt 0.0625 0.9375
vt 0.9375 0.9375
vt 0.9375 0.0625
vt 0.0625 0.0625
vt 0.0625 0.9375
vt 0.9375 0.9375
vt 0.9375 0.0625
vt 0.0625 0.0625
vt 0.0625 0.9375
vt 0.9375 0.9375
vt 0.9375 0.0625
vt 0.0625 0.0625
vt 0.0625 0.9375
vt 0.9375 0.9375
vt 0.9375 0.0625
vt 0.0625 0.0625
vt 0.0625 0.9375
vt 0.9375 0.9375
vt 0.9375 0.0625
vt 0.0625 0.0625
vt 0.0625 0.9375
vt 0.9375 0.9375
vt 0.9375 0.0625
vt 0.0625 0.0625
vt 0.0625 0.9375
vt 0.9375 0.9375
vt 0.9375 0.0625
vt 0.0625 0.0625
vt 0.0625 0.9375
vt 0.9375 0.9375
vt 0.9375 0.0625
vt 0.0625 0.0625
vt 0.0625 0.9375
vt 0.9375 0.9375
vt 0.9375 0.0625
vt 0.0625 0.0625
vt 0.0625 0.9375
vt 0.9375 0.9375
vt 0.9375 0.0625
vt 0.0625 0.0625
vt 0.0625 0.9375
vt 0.9375 0.9375
vt 0.9375 0.0625
vt 0.0625 0.0625
vt 0.0625 0.9375
vt 0.9375 0.9375
vt 0.9375 0.0625
vt 0.0625 0.0625
vt 0.0625 0.9375
vt 0.9375 0.9375
vt 0.9375 0.0625
vt 0.0625 0.0625
vt 0.0625 0.9375
vt 0.9375 0.9375
vt 0.9375 0.0625
vt 0.0625 0.0625
vt 0.0625 0.9375
vt 0.9375 0.9375
vt 0.9375 0.0625
vt 0.0625 0.0625
vt 0.0625 0.9375
vt 0.9375 0.9375
vt 0.9375 0.0625
vt 0.0625 0.0625
vt 0.0625 0.9375
vt 0.9375 0.9375
vt 0.9375 0.0625
vt 0.0625 0.0625
vt 0.0625 0.9375
vt 0.9375 0.9375
vt 0.9375 0.0625
vt 0.0625 0.9375
vt 0.9375 0.9375
vt 0.9375 0.0625
vt 0.0625 0.9375
vt 0.9375 0.9375
vt 0.9375 0.0625
vt 0.0625 0.9375
vt 0.9375 0.9375
vt 0.9375 0.0625
vt 0.0625 0.9375
vt 0.9375 0.9375
vt 0.9375 0.0625
vt 0.0625 0.9375
vt 0.9375 0.9375
vt 0.9375 0.0625
vt 0.0625 0.9375
vt 0.9375 0.9375
vt 0.9375 0.0625
vt 0.0625 0.9375
vt 0.9375 0.9375
vt 0.9375 0.0625
vt 0.0625 0.9375
vt 0.9375 0.9375
vt 0.9375 0.0625
vt 0.0625 0.9375
vt 0.9375 0.9375
vt 0.9375 0.0625
vt 0.0625 0.9375
vt 0.9375 0.9375
vt 0.9375 0.0625
vt 0.0625 0.9375
vt 0.9375 0.9375
vt 0.9375 0.0625
vt 0.0625 0.9375
vt 0.9375 0.9375
vt 0.9375 0.0625
vt 0.0625 0.9375
vt 0.9375 0.9375
vt 0.9375 0.0625
vt 0.0625 0.9375
vt 0.9375 0.9375
vt 0.9375 0.0625
vt 0.0625 0.9375
vt 0.9375 0.9375
vt 0.9375 0.0625
vt 0.0625 0.9375
vt 0.9375 0.9375
vt 0.9375 0.0625
vt 0.0625 0.0625
vt 0.0625 0.9375
vt 0.9375 0.9375
vt 0.9375 0.0625
vt 0.0625 0.0625
vt 0.0625 0.9375
vt 0.9375 0.9375
vt 0.9375 0.0625
vt 0.0625 0.0625
vt 0.0625 0.9375
vt 0.9375 0.9375
vt 0.9375 0.0625
vt 0.0625 0.0625
vt 0.0625 0.9375
vt 0.9375 0.9375
vt 0.9375 0.0625
vt 0.0625 0.0625
vt 0.0625 0.9375
vt 0.9375 0.9375
vt 0.9375 0.0625
vt 0.0625 0.0625
vt 0.0625 0.9375
vt 0.9375 0.9375
vt 0.9375 0.0625
vt 0.0625 0.0625
vt 0.0625 0.9375
vt 0.9375 0.9375
vt 0.9375 0.0625
vt 0.0625 0.0625
vt 0.0625 0.9375
vt 0.9375 0.9375
vt 0.9375 0.0625
vt 0.0625 0.0625
vt 0.0625 0.9375
vt 0.9375 0.9375
vt 0.9375 0.0625
vt 0.0625 0.0625
vt 0.0625 0.9375
vt 0.9375 0.9375
vt 0.9375 0.0625
vt 0.0625 0.0625
vt 0.0625 0.9375
vt 0.9375 0.9375
vt 0.9375 0.0625
vt 0.0625 0.0625
vt 0.0625 0.9375
vt 0.9375 0.9375
vt 0.9375 0.0625
vt 0.0625 0.0625
vt 0.0625 0.9375
vt 0.9375 0.9375
vt 0.9375 0.0625
vt 0.0625 0.0625
vt 0.0625 0.9375
vt 0.9375 0.9375
vt 0.9375 0.0625
vt 0.0625 0.0625
vt 0.0625 0.9375
vt 0.9375 0.9375
vt 0.9375 0.0625
vt 0.0625 0.0625
vt 0.0625 0.9375
vt 0.9375 0.9375
vt 0.9375 0.0625
vt 0.0625 0.0625
vt 0.0625 0.9375
vt 0.9375 0.9375
vt 0.9375 0.0625
vt 0.0625 0.0625
vt 0.0625 0.9375
vt 0.9375 0.9375
vt 0.9375 0.0625
vt 0.0625 0.0625
vt 0.0625 0.9375
vt 0.9375 0.9375
vt 0.9375 0.0625
vt 0.0625 0.0625
vt 0.0625 0.9375
vt 0.9375 0.9375
vt 0.9375 0.0625
vt 0.0625 0.0625
vt 0.0625 0.9375
vt 0.9375 0.9375
vt 0.9375 0.0625
vt 0.0625 0.0625
vt 0.0625 0.9375
vt 0.9375 0.9375
vt 0.9375 0.0625
vt 0.0625 0.0625
vt 0.0625 0.9375
vt 0.9375 0.9375
vt 0.9375 0.0625
vt 0.0625 0.0625
vt 0.0625 0.9375
vt 0.9375 0.9375
vt 0.9375 0.0625
vt 0.0625 0.9375
vt 0.9375 0.9375
vt 0.9375 0.0625
vt 0.0625 0.9375
vt 0.9375 0.9375
vt 0.9375 0.0625
vt 0.0625 0.9375
vt 0.9375 0.9375
vt 0.9375 0.0625
vt 0.0625 0.9375
vt 0.9375 0.9375
vt 0.9375 0.0625
vt 0.0625 0.9375
vt 0.9375 0.9375
vt 0.9375 0.0625
vt 0.0625 0.9375
vt 0.9375 0.9375
vt 0.9375 0.0625
vt 0.0625 0.9375
vt 0.9375 0.9375
vt 0.9375 0.0625
vt 0.0625 0.9375
vt 0.9375 0.9375
vt 0.9375 0.0625
vt 0.0625 0.9375
vt 0.9375 0.9375
vt 0.9375 0.0625
vt 0.0625 0.9375
vt 0.9375 0.9375
vt 0.9375 0.0625
vt 0.0625 0.9375
vt 0.9375 0.9375
vt 0.9375 0.0625
vt 0.0625 0.9375
vt 0.9375 0.9375
vt 0.9375 0.0625
vt 0.0625 0.9375
vt 0.9375 0.9375
vt 0.9375 0.0625
vt 0.0625 0.9375
vt 0.9375 0.9375
vt 0.9375 0.0625
vt 0.0625 0.9375
vt 0.9375 0.9375
vt 0.9375 0.0625
vt 0.0625 0.9375
vt 0.9375 0.9375
vt 0.9375 0.0625
vt 0.0625 0.0625
vt 0.0625 0.9375
vt 0.9375 0.9375
vt 0.9375 0.0625
vt 0.0625 0.0625
vt 0.0625 0.9375
vt 0.9375 0.9375
vt 0.9375 0.0625
vt 0.0625 0.0625
vt 0.0625 0.9375
vt 0.9375 0.9375
vt 0.9375 0.0625
vt 0.0625 0.0625
vt 0.0625 0.9375
vt 0.9375 0.9375
vt 0.9375 0.0625
vt 0.0625 0.0625
vt 0.0625 0.9375
vt 0.9375 0.9375
vt 0.9375 0.0625
vt 0.0625 0.0625
vt 0.0625 0.9375
vt 0.9375 0.9375
vt 0.9375 0.0625
vt 0.0625 0.0625
vt 0.0625 0.9375
vt 0.9375 0.9375
vt 0.9375 0.0625
vt 0.0625 0.0625
vt 0.0625 0.9375
vt 0.9375 0.9375
vt 0.9375 0.0625
vt 0.0625 0.0625
vt 0.0625 0.9375
vt 0.9375 0.9375
vt 0.9375 0.0625
vt 0.0625 0.0625
vt 0.0625 0.9375
vt 0.9375 0.9375
vt 0.9375 0.0625
vt 0.0625 0.0625
vt 0.0625 0.9375
vt 0.9375 0.9375
vt 0.9375 0.0625
vt 0.0625 0.0625
vt 0.0625 0.9375
vt 0.9375 0.9375
vt 0.9375 0.0625
vt 0.0625 0.0625
vt 0.0625 0.9375
vt 0.9375 0.9375
vt 0.9375 0.0625
vt 0.0625 0.0625
vt 0.0625 0.9375
vt 0.9375 0.9375
vt 0.9375 0.0625
vt 0.0625 0.0625
vt 0.0625 0.9375
vt 0.9375 0.9375
vt 0.9375 0.0625
vt 0.0625 0.0625
vt 0.0625 0.9375
vt 0.9375 0.9375
vt 0.9375 0.0625
vt 0.0625 0.0625
vt 0.0625 0.9375
vt 0.9375 0.9375
vt 0.9375 0.0625
vt 0.0625 0.0625
vt 0.0625 0.9375
vt 0.9375 0.9375
vt 0.9375 0.0625
vt 0.0625 0.0625
vt 0.0625 0.9375
vt 0.9375 0.9375
vt 0.9375 0.0625
vt 0.0625 0.0625
vt 0.0625 0.9375
vt 0.9375 0.9375
vt 0.9375 0.0625
vt 0.0625 0.0625
vt 0.0625 0.9375
vt 0.9375 0.9375
vt 0.9375 0.0625
vt 0.0625 0.0625
vt 0.0625 0.9375
vt 0.9375 0.9375
vt 0.9375 0.0625
vt 0.0625 0.0625
vt 0.0625 0.9375
vt 0.9375 0.9375
vt 0.9375 0.0625
vt 0.0625 0.0625
vt 0.0625 0.9375
vt 0.9375 0.9375
vt 0.9375 0.0625
vt 0.0625 0.9375
vt 0.9375 0.9375
vt 0.9375 0.0625
vt 0.0625 0.9375
vt 0.9375 0.9375
vt 0.9375 0.0625
vt 0.0625 0.9375
vt 0.9375 0.9375
vt 0.9375 0.0625
vt 0.0625 0.9375
vt 0.9375 0.9375
vt 0.9375 0.0625
vt 0.0625 0.9375
vt 0.9375 0.9375
vt 0.9375 0.0625
vt 0.0625 0.9375
vt 0.9375 0.9375
vt 0.9375 0.0625
vt 0.0625 0.9375
vt 0.9375 0.9375
vt 0.9375 0.0625
vt 0.0625 0.9375
vt 0.9375 0.9375
vt 0.9375 0.0625
vt 0.0625 0.9375
vt 0.9375 0.9375
vt 0.9375 0.0625
vt 0.0625 0.9375
vt 0.9375 0.9375
vt 0.9375 0.0625
vt 0.0625 0.9375
vt 0.9375 0.9375
vt 0.9375 0.0625
vt 0.0625 0.9375
vt 0.9375 0.9375
vt 0.9375 0.0625
vt 0.0625 0.9375
vt 0.9375 0.9375
vt 0.9375 0.0625
vt 0.0625 0.9375
vt 0.9375 0.9375
vt 0.9375 0.0625
vt 0.0625 0.9375
vt 0.9375 0.9375
vt 0.9375 0.0625
vt 0.0625 0.9375
vt 0.9375 0.9375
vt 0.9375 0.0625
vt 0.0625 0.0625
vt 0.0625 0.9375
vt 0.9375 0.9375
vt 0.9375 0.0625
vt 0.0625 0.0625
vt 0.0625 0.9375
vt 0.9375 0.9375
vt 0.9375 0.0625
vt 0.0625 0.0625
vt 0.0625 0.9375
vt 0.9375 0.9375
vt 0.9375 0.0625
vt 0.0625 0.0625
vt 0.0625 0.9375
vt 0.9375 0.9375
vt 0.9375 0.0625
vt 0.0625 0.0625
vt 0.0625 0.9375
vt 0.9375 0.9375
vt 0.9375 0.0625
vt 0.0625 0.0625
vt 0.0625 0.9375
vt 0.9375 0.9375
vt 0.9375 0.0625
vt 0.0625 0.0625
vt 0.0625 0.9375
vt 0.9375 0.9375
vt 0.9375 0.0625
vt 0.0625 0.0625
vt 0.0625 0.9375
vt 0.9375 0.9375
vt 0.9375 0.0625
vt 0.0625 0.0625
vt 0.0625 0.9375
vt 0.9375 0.9375
vt 0.9375 0.0625
vt 0.0625 0.0625
vt 0.0625 0.9375
vt 0.9375 0.9375
vt 0.9375 0.0625
vt 0.0625 0.0625
vt 0.0625 0.9375
vt 0.9375 0.9375
vt 0.9375 0.0625
vt 0.0625 0.0625
vt 0.0625 0.9375
vt 0.9375 0.9375
vt 0.9375 0.0625
vt 0.0625 0.0625
vt 0.0625 0.9375
vt 0.9375 0.9375
vt 0.9375 0.0625
vt 0.0625 0.0625
vt 0.0625 0.9375
vt 0.9375 0.9375
vt 0.9375 0.0625
vt 0.0625 0.0625
vt 0.0625 0.9375
vt 0.9375 0.9375
vt 0.9375 0.0625
vt 0.0625 0.0625
vt 0.0625 0.9375
vt 0.9375 0.9375
vt 0.9375 0.0625
vt 0.0625 0.0625
vt 0.0625 0.9375
vt 0.9375 0.9375
vt 0.9375 0.0625
vt 0.0625 0.0625
vt 0.0625 0.9375
vt 0.9375 0.9375
vt 0.9375 0.0625
vt 0.0625 0.0625
vt 0.0625 0.9375
vt 0.9375 0.9375
vt 0.9375 0.0625
vt 0.0625 0.0625
vt 0.0625 0.9375
vt 0.9375 0.9375
vt 0.9375 0.0625
vt 0.0625 0.0625
vt 0.0625 0.9375
vt 0.9375 0.9375
vt 0.9375 0.0625
vt 0.0625 0.0625
vt 0.0625 0.9375
vt 0.9375 0.9375
vt 0.9375 0.0625
vt 0.0625 0.0625
vt 0.0625 0.9375
vt 0.9375 0.9375
vt 0.9375 0.0625
vt 0.0625 0.0625
vt 0.0625 0.9375
vt 0.9375 0.9375
vt 0.9375 0.0625
vt 0.0625 0.9375
vt 0.9375 0.9375
vt 0.9375 0.0625
vt 0.0625 0.9375
vt 0.9375 0.9375
vt 0.9375 0.0625
vt 0.0625 0.9375
vt 0.9375 0.9375
vt 0.9375 0.0625
vt 0.0625 0.9375
vt 0.9375 0.9375
vt 0.9375 0.0625
vt 0.0625 0.9375
vt 0.9375 0.9375
vt 0.9375 0.0625
vt 0.0625 0.9375
vt 0.9375 0.9375
vt 0.9375 0.0625
vt 0.0625 0.9375
vt 0.9375 0.9375
vt 0.9375 0.0625
vt 0.0625 0.9375
vt 0.9375 0.9375
vt 0.9375 0.0625
vt 0.0625 0.9375
vt 0.9375 0.9375
vt 0.9375 0.0625
vt 0.0625 0.9375
vt 0.9375 0.9375
vt 0.9375 0.0625
vt 0.0625 0.9375
vt 0.9375 0.9375
vt 0.9375 0.0625
vt 0.0625 0.9375
vt 0.9375 0.9375
vt 0.9375 0.0625
vt 0.0625 0.9375
vt 0.9375 0.9375
vt 0.9375 0.0625
vt 0.0625 0.9375
vt 0.9375 0.9375
vt 0.9375 0.0625
vt 0.0625 0.9375
vt 0.9375 0.9375
vt 0.9375 0.0625
vt 0.0625 0.9375
vt 0.9375 0.9375
vt 0.9375 0.0625
vt 0.0625 0.0625
vt 0.0625 0.9375
vt 0.9375 0.9375
vt 0.9375 0.0625
vt 0.0625 0.0625
vt 0.0625 0.9375
vt 0.9375 0.9375
vt 0.9375 0.0625
vt 0.0625 0.0625
vt 0.0625 0.9375
vt 0.9375 0.9375
vt 0.9375 0.0625
vt 0.0625 0.0625
vt 0.0625 0.9375
vt 0.9375 0.9375
vt 0.9375 0.0625
vt 0.0625 0.0625
vt 0.0625 0.9375
vt 0.9375 0.9375
vt 0.9375 0.0625
vt 0.0625 0.0625
vt 0.0625 0.9375
vt 0.9375 0.9375
vt 0.9375 0.0625
vt 0.0625 0.0625
vt 0.0625 0.9375
vt 0.9375 0.9375
vt 0.9375 0.0625
vt 0.0625 0.0625
vt 0.0625 0.9375
vt 0.9375 0.9375
vt 0.9375 0.0625
vt 0.0625 0.0625
vt 0.0625 0.9375
vt 0.9375 0.9375
vt 0.9375 0.0625
vt 0.0625 0.0625
vt 0.0625 0.9375
vt 0.9375 0.9375
vt 0.9375 0.0625
vt 0.0625 0.0625
vt 0.0625 0.9375
vt 0.9375 0.9375
vt 0.9375 0.0625
vt 0.0625 0.0625
vt 0.0625 0.9375
vt 0.9375 0.9375
vt 0.9375 0.0625
vt 0.0625 0.0625
vt 0.0625 0.9375
vt 0.9375 0.9375
vt 0.9375 0.0625
vt 0.0625 0.0625
vt 0.0625 0.9375
vt 0.9375 0.9375
vt 0.9375 0.0625
vt 0.0625 0.0625
vt 0.0625 0.9375
vt 0.9375 0.9375
vt 0.9375 0.0625
vt 0.0625 0.0625
vt 0.0625 0.9375
vt 0.9375 0.9375
vt 0.9375 0.0625
vt 0.0625 0.0625
vt 0.0625 0.9375
vt 0.9375 0.9375
vt 0.9375 0.0625
vt 0.0625 0.0625
vt 0.0625 0.9375
vt 0.9375 0.9375
vt 0.9375 0.0625
vt 0.0625 0.0625
vt 0.0625 0.9375
vt 0.9375 0.9375
vt 0.9375 0.0625
vt 0.0625 0.0625
vt 0.0625 0.9375
vt 0.9375 0.9375
vt 0.9375 0.0625
vt 0.0625 0.0625
vt 0.0625 0.9375
vt 0.9375 0.9375
vt 0.9375 0.0625
vt 0.0625 0.0625
vt 0.0625 0.9375
vt 0.9375 0.9375
vt 0.9375 0.0625
vt 0.0625 0.0625
vt 0.0625 0.9375
vt 0.9375 0.9375
vt 0.9375 0.0625
vt 0.0625 0.0625
vt 0.0625 0.9375
vt 0.9375 0.9375
vt 0.9375 0.0625
vt 0.0625 0.9375
vt 0.9375 0.9375
vt 0.9375 0.0625
vt 0.0625 0.9375
vt 0.9375 0.9375
vt 0.9375 0.0625
vt 0.0625 0.9375
vt 0.9375 0.9375
vt 0.9375 0.0625
vt 0.0625 0.9375
vt 0.9375 0.9375
vt 0.9375 0.0625
vt 0.0625 0.9375
vt 0.9375 0.9375
vt 0.9375 0.0625
vt 0.0625 0.9375
vt 0.9375 0.9375
vt 0.9375 0.0625
vt 0.0625 0.9375
vt 0.9375 0.9375
vt 0.9375 0.0625
vt 0.0625 0.9375
vt 0.9375 0.9375
vt 0.9375 0.0625
vt 0.0625 0.9375
vt 0.9375 0.9375
vt 0.9375 0.0625
vt 0.0625 0.9375
vt 0.9375 0.9375
vt 0.9375 0.0625
vt 0.0625 0.9375
vt 0.9375 0.9375
vt 0.9375 0.0625
vt 0.0625 0.9375
vt 0.9375 0.9375
vt 0.9375 0.0625
vt 0.0625 0.9375
vt 0.9375 0.9375
vt 0.9375 0.0625
vt 0.0625 0.9375
vt 0.9375 0.9375
vt 0.9375 0.0625
vt 0.0625 0.9375
vt 0.9375 0.9375
vt 0.9375 0.0625
vt 0.0625 0.9375
vt 0.9375 0.9375
vt 0.9375 0.0625
vt 0.0625 0.0625
vt 0.0625 0.9375
vt 0.9375 0.9375
vt 0.9375 0.0625
vt 0.0625 0.0625
vt 0.0625 0.9375
vt 0.9375 0.9375
vt 0.9375 0.0625
vt 0.0625 0.0625
vt 0.0625 0.9375
vt 0.9375 0.9375
vt 0.9375 0.0625
vt 0.0625 0.0625
vt 0.0625 0.9375
vt 0.9375 0.9375
vt 0.9375 0.0625
vt 0.0625 0.0625
vt 0.0625 0.9375
vt 0.9375 0.9375
vt 0.9375 0.0625
vt 0.0625 0.0625
vt 0.0625 0.9375
vt 0.9375 0.9375
vt 0.9375 0.0625
vt 0.0625 0.0625
vt 0.0625 0.9375
vt 0.9375 0.9375
vt 0.9375 0.0625
vt 0.0625 0.0625
vt 0.0625 0.9375
vt 0.9375 0.9375
vt 0.9375 0.0625
vt 0.0625 0.0625
vt 0.0625 0.9375
vt 0.9375 0.9375
vt 0.9375 0.0625
vt 0.0625 0.0625
vt 0.0625 0.9375
vt 0.9375 0.9375
vt 0.9375 0.0625
vt 0.0625 0.0625
vt 0.0625 0.9375
vt 0.9375 0.9375
vt 0.9375 0.0625
vt 0.0625 0.0625
vt 0.0625 0.9375
vt 0.9375 0.9375
vt 0.9375 0.0625
vt 0.0625 0.0625
vt 0.0625 0.9375
vt 0.9375 0.9375
vt 0.9375 0.0625
vt 0.0625 0.0625
vt 0.0625 0.9375
vt 0.9375 0.9375
vt 0.9375 0.0625
vt 0.0625 0.0625
vt 0.0625 0.9375
vt 0.9375 0.9375
vt 0.9375 0.0625
vt 0.0625 0.0625
vt 0.0625 0.9375
vt 0.9375 0.9375
vt 0.9375 0.0625
vt 0.0625 0.0625
vt 0.0625 0.9375
vt 0.9375 0.9375
vt 0.9375 0.0625
vt 0.0625 0.0625
vt 0.0625 0.9375
vt 0.9375 0.9375
vt 0.9375 0.0625
vt 0.0625 0.0625
vt 0.0625 0.9375
vt 0.9375 0.9375
vt 0.9375 0.0625
vt 0.0625 0.0625
vt 0.0625 0.9375
vt 0.9375 0.9375
vt 0.9375 0.0625
vt 0.0625 0.0625
vt 0.0625 0.9375
vt 0.9375 0.9375
vt 0.9375 0.0625
vt 0.0625 0.0625
vt 0.0625 0.9375
vt 0.9375 0.9375
vt 0.9375 0.0625
vt 0.0625 0.0625
vt 0.0625 0.9375
vt 0.9375 0.9375
vt 0.9375 0.0625
vt 0.0625 0.0625
vt 0.0625 0.9375
vt 0.9375 0.9375
vt 0.9375 0.0625
vt 0.0625 0.9375
vt 0.9375 0.9375
vt 0.9375 0.0625
vt 0.0625 0.9375
vt 0.9375 0.9375
vt 0.9375 0.0625
vt 0.0625 0.9375
vt 0.9375 0.9375
vt 0.9375 0.0625
vt 0.0625 0.9375
vt 0.9375 0.9375
vt 0.9375 0.0625
vt 0.0625 0.9375
vt 0.9375 0.9375
vt 0.9375 0.0625
vt 0.0625 0.9375
vt 0.9375 0.9375
vt 0.9375 0.0625
vt 0.0625 0.9375
vt 0.9375 0.9375
vt 0.9375 0.0625
vt 0.0625 0.9375
vt 0.9375 0.9375
vt 0.9375 0.0625
vt 0.0625 0.9375
vt 0.9375 0.9375
vt 0.9375 0.0625
vt 0.0625 0.9375
vt 0.9375 0.9375
vt 0.9375 0.0625
vt 0.0625 0.9375
vt 0.9375 0.9375
vt 0.9375 0.0625
vt 0.0625 0.9375
vt 0.9375 0.9375
vt 0.9375 0.0625
vt 0.0625 0.9375
vt 0.9375 0.9375
vt 0.9375 0.0625
vt 0.0625 0.9375
vt 0.9375 0.9375
vt 0.9375 0.0625
vt 0.0625 0.9375
vt 0.9375 0.9375
vt 0.9375 0.0625
vn 0 0 -1
vn 0.707106781 0 -0.707106781
vn 1 0 0
vn 0.707106781 0 0.707106781
vn 0 0 1
vn -0.707106781 0 0.707106781
vn -1 0 0
vn -0.707106781 0 -0.707106781
vn 0 -1 0
vn 0 1 5.92118946e-15
vn 0 -1 0
vn -9.31248671e-16 1 9.31248671e-16
vn 0 -1 0
vn -1.0526559e-15 1 0
vn 0 -1 0
vn -9.31248671e-16 1 -9.31248671e-16
vn 0 -1 0
vn 0 1 -5.92118946e-15
vn 0 -1 0
vn 9.31248671e-16 1 -9.31248671e-16
vn 0 -1 0
vn 1.0526559e-15 1 0
vn 0 -1 0
vn 9.31248671e-16 1 9.31248671e-16
vn 0 0 -1
vn 0.707106781 0 -0.707106781
vn 1 0 0
vn 0.707106781 0 0.707106781
vn 0 0 1
vn -0.707106781 0 0.707106781
vn -1 0 0
vn -0.707106781 0 -0.707106781
vn 0 -1 0
vn 0 1 -5.46571335e-14
vn 0 -1 0
vn 1.42679264e-15 1 -1.42679264e-15
vn 0 -1 0
vn 1.43543987e-15 1 0
vn 0 -1 0
vn 1.42679264e-15 1 1.42679264e-15
vn 0 -1 0
vn 0 1 5.46571335e-14
vn 0 -1 0
vn -1.42679264e-15 1 1.42679264e-15
vn 0 -1 0
vn -1.43543987e-15 1 0
vn 0 -1 0
vn -1.42679264e-15 1 -1.42679264e-15
vn 0 0 -1
vn 0.707106781 0 -0.707106781
vn 1 0 0
vn 0.707106781 0 0.707106781
vn 0 0 1
vn -0.707106781 0 0.707106781
vn -1 0 0
vn -0.707106781 0 -0.707106781
vn 0 -1 0
vn 0 1 -3.94745964e-14
vn 0 -1 0
vn 2.08983158e-14 1 -2.08983158e-14
vn 0 -1 0
vn 2.84217094e-14 1 0
vn 0 -1 0
vn 2.08983158e-14 1 2.08983158e-14
vn 0 -1 0
vn 0 1 3.94745964e-14
vn 0 -1 0
vn -2.08983158e-14 1 2.08983158e-14
vn 0 -1 0
vn -2.84217094e-14 1 0
vn 0 -1 0
vn -2.08983158e-14 1 -2.08983158e-14
vn 0 0 -1
vn 0.707106781 0 -0.707106781
vn 1 0 0
vn 0.707106781 0 0.707106781
vn 0 0 1
vn -0.707106781 0 0.707106781
vn -1 0 0
vn -0.707106781 0 -0.707106781
vn 0 -1 0
vn 0 1 -1.18423789e-13
vn 0 -1 0
vn 5.92118946e-14 1 -5.92118946e-14
vn 0 -1 0
vn 7.47939722e-14 1 0
vn 0 -1 0
vn 5.92118946e-14 1 5.92118946e-14
vn 0 -1 0
vn 0 1 1.18423789e-13
vn 0 -1 0
vn -5.92118946e-14 1 5.92118946e-14
vn 0 -1 0
vn -7.47939722e-14 1 0
vn 0 -1 0
vn -5.92118946e-14 1 -5.92118946e-14
vn 0 0 -1
vn 0.707106781 0 -0.707106781
vn 1 0 0
vn 0.707106781 0 0.707106781
vn 0 0 1
vn -0.707106781 0 0.707106781
vn -1 0 0
vn -0.707106781 0 -0.707106781
vn 0 -1 0
vn 0 1 -3.94745964e-14
vn 0 -1 0
vn 2.08983158e-14 1 -2.08983158e-14
vn 0 -1 0
vn 2.84217094e-14 1 0
vn 0 -1 0
vn 2.08983158e-14 1 2.08983158e-14
vn 0 -1 0
vn 0 1 3.94745964e-14
vn 0 -1 0
vn -2.08983158e-14 1 2.08983158e-14
vn 0 -1 0
vn -2.84217094e-14 1 0
vn 0 -1 0
vn -2.08983158e-14 1 -2.08983158e-14
vn 0 0 -1
vn 0.707106781 0 -0.707106781
vn 1 0 0
vn 0.707106781 0 0.707106781
vn 0 0 1
vn -0.707106781 0 0.707106781
vn -1 0 0
vn -0.707106781 0 -0.707106781
vn 0 -1 0
vn 0 1 -1.18423789e-13
vn 0 -1 0
vn 5.92118946e-14 1 -5.92118946e-14
vn 0 -1 0
vn 7.47939722e-14 1 0
vn 0 -1 0
vn 5.92118946e-14 1 5.92118946e-14
vn 0 -1 0
vn 0 1 1.18423789e-13
vn 0 -1 0
vn -5.92118946e-14 1 5.92118946e-14
vn 0 -1 0
vn -7.47939722e-14 1 0
vn 0 -1 0
vn -5.92118946e-14 1 -5.92118946e-14
vn 0 -0.707106781 -0.707106781
vn 0.577350269 -0.577350269 -0.577350269
vn 0.707106781 -0.707106781 0
vn 0.577350269 -0.577350269 0.577350269
vn 0 -0.707106781 0.707106781
vn -0.577350269 -0.577350269 0.577350269
vn -0.707106781 -0.707106781 0
vn -0.577350269 -0.577350269 -0.577350269
vn 0 0 -1
vn 0.707106781 0 -0.707106781
vn 1 0 0
vn 0.707106781 0 0.707106781
vn 0 0 1
vn -0.707106781 0 0.707106781
vn -1 0 0
vn -0.707106781 0 -0.707106781
vn 0 0.707106781 -0.707106781
vn 0.577350269 0.577350269 -0.577350269
vn 0.707106781 0.707106781 0
vn 0.577350269 0.577350269 0.577350269
vn 0 0.707106781 0.707106781
vn -0.577350269 0.577350269 0.577350269
vn -0.707106781 0.707106781 0
vn -0.577350269 0.577350269 -0.577350269
vn 0 -1 2.49313241e-15
vn 0 1 -2.49313241e-15
vn -7.98362624e-16 -1 7.98362624e-16
vn 7.98362624e-16 1 -7.98362624e-16
vn -1.08479807e-15 -1 0
vn 1.08479807e-15 1 0
vn -7.98362624e-16 -1 -7.98362624e-16
vn 7.98362624e-16 1 7.98362624e-16
vn 0 -1 -2.49313241e-15
vn 0 1 2.49313241e-15
vn 7.98362624e-16 -1 -7.98362624e-16
vn -7.98362624e-16 1 7.98362624e-16
vn 1.08479807e-15 -1 0
vn -1.08479807e-15 1 0
vn 7.98362624e-16 -1 7.98362624e-16
vn -7.98362624e-16 1 -7.98362624e-16
vn 0.695127504 -0.694338097 0.186258853
vn 0.62323427 -0.694338097 0.359824474
vn 0.508868651 -0.694338097 0.508868651
vn 0.359824474 -0.694338097 0.62323427
vn 0.186258853 -0.694338097 0.695127504
vn 0 -0.694338097 0.719648947
vn -0.186258853 -0.694338097 0.695127504
vn -0.359824474 -0.694338097 0.62323427
vn -0.508868651 -0.694338097 0.508868651
vn -0.62323427 -0.694338097 0.359824474
vn -0.695127504 -0.694338097 0.186258853
vn -0.719648947 -0.694338097 0
vn -0.695127504 -0.694338097 -0.186258853
vn -0.62323427 -0.694338097 -0.359824474
vn -0.508868651 -0.694338097 -0.508868651
vn -0.359824474 -0.694338097 -0.62323427
vn -0.186258853 -0.694338097 -0.695127504
vn -3.34200898e-16 -0.694338097 -0.719648947
vn 0.186258853 -0.694338097 -0.695127504
vn 0.359824474 -0.694338097 -0.62323427
vn 0.508868651 -0.694338097 -0.508868651
vn 0.62323427 -0.694338097 -0.359824474
vn 0.695127504 -0.694338097 -0.186258853
vn 0.719648947 -0.694338097 0
vn 0.965925826 0 0.258819045
vn 0.866025404 0 0.5
vn 0.707106781 0 0.707106781
vn 0.5 0 0.866025404
vn 0.258819045 0 0.965925826
vn 0 0 1
vn -0.258819045 0 0.965925826
vn -0.5 0 0.866025404
vn -0.707106781 0 0.707106781
vn -0.866025404 0 0.5
vn -0.965925826 0 0.258819045
vn -1 0 0
vn -0.965925826 0 -0.258819045
vn -0.866025404 0 -0.5
vn -0.707106781 0 -0.707106781
vn -0.5 0 -0.866025404
vn -0.258819045 0 -0.965925826
vn -4.69282702e-16 0 -1
vn 0.258819045 0 -0.965925826
vn 0.5 0 -0.866025404
vn 0.707106781 0 -0.707106781
vn 0.866025404 0 -0.5
vn 0.965925826 0 -0.258819045
vn 1 0 0
vn 0.695127504 0.694338097 0.186258853
vn 0.62323427 0.694338097 0.359824474
vn 0.508868651 0.694338097 0.508868651
vn 0.359824474 0.694338097 0.62323427
vn 0.186258853 0.694338097 0.695127504
vn 0 0.694338097 0.719648947
vn -0.186258853 0.694338097 0.695127504
vn -0.359824474 0.694338097 0.62323427
vn -0.508868651 0.694338097 0.508868651
vn -0.62323427 0.694338097 0.359824474
vn -0.695127504 0.694338097 0.186258853
vn -0.719648947 0.694338097 0
vn -0.695127504 0.694338097 -0.186258853
vn -0.62323427 0.694338097 -0.359824474
vn -0.508868651 0.694338097 -0.508868651
vn -0.359824474 0.694338097 -0.62323427
vn -0.186258853 0.694338097 -0.695127504
vn -3.50043515e-16 0.694338097 -0.719648947
vn 0.186258853 0.694338097 -0.695127504
vn 0.359824474 0.694338097 -0.62323427
vn 0.508868651 0.694338097 -0.508868651
vn 0.62323427 0.694338097 -0.359824474
vn 0.695127504 0.694338097 -0.186258853
vn 0.719648947 0.694338097 0
vn 0 -1 0
vn 0 1 0
vn 0 -1 0
vn 0 1 0
vn 0 -1 0
vn 0 1 0
vn 0 -1 0
vn 0 1 0
vn 0 -1 0
vn 0 1 0
vn 0 -1 0
vn 0 1 0
vn 0 -1 0
vn 0 1 0
vn 0 -1 0
vn 0 1 0
vn 0 -1 0
vn 0 1 0
vn 0 -1 0
vn 0 1 0
vn 0 -1 0
vn 0 1 0
vn 0 -1 0
vn 0 1 0
vn 0 -1 0
vn 0 1 0
vn 0 -1 0
vn 0 1 0
vn 0 -1 0
vn 0 1 0
vn 0 -1 0
vn 0 1 0
vn 0 -1 0
vn 0 1 0
vn 0 -1 0
vn 0 1 0
vn 0 -1 0
vn 0 1 0
vn 0 -1 0
vn 0 1 0
vn 0 -1 0
vn 0 1 0
vn 0 -1 0
vn 0 1 0
vn 0 -1 0
vn 0 1 0
vn 0 -1 0
vn 0 1 0
vn 0.685940558 -0.704062592 0.183797218
vn 0.614997479 -0.704062592 0.35506896
vn 0.502143339 -0.704062592 0.502143339
vn 0.35506896 -0.704062592 0.614997479
vn 0.183797218 -0.704062592 0.685940558
vn 0 -0.704062592 0.710137921
vn -0.183797218 -0.704062592 0.685940558
vn -0.35506896 -0.704062592 0.614997479
vn -0.502143339 -0.704062592 0.502143339
vn -0.614997479 -0.704062592 0.35506896
vn -0.685940558 -0.704062592 0.183797218
vn -0.710137921 -0.704062592 0
vn -0.685940558 -0.704062592 -0.183797218
vn -0.614997479 -0.704062592 -0.35506896
vn -0.502143339 -0.704062592 -0.502143339
vn -0.35506896 -0.704062592 -0.614997479
vn -0.183797218 -0.704062592 -0.685940558
vn -3.69000533e-16 -0.704062592 -0.710137921
vn 0.183797218 -0.704062592 -0.685940558
vn 0.35506896 -0.704062592 -0.614997479
vn 0.502143339 -0.704062592 -0.502143339
vn 0.614997479 -0.704062592 -0.35506896
vn 0.685940558 -0.704062592 -0.183797218
vn 0.710137921 -0.704062592 0
vn 0.965925826 0 0.258819045
vn 0.866025404 0 0.5
vn 0.707106781 0 0.707106781
vn 0.5 0 0.866025404
vn 0.258819045 0 0.965925826
vn 0 0 1
vn -0.258819045 0 0.965925826
vn -0.5 0 0.866025404
vn -0.707106781 0 0.707106781
vn -0.866025404 0 0.5
vn -0.965925826 0 0.258819045
vn -1 0 0
vn -0.965925826 0 -0.258819045
vn -0.866025404 0 -0.5
vn -0.707106781 0 -0.707106781
vn -0.5 0 -0.866025404
vn -0.258819045 0 -0.965925826
vn -5.11623998e-16 0 -1
vn 0.258819045 0 -0.965925826
vn 0.5 0 -0.866025404
vn 0.707106781 0 -0.707106781
vn 0.866025404 0 -0.5
vn 0.965925826 0 -0.258819045
vn 1 0 0
vn 0.685940558 0.704062592 0.183797218
vn 0.614997479 0.704062592 0.35506896
vn 0.502143339 0.704062592 0.502143339
vn 0.35506896 0.704062592 0.614997479
vn 0.183797218 0.704062592 0.685940558
vn 0 0.704062592 0.710137921
vn -0.183797218 0.704062592 0.685940558
vn -0.35506896 0.704062592 0.614997479
vn -0.502143339 0.704062592 0.502143339
vn -0.614997479 0.704062592 0.35506896
vn -0.685940558 0.704062592 0.183797218
vn -0.710137921 0.704062592 0
vn -0.685940558 0.704062592 -0.183797218
vn -0.614997479 0.704062592 -0.35506896
vn -0.502143339 0.704062592 -0.502143339
vn -0.35506896 0.704062592 -0.614997479
vn -0.183797218 0.704062592 -0.685940558
vn -3.67836035e-16 0.704062592 -0.710137921
vn 0.183797218 0.704062592 -0.685940558
vn 0.35506896 0.704062592 -0.614997479
vn 0.502143339 0.704062592 -0.502143339
vn 0.614997479 0.704062592 -0.35506896
vn 0.685940558 0.704062592 -0.183797218
vn 0.710137921 0.704062592 0
vn -2.13001202e-15 -1 -5.70735001e-16
vn 2.13001202e-15 1 5.70735001e-16
vn -1.90971653e-15 -1 -1.10257536e-15
vn 1.90971653e-15 1 1.10257536e-15
vn -1.55927702e-15 -1 -1.55927702e-15
vn 1.55927702e-15 1 1.55927702e-15
vn -1.10257536e-15 -1 -1.90971653e-15
vn 1.10257536e-15 1 1.90971653e-15
vn -5.70735001e-16 -1 -2.13001202e-15
vn 5.70735001e-16 1 2.13001202e-15
vn 0 -1 -2.20515071e-15
vn 0 1 2.20515071e-15
vn 5.70735001e-16 -1 -2.13001202e-15
vn -5.70735001e-16 1 2.13001202e-15
vn 1.10257536e-15 -1 -1.90971653e-15
vn -1.10257536e-15 1 1.90971653e-15
vn 1.55927702e-15 -1 -1.55927702e-15
vn -1.55927702e-15 1 1.55927702e-15
vn 1.90971653e-15 -1 -1.10257536e-15
vn -1.90971653e-15 1 1.10257536e-15
vn 2.13001202e-15 -1 -5.70735001e-16
vn -2.13001202e-15 1 5.70735001e-16
vn 2.20515071e-15 -1 0
vn -2.20515071e-15 1 0
vn 2.13001202e-15 -1 5.70735001e-16
vn -2.13001202e-15 1 -5.70735001e-16
vn 1.90971653e-15 -1 1.10257536e-15
vn -1.90971653e-15 1 -1.10257536e-15
vn 1.55927702e-15 -1 1.55927702e-15
vn -1.55927702e-15 1 -1.55927702e-15
vn 1.10257536e-15 -1 1.90971653e-15
vn -1.10257536e-15 1 -1.90971653e-15
vn 5.70735001e-16 -1 2.13001202e-15
vn -5.70735001e-16 1 -2.13001202e-15
vn 1.15424359e-30 -1 2.20515071e-15
vn -1.15424359e-30 1 -2.20515071e-15
vn -5.70735001e-16 -1 2.13001202e-15
vn 5.70735001e-16 1 -2.13001202e-15
vn -1.10257536e-15 -1 1.90971653e-15
vn 1.10257536e-15 1 -1.90971653e-15
vn -1.55927702e-15 -1 1.55927702e-15
vn 1.55927702e-15 1 -1.55927702e-15
vn -1.90971653e-15 -1 1.10257536e-15
vn 1.90971653e-15 1 -1.10257536e-15
vn -2.13001202e-15 -1 5.70735001e-16
vn 2.13001202e-15 1 -5.70735001e-16
vn -2.20515071e-15 -1 0
vn 2.20515071e-15 1 0
vn 0.685940558 -0.704062592 0.183797218
vn 0.614997479 -0.704062592 0.35506896
vn 0.502143339 -0.704062592 0.502143339
vn 0.35506896 -0.704062592 0.614997479
vn 0.183797218 -0.704062592 0.685940558
vn 0 -0.704062592 0.710137921
vn -0.183797218 -0.704062592 0.685940558
vn -0.35506896 -0.704062592 0.614997479
vn -0.502143339 -0.704062592 0.502143339
vn -0.614997479 -0.704062592 0.35506896
vn -0.685940558 -0.704062592 0.183797218
vn -0.710137921 -0.704062592 0
vn -0.685940558 -0.704062592 -0.183797218
vn -0.614997479 -0.704062592 -0.35506896
vn -0.502143339 -0.704062592 -0.502143339
vn -0.35506896 -0.704062592 -0.614997479
vn -0.183797218 -0.704062592 -0.685940558
vn -3.51554949e-16 -0.704062592 -0.710137921
vn 0.183797218 -0.704062592 -0.685940558
vn 0.35506896 -0.704062592 -0.614997479
vn 0.502143339 -0.704062592 -0.502143339
vn 0.614997479 -0.704062592 -0.35506896
vn 0.685940558 -0.704062592 -0.183797218
vn 0.710137921 -0.704062592 0
vn 0.965925826 0 0.258819045
vn 0.866025404 0 0.5
vn 0.707106781 0 0.707106781
vn 0.5 0 0.866025404
vn 0.258819045 0 0.965925826
vn 0 0 1
vn -0.258819045 0 0.965925826
vn -0.5 0 0.866025404
vn -0.707106781 0 0.707106781
vn -0.866025404 0 0.5
vn -0.965925826 0 0.258819045
vn -1 0 0
vn -0.965925826 0 -0.258819045
vn -0.866025404 0 -0.5
vn -0.707106781 0 -0.707106781
vn -0.5 0 -0.866025404
vn -0.258819045 0 -0.965925826
vn -4.87435471e-16 0 -1
vn 0.258819045 0 -0.965925826
vn 0.5 0 -0.866025404
vn 0.707106781 0 -0.707106781
vn 0.866025404 0 -0.5
vn 0.965925826 0 -0.258819045
vn 1 0 0
vn 0.685940558 0.704062592 0.183797218
vn 0.614997479 0.704062592 0.35506896
vn 0.502143339 0.704062592 0.502143339
vn 0.35506896 0.704062592 0.614997479
vn 0.183797218 0.704062592 0.685940558
vn 0 0.704062592 0.710137921
vn -0.183797218 0.704062592 0.685940558
vn -0.35506896 0.704062592 0.614997479
vn -0.502143339 0.704062592 0.502143339
vn -0.614997479 0.704062592 0.35506896
vn -0.685940558 0.704062592 0.183797218
vn -0.710137921 0.704062592 0
vn -0.685940558 0.704062592 -0.183797218
vn -0.614997479 0.704062592 -0.35506896
vn -0.502143339 0.704062592 -0.502143339
vn -0.35506896 0.704062592 -0.614997479
vn -0.183797218 0.704062592 -0.685940558
vn 0 0.704062592 -0.710137921
vn 0.183797218 0.704062592 -0.685940558
vn 0.35506896 0.704062592 -0.614997479
vn 0.502143339 0.704062592 -0.502143339
vn 0.614997479 0.704062592 -0.35506896
vn 0.685940558 0.704062592 -0.183797218
vn 0.710137921 0.704062592 0
vn -3.04064674e-15 -1 -8.14738838e-16
vn -2.02709783e-15 1 -5.43159225e-16
vn -2.72616928e-15 -1 -1.57395457e-15
vn -1.81744619e-15 1 -1.04930305e-15
vn -2.2259079e-15 -1 -2.2259079e-15
vn -1.4839386e-15 1 -1.4839386e-15
vn -1.57395457e-15 -1 -2.72616928e-15
vn -1.04930305e-15 1 -1.81744619e-15
vn -8.14738838e-16 -1 -3.04064674e-15
vn -5.43159225e-16 1 -2.02709783e-15
vn 0 -1 -3.14790914e-15
vn 0 1 -2.09860609e-15
vn 8.14738838e-16 -1 -3.04064674e-15
vn 5.43159225e-16 1 -2.02709783e-15
vn 1.57395457e-15 -1 -2.72616928e-15
vn 1.04930305e-15 1 -1.81744619e-15
vn 2.2259079e-15 -1 -2.2259079e-15
vn 1.4839386e-15 1 -1.4839386e-15
vn 2.72616928e-15 -1 -1.57395457e-15
vn 1.81744619e-15 1 -1.04930305e-15
vn 3.04064674e-15 -1 -8.14738838e-16
vn 2.02709783e-15 1 -5.43159225e-16
vn 3.14790914e-15 -1 0
vn 2.09860609e-15 1 0
vn 3.04064674e-15 -1 8.14738838e-16
vn 2.02709783e-15 1 5.43159225e-16
vn 2.72616928e-15 -1 1.57395457e-15
vn 1.81744619e-15 1 1.04930305e-15
vn 2.2259079e-15 -1 2.2259079e-15
vn 1.4839386e-15 1 1.4839386e-15
vn 1.57395457e-15 -1 2.72616928e-15
vn 1.04930305e-15 1 1.81744619e-15
vn 8.14738838e-16 -1 3.04064674e-15
vn 5.43159225e-16 1 2.02709783e-15
vn 0 -1 3.14790914e-15
vn 0 1 2.09860609e-15
vn -8.14738838e-16 -1 3.04064674e-15
vn -5.43159225e-16 1 2.02709783e-15
vn -1.57395457e-15 -1 2.72616928e-15
vn -1.04930305e-15 1 1.81744619e-15
vn -2.2259079e-15 -1 2.2259079e-15
vn -1.4839386e-15 1 1.4839386e-15
vn -2.72616928e-15 -1 1.57395457e-15
vn -1.81744619e-15 1 1.04930305e-15
vn -3.04064674e-15 -1 8.14738838e-16
vn -2.02709783e-15 1 5.43159225e-16
vn -3.14790914e-15 -1 0
vn -2.09860609e-15 1 0
vn 0.965925826 0 0.258819045
vn 0.866025404 0 0.5
vn 0.707106781 0 0.707106781
vn 0.5 0 0.866025404
vn 0.258819045 0 0.965925826
vn 0 0 1
vn -0.258819045 0 0.965925826
vn -0.5 0 0.866025404
vn -0.707106781 0 0.707106781
vn -0.866025404 0 0.5
vn -0.965925826 0 0.258819045
vn -1 0 0
vn -0.965925826 0 -0.258819045
vn -0.866025404 0 -0.5
vn -0.707106781 0 -0.707106781
vn -0.5 0 -0.866025404
vn -0.258819045 0 -0.965925826
vn 0 0 -1
vn 0.258819045 0 -0.965925826
vn 0.5 0 -0.866025404
vn 0.707106781 0 -0.707106781
vn 0.866025404 0 -0.5
vn 0.965925826 0 -0.258819045
vn 1 0 0
vn 0 1 0
vn 0 1 0
vn 0 1 0
vn 0 1 0
vn 0 1 0
vn 0 1 0
vn 0 1 0
vn 0 1 0
vn 0 1 0
vn 0 1 0
vn 0 1 0
vn 0 1 0
vn 0 1 0
vn 0 1 0
vn 0 1 0
vn 0 1 0
vn 0 1 0
vn 0 1 0
vn 0 1 0
vn 0 1 0
vn 0 1 0
vn 0 1 0
vn 0 1 0
vn 0 1 0
vn -0.965925826 0 -0.258819045
vn -0.866025404 0 -0.5
vn -0.707106781 0 -0.707106781
vn -0.5 0 -0.866025404
vn -0.258819045 0 -0.965925826
vn 0 0 -1
vn 0.258819045 0 -0.965925826
vn 0.5 0 -0.866025404
vn 0.707106781 0 -0.707106781
vn 0.866025404 0 -0.5
vn 0.965925826 0 -0.258819045
vn 1 0 0
vn 0.965925826 0 0.258819045
vn 0.866025404 0 0.5
vn 0.707106781 0 0.707106781
vn 0.5 0 0.866025404
vn 0.258819045 0 0.965925826
vn 5.98996406e-16 0 1
vn -0.258819045 0 0.965925826
vn -0.5 0 0.866025404
vn -0.707106781 0 0.707106781
vn -0.866025404 0 0.5
vn -0.965925826 0 0.258819045
vn -1 0 0
vn 0 -1 0
vn 0 -1 0
vn 0 -1 0
vn 0 -1 0
vn 0 -1 0
vn 0 -1 0
vn 0 -1 0
vn 0 -1 0
vn 0 -1 0
vn 0 -1 0
vn 0 -1 0
vn 0 -1 0
vn 0 -1 0
vn 0 -1 0
vn 0 -1 0
vn 0 -1 0
vn 0 -1 0
vn 0 -1 0
vn 0 -1 0
vn 0 -1 0
vn 0 -1 0
vn 0 -1 0
vn 0 -1 0
vn 0 -1 0
vn 0.965925826 0 0.258819045
vn 0.866025404 0 0.5
vn 0.707106781 0 0.707106781
vn 0.5 0 0.866025404
vn 0.258819045 0 0.965925826
vn 0 0 1
vn -0.258819045 0 0.965925826
vn -0.5 0 0.866025404
vn -0.707106781 0 0.707106781
vn -0.866025404 0 0.5
vn -0.965925826 0 0.258819045
vn -1 0 0
vn -0.965925826 0 -0.258819045
vn -0.866025404 0 -0.5
vn -0.707106781 0 -0.707106781
vn -0.5 0 -0.866025404
vn -0.258819045 0 -0.965925826
vn -5.24237224e-16 0 -1
vn 0.258819045 0 -0.965925826
vn 0.5 0 -0.866025404
vn 0.707106781 0 -0.707106781
vn 0.866025404 0 -0.5
vn 0.965925826 0 -0.258819045
vn 1 0 0
vn 0 1 0
vn 0 1 0
vn 0 1 0
vn 0 1 0
vn 0 1 0
vn 0 1 0
vn 0 1 0
vn 0 1 0
vn 0 1 0
vn 0 1 0
vn 0 1 0
vn 0 1 0
vn 0 1 0
vn 0 1 0
vn 0 1 0
vn 0 1 0
vn 0 1 0
vn 0 1 0
vn 0 1 0
vn 0 1 0
vn 0 1 0
vn 0 1 0
vn 0 1 0
vn 0 1 0
vn -0.965925826 0 -0.258819045
vn -0.866025404 0 -0.5
vn -0.707106781 0 -0.707106781
vn -0.5 0 -0.866025404
vn -0.258819045 0 -0.965925826
vn 0 0 -1
vn 0.258819045 0 -0.965925826
vn 0.5 0 -0.866025404
vn 0.707106781 0 -0.707106781
vn 0.866025404 0 -0.5
vn 0.965925826 0 -0.258819045
vn 1 0 0
vn 0.965925826 0 0.258819045
vn 0.866025404 0 0.5
vn 0.707106781 0 0.707106781
vn 0.5 0 0.866025404
vn 0.258819045 0 0.965925826
vn 5.52321361e-16 0 1
vn -0.258819045 0 0.965925826
vn -0.5 0 0.866025404
vn -0.707106781 0 0.707106781
vn -0.866025404 0 0.5
vn -0.965925826 0 0.258819045
vn -1 0 0
vn 0 -1 0
vn 0 -1 0
vn 0 -1 0
vn 0 -1 0
vn 0 -1 0
vn 0 -1 0
vn 0 -1 0
vn 0 -1 0
vn 0 -1 0
vn 0 -1 0
vn 0 -1 0
vn 0 -1 0
vn 0 -1 0
vn 0 -1 0
vn 0 -1 0
vn 0 -1 0
vn 0 -1 0
vn 0 -1 0
vn 0 -1 0
vn 0 -1 0
vn 0 -1 0
vn 0 -1 0
vn 0 -1 0
vn 0 -1 0
vn 0.685940558 -0.704062592 0.183797218
vn 0.614997479 -0.704062592 0.35506896
vn 0.502143339 -0.704062592 0.502143339
vn 0.35506896 -0.704062592 0.614997479
vn 0.183797218 -0.704062592 0.685940558
vn 0 -0.704062592 0.710137921
vn -0.183797218 -0.704062592 0.685940558
vn -0.35506896 -0.704062592 0.614997479
vn -0.502143339 -0.704062592 0.502143339
vn -0.614997479 -0.704062592 0.35506896
vn -0.685940558 -0.704062592 0.183797218
vn -0.710137921 -0.704062592 0
vn -0.685940558 -0.704062592 -0.183797218
vn -0.614997479 -0.704062592 -0.35506896
vn -0.502143339 -0.704062592 -0.502143339
vn -0.35506896 -0.704062592 -0.614997479
vn -0.183797218 -0.704062592 -0.685940558
vn -4.28995375e-16 -0.704062592 -0.710137921
vn 0.183797218 -0.704062592 -0.685940558
vn 0.35506896 -0.704062592 -0.614997479
vn 0.502143339 -0.704062592 -0.502143339
vn 0.614997479 -0.704062592 -0.35506896
vn 0.685940558 -0.704062592 -0.183797218
vn 0.710137921 -0.704062592 0
vn 0.965925826 0 0.258819045
vn 0.866025404 0 0.5
vn 0.707106781 0 0.707106781
vn 0.5 0 0.866025404
vn 0.258819045 0 0.965925826
vn 0 0 1
vn -0.258819045 0 0.965925826
vn -0.5 0 0.866025404
vn -0.707106781 0 0.707106781
vn -0.866025404 0 0.5
vn -0.965925826 0 0.258819045
vn -1 0 0
vn -0.965925826 0 -0.258819045
vn -0.866025404 0 -0.5
vn -0.707106781 0 -0.707106781
vn -0.5 0 -0.866025404
vn -0.258819045 0 -0.965925826
vn -5.9480762e-16 0 -1
vn 0.258819045 0 -0.965925826
vn 0.5 0 -0.866025404
vn 0.707106781 0 -0.707106781
vn 0.866025404 0 -0.5
vn 0.965925826 0 -0.258819045
vn 1 0 0
vn 0.685940558 0.704062592 0.183797218
vn 0.614997479 0.704062592 0.35506896
vn 0.502143339 0.704062592 0.502143339
vn 0.35506896 0.704062592 0.614997479
vn 0.183797218 0.704062592 0.685940558
vn 0 0.704062592 0.710137921
vn -0.183797218 0.704062592 0.685940558
vn -0.35506896 0.704062592 0.614997479
vn -0.502143339 0.704062592 0.502143339
vn -0.614997479 0.704062592 0.35506896
vn -0.685940558 0.704062592 0.183797218
vn -0.710137921 0.704062592 0
vn -0.685940558 0.704062592 -0.183797218
vn -0.614997479 0.704062592 -0.35506896
vn -0.502143339 0.704062592 -0.502143339
vn -0.35506896 0.704062592 -0.614997479
vn -0.183797218 0.704062592 -0.685940558
vn -4.29252105e-16 0.704062592 -0.710137921
vn 0.183797218 0.704062592 -0.685940558
vn 0.35506896 0.704062592 -0.614997479
vn 0.502143339 0.704062592 -0.502143339
vn 0.614997479 0.704062592 -0.35506896
vn 0.685940558 0.704062592 -0.183797218
vn 0.710137921 0.704062592 0
vn 4.97130275e-15 -1 1.33205656e-15
vn 4.97130275e-15 1 1.33205656e-15
vn 4.45714811e-15 -1 2.57333566e-15
vn 4.45714811e-15 1 2.57333566e-15
vn 3.63924619e-15 -1 3.63924619e-15
vn 3.63924619e-15 1 3.63924619e-15
vn 2.57333566e-15 -1 4.45714811e-15
vn 2.57333566e-15 1 4.45714811e-15
vn 1.33205656e-15 -1 4.97130275e-15
vn 1.33205656e-15 1 4.97130275e-15
vn 0 -1 5.14667132e-15
vn 0 1 5.14667132e-15
vn -1.33205656e-15 -1 4.97130275e-15
vn -1.33205656e-15 1 4.97130275e-15
vn -2.57333566e-15 -1 4.45714811e-15
vn -2.57333566e-15 1 4.45714811e-15
vn -3.63924619e-15 -1 3.63924619e-15
vn -3.63924619e-15 1 3.63924619e-15
vn -4.45714811e-15 -1 2.57333566e-15
vn -4.45714811e-15 1 2.57333566e-15
vn -4.97130275e-15 -1 1.33205656e-15
vn -4.97130275e-15 1 1.33205656e-15
vn -5.14667132e-15 -1 0
vn -5.14667132e-15 1 0
vn -4.97130275e-15 -1 -1.33205656e-15
vn -4.97130275e-15 1 -1.33205656e-15
vn -4.45714811e-15 -1 -2.57333566e-15
vn -4.45714811e-15 1 -2.57333566e-15
vn -3.63924619e-15 -1 -3.63924619e-15
vn -3.63924619e-15 1 -3.63924619e-15
vn -2.57333566e-15 -1 -4.45714811e-15
vn -2.57333566e-15 1 -4.45714811e-15
vn -1.33205656e-15 -1 -4.97130275e-15
vn -1.33205656e-15 1 -4.97130275e-15
vn -3.14371951e-30 -1 -5.14667132e-15
vn -3.14371951e-30 1 -5.14667132e-15
vn 1.33205656e-15 -1 -4.97130275e-15
vn 1.33205656e-15 1 -4.97130275e-15
vn 2.57333566e-15 -1 -4.45714811e-15
vn 2.57333566e-15 1 -4.45714811e-15
vn 3.63924619e-15 -1 -3.63924619e-15
vn 3.63924619e-15 1 -3.63924619e-15
vn 4.45714811e-15 -1 -2.57333566e-15
vn 4.45714811e-15 1 -2.57333566e-15
vn 4.97130275e-15 -1 -1.33205656e-15
vn 4.97130275e-15 1 -1.33205656e-15
vn 5.14667132e-15 -1 0
vn 5.14667132e-15 1 0
vn 0.685940558 -0.704062592 0.183797218
vn 0.614997479 -0.704062592 0.35506896
vn 0.502143339 -0.704062592 0.502143339
vn 0.35506896 -0.704062592 0.614997479
vn 0.183797218 -0.704062592 0.685940558
vn 0 -0.704062592 0.710137921
vn -0.183797218 -0.704062592 0.685940558
vn -0.35506896 -0.704062592 0.614997479
vn -0.502143339 -0.704062592 0.502143339
vn -0.614997479 -0.704062592 0.35506896
vn -0.685940558 -0.704062592 0.183797218
vn -0.710137921 -0.704062592 0
vn -0.685940558 -0.704062592 -0.183797218
vn -0.614997479 -0.704062592 -0.35506896
vn -0.502143339 -0.704062592 -0.502143339
vn -0.35506896 -0.704062592 -0.614997479
vn -0.183797218 -0.704062592 -0.685940558
vn 0 -0.704062592 -0.710137921
vn 0.183797218 -0.704062592 -0.685940558
vn 0.35506896 -0.704062592 -0.614997479
vn 0.502143339 -0.704062592 -0.502143339
vn 0.614997479 -0.704062592 -0.35506896
vn 0.685940558 -0.704062592 -0.183797218
vn 0.710137921 -0.704062592 0
vn -0.965925826 0 -0.258819045
vn -0.866025404 0 -0.5
vn -0.707106781 0 -0.707106781
vn -0.5 0 -0.866025404
vn -0.258819045 0 -0.965925826
vn 0 0 -1
vn 0.258819045 0 -0.965925826
vn 0.5 0 -0.866025404
vn 0.707106781 0 -0.707106781
vn 0.866025404 0 -0.5
vn 0.965925826 0 -0.258819045
vn 1 0 0
vn 0.965925826 0 0.258819045
vn 0.866025404 0 0.5
vn 0.707106781 0 0.707106781
vn 0.5 0 0.866025404
vn 0.258819045 0 0.965925826
vn 0 0 1
vn -0.258819045 0 0.965925826
vn -0.5 0 0.866025404
vn -0.707106781 0 0.707106781
vn -0.866025404 0 0.5
vn -0.965925826 0 0.258819045
vn -1 0 0
vn 0.685940558 0.704062592 0.183797218
vn 0.614997479 0.704062592 0.35506896
vn 0.502143339 0.704062592 0.502143339
vn 0.35506896 0.704062592 0.614997479
vn 0.183797218 0.704062592 0.685940558
vn 0 0.704062592 0.710137921
vn -0.183797218 0.704062592 0.685940558
vn -0.35506896 0.704062592 0.614997479
vn -0.502143339 0.704062592 0.502143339
vn -0.614997479 0.704062592 0.35506896
vn -0.685940558 0.704062592 0.183797218
vn -0.710137921 0.704062592 0
vn -0.685940558 0.704062592 -0.183797218
vn -0.614997479 0.704062592 -0.35506896
vn -0.502143339 0.704062592 -0.502143339
vn -0.35506896 0.704062592 -0.614997479
vn -0.183797218 0.704062592 -0.685940558
vn -1.16630938e-15 0.704062592 -0.710137921
vn 0.183797218 0.704062592 -0.685940558
vn 0.35506896 0.704062592 -0.614997479
vn 0.502143339 0.704062592 -0.502143339
vn 0.614997479 0.704062592 -0.35506896
vn 0.685940558 0.704062592 -0.183797218
vn 0.710137921 0.704062592 0
vn 0 -1 0
vn 0 1 0
vn 0 -1 0
vn 0 1 0
vn 0 -1 0
vn 0 1 0
vn 0 -1 0
vn 0 1 0
vn 0 -1 0
vn 0 1 0
vn 0 -1 0
vn 0 1 0
vn 0 -1 0
vn 0 1 0
vn 0 -1 0
vn 0 1 0
vn 0 -1 0
vn 0 1 0
vn 0 -1 0
vn 0 1 0
vn 0 -1 0
vn 0 1 0
vn 0 -1 0
vn 0 1 0
vn 0 -1 0
vn 0 1 0
vn 0 -1 0
vn 0 1 0
vn 0 -1 0
vn 0 1 0
vn 0 -1 0
vn 0 1 0
vn 0 -1 0
vn 0 1 0
vn 0 -1 0
vn 0 1 0
vn 0 -1 0
vn 0 1 0
vn 0 -1 0
vn 0 1 0
vn 0 -1 0
vn 0 1 0
vn 0 -1 0
vn 0 1 0
vn 0 -1 0
vn 0 1 0
vn 0 -1 0
vn 0 1 0
vn 0 -0.707106781 -0.707106781
vn 0.577350269 -0.577350269 -0.577350269
vn 0.707106781 -0.707106781 0
vn 0.577350269 -0.577350269 0.577350269
vn 0 -0.707106781 0.707106781
vn -0.577350269 -0.577350269 0.577350269
vn -0.707106781 -0.707106781 0
vn -0.577350269 -0.577350269 -0.577350269
vn 0 0 -1
vn 0.707106781 0 -0.707106781
vn 1 0 0
vn 0.707106781 0 0.707106781
vn 0 0 1
vn -0.707106781 0 0.707106781
vn -1 0 0
vn -0.707106781 0 -0.707106781
vn 0 0.707106781 -0.707106781
vn 0.577350269 0.577350269 -0.577350269
vn 0.707106781 0.707106781 0
vn 0.577350269 0.577350269 0.577350269
vn 0 0.707106781 0.707106781
vn -0.577350269 0.577350269 0.577350269
vn -0.707106781 0.707106781 0
vn -0.577350269 0.577350269 -0.577350269
vn 0 -1 0
vn 0 1 0
vn 0 -1 0
vn 0 1 0
vn 0 -1 0
vn 0 1 0
vn 0 -1 0
vn 0 1 0
vn 0 -1 0
vn 0 1 0
vn 0 -1 0
vn 0 1 0
vn 0 -1 0
vn 0 1 0
vn 0 -1 0
vn 0 1 0
vn 0 -0.707106781 -0.707106781
vn 0.577350269 -0.577350269 -0.577350269
vn 0.707106781 -0.707106781 0
vn 0.577350269 -0.577350269 0.577350269
vn 0 -0.707106781 0.707106781
vn -0.577350269 -0.577350269 0.577350269
vn -0.707106781 -0.707106781 0
vn -0.577350269 -0.577350269 -0.577350269
vn 0 0 -1
vn 0.707106781 0 -0.707106781
vn 1 0 0
vn 0.707106781 0 0.707106781
vn 0 0 1
vn -0.707106781 0 0.707106781
vn -1 0 0
vn -0.707106781 0 -0.707106781
vn 0 0.707106781 -0.707106781
vn 0.577350269 0.577350269 -0.577350269
vn 0.707106781 0.707106781 0
vn 0.577350269 0.577350269 0.577350269
vn 0 0.707106781 0.707106781
vn -0.577350269 0.577350269 0.577350269
vn -0.707106781 0.707106781 0
vn -0.577350269 0.577350269 -0.577350269
vn 0 -1 0
vn 0 1 0
vn 0 -1 0
vn 0 1 0
vn 0 -1 0
vn 0 1 0
vn 0 -1 0
vn 0 1 0
vn 0 -1 0
vn 0 1 0
vn 0 -1 0
vn 0 1 0
vn 0 -1 0
vn 0 1 0
vn 0 -1 0
vn 0 1 0
vn 0 -0.707106781 -0.707106781
vn 0.577350269 -0.577350269 -0.577350269
vn 0.707106781 -0.707106781 0
vn 0.577350269 -0.577350269 0.577350269
vn 0 -0.707106781 0.707106781
vn -0.577350269 -0.577350269 0.577350269
vn -0.707106781 -0.707106781 0
vn -0.577350269 -0.577350269 -0.577350269
vn 0 0 -1
vn 0.707106781 0 -0.707106781
vn 1 0 0
vn 0.707106781 0 0.707106781
vn 0 0 1
vn -0.707106781 0 0.707106781
vn -1 0 0
vn -0.707106781 0 -0.707106781
vn 0 0.707106781 -0.707106781
vn 0.577350269 0.577350269 -0.577350269
vn 0.707106781 0.707106781 0
vn 0.577350269 0.577350269 0.577350269
vn 0 0.707106781 0.707106781
vn -0.577350269 0.577350269 0.577350269
vn -0.707106781 0.707106781 0
vn -0.577350269 0.577350269 -0.577350269
vn 0 -1 0
vn 0 1 0
vn 0 -1 0
vn 0 1 0
vn 0 -1 0
vn 0 1 0
vn 0 -1 0
vn 0 1 0
vn 0 -1 0
vn 0 1 0
vn 0 -1 0
vn 0 1 0
vn 0 -1 0
vn 0 1 0
vn 0 -1 0
vn 0 1 0
vn 0 -0.707106781 -0.707106781
vn 0.577350269 -0.577350269 -0.577350269
vn 0.707106781 -0.707106781 0
vn 0.577350269 -0.577350269 0.577350269
vn 0 -0.707106781 0.707106781
vn -0.577350269 -0.577350269 0.577350269
vn -0.707106781 -0.707106781 0
vn -0.577350269 -0.577350269 -0.577350269
vn 0 0 -1
vn 0.707106781 0 -0.707106781
vn 1 0 0
vn 0.707106781 0 0.707106781
vn 0 0 1
vn -0.707106781 0 0.707106781
vn -1 0 0
vn -0.707106781 0 -0.707106781
vn 0 0.707106781 -0.707106781
vn 0.577350269 0.577350269 -0.577350269
vn 0.707106781 0.707106781 0
vn 0.577350269 0.577350269 0.577350269
vn 0 0.707106781 0.707106781
vn -0.577350269 0.577350269 0.577350269
vn -0.707106781 0.707106781 0
vn -0.577350269 0.577350269 -0.577350269
vn 0 -1 0
vn 0 1 0
vn 0 -1 0
vn 0 1 0
vn 0 -1 0
vn 0 1 0
vn 0 -1 0
vn 0 1 0
vn 0 -1 0
vn 0 1 0
vn 0 -1 0
vn 0 1 0
vn 0 -1 0
vn 0 1 0
vn 0 -1 0
vn 0 1 0
vn 0 -0.707106781 -0.707106781
vn 0.577350269 -0.577350269 -0.577350269
vn 0.707106781 -0.707106781 0
vn 0.577350269 -0.577350269 0.577350269
vn 0 -0.707106781 0.707106781
vn -0.577350269 -0.577350269 0.577350269
vn -0.707106781 -0.707106781 0
vn -0.577350269 -0.577350269 -0.577350269
vn 0 0 -1
vn 0.707106781 0 -0.707106781
vn 1 0 0
vn 0.707106781 0 0.707106781
vn 0 0 1
vn -0.707106781 0 0.707106781
vn -1 0 0
vn -0.707106781 0 -0.707106781
vn 0 0.707106781 -0.707106781
vn 0.577350269 0.577350269 -0.577350269
vn 0.707106781 0.707106781 0
vn 0.577350269 0.577350269 0.577350269
vn 0 0.707106781 0.707106781
vn -0.577350269 0.577350269 0.577350269
vn -0.707106781 0.707106781 0
vn -0.577350269 0.577350269 -0.577350269
vn 0 -1 0
vn 0 1 0
vn 0 -1 0
vn 0 1 0
vn 0 -1 0
vn 0 1 0
vn 0 -1 0
vn 0 1 0
vn 0 -1 0
vn 0 1 0
vn 0 -1 0
vn 0 1 0
vn 0 -1 0
vn 0 1 0
vn 0 -1 0
vn 0 1 0
vn 0 -0.707106781 -0.707106781
vn 0.577350269 -0.577350269 -0.577350269
vn 0.707106781 -0.707106781 0
vn 0.577350269 -0.577350269 0.577350269
vn 0 -0.707106781 0.707106781
vn -0.577350269 -0.577350269 0.577350269
vn -0.707106781 -0.707106781 0
vn -0.577350269 -0.577350269 -0.577350269
vn 0 0 -1
vn 0.707106781 0 -0.707106781
vn 1 0 0
vn 0.707106781 0 0.707106781
vn 0 0 1
vn -0.707106781 0 0.707106781
vn -1 0 0
vn -0.707106781 0 -0.707106781
vn 0 0.707106781 -0.707106781
vn 0.577350269 0.577350269 -0.577350269
vn 0.707106781 0.707106781 0
vn 0.577350269 0.577350269 0.577350269
vn 0 0.707106781 0.707106781
vn -0.577350269 0.577350269 0.577350269
vn -0.707106781 0.707106781 0
vn -0.577350269 0.577350269 -0.577350269
vn 0 -1 0
vn 0 1 0
vn 0 -1 0
vn 0 1 0
vn 0 -1 0
vn 0 1 0
vn 0 -1 0
vn 0 1 0
vn 0 -1 0
vn 0 1 0
vn 0 -1 0
vn 0 1 0
vn 0 -1 0
vn 0 1 0
vn 0 -1 0
vn 0 1 0
vn 0 -0.707106781 -0.707106781
vn 0.577350269 -0.577350269 -0.577350269
vn 0.707106781 -0.707106781 0
vn 0.577350269 -0.577350269 0.577350269
vn 0 -0.707106781 0.707106781
vn -0.577350269 -0.577350269 0.577350269
vn -0.707106781 -0.707106781 0
vn -0.577350269 -0.577350269 -0.577350269
vn 0 0 -1
vn 0.707106781 0 -0.707106781
vn 1 0 0
vn 0.707106781 0 0.707106781
vn 0 0 1
vn -0.707106781 0 0.707106781
vn -1 0 0
vn -0.707106781 0 -0.707106781
vn 0 0.707106781 -0.707106781
vn 0.577350269 0.577350269 -0.577350269
vn 0.707106781 0.707106781 0
vn 0.577350269 0.577350269 0.577350269
vn 0 0.707106781 0.707106781
vn -0.577350269 0.577350269 0.577350269
vn -0.707106781 0.707106781 0
vn -0.577350269 0.577350269 -0.577350269
vn 0 -1 0
vn 0 1 0
vn 0 -1 0
vn 0 1 0
vn 0 -1 0
vn 0 1 0
vn 0 -1 0
vn 0 1 0
vn 0 -1 0
vn 0 1 0
vn 0 -1 0
vn 0 1 0
vn 0 -1 0
vn 0 1 0
vn 0 -1 0
vn 0 1 0
vn 0 -0.707106781 -0.707106781
vn 0.577350269 -0.577350269 -0.577350269
vn 0.707106781 -0.707106781 0
vn 0.577350269 -0.577350269 0.577350269
vn 0 -0.707106781 0.707106781
vn -0.577350269 -0.577350269 0.577350269
vn -0.707106781 -0.707106781 0
vn -0.577350269 -0.577350269 -0.577350269
vn 0 0 -1
vn 0.707106781 0 -0.707106781
vn 1 0 0
vn 0.707106781 0 0.707106781
vn 0 0 1
vn -0.707106781 0 0.707106781
vn -1 0 0
vn -0.707106781 0 -0.707106781
vn 0 0.707106781 -0.707106781
vn 0.577350269 0.577350269 -0.577350269
vn 0.707106781 0.707106781 0
vn 0.577350269 0.577350269 0.577350269
vn 0 0.707106781 0.707106781
vn -0.577350269 0.577350269 0.577350269
vn -0.707106781 0.707106781 0
vn -0.577350269 0.577350269 -0.577350269
vn 0 -1 0
vn 0 1 0
vn 0 -1 0
vn 0 1 0
vn 0 -1 0
vn 0 1 0
vn 0 -1 0
vn 0 1 0
vn 0 -1 0
vn 0 1 0
vn 0 -1 0
vn 0 1 0
vn 0 -1 0
vn 0 1 0
vn 0 -1 0
vn 0 1 0
vn 0 -0.707106781 -0.707106781
vn 0.577350269 -0.577350269 -0.577350269
vn 0.707106781 -0.707106781 0
vn 0.577350269 -0.577350269 0.577350269
vn 0 -0.707106781 0.707106781
vn -0.577350269 -0.577350269 0.577350269
vn -0.707106781 -0.707106781 0
vn -0.577350269 -0.577350269 -0.577350269
vn 0 0 -1
vn 0.707106781 0 -0.707106781
vn 1 0 0
vn 0.707106781 0 0.707106781
vn 0 0 1
vn -0.707106781 0 0.707106781
vn -1 0 0
vn -0.707106781 0 -0.707106781
vn 0 0.707106781 -0.707106781
vn 0.577350269 0.577350269 -0.577350269
vn 0.707106781 0.707106781 0
vn 0.577350269 0.577350269 0.577350269
vn 0 0.707106781 0.707106781
vn -0.577350269 0.577350269 0.577350269
vn -0.707106781 0.707106781 0
vn -0.577350269 0.577350269 -0.577350269
vn 0 -1 0
vn 0 1 0
vn 0 -1 0
vn 0 1 0
vn 0 -1 0
vn 0 1 0
vn 0 -1 0
vn 0 1 0
vn 0 -1 0
vn 0 1 0
vn 0 -1 0
vn 0 1 0
vn 0 -1 0
vn 0 1 0
vn 0 -1 0
vn 0 1 0
vn 0 -0.707106781 -0.707106781
vn 0.577350269 -0.577350269 -0.577350269
vn 0.707106781 -0.707106781 0
vn 0.577350269 -0.577350269 0.577350269
vn 0 -0.707106781 0.707106781
vn -0.577350269 -0.577350269 0.577350269
vn -0.707106781 -0.707106781 0
vn -0.577350269 -0.577350269 -0.577350269
vn 0 0 -1
vn 0.707106781 0 -0.707106781
vn 1 0 0
vn 0.707106781 0 0.707106781
vn 0 0 1
vn -0.707106781 0 0.707106781
vn -1 0 0
vn -0.707106781 0 -0.707106781
vn 0 0.707106781 -0.707106781
vn 0.577350269 0.577350269 -0.577350269
vn 0.707106781 0.707106781 0
vn 0.577350269 0.577350269 0.577350269
vn 0 0.707106781 0.707106781
vn -0.577350269 0.577350269 0.577350269
vn -0.707106781 0.707106781 0
vn -0.577350269 0.577350269 -0.577350269
vn 0 -1 0
vn 0 1 0
vn 0 -1 0
vn 0 1 0
vn 0 -1 0
vn 0 1 0
vn 0 -1 0
vn 0 1 0
vn 0 -1 0
vn 0 1 0
vn 0 -1 0
vn 0 1 0
vn 0 -1 0
vn 0 1 0
vn 0 -1 0
vn 0 1 0
vn 0 -0.707106781 -0.707106781
vn 0.577350269 -0.577350269 -0.577350269
vn 0.707106781 -0.707106781 0
vn 0.577350269 -0.577350269 0.577350269
vn 0 -0.707106781 0.707106781
vn -0.577350269 -0.577350269 0.577350269
vn -0.707106781 -0.707106781 0
vn -0.577350269 -0.577350269 -0.577350269
vn 0 0 -1
vn 0.707106781 0 -0.707106781
vn 1 0 0
vn 0.707106781 0 0.707106781
vn 0 0 1
vn -0.707106781 0 0.707106781
vn -1 0 0
vn -0.707106781 0 -0.707106781
vn 0 0.707106781 -0.707106781
vn 0.577350269 0.577350269 -0.577350269
vn 0.707106781 0.707106781 0
vn 0.577350269 0.577350269 0.577350269
vn 0 0.707106781 0.707106781
vn -0.577350269 0.577350269 0.577350269
vn -0.707106781 0.707106781 0
vn -0.577350269 0.577350269 -0.577350269
vn 0 -1 0
vn 0 1 0
vn 0 -1 0
vn 0 1 0
vn 0 -1 0
vn 0 1 0
vn 0 -1 0
vn 0 1 0
vn 0 -1 0
vn 0 1 0
vn 0 -1 0
vn 0 1 0
vn 0 -1 0
vn 0 1 0
vn 0 -1 0
vn 0 1 0
vn 0 -0.707106781 -0.707106781
vn 0.577350269 -0.577350269 -0.577350269
vn 0.707106781 -0.707106781 0
vn 0.577350269 -0.577350269 0.577350269
vn 0 -0.707106781 0.707106781
vn -0.577350269 -0.577350269 0.577350269
vn -0.707106781 -0.707106781 0
vn -0.577350269 -0.577350269 -0.577350269
vn 0 0 -1
vn 0.707106781 0 -0.707106781
vn 1 0 0
vn 0.707106781 0 0.707106781
vn 0 0 1
vn -0.707106781 0 0.707106781
vn -1 0 0
vn -0.707106781 0 -0.707106781
vn 0 0.707106781 -0.707106781
vn 0.577350269 0.577350269 -0.577350269
vn 0.707106781 0.707106781 0
vn 0.577350269 0.577350269 0.577350269
vn 0 0.707106781 0.707106781
vn -0.577350269 0.577350269 0.577350269
vn -0.707106781 0.707106781 0
vn -0.577350269 0.577350269 -0.577350269
vn 0 -1 0
vn 0 1 0
vn 0 -1 0
vn 0 1 0
vn 0 -1 0
vn 0 1 0
vn 0 -1 0
vn 0 1 0
vn 0 -1 0
vn 0 1 0
vn 0 -1 0
vn 0 1 0
vn 0 -1 0
vn 0 1 0
vn 0 -1 0
vn 0 1 0
vn 0 -0.786318339 -0.617821552
vn 0.40824829 -0.816496581 -0.40824829
vn 0.617821552 -0.786318339 0
vn 0.40824829 -0.816496581 0.40824829
vn 0 -0.786318339 0.617821552
vn -0.40824829 -0.816496581 0.40824829
vn -0.617821552 -0.786318339 0
vn -0.40824829 -0.816496581 -0.40824829
vn 0 0 -1
vn 0.707106781 0 -0.707106781
vn 1 0 0
vn 0.707106781 0 0.707106781
vn 0 0 1
vn -0.707106781 0 0.707106781
vn -1 0 0
vn -0.707106781 0 -0.707106781
vn 0 0.672672794 -0.739940073
vn 0.525600331 0.668945876 -0.525600331
vn 0.739940073 0.672672794 0
vn 0.525600331 0.668945876 0.525600331
vn 0 0.672672794 0.739940073
vn -0.525600331 0.668945876 0.525600331
vn -0.739940073 0.672672794 0
vn -0.525600331 0.668945876 -0.525600331
vn 0 -1 3.66259142e-15
vn 0 1 3.5175383e-15
vn -2.31070808e-15 -1 2.31070808e-15
vn -2.19642268e-15 1 2.19642268e-15
vn -4.95151732e-15 -1 0
vn -4.69005106e-15 1 0
vn -2.31070808e-15 -1 -2.31070808e-15
vn -2.19642268e-15 1 -2.19642268e-15
vn 0 -1 -3.66259142e-15
vn 0 1 -3.5175383e-15
vn 2.31070808e-15 -1 -2.31070808e-15
vn 2.19642268e-15 1 -2.19642268e-15
vn 4.95151732e-15 -1 0
vn 4.69005106e-15 1 0
vn 2.31070808e-15 -1 2.31070808e-15
vn 2.19642268e-15 1 2.19642268e-15
vn 0 -0.786318339 -0.617821552
vn 0.40824829 -0.816496581 -0.40824829
vn 0.617821552 -0.786318339 0
vn 0.40824829 -0.816496581 0.40824829
vn 0 -0.786318339 0.617821552
vn -0.40824829 -0.816496581 0.40824829
vn -0.617821552 -0.786318339 0
vn -0.40824829 -0.816496581 -0.40824829
vn 0 0 -1
vn 0.707106781 0 -0.707106781
vn 1 0 0
vn 0.707106781 0 0.707106781
vn 0 0 1
vn -0.707106781 0 0.707106781
vn -1 0 0
vn -0.707106781 0 -0.707106781
vn 0 0.672672794 -0.739940073
vn 0.525600331 0.668945876 -0.525600331
vn 0.739940073 0.672672794 0
vn 0.525600331 0.668945876 0.525600331
vn 0 0.672672794 0.739940073
vn -0.525600331 0.668945876 0.525600331
vn -0.739940073 0.672672794 0
vn -0.525600331 0.668945876 -0.525600331
vn 0 -1 5.55111512e-15
vn 0 1 0
vn -1.55140335e-15 -1 1.55140335e-15
vn 0 1 0
vn -1.97372982e-15 -1 0
vn 0 1 0
vn -1.55140335e-15 -1 -1.55140335e-15
vn 0 1 0
vn 0 -1 -5.55111512e-15
vn 0 1 0
vn 1.55140335e-15 -1 -1.55140335e-15
vn 0 1 0
vn 1.97372982e-15 -1 0
vn 0 1 0
vn 1.55140335e-15 -1 1.55140335e-15
vn 0 1 0
vn 0 -0.786318339 -0.617821552
vn 0.40824829 -0.816496581 -0.40824829
vn 0.617821552 -0.786318339 0
vn 0.40824829 -0.816496581 0.40824829
vn 0 -0.786318339 0.617821552
vn -0.40824829 -0.816496581 0.40824829
vn -0.617821552 -0.786318339 0
vn -0.40824829 -0.816496581 -0.40824829
vn 0 0 -1
vn 0.707106781 0 -0.707106781
vn 1 0 0
vn 0.707106781 0 0.707106781
vn 0 0 1
vn -0.707106781 0 0.707106781
vn -1 0 0
vn -0.707106781 0 -0.707106781
vn 0 0.672672794 -0.739940073
vn 0.525600331 0.668945876 -0.525600331
vn 0.739940073 0.672672794 0
vn 0.525600331 0.668945876 0.525600331
vn 0 0.672672794 0.739940073
vn -0.525600331 0.668945876 0.525600331
vn -0.739940073 0.672672794 0
vn -0.525600331 0.668945876 -0.525600331
vn 0 -1 3.66259142e-15
vn 0 1 3.5175383e-15
vn -2.31070808e-15 -1 2.31070808e-15
vn -2.19642268e-15 1 2.19642268e-15
vn -4.95151732e-15 -1 0
vn -4.69005106e-15 1 0
vn -2.31070808e-15 -1 -2.31070808e-15
vn -2.19642268e-15 1 -2.19642268e-15
vn 0 -1 -3.66259142e-15
vn 0 1 -3.5175383e-15
vn 2.31070808e-15 -1 -2.31070808e-15
vn 2.19642268e-15 1 -2.19642268e-15
vn 4.95151732e-15 -1 0
vn 4.69005106e-15 1 0
vn 2.31070808e-15 -1 2.31070808e-15
vn 2.19642268e-15 1 2.19642268e-15
o upper_rear_spine
usemtl transporter_titanium
f 9/1/1 17/2/1 18/3/1 10/4/1
f 10/5/2 18/6/2 19/7/2 11/8/2
f 11/9/3 19/10/3 20/11/3 12/12/3
f 12/13/4 20/14/4 21/15/4 13/16/4
f 13/17/5 21/18/5 22/19/5 14/20/5
f 14/21/6 22/22/6 23/23/6 15/24/6
f 15/25/7 23/26/7 24/27/7 16/28/7
f 16/29/8 24/30/8 17/31/8 9/32/8
f 33/33/9 1/34/9 2/35/9
f 34/36/10 26/37/10 25/38/10
f 33/39/11 2/40/11 3/41/11
f 34/42/12 27/43/12 26/44/12
f 33/45/13 3/46/13 4/47/13
f 34/48/14 28/49/14 27/50/14
f 33/51/15 4/52/15 5/53/15
f 34/54/16 29/55/16 28/56/16
f 33/57/17 5/58/17 6/59/17
f 34/60/18 30/61/18 29/62/18
f 33/63/19 6/64/19 7/65/19
f 34/66/20 31/67/20 30/68/20
f 33/69/21 7/70/21 8/71/21
f 34/72/22 32/73/22 31/74/22
f 33/75/23 8/76/23 1/77/23
f 34/78/24 25/79/24 32/80/24
o upper_recessed_backpanel
usemtl transporter_graphite
f 43/81/25 51/82/25 52/83/25 44/84/25
f 44/85/26 52/86/26 53/87/26 45/88/26
f 45/89/27 53/90/27 54/91/27 46/92/27
f 46/93/28 54/94/28 55/95/28 47/96/28
f 47/97/29 55/98/29 56/99/29 48/100/29
f 48/101/30 56/102/30 57/103/30 49/104/30
f 49/105/31 57/106/31 58/107/31 50/108/31
f 50/109/32 58/110/32 51/111/32 43/112/32
f 67/113/33 35/114/33 36/115/33
f 68/116/34 60/117/34 59/118/34
f 67/119/35 36/120/35 37/121/35
f 68/122/36 61/123/36 60/124/36
f 67/125/37 37/126/37 38/127/37
f 68/128/38 62/129/38 61/130/38
f 67/131/39 38/132/39 39/133/39
f 68/134/40 63/135/40 62/136/40
f 67/137/41 39/138/41 40/139/41
f 68/140/42 64/141/42 63/142/42
f 67/143/43 40/144/43 41/145/43
f 68/146/44 65/147/44 64/148/44
f 67/149/45 41/150/45 42/151/45
f 68/152/46 66/153/46 65/154/46
f 67/155/47 42/156/47 35/157/47
f 68/158/48 59/159/48 66/160/48
o upper_left_light_socket
usemtl transporter_rubber
f 77/161/49 85/162/49 86/163/49 78/164/49
f 78/165/50 86/166/50 87/167/50 79/168/50
f 79/169/51 87/170/51 88/171/51 80/172/51
f 80/173/52 88/174/52 89/175/52 81/176/52
f 81/177/53 89/178/53 90/179/53 82/180/53
f 82/181/54 90/182/54 91/183/54 83/184/54
f 83/185/55 91/186/55 92/187/55 84/188/55
f 84/189/56 92/190/56 85/191/56 77/192/56
f 101/193/57 69/194/57 70/195/57
f 102/196/58 94/197/58 93/198/58
f 101/199/59 70/200/59 71/201/59
f 102/202/60 95/203/60 94/204/60
f 101/205/61 71/206/61 72/207/61
f 102/208/62 96/209/62 95/210/62
f 101/211/63 72/212/63 73/213/63
f 102/214/64 97/215/64 96/216/64
f 101/217/65 73/218/65 74/219/65
f 102/220/66 98/221/66 97/222/66
f 101/223/67 74/224/67 75/225/67
f 102/226/68 99/227/68 98/228/68
f 101/229/69 75/230/69 76/231/69
f 102/232/70 100/233/70 99/234/70
f 101/235/71 76/236/71 69/237/71
f 102/238/72 93/239/72 100/240/72
o upper_left_guide_light
usemtl transporter_cyan
f 111/241/73 119/242/73 120/243/73 112/244/73
f 112/245/74 120/246/74 121/247/74 113/248/74
f 113/249/75 121/250/75 122/251/75 114/252/75
f 114/253/76 122/254/76 123/255/76 115/256/76
f 115/257/77 123/258/77 124/259/77 116/260/77
f 116/261/78 124/262/78 125/263/78 117/264/78
f 117/265/79 125/266/79 126/267/79 118/268/79
f 118/269/80 126/270/80 119/271/80 111/272/80
f 135/273/81 103/274/81 104/275/81
f 136/276/82 128/277/82 127/278/82
f 135/279/83 104/280/83 105/281/83
f 136/282/84 129/283/84 128/284/84
f 135/285/85 105/286/85 106/287/85
f 136/288/86 130/289/86 129/290/86
f 135/291/87 106/292/87 107/293/87
f 136/294/88 131/295/88 130/296/88
f 135/297/89 107/298/89 108/299/89
f 136/300/90 132/301/90 131/302/90
f 135/303/91 108/304/91 109/305/91
f 136/306/92 133/307/92 132/308/92
f 135/309/93 109/310/93 110/311/93
f 136/312/94 134/313/94 133/314/94
f 135/315/95 110/316/95 103/317/95
f 136/318/96 127/319/96 134/320/96
o upper_right_light_socket
usemtl transporter_rubber
f 145/321/97 153/322/97 154/323/97 146/324/97
f 146/325/98 154/326/98 155/327/98 147/328/98
f 147/329/99 155/330/99 156/331/99 148/332/99
f 148/333/100 156/334/100 157/335/100 149/336/100
f 149/337/101 157/338/101 158/339/101 150/340/101
f 150/341/102 158/342/102 159/343/102 151/344/102
f 151/345/103 159/346/103 160/347/103 152/348/103
f 152/349/104 160/350/104 153/351/104 145/352/104
f 169/353/105 137/354/105 138/355/105
f 170/356/106 162/357/106 161/358/106
f 169/359/107 138/360/107 139/361/107
f 170/362/108 163/363/108 162/364/108
f 169/365/109 139/366/109 140/367/109
f 170/368/110 164/369/110 163/370/110
f 169/371/111 140/372/111 141/373/111
f 170/374/112 165/375/112 164/376/112
f 169/377/113 141/378/113 142/379/113
f 170/380/114 166/381/114 165/382/114
f 169/383/115 142/384/115 143/385/115
f 170/386/116 167/387/116 166/388/116
f 169/389/117 143/390/117 144/391/117
f 170/392/118 168/393/118 167/394/118
f 169/395/119 144/396/119 137/397/119
f 170/398/120 161/399/120 168/400/120
o upper_right_guide_light
usemtl transporter_cyan
f 179/401/121 187/402/121 188/403/121 180/404/121
f 180/405/122 188/406/122 189/407/122 181/408/122
f 181/409/123 189/410/123 190/411/123 182/412/123
f 182/413/124 190/414/124 191/415/124 183/416/124
f 183/417/125 191/418/125 192/419/125 184/420/125
f 184/421/126 192/422/126 193/423/126 185/424/126
f 185/425/127 193/426/127 194/427/127 186/428/127
f 186/429/128 194/430/128 187/431/128 179/432/128
f 203/433/129 171/434/129 172/435/129
f 204/436/130 196/437/130 195/438/130
f 203/439/131 172/440/131 173/441/131
f 204/442/132 197/443/132 196/444/132
f 203/445/133 173/446/133 174/447/133
f 204/448/134 198/449/134 197/450/134
f 203/451/135 174/452/135 175/453/135
f 204/454/136 199/455/136 198/456/136
f 203/457/137 175/458/137 176/459/137
f 204/460/138 200/461/138 199/462/138
f 203/463/139 176/464/139 177/465/139
f 204/466/140 201/467/140 200/468/140
f 203/469/141 177/470/141 178/471/141
f 204/472/142 202/473/142 201/474/142
f 203/475/143 178/476/143 171/477/143
f 204/478/144 195/479/144 202/480/144
o upper_canopy_mount
usemtl transporter_titanium
f 205/481/145 213/482/145 214/483/145 206/484/145
f 206/485/146 214/486/146 215/487/146 207/488/146
f 207/489/147 215/490/147 216/491/147 208/492/147
f 208/493/148 216/494/148 217/495/148 209/496/148
f 209/497/149 217/498/149 218/499/149 210/500/149
f 210/501/150 218/502/150 219/503/150 211/504/150
f 211/505/151 219/506/151 220/507/151 212/508/151
f 212/509/152 220/510/152 213/511/152 205/512/152
f 213/513/153 221/514/153 222/515/153 214/516/153
f 214/517/154 222/518/154 223/519/154 215/520/154
f 215/521/155 223/522/155 224/523/155 216/524/155
f 216/525/156 224/526/156 225/527/156 217/528/156
f 217/529/157 225/530/157 226/531/157 218/532/157
f 218/533/158 226/534/158 227/535/158 219/536/158
f 219/537/159 227/538/159 228/539/159 220/540/159
f 220/541/160 228/542/160 221/543/160 213/544/160
f 221/545/161 229/546/161 230/547/161 222/548/161
f 222/549/162 230/550/162 231/551/162 223/552/162
f 223/553/163 231/554/163 232/555/163 224/556/163
f 224/557/164 232/558/164 233/559/164 225/560/164
f 225/561/165 233/562/165 234/563/165 226/564/165
f 226/565/166 234/566/166 235/567/166 227/568/166
f 227/569/167 235/570/167 236/571/167 228/572/167
f 228/573/168 236/574/168 229/575/168 221/576/168
f 237/577/169 205/578/169 206/579/169
f 238/580/170 230/581/170 229/582/170
f 237/583/171 206/584/171 207/585/171
f 238/586/172 231/587/172 230/588/172
f 237/589/173 207/590/173 208/591/173
f 238/592/174 232/593/174 231/594/174
f 237/595/175 208/596/175 209/597/175
f 238/598/176 233/599/176 232/600/176
f 237/601/177 209/602/177 210/603/177
f 238/604/178 234/605/178 233/606/178
f 237/607/179 210/608/179 211/609/179
f 238/610/180 235/611/180 234/612/180
f 237/613/181 211/614/181 212/615/181
f 238/616/182 236/617/182 235/618/182
f 237/619/183 212/620/183 205/621/183
f 238/622/184 229/623/184 236/624/184
o upper_emitter_canopy
f 239/625/185 263/626/185 264/627/185 240/628/185
f 240/629/186 264/630/186 265/631/186 241/632/186
f 241/633/187 265/634/187 266/635/187 242/636/187
f 242/637/188 266/638/188 267/639/188 243/640/188
f 243/641/189 267/642/189 268/643/189 244/644/189
f 244/645/190 268/646/190 269/647/190 245/648/190
f 245/649/191 269/650/191 270/651/191 246/652/191
f 246/653/192 270/654/192 271/655/192 247/656/192
f 247/657/193 271/658/193 272/659/193 248/660/193
f 248/661/194 272/662/194 273/663/194 249/664/194
f 249/665/195 273/666/195 274/667/195 250/668/195
f 250/669/196 274/670/196 275/671/196 251/672/196
f 251/673/197 275/674/197 276/675/197 252/676/197
f 252/677/198 276/678/198 277/679/198 253/680/198
f 253/681/199 277/682/199 278/683/199 254/684/199
f 254/685/200 278/686/200 279/687/200 255/688/200
f 255/689/201 279/690/201 280/691/201 256/692/201
f 256/693/202 280/694/202 281/695/202 257/696/202
f 257/697/203 281/698/203 282/699/203 258/700/203
f 258/701/204 282/702/204 283/703/204 259/704/204
f 259/705/205 283/706/205 284/707/205 260/708/205
f 260/709/206 284/710/206 285/711/206 261/712/206
f 261/713/207 285/714/207 286/715/207 262/716/207
f 262/717/208 286/718/208 263/719/208 239/720/208
f 263/721/209 287/722/209 288/723/209 264/724/209
f 264/725/210 288/726/210 289/727/210 265/728/210
f 265/729/211 289/730/211 290/731/211 266/732/211
f 266/733/212 290/734/212 291/735/212 267/736/212
f 267/737/213 291/738/213 292/739/213 268/740/213
f 268/741/214 292/742/214 293/743/214 269/744/214
f 269/745/215 293/746/215 294/747/215 270/748/215
f 270/749/216 294/750/216 295/751/216 271/752/216
f 271/753/217 295/754/217 296/755/217 272/756/217
f 272/757/218 296/758/218 297/759/218 273/760/218
f 273/761/219 297/762/219 298/763/219 274/764/219
f 274/765/220 298/766/220 299/767/220 275/768/220
f 275/769/221 299/770/221 300/771/221 276/772/221
f 276/773/222 300/774/222 301/775/222 277/776/222
f 277/777/223 301/778/223 302/779/223 278/780/223
f 278/781/224 302/782/224 303/783/224 279/784/224
f 279/785/225 303/786/225 304/787/225 280/788/225
f 280/789/226 304/790/226 305/791/226 281/792/226
f 281/793/227 305/794/227 306/795/227 282/796/227
f 282/797/228 306/798/228 307/799/228 283/800/228
f 283/801/229 307/802/229 308/803/229 284/804/229
f 284/805/230 308/806/230 309/807/230 285/808/230
f 285/809/231 309/810/231 310/811/231 286/812/231
f 286/813/232 310/814/232 287/815/232 263/816/232
f 287/817/233 311/818/233 312/819/233 288/820/233
f 288/821/234 312/822/234 313/823/234 289/824/234
f 289/825/235 313/826/235 314/827/235 290/828/235
f 290/829/236 314/830/236 315/831/236 291/832/236
f 291/833/237 315/834/237 316/835/237 292/836/237
f 292/837/238 316/838/238 317/839/238 293/840/238
f 293/841/239 317/842/239 318/843/239 294/844/239
f 294/845/240 318/846/240 319/847/240 295/848/240
f 295/849/241 319/850/241 320/851/241 296/852/241
f 296/853/242 320/854/242 321/855/242 297/856/242
f 297/857/243 321/858/243 322/859/243 298/860/243
f 298/861/244 322/862/244 323/863/244 299/864/244
f 299/865/245 323/866/245 324/867/245 300/868/245
f 300/869/246 324/870/246 325/871/246 301/872/246
f 301/873/247 325/874/247 326/875/247 302/876/247
f 302/877/248 326/878/248 327/879/248 303/880/248
f 303/881/249 327/882/249 328/883/249 304/884/249
f 304/885/250 328/886/250 329/887/250 305/888/250
f 305/889/251 329/890/251 330/891/251 306/892/251
f 306/893/252 330/894/252 331/895/252 307/896/252
f 307/897/253 331/898/253 332/899/253 308/900/253
f 308/901/254 332/902/254 333/903/254 309/904/254
f 309/905/255 333/906/255 334/907/255 310/908/255
f 310/909/256 334/910/256 311/911/256 287/912/256
f 335/913/257 239/914/257 240/915/257
f 336/916/258 312/917/258 311/918/258
f 335/919/259 240/920/259 241/921/259
f 336/922/260 313/923/260 312/924/260
f 335/925/261 241/926/261 242/927/261
f 336/928/262 314/929/262 313/930/262
f 335/931/263 242/932/263 243/933/263
f 336/934/264 315/935/264 314/936/264
f 335/937/265 243/938/265 244/939/265
f 336/940/266 316/941/266 315/942/266
f 335/943/267 244/944/267 245/945/267
f 336/946/268 317/947/268 316/948/268
f 335/949/269 245/950/269 246/951/269
f 336/952/270 318/953/270 317/954/270
f 335/955/271 246/956/271 247/957/271
f 336/958/272 319/959/272 318/960/272
f 335/961/273 247/962/273 248/963/273
f 336/964/274 320/965/274 319/966/274
f 335/967/275 248/968/275 249/969/275
f 336/970/276 321/971/276 320/972/276
f 335/973/277 249/974/277 250/975/277
f 336/976/278 322/977/278 321/978/278
f 335/979/279 250/980/279 251/981/279
f 336/982/280 323/983/280 322/984/280
f 335/985/281 251/986/281 252/987/281
f 336/988/282 324/989/282 323/990/282
f 335/991/283 252/992/283 253/993/283
f 336/994/284 325/995/284 324/996/284
f 335/997/285 253/998/285 254/999/285
f 336/1000/286 326/1001/286 325/1002/286
f 335/1003/287 254/1004/287 255/1005/287
f 336/1006/288 327/1007/288 326/1008/288
f 335/1009/289 255/1010/289 256/1011/289
f 336/1012/290 328/1013/290 327/1014/290
f 335/1015/291 256/1016/291 257/1017/291
f 336/1018/292 329/1019/292 328/1020/292
f 335/1021/293 257/1022/293 258/1023/293
f 336/1024/294 330/1025/294 329/1026/294
f 335/1027/295 258/1028/295 259/1029/295
f 336/1030/296 331/1031/296 330/1032/296
f 335/1033/297 259/1034/297 260/1035/297
f 336/1036/298 332/1037/298 331/1038/298
f 335/1039/299 260/1040/299 261/1041/299
f 336/1042/300 333/1043/300 332/1044/300
f 335/1045/301 261/1046/301 262/1047/301
f 336/1048/302 334/1049/302 333/1050/302
f 335/1051/303 262/1052/303 239/1053/303
f 336/1054/304 311/1055/304 334/1056/304
o upper_canopy_crown
usemtl transporter_warm
f 337/1057/305 361/1058/305 362/1059/305 338/1060/305
f 338/1061/306 362/1062/306 363/1063/306 339/1064/306
f 339/1065/307 363/1066/307 364/1067/307 340/1068/307
f 340/1069/308 364/1070/308 365/1071/308 341/1072/308
f 341/1073/309 365/1074/309 366/1075/309 342/1076/309
f 342/1077/310 366/1078/310 367/1079/310 343/1080/310
f 343/1081/311 367/1082/311 368/1083/311 344/1084/311
f 344/1085/312 368/1086/312 369/1087/312 345/1088/312
f 345/1089/313 369/1090/313 370/1091/313 346/1092/313
f 346/1093/314 370/1094/314 371/1095/314 347/1096/314
f 347/1097/315 371/1098/315 372/1099/315 348/1100/315
f 348/1101/316 372/1102/316 373/1103/316 349/1104/316
f 349/1105/317 373/1106/317 374/1107/317 350/1108/317
f 350/1109/318 374/1110/318 375/1111/318 351/1112/318
f 351/1113/319 375/1114/319 376/1115/319 352/1116/319
f 352/1117/320 376/1118/320 377/1119/320 353/1120/320
f 353/1121/321 377/1122/321 378/1123/321 354/1124/321
f 354/1125/322 378/1126/322 379/1127/322 355/1128/322
f 355/1129/323 379/1130/323 380/1131/323 356/1132/323
f 356/1133/324 380/1134/324 381/1135/324 357/1136/324
f 357/1137/325 381/1138/325 382/1139/325 358/1140/325
f 358/1141/326 382/1142/326 383/1143/326 359/1144/326
f 359/1145/327 383/1146/327 384/1147/327 360/1148/327
f 360/1149/328 384/1150/328 361/1151/328 337/1152/328
f 361/1153/329 385/1154/329 386/1155/329 362/1156/329
f 362/1157/330 386/1158/330 387/1159/330 363/1160/330
f 363/1161/331 387/1162/331 388/1163/331 364/1164/331
f 364/1165/332 388/1166/332 389/1167/332 365/1168/332
f 365/1169/333 389/1170/333 390/1171/333 366/1172/333
f 366/1173/334 390/1174/334 391/1175/334 367/1176/334
f 367/1177/335 391/1178/335 392/1179/335 368/1180/335
f 368/1181/336 392/1182/336 393/1183/336 369/1184/336
f 369/1185/337 393/1186/337 394/1187/337 370/1188/337
f 370/1189/338 394/1190/338 395/1191/338 371/1192/338
f 371/1193/339 395/1194/339 396/1195/339 372/1196/339
f 372/1197/340 396/1198/340 397/1199/340 373/1200/340
f 373/1201/341 397/1202/341 398/1203/341 374/1204/341
f 374/1205/342 398/1206/342 399/1207/342 375/1208/342
f 375/1209/343 399/1210/343 400/1211/343 376/1212/343
f 376/1213/344 400/1214/344 401/1215/344 377/1216/344
f 377/1217/345 401/1218/345 402/1219/345 378/1220/345
f 378/1221/346 402/1222/346 403/1223/346 379/1224/346
f 379/1225/347 403/1226/347 404/1227/347 380/1228/347
f 380/1229/348 404/1230/348 405/1231/348 381/1232/348
f 381/1233/349 405/1234/349 406/1235/349 382/1236/349
f 382/1237/350 406/1238/350 407/1239/350 383/1240/350
f 383/1241/351 407/1242/351 408/1243/351 384/1244/351
f 384/1245/352 408/1246/352 385/1247/352 361/1248/352
f 385/1249/353 409/1250/353 410/1251/353 386/1252/353
f 386/1253/354 410/1254/354 411/1255/354 387/1256/354
f 387/1257/355 411/1258/355 412/1259/355 388/1260/355
f 388/1261/356 412/1262/356 413/1263/356 389/1264/356
f 389/1265/357 413/1266/357 414/1267/357 390/1268/357
f 390/1269/358 414/1270/358 415/1271/358 391/1272/358
f 391/1273/359 415/1274/359 416/1275/359 392/1276/359
f 392/1277/360 416/1278/360 417/1279/360 393/1280/360
f 393/1281/361 417/1282/361 418/1283/361 394/1284/361
f 394/1285/362 418/1286/362 419/1287/362 395/1288/362
f 395/1289/363 419/1290/363 420/1291/363 396/1292/363
f 396/1293/364 420/1294/364 421/1295/364 397/1296/364
f 397/1297/365 421/1298/365 422/1299/365 398/1300/365
f 398/1301/366 422/1302/366 423/1303/366 399/1304/366
f 399/1305/367 423/1306/367 424/1307/367 400/1308/367
f 400/1309/368 424/1310/368 425/1311/368 401/1312/368
f 401/1313/369 425/1314/369 426/1315/369 402/1316/369
f 402/1317/370 426/1318/370 427/1319/370 403/1320/370
f 403/1321/371 427/1322/371 428/1323/371 404/1324/371
f 404/1325/372 428/1326/372 429/1327/372 405/1328/372
f 405/1329/373 429/1330/373 430/1331/373 406/1332/373
f 406/1333/374 430/1334/374 431/1335/374 407/1336/374
f 407/1337/375 431/1338/375 432/1339/375 408/1340/375
f 408/1341/376 432/1342/376 409/1343/376 385/1344/376
f 433/1345/377 337/1346/377 338/1347/377
f 434/1348/378 410/1349/378 409/1350/378
f 433/1351/379 338/1352/379 339/1353/379
f 434/1354/380 411/1355/380 410/1356/380
f 433/1357/381 339/1358/381 340/1359/381
f 434/1360/382 412/1361/382 411/1362/382
f 433/1363/383 340/1364/383 341/1365/383
f 434/1366/384 413/1367/384 412/1368/384
f 433/1369/385 341/1370/385 342/1371/385
f 434/1372/386 414/1373/386 413/1374/386
f 433/1375/387 342/1376/387 343/1377/387
f 434/1378/388 415/1379/388 414/1380/388
f 433/1381/389 343/1382/389 344/1383/389
f 434/1384/390 416/1385/390 415/1386/390
f 433/1387/391 344/1388/391 345/1389/391
f 434/1390/392 417/1391/392 416/1392/392
f 433/1393/393 345/1394/393 346/1395/393
f 434/1396/394 418/1397/394 417/1398/394
f 433/1399/395 346/1400/395 347/1401/395
f 434/1402/396 419/1403/396 418/1404/396
f 433/1405/397 347/1406/397 348/1407/397
f 434/1408/398 420/1409/398 419/1410/398
f 433/1411/399 348/1412/399 349/1413/399
f 434/1414/400 421/1415/400 420/1416/400
f 433/1417/401 349/1418/401 350/1419/401
f 434/1420/402 422/1421/402 421/1422/402
f 433/1423/403 350/1424/403 351/1425/403
f 434/1426/404 423/1427/404 422/1428/404
f 433/1429/405 351/1430/405 352/1431/405
f 434/1432/406 424/1433/406 423/1434/406
f 433/1435/407 352/1436/407 353/1437/407
f 434/1438/408 425/1439/408 424/1440/408
f 433/1441/409 353/1442/409 354/1443/409
f 434/1444/410 426/1445/410 425/1446/410
f 433/1447/411 354/1448/411 355/1449/411
f 434/1450/412 427/1451/412 426/1452/412
f 433/1453/413 355/1454/413 356/1455/413
f 434/1456/414 428/1457/414 427/1458/414
f 433/1459/415 356/1460/415 357/1461/415
f 434/1462/416 429/1463/416 428/1464/416
f 433/1465/417 357/1466/417 358/1467/417
f 434/1468/418 430/1469/418 429/1470/418
f 433/1471/419 358/1472/419 359/1473/419
f 434/1474/420 431/1475/420 430/1476/420
f 433/1477/421 359/1478/421 360/1479/421
f 434/1480/422 432/1481/422 431/1482/422
f 433/1483/423 360/1484/423 337/1485/423
f 434/1486/424 409/1487/424 432/1488/424
o upper_emitter_socket
usemtl transporter_rubber
f 435/1489/425 459/1490/425 460/1491/425 436/1492/425
f 436/1493/426 460/1494/426 461/1495/426 437/1496/426
f 437/1497/427 461/1498/427 462/1499/427 438/1500/427
f 438/1501/428 462/1502/428 463/1503/428 439/1504/428
f 439/1505/429 463/1506/429 464/1507/429 440/1508/429
f 440/1509/430 464/1510/430 465/1511/430 441/1512/430
f 441/1513/431 465/1514/431 466/1515/431 442/1516/431
f 442/1517/432 466/1518/432 467/1519/432 443/1520/432
f 443/1521/433 467/1522/433 468/1523/433 444/1524/433
f 444/1525/434 468/1526/434 469/1527/434 445/1528/434
f 445/1529/435 469/1530/435 470/1531/435 446/1532/435
f 446/1533/436 470/1534/436 471/1535/436 447/1536/436
f 447/1537/437 471/1538/437 472/1539/437 448/1540/437
f 448/1541/438 472/1542/438 473/1543/438 449/1544/438
f 449/1545/439 473/1546/439 474/1547/439 450/1548/439
f 450/1549/440 474/1550/440 475/1551/440 451/1552/440
f 451/1553/441 475/1554/441 476/1555/441 452/1556/441
f 452/1557/442 476/1558/442 477/1559/442 453/1560/442
f 453/1561/443 477/1562/443 478/1563/443 454/1564/443
f 454/1565/444 478/1566/444 479/1567/444 455/1568/444
f 455/1569/445 479/1570/445 480/1571/445 456/1572/445
f 456/1573/446 480/1574/446 481/1575/446 457/1576/446
f 457/1577/447 481/1578/447 482/1579/447 458/1580/447
f 458/1581/448 482/1582/448 459/1583/448 435/1584/448
f 459/1585/449 483/1586/449 484/1587/449 460/1588/449
f 460/1589/450 484/1590/450 485/1591/450 461/1592/450
f 461/1593/451 485/1594/451 486/1595/451 462/1596/451
f 462/1597/452 486/1598/452 487/1599/452 463/1600/452
f 463/1601/453 487/1602/453 488/1603/453 464/1604/453
f 464/1605/454 488/1606/454 489/1607/454 465/1608/454
f 465/1609/455 489/1610/455 490/1611/455 466/1612/455
f 466/1613/456 490/1614/456 491/1615/456 467/1616/456
f 467/1617/457 491/1618/457 492/1619/457 468/1620/457
f 468/1621/458 492/1622/458 493/1623/458 469/1624/458
f 469/1625/459 493/1626/459 494/1627/459 470/1628/459
f 470/1629/460 494/1630/460 495/1631/460 471/1632/460
f 471/1633/461 495/1634/461 496/1635/461 472/1636/461
f 472/1637/462 496/1638/462 497/1639/462 473/1640/462
f 473/1641/463 497/1642/463 498/1643/463 474/1644/463
f 474/1645/464 498/1646/464 499/1647/464 475/1648/464
f 475/1649/465 499/1650/465 500/1651/465 476/1652/465
f 476/1653/466 500/1654/466 501/1655/466 477/1656/466
f 477/1657/467 501/1658/467 502/1659/467 478/1660/467
f 478/1661/468 502/1662/468 503/1663/468 479/1664/468
f 479/1665/469 503/1666/469 504/1667/469 480/1668/469
f 480/1669/470 504/1670/470 505/1671/470 481/1672/470
f 481/1673/471 505/1674/471 506/1675/471 482/1676/471
f 482/1677/472 506/1678/472 483/1679/472 459/1680/472
f 483/1681/473 507/1682/473 508/1683/473 484/1684/473
f 484/1685/474 508/1686/474 509/1687/474 485/1688/474
f 485/1689/475 509/1690/475 510/1691/475 486/1692/475
f 486/1693/476 510/1694/476 511/1695/476 487/1696/476
f 487/1697/477 511/1698/477 512/1699/477 488/1700/477
f 488/1701/478 512/1702/478 513/1703/478 489/1704/478
f 489/1705/479 513/1706/479 514/1707/479 490/1708/479
f 490/1709/480 514/1710/480 515/1711/480 491/1712/480
f 491/1713/481 515/1714/481 516/1715/481 492/1716/481
f 492/1717/482 516/1718/482 517/1719/482 493/1720/482
f 493/1721/483 517/1722/483 518/1723/483 494/1724/483
f 494/1725/484 518/1726/484 519/1727/484 495/1728/484
f 495/1729/485 519/1730/485 520/1731/485 496/1732/485
f 496/1733/486 520/1734/486 521/1735/486 497/1736/486
f 497/1737/487 521/1738/487 522/1739/487 498/1740/487
f 498/1741/488 522/1742/488 523/1743/488 499/1744/488
f 499/1745/489 523/1746/489 524/1747/489 500/1748/489
f 500/1749/490 524/1750/490 525/1751/490 501/1752/490
f 501/1753/491 525/1754/491 526/1755/491 502/1756/491
f 502/1757/492 526/1758/492 527/1759/492 503/1760/492
f 503/1761/493 527/1762/493 528/1763/493 504/1764/493
f 504/1765/494 528/1766/494 529/1767/494 505/1768/494
f 505/1769/495 529/1770/495 530/1771/495 506/1772/495
f 506/1773/496 530/1774/496 507/1775/496 483/1776/496
f 531/1777/497 435/1778/497 436/1779/497
f 532/1780/498 508/1781/498 507/1782/498
f 531/1783/499 436/1784/499 437/1785/499
f 532/1786/500 509/1787/500 508/1788/500
f 531/1789/501 437/1790/501 438/1791/501
f 532/1792/502 510/1793/502 509/1794/502
f 531/1795/503 438/1796/503 439/1797/503
f 532/1798/504 511/1799/504 510/1800/504
f 531/1801/505 439/1802/505 440/1803/505
f 532/1804/506 512/1805/506 511/1806/506
f 531/1807/507 440/1808/507 441/1809/507
f 532/1810/508 513/1811/508 512/1812/508
f 531/1813/509 441/1814/509 442/1815/509
f 532/1816/510 514/1817/510 513/1818/510
f 531/1819/511 442/1820/511 443/1821/511
f 532/1822/512 515/1823/512 514/1824/512
f 531/1825/513 443/1826/513 444/1827/513
f 532/1828/514 516/1829/514 515/1830/514
f 531/1831/515 444/1832/515 445/1833/515
f 532/1834/516 517/1835/516 516/1836/516
f 531/1837/517 445/1838/517 446/1839/517
f 532/1840/518 518/1841/518 517/1842/518
f 531/1843/519 446/1844/519 447/1845/519
f 532/1846/520 519/1847/520 518/1848/520
f 531/1849/521 447/1850/521 448/1851/521
f 532/1852/522 520/1853/522 519/1854/522
f 531/1855/523 448/1856/523 449/1857/523
f 532/1858/524 521/1859/524 520/1860/524
f 531/1861/525 449/1862/525 450/1863/525
f 532/1864/526 522/1865/526 521/1866/526
f 531/1867/527 450/1868/527 451/1869/527
f 532/1870/528 523/1871/528 522/1872/528
f 531/1873/529 451/1874/529 452/1875/529
f 532/1876/530 524/1877/530 523/1878/530
f 531/1879/531 452/1880/531 453/1881/531
f 532/1882/532 525/1883/532 524/1884/532
f 531/1885/533 453/1886/533 454/1887/533
f 532/1888/534 526/1889/534 525/1890/534
f 531/1891/535 454/1892/535 455/1893/535
f 532/1894/536 527/1895/536 526/1896/536
f 531/1897/537 455/1898/537 456/1899/537
f 532/1900/538 528/1901/538 527/1902/538
f 531/1903/539 456/1904/539 457/1905/539
f 532/1906/540 529/1907/540 528/1908/540
f 531/1909/541 457/1910/541 458/1911/541
f 532/1912/542 530/1913/542 529/1914/542
f 531/1915/543 458/1916/543 435/1917/543
f 532/1918/544 507/1919/544 530/1920/544
o upper_continuous_emitter_ring
usemtl transporter_titanium
f 533/1921/545 557/1922/545 558/1923/545 534/1924/545
f 534/1925/546 558/1926/546 559/1927/546 535/1928/546
f 535/1929/547 559/1930/547 560/1931/547 536/1932/547
f 536/1933/548 560/1934/548 561/1935/548 537/1936/548
f 537/1937/549 561/1938/549 562/1939/549 538/1940/549
f 538/1941/550 562/1942/550 563/1943/550 539/1944/550
f 539/1945/551 563/1946/551 564/1947/551 540/1948/551
f 540/1949/552 564/1950/552 565/1951/552 541/1952/552
f 541/1953/553 565/1954/553 566/1955/553 542/1956/553
f 542/1957/554 566/1958/554 567/1959/554 543/1960/554
f 543/1961/555 567/1962/555 568/1963/555 544/1964/555
f 544/1965/556 568/1966/556 569/1967/556 545/1968/556
f 545/1969/557 569/1970/557 570/1971/557 546/1972/557
f 546/1973/558 570/1974/558 571/1975/558 547/1976/558
f 547/1977/559 571/1978/559 572/1979/559 548/1980/559
f 548/1981/560 572/1982/560 573/1983/560 549/1984/560
f 549/1985/561 573/1986/561 574/1987/561 550/1988/561
f 550/1989/562 574/1990/562 575/1991/562 551/1992/562
f 551/1993/563 575/1994/563 576/1995/563 552/1996/563
f 552/1997/564 576/1998/564 577/1999/564 553/2000/564
f 553/2001/565 577/2002/565 578/2003/565 554/2004/565
f 554/2005/566 578/2006/566 579/2007/566 555/2008/566
f 555/2009/567 579/2010/567 580/2011/567 556/2012/567
f 556/2013/568 580/2014/568 557/2015/568 533/2016/568
f 557/2017/569 581/2018/569 582/2019/569 558/2020/569
f 558/2021/570 582/2022/570 583/2023/570 559/2024/570
f 559/2025/571 583/2026/571 584/2027/571 560/2028/571
f 560/2029/572 584/2030/572 585/2031/572 561/2032/572
f 561/2033/573 585/2034/573 586/2035/573 562/2036/573
f 562/2037/574 586/2038/574 587/2039/574 563/2040/574
f 563/2041/575 587/2042/575 588/2043/575 564/2044/575
f 564/2045/576 588/2046/576 589/2047/576 565/2048/576
f 565/2049/577 589/2050/577 590/2051/577 566/2052/577
f 566/2053/578 590/2054/578 591/2055/578 567/2056/578
f 567/2057/579 591/2058/579 592/2059/579 568/2060/579
f 568/2061/580 592/2062/580 593/2063/580 569/2064/580
f 569/2065/581 593/2066/581 594/2067/581 570/2068/581
f 570/2069/582 594/2070/582 595/2071/582 571/2072/582
f 571/2073/583 595/2074/583 596/2075/583 572/2076/583
f 572/2077/584 596/2078/584 597/2079/584 573/2080/584
f 573/2081/585 597/2082/585 598/2083/585 574/2084/585
f 574/2085/586 598/2086/586 599/2087/586 575/2088/586
f 575/2089/587 599/2090/587 600/2091/587 576/2092/587
f 576/2093/588 600/2094/588 601/2095/588 577/2096/588
f 577/2097/589 601/2098/589 602/2099/589 578/2100/589
f 578/2101/590 602/2102/590 603/2103/590 579/2104/590
f 579/2105/591 603/2106/591 604/2107/591 580/2108/591
f 580/2109/592 604/2110/592 581/2111/592 557/2112/592
f 581/2113/593 605/2114/593 606/2115/593 582/2116/593
f 582/2117/594 606/2118/594 607/2119/594 583/2120/594
f 583/2121/595 607/2122/595 608/2123/595 584/2124/595
f 584/2125/596 608/2126/596 609/2127/596 585/2128/596
f 585/2129/597 609/2130/597 610/2131/597 586/2132/597
f 586/2133/598 610/2134/598 611/2135/598 587/2136/598
f 587/2137/599 611/2138/599 612/2139/599 588/2140/599
f 588/2141/600 612/2142/600 613/2143/600 589/2144/600
f 589/2145/601 613/2146/601 614/2147/601 590/2148/601
f 590/2149/602 614/2150/602 615/2151/602 591/2152/602
f 591/2153/603 615/2154/603 616/2155/603 592/2156/603
f 592/2157/604 616/2158/604 617/2159/604 593/2160/604
f 593/2161/605 617/2162/605 618/2163/605 594/2164/605
f 594/2165/606 618/2166/606 619/2167/606 595/2168/606
f 595/2169/607 619/2170/607 620/2171/607 596/2172/607
f 596/2173/608 620/2174/608 621/2175/608 597/2176/608
f 597/2177/609 621/2178/609 622/2179/609 598/2180/609
f 598/2181/610 622/2182/610 623/2183/610 599/2184/610
f 599/2185/611 623/2186/611 624/2187/611 600/2188/611
f 600/2189/612 624/2190/612 625/2191/612 601/2192/612
f 601/2193/613 625/2194/613 626/2195/613 602/2196/613
f 602/2197/614 626/2198/614 627/2199/614 603/2200/614
f 603/2201/615 627/2202/615 628/2203/615 604/2204/615
f 604/2205/616 628/2206/616 605/2207/616 581/2208/616
f 605/2209/617 533/2210/617 534/2211/617 606/2212/617
f 606/2213/618 534/2214/618 535/2215/618 607/2216/618
f 607/2217/619 535/2218/619 536/2219/619 608/2220/619
f 608/2221/620 536/2222/620 537/2223/620 609/2224/620
f 609/2225/621 537/2226/621 538/2227/621 610/2228/621
f 610/2229/622 538/2230/622 539/2231/622 611/2232/622
f 611/2233/623 539/2234/623 540/2235/623 612/2236/623
f 612/2237/624 540/2238/624 541/2239/624 613/2240/624
f 613/2241/625 541/2242/625 542/2243/625 614/2244/625
f 614/2245/626 542/2246/626 543/2247/626 615/2248/626
f 615/2249/627 543/2250/627 544/2251/627 616/2252/627
f 616/2253/628 544/2254/628 545/2255/628 617/2256/628
f 617/2257/629 545/2258/629 546/2259/629 618/2260/629
f 618/2261/630 546/2262/630 547/2263/630 619/2264/630
f 619/2265/631 547/2266/631 548/2267/631 620/2268/631
f 620/2269/632 548/2270/632 549/2271/632 621/2272/632
f 621/2273/633 549/2274/633 550/2275/633 622/2276/633
f 622/2277/634 550/2278/634 551/2279/634 623/2280/634
f 623/2281/635 551/2282/635 552/2283/635 624/2284/635
f 624/2285/636 552/2286/636 553/2287/636 625/2288/636
f 625/2289/637 553/2290/637 554/2291/637 626/2292/637
f 626/2293/638 554/2294/638 555/2295/638 627/2296/638
f 627/2297/639 555/2298/639 556/2299/639 628/2300/639
f 628/2301/640 556/2302/640 533/2303/640 605/2304/640
o upper_cold_white_ring
usemtl transporter_light
f 629/2305/641 653/2306/641 654/2307/641 630/2308/641
f 630/2309/642 654/2310/642 655/2311/642 631/2312/642
f 631/2313/643 655/2314/643 656/2315/643 632/2316/643
f 632/2317/644 656/2318/644 657/2319/644 633/2320/644
f 633/2321/645 657/2322/645 658/2323/645 634/2324/645
f 634/2325/646 658/2326/646 659/2327/646 635/2328/646
f 635/2329/647 659/2330/647 660/2331/647 636/2332/647
f 636/2333/648 660/2334/648 661/2335/648 637/2336/648
f 637/2337/649 661/2338/649 662/2339/649 638/2340/649
f 638/2341/650 662/2342/650 663/2343/650 639/2344/650
f 639/2345/651 663/2346/651 664/2347/651 640/2348/651
f 640/2349/652 664/2350/652 665/2351/652 641/2352/652
f 641/2353/653 665/2354/653 666/2355/653 642/2356/653
f 642/2357/654 666/2358/654 667/2359/654 643/2360/654
f 643/2361/655 667/2362/655 668/2363/655 644/2364/655
f 644/2365/656 668/2366/656 669/2367/656 645/2368/656
f 645/2369/657 669/2370/657 670/2371/657 646/2372/657
f 646/2373/658 670/2374/658 671/2375/658 647/2376/658
f 647/2377/659 671/2378/659 672/2379/659 648/2380/659
f 648/2381/660 672/2382/660 673/2383/660 649/2384/660
f 649/2385/661 673/2386/661 674/2387/661 650/2388/661
f 650/2389/662 674/2390/662 675/2391/662 651/2392/662
f 651/2393/663 675/2394/663 676/2395/663 652/2396/663
f 652/2397/664 676/2398/664 653/2399/664 629/2400/664
f 653/2401/665 677/2402/665 678/2403/665 654/2404/665
f 654/2405/666 678/2406/666 679/2407/666 655/2408/666
f 655/2409/667 679/2410/667 680/2411/667 656/2412/667
f 656/2413/668 680/2414/668 681/2415/668 657/2416/668
f 657/2417/669 681/2418/669 682/2419/669 658/2420/669
f 658/2421/670 682/2422/670 683/2423/670 659/2424/670
f 659/2425/671 683/2426/671 684/2427/671 660/2428/671
f 660/2429/672 684/2430/672 685/2431/672 661/2432/672
f 661/2433/673 685/2434/673 686/2435/673 662/2436/673
f 662/2437/674 686/2438/674 687/2439/674 663/2440/674
f 663/2441/675 687/2442/675 688/2443/675 664/2444/675
f 664/2445/676 688/2446/676 689/2447/676 665/2448/676
f 665/2449/677 689/2450/677 690/2451/677 666/2452/677
f 666/2453/678 690/2454/678 691/2455/678 667/2456/678
f 667/2457/679 691/2458/679 692/2459/679 668/2460/679
f 668/2461/680 692/2462/680 693/2463/680 669/2464/680
f 669/2465/681 693/2466/681 694/2467/681 670/2468/681
f 670/2469/682 694/2470/682 695/2471/682 671/2472/682
f 671/2473/683 695/2474/683 696/2475/683 672/2476/683
f 672/2477/684 696/2478/684 697/2479/684 673/2480/684
f 673/2481/685 697/2482/685 698/2483/685 674/2484/685
f 674/2485/686 698/2486/686 699/2487/686 675/2488/686
f 675/2489/687 699/2490/687 700/2491/687 676/2492/687
f 676/2493/688 700/2494/688 677/2495/688 653/2496/688
f 677/2497/689 701/2498/689 702/2499/689 678/2500/689
f 678/2501/690 702/2502/690 703/2503/690 679/2504/690
f 679/2505/691 703/2506/691 704/2507/691 680/2508/691
f 680/2509/692 704/2510/692 705/2511/692 681/2512/692
f 681/2513/693 705/2514/693 706/2515/693 682/2516/693
f 682/2517/694 706/2518/694 707/2519/694 683/2520/694
f 683/2521/695 707/2522/695 708/2523/695 684/2524/695
f 684/2525/696 708/2526/696 709/2527/696 685/2528/696
f 685/2529/697 709/2530/697 710/2531/697 686/2532/697
f 686/2533/698 710/2534/698 711/2535/698 687/2536/698
f 687/2537/699 711/2538/699 712/2539/699 688/2540/699
f 688/2541/700 712/2542/700 713/2543/700 689/2544/700
f 689/2545/701 713/2546/701 714/2547/701 690/2548/701
f 690/2549/702 714/2550/702 715/2551/702 691/2552/702
f 691/2553/703 715/2554/703 716/2555/703 692/2556/703
f 692/2557/704 716/2558/704 717/2559/704 693/2560/704
f 693/2561/705 717/2562/705 718/2563/705 694/2564/705
f 694/2565/706 718/2566/706 719/2567/706 695/2568/706
f 695/2569/707 719/2570/707 720/2571/707 696/2572/707
f 696/2573/708 720/2574/708 721/2575/708 697/2576/708
f 697/2577/709 721/2578/709 722/2579/709 698/2580/709
f 698/2581/710 722/2582/710 723/2583/710 699/2584/710
f 699/2585/711 723/2586/711 724/2587/711 700/2588/711
f 700/2589/712 724/2590/712 701/2591/712 677/2592/712
f 701/2593/713 629/2594/713 630/2595/713 702/2596/713
f 702/2597/714 630/2598/714 631/2599/714 703/2600/714
f 703/2601/715 631/2602/715 632/2603/715 704/2604/715
f 704/2605/716 632/2606/716 633/2607/716 705/2608/716
f 705/2609/717 633/2610/717 634/2611/717 706/2612/717
f 706/2613/718 634/2614/718 635/2615/718 707/2616/718
f 707/2617/719 635/2618/719 636/2619/719 708/2620/719
f 708/2621/720 636/2622/720 637/2623/720 709/2624/720
f 709/2625/721 637/2626/721 638/2627/721 710/2628/721
f 710/2629/722 638/2630/722 639/2631/722 711/2632/722
f 711/2633/723 639/2634/723 640/2635/723 712/2636/723
f 712/2637/724 640/2638/724 641/2639/724 713/2640/724
f 713/2641/725 641/2642/725 642/2643/725 714/2644/725
f 714/2645/726 642/2646/726 643/2647/726 715/2648/726
f 715/2649/727 643/2650/727 644/2651/727 716/2652/727
f 716/2653/728 644/2654/728 645/2655/728 717/2656/728
f 717/2657/729 645/2658/729 646/2659/729 718/2660/729
f 718/2661/730 646/2662/730 647/2663/730 719/2664/730
f 719/2665/731 647/2666/731 648/2667/731 720/2668/731
f 720/2669/732 648/2670/732 649/2671/732 721/2672/732
f 721/2673/733 649/2674/733 650/2675/733 722/2676/733
f 722/2677/734 650/2678/734 651/2679/734 723/2680/734
f 723/2681/735 651/2682/735 652/2683/735 724/2684/735
f 724/2685/736 652/2686/736 629/2687/736 701/2688/736
o upper_focus_disc
usemtl transporter_deck
f 725/2689/737 749/2690/737 750/2691/737 726/2692/737
f 726/2693/738 750/2694/738 751/2695/738 727/2696/738
f 727/2697/739 751/2698/739 752/2699/739 728/2700/739
f 728/2701/740 752/2702/740 753/2703/740 729/2704/740
f 729/2705/741 753/2706/741 754/2707/741 730/2708/741
f 730/2709/742 754/2710/742 755/2711/742 731/2712/742
f 731/2713/743 755/2714/743 756/2715/743 732/2716/743
f 732/2717/744 756/2718/744 757/2719/744 733/2720/744
f 733/2721/745 757/2722/745 758/2723/745 734/2724/745
f 734/2725/746 758/2726/746 759/2727/746 735/2728/746
f 735/2729/747 759/2730/747 760/2731/747 736/2732/747
f 736/2733/748 760/2734/748 761/2735/748 737/2736/748
f 737/2737/749 761/2738/749 762/2739/749 738/2740/749
f 738/2741/750 762/2742/750 763/2743/750 739/2744/750
f 739/2745/751 763/2746/751 764/2747/751 740/2748/751
f 740/2749/752 764/2750/752 765/2751/752 741/2752/752
f 741/2753/753 765/2754/753 766/2755/753 742/2756/753
f 742/2757/754 766/2758/754 767/2759/754 743/2760/754
f 743/2761/755 767/2762/755 768/2763/755 744/2764/755
f 744/2765/756 768/2766/756 769/2767/756 745/2768/756
f 745/2769/757 769/2770/757 770/2771/757 746/2772/757
f 746/2773/758 770/2774/758 771/2775/758 747/2776/758
f 747/2777/759 771/2778/759 772/2779/759 748/2780/759
f 748/2781/760 772/2782/760 749/2783/760 725/2784/760
f 749/2785/761 773/2786/761 774/2787/761 750/2788/761
f 750/2789/762 774/2790/762 775/2791/762 751/2792/762
f 751/2793/763 775/2794/763 776/2795/763 752/2796/763
f 752/2797/764 776/2798/764 777/2799/764 753/2800/764
f 753/2801/765 777/2802/765 778/2803/765 754/2804/765
f 754/2805/766 778/2806/766 779/2807/766 755/2808/766
f 755/2809/767 779/2810/767 780/2811/767 756/2812/767
f 756/2813/768 780/2814/768 781/2815/768 757/2816/768
f 757/2817/769 781/2818/769 782/2819/769 758/2820/769
f 758/2821/770 782/2822/770 783/2823/770 759/2824/770
f 759/2825/771 783/2826/771 784/2827/771 760/2828/771
f 760/2829/772 784/2830/772 785/2831/772 761/2832/772
f 761/2833/773 785/2834/773 786/2835/773 762/2836/773
f 762/2837/774 786/2838/774 787/2839/774 763/2840/774
f 763/2841/775 787/2842/775 788/2843/775 764/2844/775
f 764/2845/776 788/2846/776 789/2847/776 765/2848/776
f 765/2849/777 789/2850/777 790/2851/777 766/2852/777
f 766/2853/778 790/2854/778 791/2855/778 767/2856/778
f 767/2857/779 791/2858/779 792/2859/779 768/2860/779
f 768/2861/780 792/2862/780 793/2863/780 769/2864/780
f 769/2865/781 793/2866/781 794/2867/781 770/2868/781
f 770/2869/782 794/2870/782 795/2871/782 771/2872/782
f 771/2873/783 795/2874/783 796/2875/783 772/2876/783
f 772/2877/784 796/2878/784 773/2879/784 749/2880/784
f 773/2881/785 797/2882/785 798/2883/785 774/2884/785
f 774/2885/786 798/2886/786 799/2887/786 775/2888/786
f 775/2889/787 799/2890/787 800/2891/787 776/2892/787
f 776/2893/788 800/2894/788 801/2895/788 777/2896/788
f 777/2897/789 801/2898/789 802/2899/789 778/2900/789
f 778/2901/790 802/2902/790 803/2903/790 779/2904/790
f 779/2905/791 803/2906/791 804/2907/791 780/2908/791
f 780/2909/792 804/2910/792 805/2911/792 781/2912/792
f 781/2913/793 805/2914/793 806/2915/793 782/2916/793
f 782/2917/794 806/2918/794 807/2919/794 783/2920/794
f 783/2921/795 807/2922/795 808/2923/795 784/2924/795
f 784/2925/796 808/2926/796 809/2927/796 785/2928/796
f 785/2929/797 809/2930/797 810/2931/797 786/2932/797
f 786/2933/798 810/2934/798 811/2935/798 787/2936/798
f 787/2937/799 811/2938/799 812/2939/799 788/2940/799
f 788/2941/800 812/2942/800 813/2943/800 789/2944/800
f 789/2945/801 813/2946/801 814/2947/801 790/2948/801
f 790/2949/802 814/2950/802 815/2951/802 791/2952/802
f 791/2953/803 815/2954/803 816/2955/803 792/2956/803
f 792/2957/804 816/2958/804 817/2959/804 793/2960/804
f 793/2961/805 817/2962/805 818/2963/805 794/2964/805
f 794/2965/806 818/2966/806 819/2967/806 795/2968/806
f 795/2969/807 819/2970/807 820/2971/807 796/2972/807
f 796/2973/808 820/2974/808 797/2975/808 773/2976/808
f 821/2977/809 725/2978/809 726/2979/809
f 822/2980/810 798/2981/810 797/2982/810
f 821/2983/811 726/2984/811 727/2985/811
f 822/2986/812 799/2987/812 798/2988/812
f 821/2989/813 727/2990/813 728/2991/813
f 822/2992/814 800/2993/814 799/2994/814
f 821/2995/815 728/2996/815 729/2997/815
f 822/2998/816 801/2999/816 800/3000/816
f 821/3001/817 729/3002/817 730/3003/817
f 822/3004/818 802/3005/818 801/3006/818
f 821/3007/819 730/3008/819 731/3009/819
f 822/3010/820 803/3011/820 802/3012/820
f 821/3013/821 731/3014/821 732/3015/821
f 822/3016/822 804/3017/822 803/3018/822
f 821/3019/823 732/3020/823 733/3021/823
f 822/3022/824 805/3023/824 804/3024/824
f 821/3025/825 733/3026/825 734/3027/825
f 822/3028/826 806/3029/826 805/3030/826
f 821/3031/827 734/3032/827 735/3033/827
f 822/3034/828 807/3035/828 806/3036/828
f 821/3037/829 735/3038/829 736/3039/829
f 822/3040/830 808/3041/830 807/3042/830
f 821/3043/831 736/3044/831 737/3045/831
f 822/3046/832 809/3047/832 808/3048/832
f 821/3049/833 737/3050/833 738/3051/833
f 822/3052/834 810/3053/834 809/3054/834
f 821/3055/835 738/3056/835 739/3057/835
f 822/3058/836 811/3059/836 810/3060/836
f 821/3061/837 739/3062/837 740/3063/837
f 822/3064/838 812/3065/838 811/3066/838
f 821/3067/839 740/3068/839 741/3069/839
f 822/3070/840 813/3071/840 812/3072/840
f 821/3073/841 741/3074/841 742/3075/841
f 822/3076/842 814/3077/842 813/3078/842
f 821/3079/843 742/3080/843 743/3081/843
f 822/3082/844 815/3083/844 814/3084/844
f 821/3085/845 743/3086/845 744/3087/845
f 822/3088/846 816/3089/846 815/3090/846
f 821/3091/847 744/3092/847 745/3093/847
f 822/3094/848 817/3095/848 816/3096/848
f 821/3097/849 745/3098/849 746/3099/849
f 822/3100/850 818/3101/850 817/3102/850
f 821/3103/851 746/3104/851 747/3105/851
f 822/3106/852 819/3107/852 818/3108/852
f 821/3109/853 747/3110/853 748/3111/853
f 822/3112/854 820/3113/854 819/3114/854
f 821/3115/855 748/3116/855 725/3117/855
f 822/3118/856 797/3119/856 820/3120/856
o upper_focus_lens
usemtl transporter_cyan
f 823/3121/857 847/3122/857 848/3123/857 824/3124/857
f 824/3125/858 848/3126/858 849/3127/858 825/3128/858
f 825/3129/859 849/3130/859 850/3131/859 826/3132/859
f 826/3133/860 850/3134/860 851/3135/860 827/3136/860
f 827/3137/861 851/3138/861 852/3139/861 828/3140/861
f 828/3141/862 852/3142/862 853/3143/862 829/3144/862
f 829/3145/863 853/3146/863 854/3147/863 830/3148/863
f 830/3149/864 854/3150/864 855/3151/864 831/3152/864
f 831/3153/865 855/3154/865 856/3155/865 832/3156/865
f 832/3157/866 856/3158/866 857/3159/866 833/3160/866
f 833/3161/867 857/3162/867 858/3163/867 834/3164/867
f 834/3165/868 858/3166/868 859/3167/868 835/3168/868
f 835/3169/869 859/3170/869 860/3171/869 836/3172/869
f 836/3173/870 860/3174/870 861/3175/870 837/3176/870
f 837/3177/871 861/3178/871 862/3179/871 838/3180/871
f 838/3181/872 862/3182/872 863/3183/872 839/3184/872
f 839/3185/873 863/3186/873 864/3187/873 840/3188/873
f 840/3189/874 864/3190/874 865/3191/874 841/3192/874
f 841/3193/875 865/3194/875 866/3195/875 842/3196/875
f 842/3197/876 866/3198/876 867/3199/876 843/3200/876
f 843/3201/877 867/3202/877 868/3203/877 844/3204/877
f 844/3205/878 868/3206/878 869/3207/878 845/3208/878
f 845/3209/879 869/3210/879 870/3211/879 846/3212/879
f 846/3213/880 870/3214/880 847/3215/880 823/3216/880
f 847/3217/881 871/3218/881 872/3219/881 848/3220/881
f 848/3221/882 872/3222/882 873/3223/882 849/3224/882
f 849/3225/883 873/3226/883 874/3227/883 850/3228/883
f 850/3229/884 874/3230/884 875/3231/884 851/3232/884
f 851/3233/885 875/3234/885 876/3235/885 852/3236/885
f 852/3237/886 876/3238/886 877/3239/886 853/3240/886
f 853/3241/887 877/3242/887 878/3243/887 854/3244/887
f 854/3245/888 878/3246/888 879/3247/888 855/3248/888
f 855/3249/889 879/3250/889 880/3251/889 856/3252/889
f 856/3253/890 880/3254/890 881/3255/890 857/3256/890
f 857/3257/891 881/3258/891 882/3259/891 858/3260/891
f 858/3261/892 882/3262/892 883/3263/892 859/3264/892
f 859/3265/893 883/3266/893 884/3267/893 860/3268/893
f 860/3269/894 884/3270/894 885/3271/894 861/3272/894
f 861/3273/895 885/3274/895 886/3275/895 862/3276/895
f 862/3277/896 886/3278/896 887/3279/896 863/3280/896
f 863/3281/897 887/3282/897 888/3283/897 864/3284/897
f 864/3285/898 888/3286/898 889/3287/898 865/3288/898
f 865/3289/899 889/3290/899 890/3291/899 866/3292/899
f 866/3293/900 890/3294/900 891/3295/900 867/3296/900
f 867/3297/901 891/3298/901 892/3299/901 868/3300/901
f 868/3301/902 892/3302/902 893/3303/902 869/3304/902
f 869/3305/903 893/3306/903 894/3307/903 870/3308/903
f 870/3309/904 894/3310/904 871/3311/904 847/3312/904
f 871/3313/905 895/3314/905 896/3315/905 872/3316/905
f 872/3317/906 896/3318/906 897/3319/906 873/3320/906
f 873/3321/907 897/3322/907 898/3323/907 874/3324/907
f 874/3325/908 898/3326/908 899/3327/908 875/3328/908
f 875/3329/909 899/3330/909 900/3331/909 876/3332/909
f 876/3333/910 900/3334/910 901/3335/910 877/3336/910
f 877/3337/911 901/3338/911 902/3339/911 878/3340/911
f 878/3341/912 902/3342/912 903/3343/912 879/3344/912
f 879/3345/913 903/3346/913 904/3347/913 880/3348/913
f 880/3349/914 904/3350/914 905/3351/914 881/3352/914
f 881/3353/915 905/3354/915 906/3355/915 882/3356/915
f 882/3357/916 906/3358/916 907/3359/916 883/3360/916
f 883/3361/917 907/3362/917 908/3363/917 884/3364/917
f 884/3365/918 908/3366/918 909/3367/918 885/3368/918
f 885/3369/919 909/3370/919 910/3371/919 886/3372/919
f 886/3373/920 910/3374/920 911/3375/920 887/3376/920
f 887/3377/921 911/3378/921 912/3379/921 888/3380/921
f 888/3381/922 912/3382/922 913/3383/922 889/3384/922
f 889/3385/923 913/3386/923 914/3387/923 890/3388/923
f 890/3389/924 914/3390/924 915/3391/924 891/3392/924
f 891/3393/925 915/3394/925 916/3395/925 892/3396/925
f 892/3397/926 916/3398/926 917/3399/926 893/3400/926
f 893/3401/927 917/3402/927 918/3403/927 894/3404/927
f 894/3405/928 918/3406/928 895/3407/928 871/3408/928
f 919/3409/929 823/3410/929 824/3411/929
f 920/3412/930 896/3413/930 895/3414/930
f 919/3415/931 824/3416/931 825/3417/931
f 920/3418/932 897/3419/932 896/3420/932
f 919/3421/933 825/3422/933 826/3423/933
f 920/3424/934 898/3425/934 897/3426/934
f 919/3427/935 826/3428/935 827/3429/935
f 920/3430/936 899/3431/936 898/3432/936
f 919/3433/937 827/3434/937 828/3435/937
f 920/3436/938 900/3437/938 899/3438/938
f 919/3439/939 828/3440/939 829/3441/939
f 920/3442/940 901/3443/940 900/3444/940
f 919/3445/941 829/3446/941 830/3447/941
f 920/3448/942 902/3449/942 901/3450/942
f 919/3451/943 830/3452/943 831/3453/943
f 920/3454/944 903/3455/944 902/3456/944
f 919/3457/945 831/3458/945 832/3459/945
f 920/3460/946 904/3461/946 903/3462/946
f 919/3463/947 832/3464/947 833/3465/947
f 920/3466/948 905/3467/948 904/3468/948
f 919/3469/949 833/3470/949 834/3471/949
f 920/3472/950 906/3473/950 905/3474/950
f 919/3475/951 834/3476/951 835/3477/951
f 920/3478/952 907/3479/952 906/3480/952
f 919/3481/953 835/3482/953 836/3483/953
f 920/3484/954 908/3485/954 907/3486/954
f 919/3487/955 836/3488/955 837/3489/955
f 920/3490/956 909/3491/956 908/3492/956
f 919/3493/957 837/3494/957 838/3495/957
f 920/3496/958 910/3497/958 909/3498/958
f 919/3499/959 838/3500/959 839/3501/959
f 920/3502/960 911/3503/960 910/3504/960
f 919/3505/961 839/3506/961 840/3507/961
f 920/3508/962 912/3509/962 911/3510/962
f 919/3511/963 840/3512/963 841/3513/963
f 920/3514/964 913/3515/964 912/3516/964
f 919/3517/965 841/3518/965 842/3519/965
f 920/3520/966 914/3521/966 913/3522/966
f 919/3523/967 842/3524/967 843/3525/967
f 920/3526/968 915/3527/968 914/3528/968
f 919/3529/969 843/3530/969 844/3531/969
f 920/3532/970 916/3533/970 915/3534/970
f 919/3535/971 844/3536/971 845/3537/971
f 920/3538/972 917/3539/972 916/3540/972
f 919/3541/973 845/3542/973 846/3543/973
f 920/3544/974 918/3545/974 917/3546/974
f 919/3547/975 846/3548/975 823/3549/975
f 920/3550/976 895/3551/976 918/3552/976
o upper_ring_division_0
usemtl transporter_graphite
f 921/3553/977 929/3554/977 930/3555/977 922/3556/977
f 922/3557/978 930/3558/978 931/3559/978 923/3560/978
f 923/3561/979 931/3562/979 932/3563/979 924/3564/979
f 924/3565/980 932/3566/980 933/3567/980 925/3568/980
f 925/3569/981 933/3570/981 934/3571/981 926/3572/981
f 926/3573/982 934/3574/982 935/3575/982 927/3576/982
f 927/3577/983 935/3578/983 936/3579/983 928/3580/983
f 928/3581/984 936/3582/984 929/3583/984 921/3584/984
f 929/3585/985 937/3586/985 938/3587/985 930/3588/985
f 930/3589/986 938/3590/986 939/3591/986 931/3592/986
f 931/3593/987 939/3594/987 940/3595/987 932/3596/987
f 932/3597/988 940/3598/988 941/3599/988 933/3600/988
f 933/3601/989 941/3602/989 942/3603/989 934/3604/989
f 934/3605/990 942/3606/990 943/3607/990 935/3608/990
f 935/3609/991 943/3610/991 944/3611/991 936/3612/991
f 936/3613/992 944/3614/992 937/3615/992 929/3616/992
f 937/3617/993 945/3618/993 946/3619/993 938/3620/993
f 938/3621/994 946/3622/994 947/3623/994 939/3624/994
f 939/3625/995 947/3626/995 948/3627/995 940/3628/995
f 940/3629/996 948/3630/996 949/3631/996 941/3632/996
f 941/3633/997 949/3634/997 950/3635/997 942/3636/997
f 942/3637/998 950/3638/998 951/3639/998 943/3640/998
f 943/3641/999 951/3642/999 952/3643/999 944/3644/999
f 944/3645/1000 952/3646/1000 945/3647/1000 937/3648/1000
f 953/3649/1001 921/3650/1001 922/3651/1001
f 954/3652/1002 946/3653/1002 945/3654/1002
f 953/3655/1003 922/3656/1003 923/3657/1003
f 954/3658/1004 947/3659/1004 946/3660/1004
f 953/3661/1005 923/3662/1005 924/3663/1005
f 954/3664/1006 948/3665/1006 947/3666/1006
f 953/3667/1007 924/3668/1007 925/3669/1007
f 954/3670/1008 949/3671/1008 948/3672/1008
f 953/3673/1009 925/3674/1009 926/3675/1009
f 954/3676/1010 950/3677/1010 949/3678/1010
f 953/3679/1011 926/3680/1011 927/3681/1011
f 954/3682/1012 951/3683/1012 950/3684/1012
f 953/3685/1013 927/3686/1013 928/3687/1013
f 954/3688/1014 952/3689/1014 951/3690/1014
f 953/3691/1015 928/3692/1015 921/3693/1015
f 954/3694/1016 945/3695/1016 952/3696/1016
o upper_ring_division_1
f 955/3697/1017 963/3698/1017 964/3699/1017 956/3700/1017
f 956/3701/1018 964/3702/1018 965/3703/1018 957/3704/1018
f 957/3705/1019 965/3706/1019 966/3707/1019 958/3708/1019
f 958/3709/1020 966/3710/1020 967/3711/1020 959/3712/1020
f 959/3713/1021 967/3714/1021 968/3715/1021 960/3716/1021
f 960/3717/1022 968/3718/1022 969/3719/1022 961/3720/1022
f 961/3721/1023 969/3722/1023 970/3723/1023 962/3724/1023
f 962/3725/1024 970/3726/1024 963/3727/1024 955/3728/1024
f 963/3729/1025 971/3730/1025 972/3731/1025 964/3732/1025
f 964/3733/1026 972/3734/1026 973/3735/1026 965/3736/1026
f 965/3737/1027 973/3738/1027 974/3739/1027 966/3740/1027
f 966/3741/1028 974/3742/1028 975/3743/1028 967/3744/1028
f 967/3745/1029 975/3746/1029 976/3747/1029 968/3748/1029
f 968/3749/1030 976/3750/1030 977/3751/1030 969/3752/1030
f 969/3753/1031 977/3754/1031 978/3755/1031 970/3756/1031
f 970/3757/1032 978/3758/1032 971/3759/1032 963/3760/1032
f 971/3761/1033 979/3762/1033 980/3763/1033 972/3764/1033
f 972/3765/1034 980/3766/1034 981/3767/1034 973/3768/1034
f 973/3769/1035 981/3770/1035 982/3771/1035 974/3772/1035
f 974/3773/1036 982/3774/1036 983/3775/1036 975/3776/1036
f 975/3777/1037 983/3778/1037 984/3779/1037 976/3780/1037
f 976/3781/1038 984/3782/1038 985/3783/1038 977/3784/1038
f 977/3785/1039 985/3786/1039 986/3787/1039 978/3788/1039
f 978/3789/1040 986/3790/1040 979/3791/1040 971/3792/1040
f 987/3793/1041 955/3794/1041 956/3795/1041
f 988/3796/1042 980/3797/1042 979/3798/1042
f 987/3799/1043 956/3800/1043 957/3801/1043
f 988/3802/1044 981/3803/1044 980/3804/1044
f 987/3805/1045 957/3806/1045 958/3807/1045
f 988/3808/1046 982/3809/1046 981/3810/1046
f 987/3811/1047 958/3812/1047 959/3813/1047
f 988/3814/1048 983/3815/1048 982/3816/1048
f 987/3817/1049 959/3818/1049 960/3819/1049
f 988/3820/1050 984/3821/1050 983/3822/1050
f 987/3823/1051 960/3824/1051 961/3825/1051
f 988/3826/1052 985/3827/1052 984/3828/1052
f 987/3829/1053 961/3830/1053 962/3831/1053
f 988/3832/1054 986/3833/1054 985/3834/1054
f 987/3835/1055 962/3836/1055 955/3837/1055
f 988/3838/1056 979/3839/1056 986/3840/1056
o upper_ring_division_2
f 989/3841/1057 997/3842/1057 998/3843/1057 990/3844/1057
f 990/3845/1058 998/3846/1058 999/3847/1058 991/3848/1058
f 991/3849/1059 999/3850/1059 1000/3851/1059 992/3852/1059
f 992/3853/1060 1000/3854/1060 1001/3855/1060 993/3856/1060
f 993/3857/1061 1001/3858/1061 1002/3859/1061 994/3860/1061
f 994/3861/1062 1002/3862/1062 1003/3863/1062 995/3864/1062
f 995/3865/1063 1003/3866/1063 1004/3867/1063 996/3868/1063
f 996/3869/1064 1004/3870/1064 997/3871/1064 989/3872/1064
f 997/3873/1065 1005/3874/1065 1006/3875/1065 998/3876/1065
f 998/3877/1066 1006/3878/1066 1007/3879/1066 999/3880/1066
f 999/3881/1067 1007/3882/1067 1008/3883/1067 1000/3884/1067
f 1000/3885/1068 1008/3886/1068 1009/3887/1068 1001/3888/1068
f 1001/3889/1069 1009/3890/1069 1010/3891/1069 1002/3892/1069
f 1002/3893/1070 1010/3894/1070 1011/3895/1070 1003/3896/1070
f 1003/3897/1071 1011/3898/1071 1012/3899/1071 1004/3900/1071
f 1004/3901/1072 1012/3902/1072 1005/3903/1072 997/3904/1072
f 1005/3905/1073 1013/3906/1073 1014/3907/1073 1006/3908/1073
f 1006/3909/1074 1014/3910/1074 1015/3911/1074 1007/3912/1074
f 1007/3913/1075 1015/3914/1075 1016/3915/1075 1008/3916/1075
f 1008/3917/1076 1016/3918/1076 1017/3919/1076 1009/3920/1076
f 1009/3921/1077 1017/3922/1077 1018/3923/1077 1010/3924/1077
f 1010/3925/1078 1018/3926/1078 1019/3927/1078 1011/3928/1078
f 1011/3929/1079 1019/3930/1079 1020/3931/1079 1012/3932/1079
f 1012/3933/1080 1020/3934/1080 1013/3935/1080 1005/3936/1080
f 1021/3937/1081 989/3938/1081 990/3939/1081
f 1022/3940/1082 1014/3941/1082 1013/3942/1082
f 1021/3943/1083 990/3944/1083 991/3945/1083
f 1022/3946/1084 1015/3947/1084 1014/3948/1084
f 1021/3949/1085 991/3950/1085 992/3951/1085
f 1022/3952/1086 1016/3953/1086 1015/3954/1086
f 1021/3955/1087 992/3956/1087 993/3957/1087
f 1022/3958/1088 1017/3959/1088 1016/3960/1088
f 1021/3961/1089 993/3962/1089 994/3963/1089
f 1022/3964/1090 1018/3965/1090 1017/3966/1090
f 1021/3967/1091 994/3968/1091 995/3969/1091
f 1022/3970/1092 1019/3971/1092 1018/3972/1092
f 1021/3973/1093 995/3974/1093 996/3975/1093
f 1022/3976/1094 1020/3977/1094 1019/3978/1094
f 1021/3979/1095 996/3980/1095 989/3981/1095
f 1022/3982/1096 1013/3983/1096 1020/3984/1096
o upper_ring_division_3
f 1023/3985/1097 1031/3986/1097 1032/3987/1097 1024/3988/1097
f 1024/3989/1098 1032/3990/1098 1033/3991/1098 1025/3992/1098
f 1025/3993/1099 1033/3994/1099 1034/3995/1099 1026/3996/1099
f 1026/3997/1100 1034/3998/1100 1035/3999/1100 1027/4000/1100
f 1027/4001/1101 1035/4002/1101 1036/4003/1101 1028/4004/1101
f 1028/4005/1102 1036/4006/1102 1037/4007/1102 1029/4008/1102
f 1029/4009/1103 1037/4010/1103 1038/4011/1103 1030/4012/1103
f 1030/4013/1104 1038/4014/1104 1031/4015/1104 1023/4016/1104
f 1031/4017/1105 1039/4018/1105 1040/4019/1105 1032/4020/1105
f 1032/4021/1106 1040/4022/1106 1041/4023/1106 1033/4024/1106
f 1033/4025/1107 1041/4026/1107 1042/4027/1107 1034/4028/1107
f 1034/4029/1108 1042/4030/1108 1043/4031/1108 1035/4032/1108
f 1035/4033/1109 1043/4034/1109 1044/4035/1109 1036/4036/1109
f 1036/4037/1110 1044/4038/1110 1045/4039/1110 1037/4040/1110
f 1037/4041/1111 1045/4042/1111 1046/4043/1111 1038/4044/1111
f 1038/4045/1112 1046/4046/1112 1039/4047/1112 1031/4048/1112
f 1039/4049/1113 1047/4050/1113 1048/4051/1113 1040/4052/1113
f 1040/4053/1114 1048/4054/1114 1049/4055/1114 1041/4056/1114
f 1041/4057/1115 1049/4058/1115 1050/4059/1115 1042/4060/1115
f 1042/4061/1116 1050/4062/1116 1051/4063/1116 1043/4064/1116
f 1043/4065/1117 1051/4066/1117 1052/4067/1117 1044/4068/1117
f 1044/4069/1118 1052/4070/1118 1053/4071/1118 1045/4072/1118
f 1045/4073/1119 1053/4074/1119 1054/4075/1119 1046/4076/1119
f 1046/4077/1120 1054/4078/1120 1047/4079/1120 1039/4080/1120
f 1055/4081/1121 1023/4082/1121 1024/4083/1121
f 1056/4084/1122 1048/4085/1122 1047/4086/1122
f 1055/4087/1123 1024/4088/1123 1025/4089/1123
f 1056/4090/1124 1049/4091/1124 1048/4092/1124
f 1055/4093/1125 1025/4094/1125 1026/4095/1125
f 1056/4096/1126 1050/4097/1126 1049/4098/1126
f 1055/4099/1127 1026/4100/1127 1027/4101/1127
f 1056/4102/1128 1051/4103/1128 1050/4104/1128
f 1055/4105/1129 1027/4106/1129 1028/4107/1129
f 1056/4108/1130 1052/4109/1130 1051/4110/1130
f 1055/4111/1131 1028/4112/1131 1029/4113/1131
f 1056/4114/1132 1053/4115/1132 1052/4116/1132
f 1055/4117/1133 1029/4118/1133 1030/4119/1133
f 1056/4120/1134 1054/4121/1134 1053/4122/1134
f 1055/4123/1135 1030/4124/1135 1023/4125/1135
f 1056/4126/1136 1047/4127/1136 1054/4128/1136
o upper_ring_division_4
f 1058/4129/1137 1065/4130/1137 1066/4131/1137 1059/4132/1137
f 1059/4133/1138 1066/4134/1138 1067/4135/1138 1057/4136/1138
f 1057/4137/1139 1067/4138/1139 1068/4139/1139 1060/4140/1139
f 1060/4141/1140 1068/4142/1140 1069/4143/1140 1061/4144/1140
f 1061/4145/1141 1069/4146/1141 1070/4147/1141 1062/4148/1141
f 1062/4149/1142 1070/4150/1142 1071/4151/1142 1063/4152/1142
f 1063/4153/1143 1071/4154/1143 1072/4155/1143 1064/4156/1143
f 1064/4157/1144 1072/4158/1144 1065/4159/1144 1058/4160/1144
f 1065/4161/1145 1073/4162/1145 1074/4163/1145 1066/4164/1145
f 1066/4165/1146 1074/4166/1146 1075/4167/1146 1067/4168/1146
f 1067/4169/1147 1075/4170/1147 1076/4171/1147 1068/4172/1147
f 1068/4173/1148 1076/4174/1148 1077/4175/1148 1069/4176/1148
f 1069/4177/1149 1077/4178/1149 1078/4179/1149 1070/4180/1149
f 1070/4181/1150 1078/4182/1150 1079/4183/1150 1071/4184/1150
f 1071/4185/1151 1079/4186/1151 1080/4187/1151 1072/4188/1151
f 1072/4189/1152 1080/4190/1152 1073/4191/1152 1065/4192/1152
f 1073/4193/1153 1081/4194/1153 1082/4195/1153 1074/4196/1153
f 1074/4197/1154 1082/4198/1154 1083/4199/1154 1075/4200/1154
f 1075/4201/1155 1083/4202/1155 1084/4203/1155 1076/4204/1155
f 1076/4205/1156 1084/4206/1156 1085/4207/1156 1077/4208/1156
f 1077/4209/1157 1085/4210/1157 1086/4211/1157 1078/4212/1157
f 1078/4213/1158 1086/4214/1158 1087/4215/1158 1079/4216/1158
f 1079/4217/1159 1087/4218/1159 1088/4219/1159 1080/4220/1159
f 1080/4221/1160 1088/4222/1160 1081/4223/1160 1073/4224/1160
f 1089/4225/1161 1058/4226/1161 1059/4227/1161
f 1090/4228/1162 1082/4229/1162 1081/4230/1162
f 1089/4231/1163 1059/4232/1163 1057/4233/1163
f 1090/4234/1164 1083/4235/1164 1082/4236/1164
f 1089/4237/1165 1057/4238/1165 1060/4239/1165
f 1090/4240/1166 1084/4241/1166 1083/4242/1166
f 1089/4243/1167 1060/4244/1167 1061/4245/1167
f 1090/4246/1168 1085/4247/1168 1084/4248/1168
f 1089/4249/1169 1061/4250/1169 1062/4251/1169
f 1090/4252/1170 1086/4253/1170 1085/4254/1170
f 1089/4255/1171 1062/4256/1171 1063/4257/1171
f 1090/4258/1172 1087/4259/1172 1086/4260/1172
f 1089/4261/1173 1063/4262/1173 1064/4263/1173
f 1090/4264/1174 1088/4265/1174 1087/4266/1174
f 1089/4267/1175 1064/4268/1175 1058/4269/1175
f 1090/4270/1176 1081/4271/1176 1088/4272/1176
o upper_ring_division_5
f 1091/4273/1177 1099/4274/1177 1100/4275/1177 1092/4276/1177
f 1092/4277/1178 1100/4278/1178 1101/4279/1178 1093/4280/1178
f 1093/4281/1179 1101/4282/1179 1102/4283/1179 1094/4284/1179
f 1094/4285/1180 1102/4286/1180 1103/4287/1180 1095/4288/1180
f 1095/4289/1181 1103/4290/1181 1104/4291/1181 1096/4292/1181
f 1096/4293/1182 1104/4294/1182 1105/4295/1182 1097/4296/1182
f 1097/4297/1183 1105/4298/1183 1106/4299/1183 1098/4300/1183
f 1098/4301/1184 1106/4302/1184 1099/4303/1184 1091/4304/1184
f 1099/4305/1185 1107/4306/1185 1108/4307/1185 1100/4308/1185
f 1100/4309/1186 1108/4310/1186 1109/4311/1186 1101/4312/1186
f 1101/4313/1187 1109/4314/1187 1110/4315/1187 1102/4316/1187
f 1102/4317/1188 1110/4318/1188 1111/4319/1188 1103/4320/1188
f 1103/4321/1189 1111/4322/1189 1112/4323/1189 1104/4324/1189
f 1104/4325/1190 1112/4326/1190 1113/4327/1190 1105/4328/1190
f 1105/4329/1191 1113/4330/1191 1114/4331/1191 1106/4332/1191
f 1106/4333/1192 1114/4334/1192 1107/4335/1192 1099/4336/1192
f 1107/4337/1193 1115/4338/1193 1116/4339/1193 1108/4340/1193
f 1108/4341/1194 1116/4342/1194 1117/4343/1194 1109/4344/1194
f 1109/4345/1195 1117/4346/1195 1118/4347/1195 1110/4348/1195
f 1110/4349/1196 1118/4350/1196 1119/4351/1196 1111/4352/1196
f 1111/4353/1197 1119/4354/1197 1120/4355/1197 1112/4356/1197
f 1112/4357/1198 1120/4358/1198 1121/4359/1198 1113/4360/1198
f 1113/4361/1199 1121/4362/1199 1122/4363/1199 1114/4364/1199
f 1114/4365/1200 1122/4366/1200 1115/4367/1200 1107/4368/1200
f 1123/4369/1201 1091/4370/1201 1092/4371/1201
f 1124/4372/1202 1116/4373/1202 1115/4374/1202
f 1123/4375/1203 1092/4376/1203 1093/4377/1203
f 1124/4378/1204 1117/4379/1204 1116/4380/1204
f 1123/4381/1205 1093/4382/1205 1094/4383/1205
f 1124/4384/1206 1118/4385/1206 1117/4386/1206
f 1123/4387/1207 1094/4388/1207 1095/4389/1207
f 1124/4390/1208 1119/4391/1208 1118/4392/1208
f 1123/4393/1209 1095/4394/1209 1096/4395/1209
f 1124/4396/1210 1120/4397/1210 1119/4398/1210
f 1123/4399/1211 1096/4400/1211 1097/4401/1211
f 1124/4402/1212 1121/4403/1212 1120/4404/1212
f 1123/4405/1213 1097/4406/1213 1098/4407/1213
f 1124/4408/1214 1122/4409/1214 1121/4410/1214
f 1123/4411/1215 1098/4412/1215 1091/4413/1215
f 1124/4414/1216 1115/4415/1216 1122/4416/1216
o upper_ring_division_6
f 1125/4417/1217 1133/4418/1217 1134/4419/1217 1126/4420/1217
f 1126/4421/1218 1134/4422/1218 1135/4423/1218 1127/4424/1218
f 1127/4425/1219 1135/4426/1219 1136/4427/1219 1128/4428/1219
f 1128/4429/1220 1136/4430/1220 1137/4431/1220 1129/4432/1220
f 1129/4433/1221 1137/4434/1221 1138/4435/1221 1130/4436/1221
f 1130/4437/1222 1138/4438/1222 1139/4439/1222 1131/4440/1222
f 1131/4441/1223 1139/4442/1223 1140/4443/1223 1132/4444/1223
f 1132/4445/1224 1140/4446/1224 1133/4447/1224 1125/4448/1224
f 1133/4449/1225 1141/4450/1225 1142/4451/1225 1134/4452/1225
f 1134/4453/1226 1142/4454/1226 1143/4455/1226 1135/4456/1226
f 1135/4457/1227 1143/4458/1227 1144/4459/1227 1136/4460/1227
f 1136/4461/1228 1144/4462/1228 1145/4463/1228 1137/4464/1228
f 1137/4465/1229 1145/4466/1229 1146/4467/1229 1138/4468/1229
f 1138/4469/1230 1146/4470/1230 1147/4471/1230 1139/4472/1230
f 1139/4473/1231 1147/4474/1231 1148/4475/1231 1140/4476/1231
f 1140/4477/1232 1148/4478/1232 1141/4479/1232 1133/4480/1232
f 1141/4481/1233 1149/4482/1233 1150/4483/1233 1142/4484/1233
f 1142/4485/1234 1150/4486/1234 1151/4487/1234 1143/4488/1234
f 1143/4489/1235 1151/4490/1235 1152/4491/1235 1144/4492/1235
f 1144/4493/1236 1152/4494/1236 1153/4495/1236 1145/4496/1236
f 1145/4497/1237 1153/4498/1237 1154/4499/1237 1146/4500/1237
f 1146/4501/1238 1154/4502/1238 1155/4503/1238 1147/4504/1238
f 1147/4505/1239 1155/4506/1239 1156/4507/1239 1148/4508/1239
f 1148/4509/1240 1156/4510/1240 1149/4511/1240 1141/4512/1240
f 1157/4513/1241 1125/4514/1241 1126/4515/1241
f 1158/4516/1242 1150/4517/1242 1149/4518/1242
f 1157/4519/1243 1126/4520/1243 1127/4521/1243
f 1158/4522/1244 1151/4523/1244 1150/4524/1244
f 1157/4525/1245 1127/4526/1245 1128/4527/1245
f 1158/4528/1246 1152/4529/1246 1151/4530/1246
f 1157/4531/1247 1128/4532/1247 1129/4533/1247
f 1158/4534/1248 1153/4535/1248 1152/4536/1248
f 1157/4537/1249 1129/4538/1249 1130/4539/1249
f 1158/4540/1250 1154/4541/1250 1153/4542/1250
f 1157/4543/1251 1130/4544/1251 1131/4545/1251
f 1158/4546/1252 1155/4547/1252 1154/4548/1252
f 1157/4549/1253 1131/4550/1253 1132/4551/1253
f 1158/4552/1254 1156/4553/1254 1155/4554/1254
f 1157/4555/1255 1132/4556/1255 1125/4557/1255
f 1158/4558/1256 1149/4559/1256 1156/4560/1256
o upper_ring_division_7
f 1159/4561/1257 1167/4562/1257 1168/4563/1257 1160/4564/1257
f 1160/4565/1258 1168/4566/1258 1169/4567/1258 1161/4568/1258
f 1161/4569/1259 1169/4570/1259 1170/4571/1259 1162/4572/1259
f 1162/4573/1260 1170/4574/1260 1171/4575/1260 1163/4576/1260
f 1163/4577/1261 1171/4578/1261 1172/4579/1261 1164/4580/1261
f 1164/4581/1262 1172/4582/1262 1173/4583/1262 1165/4584/1262
f 1165/4585/1263 1173/4586/1263 1174/4587/1263 1166/4588/1263
f 1166/4589/1264 1174/4590/1264 1167/4591/1264 1159/4592/1264
f 1167/4593/1265 1175/4594/1265 1176/4595/1265 1168/4596/1265
f 1168/4597/1266 1176/4598/1266 1177/4599/1266 1169/4600/1266
f 1169/4601/1267 1177/4602/1267 1178/4603/1267 1170/4604/1267
f 1170/4605/1268 1178/4606/1268 1179/4607/1268 1171/4608/1268
f 1171/4609/1269 1179/4610/1269 1180/4611/1269 1172/4612/1269
f 1172/4613/1270 1180/4614/1270 1181/4615/1270 1173/4616/1270
f 1173/4617/1271 1181/4618/1271 1182/4619/1271 1174/4620/1271
f 1174/4621/1272 1182/4622/1272 1175/4623/1272 1167/4624/1272
f 1175/4625/1273 1183/4626/1273 1184/4627/1273 1176/4628/1273
f 1176/4629/1274 1184/4630/1274 1185/4631/1274 1177/4632/1274
f 1177/4633/1275 1185/4634/1275 1186/4635/1275 1178/4636/1275
f 1178/4637/1276 1186/4638/1276 1187/4639/1276 1179/4640/1276
f 1179/4641/1277 1187/4642/1277 1188/4643/1277 1180/4644/1277
f 1180/4645/1278 1188/4646/1278 1189/4647/1278 1181/4648/1278
f 1181/4649/1279 1189/4650/1279 1190/4651/1279 1182/4652/1279
f 1182/4653/1280 1190/4654/1280 1183/4655/1280 1175/4656/1280
f 1191/4657/1281 1159/4658/1281 1160/4659/1281
f 1192/4660/1282 1184/4661/1282 1183/4662/1282
f 1191/4663/1283 1160/4664/1283 1161/4665/1283
f 1192/4666/1284 1185/4667/1284 1184/4668/1284
f 1191/4669/1285 1161/4670/1285 1162/4671/1285
f 1192/4672/1286 1186/4673/1286 1185/4674/1286
f 1191/4675/1287 1162/4676/1287 1163/4677/1287
f 1192/4678/1288 1187/4679/1288 1186/4680/1288
f 1191/4681/1289 1163/4682/1289 1164/4683/1289
f 1192/4684/1290 1188/4685/1290 1187/4686/1290
f 1191/4687/1291 1164/4688/1291 1165/4689/1291
f 1192/4690/1292 1189/4691/1292 1188/4692/1292
f 1191/4693/1293 1165/4694/1293 1166/4695/1293
f 1192/4696/1294 1190/4697/1294 1189/4698/1294
f 1191/4699/1295 1166/4700/1295 1159/4701/1295
f 1192/4702/1296 1183/4703/1296 1190/4704/1296
o upper_ring_division_8
f 1193/4705/1297 1201/4706/1297 1202/4707/1297 1194/4708/1297
f 1194/4709/1298 1202/4710/1298 1203/4711/1298 1195/4712/1298
f 1195/4713/1299 1203/4714/1299 1204/4715/1299 1196/4716/1299
f 1196/4717/1300 1204/4718/1300 1205/4719/1300 1197/4720/1300
f 1197/4721/1301 1205/4722/1301 1206/4723/1301 1198/4724/1301
f 1198/4725/1302 1206/4726/1302 1207/4727/1302 1199/4728/1302
f 1199/4729/1303 1207/4730/1303 1208/4731/1303 1200/4732/1303
f 1200/4733/1304 1208/4734/1304 1201/4735/1304 1193/4736/1304
f 1201/4737/1305 1209/4738/1305 1210/4739/1305 1202/4740/1305
f 1202/4741/1306 1210/4742/1306 1211/4743/1306 1203/4744/1306
f 1203/4745/1307 1211/4746/1307 1212/4747/1307 1204/4748/1307
f 1204/4749/1308 1212/4750/1308 1213/4751/1308 1205/4752/1308
f 1205/4753/1309 1213/4754/1309 1214/4755/1309 1206/4756/1309
f 1206/4757/1310 1214/4758/1310 1215/4759/1310 1207/4760/1310
f 1207/4761/1311 1215/4762/1311 1216/4763/1311 1208/4764/1311
f 1208/4765/1312 1216/4766/1312 1209/4767/1312 1201/4768/1312
f 1209/4769/1313 1217/4770/1313 1218/4771/1313 1210/4772/1313
f 1210/4773/1314 1218/4774/1314 1219/4775/1314 1211/4776/1314
f 1211/4777/1315 1219/4778/1315 1220/4779/1315 1212/4780/1315
f 1212/4781/1316 1220/4782/1316 1221/4783/1316 1213/4784/1316
f 1213/4785/1317 1221/4786/1317 1222/4787/1317 1214/4788/1317
f 1214/4789/1318 1222/4790/1318 1223/4791/1318 1215/4792/1318
f 1215/4793/1319 1223/4794/1319 1224/4795/1319 1216/4796/1319
f 1216/4797/1320 1224/4798/1320 1217/4799/1320 1209/4800/1320
f 1225/4801/1321 1193/4802/1321 1194/4803/1321
f 1226/4804/1322 1218/4805/1322 1217/4806/1322
f 1225/4807/1323 1194/4808/1323 1195/4809/1323
f 1226/4810/1324 1219/4811/1324 1218/4812/1324
f 1225/4813/1325 1195/4814/1325 1196/4815/1325
f 1226/4816/1326 1220/4817/1326 1219/4818/1326
f 1225/4819/1327 1196/4820/1327 1197/4821/1327
f 1226/4822/1328 1221/4823/1328 1220/4824/1328
f 1225/4825/1329 1197/4826/1329 1198/4827/1329
f 1226/4828/1330 1222/4829/1330 1221/4830/1330
f 1225/4831/1331 1198/4832/1331 1199/4833/1331
f 1226/4834/1332 1223/4835/1332 1222/4836/1332
f 1225/4837/1333 1199/4838/1333 1200/4839/1333
f 1226/4840/1334 1224/4841/1334 1223/4842/1334
f 1225/4843/1335 1200/4844/1335 1193/4845/1335
f 1226/4846/1336 1217/4847/1336 1224/4848/1336
o upper_ring_division_9
f 1227/4849/1337 1235/4850/1337 1236/4851/1337 1228/4852/1337
f 1228/4853/1338 1236/4854/1338 1237/4855/1338 1229/4856/1338
f 1229/4857/1339 1237/4858/1339 1238/4859/1339 1230/4860/1339
f 1230/4861/1340 1238/4862/1340 1239/4863/1340 1231/4864/1340
f 1231/4865/1341 1239/4866/1341 1240/4867/1341 1232/4868/1341
f 1232/4869/1342 1240/4870/1342 1241/4871/1342 1233/4872/1342
f 1233/4873/1343 1241/4874/1343 1242/4875/1343 1234/4876/1343
f 1234/4877/1344 1242/4878/1344 1235/4879/1344 1227/4880/1344
f 1235/4881/1345 1243/4882/1345 1244/4883/1345 1236/4884/1345
f 1236/4885/1346 1244/4886/1346 1245/4887/1346 1237/4888/1346
f 1237/4889/1347 1245/4890/1347 1246/4891/1347 1238/4892/1347
f 1238/4893/1348 1246/4894/1348 1247/4895/1348 1239/4896/1348
f 1239/4897/1349 1247/4898/1349 1248/4899/1349 1240/4900/1349
f 1240/4901/1350 1248/4902/1350 1249/4903/1350 1241/4904/1350
f 1241/4905/1351 1249/4906/1351 1250/4907/1351 1242/4908/1351
f 1242/4909/1352 1250/4910/1352 1243/4911/1352 1235/4912/1352
f 1243/4913/1353 1251/4914/1353 1252/4915/1353 1244/4916/1353
f 1244/4917/1354 1252/4918/1354 1253/4919/1354 1245/4920/1354
f 1245/4921/1355 1253/4922/1355 1254/4923/1355 1246/4924/1355
f 1246/4925/1356 1254/4926/1356 1255/4927/1356 1247/4928/1356
f 1247/4929/1357 1255/4930/1357 1256/4931/1357 1248/4932/1357
f 1248/4933/1358 1256/4934/1358 1257/4935/1358 1249/4936/1358
f 1249/4937/1359 1257/4938/1359 1258/4939/1359 1250/4940/1359
f 1250/4941/1360 1258/4942/1360 1251/4943/1360 1243/4944/1360
f 1259/4945/1361 1227/4946/1361 1228/4947/1361
f 1260/4948/1362 1252/4949/1362 1251/4950/1362
f 1259/4951/1363 1228/4952/1363 1229/4953/1363
f 1260/4954/1364 1253/4955/1364 1252/4956/1364
f 1259/4957/1365 1229/4958/1365 1230/4959/1365
f 1260/4960/1366 1254/4961/1366 1253/4962/1366
f 1259/4963/1367 1230/4964/1367 1231/4965/1367
f 1260/4966/1368 1255/4967/1368 1254/4968/1368
f 1259/4969/1369 1231/4970/1369 1232/4971/1369
f 1260/4972/1370 1256/4973/1370 1255/4974/1370
f 1259/4975/1371 1232/4976/1371 1233/4977/1371
f 1260/4978/1372 1257/4979/1372 1256/4980/1372
f 1259/4981/1373 1233/4982/1373 1234/4983/1373
f 1260/4984/1374 1258/4985/1374 1257/4986/1374
f 1259/4987/1375 1234/4988/1375 1227/4989/1375
f 1260/4990/1376 1251/4991/1376 1258/4992/1376
o upper_ring_division_10
f 1261/4993/1377 1269/4994/1377 1270/4995/1377 1262/4996/1377
f 1262/4997/1378 1270/4998/1378 1271/4999/1378 1263/5000/1378
f 1263/5001/1379 1271/5002/1379 1272/5003/1379 1264/5004/1379
f 1264/5005/1380 1272/5006/1380 1273/5007/1380 1265/5008/1380
f 1265/5009/1381 1273/5010/1381 1274/5011/1381 1266/5012/1381
f 1266/5013/1382 1274/5014/1382 1275/5015/1382 1267/5016/1382
f 1267/5017/1383 1275/5018/1383 1276/5019/1383 1268/5020/1383
f 1268/5021/1384 1276/5022/1384 1269/5023/1384 1261/5024/1384
f 1269/5025/1385 1277/5026/1385 1278/5027/1385 1270/5028/1385
f 1270/5029/1386 1278/5030/1386 1279/5031/1386 1271/5032/1386
f 1271/5033/1387 1279/5034/1387 1280/5035/1387 1272/5036/1387
f 1272/5037/1388 1280/5038/1388 1281/5039/1388 1273/5040/1388
f 1273/5041/1389 1281/5042/1389 1282/5043/1389 1274/5044/1389
f 1274/5045/1390 1282/5046/1390 1283/5047/1390 1275/5048/1390
f 1275/5049/1391 1283/5050/1391 1284/5051/1391 1276/5052/1391
f 1276/5053/1392 1284/5054/1392 1277/5055/1392 1269/5056/1392
f 1277/5057/1393 1285/5058/1393 1286/5059/1393 1278/5060/1393
f 1278/5061/1394 1286/5062/1394 1287/5063/1394 1279/5064/1394
f 1279/5065/1395 1287/5066/1395 1288/5067/1395 1280/5068/1395
f 1280/5069/1396 1288/5070/1396 1289/5071/1396 1281/5072/1396
f 1281/5073/1397 1289/5074/1397 1290/5075/1397 1282/5076/1397
f 1282/5077/1398 1290/5078/1398 1291/5079/1398 1283/5080/1398
f 1283/5081/1399 1291/5082/1399 1292/5083/1399 1284/5084/1399
f 1284/5085/1400 1292/5086/1400 1285/5087/1400 1277/5088/1400
f 1293/5089/1401 1261/5090/1401 1262/5091/1401
f 1294/5092/1402 1286/5093/1402 1285/5094/1402
f 1293/5095/1403 1262/5096/1403 1263/5097/1403
f 1294/5098/1404 1287/5099/1404 1286/5100/1404
f 1293/5101/1405 1263/5102/1405 1264/5103/1405
f 1294/5104/1406 1288/5105/1406 1287/5106/1406
f 1293/5107/1407 1264/5108/1407 1265/5109/1407
f 1294/5110/1408 1289/5111/1408 1288/5112/1408
f 1293/5113/1409 1265/5114/1409 1266/5115/1409
f 1294/5116/1410 1290/5117/1410 1289/5118/1410
f 1293/5119/1411 1266/5120/1411 1267/5121/1411
f 1294/5122/1412 1291/5123/1412 1290/5124/1412
f 1293/5125/1413 1267/5126/1413 1268/5127/1413
f 1294/5128/1414 1292/5129/1414 1291/5130/1414
f 1293/5131/1415 1268/5132/1415 1261/5133/1415
f 1294/5134/1416 1285/5135/1416 1292/5136/1416
o upper_ring_division_11
f 1295/5137/1417 1303/5138/1417 1304/5139/1417 1296/5140/1417
f 1296/5141/1418 1304/5142/1418 1305/5143/1418 1297/5144/1418
f 1297/5145/1419 1305/5146/1419 1306/5147/1419 1298/5148/1419
f 1298/5149/1420 1306/5150/1420 1307/5151/1420 1299/5152/1420
f 1299/5153/1421 1307/5154/1421 1308/5155/1421 1300/5156/1421
f 1300/5157/1422 1308/5158/1422 1309/5159/1422 1301/5160/1422
f 1301/5161/1423 1309/5162/1423 1310/5163/1423 1302/5164/1423
f 1302/5165/1424 1310/5166/1424 1303/5167/1424 1295/5168/1424
f 1303/5169/1425 1311/5170/1425 1312/5171/1425 1304/5172/1425
f 1304/5173/1426 1312/5174/1426 1313/5175/1426 1305/5176/1426
f 1305/5177/1427 1313/5178/1427 1314/5179/1427 1306/5180/1427
f 1306/5181/1428 1314/5182/1428 1315/5183/1428 1307/5184/1428
f 1307/5185/1429 1315/5186/1429 1316/5187/1429 1308/5188/1429
f 1308/5189/1430 1316/5190/1430 1317/5191/1430 1309/5192/1430
f 1309/5193/1431 1317/5194/1431 1318/5195/1431 1310/5196/1431
f 1310/5197/1432 1318/5198/1432 1311/5199/1432 1303/5200/1432
f 1311/5201/1433 1319/5202/1433 1320/5203/1433 1312/5204/1433
f 1312/5205/1434 1320/5206/1434 1321/5207/1434 1313/5208/1434
f 1313/5209/1435 1321/5210/1435 1322/5211/1435 1314/5212/1435
f 1314/5213/1436 1322/5214/1436 1323/5215/1436 1315/5216/1436
f 1315/5217/1437 1323/5218/1437 1324/5219/1437 1316/5220/1437
f 1316/5221/1438 1324/5222/1438 1325/5223/1438 1317/5224/1438
f 1317/5225/1439 1325/5226/1439 1326/5227/1439 1318/5228/1439
f 1318/5229/1440 1326/5230/1440 1319/5231/1440 1311/5232/1440
f 1327/5233/1441 1295/5234/1441 1296/5235/1441
f 1328/5236/1442 1320/5237/1442 1319/5238/1442
f 1327/5239/1443 1296/5240/1443 1297/5241/1443
f 1328/5242/1444 1321/5243/1444 1320/5244/1444
f 1327/5245/1445 1297/5246/1445 1298/5247/1445
f 1328/5248/1446 1322/5249/1446 1321/5250/1446
f 1327/5251/1447 1298/5252/1447 1299/5253/1447
f 1328/5254/1448 1323/5255/1448 1322/5256/1448
f 1327/5257/1449 1299/5258/1449 1300/5259/1449
f 1328/5260/1450 1324/5261/1450 1323/5262/1450
f 1327/5263/1451 1300/5264/1451 1301/5265/1451
f 1328/5266/1452 1325/5267/1452 1324/5268/1452
f 1327/5269/1453 1301/5270/1453 1302/5271/1453
f 1328/5272/1454 1326/5273/1454 1325/5274/1454
f 1327/5275/1455 1302/5276/1455 1295/5277/1455
f 1328/5278/1456 1319/5279/1456 1326/5280/1456
o upper_left_canopy_shoulder
usemtl transporter_titanium
f 1329/5281/1457 1337/5282/1457 1338/5283/1457 1330/5284/1457
f 1330/5285/1458 1338/5286/1458 1339/5287/1458 1331/5288/1458
f 1331/5289/1459 1339/5290/1459 1340/5291/1459 1332/5292/1459
f 1332/5293/1460 1340/5294/1460 1341/5295/1460 1333/5296/1460
f 1333/5297/1461 1341/5298/1461 1342/5299/1461 1334/5300/1461
f 1334/5301/1462 1342/5302/1462 1343/5303/1462 1335/5304/1462
f 1335/5305/1463 1343/5306/1463 1344/5307/1463 1336/5308/1463
f 1336/5309/1464 1344/5310/1464 1337/5311/1464 1329/5312/1464
f 1337/5313/1465 1345/5314/1465 1346/5315/1465 1338/5316/1465
f 1338/5317/1466 1346/5318/1466 1347/5319/1466 1339/5320/1466
f 1339/5321/1467 1347/5322/1467 1348/5323/1467 1340/5324/1467
f 1340/5325/1468 1348/5326/1468 1349/5327/1468 1341/5328/1468
f 1341/5329/1469 1349/5330/1469 1350/5331/1469 1342/5332/1469
f 1342/5333/1470 1350/5334/1470 1351/5335/1470 1343/5336/1470
f 1343/5337/1471 1351/5338/1471 1352/5339/1471 1344/5340/1471
f 1344/5341/1472 1352/5342/1472 1345/5343/1472 1337/5344/1472
f 1345/5345/1473 1353/5346/1473 1354/5347/1473 1346/5348/1473
f 1346/5349/1474 1354/5350/1474 1355/5351/1474 1347/5352/1474
f 1347/5353/1475 1355/5354/1475 1356/5355/1475 1348/5356/1475
f 1348/5357/1476 1356/5358/1476 1357/5359/1476 1349/5360/1476
f 1349/5361/1477 1357/5362/1477 1358/5363/1477 1350/5364/1477
f 1350/5365/1478 1358/5366/1478 1359/5367/1478 1351/5368/1478
f 1351/5369/1479 1359/5370/1479 1360/5371/1479 1352/5372/1479
f 1352/5373/1480 1360/5374/1480 1353/5375/1480 1345/5376/1480
f 1361/5377/1481 1329/5378/1481 1330/5379/1481
f 1362/5380/1482 1354/5381/1482 1353/5382/1482
f 1361/5383/1483 1330/5384/1483 1331/5385/1483
f 1362/5386/1484 1355/5387/1484 1354/5388/1484
f 1361/5389/1485 1331/5390/1485 1332/5391/1485
f 1362/5392/1486 1356/5393/1486 1355/5394/1486
f 1361/5395/1487 1332/5396/1487 1333/5397/1487
f 1362/5398/1488 1357/5399/1488 1356/5400/1488
f 1361/5401/1489 1333/5402/1489 1334/5403/1489
f 1362/5404/1490 1358/5405/1490 1357/5406/1490
f 1361/5407/1491 1334/5408/1491 1335/5409/1491
f 1362/5410/1492 1359/5411/1492 1358/5412/1492
f 1361/5413/1493 1335/5414/1493 1336/5415/1493
f 1362/5416/1494 1360/5417/1494 1359/5418/1494
f 1361/5419/1495 1336/5420/1495 1329/5421/1495
f 1362/5422/1496 1353/5423/1496 1360/5424/1496
o upper_rear_bridge
usemtl transporter_warm
f 1363/5425/1497 1371/5426/1497 1372/5427/1497 1364/5428/1497
f 1364/5429/1498 1372/5430/1498 1373/5431/1498 1365/5432/1498
f 1365/5433/1499 1373/5434/1499 1374/5435/1499 1366/5436/1499
f 1366/5437/1500 1374/5438/1500 1375/5439/1500 1367/5440/1500
f 1367/5441/1501 1375/5442/1501 1376/5443/1501 1368/5444/1501
f 1368/5445/1502 1376/5446/1502 1377/5447/1502 1369/5448/1502
f 1369/5449/1503 1377/5450/1503 1378/5451/1503 1370/5452/1503
f 1370/5453/1504 1378/5454/1504 1371/5455/1504 1363/5456/1504
f 1371/5457/1505 1379/5458/1505 1380/5459/1505 1372/5460/1505
f 1372/5461/1506 1380/5462/1506 1381/5463/1506 1373/5464/1506
f 1373/5465/1507 1381/5466/1507 1382/5467/1507 1374/5468/1507
f 1374/5469/1508 1382/5470/1508 1383/5471/1508 1375/5472/1508
f 1375/5473/1509 1383/5474/1509 1384/5475/1509 1376/5476/1509
f 1376/5477/1510 1384/5478/1510 1385/5479/1510 1377/5480/1510
f 1377/5481/1511 1385/5482/1511 1386/5483/1511 1378/5484/1511
f 1378/5485/1512 1386/5486/1512 1379/5487/1512 1371/5488/1512
f 1379/5489/1513 1387/5490/1513 1388/5491/1513 1380/5492/1513
f 1380/5493/1514 1388/5494/1514 1389/5495/1514 1381/5496/1514
f 1381/5497/1515 1389/5498/1515 1390/5499/1515 1382/5500/1515
f 1382/5501/1516 1390/5502/1516 1391/5503/1516 1383/5504/1516
f 1383/5505/1517 1391/5506/1517 1392/5507/1517 1384/5508/1517
f 1384/5509/1518 1392/5510/1518 1393/5511/1518 1385/5512/1518
f 1385/5513/1519 1393/5514/1519 1394/5515/1519 1386/5516/1519
f 1386/5517/1520 1394/5518/1520 1387/5519/1520 1379/5520/1520
f 1395/5521/1521 1363/5522/1521 1364/5523/1521
f 1396/5524/1522 1388/5525/1522 1387/5526/1522
f 1395/5527/1523 1364/5528/1523 1365/5529/1523
f 1396/5530/1524 1389/5531/1524 1388/5532/1524
f 1395/5533/1525 1365/5534/1525 1366/5535/1525
f 1396/5536/1526 1390/5537/1526 1389/5538/1526
f 1395/5539/1527 1366/5540/1527 1367/5541/1527
f 1396/5542/1528 1391/5543/1528 1390/5544/1528
f 1395/5545/1529 1367/5546/1529 1368/5547/1529
f 1396/5548/1530 1392/5549/1530 1391/5550/1530
f 1395/5551/1531 1368/5552/1531 1369/5553/1531
f 1396/5554/1532 1393/5555/1532 1392/5556/1532
f 1395/5557/1533 1369/5558/1533 1370/5559/1533
f 1396/5560/1534 1394/5561/1534 1393/5562/1534
f 1395/5563/1535 1370/5564/1535 1363/5565/1535
f 1396/5566/1536 1387/5567/1536 1394/5568/1536
o upper_right_canopy_shoulder
usemtl transporter_titanium
f 1397/5569/1537 1405/5570/1537 1406/5571/1537 1398/5572/1537
f 1398/5573/1538 1406/5574/1538 1407/5575/1538 1399/5576/1538
f 1399/5577/1539 1407/5578/1539 1408/5579/1539 1400/5580/1539
f 1400/5581/1540 1408/5582/1540 1409/5583/1540 1401/5584/1540
f 1401/5585/1541 1409/5586/1541 1410/5587/1541 1402/5588/1541
f 1402/5589/1542 1410/5590/1542 1411/5591/1542 1403/5592/1542
f 1403/5593/1543 1411/5594/1543 1412/5595/1543 1404/5596/1543
f 1404/5597/1544 1412/5598/1544 1405/5599/1544 1397/5600/1544
f 1405/5601/1545 1413/5602/1545 1414/5603/1545 1406/5604/1545
f 1406/5605/1546 1414/5606/1546 1415/5607/1546 1407/5608/1546
f 1407/5609/1547 1415/5610/1547 1416/5611/1547 1408/5612/1547
f 1408/5613/1548 1416/5614/1548 1417/5615/1548 1409/5616/1548
f 1409/5617/1549 1417/5618/1549 1418/5619/1549 1410/5620/1549
f 1410/5621/1550 1418/5622/1550 1419/5623/1550 1411/5624/1550
f 1411/5625/1551 1419/5626/1551 1420/5627/1551 1412/5628/1551
f 1412/5629/1552 1420/5630/1552 1413/5631/1552 1405/5632/1552
f 1413/5633/1553 1421/5634/1553 1422/5635/1553 1414/5636/1553
f 1414/5637/1554 1422/5638/1554 1423/5639/1554 1415/5640/1554
f 1415/5641/1555 1423/5642/1555 1424/5643/1555 1416/5644/1555
f 1416/5645/1556 1424/5646/1556 1425/5647/1556 1417/5648/1556
f 1417/5649/1557 1425/5650/1557 1426/5651/1557 1418/5652/1557
f 1418/5653/1558 1426/5654/1558 1427/5655/1558 1419/5656/1558
f 1419/5657/1559 1427/5658/1559 1428/5659/1559 1420/5660/1559
f 1420/5661/1560 1428/5662/1560 1421/5663/1560 1413/5664/1560
f 1429/5665/1561 1397/5666/1561 1398/5667/1561
f 1430/5668/1562 1422/5669/1562 1421/5670/1562
f 1429/5671/1563 1398/5672/1563 1399/5673/1563
f 1430/5674/1564 1423/5675/1564 1422/5676/1564
f 1429/5677/1565 1399/5678/1565 1400/5679/1565
f 1430/5680/1566 1424/5681/1566 1423/5682/1566
f 1429/5683/1567 1400/5684/1567 1401/5685/1567
f 1430/5686/1568 1425/5687/1568 1424/5688/1568
f 1429/5689/1569 1401/5690/1569 1402/5691/1569
f 1430/5692/1570 1426/5693/1570 1425/5694/1570
f 1429/5695/1571 1402/5696/1571 1403/5697/1571
f 1430/5698/1572 1427/5699/1572 1426/5700/1572
f 1429/5701/1573 1403/5702/1573 1404/5703/1573
f 1430/5704/1574 1428/5705/1574 1427/5706/1574
f 1429/5707/1575 1404/5708/1575 1397/5709/1575
f 1430/5710/1576 1421/5711/1576 1428/5712/1576
